Date,Open,High,Low,Close,Volume,Dividends,Stock Splits
2000-01-03 00:00:00-05:00,15.997957806950726,15.997957806950726,15.380860453407504,15.578797340393066,4387600,0.0,0.0
2000-01-04 00:00:00-05:00,15.450720531167114,15.671944110739213,15.369217107114235,15.578797340393066,3702400,0.0,0.0
2000-01-05 00:00:00-05:00,15.474014292729583,16.12604198301766,15.474014292729583,15.858244895935059,5567600,0.0,0.0
2000-01-06 00:00:00-05:00,15.893169940357478,16.615057512740016,15.893169940357478,16.533554077148438,4353400,0.0,0.0
2000-01-07 00:00:00-05:00,16.76641782344831,16.929424663398503,16.580124292076665,16.824634552001953,4487400,0.0,0.0
2000-01-10 00:00:00-05:00,16.77806545219584,16.77806545219584,16.335618202242028,16.370548248291016,2104800,0.0,0.0
2000-01-11 00:00:00-05:00,16.370542634414925,16.556836149458054,16.19589246406199,16.219179153442383,2791200,0.0,0.0
2000-01-12 00:00:00-05:00,16.21918552684509,16.323975670234613,15.997961890800541,16.160968780517578,2992600,0.0,0.0
2000-01-13 00:00:00-05:00,16.114389565227544,16.626696747937093,16.04452949485806,16.312326431274414,3253400,0.0,0.0
2000-01-14 00:00:00-05:00,15.986316898773458,16.289043948568146,15.93974350649735,16.20754051208496,3673000,0.0,0.0
2000-01-18 00:00:00-05:00,16.300686728795814,16.67327385402543,16.195896599824984,16.638343811035156,4317400,0.0,0.0
2000-01-19 00:00:00-05:00,16.580127621171485,16.580127621171485,16.347260660199975,16.382190704345703,5027000,0.0,0.0
2000-01-20 00:00:00-05:00,16.428760777882168,16.428760777882168,16.172607172557285,16.300683975219727,3419800,0.0,0.0
2000-01-21 00:00:00-05:00,16.370540398144772,16.74312737733441,16.358897055045095,16.49861717224121,3947800,0.0,0.0
2000-01-24 00:00:00-05:00,16.673275275770667,16.83628215695837,16.382191559364056,16.545198440551758,3536600,0.0,0.0
2000-01-25 00:00:00-05:00,16.545190544639915,16.859560808331175,16.323967025746068,16.49861717224121,3854600,0.0,0.0
2000-01-26 00:00:00-05:00,16.626695975279194,16.719842731443226,16.114388816377037,16.34725570678711,2681000,0.0,0.0
2000-01-27 00:00:00-05:00,16.26575055627844,16.32396727265739,15.56714995973105,15.706870079040527,3550800,0.0,0.0
2000-01-28 00:00:00-05:00,15.56715000695482,15.590436693577042,15.252779737554835,15.38085651397705,4066000,0.0,0.0
2000-01-31 00:00:00-05:00,15.287713683061357,15.637014071859408,15.043203410902722,15.578797340393066,3660600,0.0,0.0
2000-02-01 00:00:00-05:00,15.53222733346436,15.730164263501013,15.369220449904764,15.497297286987305,2611600,0.0,0.0
2000-02-02 00:00:00-05:00,15.404146130254517,15.637013040764788,15.357572748152462,15.392502784729004,3418800,0.0,0.0
2000-02-03 00:00:00-05:00,15.299358637261555,15.369218722363206,15.019918296854952,15.171281814575195,3512800,0.0,0.0
2000-02-04 00:00:00-05:00,15.136352757565446,15.136352757565446,14.60075873691313,14.635688781738281,4224200,0.0,0.0
2000-02-07 00:00:00-05:00,14.74048418037505,14.903491114439229,14.612407303610338,14.728840827941895,3135600,0.0,0.0
2000-02-08 00:00:00-05:00,14.926771261362866,15.031561387222668,14.58911418914795,14.58911418914795,3567400,0.0,0.0
2000-02-09 00:00:00-05:00,14.61240141391754,14.658974804878234,13.960373940467834,13.972017288208008,4802400,0.0,0.0
2000-02-10 00:00:00-05:00,14.07679886658857,14.426099086603175,13.948722119249881,14.30966567993164,3832600,0.0,0.0
2000-02-11 00:00:00-05:00,14.41446047376942,14.461033851713749,13.44806288142462,13.785719871520996,5019800,0.0,0.0
2000-02-14 00:00:00-05:00,13.820649708256088,14.0535165946631,13.715859609372933,13.750789642333984,5039800,0.0,0.0
2000-02-15 00:00:00-05:00,13.867227708139728,14.472681814624417,13.867227708139728,14.437751770019531,6143400,0.0,0.0
2000-02-16 00:00:00-05:00,14.606831362927295,14.829926054161715,14.524638581946192,14.618573188781738,4749200,0.325,0.0
2000-02-17 00:00:00-05:00,14.677281548355937,14.689023373594623,14.383735917388819,14.606830596923828,3735800,0.0,0.0
2000-02-18 00:00:00-05:00,14.559867082803928,14.606834395974262,14.242837718904164,14.313288688659668,3570400,0.0,0.0
2000-02-22 00:00:00-05:00,14.101939179304708,14.313292139527425,13.94929537469941,14.21935749053955,3526400,0.0,0.0
2000-02-23 00:00:00-05:00,14.09019235864841,14.10193418561395,13.6792284148545,13.761421203613281,3770000,0.0,0.0
2000-02-24 00:00:00-05:00,13.773160819306462,13.820128119628052,13.409164241814134,13.420906066894531,5415600,0.0,0.0
2000-02-25 00:00:00-05:00,13.526577831258246,13.667479683667187,13.13909773713366,13.35045051574707,6453400,0.0,0.0
2000-02-28 00:00:00-05:00,13.350465297299278,14.078459007442246,13.315239795195586,14.008008003234863,5097800,0.0,0.0
2000-02-29 00:00:00-05:00,14.00799999556282,14.172385578075712,13.796647103760531,14.03148365020752,4296600,0.0,0.0
2000-03-01 00:00:00-05:00,14.007999253827473,14.20761030773784,13.64400262610857,14.13715934753418,4633400,0.0,0.0
2000-03-02 00:00:00-05:00,14.16064833492213,14.548128761997113,14.078455517057739,14.21935749053955,4050400,0.0,0.0
2000-03-03 00:00:00-05:00,14.008008003234863,14.160651845684194,13.820138658681838,14.008008003234863,4637600,0.0,0.0
2000-03-06 00:00:00-05:00,13.984511718556687,14.043220835763055,13.843609837261406,13.902318954467773,2814400,0.0,0.0
2000-03-07 00:00:00-05:00,14.007999968381576,15.405277417029865,13.996258141082011,15.217408180236816,5600000,0.0,0.0
2000-03-08 00:00:00-05:00,15.053024296403942,15.851468642859064,14.982573324657901,15.229151725769043,7262800,0.0,0.0
2000-03-09 00:00:00-05:00,15.088252552278766,15.78102056829779,14.982576075258915,15.640118598937988,4307200,0.0,0.0
2000-03-10 00:00:00-05:00,15.698815150728121,15.933651577814556,14.92385494134289,15.099982261657715,5384600,0.0,0.0
2000-03-13 00:00:00-05:00,15.20566709543824,15.734049349719879,14.98257236585266,14.994314193725586,4170800,0.0,0.0
2000-03-14 00:00:00-05:00,15.029533466782146,15.616624617828323,14.900373413551987,15.569657325744629,4209400,0.0,0.0
2000-03-15 00:00:00-05:00,15.569656106490124,15.781008904315781,15.19391779924451,15.769267082214355,3756200,0.0,0.0
2000-03-16 00:00:00-05:00,15.628363728346123,16.34461480830789,15.346560024754607,15.80449104309082,5194400,0.0,0.0
2000-03-17 00:00:00-05:00,15.769283347619895,15.781025181832568,15.463995658090397,15.651865005493164,4251000,0.0,0.0
2000-03-20 00:00:00-05:00,15.698821997049615,15.792756608849462,15.346567202800184,15.581403732299805,2280400,0.0,0.0
2000-03-21 00:00:00-05:00,15.593142176783362,16.250684316768204,15.593142176783362,16.156749725341797,3546000,0.0,0.0
2000-03-22 00:00:00-05:00,15.874948092869351,16.109784603118896,15.487467850957598,15.781013488769531,2794200,0.0,0.0
2000-03-23 00:00:00-05:00,15.593143378614146,16.121525496112366,15.45224148061462,15.898430824279785,4197800,0.0,0.0
2000-03-24 00:00:00-05:00,15.921920013427735,16.145014762878418,15.921920013427735,16.086305618286133,2815200,0.0,0.0
2000-03-27 00:00:00-05:00,15.816241084604199,16.133270415921434,15.487469926201143,15.88669204711914,3774200,0.0,0.0
2000-03-28 00:00:00-05:00,15.69882188384066,16.10978580750141,15.640112751889124,15.94540023803711,3260800,0.0,0.0
2000-03-29 00:00:00-05:00,15.933655261993406,16.720357474634202,15.910171613854876,16.626422882080078,5306200,0.0,0.0
2000-03-30 00:00:00-05:00,16.755588943998692,17.330938529321703,16.732105287454896,17.319196701049805,7823200,0.0,0.0
2000-03-31 00:00:00-05:00,17.330930156591698,17.706668479769835,17.260479220995794,17.36615562438965,6282000,0.0,0.0
2000-04-03 00:00:00-04:00,17.401383376073092,17.612736210600296,17.19003054154589,17.342674255371094,3577200,0.0,0.0
2000-04-04 00:00:00-04:00,17.389645286459185,17.51880537974146,16.790812126695904,16.873004913330078,7643400,0.0,0.0
2000-04-05 00:00:00-04:00,16.837776808057512,17.037387830189296,16.415071114131383,16.438554763793945,2959200,0.0,0.0
2000-04-06 00:00:00-04:00,16.532494551014583,16.873007577988602,16.40333443733478,16.708621978759766,2299000,0.0,0.0
2000-04-07 00:00:00-04:00,16.708625887238455,16.708625887238455,16.215468974192767,16.23895263671875,2876000,0.0,0.0
2000-04-10 00:00:00-04:00,16.0510769125856,16.42681536262418,15.992367779767072,16.168495178222656,2417600,0.0,0.0
2000-04-11 00:00:00-04:00,16.26243696152282,16.81430305335789,16.26243696152282,16.661659240722656,3443400,0.0,0.0
2000-04-12 00:00:00-04:00,16.779076586948353,16.99042954605617,16.61469095208672,16.720367431640625,2795400,0.0,0.0
2000-04-13 00:00:00-04:00,16.708618453387132,16.708618453387132,16.3328800201416,16.3328800201416,5013200,0.0,0.0
2000-04-14 00:00:00-04:00,16.344610168323477,16.356351985973134,16.051064727082036,16.098031997680664,3769400,0.0,0.0
2000-04-17 00:00:00-04:00,15.968884005974179,16.09804409719897,15.463985467549994,15.581403732299805,3983000,0.0,0.0
2000-04-18 00:00:00-04:00,15.54617906163026,15.95714300963408,15.463986272029496,15.88669204711914,3010400,0.0,0.0
2000-04-19 00:00:00-04:00,15.83972702124829,16.180240055804408,15.769276048581508,15.921919822692871,3027000,0.0,0.0
2000-04-20 00:00:00-04:00,15.616624930213966,16.215457916259766,15.616624930213966,16.215457916259766,2225200,0.0,0.0
2000-04-24 00:00:00-04:00,16.02759380144807,16.403332264192642,15.957142839683465,16.015851974487305,2998400,0.0,0.0
2000-04-25 00:00:00-04:00,16.039331198617123,16.191974906949497,15.79275290054175,15.93365478515625,3206000,0.0,0.0
2000-04-26 00:00:00-04:00,16.191974269748165,16.262425209282966,16.051072390678566,16.215457916259766,2055600,0.0,0.0
2000-04-27 00:00:00-04:00,16.215459221074944,16.720357661702188,16.215459221074944,16.614681243896484,2895600,0.0,0.0
2000-04-28 00:00:00-04:00,16.42681728550691,16.614686532517712,15.992369651794434,15.992369651794434,2810200,0.0,0.0
2000-05-01 00:00:00-04:00,16.062814213934367,16.626421730212765,16.062814213934367,16.215457916259766,2961200,0.0,0.0
2000-05-02 00:00:00-04:00,16.379851527444295,16.896492005729275,16.368109698392363,16.77907371520996,3557800,0.0,0.0
2000-05-03 00:00:00-04:00,16.80255386090398,16.80255386090398,16.403331756591797,16.403331756591797,2793800,0.0,0.0
2000-05-04 00:00:00-04:00,16.450305338458932,16.743851115376472,16.450305338458932,16.602949142456055,1928200,0.0,0.0
2000-05-05 00:00:00-04:00,16.64991303383483,17.049135208129883,16.544236575933198,17.049135208129883,2409600,0.0,0.0
2000-05-08 00:00:00-04:00,17.107839248065158,17.460094002658124,17.049130122299662,17.248741149902344,3292000,0.0,0.0
2000-05-09 00:00:00-04:00,17.225264575709584,17.23700640568621,16.696882226761435,16.931718826293945,1992000,0.0,0.0
2000-05-10 00:00:00-04:00,16.8025601857958,17.260491595471578,16.8025601857958,17.072622299194336,2675600,0.0,0.0
2000-05-11 00:00:00-04:00,17.072620361205562,17.554035378268445,17.072620361205562,17.542293548583984,3395000,0.0,0.0
2000-05-12 00:00:00-04:00,17.47183983144991,17.71841821616795,17.40138886438761,17.712547302246094,3320400,0.0,0.0
2000-05-15 00:00:00-04:00,17.62448063809821,17.800608026220445,17.554029682849315,17.659706115722656,3337600,0.0,0.0
2000-05-16 00:00:00-04:00,17.659701626334485,17.659701626334485,17.295705116749133,17.46009063720703,3079800,0.0,0.0
2000-05-17 00:00:00-04:00,17.169206435185927,17.346574270260163,17.039136689464822,17.27562713623047,3003200,0.325,0.0
2000-05-18 00:00:00-04:00,17.322939035817058,17.41753528993756,17.098272932280864,17.192869186401367,1768400,0.0,0.0
2000-05-19 00:00:00-04:00,17.216499752752426,17.772252148617376,17.157377157447645,17.654006958007812,2767800,0.0,0.0
2000-05-22 00:00:00-04:00,17.748615586797264,17.949632552137405,17.654019367813667,17.795913696289062,3359600,0.0,0.0
2000-05-23 00:00:00-04:00,17.724968355398715,17.724968355398715,17.322934383361652,17.642196655273438,2436200,0.0,0.0
2000-05-24 00:00:00-04:00,17.66584696883548,17.86686396915021,17.5476016745327,17.831390380859375,3430600,0.0,0.0
2000-05-25 00:00:00-04:00,17.760442822032292,17.760442822032292,17.299286184176594,17.630373001098633,2944800,0.0,0.0
2000-05-26 00:00:00-04:00,17.74861888781129,17.784092476527768,17.240164116208433,17.28746223449707,2299800,0.0,0.0
2000-05-30 00:00:00-04:00,17.299276180907032,17.346574270260163,17.13373286817108,17.27562713623047,2054400,0.0,0.0
2000-05-31 00:00:00-04:00,17.370224843724827,17.677662451578364,17.322926750208897,17.48847007751465,2577800,0.0,0.0
2000-06-01 00:00:00-04:00,17.48846713527218,17.48846713527218,16.920890108569637,17.216503143310547,2455200,0.0,0.0
2000-06-02 00:00:00-04:00,17.02731872937694,17.133739471435547,16.802652718364328,17.133739471435547,4548400,0.0,0.0
2000-06-05 00:00:00-04:00,17.169214803594183,17.263811028407375,17.074618578780992,17.110092163085938,2703200,0.0,0.0
2000-06-06 00:00:00-04:00,17.12191321679753,17.630367821992486,17.110088691095324,17.571245193481445,2582000,0.0,0.0
2000-06-07 00:00:00-04:00,17.76043887519062,17.772263401738684,17.346580446008414,17.47665023803711,3026200,0.0,0.0
2000-06-08 00:00:00-04:00,17.48847786531828,17.594898623119406,17.370232578872585,17.512126922607422,2089800,0.0,0.0
2000-06-09 00:00:00-04:00,17.5949007946512,17.630374384962995,17.311112072156824,17.40570831298828,3247800,0.0,0.0
2000-06-12 00:00:00-04:00,17.559420667779236,17.87868286173886,17.54759614207703,17.571245193481445,4403400,0.0,0.0
2000-06-13 00:00:00-04:00,17.405702263522862,17.464824893494068,17.299281529574692,17.3584041595459,3726600,0.0,0.0
2000-06-14 00:00:00-04:00,17.417530612076256,17.86686269847062,17.417530612076256,17.642196655273438,4136000,0.0,0.0
2000-06-15 00:00:00-04:00,17.60672862929786,17.772272081823157,17.40571157980285,17.618553161621094,2941800,0.0,0.0
2000-06-16 00:00:00-04:00,17.523945021822126,17.914154323927477,17.523945021822126,17.54759407043457,4890200,0.0,0.0
2000-06-19 00:00:00-04:00,17.654022651234012,17.67767171037833,17.11009429091468,17.28746223449707,3055400,0.0,0.0
2000-06-20 00:00:00-04:00,17.287456945699336,17.287456945699336,16.968194744923768,17.074615478515625,3538800,0.0,0.0
2000-06-21 00:00:00-04:00,17.050964209176644,17.38205089284998,16.932718965007595,17.266761779785156,3511400,0.0,0.0
2000-06-22 00:00:00-04:00,17.370234547340196,17.51212890715509,16.909077877941783,16.944551467895508,2522800,0.0,0.0
2000-06-23 00:00:00-04:00,16.944548845955257,17.121916768278584,16.92089978964548,16.980022430419922,2062600,0.0,0.0
2000-06-26 00:00:00-04:00,16.96819056883562,17.12190936841392,16.778998200123866,16.787866592407227,2193200,0.0,0.0
2000-06-27 00:00:00-04:00,16.81447256243271,16.81447256243271,16.696227326409975,16.731700897216797,3088800,0.0,0.0
2000-06-28 00:00:00-04:00,16.696230243339166,16.719879294675337,16.471564255645507,16.569116592407227,2898200,0.0,0.0
2000-06-29 00:00:00-04:00,16.436086573828653,16.637103459983393,16.365139437538748,16.39174461364746,2383200,0.0,0.0
2000-06-30 00:00:00-04:00,16.388790566339683,16.483386760084787,15.998581267141118,16.045879364013672,5210600,0.0,0.0
2000-07-03 00:00:00-04:00,16.081350395561977,16.388787976653603,16.057701350862622,16.255762100219727,1704400,0.0,0.0
2000-07-05 00:00:00-04:00,16.093183120091755,16.093183120091755,15.525605758031208,15.608377456665039,4520200,0.0,0.0
2000-07-06 00:00:00-04:00,15.667500492344173,16.152306167956333,15.667500492344173,15.809394836425781,3421600,0.0,0.0
2000-07-07 00:00:00-04:00,15.892159637161502,16.116825584413043,15.844861543003283,15.883291244506836,2845600,0.0,0.0
2000-07-10 00:00:00-04:00,15.903985894152095,16.11682734106268,15.892161369323729,15.89216136932373,1892200,0.0,0.0
2000-07-11 00:00:00-04:00,15.915809661492535,16.56615849610033,15.915809661492535,16.45973777770996,2678800,0.0,0.0
2000-07-12 00:00:00-04:00,16.47156122386097,16.47156122386097,16.208465576171875,16.208465576171875,3279400,0.0,0.0
2000-07-13 00:00:00-04:00,16.235070819808588,16.2587198668877,15.750265354686846,15.883291244506836,3753200,0.0,0.0
2000-07-14 00:00:00-04:00,15.833046037047657,15.844870567321777,15.643853552661724,15.844870567321777,2709000,0.0,0.0
2000-07-17 00:00:00-04:00,15.892157396551926,15.986753571531402,15.632017915358368,15.640886306762695,2861800,0.0,0.0
2000-07-18 00:00:00-04:00,15.525606318610683,15.785745952281234,15.312764800152957,15.407361030578613,3793600,0.0,0.0
2000-07-19 00:00:00-04:00,15.490132411139143,15.561079582487872,15.442834296906659,15.501956939697266,2491800,0.0,0.0
2000-07-20 00:00:00-04:00,15.513780903816224,15.513780903816224,15.135396003723145,15.135396003723145,2726600,0.0,0.0
2000-07-21 00:00:00-04:00,15.135394053854,15.182692160272294,14.851605415344238,14.851605415344238,3367000,0.0,0.0
2000-07-24 00:00:00-04:00,14.887088176314395,14.934386311902369,14.626948430580546,14.638772964477539,4472000,0.0,0.0
2000-07-25 00:00:00-04:00,14.757006682979549,14.78065573215099,14.544165240436575,14.626936912536621,4068600,0.0,0.0
2000-07-26 00:00:00-04:00,14.851602879665315,14.946199076351082,14.626936912536621,14.626936912536621,5404200,0.0,0.0
2000-07-27 00:00:00-04:00,14.757005822612511,15.348232017428717,14.745181298716187,15.312758445739746,4901800,0.0,0.0
2000-07-28 00:00:00-04:00,15.371881780500487,15.584723220538187,15.182689389355867,15.244768142700195,2873200,0.0,0.0
2000-07-31 00:00:00-04:00,15.13539831386004,15.478309681908431,14.887083185273275,14.943249702453613,3118600,0.0,0.0
2000-08-01 00:00:00-04:00,14.851603053073308,15.17086522061549,14.851603053073308,14.922550201416016,2891600,0.0,0.0
2000-08-02 00:00:00-04:00,15.017150484591419,15.182693875760142,15.017150484591419,15.099922180175781,3739200,0.0,0.0
2000-08-03 00:00:00-04:00,15.18269411623478,15.324588453769683,14.922554497420789,15.135396003723145,3113800,0.0,0.0
2000-08-04 00:00:00-04:00,14.88707935347528,15.182692525704732,14.686062396359251,15.008280754089355,3283000,0.0,0.0
2000-08-07 00:00:00-04:00,15.076272600733414,15.431008426633024,15.064448073203428,15.268421173095703,2206600,0.0,0.0
2000-08-08 00:00:00-04:00,15.135398121536554,15.27729247892596,15.076275472624301,15.203389167785645,2108200,0.0,0.0
2000-08-09 00:00:00-04:00,15.419184649752886,15.750271436710769,15.336412953013415,15.626113891601562,4060600,0.0,0.0
2000-08-10 00:00:00-04:00,15.632027296302216,15.951289578450597,15.632027296302216,15.868517875671387,2548800,0.0,0.0
2000-08-11 00:00:00-04:00,15.856687794838631,15.998582092779023,15.726618021726607,15.89216136932373,3094600,0.0,0.0
2000-08-14 00:00:00-04:00,15.750268503824872,16.022232599611637,15.750268503824872,15.963109970092773,2507600,0.0,0.0
2000-08-15 00:00:00-04:00,15.986758826021664,16.128653135128364,15.797566413879395,15.797566413879395,2118000,0.0,0.0
2000-08-16 00:00:00-04:00,15.945335928058466,16.32668925369215,15.945335928058466,16.293916702270508,3550000,0.325,0.0
2000-08-17 00:00:00-04:00,16.290941907000796,16.731881812310988,16.23135543331023,16.62462615966797,3080200,0.0,0.0
2000-08-18 00:00:00-04:00,16.33861061204272,16.565039205499186,16.33861061204272,16.404155731201172,3106800,0.0,0.0
2000-08-21 00:00:00-04:00,16.43394311910404,16.62461976153019,16.30285292743606,16.54119873046875,1498800,0.0,0.0
2000-08-22 00:00:00-04:00,16.58887973801914,16.719970023305212,16.445872154070702,16.517375946044922,1903600,0.0,0.0
2000-08-23 00:00:00-04:00,16.70804805997052,17.10131880603259,16.624626992624016,16.946393966674805,4678000,0.0,0.0
2000-08-24 00:00:00-04:00,16.517367658276243,16.576954121689937,16.374360146083376,16.43394660949707,3075600,0.0,0.0
2000-08-25 00:00:00-04:00,16.505457912417626,16.684217384393268,16.338615738573694,16.565044403076172,2516400,0.0,0.0
2000-08-28 00:00:00-04:00,16.422030974771374,16.791467085234302,16.374361799227774,16.576955795288086,1837600,0.0,0.0
2000-08-29 00:00:00-04:00,16.56504122323768,16.66037958999013,16.38628178557684,16.3981990814209,1724400,0.0,0.0
2000-08-30 00:00:00-04:00,16.36245172597606,16.386286324265903,16.19560953794717,16.228382110595703,1886400,0.0,0.0
2000-08-31 00:00:00-04:00,16.326699675639162,16.38628617080573,16.0883536949729,16.11516761779785,2609800,0.0,0.0
2000-09-01 00:00:00-04:00,16.147944957726178,16.505464034281005,16.147944957726178,16.296911239624023,3277000,0.0,0.0
2000-09-05 00:00:00-04:00,16.45778191167658,16.624624016501688,16.290939806851473,16.38627815246582,1721600,0.0,0.0
2000-09-06 00:00:00-04:00,16.505463667795166,16.910651945560534,16.505463667795166,16.803396224975586,2794000,0.0,0.0
2000-09-07 00:00:00-04:00,17.065562772649617,17.065562772649617,16.81529963143059,16.839134216308594,3450000,0.0,0.0
2000-09-08 00:00:00-04:00,16.660375654224705,16.767631291483664,16.44586437970679,16.529285430908203,2740600,0.0,0.0
2000-09-11 00:00:00-04:00,16.52928554836564,17.16090208337889,16.52928554836564,17.02981185913086,3479000,0.0,0.0
2000-09-12 00:00:00-04:00,16.946398703414282,17.06557169007683,16.76763922342046,16.886812210083008,3381400,0.0,0.0
2000-09-13 00:00:00-04:00,16.92255628125792,17.053646505971887,16.803383349699764,16.89872169494629,2504800,0.0,0.0
2000-09-14 00:00:00-04:00,16.898715076565637,16.898715076565637,16.648452018309023,16.699100494384766,1576600,0.0,0.0
2000-09-15 00:00:00-04:00,16.73189008558119,17.435010822795782,16.73189008558119,17.196664810180664,7437600,0.0,0.0
2000-09-18 00:00:00-04:00,17.327749903996786,17.601847736040753,17.160907745361328,17.160907745361328,5081800,0.0,0.0
2000-09-19 00:00:00-04:00,17.089400024089176,17.101317318387704,16.791467666625977,16.791467666625977,3819800,0.0,0.0
2000-09-20 00:00:00-04:00,17.04173790997472,17.280083894729614,16.529294042751705,16.58888053894043,7055000,0.0,0.0
2000-09-21 00:00:00-04:00,16.51736825796274,16.55312013730898,16.136014878269517,16.267105102539062,4706600,0.0,0.0
2000-09-22 00:00:00-04:00,16.23135629535075,16.481619498142503,15.957258501816927,16.06451416015625,4486600,0.0,0.0
2000-09-25 00:00:00-04:00,15.826172473948505,15.957262757994766,15.552074607306324,15.78744125366211,4483400,0.0,0.0
2000-09-26 00:00:00-04:00,15.96916894132896,16.17176287565925,15.838078748527005,15.885747909545898,4283400,0.0,0.0
2000-09-27 00:00:00-04:00,15.909589685134497,16.32669503268484,15.790416728691543,16.290943145751953,3351400,0.0,0.0
2000-09-28 00:00:00-04:00,16.29094309403925,16.38628145889098,16.01684529509053,16.043659210205078,3668200,0.0,0.0
2000-09-29 00:00:00-04:00,16.147939928116337,16.565045387514175,16.147939928116337,16.25519561767578,2704400,0.0,0.0
2000-10-02 00:00:00-04:00,16.433947086678018,16.696127533311024,16.37436062153415,16.529285430908203,2319400,0.0,0.0
2000-10-03 00:00:00-04:00,16.624630893734718,16.731886576920104,16.481623316154206,16.565044403076172,2425200,0.0,0.0
2000-10-04 00:00:00-04:00,16.68421577335546,16.69613307033643,16.112185518268987,16.171772003173828,2891000,0.0,0.0
2000-10-05 00:00:00-04:00,16.171773793404565,16.362450566208153,15.909593230799626,16.30286407470703,2979000,0.0,0.0
2000-10-06 00:00:00-04:00,16.302865498860676,16.624632581075033,15.981098416646322,16.088354110717773,2542400,0.0,0.0
2000-10-09 00:00:00-04:00,16.171770460383836,16.469702856485235,16.171770460383836,16.3981990814209,1701200,0.0,0.0
2000-10-10 00:00:00-04:00,16.493535917548723,16.77955099126344,16.33861108595325,16.62462615966797,3105800,0.0,0.0
2000-10-11 00:00:00-04:00,16.958315996552614,16.958315996552614,16.41012025808359,16.517375946044922,6095200,0.0,0.0
2000-10-12 00:00:00-04:00,16.517375825896977,16.886812081743155,16.50545852732129,16.648466110229492,8978800,0.0,0.0
2000-10-13 00:00:00-04:00,16.529288679626646,16.576957861110788,16.016844978672108,16.06451416015625,4028600,0.0,0.0
2000-10-16 00:00:00-04:00,15.254140714319743,15.647411529610798,14.968125575926246,15.635494232177734,17911000,0.0,0.0
2000-10-17 00:00:00-04:00,15.540155206510564,15.802335739135742,15.397147643260467,15.802335739135742,8662800,0.0,0.0
2000-10-18 00:00:00-04:00,15.897668475815744,15.897668475815744,15.587818865342573,15.730826377868652,4954600,0.0,0.0
2000-10-19 00:00:00-04:00,15.611655880487046,15.86191906635745,15.540152113095502,15.695076942443848,4096400,0.0,0.0
2000-10-20 00:00:00-04:00,15.695069977406705,15.969167630770679,15.68315268813001,15.909581184387207,5374800,0.0,0.0
2000-10-23 00:00:00-04:00,15.921500951751085,15.945335534014186,15.611651382330779,15.742741584777832,4619800,0.0,0.0
2000-10-24 00:00:00-04:00,15.909586492642806,15.909586492642806,15.63548874782574,15.683157920837402,5664000,0.0,0.0
2000-10-25 00:00:00-04:00,15.730824441266206,15.861914644943424,15.444809451425002,15.54014778137207,3913800,0.0,0.0
2000-10-26 00:00:00-04:00,15.826170991106732,15.850005585972857,15.599742339878548,15.635494232177734,5642400,0.0,0.0
2000-10-27 00:00:00-04:00,15.718909622815797,15.718909622815797,15.254135191208658,15.313721656799316,2643200,0.0,0.0
2000-10-30 00:00:00-05:00,15.134966026586559,15.611657869943615,15.134966026586559,15.56398868560791,3440000,0.0,0.0
2000-10-31 00:00:00-05:00,15.563984396250824,15.742743788244516,15.361390418657972,15.659322738647461,3298000,0.0,0.0
2000-11-01 00:00:00-05:00,15.778507045529924,16.04068767619583,15.74275514134821,15.790424346923828,3368200,0.0,0.0
2000-11-02 00:00:00-05:00,15.802331104041627,15.802331104041627,15.34947395324707,15.34947395324707,4447000,0.0,0.0
2000-11-03 00:00:00-05:00,15.48057975857278,15.623587423778995,15.313737482498862,15.456745147705078,4187800,0.0,0.0
2000-11-06 00:00:00-05:00,15.432892015357526,15.790410749304034,15.361388268568225,15.742741584777832,3492800,0.0,0.0
2000-11-07 00:00:00-05:00,15.742755481693823,15.909597704815484,15.540161353617522,15.647417068481445,3348800,0.0,0.0
2000-11-08 00:00:00-05:00,15.730833490210843,15.885758365493222,15.730833490210843,15.826171875,2349200,0.0,0.0
2000-11-09 00:00:00-05:00,15.897681236267092,16.040688863579838,15.778508213506468,15.89768123626709,2874400,0.0,0.0
2000-11-10 00:00:00-05:00,15.909585896076809,16.15984904500386,15.909585896076809,16.04067611694336,3871200,0.0,0.0
2000-11-13 00:00:00-05:00,16.219438432392323,16.267107612208317,15.75466392918637,15.85000228881836,2828400,0.0,0.0
2000-11-14 00:00:00-05:00,15.86192013884864,16.171769818495573,15.86192013884864,16.06451416015625,3050400,0.0,0.0
2000-11-15 00:00:00-05:00,16.20142563474063,16.3215251576075,16.057306207300385,16.129365921020508,2583600,0.325,0.0
2000-11-16 00:00:00-05:00,16.08133120046465,16.189420805247458,15.961231639594862,16.117361068725586,1992400,0.0,0.0
2000-11-17 00:00:00-05:00,15.997260278730252,16.10534987520816,15.901180637416555,16.093339920043945,2014400,0.0,0.0
2000-11-20 00:00:00-05:00,16.201428892721072,16.285498575633635,16.06931939100133,16.081329345703125,1881600,0.0,0.0
2000-11-21 00:00:00-05:00,16.093329569872687,16.41759815075818,16.02126988523147,16.333528518676758,2951000,0.0,0.0
2000-11-22 00:00:00-05:00,16.33354383790502,16.34555379660936,16.201434292157256,16.297513961791992,2481000,0.0,0.0
2000-11-24 00:00:00-05:00,16.321525074624414,16.321525074624414,16.141375791240037,16.201425552368164,1067000,0.0,0.0
2000-11-27 00:00:00-05:00,16.357560546830054,16.357560546830054,16.14138133255477,16.309520721435547,2285800,0.0,0.0
2000-11-28 00:00:00-05:00,16.477656031731524,16.525695845235113,16.34554654459665,16.489665985107422,5185400,0.0,0.0
2000-11-29 00:00:00-05:00,16.489663576970905,16.513683480214855,15.769066479652441,15.781076431274414,5351400,0.0,0.0
2000-11-30 00:00:00-05:00,15.88916636969297,15.96122608112015,15.468818053034427,15.733036994934082,4079800,0.0,0.0
2000-12-01 00:00:00-05:00,15.841131159830022,15.949220758342888,15.721031605926838,15.877161026000977,3436000,0.0,0.0
2000-12-04 00:00:00-05:00,15.829120157712913,16.10534911342414,15.805100248520633,15.949219703674316,3926200,0.0,0.0
2000-12-05 00:00:00-05:00,16.23745630204541,16.23745630204541,15.697008422169638,15.721028327941895,3139800,0.0,0.0
2000-12-06 00:00:00-05:00,15.757056550209565,15.805096356765084,15.38474804940431,15.468817710876465,3853000,0.0,0.0
2000-12-07 00:00:00-05:00,15.576919691586662,15.72103922612717,15.48084000189299,15.504859924316406,2632600,0.0,0.0
2000-12-08 00:00:00-05:00,15.432788315962865,15.67298735590003,15.25263903600999,15.624947547912598,3028000,0.0,0.0
2000-12-11 00:00:00-05:00,15.636954603019667,15.793083950054426,15.480825255984909,15.660974502563477,4312000,0.0,0.0
2000-12-12 00:00:00-05:00,15.781078092372535,15.841127856803178,15.672988516397382,15.721028327941895,2651000,0.0,0.0
2000-12-13 00:00:00-05:00,15.67298526459552,15.913184272482042,15.67298526459552,15.805094718933105,3157200,0.0,0.0
2000-12-14 00:00:00-05:00,15.660977902619734,15.697007759757664,15.096510140792184,15.19258975982666,4928400,0.0,0.0
2000-12-15 00:00:00-05:00,15.324701687017567,15.444801230019273,15.036462783813477,15.036462783813477,8036200,0.0,0.0
2000-12-18 00:00:00-05:00,15.156558606646747,15.660976563444816,15.120528752589742,15.516857147216797,5606400,0.0,0.0
2000-12-19 00:00:00-05:00,15.480842710184701,15.841141609568364,15.480842710184701,15.576922416687012,4275200,0.0,0.0
2000-12-20 00:00:00-05:00,15.384748490018199,15.396758442001039,15.024449930532993,15.072489738464355,4622200,0.0,0.0
2000-12-21 00:00:00-05:00,15.216615278374826,15.252645148805074,15.024455969413502,15.06048583984375,4231600,0.0,0.0
2000-12-22 00:00:00-05:00,15.168570139241773,15.516858764766724,15.072490518407305,15.492838859558105,3058600,0.0,0.0
2000-12-26 00:00:00-05:00,15.68500544997881,15.949224531065743,15.56490586766657,15.91319465637207,4361200,0.0,0.0
2000-12-27 00:00:00-05:00,15.997258231548368,16.057307999684813,15.793089019884464,15.961228370666504,2612600,0.0,0.0
2000-12-28 00:00:00-05:00,16.309519845612193,16.54971895968601,16.10535059864945,16.477659225463867,5321200,0.0,0.0
2000-12-29 00:00:00-05:00,16.501681442881935,16.70585071837611,16.225452423095703,16.225452423095703,3377200,0.0,0.0
2001-01-02 00:00:00-05:00,16.36956579173695,16.705844472711735,16.321525980169124,16.51368522644043,3957200,0.0,0.0
2001-01-03 00:00:00-05:00,16.33353933083308,16.417609018565308,15.733041561317156,15.877161026000977,5330000,0.0,0.0
2001-01-04 00:00:00-05:00,15.709026304242048,15.757066140034837,15.38475741264072,15.540886878967285,5514600,0.0,0.0
2001-01-05 00:00:00-05:00,15.54087500484443,15.817103849598235,15.480825255984909,15.660974502563477,3438200,0.0,0.0
2001-01-08 00:00:00-05:00,15.660977403903171,15.829116731859187,15.576907739925163,15.624947547912598,3288000,0.0,0.0
2001-01-09 00:00:00-05:00,15.624958086607984,15.648978006802615,15.300689163980454,15.420788764953613,3825200,0.0,0.0
2001-01-10 00:00:00-05:00,15.420778938091116,15.432788890535113,15.312689366095151,15.396759033203125,4376200,0.0,0.0
2001-01-11 00:00:00-05:00,15.588926531951975,15.685006202410847,15.468826943878385,15.64897632598877,5133200,0.0,0.0
2001-01-12 00:00:00-05:00,15.660975564492716,15.660975564492716,15.300677046904694,15.552886009216309,5148400,0.0,0.0
2001-01-16 00:00:00-05:00,15.540880490232396,15.564900398254395,15.276661501990423,15.564900398254395,5990400,0.0,0.0
2001-01-17 00:00:00-05:00,15.444808685148246,15.552898326024089,15.252649323591191,15.420788764953613,5570600,0.0,0.0
2001-01-18 00:00:00-05:00,15.372745684992132,15.480835303089734,15.240636151761732,15.264656066894531,5045000,0.0,0.0
2001-01-19 00:00:00-05:00,15.144562846755681,15.372752136278567,15.072503071116875,15.240642547607422,4766800,0.0,0.0
2001-01-22 00:00:00-05:00,15.132540818099137,15.360729925673647,15.120530865068899,15.300680160522461,4818800,0.0,0.0
2001-01-23 00:00:00-05:00,15.31269235678386,15.408771995100935,15.132543034939344,15.28867244720459,4825600,0.0,0.0
2001-01-24 00:00:00-05:00,15.4087722327601,15.420782187734972,15.180583088237542,15.348722457885742,3268000,0.0,0.0
2001-01-25 00:00:00-05:00,15.396756234516515,16.009263697824114,15.396756234516515,15.985243797302246,8396200,0.0,0.0
2001-01-26 00:00:00-05:00,15.985250624513844,16.045300401465436,15.757061472097794,15.877161026000977,4139800,0.0,0.0
2001-01-29 00:00:00-05:00,15.684034133906529,15.72054338429346,15.547601280424692,15.660974502563477,3165000,0.0,0.0
2001-01-30 00:00:00-05:00,15.632155266912177,15.776274709691439,15.56489982016028,15.730156898498535,2629600,0.0,0.0
2001-01-31 00:00:00-05:00,15.87235857398063,16.003026962280273,15.737847644580636,16.003026962280273,3285200,0.0,0.0
2001-02-01 00:00:00-05:00,16.003020635632417,16.003020635632417,15.672506521419105,16.0010986328125,2901000,0.0,0.0
2001-02-02 00:00:00-05:00,16.001097879236028,16.06066823537924,15.758978313438492,15.837762832641602,2958000,0.0,0.0
2001-02-05 00:00:00-05:00,15.910786819695224,16.064513343279984,15.862747006188968,15.866589546203613,3338200,0.0,0.0
2001-02-06 00:00:00-05:00,15.958821071387566,16.391179242262577,15.87427055994448,16.273962020874023,6619000,0.0,0.0
2001-02-07 00:00:00-05:00,16.20286462482108,16.22784479448846,15.960743608286247,16.016469955444336,4463600,0.0,0.0
2001-02-08 00:00:00-05:00,16.018397754327463,16.275890486723256,15.97420047470634,16.191341400146484,3951400,0.0,0.0
2001-02-09 00:00:00-05:00,16.35467268643557,16.633302992096116,16.352750683579956,16.50455665588379,4152800,0.0,0.0
2001-02-12 00:00:00-05:00,16.525690727812332,16.658281041162507,16.285491734675524,16.627534866333008,4442600,0.0,0.0
2001-02-13 00:00:00-05:00,16.456516452873096,16.525693893432617,16.285494854283886,16.525693893432617,3622400,0.0,0.0
2001-02-14 00:00:00-05:00,16.70769771460309,16.787082228522518,16.523755321020527,16.62250328063965,5079000,0.325,0.0
2001-02-15 00:00:00-05:00,16.45793382867221,16.550873399095195,16.3998464125048,16.535383224487305,4665400,0.0,0.0
2001-02-16 00:00:00-05:00,16.661237639651375,16.94005338528664,16.564426268072285,16.75804901123047,5898200,0.0,0.0
2001-02-20 00:00:00-05:00,16.709639545890095,16.862600178429535,16.66510567505813,16.748363494873047,3801000,0.0,0.0
2001-02-21 00:00:00-05:00,16.748361540251604,16.887770103878868,16.595399448339677,16.637996673583984,5134600,0.0,0.0
2001-02-22 00:00:00-05:00,16.728995237957445,16.821933271504072,16.639929006965502,16.667036056518555,4092400,0.0,0.0
2001-02-23 00:00:00-05:00,16.66703603843893,16.707696612724398,16.291407670434964,16.35336685180664,3910600,0.0,0.0
2001-02-26 00:00:00-05:00,16.26430773167339,16.50633612053758,16.18685835179204,16.37273597717285,4188800,0.0,0.0
2001-02-27 00:00:00-05:00,16.38047170325204,16.678650685223232,16.378535063624966,16.593456268310547,4672200,0.0,0.0
2001-02-28 00:00:00-05:00,16.634127646876664,16.69995865889928,16.517952839644224,16.585721969604492,4308800,0.0,0.0
2001-03-01 00:00:00-05:00,16.585720369044562,16.864536038713577,16.585720369044562,16.814193725585938,5236000,0.0,0.0
2001-03-02 00:00:00-05:00,16.845174651467335,17.135608697182292,16.767725277165226,17.125926971435547,5213800,0.0,0.0
2001-03-05 00:00:00-05:00,17.184017817143886,17.565454843356367,17.184017817143886,17.499622344970703,6764600,0.0,0.0
2001-03-06 00:00:00-05:00,17.501555260684587,17.617728582092525,17.435724253535533,17.513172149658203,6489800,0.0,0.0
2001-03-07 00:00:00-05:00,17.619666927408623,17.766820603282248,17.58481477989182,17.6932430267334,4273400,0.0,0.0
2001-03-08 00:00:00-05:00,17.695175820426442,18.00690843954704,17.598364484729956,17.99722671508789,5803000,0.0,0.0
2001-03-09 00:00:00-05:00,17.997227100038597,18.094038437805825,17.83071148090106,17.964311599731445,3767800,0.0,0.0
2001-03-12 00:00:00-05:00,17.95657078732229,17.966252514291813,17.780374878825185,17.8345890045166,4479600,0.0,0.0
2001-03-13 00:00:00-05:00,17.8287781301132,17.8287781301132,17.44540454360505,17.54608917236328,5286600,0.0,0.0
2001-03-14 00:00:00-05:00,17.26146494790471,17.435725682914452,17.20337754382678,17.335041046142578,4671800,0.0,0.0
2001-03-15 00:00:00-05:00,17.335038849025107,17.379572716803647,16.967155450014786,17.174331665039062,4381200,0.0,0.0
2001-03-16 00:00:00-05:00,16.961349967878277,17.154972687779225,16.880028780053667,16.941987991333008,7003000,0.0,0.0
2001-03-19 00:00:00-05:00,17.058160008709855,17.406681468469813,17.038798033661855,17.244037628173828,5335800,0.0,0.0
2001-03-20 00:00:00-05:00,17.30985686231795,17.66805829672478,17.195618785722957,17.548011779785156,5971200,0.0,0.0
2001-03-21 00:00:00-05:00,17.44346686860065,17.532534603075643,17.195630069775923,17.36408233642578,5890400,0.0,0.0
2001-03-22 00:00:00-05:00,17.329233431134902,17.426044791085378,16.525698848101143,16.941987991333008,9461800,0.0,0.0
2001-03-23 00:00:00-05:00,16.787080764770508,17.038790764683593,16.612821586455855,16.787080764770508,7401600,0.0,0.0
2001-03-26 00:00:00-05:00,17.000082498316146,17.071721989176456,16.73288208783254,16.73675537109375,3789800,0.0,0.0
2001-03-27 00:00:00-05:00,16.893584531048933,17.081398830386114,16.83549711655675,17.00588607788086,5296600,0.0,0.0
2001-03-28 00:00:00-05:00,16.740616027620277,16.876152784223105,16.60314410790043,16.767723083496094,3563000,0.0,0.0
2001-03-29 00:00:00-05:00,16.61282878419562,16.73674719799574,16.521825875918406,16.732873916625977,3887800,0.0,0.0
2001-03-30 00:00:00-05:00,16.86841088580976,17.168525197463335,16.796769951908747,17.00007438659668,3907000,0.0,0.0
2001-04-02 00:00:00-04:00,17.000076524748362,17.058162458233394,16.674790274669842,16.82000732421875,5444400,0.0,0.0
2001-04-03 00:00:00-04:00,16.771602648318993,16.841306954466766,16.378547236398486,16.65155601501465,5366200,0.0,0.0
2001-04-04 00:00:00-04:00,16.65155483934165,17.029118573297506,16.65155483934165,16.980712890625,5048400,0.0,0.0
2001-04-05 00:00:00-04:00,17.174331456387186,17.40667956320325,17.052349697434845,17.36408233642578,4891800,0.0,0.0
2001-04-06 00:00:00-04:00,17.13559685859129,17.3292194219652,17.00199681715195,17.275005340576172,4428400,0.0,0.0
2001-04-09 00:00:00-04:00,17.377644210565286,17.71648406982422,17.377644210565286,17.71648406982422,4455000,0.0,0.0
2001-04-10 00:00:00-04:00,17.79392471609997,17.99722764523562,17.79392471609997,17.968185424804688,5972000,0.0,0.0
2001-04-11 00:00:00-04:00,17.77455907330542,17.77455907330542,17.460889862403494,17.580936431884766,5068800,0.0,0.0
2001-04-12 00:00:00-04:00,17.580947699573752,17.77457046508789,17.45121932398868,17.77457046508789,3530000,0.0,0.0
2001-04-16 00:00:00-04:00,17.813294081265575,18.161815643310547,17.755206661849932,18.161815643310547,3695000,0.0,0.0
2001-04-17 00:00:00-04:00,18.123082660659666,18.125019301093886,17.86556414018985,18.055315017700195,4591600,0.0,0.0
2001-04-18 00:00:00-04:00,17.900412777849123,18.1908467427286,17.68161972277372,18.095972061157227,6590800,0.0,0.0
2001-04-19 00:00:00-04:00,17.960440363583714,18.041761535343483,17.753264153305935,17.95850372314453,4761400,0.0,0.0
2001-04-20 00:00:00-04:00,17.958503677122714,18.084358715318203,17.881054309215962,18.055315017700195,4349400,0.0,0.0
2001-04-23 00:00:00-04:00,18.18117493946483,18.370924390719157,18.142449506497666,18.338008880615234,4328600,0.0,0.0
2001-04-24 00:00:00-04:00,18.365108977626903,18.39415267202747,18.117272209559584,18.258617401123047,5287200,0.0,0.0
2001-04-25 00:00:00-04:00,18.347685587120562,18.483220872354384,18.15599807014496,18.456113815307617,5224800,0.0,0.0
2001-04-26 00:00:00-04:00,18.53936458335445,18.963398564552012,18.510320896917598,18.947908401489258,10751600,0.0,0.0
2001-04-27 00:00:00-04:00,18.947916944784836,18.95566202980834,18.74267736194567,18.87627601623535,6143800,0.0,0.0
2001-04-30 00:00:00-04:00,18.87628391569044,18.93630798043584,18.62651035874543,18.69621467590332,4541200,0.0,0.0
2001-05-01 00:00:00-04:00,18.531621630549328,18.703945652053374,18.4677258084932,18.674901962280273,5795800,0.0,0.0
2001-05-02 00:00:00-04:00,18.29153602248698,18.48515871525856,17.755200336264313,17.81328773498535,7004800,0.0,0.0
2001-05-03 00:00:00-04:00,17.76488688257438,17.81329256890292,17.55577396310125,17.755205154418945,6340200,0.0,0.0
2001-05-04 00:00:00-04:00,17.83265005041974,18.123084095140662,17.764882402096315,18.074678421020508,4572800,0.0,0.0
2001-05-07 00:00:00-04:00,18.196662059220095,18.258621264346473,17.943015316826262,18.2392578125,3188600,0.0,0.0
2001-05-08 00:00:00-04:00,18.0650042624341,18.293479180391486,17.95851115258024,18.161815643310547,3768200,0.0,0.0
2001-05-09 00:00:00-04:00,18.27410310508548,18.477407455444336,18.20827212061022,18.477407455444336,3297200,0.0,0.0
2001-05-10 00:00:00-04:00,18.475475037042713,18.568414569728738,18.30895942068041,18.434814453125,4027400,0.0,0.0
2001-05-11 00:00:00-04:00,18.432877735032047,18.434814375369605,18.123081756091562,18.204402923583984,3083000,0.0,0.0
2001-05-14 00:00:00-04:00,18.204405142235075,18.425136373681894,18.181171364247778,18.277982711791992,4496600,0.0,0.0
2001-05-15 00:00:00-04:00,18.461919762617047,18.490963456160454,18.248935138671442,18.471601486206055,4923400,0.0,0.0
2001-05-16 00:00:00-04:00,18.471601070694412,18.68799672729221,18.4345599171312,18.569076538085938,4281000,0.325,0.0
2001-05-17 00:00:00-04:00,18.569079096384947,18.713342391539722,18.438462309050788,18.649009704589844,3347400,0.0,0.0
2001-05-18 00:00:00-04:00,18.734787954965444,19.056457353545458,18.723091372697837,19.021366119384766,4499200,0.0,0.0
2001-05-21 00:00:00-04:00,19.105198033604836,19.200723607312593,18.76403378300475,18.93754005432129,4344200,0.0,0.0
2001-05-22 00:00:00-04:00,18.910252174481773,18.912202101475607,18.53399658203125,18.53399658203125,3929400,0.0,0.0
2001-05-23 00:00:00-04:00,18.582721374203242,18.617812598805237,18.337082801989283,18.360477447509766,3562600,0.0,0.0
2001-05-24 00:00:00-04:00,18.461854082085974,18.463804008015718,18.247408337902474,18.383874893188477,2863200,0.0,0.0
2001-05-25 00:00:00-04:00,18.510588999366515,18.55542836477474,18.344881017162777,18.360477447509766,5267400,0.0,0.0
2001-05-29 00:00:00-04:00,18.71528505828442,18.869296436726085,18.6275577545166,18.6275577545166,5590800,0.0,0.0
2001-05-30 00:00:00-04:00,18.71334213871044,18.7152920647607,18.510592962859267,18.684099197387695,4140600,0.0,0.0
2001-05-31 00:00:00-04:00,18.52033944489782,18.78547284436076,18.52033944489782,18.725038528442383,4903400,0.0,0.0
2001-06-01 00:00:00-04:00,18.81277186843149,18.871257764520124,18.65681047043389,18.789377212524414,3514600,0.0,0.0
2001-06-04 00:00:00-04:00,18.900490860103904,19.116886497556678,18.900490860103904,19.111038208007812,4290000,0.0,0.0
2001-06-05 00:00:00-04:00,19.062305495141985,19.11494308964903,18.972628227958793,19.046709060668945,5557000,0.0,0.0
2001-06-06 00:00:00-04:00,18.82251934095041,18.861508945377473,18.69775082195413,18.746488571166992,6277600,0.0,0.0
2001-06-07 00:00:00-04:00,18.744536211607873,18.912194166125957,18.684100399025294,18.717243194580078,5264000,0.0,0.0
2001-06-08 00:00:00-04:00,18.81081209762157,18.81081209762157,18.656800706721604,18.80106544494629,3163000,0.0,0.0
2001-06-11 00:00:00-04:00,18.91023976252629,19.085695892845976,18.861502031179572,19.007715225219727,4930800,0.0,0.0
2001-06-12 00:00:00-04:00,19.007723677532475,19.105199183571102,18.910248171493848,19.0252685546875,3928000,0.0,0.0
2001-06-13 00:00:00-04:00,19.105197412052874,19.1831781071247,18.914144783494805,18.939489364624023,4214400,0.0,0.0
2001-06-14 00:00:00-04:00,18.900495136232948,18.900495136232948,18.633413270692625,18.649009704589844,3096400,0.0,0.0
2001-06-15 00:00:00-04:00,18.522299456406547,18.919999772153957,18.522299456406547,18.849817276000977,5008600,0.0,0.0
2001-06-18 00:00:00-04:00,18.849809474016467,18.881000855308457,18.637312146573557,18.65680694580078,3701000,0.0,0.0
2001-06-19 00:00:00-04:00,18.65876027179031,18.705548095932542,18.512547019907487,18.617820739746094,3441000,0.0,0.0
2001-06-20 00:00:00-04:00,18.520334997204092,18.77377175526664,18.409213046715156,18.417011260986328,4553400,0.0,0.0
2001-06-21 00:00:00-04:00,18.417012682233256,18.43260911197918,18.003716218110696,18.220111846923828,7991200,0.0,0.0
2001-06-22 00:00:00-04:00,18.344878006274296,18.49888938411911,18.050501753059162,18.469646453857422,5513600,0.0,0.0
2001-06-25 00:00:00-04:00,18.51058578491211,18.588566435747868,18.348777682072622,18.51058578491211,3957600,0.0,0.0
2001-06-26 00:00:00-04:00,18.46186065673828,18.588579114860327,18.335143685974455,18.46186065673828,4895800,0.0,0.0
2001-06-27 00:00:00-04:00,18.298089023720554,18.321483663884308,17.799015265750757,17.818510055541992,5376400,0.0,0.0
2001-06-28 00:00:00-04:00,17.740533411960058,17.740533411960058,17.143984083072713,17.299943923950195,8469400,0.0,0.0
2001-06-29 00:00:00-04:00,17.444209487067447,17.71713959317698,17.23366213033364,17.64305877685547,5919000,0.0,0.0
2001-07-02 00:00:00-04:00,17.641116938009272,17.641116938009272,17.438367703844463,17.60602569580078,5568800,0.0,0.0
2001-07-03 00:00:00-04:00,17.606018024799912,17.627462746103685,17.52024062694237,17.621614456176758,3177200,0.0,0.0
2001-07-05 00:00:00-04:00,17.6216168460546,18.04076170016785,17.6216168460546,17.802921295166016,5943000,0.0,0.0
2001-07-06 00:00:00-04:00,17.925740463448403,17.925740463448403,17.565081479157875,17.740537643432617,5111000,0.0,0.0
2001-07-09 00:00:00-04:00,17.74054138111867,17.74054138111867,17.401327050291624,17.553388595581055,5091000,0.0,0.0
2001-07-10 00:00:00-04:00,17.54558392474652,17.691797124119407,17.30189525912504,17.428613662719727,5289000,0.0,0.0
2001-07-11 00:00:00-04:00,17.35063762925023,17.35063762925023,16.972432243174943,17.091352462768555,4930600,0.0,0.0
2001-07-12 00:00:00-04:00,17.1556800869542,17.370125790569645,16.97047731732209,17.362327575683594,5330800,0.0,0.0
2001-07-13 00:00:00-04:00,17.362329572244743,17.594321657870818,17.249259161788135,17.428613662719727,4373200,0.0,0.0
2001-07-16 00:00:00-04:00,17.44811286080877,17.582629514125976,16.997776569070933,17.087453842163086,3769600,0.0,0.0
2001-07-17 00:00:00-04:00,17.097196030765023,17.19467149613394,16.83791242327545,16.931488037109375,4823200,0.0,0.0
2001-07-18 00:00:00-04:00,16.77553017752382,16.937338338863974,16.59032587890985,16.921743392944336,5513400,0.0,0.0
2001-07-19 00:00:00-04:00,17.009479320095334,17.077711890956397,16.86911432440487,16.9899845123291,5084200,0.0,0.0
2001-07-20 00:00:00-04:00,17.01922292374159,17.434468018995318,17.01922292374159,17.340890884399414,6321800,0.0,0.0
2001-07-23 00:00:00-04:00,17.37013085777582,17.391575583128947,16.96073412465233,17.08550262451172,4117600,0.0,0.0
2001-07-24 00:00:00-04:00,16.941240531322652,17.017271294856478,16.52209562507339,16.605924606323242,4308800,0.0,0.0
2001-07-25 00:00:00-04:00,16.85351259179429,17.399375962016446,16.81452298850329,17.383779525756836,8738000,0.0,0.0
2001-07-26 00:00:00-04:00,17.383776298892286,17.584575544547814,17.243411373327092,17.555334091186523,5878600,0.0,0.0
2001-07-27 00:00:00-04:00,17.633319910022106,17.777584741823066,17.364288026489866,17.760038375854492,3295000,0.0,0.0
2001-07-30 00:00:00-04:00,17.81852325150523,17.910150467473745,17.604077430274064,17.8438663482666,3749600,0.0,0.0
2001-07-31 00:00:00-04:00,17.85750981007791,18.025167775054456,17.734691225791448,17.816570281982422,5999400,0.0,0.0
2001-08-01 00:00:00-04:00,17.84776205443288,17.96083248762914,17.685952390952774,17.773679733276367,5517400,0.0,0.0
2001-08-02 00:00:00-04:00,17.812664609950755,17.834109328350475,17.670349795785086,17.750280380249023,4629400,0.0,0.0
2001-08-03 00:00:00-04:00,17.70155437313005,17.758088863766538,17.49685519374733,17.678159713745117,3216400,0.0,0.0
2001-08-06 00:00:00-04:00,17.633311036030612,17.750282783999406,17.588473155019127,17.621614456176758,2744000,0.0,0.0
2001-08-07 00:00:00-04:00,17.67035123586315,17.859453865877043,17.67035123586315,17.76587677001953,5191800,0.0,0.0
2001-08-08 00:00:00-04:00,17.81852051028093,17.896501202556944,17.54363890466352,17.54753875732422,4224800,0.0,0.0
2001-08-09 00:00:00-04:00,17.535837891467157,17.68984932513924,17.428615758117214,17.660606384277344,4531600,0.0,0.0
2001-08-10 00:00:00-04:00,17.78927379473029,18.021265896062598,17.779525652502432,17.886749267578125,6367200,0.0,0.0
2001-08-13 00:00:00-04:00,17.89650282111246,18.017371492081523,17.847765069951866,17.87700653076172,5167800,0.0,0.0
2001-08-14 00:00:00-04:00,17.87700511122204,17.9842287502044,17.85751030977743,17.98227882385254,4828800,0.0,0.0
2001-08-15 00:00:00-04:00,18.15112192500356,18.327823255108125,18.08633268555955,18.261070251464844,5107600,0.325,0.0
2001-08-16 00:00:00-04:00,18.26499909148072,18.29837559843635,18.102041089878394,18.2689266204834,5532400,0.0,0.0
2001-08-17 00:00:00-04:00,18.239484529804628,18.265007488401928,18.013699441580737,18.064746856689453,4083800,0.0,0.0
2001-08-20 00:00:00-04:00,18.07259394753426,18.117750050257513,17.85662476785407,17.933195114135742,4832400,0.0,0.0
2001-08-21 00:00:00-04:00,18.056877622534053,18.056877622534053,17.748632629812718,17.760412216186523,4716600,0.0,0.0
2001-08-22 00:00:00-04:00,17.895887044556723,18.288555980266523,17.872326369165414,18.052953720092773,8601400,0.0,0.0
2001-08-23 00:00:00-04:00,18.052959413522114,18.237514350841696,18.033326260127463,18.11775016784668,3254800,0.0,0.0
2001-08-24 00:00:00-04:00,18.117748127947667,18.298375515503114,18.068664501030636,18.2198429107666,2957000,0.0,0.0
2001-08-27 00:00:00-04:00,18.278735711847766,18.378866693732004,18.082401275634766,18.082401275634766,2658800,0.0,0.0
2001-08-28 00:00:00-04:00,18.082402496600462,18.082402496600462,17.886068047130507,17.889995574951172,2805600,0.0,0.0
2001-08-29 00:00:00-04:00,17.988174518624216,18.151131079433377,17.98424698824484,18.015661239624023,5262200,0.0,0.0
2001-08-30 00:00:00-04:00,18.015646454643512,18.121667219168792,17.662243906225914,17.762374877929688,6140600,0.0,0.0
2001-08-31 00:00:00-04:00,17.78789992206079,17.87625131859815,17.707403580767178,17.817350387573242,3368000,0.0,0.0
2001-09-04 00:00:00-04:00,17.886076048901295,18.11775086283772,17.886076048901295,17.93515968322754,5547600,0.0,0.0
2001-09-05 00:00:00-04:00,17.984231645359614,17.984231645359614,17.827165016203793,17.944965362548828,5466800,0.0,0.0
2001-09-06 00:00:00-04:00,17.9253391218451,18.062772662503193,17.8762555004796,18.013689041137695,5801400,0.0,0.0
2001-09-07 00:00:00-04:00,18.015659554917956,18.319977222647747,17.9351616667219,18.141313552856445,9550600,0.0,0.0
2001-09-10 00:00:00-04:00,18.131493476012572,18.141310801640156,17.974426751366284,18.003875732421875,6084400,0.0,0.0
2001-09-17 00:00:00-04:00,18.16094121713111,18.16094121713111,17.711335033195233,17.713298797607422,10121600,0.0,0.0
2001-09-18 00:00:00-04:00,17.689738173716055,17.70937132415924,17.20282945190624,17.230316162109375,8250200,0.0,0.0
2001-09-19 00:00:00-04:00,17.230321120874425,17.23228338794412,16.276135055176592,16.668804168701172,9064200,0.0,0.0
2001-09-20 00:00:00-04:00,16.541181595456855,16.668799319811598,16.33699353607194,16.433197021484375,7111000,0.0,0.0
2001-09-21 00:00:00-04:00,16.433197707692123,16.547072081743043,15.90309513566854,16.494062423706055,9363000,0.0,0.0
2001-09-24 00:00:00-04:00,16.494064660165456,16.600085488528407,15.81867338225937,15.922730445861816,9300400,0.0,0.0
2001-09-25 00:00:00-04:00,15.903094061822797,15.918801180889226,15.51238883700362,15.647858619689941,9790600,0.0,0.0
2001-09-26 00:00:00-04:00,15.726393383439165,15.802963719740657,15.43189162907546,15.4652681350708,9604800,0.0,0.0
2001-09-27 00:00:00-04:00,15.5398756761641,16.393930435180664,15.463305342467578,16.393930435180664,11456000,0.0,0.0
2001-09-28 00:00:00-04:00,16.344850979020112,16.639352798461914,16.22705055082613,16.639352798461914,8121600,0.0,0.0
2001-10-01 00:00:00-04:00,16.462647496014448,16.464611260426683,16.115136090716994,16.433197021484375,6330600,0.0,0.0
2001-10-02 00:00:00-04:00,16.21722790836806,16.816048677439518,16.148511139272948,16.786598205566406,7214200,0.0,0.0
2001-10-03 00:00:00-04:00,16.788561676099565,16.837645295725004,16.492096194146242,16.76892852783203,6913400,0.0,0.0
2001-10-04 00:00:00-04:00,16.77089160832756,17.27743494695333,16.77089160832756,17.102697372436523,6275200,0.0,0.0
2001-10-05 00:00:00-04:00,17.23816330143379,17.428606437505945,17.05164469690985,17.36381721496582,7237800,0.0,0.0
2001-10-08 00:00:00-04:00,17.365793355583296,17.670112559948002,17.23228577854713,17.463960647583008,5462000,0.0,0.0
2001-10-09 00:00:00-04:00,17.621019813090328,17.964605157635262,17.326518089194668,17.84484100341797,11114600,0.0,0.0
2001-10-10 00:00:00-04:00,17.846811390134732,18.41029060561605,17.84484762516436,18.347463607788086,9967800,0.0,0.0
2001-10-11 00:00:00-04:00,18.29837597885483,18.357276931812123,18.054921602597364,18.314083099365234,10826600,0.0,0.0
2001-10-12 00:00:00-04:00,18.151126187999292,18.2198444698943,17.69955768046858,17.86644172668457,11492400,0.0,0.0
2001-10-15 00:00:00-04:00,17.76826996378431,17.778087286686475,17.198899687461626,17.36578369140625,7012200,0.0,0.0
2001-10-16 00:00:00-04:00,17.365790243618576,17.55230896374211,17.140006710811047,17.503225326538086,5857600,0.0,0.0
2001-10-17 00:00:00-04:00,17.611208634200214,17.69956008094194,17.379533803989666,17.493408203125,4391600,0.0,0.0
2001-10-18 00:00:00-04:00,17.306891028391693,17.33634151072341,16.821944446125855,16.890661239624023,6331800,0.0,0.0
2001-10-19 00:00:00-04:00,16.796417056237683,17.17730496725006,16.649166181394854,17.030054092407227,6220400,0.0,0.0
2001-10-22 00:00:00-04:00,17.061477253653443,17.42469596862793,16.88870184482059,17.42469596862793,4987800,0.0,0.0
2001-10-23 00:00:00-04:00,17.385414611658494,17.542481259042855,16.908321880365822,17.002561569213867,6375600,0.0,0.0
2001-10-24 00:00:00-04:00,17.05165351053201,17.110554468281602,16.786602196486,17.063434600830078,5152200,0.0,0.0
2001-10-25 00:00:00-04:00,16.757149385793774,17.257802963256836,16.737516235247124,17.257802963256836,6297000,0.0,0.0
2001-10-26 00:00:00-04:00,17.257793966713226,17.473761505968522,17.145883419231954,17.460018157958984,6564600,0.0,0.0
2001-10-29 00:00:00-05:00,17.513042982324666,17.569980187171105,17.326525740655963,17.475740432739258,6144400,0.0,0.0
2001-10-30 00:00:00-05:00,17.475731998414037,17.591568619395595,17.159633374568095,17.47376823425293,7090200,0.0,0.0
2001-10-31 00:00:00-05:00,17.434491992122584,17.668128864956845,17.28920348535107,17.385408401489258,7689000,0.0,0.0
2001-11-01 00:00:00-05:00,17.38542422435045,17.670108709956505,17.291182985482,17.642621994018555,5410400,0.0,0.0
2001-11-02 00:00:00-05:00,17.50322224011686,17.505186004674588,17.169452667236328,17.169452667236328,5329200,0.0,0.0
2001-11-05 00:00:00-05:00,17.267617623386343,17.346151718182423,17.100733608140473,17.102697372436523,5289600,0.0,0.0
2001-11-06 00:00:00-05:00,17.02219732560437,17.102695174350693,16.857277095850556,17.041831970214844,6992800,0.0,0.0
2001-11-07 00:00:00-05:00,17.04184004026865,17.185163427151277,16.865138640490123,17.136079788208008,6459600,0.0,0.0
2001-11-08 00:00:00-05:00,17.228349888150408,17.29706665364872,17.07128171165728,17.196935653686523,6541600,0.0,0.0
2001-11-09 00:00:00-05:00,17.424680214845598,17.611197319388687,17.36577928819368,17.56996726989746,5561600,0.0,0.0
2001-11-12 00:00:00-05:00,17.454135881434045,17.591569420708524,17.27743454671454,17.5189266204834,4566000,0.0,0.0
2001-11-13 00:00:00-05:00,17.60138649595414,17.71329709004689,17.20871753451808,17.703479766845703,6896000,0.0,0.0
2001-11-14 00:00:00-05:00,17.501653197495667,17.61048262656916,17.076232633885915,17.139551162719727,8151400,0.35,0.0
2001-11-15 00:00:00-05:00,16.76953856686108,16.771517696173976,16.324329578360345,16.581562042236328,12166400,0.0,0.0
2001-11-16 00:00:00-05:00,16.58155832239628,16.650812736477913,16.363899435806854,16.51230239868164,10877600,0.0,0.0
2001-11-19 00:00:00-05:00,16.512299607655315,16.54198049714,16.22538786511312,16.40545082092285,7657600,0.0,0.0
2001-11-20 00:00:00-05:00,16.720067047063658,17.185062692599775,16.68049352772854,17.12174415588379,8325600,0.0,0.0
2001-11-21 00:00:00-05:00,17.313677380051082,17.359188281974248,16.90804204900817,17.03270149230957,6153400,0.0,0.0
2001-11-23 00:00:00-05:00,16.739847514655047,17.185056233181154,16.67059312703303,17.13163185119629,2781600,0.0,0.0
2001-11-26 00:00:00-05:00,16.848677477248735,16.93771862006509,16.64091279783393,16.858570098876953,5234600,0.0,0.0
2001-11-27 00:00:00-05:00,16.759638813258288,17.016871190927773,16.690384406849684,16.941680908203125,5662400,0.0,0.0
2001-11-28 00:00:00-05:00,16.828889029985145,16.997078677055885,16.72995376586914,16.72995376586914,5035000,0.0,0.0
2001-11-29 00:00:00-05:00,16.818994148446148,16.95354616201901,16.696313882954577,16.908035278320312,3293000,0.0,0.0
2001-11-30 00:00:00-05:00,16.898139904496077,17.006967766649108,16.724012909640003,16.82097053527832,4459200,0.0,0.0
2001-12-03 00:00:00-05:00,16.82296001309285,17.196936886313743,16.692366184516555,17.105915069580078,5731400,0.0,0.0
2001-12-04 00:00:00-05:00,17.10591666343525,17.194959359501816,16.933770168379674,17.181108474731445,5662000,0.0,0.0
2001-12-05 00:00:00-05:00,17.313682556152344,17.40866113612761,17.2444281278544,17.313682556152344,6313000,0.0,0.0
2001-12-06 00:00:00-05:00,17.412612600781344,17.412612600781344,16.943658740678835,17.012914657592773,4667800,0.0,0.0
2001-12-07 00:00:00-05:00,17.010936515939175,17.33346506549526,16.902107077016566,17.26025390625,4118400,0.0,0.0
2001-12-10 00:00:00-05:00,17.192973145964743,17.293887556071642,16.997081710748784,17.042591094970703,4436200,0.0,0.0
2001-12-11 00:00:00-05:00,17.04259161666132,17.21473955568593,16.824934292021705,16.83878517150879,4204200,0.0,0.0
2001-12-12 00:00:00-05:00,17.016871702191924,17.016871702191924,16.822957848788946,16.93772315979004,5348000,0.0,0.0
2001-12-13 00:00:00-05:00,16.937724006800458,17.006978418753008,16.577599555014242,16.67059898376465,6186200,0.0,0.0
2001-12-14 00:00:00-05:00,16.70027469673386,16.799209971584613,16.581552668839453,16.621126174926758,6751400,0.0,0.0
2001-12-17 00:00:00-05:00,16.670602386537702,16.95355747852836,16.538029412363272,16.945642471313477,6345000,0.0,0.0
2001-12-18 00:00:00-05:00,16.874406652423836,17.094043166865934,16.86847077521725,17.066341400146484,4466200,0.0,0.0
2001-12-19 00:00:00-05:00,17.016876569475446,17.35127846421408,17.01094069128324,17.313682556152344,6399800,0.0,0.0
2001-12-20 00:00:00-05:00,17.46207584844496,17.47196997969084,17.234524416482074,17.293886184692383,4141800,0.0,0.0
2001-12-21 00:00:00-05:00,17.402715844915175,17.588714661844598,17.392823222298638,17.53133201599121,7552200,0.0,0.0
2001-12-24 00:00:00-05:00,17.53132549552407,17.65598487311516,17.51351787565795,17.521432876586914,2038400,0.0,0.0
2001-12-26 00:00:00-05:00,17.640164214812227,17.940926861258973,17.600589189205508,17.650056838989258,3932200,0.0,0.0
2001-12-27 00:00:00-05:00,17.699523026784174,17.940925379330192,17.616417744323893,17.869691848754883,4841200,0.0,0.0
2001-12-28 00:00:00-05:00,18.00621946639456,18.016113597426873,17.776688911210353,17.89541244506836,4088800,0.0,0.0
2001-12-31 00:00:00-05:00,17.808347669488604,17.946856436398356,17.675774776927504,17.731178283691406,5061000,0.0,0.0
2002-01-02 00:00:00-05:00,17.73118031571407,17.73118031571407,17.394800980593704,17.70545768737793,5018200,0.0,0.0
2002-01-03 00:00:00-05:00,17.669841926938375,17.802414842190576,17.600586021997362,17.709415435791016,3480800,0.0,0.0
2002-01-04 00:00:00-05:00,17.735145561995385,17.828145007704588,17.66787026658299,17.669849395751953,4879000,0.0,0.0
2002-01-07 00:00:00-05:00,17.697549042664473,17.808356108702714,17.66984727615491,17.752952575683594,4656400,0.0,0.0
2002-01-08 00:00:00-05:00,17.808348895716136,17.905305039229063,17.511543080787533,17.8182430267334,4937800,0.0,0.0
2002-01-09 00:00:00-05:00,17.66983808473661,17.907282105486846,17.511541064481612,17.63224220275879,5963400,0.0,0.0
2002-01-10 00:00:00-05:00,17.515511025846795,17.677764914691803,17.452192471898336,17.600595474243164,4527000,0.0,0.0
2002-01-11 00:00:00-05:00,17.590692718111402,17.60058534012501,17.264205999011608,17.295866012573242,5055400,0.0,0.0
2002-01-14 00:00:00-05:00,17.297842231465868,17.361160743832905,17.15735432932752,17.291906356811523,5301000,0.0,0.0
2002-01-15 00:00:00-05:00,17.46208037366415,17.650056838989258,17.4126127238804,17.650056838989258,5563800,0.0,0.0
2002-01-16 00:00:00-05:00,17.47197148950398,17.50758825158144,17.303780301584947,17.30575942993164,4128000,0.0,0.0
2002-01-17 00:00:00-05:00,17.40073646169146,17.43635322069115,17.214737663622795,17.293886184692383,3384800,0.0,0.0
2002-01-18 00:00:00-05:00,17.254308360245886,17.363137747702613,17.175161361694336,17.175161361694336,4183600,0.0,0.0
2002-01-22 00:00:00-05:00,17.293894609349973,17.3413831412726,17.03864129711188,17.16132164001465,3909800,0.0,0.0
2002-01-23 00:00:00-05:00,17.24046172024274,17.523416687515525,17.236504973195945,17.363142013549805,5082000,0.0,0.0
2002-01-24 00:00:00-05:00,17.37303187146772,17.52539150422343,17.367094487909355,17.432392120361328,3894400,0.0,0.0
2002-01-25 00:00:00-05:00,17.511552392731883,17.614444465716087,17.462084730605522,17.52342414855957,3622400,0.0,0.0
2002-01-28 00:00:00-05:00,17.64609815446183,17.64609815446183,17.507589354122786,17.584758758544922,4752400,0.0,0.0
2002-01-29 00:00:00-05:00,17.363146708100274,17.365125836975075,16.749748094982877,16.85264015197754,12283800,0.0,0.0
2002-01-30 00:00:00-05:00,16.324322618088754,16.488555559467436,16.047303508097677,16.443044662475586,14362400,0.0,0.0
2002-01-31 00:00:00-05:00,16.423264909138286,16.619156441381275,16.41534990152005,16.581562042236328,6926400,0.0,0.0
2002-02-01 00:00:00-05:00,16.502410357605907,16.937725126924082,16.502410357605907,16.892215728759766,6272000,0.0,0.0
2002-02-04 00:00:00-05:00,16.789328341341072,16.866497792413334,16.58156501523637,16.605308532714844,4149200,0.0,0.0
2002-02-05 00:00:00-05:00,16.43316212450775,16.581565148475125,16.24716318471921,16.296630859375,6604400,0.0,0.0
2002-02-06 00:00:00-05:00,16.322343567870636,16.532087407246696,16.28474918457474,16.462831497192383,5351000,0.0,0.0
2002-02-07 00:00:00-05:00,16.344115965006395,16.415349522291535,16.175926208496094,16.175926208496094,6443800,0.0,0.0
2002-02-08 00:00:00-05:00,16.20560145441723,16.26496172502031,16.100730284348952,16.195707321166992,4865800,0.0,0.0
2002-02-11 00:00:00-05:00,16.03741896151095,16.472733846699473,15.987951292301641,16.413372039794922,4952200,0.0,0.0
2002-02-12 00:00:00-05:00,16.387641401498925,16.46481080705208,16.284749363972292,16.30255699157715,5228600,0.0,0.0
2002-02-13 00:00:00-05:00,16.414318634433638,16.50412280820835,16.27462291465761,16.45423126220703,4955800,0.35,0.0
2002-02-14 00:00:00-05:00,16.464200973510742,16.6118794407722,16.382378152991418,16.464200973510742,6171800,0.0,0.0
2002-02-15 00:00:00-05:00,16.524076532760986,16.593924375267843,16.394358240923236,16.43427085876465,5146800,0.0,0.0
2002-02-19 00:00:00-05:00,16.344462443422103,16.42428918084864,16.186805055710995,16.294570922851562,4331400,0.0,0.0
2002-02-20 00:00:00-05:00,16.26264560682484,16.314533233642578,16.1249459946951,16.314533233642578,4703800,0.0,0.0
2002-02-21 00:00:00-05:00,16.38438315381422,16.643819798113814,16.3644268402302,16.38637924194336,5117400,0.0,0.0
2002-02-22 00:00:00-05:00,16.404329049739165,16.713657042842925,16.394351660567917,16.703678131103516,6444600,0.0,0.0
2002-02-25 00:00:00-05:00,16.663770281662874,16.911231833179137,16.565983313514838,16.74359703063965,6014400,0.0,0.0
2002-02-26 00:00:00-05:00,16.843383327398065,16.91323117523037,16.71566111348502,16.79947853088379,4100200,0.0,0.0
2002-02-27 00:00:00-05:00,16.74958947807985,16.983081542284342,16.74360273631601,16.963125228881836,5399400,0.0,0.0
2002-02-28 00:00:00-05:00,16.96312643886907,17.042953220742298,16.819438536011106,16.851369857788086,5236600,0.0,0.0
2002-03-01 00:00:00-05:00,16.851362860618618,17.062902450561523,16.80346589784134,17.062902450561523,5683600,0.0,0.0
2002-03-04 00:00:00-05:00,17.066895920257995,17.210583787172748,16.94516197350011,17.198610305786133,4622600,0.0,0.0
2002-03-05 00:00:00-05:00,17.198608252351455,17.324334359606322,17.06290323008662,17.21257781982422,3876600,0.0,0.0
2002-03-06 00:00:00-05:00,17.102810525531375,17.569795892002738,17.102810525531375,17.54185676574707,5463800,0.0,0.0
2002-03-07 00:00:00-05:00,17.6117149924795,17.731454393296985,17.412148816927324,17.687549591064453,6280000,0.0,0.0
2002-03-08 00:00:00-05:00,17.757401102416605,17.757401102416605,17.464038545524396,17.49197769165039,7562800,0.0,0.0
2002-03-11 00:00:00-05:00,17.701512898897175,17.90107900383432,17.641643980957163,17.781339645385742,5603400,0.0,0.0
2002-03-12 00:00:00-05:00,17.78134323633392,17.919044363771274,17.741430616313547,17.88511848449707,5961400,0.0,0.0
2002-03-13 00:00:00-05:00,17.931018815003558,17.960954042922214,17.793319202688032,17.845205307006836,6301800,0.0,0.0
2002-03-14 00:00:00-05:00,17.845211780766952,17.92104792201471,17.80928979874683,17.861177444458008,4563600,0.0,0.0
2002-03-15 00:00:00-05:00,17.88911778852883,18.040788558577166,17.87115755760487,17.921049118041992,6698800,0.0,0.0
2002-03-18 00:00:00-05:00,17.998872884501775,18.09466379093503,17.901084367532867,18.032798767089844,4389600,0.0,0.0
2002-03-19 00:00:00-05:00,18.118610624927165,18.28025871638337,18.09266757400483,18.100648880004883,4550000,0.0,0.0
2002-03-20 00:00:00-05:00,17.93302260532463,18.118619271053507,17.90109127581147,17.921049118041992,4265400,0.0,0.0
2002-03-21 00:00:00-05:00,17.9310191195471,18.106638314282538,17.861171268263213,18.036788940429688,3883800,0.0,0.0
2002-03-22 00:00:00-05:00,17.960950360048173,18.160516475159817,17.761384244936526,17.783336639404297,4029200,0.0,0.0
2002-03-25 00:00:00-05:00,17.783331426962675,17.85916598035266,17.641639709472656,17.641639709472656,3326000,0.0,0.0
2002-03-26 00:00:00-05:00,17.74142484577275,17.86715092825549,17.69153332569047,17.761381149291992,4113000,0.0,0.0
2002-03-27 00:00:00-05:00,17.89111423489473,18.14855487460466,17.877144658595878,18.060745239257812,4795800,0.0,0.0
2002-03-28 00:00:00-05:00,18.01083707696561,18.198429662274396,17.96094556151695,18.014827728271484,4135400,0.0,0.0
2002-04-01 00:00:00-05:00,17.954955226992055,18.098643006315207,17.901071548461914,17.901071548461914,3871600,0.0,0.0
2002-04-02 00:00:00-05:00,17.903080318613302,18.16850368109549,17.903080318613302,18.13258171081543,4462000,0.0,0.0
2002-04-03 00:00:00-05:00,18.03479277936664,18.040779520008556,17.855182947264986,17.960952758789062,5820800,0.0,0.0
2002-04-04 00:00:00-05:00,17.940993517142307,17.956959171290805,17.420125850454053,17.519908905029297,4851800,0.0,0.0
2002-04-05 00:00:00-05:00,17.54186271336419,17.559822933803073,17.31236136482112,17.39019203186035,4375200,0.0,0.0
2002-04-08 00:00:00-04:00,17.529881682420672,17.7514001270712,17.444069739740737,17.641639709472656,5352200,0.0,0.0
2002-04-09 00:00:00-04:00,17.601732257283288,17.641646397278762,17.314358062159663,17.420127868652344,4007200,0.0,0.0
2002-04-10 00:00:00-04:00,17.352276325457275,17.573794876213658,17.34229893138822,17.48199462890625,3964000,0.0,0.0
2002-04-11 00:00:00-04:00,17.481996212351962,17.571801902521127,17.25249481201172,17.25249481201172,3891000,0.0,0.0
2002-04-12 00:00:00-04:00,17.07288393281278,17.102817635839752,16.673751651719027,16.783512115478516,8008800,0.0,0.0
2002-04-15 00:00:00-04:00,17.04295130770313,17.202603330959725,17.01101998951038,17.022994995117188,4941800,0.0,0.0
2002-04-16 00:00:00-04:00,17.15271800814878,17.392198413727915,17.10681862481393,17.28243637084961,3986200,0.0,0.0
2002-04-17 00:00:00-04:00,17.402174031640104,17.53189238106723,17.1886382339934,17.354278564453125,3767600,0.0,0.0
2002-04-18 00:00:00-04:00,17.52190275223327,17.557824708190413,17.210578626415227,17.462032318115234,3863400,0.0,0.0
2002-04-19 00:00:00-04:00,17.31237082047896,17.56182861328125,17.262479261918504,17.56182861328125,4476400,0.0,0.0
2002-04-22 00:00:00-04:00,17.491968360507897,17.58775923253445,17.18663248174953,17.292402267456055,3913200,0.0,0.0
2002-04-23 00:00:00-04:00,17.062908217106703,17.358266830444336,16.9950564474274,17.358266830444336,5375400,0.0,0.0
2002-04-24 00:00:00-04:00,17.092843549851814,17.202604034850168,16.957138487117994,16.963125228881836,4352400,0.0,0.0
2002-04-25 00:00:00-04:00,17.102814670811036,17.31235969108502,17.02298944648624,17.142728805541992,5362200,0.0,0.0
2002-04-26 00:00:00-04:00,17.144725799824407,17.232533855740176,16.76355378646587,16.88329315185547,7546600,0.0,0.0
2002-04-29 00:00:00-04:00,16.96711777992868,17.326337551621023,16.903256656357744,17.134754180908203,5654600,0.0,0.0
2002-04-30 00:00:00-04:00,17.38221300829146,17.487982834207244,17.300391670770757,17.30438232421875,3991000,0.0,0.0
2002-05-01 00:00:00-04:00,17.30637942513542,17.60173651978287,17.252495703735047,17.55982780456543,5293800,0.0,0.0
2002-05-02 00:00:00-04:00,17.561818139518074,17.735441207885742,17.3862005062476,17.735441207885742,4992800,0.0,0.0
2002-05-03 00:00:00-04:00,17.801296464723517,17.980906268860284,17.769366678748423,17.863162994384766,6363600,0.0,0.0
2002-05-06 00:00:00-04:00,17.74143888297706,17.74143888297706,17.352283804890856,17.362262725830078,4834600,0.0,0.0
2002-05-07 00:00:00-04:00,17.422123649747242,17.64164608686914,17.340300806122784,17.495962142944336,3852000,0.0,0.0
2002-05-08 00:00:00-04:00,17.60173367523417,17.771366119384766,17.33032359167587,17.771366119384766,7141800,0.0,0.0
2002-05-09 00:00:00-04:00,17.611707208900818,17.721469165972323,17.511924165224325,17.615697860717773,5379200,0.0,0.0
2002-05-10 00:00:00-04:00,17.73544567256422,17.741432413916982,17.5159216725029,17.551843643188477,4785000,0.0,0.0
2002-05-13 00:00:00-04:00,17.412147986208154,18.058741937829396,17.37822210339944,17.980911254882812,5028400,0.0,0.0
2002-05-14 00:00:00-04:00,18.040775403460323,18.060731708569353,17.899083657847168,17.94099235534668,5631000,0.0,0.0
2002-05-15 00:00:00-04:00,17.749912095167705,17.910818427684045,17.709686279296875,17.709686279296875,5305200,0.35,0.0
2002-05-16 00:00:00-04:00,17.739854323114606,17.99529300296412,17.739854323114606,17.900760650634766,4338000,0.0,0.0
2002-05-17 00:00:00-04:00,17.80020625038671,17.97921385149926,17.75796865698552,17.93094253540039,3907600,0.0,0.0
2002-05-20 00:00:00-04:00,17.810262823202255,17.951054796030824,17.709696689891157,17.850488662719727,4624400,0.0,0.0
2002-05-21 00:00:00-04:00,17.85049047828476,18.10190583713384,17.665449142456055,17.665449142456055,5500400,0.0,0.0
2002-05-22 00:00:00-04:00,17.669466531711727,17.93093905092781,17.56890041424664,17.9047908782959,4409000,0.0,0.0
2002-05-23 00:00:00-04:00,17.904791069586025,18.07173119464573,17.721761531793064,18.021448135375977,3743800,0.0,0.0
2002-05-24 00:00:00-04:00,18.023461055936536,18.071732366300285,17.74589910319836,17.920883178710938,3217400,0.0,0.0
2002-05-28 00:00:00-04:00,17.930944064633174,17.936977787845432,17.67952870067174,17.71573257446289,3501400,0.0,0.0
2002-05-29 00:00:00-04:00,17.69963065572258,17.78008382924283,17.582973630844048,17.67951774597168,3940000,0.0,0.0
2002-05-30 00:00:00-04:00,17.52465112749084,17.699636724810034,17.397938371546225,17.45827865600586,4474400,0.0,0.0
2002-05-31 00:00:00-04:00,17.518612215342134,17.940989477861468,17.518612215342134,17.548782348632812,4751000,0.0,0.0
2002-06-03 00:00:00-04:00,17.689583409356654,17.689583409356654,17.399953969675003,17.40196418762207,4208400,0.0,0.0
2002-06-04 00:00:00-04:00,17.40196034106885,17.55884477376046,17.281281306666763,17.45827865600586,3868600,0.0,0.0
2002-06-05 00:00:00-04:00,17.45827910202247,17.528675079345703,17.237032409696287,17.528675079345703,5292400,0.0,0.0
2002-06-06 00:00:00-04:00,17.669469391592532,17.737855160486255,17.21289981959083,17.289329528808594,4786000,0.0,0.0
2002-06-07 00:00:00-04:00,17.29133340898357,17.57895248192349,17.26920874687152,17.548782348632812,4861000,0.0,0.0
2002-06-10 00:00:00-04:00,17.518612655009665,17.544760820625637,17.267197428805403,17.36776351928711,4451200,0.0,0.0
2002-06-11 00:00:00-04:00,17.47839281557991,17.510573177600865,17.29133976187391,17.377826690673828,3791000,0.0,0.0
2002-06-12 00:00:00-04:00,17.448223114013672,17.56890216006016,17.30541939716498,17.448223114013672,5183600,0.0,0.0
2002-06-13 00:00:00-04:00,17.448213888755003,17.72979920366127,17.35971525233736,17.478384017944336,3834200,0.0,0.0
2002-06-14 00:00:00-04:00,17.448219928406612,17.498502982955333,17.206861880379563,17.452241897583008,4993000,0.0,0.0
2002-06-17 00:00:00-04:00,17.59906558406673,17.850480806696254,17.448216450489014,17.840423583984375,4808800,0.0,0.0
2002-06-18 00:00:00-04:00,17.729814101751273,17.840435955710657,17.66947379266957,17.786130905151367,4181800,0.0,0.0
2002-06-19 00:00:00-04:00,17.739865911431025,17.830376355229454,17.418054580688477,17.418054580688477,6010200,0.0,0.0
2002-06-20 00:00:00-04:00,17.63929449322924,17.810258102153913,17.55884283551999,17.564876556396484,5780400,0.0,0.0
2002-06-21 00:00:00-04:00,17.347658364553787,17.69360611601319,17.347658364553787,17.629243850708008,7010200,0.0,0.0
2002-06-24 00:00:00-04:00,17.729808687141002,17.74992160585323,17.45828044823255,17.544767379760742,5817000,0.0,0.0
2002-06-25 00:00:00-04:00,17.79014031219954,17.800197534782942,17.2571412746471,17.297367095947266,5806400,0.0,0.0
2002-06-26 00:00:00-04:00,17.1968051744544,17.448220454782682,17.096239062323086,17.347654342651367,7006200,0.0,0.0
2002-06-27 00:00:00-04:00,17.347655502136153,17.653375828261595,17.307429668401845,17.62521743774414,4627400,0.0,0.0
2002-06-28 00:00:00-04:00,17.69964099603858,17.850490209072998,17.61918777551671,17.800207138061523,6140000,0.0,0.0
2002-07-01 00:00:00-04:00,17.800207207814633,17.85451224953211,17.651369746702343,17.82032012939453,5722400,0.0,0.0
2002-07-02 00:00:00-04:00,17.820305716964057,17.8866796855626,17.538720439029028,17.659400939941406,5273400,0.0,0.0
2002-07-03 00:00:00-04:00,17.649351282547904,17.757962859197928,17.3275400560943,17.438161849975586,5273800,0.0,0.0
2002-07-05 00:00:00-04:00,17.61917748220233,17.67951774597168,17.397932405909128,17.67951774597168,3574600,0.0,0.0
2002-07-08 00:00:00-04:00,17.619188399513952,17.719754545098528,17.452248229559334,17.71573257446289,4338800,0.0,0.0
2002-07-09 00:00:00-04:00,17.669474215787627,17.687576922752754,17.367775732190168,17.488454818725586,3996000,0.0,0.0
2002-07-10 00:00:00-04:00,17.57895353009546,17.584987250210023,16.945386831280715,17.07008934020996,7150600,0.0,0.0
2002-07-11 00:00:00-04:00,17.07210891281356,17.186754261366723,16.593414595691485,16.623584747314453,9164600,0.0,0.0
2002-07-12 00:00:00-04:00,16.693981034505317,16.764377033168973,16.43049821042806,16.65375518798828,8075200,0.0,0.0
2002-07-15 00:00:00-04:00,16.523017698899633,16.553187848880437,15.509310787360562,16.241432189941406,10394400,0.0,0.0
2002-07-16 00:00:00-04:00,16.04030085073807,16.26959154891511,15.730556926029974,15.96588134765625,8582800,0.0,0.0
2002-07-17 00:00:00-04:00,16.20120201893606,16.432502859800277,16.040295618361927,16.15091896057129,7063600,0.0,0.0
2002-07-18 00:00:00-04:00,16.19114594431259,16.311824986062398,15.79491517071162,15.829107284545898,5970800,0.0,0.0
2002-07-19 00:00:00-04:00,15.708421881567498,15.780829584198862,14.682648140312041,14.984346389770508,12278400,0.0,0.0
2002-07-22 00:00:00-04:00,14.82343647688309,15.064795939096625,13.87811613646652,13.982704162597656,12821800,0.0,0.0
2002-07-23 00:00:00-04:00,14.02897357253924,14.201947419635866,13.42959882930627,13.467814445495605,13961600,0.0,0.0
2002-07-24 00:00:00-04:00,13.46580563936267,14.27033476576564,13.20232284151131,14.199938774108887,15552600,0.0,0.0
2002-07-25 00:00:00-04:00,14.008868062973786,14.189887479431775,13.747395402032467,14.01892375946045,9921600,0.0,0.0
2002-07-26 00:00:00-04:00,14.069200290590443,14.248207870544052,13.845943370060924,14.24217414855957,6236600,0.0,0.0
2002-07-29 00:00:00-04:00,14.481517693621024,14.97228072872801,14.382963350093037,14.960211753845215,7543600,0.0,0.0
2002-07-30 00:00:00-04:00,14.682661056518555,14.833510313948539,14.386996266432904,14.682661056518555,11315400,0.0,0.0
2002-07-31 00:00:00-04:00,14.58208834330241,15.084918975830078,14.441296380001587,15.084918975830078,13196000,0.0,0.0
2002-08-01 00:00:00-04:00,14.833508917091033,14.9039049236923,14.06920547094564,14.189886093139648,10043000,0.0,0.0
2002-08-02 00:00:00-04:00,14.280392508085757,14.461411874950924,14.053113574115793,14.240166664123535,7381600,0.0,0.0
2002-08-05 00:00:00-04:00,14.240157719255063,14.45134556917674,13.596533878524824,13.689054489135742,6438000,0.0,0.0
2002-08-06 00:00:00-04:00,13.898241114676367,14.431241997081868,13.849969794107157,14.1939058303833,6591200,0.0,0.0
2002-08-07 00:00:00-04:00,14.370896142295381,14.5619726671805,14.109425183608353,14.47146224975586,4804800,0.0,0.0
2002-08-08 00:00:00-04:00,14.642425461812383,15.022565214912708,14.56599424013028,14.996417045593262,6028000,0.0,0.0
2002-08-09 00:00:00-04:00,14.883785795289871,15.265937359099405,14.67259632898225,15.195541381835938,5123200,0.0,0.0
2002-08-12 00:00:00-04:00,15.034631385259097,15.201571473272438,14.82545372097434,15.094971656799316,4231200,0.0,0.0
2002-08-13 00:00:00-04:00,15.092964089305765,15.396674213757343,14.9602160689234,15.145258903503418,5728800,0.0,0.0
2002-08-14 00:00:00-04:00,15.275992870231965,15.597805678812966,15.086929609885404,15.567635536193848,6534400,0.0,0.0
2002-08-15 00:00:00-04:00,15.6792650282415,15.943123829355203,15.628523070221302,15.801045417785645,6047400,0.35,0.0
2002-08-16 00:00:00-04:00,15.608230752338251,15.699565681683453,15.51689427447097,15.612289428710938,4560800,0.0,0.0
2002-08-19 00:00:00-04:00,15.510805853948348,15.730011547808274,15.41744080993885,15.602142333984375,5471400,0.0,0.0
2002-08-20 00:00:00-04:00,15.41540525983228,15.535157078476955,15.025707418335356,15.293624877929688,7337400,0.0,0.0
2002-08-21 00:00:00-04:00,15.344367980883373,15.66302741915709,15.192142104984685,15.598077774047852,6321200,0.0,0.0
2002-08-22 00:00:00-04:00,15.648822115752981,16.03649148203473,15.581842348512378,15.977630615234375,4723000,0.0,0.0
2002-08-23 00:00:00-04:00,15.837589970580245,16.020261447739728,15.72189829313302,15.918777465820312,4398200,0.0,0.0
2002-08-26 00:00:00-04:00,15.841647029391401,16.12580088312925,15.730014052192702,16.048673629760742,5054600,0.0,0.0
2002-08-27 00:00:00-04:00,16.099420195889646,16.237438484952655,15.821353504366622,15.851799011230469,5061600,0.0,0.0
2002-08-28 00:00:00-04:00,15.679267700616414,15.71986065454257,15.447884456489072,15.628525733947754,6217800,0.0,0.0
2002-08-29 00:00:00-04:00,15.476305944589152,15.577789917996293,15.277396675361235,15.43977165222168,5490200,0.0,0.0
2002-08-30 00:00:00-04:00,15.283484410852738,15.721894296053007,15.283484410852738,15.553430557250977,4080200,0.0,0.0
2002-09-03 00:00:00-04:00,15.273333900708069,15.281452802225454,14.644133744071034,14.694875717163086,7946400,0.0,0.0
2002-09-04 00:00:00-04:00,14.816653460415147,14.950612988416236,14.248342845264457,14.914078712463379,7685800,0.0,0.0
2002-09-05 00:00:00-04:00,14.772000369082257,14.907988461483269,14.597447888365013,14.855217933654785,5004000,0.0,0.0
2002-09-06 00:00:00-04:00,15.070371008304704,15.273338968012512,14.936411411606683,15.16170597076416,4463200,0.0,0.0
2002-09-09 00:00:00-04:00,15.141404179864342,15.157641982597655,14.936406178792035,15.019623756408691,4881400,0.0,0.0
2002-09-10 00:00:00-04:00,15.070368616304027,15.324078525669416,15.060219600520453,15.297693252563477,4795000,0.0,0.0
2002-09-11 00:00:00-04:00,15.527036834549937,15.527036834549937,15.039913800624475,15.096744537353516,3897000,0.0,0.0
2002-09-12 00:00:00-04:00,15.060216135417072,15.108929541743214,14.776062341124781,14.841012001037598,6042200,0.0,0.0
2002-09-13 00:00:00-04:00,14.613685688553094,14.895810885603135,14.564973836510704,14.855217933654785,4397800,0.0,0.0
2002-09-16 00:00:00-04:00,14.816655867808572,15.04195034803647,14.735468402664106,15.019623756408691,4201200,0.0,0.0
2002-09-17 00:00:00-04:00,14.968882868995381,14.968882868995381,14.390424654270848,14.485819816589355,6448200,0.0,0.0
2002-09-18 00:00:00-04:00,14.483787396564828,14.672547578511246,14.268641948859738,14.459430694580078,4400000,0.0,0.0
2002-09-19 00:00:00-04:00,14.349828979325164,14.54264940092494,14.171217796384544,14.193544387817383,4080000,0.0,0.0
2002-09-20 00:00:00-04:00,14.349833296627631,14.410724300404558,14.20978646557678,14.319389343261719,7808400,0.0,0.0
2002-09-23 00:00:00-04:00,14.217898298847818,14.370124184066652,14.000722764543152,14.144829750061035,5092200,0.0,0.0
2002-09-24 00:00:00-04:00,14.075824796301923,14.1387459038445,13.907361052803859,13.94389533996582,5894600,0.0,0.0
2002-09-25 00:00:00-04:00,13.945924171153205,14.268643936180862,13.862708137695172,14.242257118225098,5627400,0.0,0.0
2002-09-26 00:00:00-04:00,14.441158589551932,14.86739063947774,14.433039692117369,14.8572416305542,6125800,0.0,0.0
2002-09-27 00:00:00-04:00,14.778092772932537,14.932348815419042,14.301118502484805,14.404632568359375,5372200,0.0,0.0
2002-09-30 00:00:00-04:00,14.4046327380387,14.4046327380387,13.842410763383327,14.055527687072754,8700600,0.0,0.0
2002-10-01 00:00:00-04:00,14.177306141228462,14.741556601175649,14.13671318454298,14.636013984680176,7258600,0.0,0.0
2002-10-02 00:00:00-04:00,14.562947670850226,14.983091186312262,14.382306353239928,14.532502174377441,6481400,0.0,0.0
2002-10-03 00:00:00-04:00,14.603541835262899,14.893786034940845,14.502057871019176,14.682699203491211,7078600,0.0,0.0
2002-10-04 00:00:00-04:00,14.847101529250738,14.847101529250738,14.288939829267793,14.390423774719238,6394800,0.0,0.0
2002-10-07 00:00:00-04:00,14.573090551789488,14.757790468542456,14.309231758117676,14.309231758117676,6688400,0.0,0.0
2002-10-08 00:00:00-04:00,14.359973517998302,14.441160957133002,14.004779826740393,14.12656021118164,7499800,0.0,0.0
2002-10-09 00:00:00-04:00,13.986514033902466,14.167155280339188,13.828197824325846,13.893147468566895,6056600,0.0,0.0
2002-10-10 00:00:00-04:00,13.832263689607416,14.512205893808678,13.832263689607416,14.471612930297852,6133000,0.0,0.0
2002-10-11 00:00:00-04:00,14.573093445753777,14.751704610948606,14.45131148693892,14.609627723693848,4553400,0.0,0.0
2002-10-14 00:00:00-04:00,14.611654532619317,14.774029425857218,14.471607774436418,14.745614051818848,4040400,0.0,0.0
2002-10-15 00:00:00-04:00,14.92016673254565,15.086600303649902,14.818682809957163,15.086600303649902,7015600,0.0,0.0
2002-10-16 00:00:00-04:00,15.086602787224633,15.255066498099447,14.818685249426986,14.938435554504395,4408600,0.0,0.0
2002-10-17 00:00:00-04:00,15.161698907733083,15.263182840311007,15.021652133770454,15.080513000488281,5031600,0.0,0.0
2002-10-18 00:00:00-04:00,15.070366810255127,15.226651414345039,14.859280005137306,15.202296257019043,4855800,0.0,0.0
2002-10-21 00:00:00-04:00,15.141408208443215,15.309871972448708,14.989182251491329,15.106904029846191,4174400,0.0,0.0
2002-10-22 00:00:00-04:00,14.857244280221481,14.89580866278296,14.37621152247582,14.562941551208496,6862200,0.0,0.0
2002-10-23 00:00:00-04:00,14.489883278589856,14.818691948006546,14.325479718142873,14.816661834716797,6799400,0.0,0.0
2002-10-24 00:00:00-04:00,14.918136029402971,15.054124108638034,14.747643789500213,14.887690544128418,5881400,0.0,0.0
2002-10-25 00:00:00-04:00,14.765916996817074,14.954677234799757,14.74359040050023,14.86334228515625,5150400,0.0,0.0
2002-10-28 00:00:00-05:00,14.877543108851647,15.05615424839215,14.786206652859367,14.93437385559082,5653000,0.0,0.0
2002-10-29 00:00:00-05:00,14.765903623456596,14.767933734516498,14.16105905485098,14.238187789916992,7972200,0.0,0.0
2002-10-30 00:00:00-05:00,14.400575381834118,14.652256753874541,14.349833394514727,14.491911888122559,6275800,0.0,0.0
2002-10-31 00:00:00-05:00,14.319380394901591,14.32140895817661,13.456767155414063,13.726713180541992,21791200,0.0,0.0
2002-11-01 00:00:00-05:00,13.751076983667554,14.061617662620007,13.74295808080654,13.97434139251709,12189600,0.0,0.0
2002-11-04 00:00:00-05:00,14.106270849167078,14.13671634775465,13.738899398838235,13.789641380310059,7918600,0.0,0.0
2002-11-05 00:00:00-05:00,13.789634599744664,14.08596744000623,13.69626958556814,14.06567096710205,7200400,0.0,0.0
2002-11-06 00:00:00-05:00,14.014935368011788,14.09815140922373,13.803848547307908,14.037261962890625,7458400,0.0,0.0
2002-11-07 00:00:00-05:00,13.974335093738047,14.092056809377391,13.619141383410899,13.700328826904297,7321200,0.0,0.0
2002-11-08 00:00:00-05:00,13.791663733008319,13.872851176501719,13.619141383410899,13.700328826904297,6481400,0.0,0.0
2002-11-11 00:00:00-05:00,13.649589387703047,13.799785179349612,13.596817307413508,13.635381698608398,4508400,0.0,0.0
2002-11-12 00:00:00-05:00,13.80181352532766,13.80181352532766,13.55825272958353,13.63943862915039,5067600,0.0,0.0
2002-11-13 00:00:00-05:00,13.507508285659414,13.655673918808388,13.27612510766997,13.497359275817871,7424200,0.0,0.0
2002-11-14 00:00:00-05:00,13.7024896422808,13.850179826063732,13.620438496848882,13.784539222717285,7168200,0.35,0.0
2002-11-15 00:00:00-05:00,13.702489378430135,13.887102495852808,13.69018068960533,13.856334686279297,6732600,0.0,0.0
2002-11-18 00:00:00-05:00,13.876851046630685,13.946593521588403,13.764030495968676,13.907620429992676,5967000,0.0,0.0
2002-11-19 00:00:00-05:00,13.897365929742236,14.051211309038274,13.794802343544875,13.852237701416016,5333200,0.0,0.0
2002-11-20 00:00:00-05:00,13.846079915241411,13.989668266141951,13.64300451468332,13.958900451660156,7405400,0.0,0.0
2002-11-21 00:00:00-05:00,14.010186178294946,14.026595162312027,13.720956120673131,13.866596221923828,7622400,0.0,0.0
2002-11-22 00:00:00-05:00,13.794805476137729,13.846087280881735,13.610190666060008,13.626601219177246,7420200,0.0,0.0
2002-11-25 00:00:00-05:00,13.681976724159345,13.985565515879324,13.579413175807339,13.897360801696777,7242400,0.0,0.0
2002-11-26 00:00:00-05:00,13.794800686380771,13.860441311061853,13.58146826491827,13.595827102661133,7815600,0.0,0.0
2002-11-27 00:00:00-05:00,13.595826616637806,13.856338961368891,13.595826616637806,13.718902587890625,5473200,0.0,0.0
2002-11-29 00:00:00-05:00,13.69223468788571,13.759927010256238,13.681977706315994,13.749670028686523,2823800,0.0,0.0
2002-12-02 00:00:00-05:00,13.78453718104898,13.835818943724007,13.612231209658589,13.6737699508667,7815000,0.0,0.0
2002-12-03 00:00:00-05:00,13.753768157840662,13.917868844876052,13.70248639970553,13.774280548095703,5294600,0.0,0.0
2002-12-04 00:00:00-05:00,13.776339188310981,13.944543377027893,13.651211510302513,13.907620429992676,5957800,0.0,0.0
2002-12-05 00:00:00-05:00,14.051211302575176,14.15377488872536,13.846084130274809,13.938390731811523,5756400,0.0,0.0
2002-12-06 00:00:00-05:00,13.940433054103973,14.020432472229004,13.753768266810592,14.020432472229004,4565600,0.0,0.0
2002-12-09 00:00:00-05:00,14.026594519517834,14.14967206648028,13.725058911448695,13.809160232543945,5884600,0.0,0.0
2002-12-10 00:00:00-05:00,13.839924253350487,14.0491531850728,13.725053590051603,14.040947914123535,5646000,0.0,0.0
2002-12-11 00:00:00-05:00,13.846082057035488,13.987620285528314,13.786594998176126,13.917876243591309,5316600,0.0,0.0
2002-12-12 00:00:00-05:00,13.876848830095337,13.975308963131743,13.815310073200884,13.921977043151855,4180800,0.0,0.0
2002-12-13 00:00:00-05:00,13.938382292009116,14.047100942095042,13.858382868451956,13.87274169921875,5667200,0.0,0.0
2002-12-16 00:00:00-05:00,13.95889833462171,14.180434390270214,13.905564855949194,14.040947914123535,7330600,0.0,0.0
2002-12-17 00:00:00-05:00,14.061462112613196,14.11274388316978,13.87684742561041,13.928129196166992,5415200,0.0,0.0
2002-12-18 00:00:00-05:00,13.88710398032083,13.88710398032083,13.702490843163854,13.831720352172852,4921400,0.0,0.0
2002-12-19 00:00:00-05:00,13.727106887354287,13.866593395543005,13.5178779075691,13.589672088623047,8272600,0.0,0.0
2002-12-20 00:00:00-05:00,13.589672201755072,13.764029947193526,13.589672201755072,13.671723365783691,8487400,0.0,0.0
2002-12-23 00:00:00-05:00,13.733257776934188,13.84607830019321,13.681976005451991,13.696334838867188,5073000,0.0,0.0
2002-12-24 00:00:00-05:00,13.71274816530011,13.77018351062141,13.671723365783693,13.671723365783691,2044200,0.0,0.0
2002-12-26 00:00:00-05:00,13.702485874619784,13.844022457452361,13.651204118449792,13.72504997253418,3430800,0.0,0.0
2002-12-27 00:00:00-05:00,13.725050599275438,13.7640236715477,13.483000636500298,13.517871856689453,4042200,0.0,0.0
2002-12-30 00:00:00-05:00,13.599929184132067,13.71274816530011,13.599929184132067,13.671723365783691,3859400,0.0,0.0
2002-12-31 00:00:00-05:00,13.632749798801997,13.690185148707323,13.517879098991347,13.636853218078613,4730000,0.0,0.0
2003-01-02 00:00:00-05:00,13.784533347025626,13.915814497759602,13.698380385292973,13.911712646484375,4365400,0.0,0.0
2003-01-03 00:00:00-05:00,13.911718586157756,14.028640959856844,13.866590377888732,14.018383979797363,4958000,0.0,0.0
2003-01-06 00:00:00-05:00,14.018384355143816,14.440947217980828,13.989666688202865,14.338383674621582,7761200,0.0,0.0
2003-01-07 00:00:00-05:00,14.307613742490702,14.338383117301593,13.948641354686275,14.040947914123535,8403400,0.0,0.0
2003-01-08 00:00:00-05:00,14.043001752903145,14.059412297290535,13.866592313227825,13.958900451660156,6096400,0.0,0.0
2003-01-09 00:00:00-05:00,13.979414077471633,14.196848332217234,13.963003531642888,14.178387641906738,5208400,0.0,0.0
2003-01-10 00:00:00-05:00,14.05120832105506,14.141464758514507,13.958901739104842,14.073772430419922,5611000,0.0,0.0
2003-01-13 00:00:00-05:00,14.10864208973003,14.129154487315565,13.905566693140667,13.985566139221191,6636200,0.0,0.0
2003-01-14 00:00:00-05:00,13.995825809148206,14.057363013726281,13.85633928777695,14.051209449768066,5158800,0.0,0.0
2003-01-15 00:00:00-05:00,14.088128229596121,14.09223008268915,13.928129354045232,13.979411125183105,4651400,0.0,0.0
2003-01-16 00:00:00-05:00,14.081973581167262,14.153767742222948,14.010179420111575,14.014281272888184,4782400,0.0,0.0
2003-01-17 00:00:00-05:00,14.014286037340193,14.112747752401654,13.91172246810761,13.971209526062012,5004200,0.0,0.0
2003-01-21 00:00:00-05:00,13.973258919240465,13.973258919240465,13.706593057443708,13.712746620178223,6352200,0.0,0.0
2003-01-22 00:00:00-05:00,13.620439461897723,13.657362401708415,13.464542431030855,13.476849555969238,8907600,0.0,0.0
2003-01-23 00:00:00-05:00,13.425564675194495,13.439923505964948,13.261463975674353,13.327104568481445,8201400,0.0,0.0
2003-01-24 00:00:00-05:00,13.298388487269735,13.327106152223337,12.978389972434575,13.033774375915527,7238600,0.0,0.0
2003-01-27 00:00:00-05:00,13.01531668910806,13.056342272030363,12.576344751584601,12.687112808227539,9717000,0.0,0.0
2003-01-28 00:00:00-05:00,12.763014163287961,13.0050643129532,12.738398336797905,12.91275691986084,7359800,0.0,0.0
2003-01-29 00:00:00-05:00,13.121977966229892,13.476846895184869,13.05633737119228,13.394797325134277,9937800,0.0,0.0
2003-01-30 00:00:00-05:00,13.431718069547738,13.485049968393488,13.03377114665034,13.169154167175293,7353600,0.0,0.0
2003-01-31 00:00:00-05:00,12.76916056788994,13.30659407406534,12.740442902254157,13.210184097290039,16914200,0.0,0.0
2003-02-03 00:00:00-05:00,13.212233782535606,13.478898003307787,13.179412703981708,13.466590881347656,7417600,0.0,0.0
2003-02-04 00:00:00-05:00,13.29223178860723,13.542485443430929,13.177359590906603,13.429666519165039,7440600,0.0,0.0
2003-02-05 00:00:00-05:00,13.497362513965546,13.528130324023843,13.236850245505517,13.34761905670166,7341200,0.0,0.0
2003-02-06 00:00:00-05:00,13.347619024250779,13.347619024250779,13.039928404452471,13.261466026306152,5751000,0.0,0.0
2003-02-07 00:00:00-05:00,13.251210018221016,13.306595210244359,12.97428875309091,13.070698738098145,5593400,0.0,0.0
2003-02-10 00:00:00-05:00,13.097367783891071,13.32095718383789,13.076855382564661,13.32095718383789,5413200,0.0,0.0
2003-02-11 00:00:00-05:00,13.353779850775581,13.480959272876856,13.128140253173417,13.236857414245605,6424000,0.0,0.0
2003-02-12 00:00:00-05:00,13.236852300588552,13.292843301425183,13.054360622242175,13.081319808959961,4477600,0.35,0.0
2003-02-13 00:00:00-05:00,13.043989484326241,13.178783810300956,12.902973321927545,13.064726829528809,4877000,0.0,0.0
2003-02-14 00:00:00-05:00,13.075095025903954,13.288693470889896,13.021177455693676,13.216111183166504,4650600,0.0,0.0
2003-02-18 00:00:00-05:00,13.338463762893184,13.431782606425827,13.236849664933061,13.272103309631348,5383600,0.0,0.0
2003-02-19 00:00:00-05:00,13.274183817552624,13.379944801832462,13.274183817552624,13.357134819030762,4265800,0.0,0.0
2003-02-20 00:00:00-05:00,13.479481944887656,13.531326106214147,13.168416976928711,13.168416976928711,6267600,0.0,0.0
2003-02-21 00:00:00-05:00,13.292844309437353,13.458746279285055,13.16634520449335,13.282476425170898,6524600,0.0,0.0
2003-02-24 00:00:00-05:00,13.307363268848624,13.415200045417832,13.265888559188934,13.357134819030762,6730000,0.0,0.0
2003-02-25 00:00:00-05:00,13.359211580756789,13.469121019307238,13.197457948010145,13.311515808105469,6954400,0.0,0.0
2003-02-26 00:00:00-05:00,13.255513362597604,13.425562130173276,13.220259716405128,13.288694381713867,5161200,0.0,0.0
2003-02-27 00:00:00-05:00,13.425560773192075,13.425560773192075,13.226479425090744,13.305283546447754,7460200,0.0,0.0
2003-02-28 00:00:00-05:00,13.305286114493494,13.421416527760723,13.286621393985136,13.307358741760254,6425400,0.0,0.0
2003-03-03 00:00:00-05:00,13.382014306834034,13.489851045487741,13.346760657802637,13.384088516235352,5016800,0.0,0.0
2003-03-04 00:00:00-05:00,13.417269243243084,13.46496657110071,13.371647707144145,13.406901359558105,4415000,0.0,0.0
2003-03-05 00:00:00-05:00,13.43800138203605,13.676483154296875,13.402746165285208,13.676483154296875,7056600,0.0,0.0
2003-03-06 00:00:00-05:00,13.678558785141561,13.693075082198643,13.483624297096991,13.558279991149902,7427800,0.0,0.0
2003-03-07 00:00:00-05:00,13.43800273229095,13.628788802132878,13.32809181820599,13.533395767211914,7612600,0.0,0.0
2003-03-10 00:00:00-05:00,13.520952358486316,13.564502832505733,13.226477995141042,13.251363754272461,6945000,0.0,0.0
2003-03-11 00:00:00-05:00,13.386177181615153,13.40898876318969,13.178799526882973,13.218201637268066,5840000,0.0,0.0
2003-03-12 00:00:00-05:00,13.218190365257055,13.218190365257055,12.79514173430842,13.07509994506836,9503600,0.0,0.0
2003-03-13 00:00:00-05:00,13.303214040089776,13.303214040089776,13.133165229589682,13.20159912109375,7102200,0.0,0.0
2003-03-14 00:00:00-05:00,13.234785831117774,13.323957908421596,13.095843770390196,13.311515808105469,6675400,0.0,0.0
2003-03-17 00:00:00-05:00,13.189153846504928,13.510588267930334,13.189153846504928,13.419342041015625,8107800,0.0,0.0
2003-03-18 00:00:00-05:00,13.419347914213645,13.645389371049063,13.284552724228366,13.61013412475586,8186800,0.0,0.0
2003-03-19 00:00:00-05:00,13.624651339038726,13.707602352407523,13.554144006078587,13.651611328125,8531000,0.0,0.0
2003-03-20 00:00:00-05:00,13.651606789243967,13.778106686586973,13.549991080126825,13.6453857421875,8258200,0.0,0.0
2003-03-21 00:00:00-05:00,13.821656198197823,13.821656198197823,13.61635372562909,13.686861038208008,10628400,0.0,0.0
2003-03-24 00:00:00-05:00,13.593542631926724,13.67027099447343,13.417271180094538,13.475337982177734,6352800,0.0,0.0
2003-03-25 00:00:00-05:00,13.52718048820881,13.738703989328785,13.502294718953006,13.691006660461426,6984200,0.0,0.0
2003-03-26 00:00:00-05:00,13.73870461235141,13.761516172997425,13.603909458213629,13.6453857421875,7280200,0.0,0.0
2003-03-27 00:00:00-05:00,13.520955085754395,13.661971251627527,13.438005702900368,13.520955085754395,6797800,0.0,0.0
2003-03-28 00:00:00-05:00,13.479482131899545,13.635014618036847,13.469112666627085,13.531326293945312,5516600,0.0,0.0
2003-03-31 00:00:00-05:00,13.438008174929745,13.523031782643315,13.33431984512985,13.406901359558105,7507400,0.0,0.0
2003-04-01 00:00:00-05:00,13.44007668584989,13.628790147721213,13.427634596375427,13.581092834472656,5577200,0.0,0.0
2003-04-02 00:00:00-05:00,13.657828233317614,13.676491375029528,13.456672601132736,13.496074676513672,5068000,0.0,0.0
2003-04-03 00:00:00-05:00,13.427636357061342,13.539619923488853,13.313578581396818,13.35505485534668,7024000,0.0,0.0
2003-04-04 00:00:00-05:00,13.427634188902815,13.469108873997689,13.33638798310471,13.467036247253418,5475400,0.0,0.0
2003-04-07 00:00:00-04:00,13.63501298033642,13.64745507144234,13.334317509450786,13.35505485534668,7616800,0.0,0.0
2003-04-08 00:00:00-04:00,13.292842211907047,13.388235275761572,13.24929330767943,13.313579559326172,5433800,0.0,0.0
2003-04-09 00:00:00-04:00,13.406899995949518,13.535472499243001,13.270031446177649,13.313579559326172,5547800,0.0,0.0
2003-04-10 00:00:00-04:00,13.303210682037715,13.32809486421684,13.1870794883679,13.288694381713867,3973200,0.0,0.0
2003-04-11 00:00:00-04:00,13.263810707031164,13.30943382442471,13.116573471361832,13.18086051940918,5350200,0.0,0.0
2003-04-14 00:00:00-04:00,13.182934535899497,13.359204384786489,13.160122976167939,13.255516052246094,4464400,0.0,0.0
2003-04-15 00:00:00-04:00,13.240996273992758,13.305284099163732,13.137307968664455,13.278324127197266,5741600,0.0,0.0
2003-04-16 00:00:00-04:00,13.355056274135727,13.355056274135727,13.124868071273447,13.168416976928711,5730800,0.0,0.0
2003-04-17 00:00:00-04:00,13.158049947785122,13.28869747216246,13.158049947785122,13.282476425170898,4547800,0.0,0.0
2003-04-21 00:00:00-04:00,13.3612780131095,13.413122177124023,13.261737313131112,13.413122177124023,5413200,0.0,0.0
2003-04-22 00:00:00-04:00,13.413124242213197,13.55414045332994,13.261739354913017,13.512665748596191,6737200,0.0,0.0
2003-04-23 00:00:00-04:00,13.458743984521915,13.485702377608328,13.255514185217796,13.454595565795898,7571400,0.0,0.0
2003-04-24 00:00:00-04:00,13.303210682037715,13.438005803420912,13.274178081390021,13.288694381713867,5867600,0.0,0.0
2003-04-25 00:00:00-04:00,13.209890246501368,13.220258918810128,12.965185782835505,13.147677421569824,6911400,0.0,0.0
2003-04-28 00:00:00-04:00,13.153905523786388,13.375798552770807,13.06473347014823,13.230634689331055,4992200,0.0,0.0
2003-04-29 00:00:00-04:00,13.118647079802185,13.232704874937614,13.060581868518094,13.106204986572266,7211200,0.0,0.0
2003-04-30 00:00:00-04:00,13.06472800468137,13.135236092222813,12.983851243605995,13.0253267288208,9707600,0.0,0.0
2003-05-01 00:00:00-04:00,13.095833638411673,13.149751210585757,12.88430939481363,13.064726829528809,9569800,0.0,0.0
2003-05-02 00:00:00-04:00,13.251374023389486,13.603913849083458,13.23271008511679,13.552069664001465,11495000,0.0,0.0
2003-05-05 00:00:00-04:00,13.686862615365065,13.97719032060758,13.637092648859085,13.931567192077637,11924200,0.0,0.0
2003-05-06 00:00:00-04:00,13.935714030053672,14.101616027951884,13.875576177528249,13.931567192077637,9196600,0.0,0.0
2003-05-07 00:00:00-04:00,13.929492367148924,13.929492367148924,13.759443538780797,13.821657180786133,6732600,0.0,0.0
2003-05-08 00:00:00-04:00,13.823727115279322,14.0248811202774,13.761513492515776,13.964741706848145,5285000,0.0,0.0
2003-05-09 00:00:00-04:00,13.964741712932806,14.035250590906088,13.852759723362672,14.008292198181152,5748600,0.0,0.0
2003-05-12 00:00:00-04:00,14.018660601304592,14.22396303268726,13.946079093458016,14.15345573425293,5910200,0.0,0.0
2003-05-13 00:00:00-04:00,14.153461044467978,14.36705881148084,14.10369107500838,14.236412048339844,6031000,0.0,0.0
2003-05-14 00:00:00-04:00,14.340092731438707,14.340092731438707,13.989625758317183,14.064281463623047,11070600,0.0,0.0
2003-05-15 00:00:00-04:00,14.064288164720564,14.171152130946048,13.997235606072394,14.06638240814209,6373200,0.35,0.0
2003-05-16 00:00:00-04:00,14.068476024185491,14.190009267086214,14.032854707746646,14.10200309753418,5445600,0.0,0.0
2003-05-19 00:00:00-04:00,14.007704620442425,14.060089455671198,13.894553184509277,13.894553184509277,4363400,0.0,0.0
2003-05-20 00:00:00-04:00,13.955323036950192,14.022375577720636,13.87150696132247,13.969990730285645,5119200,0.0,0.0
2003-05-21 00:00:00-04:00,13.969995194907154,14.198394034019412,13.852653610722765,14.185820579528809,9603800,0.0,0.0
2003-05-22 00:00:00-04:00,14.133439064025879,14.227732801080332,14.064292241910756,14.133439064025879,6927000,0.0,0.0
2003-05-23 00:00:00-04:00,14.133433919274104,14.454030590166457,14.085240745605272,14.338783264160156,8032400,0.0,0.0
2003-05-27 00:00:00-04:00,14.353452562823177,14.961117297623435,14.315735397251874,14.803962707519531,13054800,0.0,0.0
2003-05-28 00:00:00-04:00,14.508512173777433,14.929686947933192,14.508512173777433,14.795581817626953,9311600,0.0,0.0
2003-05-29 00:00:00-04:00,14.845866490058093,14.87101179411689,14.648900536903268,14.70337963104248,6113600,0.0,0.0
2003-05-30 00:00:00-04:00,14.741096039227497,14.961113042257534,14.734810113196701,14.864725112915039,7450200,0.0,0.0
2003-06-02 00:00:00-04:00,14.982067264997612,15.254469127461077,14.88358349012761,15.10360050201416,8439800,0.0,0.0
2003-06-03 00:00:00-04:00,15.103598990304238,15.296374837454364,15.076357847589179,15.28380298614502,6333600,0.0,0.0
2003-06-04 00:00:00-04:00,15.290091470637778,15.489153276756106,15.21675299462886,15.459817886352539,6594400,0.0,0.0
2003-06-05 00:00:00-04:00,15.459816605351909,15.58134984047294,15.359238589061826,15.562490463256836,5519600,0.0,0.0
2003-06-06 00:00:00-04:00,15.568785595748901,15.68193551970098,15.407439284398093,15.560403823852539,8110000,0.0,0.0
2003-06-09 00:00:00-04:00,15.474480470617006,15.51638929925101,15.352947265565918,15.42419147491455,5054400,0.0,0.0
2003-06-10 00:00:00-04:00,15.537346991186276,15.600207852644235,15.474484531069548,15.554110527038574,5235200,0.0,0.0
2003-06-11 00:00:00-04:00,15.658878135411689,15.868417509585406,15.610683375941969,15.84327220916748,5453600,0.0,0.0
2003-06-12 00:00:00-04:00,15.866319138636998,15.97318465005232,15.67144748777767,15.845365524291992,5044200,0.0,0.0
2003-06-13 00:00:00-04:00,15.845366628870536,15.860034319800354,15.568774743723688,15.725929260253906,4871600,0.0,0.0
2003-06-16 00:00:00-04:00,15.621172017710794,15.73222770867871,15.543641818988059,15.702892303466797,7794400,0.0,0.0
2003-06-17 00:00:00-04:00,15.702886037281472,15.702886037281472,15.411626345575348,15.57087516784668,6658800,0.0,0.0
2003-06-18 00:00:00-04:00,15.570871433252222,15.642115656577872,15.434672109781966,15.545727729797363,5370000,0.0,0.0
2003-06-19 00:00:00-04:00,15.545727793815622,15.564585571484423,15.250276487735034,15.449339866638184,4667400,0.0,0.0
2003-06-20 00:00:00-04:00,15.53735255061636,15.652598303854827,15.447250511494257,15.464014053344727,5976000,0.0,0.0
2003-06-23 00:00:00-04:00,15.411622818688741,15.47448367667596,15.250276592671648,15.426290512084961,5670600,0.0,0.0
2003-06-24 00:00:00-04:00,15.426293103630524,15.505917509921005,15.365526478306624,15.466104507446289,5886400,0.0,0.0
2003-06-25 00:00:00-04:00,15.401146377570827,15.610685784068389,15.359239135734835,15.380192756652832,4846400,0.0,0.0
2003-06-26 00:00:00-04:00,15.296377841227484,15.401147552468768,15.264946608123314,15.334095001220703,4273400,0.0,0.0
2003-06-27 00:00:00-04:00,15.25446971190178,15.359239417069626,15.1287447867733,15.166461944580078,5176600,0.0,0.0
2003-06-30 00:00:00-04:00,15.160180133552474,15.264949867161903,15.044934385777662,15.128748893737793,4754600,0.0,0.0
2003-07-01 00:00:00-04:00,15.128748405150741,15.223042121549545,14.89196939035761,15.181133270263672,6531600,0.0,0.0
2003-07-02 00:00:00-04:00,15.181126027412267,15.223034858703613,15.013495498222238,15.223034858703613,5998200,0.0,0.0
2003-07-03 00:00:00-04:00,15.191613428137373,15.191613428137373,15.003027562401012,15.072175979614258,3432400,0.0,0.0
2003-07-07 00:00:00-04:00,15.13922255562224,15.38647912635938,15.118268934100554,15.35923957824707,6024800,0.0,0.0
2003-07-08 00:00:00-04:00,15.306855998082513,15.417911640176174,15.233515918669132,15.394862174987793,4588400,0.0,0.0
2003-07-09 00:00:00-04:00,15.386478163969384,15.394859931785568,15.214655920384494,15.25446891784668,4188400,0.0,0.0
2003-07-10 00:00:00-04:00,15.254476496246308,15.254476496246308,14.986264588857436,15.10151195526123,5520800,0.0,0.0
2003-07-11 00:00:00-04:00,15.153888427331479,15.304757041990205,15.09521765466612,15.296375274658203,3591600,0.0,0.0
2003-07-14 00:00:00-04:00,15.338278665273666,15.390663498964708,15.099403951535177,15.1266450881958,4050600,0.0,0.0
2003-07-15 00:00:00-04:00,15.128737664929508,15.137119429236286,14.910818187585619,14.952725410461426,5802200,0.0,0.0
2003-07-16 00:00:00-04:00,14.956918871165014,15.034449009518594,14.906629872625134,14.973682403564453,5281400,0.0,0.0
2003-07-17 00:00:00-04:00,14.973686293451465,15.065884146941244,14.856344733489095,14.982068061828613,6226600,0.0,0.0
2003-07-18 00:00:00-04:00,15.065881459760895,15.27751667722437,14.992542997865208,15.241893768310547,6720200,0.0,0.0
2003-07-21 00:00:00-04:00,15.233509463558905,15.254464676602495,15.02606596342543,15.107786178588867,5458000,0.0,0.0
2003-07-22 00:00:00-04:00,15.229328865493155,15.285903819436086,15.049124791957453,15.202089309692383,5574000,0.0,0.0
2003-07-23 00:00:00-04:00,15.212564343945006,15.271235136449198,14.99254887205429,15.091031074523926,3897800,0.0,0.0
2003-07-24 00:00:00-04:00,15.139219675283208,15.252371128363103,15.003018763317117,15.044927597045898,4788800,0.0,0.0
2003-07-25 00:00:00-04:00,15.023968838973808,15.254463373497005,14.984157454640119,15.239795684814453,4641400,0.0,0.0
2003-07-28 00:00:00-04:00,15.212564109126324,15.292190125146515,15.10779438165485,15.2083740234375,4955200,0.0,0.0
2003-07-29 00:00:00-04:00,15.139219675283208,15.179032667660914,14.982065145781997,15.044927597045898,4335200,0.0,0.0
2003-07-30 00:00:00-04:00,15.107788449651256,15.14969728338004,14.986255229825604,15.044927597045898,3954000,0.0,0.0
2003-07-31 00:00:00-04:00,15.191605448208673,15.348759987328073,14.992543671454223,15.109885215759277,4655400,0.0,0.0
2003-08-01 00:00:00-04:00,15.147600925748083,15.181126392929906,14.883580877560345,14.887772560119629,5718800,0.0,0.0
2003-08-04 00:00:00-04:00,14.879393566627257,14.9401601857936,14.678235930072526,14.808149337768555,6778200,0.0,0.0
2003-08-05 00:00:00-04:00,14.8249115285265,14.961112448873665,14.745287137529969,14.835389137268066,5414000,0.0,0.0
2003-08-06 00:00:00-04:00,14.824911372733503,14.977875825996238,14.772526526893454,14.852150917053223,6050600,0.0,0.0
2003-08-07 00:00:00-04:00,14.862627711916838,15.185318536462399,14.824910561030773,15.141315460205078,4744000,0.0,0.0
2003-08-08 00:00:00-04:00,15.246087150030496,15.283804305873947,15.078454991024325,15.25446891784668,4419000,0.0,0.0
2003-08-11 00:00:00-04:00,15.304757114316258,15.457719972536852,15.275421727844947,15.338282585144043,4209200,0.0,0.0
2003-08-12 00:00:00-04:00,15.369718321584662,15.499633355965157,15.287998064063439,15.487061500549316,5305600,0.0,0.0
2003-08-13 00:00:00-04:00,15.558295792280456,15.56667755761024,15.302657545026012,15.346660614013672,4291000,0.0,0.0
2003-08-14 00:00:00-04:00,15.447251638895919,15.558307314106724,15.346671979111735,15.556211471557617,5972400,0.0,0.0
2003-08-15 00:00:00-04:00,15.45886013619074,15.490601882531138,15.367863362767993,15.410186767578125,3850400,0.365,0.0
2003-08-18 00:00:00-04:00,15.458865421526816,15.469445469079433,15.342473596703362,15.359403610229492,4823000,0.0,0.0
2003-08-19 00:00:00-04:00,15.359392802494174,15.40171619199342,15.162585973708417,15.257814407348633,5252600,0.0,0.0
2003-08-20 00:00:00-04:00,15.257817325259749,15.403835791664275,15.21337727342666,15.363627433776855,4069200,0.0,0.0
2003-08-21 00:00:00-04:00,15.378444549284602,15.480022988724114,15.302261123338598,15.40172290802002,4073000,0.0,0.0
2003-08-22 00:00:00-04:00,15.448274979601116,15.448274979601116,15.139309673753178,15.196446418762207,3748800,0.0,0.0
2003-08-25 00:00:00-04:00,15.236657496278365,15.34881596674492,15.194334093491321,15.310724258422852,3327800,0.0,0.0
2003-08-26 00:00:00-04:00,15.278987884521484,15.353056295063904,15.130854292506772,15.278987884521484,4544600,0.0,0.0
2003-08-27 00:00:00-04:00,15.268394623762811,15.384784741189124,15.268394623762811,15.29802131652832,3284400,0.0,0.0
2003-08-28 00:00:00-04:00,15.31072156451494,15.492715070639415,15.21125980947784,15.48425006866455,5356600,0.0,0.0
2003-08-29 00:00:00-04:00,15.484254803892036,15.535044831273277,15.384793018438607,15.420769691467285,3713000,0.0,0.0
2003-09-02 00:00:00-04:00,15.444044146709134,15.611222697345358,15.34881408034079,15.598526000976562,7746200,0.0,0.0
2003-09-03 00:00:00-04:00,15.6387365344844,15.778405057573915,15.587948127409517,15.647201538085938,5783000,0.0,0.0
2003-09-04 00:00:00-04:00,15.64720364080026,15.691643704779553,15.558321898307103,15.596413612365723,4810600,0.0,0.0
2003-09-05 00:00:00-04:00,15.56467285009567,15.583717901065803,15.325540891017296,15.452512741088867,6334000,0.0,0.0
2003-09-08 00:00:00-04:00,15.44828108764538,15.664133071899414,15.4440493922632,15.664133071899414,5088400,0.0,0.0
2003-09-09 00:00:00-04:00,15.65778244862997,15.65778244862997,15.475788897456109,15.537158966064453,4188400,0.0,0.0
2003-09-10 00:00:00-04:00,15.585834294070137,15.62815770520445,15.378445704628867,15.44616413116455,7344000,0.0,0.0
2003-09-11 00:00:00-04:00,15.575253159833812,15.638739893213211,15.499069725592413,15.554091453552246,4241200,0.0,0.0
2003-09-12 00:00:00-04:00,15.511764835390036,15.556204893757931,15.321306289145937,15.43769645690918,5623400,0.0,0.0
2003-09-15 00:00:00-04:00,15.355160223942608,15.480016973601531,15.295906830016568,15.395368576049805,3976600,0.0,0.0
2003-09-16 00:00:00-04:00,15.433465074035555,15.490601831795535,15.33188664247577,15.448278427124023,3945600,0.0,0.0
2003-09-17 00:00:00-04:00,15.452514636015817,15.46944464864405,15.29379940032959,15.29379940032959,5089800,0.0,0.0
2003-09-18 00:00:00-04:00,15.293792011838441,15.331883714582279,15.243003613024687,15.289560317993164,5190200,0.0,0.0
2003-09-19 00:00:00-04:00,15.28956401097279,15.367864089562431,15.226077286220702,15.31284236907959,4094000,0.0,0.0
2003-09-22 00:00:00-04:00,15.236664462384443,15.31284791385917,15.135085988906452,15.278987884521484,4282600,0.0,0.0
2003-09-23 00:00:00-04:00,15.310727514211168,15.405957612533946,15.240892431681395,15.346702575683594,3701000,0.0,0.0
2003-09-24 00:00:00-04:00,15.452515454205876,15.573138975132869,15.293800210115888,15.306498527526855,5154400,0.0,0.0
2003-09-25 00:00:00-04:00,15.321310855309196,15.422887700555775,15.185873985290527,15.185873985290527,4382800,0.0,0.0
2003-09-26 00:00:00-04:00,15.14142983117634,15.217613251837774,15.092756462323711,15.126616477966309,5081800,0.0,0.0
2003-09-29 00:00:00-04:00,15.143543386206945,15.257818505992745,15.05466327566274,15.17317008972168,4338200,0.0,0.0
2003-09-30 00:00:00-04:00,15.130853344878332,15.194340088642855,14.961556437862912,15.120271682739258,4992200,0.0,0.0
2003-10-01 00:00:00-04:00,15.152008462425263,15.482137126022499,15.145660113717785,15.475787162780762,5577000,0.0,0.0
2003-10-02 00:00:00-04:00,15.384796759185924,15.480026872779645,15.268406550840169,15.405960083007812,4880600,0.0,0.0
2003-10-03 00:00:00-04:00,15.532922636713762,15.609106036080435,15.427112539208265,15.465204238891602,5109400,0.0,0.0
2003-10-06 00:00:00-04:00,15.596413612365723,15.636621981242756,15.511766794043963,15.596413612365723,3197000,0.0,0.0
2003-10-07 00:00:00-04:00,15.52234740104204,15.676830917687893,15.458862285002288,15.655669212341309,4397000,0.0,0.0
2003-10-08 00:00:00-04:00,15.691638082512648,15.695869776098707,15.501179580460265,15.524457931518555,3736600,0.0,0.0
2003-10-09 00:00:00-04:00,15.547746221091293,15.672601443365494,15.480027778689095,15.560442924499512,5623600,0.0,0.0
2003-10-10 00:00:00-04:00,15.571022733808272,15.69164624543512,15.566789423486021,15.617579460144043,3767200,0.0,0.0
2003-10-13 00:00:00-04:00,15.691649445552242,15.854596406423621,15.65990606980102,15.755134582519531,3576600,0.0,0.0
2003-10-14 00:00:00-04:00,15.757242511810798,15.871517632508974,15.66412909171578,15.869400978088379,4280200,0.0,0.0
2003-10-15 00:00:00-04:00,15.871524810791016,15.871524810791016,15.617581059632357,15.659904479980469,5587200,0.0,0.0
2003-10-16 00:00:00-04:00,15.670481628215226,15.81649851652833,15.666248318678887,15.708573341369629,4157600,0.0,0.0
2003-10-17 00:00:00-04:00,15.776286910917314,15.791100260669383,15.558316743802532,15.602758407592773,3698400,0.0,0.0
2003-10-20 00:00:00-04:00,15.57525181365217,15.740315368730391,15.535045059552704,15.725502014160156,4055000,0.0,0.0
2003-10-21 00:00:00-04:00,15.727612180335472,15.797447229298612,15.630267088387104,15.71703052520752,5703000,0.0,0.0
2003-10-22 00:00:00-04:00,15.71703689679032,15.71703689679032,15.501184929666614,15.551973342895508,4113200,0.0,0.0
2003-10-23 00:00:00-04:00,15.55197247637033,15.653550911702913,15.41018728946678,15.619690895080566,5432800,0.0,0.0
2003-10-24 00:00:00-04:00,15.554087019908733,15.575248720158225,15.355163485588196,15.473671913146973,4448400,0.0,0.0
2003-10-27 00:00:00-05:00,15.473677823596711,15.518117895455598,15.357286005965205,15.412307739257812,3825800,0.0,0.0
2003-10-28 00:00:00-05:00,15.437700719290499,15.549860837987818,15.414422356403774,15.530814170837402,4341600,0.0,0.0
2003-10-29 00:00:00-05:00,15.528699617789178,15.575256349864917,15.44405277532605,15.469446182250977,5584000,0.0,0.0
2003-10-30 00:00:00-05:00,15.111807199270137,15.448282719134841,15.025042096692792,15.185873985290527,10220200,0.0,0.0
2003-10-31 00:00:00-05:00,15.448283514655522,15.867292462845656,15.418656798721717,15.723390579223633,10454800,0.0,0.0
2003-11-03 00:00:00-05:00,15.776288549239974,15.871517005459047,15.628153421801835,15.6450834274292,8630400,0.0,0.0
2003-11-04 00:00:00-05:00,15.61333840729135,15.700103465988244,15.543503352418343,15.640850067138672,5056600,0.0,0.0
2003-11-05 00:00:00-05:00,15.640856943591372,15.670483656041446,15.532930139931961,15.590066909790039,3871000,0.0,0.0
2003-11-06 00:00:00-05:00,15.568898836837294,15.72549734068796,15.482135390006789,15.691638946533203,3762400,0.0,0.0
2003-11-07 00:00:00-05:00,15.818602824584927,15.84399781837811,15.691631084685548,15.77627944946289,3685000,0.0,0.0
2003-11-10 00:00:00-05:00,15.782639399640312,15.812266106917637,15.606994196114416,15.619690895080566,3618200,0.0,0.0
2003-11-11 00:00:00-05:00,15.619687235336468,15.723382301045467,15.573130530656359,15.691638946533203,2362000,0.0,0.0
2003-11-12 00:00:00-05:00,15.691641419119446,15.867286609168122,15.691641419119446,15.810148239135742,3702400,0.0,0.0
2003-11-13 00:00:00-05:00,15.829192915016158,16.05139317467352,15.820727912571954,16.030231475830078,6320400,0.0,0.0
2003-11-14 00:00:00-05:00,15.919116350531814,16.015271434779486,15.81441389409075,15.869969367980957,7216200,0.365,0.0
2003-11-17 00:00:00-05:00,15.869976287608377,15.869976287608377,15.656296780338737,15.726811408996582,4356200,0.0,0.0
2003-11-18 00:00:00-05:00,15.769543304809929,15.82937328709759,15.701165949303354,15.758858680725098,5721000,0.0,0.0
2003-11-19 00:00:00-05:00,15.630658934201742,15.906305740966094,15.630658934201742,15.855021476745605,4635200,0.0,0.0
2003-11-20 00:00:00-05:00,15.37851623264165,15.972545072839067,15.201161829202722,15.812285423278809,4330000,0.0,0.0
2003-11-21 00:00:00-05:00,15.827242009507787,15.919124268481994,15.684077122110526,15.701171875,4276200,0.0,0.0
2003-11-24 00:00:00-05:00,15.79091452792743,15.92766927016279,15.769546905124116,15.81655502319336,4727600,0.0,0.0
2003-11-25 00:00:00-05:00,15.818690158878804,15.985359876796611,15.788775164906117,15.934077262878418,4382800,0.0,0.0
2003-11-26 00:00:00-05:00,15.961855675402466,16.128527030557244,15.957582803332073,16.07938003540039,5423600,0.0,0.0
2003-11-28 00:00:00-05:00,16.12640244554857,16.12640244554857,16.03238288370451,16.047340393066406,1973000,0.0,0.0
2003-12-01 00:00:00-05:00,16.372125414168707,16.372125414168707,16.079383884793113,16.175539016723633,6428800,0.0,0.0
2003-12-02 00:00:00-05:00,16.15416663060327,16.333658222293415,16.14989375876905,16.1627140045166,5209600,0.0,0.0
2003-12-03 00:00:00-05:00,16.261003494262695,16.47041004263346,16.254593372518265,16.261003494262695,5232800,0.0,0.0
2003-12-04 00:00:00-05:00,16.263149342528887,16.63495127246234,16.263149342528887,16.585805892944336,5345200,0.0,0.0
2003-12-05 00:00:00-05:00,16.581529594480042,16.699053976684993,16.56870934560142,16.667001724243164,5863400,0.0,0.0
2003-12-08 00:00:00-05:00,16.664860449751316,16.805889674352528,16.605030462433792,16.79734230041504,7362400,0.0,0.0
2003-12-09 00:00:00-05:00,16.9554615548329,17.058028393159088,16.844348974370405,16.855031967163086,5398600,0.0,0.0
2003-12-10 00:00:00-05:00,16.880688580004644,16.88709870723364,16.77171152637371,16.81231117248535,6390600,0.0,0.0
2003-12-11 00:00:00-05:00,16.848624433601113,17.03666339437686,16.805889195376537,16.987516403198242,5451600,0.0,0.0
2003-12-12 00:00:00-05:00,17.066583741869707,17.19051662370319,16.95546947923167,17.147781372070312,4521600,0.0,0.0
2003-12-15 00:00:00-05:00,17.1499318701906,17.254634458734298,16.870010375976562,16.870010375976562,6465200,0.0,0.0
2003-12-16 00:00:00-05:00,16.904183146318427,17.295216971012884,16.904183146318427,17.243932723999023,5588800,0.0,0.0
2003-12-17 00:00:00-05:00,17.35077771399894,17.5623216289387,17.29735782986687,17.478986740112305,5529600,0.0,0.0
2003-12-18 00:00:00-05:00,17.681974413495453,17.976851466373162,17.63069180217864,17.85291862487793,8533000,0.0,0.0
2003-12-19 00:00:00-05:00,17.874290071719077,17.880700195725876,17.769587575702626,17.7930908203125,8155400,0.0,0.0
2003-12-22 00:00:00-05:00,17.782406733019016,17.829416479845726,17.67770424342457,17.810184478759766,4186400,0.0,0.0
2003-12-23 00:00:00-05:00,17.81017649901869,17.863596345524595,17.709746926748505,17.77385139465332,3513600,0.0,0.0
2003-12-24 00:00:00-05:00,17.773859358119154,18.000359087107764,17.76531198321929,17.810184478759766,2069600,0.0,0.0
2003-12-26 00:00:00-05:00,17.917037963867188,18.002510148186776,17.910627835336324,17.917037963867188,1484400,0.0,0.0
2003-12-29 00:00:00-05:00,18.01318324867286,18.30165025957963,17.767451487439217,18.26959800720215,5595800,0.0,0.0
2003-12-30 00:00:00-05:00,18.258901441340505,18.53241240325121,18.25462857126506,18.389245986938477,5159400,0.0,0.0
2003-12-31 00:00:00-05:00,18.472588541123812,18.587975644380034,18.384980810838194,18.459768295288086,5382200,0.0,0.0
2004-01-02 00:00:00-05:00,18.47900564847819,18.579433653698008,18.273871874200804,18.352933883666992,4864400,0.0,0.0
2004-01-05 00:00:00-05:00,18.493948894347948,18.72685860962457,18.47257965457525,18.70762825012207,4926400,0.0,0.0
2004-01-06 00:00:00-05:00,18.50892070378885,18.6499483399813,18.41917406594416,18.60507583618164,7413600,0.0,0.0
2004-01-07 00:00:00-05:00,18.558067880791985,18.560205132678906,18.26105344808544,18.36789321899414,8500200,0.0,0.0
2004-01-08 00:00:00-05:00,18.269594931032227,18.38711929321289,18.18198556463482,18.38711929321289,6397400,0.0,0.0
2004-01-09 00:00:00-05:00,18.35506617394206,18.35506617394206,18.019589482676977,18.188396453857422,8581800,0.0,0.0
2004-01-12 00:00:00-05:00,18.231133754735396,18.305921249091682,18.06232676447686,18.098651885986328,6554200,0.0,0.0
2004-01-13 00:00:00-05:00,18.130704135066196,18.190534130551224,18.01318139543349,18.098651885986328,5363400,0.0,0.0
2004-01-14 00:00:00-05:00,18.098639047332792,18.34437060897007,18.017441486808767,18.290950775146484,4140000,0.0,0.0
2004-01-15 00:00:00-05:00,18.350798816061552,18.35507331991731,18.038826874659033,18.040964126586914,6490400,0.0,0.0
2004-01-16 00:00:00-05:00,18.04309435818672,18.14779683847666,17.94693762179215,18.102924346923828,6196000,0.0,0.0
2004-01-20 00:00:00-05:00,18.173451266644687,18.43841352342727,18.1670395090142,18.382856369018555,4270200,0.0,0.0
2004-01-21 00:00:00-05:00,18.41917347692181,18.61789549039135,18.406353227744845,18.543107986450195,5420800,0.0,0.0
2004-01-22 00:00:00-05:00,18.71404599822894,18.79310634873594,18.52600704514251,18.622163772583008,6254600,0.0,0.0
2004-01-23 00:00:00-05:00,18.62644122056442,18.667040846364092,18.513191348854992,18.568748474121094,4802400,0.0,0.0
2004-01-26 00:00:00-05:00,18.558051792384116,18.722585809882634,18.455486614165405,18.718311309814453,5293800,0.0,0.0
2004-01-27 00:00:00-05:00,18.720462314284735,18.914909823905845,18.69695743737241,18.73969268798828,5513600,0.0,0.0
2004-01-28 00:00:00-05:00,18.739696542848026,18.8401261957241,18.46405134825689,18.532428741455078,5539000,0.0,0.0
2004-01-29 00:00:00-05:00,18.622161323492442,18.761053269143627,18.44053414698453,18.656349182128906,5505600,0.0,0.0
2004-01-30 00:00:00-05:00,18.65635355671681,18.65635355671681,18.33369873852917,18.451221466064453,5792200,0.0,0.0
2004-02-02 00:00:00-05:00,18.444808073094077,18.521732797232247,18.28882137407927,18.417030334472656,5396600,0.0,0.0
2004-02-03 00:00:00-05:00,18.376435488158176,18.46190760717537,18.316605493919663,18.344383239746094,3890600,0.0,0.0
2004-02-04 00:00:00-05:00,18.312327862367155,18.312327862367155,18.154205528862487,18.194805145263672,4416000,0.0,0.0
2004-02-05 00:00:00-05:00,18.226859026110052,18.231131898104508,18.00676780763944,18.169164657592773,3663000,0.0,0.0
2004-02-06 00:00:00-05:00,18.130705191998647,18.30164944355976,18.10292744397418,18.25250244140625,5917200,0.0,0.0
2004-02-09 00:00:00-05:00,18.265326746297905,18.382849508393335,18.228999987600012,18.329429626464844,3973000,0.0,0.0
2004-02-10 00:00:00-05:00,18.286692968538667,18.56447535508492,18.211905465631805,18.491825103759766,4509200,0.0,0.0
2004-02-11 00:00:00-05:00,18.498232673361244,18.803794397530925,18.457633050142697,18.711912155151367,5651600,0.0,0.0
2004-02-12 00:00:00-05:00,18.709762694795128,18.765319780275362,18.622155012157073,18.679847717285156,3955400,0.0,0.0
2004-02-13 00:00:00-05:00,18.785443432625318,18.79190753413434,18.610906115990044,18.643226623535156,4212800,0.365,0.0
2004-02-17 00:00:00-05:00,18.800527433667213,18.863016490035815,18.77466938290239,18.815610885620117,3986000,0.0,0.0
2004-02-18 00:00:00-05:00,18.8328471392418,18.8328471392418,18.628141296222854,18.66477394104004,3480600,0.0,0.0
2004-02-19 00:00:00-05:00,18.757435683268234,18.84578116223934,18.64107689996196,18.656160354614258,3801200,0.0,0.0
2004-02-20 00:00:00-05:00,18.778979303342656,18.82207440932101,18.53979768402507,18.662620544433594,4234000,0.0,0.0
2004-02-23 00:00:00-05:00,18.71433924685588,19.07849905770395,18.71433924685588,19.035402297973633,6272600,0.0,0.0
2004-02-24 00:00:00-05:00,19.037554163017905,19.175460481695424,18.944898201033975,19.00092315673828,5530200,0.0,0.0
2004-02-25 00:00:00-05:00,19.003080810426198,19.046175923977305,18.88672203107036,18.927661895751953,3647600,0.0,0.0
2004-02-26 00:00:00-05:00,18.929812985914534,19.026779436061688,18.837157032559436,18.985837936401367,4201400,0.0,0.0
2004-02-27 00:00:00-05:00,19.026788457483594,19.15607547500752,19.007394500669516,19.037561416625977,4430400,0.0,0.0
2004-03-01 00:00:00-05:00,19.12374024551827,19.518066776965174,19.12374024551827,19.45126724243164,6581400,0.0,0.0
2004-03-02 00:00:00-05:00,19.343533536034897,19.401713739828235,19.188390161856287,19.23794937133789,5277000,0.0,0.0
2004-03-03 00:00:00-05:00,19.2401056163465,19.390940145153834,19.132366197491816,19.356464385986328,4035400,0.0,0.0
2004-03-04 00:00:00-05:00,19.35646339711521,19.358617001721672,19.220710684150795,19.24872398376465,2974800,0.0,0.0
2004-03-05 00:00:00-05:00,19.218559213636293,19.479288425620123,19.20993986233437,19.440502166748047,4360600,0.0,0.0
2004-03-08 00:00:00-05:00,19.468516588778417,19.699078925917135,19.45127788372778,19.543933868408203,5735400,0.0,0.0
2004-03-09 00:00:00-05:00,19.54393152005313,19.54393152005313,19.37585827593822,19.395252227783203,5343400,0.0,0.0
2004-03-10 00:00:00-05:00,19.39740636300305,19.50083693973329,19.078498569033535,19.11944007873535,6830000,0.0,0.0
2004-03-11 00:00:00-05:00,19.05910405560894,19.12590361852023,18.697099513669425,18.731576919555664,6864400,0.0,0.0
2004-03-12 00:00:00-05:00,18.77466912610554,19.059101104736328,18.682013167098457,19.059101104736328,4950800,0.0,0.0
2004-03-15 00:00:00-05:00,19.05910472326595,19.18192760908517,18.875948019005463,18.888877868652344,5594800,0.0,0.0
2004-03-16 00:00:00-05:00,18.96212825301049,19.00737858906487,18.79621035414444,18.89317512512207,3775800,0.0,0.0
2004-03-17 00:00:00-05:00,18.97937229253784,19.261648982478828,18.968597695406302,19.16037368774414,3594800,0.0,0.0
2004-03-18 00:00:00-05:00,19.020320116281237,19.38232470238205,19.020320116281237,19.339229583740234,4939000,0.0,0.0
2004-03-19 00:00:00-05:00,19.29182296358411,19.339228578008832,19.00523567199707,19.00523567199707,4519800,0.0,0.0
2004-03-22 00:00:00-05:00,18.822073231543982,19.005229886450483,18.75958418100453,18.81130027770996,4345400,0.0,0.0
2004-03-23 00:00:00-05:00,18.908272363013687,18.981534395597883,18.66262656297788,18.847938537597656,5199400,0.0,0.0
2004-03-24 00:00:00-05:00,18.856541389731998,18.875933683514795,18.427737595518554,18.50531005859375,5385800,0.0,0.0
2004-03-25 00:00:00-05:00,18.55272170636179,18.56996040245774,18.18425320816675,18.246742248535156,7418200,0.0,0.0
2004-03-26 00:00:00-05:00,18.261826288405786,18.531174758736256,18.173479201030545,18.388957977294922,7657200,0.0,0.0
2004-03-29 00:00:00-05:00,18.4557632159978,18.539799833178247,18.35448789683851,18.3975830078125,5664200,0.0,0.0
2004-03-30 00:00:00-05:00,18.45145165173559,18.783289247763857,18.40189244137811,18.763896942138672,6641400,0.0,0.0
2004-03-31 00:00:00-05:00,18.787598360585253,19.01385012940555,18.608750550013333,18.914730072021484,7320200,0.0,0.0
2004-04-01 00:00:00-05:00,18.9513664794439,19.166845355362412,18.94059352203199,18.953521728515625,9258800,0.0,0.0
2004-04-02 00:00:00-05:00,19.048328986093946,19.110818044350538,18.940589570611486,18.96860122680664,5817800,0.0,0.0
2004-04-05 00:00:00-04:00,18.99445924742513,19.2099380780392,18.981529399686636,19.19054412841797,4525400,0.0,0.0
2004-04-06 00:00:00-04:00,19.190544336480443,19.315522454145132,19.121591175695276,19.188390731811523,3974800,0.0,0.0
2004-04-07 00:00:00-04:00,19.214251438116207,19.38879044975438,19.153917614428305,19.339229583740234,5356600,0.0,0.0
2004-04-08 00:00:00-04:00,19.393097120136918,19.518075251686927,19.309060497467517,19.380168914794922,6016600,0.0,0.0
2004-04-12 00:00:00-04:00,19.40386323348675,19.817582063205688,19.40386323348675,19.709842681884766,5520600,0.0,0.0
2004-04-13 00:00:00-04:00,19.71631192841012,19.845598890949375,19.55685806274414,19.55685806274414,11384200,0.0,0.0
2004-04-14 00:00:00-04:00,19.468506661365748,19.748629721690893,19.459887313235622,19.60856819152832,6705200,0.0,0.0
2004-04-15 00:00:00-04:00,19.617196142141037,19.83267500796775,19.543932472893847,19.71631622314453,5003400,0.0,0.0
2004-04-16 00:00:00-04:00,19.88869965582064,19.88869965582064,19.630124034573445,19.76587677001953,5050400,0.0,0.0
2004-04-19 00:00:00-04:00,19.76587077388538,19.921014126801822,19.735702229847806,19.796037673950195,4925000,0.0,0.0
2004-04-20 00:00:00-04:00,19.630125110423116,19.76372260425478,19.39740753173828,19.39740753173828,6162000,0.0,0.0
2004-04-21 00:00:00-04:00,19.3715535204954,19.44912605634045,19.201324991500627,19.365089416503906,6093600,0.0,0.0
2004-04-22 00:00:00-04:00,19.30690932604584,19.79173685644083,19.304754076709266,19.780963897705078,5308800,0.0,0.0
2004-04-23 00:00:00-04:00,19.78311196310317,19.78311196310317,19.591335925191053,19.75725555419922,5360800,0.0,0.0
2004-04-26 00:00:00-04:00,19.81328155383844,20.01798746790983,19.81328155383844,19.877925872802734,5662200,0.0,0.0
2004-04-27 00:00:00-04:00,19.888697361270243,20.289488130587078,19.888697361270243,20.01582908630371,6423800,0.0,0.0
2004-04-28 00:00:00-04:00,20.05030085293947,20.093395950740756,19.748630236412648,19.768022537231445,5644400,0.0,0.0
2004-04-29 00:00:00-04:00,19.73786784860749,19.819750886639394,19.347851547156143,19.46851921081543,6123200,0.0,0.0
2004-04-30 00:00:00-04:00,19.694768665356516,19.951187397788477,19.68183881550508,19.71631622314453,7968400,0.0,0.0
2004-05-03 00:00:00-04:00,19.74001974595469,20.179596845463244,19.694769379766456,20.080476760864258,6451600,0.0,0.0
2004-05-04 00:00:00-04:00,20.114954625360898,20.31750531379885,20.02660913281198,20.05677604675293,6945600,0.0,0.0
2004-05-05 00:00:00-04:00,19.974890478652963,20.39507525916502,19.936104216512977,20.33905029296875,7227000,0.0,0.0
2004-05-06 00:00:00-04:00,20.29810456932127,20.35844002099672,20.00074438394202,20.151578903198242,5419600,0.0,0.0
2004-05-07 00:00:00-04:00,20.01367816729456,20.104180548054075,19.740020707782307,19.748640060424805,5225600,0.0,0.0
2004-05-10 00:00:00-04:00,19.50083785803696,19.55470757587684,18.96644953371708,19.214250564575195,8857600,0.0,0.0
2004-05-11 00:00:00-04:00,19.214249163564745,19.60857586395387,19.214249163564745,19.599956512451172,6580200,0.0,0.0
2004-05-12 00:00:00-04:00,19.54392627220402,19.839132816556994,19.528842822140597,19.787418365478516,8284200,0.0,0.0
2004-05-13 00:00:00-04:00,19.724929276380518,19.9662661208718,19.70984582634811,19.796037673950195,7424600,0.0,0.0
2004-05-14 00:00:00-04:00,19.813282708314375,20.125728076216213,19.813282708314375,19.97273826599121,7829200,0.0,0.0
2004-05-17 00:00:00-04:00,19.992284578446252,20.122597884731725,19.79681379050625,19.883689880371094,6860600,0.365,0.0
2004-05-18 00:00:00-04:00,19.883685987852466,19.883685987852466,19.473198242049154,19.588308334350586,6067800,0.0,0.0
2004-05-19 00:00:00-04:00,19.64042256679088,19.759877308724896,19.44060886848521,19.527484893798828,7408800,0.0,0.0
2004-05-20 00:00:00-04:00,19.50794273951545,19.646943758097127,19.43844223022461,19.43844223022461,4789800,0.0,0.0
2004-05-21 00:00:00-04:00,19.54704120656307,19.642605049375916,19.36243059323906,19.462337493896484,6480000,0.0,0.0
2004-05-24 00:00:00-04:00,19.525328703361133,19.631751052545305,19.286420678713018,19.583969116210938,7448200,0.0,0.0
2004-05-25 00:00:00-04:00,19.78594452297778,20.01182158953246,19.76422592479466,19.90974235534668,7524800,0.0,0.0
2004-05-26 00:00:00-04:00,19.90975298474478,19.98142588833428,19.75337634310359,19.7598934173584,7352200,0.0,0.0
2004-05-27 00:00:00-04:00,19.770742721284066,19.792461320986153,19.551381053140208,19.592647552490234,6381600,0.0,0.0
2004-05-28 00:00:00-04:00,19.547046483351338,19.716453954416597,19.492749132008694,19.633922576904297,4662000,0.0,0.0
2004-06-01 00:00:00-04:00,19.72296369374291,19.9249498488721,19.72296369374291,19.829387664794922,7680200,0.0,0.0
2004-06-02 00:00:00-04:00,19.916264279827413,19.95753078978155,19.840248332825073,19.844593048095703,7268000,0.0,0.0
2004-06-03 00:00:00-04:00,19.853278980379006,19.922779505053143,19.675182125314365,19.75119972229004,5605000,0.0,0.0
2004-06-04 00:00:00-04:00,19.74469056235682,19.775096947970898,19.536187265254952,19.590484619140625,5209600,0.0,0.0
2004-06-07 00:00:00-04:00,19.675179770063426,20.01616859436035,19.662148941066658,20.01616859436035,4714800,0.0,0.0
2004-06-08 00:00:00-04:00,20.087848898265356,20.10088139018082,19.686048804541674,19.796815872192383,8511200,0.0,0.0
2004-06-09 00:00:00-04:00,19.67734845399585,19.688208580814536,19.444955990471257,19.547035217285156,8362000,0.0,0.0
2004-06-10 00:00:00-04:00,19.666502932090086,19.82722264127933,19.58179918961036,19.7186279296875,6607600,0.0,0.0
2004-06-14 00:00:00-04:00,19.56875381389982,19.6078479506153,19.49708095375099,19.547035217285156,6121200,0.0,0.0
2004-06-15 00:00:00-04:00,19.61871061378179,19.80332119440734,19.596992014359298,19.677350997924805,6954200,0.0,0.0
2004-06-16 00:00:00-04:00,19.829386627576017,20.055262074142213,19.829386627576017,19.979246139526367,6133200,0.0,0.0
2004-06-17 00:00:00-04:00,20.024862874802174,20.18558423074245,20.007488981396047,20.150833129882812,5142800,0.0,0.0
2004-06-18 00:00:00-04:00,20.15517101914004,20.346297038059678,20.146483246867813,20.289827346801758,7786200,0.0,0.0
2004-06-21 00:00:00-04:00,20.27463144095016,20.387570864026717,20.148661183296966,20.26377296447754,5152800,0.0,0.0
2004-06-22 00:00:00-04:00,20.198608186406034,20.433173066256302,20.13779543763518,20.378875732421875,5413000,0.0,0.0
2004-06-23 00:00:00-04:00,20.411453086663972,20.632985464668177,20.385389771653998,20.606922149658203,5801200,0.0,0.0
2004-06-24 00:00:00-04:00,20.56783756444897,20.62865199440209,20.502681732177734,20.502681732177734,5038200,0.0,0.0
2004-06-25 00:00:00-04:00,20.504853606017814,20.5830402714917,20.2833194732666,20.2833194732666,6817000,0.0,0.0
2004-06-28 00:00:00-04:00,20.33761827819789,20.372369382686404,20.092194816587238,20.159523010253906,5683800,0.0,0.0
2004-06-29 00:00:00-04:00,20.122600075896795,20.339789495697033,20.113912300261934,20.294179916381836,4717400,0.0,0.0
2004-06-30 00:00:00-04:00,20.29634197746389,20.457063272754873,20.20729521490495,20.439687728881836,7178200,0.0,0.0
2004-07-01 00:00:00-04:00,20.426661842643362,20.498333078673365,20.144314985960673,20.300691604614258,6522200,0.0,0.0
2004-07-02 00:00:00-04:00,20.300692544929216,20.53091276804205,20.18123771764036,20.252910614013672,5270000,0.0,0.0
2004-07-06 00:00:00-04:00,20.285491831398133,20.413632791754743,20.229022119144563,20.2833194732666,6902000,0.0,0.0
2004-07-07 00:00:00-04:00,20.276804365112113,20.294179916381836,20.170382013376653,20.294179916381836,5749000,0.0,0.0
2004-07-08 00:00:00-04:00,20.189923962440712,20.40928569365013,20.189923962440712,20.274627685546875,4845400,0.0,0.0
2004-07-09 00:00:00-04:00,20.337605777161684,20.509185521804103,20.333262720282125,20.40493392944336,4112800,0.0,0.0
2004-07-12 00:00:00-04:00,20.394086469055612,20.42014813844879,20.25942843477048,20.37236785888672,3608600,0.0,0.0
2004-07-13 00:00:00-04:00,20.365838225015683,20.478777579482852,20.19860320712198,20.411449432373047,4403000,0.0,0.0
2004-07-14 00:00:00-04:00,20.37670531516786,20.628645763517937,20.37670531516786,20.578691482543945,4920800,0.0,0.0
2004-07-15 00:00:00-04:00,20.60258455311142,20.75678881282427,20.548287208549567,20.58738136291504,5668200,0.0,0.0
2004-07-16 00:00:00-04:00,20.76113638505871,20.884935948318,20.600416674179492,20.719871520996094,5154200,0.0,0.0
2004-07-19 00:00:00-04:00,20.691634762970644,20.830637512528718,20.58955713019052,20.6699161529541,5044800,0.0,0.0
2004-07-20 00:00:00-04:00,20.61561133978051,20.678596445954355,20.550455533307073,20.583032608032227,4362200,0.0,0.0
2004-07-21 00:00:00-04:00,20.585207242954226,20.69597428034468,20.400596618652344,20.400596618652344,5260400,0.0,0.0
2004-07-22 00:00:00-04:00,20.400607355453566,20.567842521313025,20.34848234566966,20.46793556213379,4636600,0.0,0.0
2004-07-23 00:00:00-04:00,20.467921779065833,20.511360638820914,20.30285908306573,20.35063934326172,3819400,0.0,0.0
2004-07-26 00:00:00-04:00,20.394092573038698,20.437529806377317,20.222512684409946,20.29852867126465,4651000,0.0,0.0
2004-07-27 00:00:00-04:00,20.22467337110062,20.43751801145668,20.194266993906897,20.383220672607422,3656200,0.0,0.0
2004-07-28 00:00:00-04:00,20.34847693846188,20.563493996580107,20.250740706936323,20.48313331604004,8089200,0.0,0.0
2004-07-29 00:00:00-04:00,20.600415171136063,20.737245559692383,20.48747740722363,20.737245559692383,5495400,0.0,0.0
2004-07-30 00:00:00-04:00,20.958776762802884,20.958776762802884,20.635165025975954,20.774166107177734,6558000,0.0,0.0
2004-08-02 00:00:00-04:00,20.774158282877437,20.991347597581807,20.652531139867374,20.954425811767578,5038400,0.0,0.0
2004-08-03 00:00:00-04:00,20.95443123417073,21.469168982724685,20.95443123417073,21.42790412902832,9362000,0.0,0.0
2004-08-04 00:00:00-04:00,21.42789505006552,21.42789505006552,20.980484008789062,20.980484008789062,7662400,0.0,0.0
2004-08-05 00:00:00-04:00,21.067374081944156,21.134702272989347,20.78937188495571,20.806747436523438,6718600,0.0,0.0
2004-08-06 00:00:00-04:00,20.806748611017174,20.88059222381262,20.331103216400273,20.376712799072266,6867200,0.0,0.0
2004-08-09 00:00:00-04:00,20.43099447365885,20.737232138396298,20.41144823481482,20.55261993408203,7117000,0.0,0.0
2004-08-10 00:00:00-04:00,20.60692909852152,20.654711030307507,20.394084420413943,20.474443435668945,5591600,0.0,0.0
2004-08-11 00:00:00-04:00,20.47444424916056,20.619962408206046,20.383225097775846,20.604759216308594,7666600,0.0,0.0
2004-08-12 00:00:00-04:00,20.58521303008816,20.73941731995179,20.470102902233887,20.496166229248047,6031200,0.0,0.0
2004-08-13 00:00:00-04:00,20.493985632562126,20.79805103073233,20.493985632562126,20.7632999420166,4937000,0.0,0.0
2004-08-16 00:00:00-04:00,20.763300814188455,21.013068889499284,20.709003478556674,20.99352264404297,5248600,0.0,0.0
2004-08-17 00:00:00-04:00,20.94753372553598,20.96724309608553,20.557710580048145,20.616840362548828,7963400,0.4,0.0
2004-08-18 00:00:00-04:00,20.660643016171992,20.74167433861083,20.548953225468512,20.6234130859375,8491200,0.0,0.0
2004-08-19 00:00:00-04:00,20.619040465769835,20.67379097063335,20.345287941452266,20.389087677001953,9565800,0.0,0.0
2004-08-20 00:00:00-04:00,20.489820918215784,20.76357334250085,20.450400502284648,20.62560272216797,6694000,0.0,0.0
2004-08-23 00:00:00-04:00,20.61903681487478,20.65845723823067,20.364993715280686,20.393465042114258,6510600,0.0,0.0
2004-08-24 00:00:00-04:00,20.395643092655934,20.44820474328641,20.24015196895696,20.43287467956543,5253200,0.0,0.0
2004-08-25 00:00:00-04:00,20.435069140079257,20.58180170005742,20.432880323837082,20.542381286621094,4795800,0.0,0.0
2004-08-26 00:00:00-04:00,20.516103946394445,20.746056675725345,20.505153179911115,20.6978759765625,4449600,0.0,0.0
2004-08-27 00:00:00-04:00,20.77452703311109,20.958487886125454,20.77233654556975,20.85993766784668,4396800,0.0,0.0
2004-08-30 00:00:00-04:00,21.02199093914647,21.120542792091392,20.908110691597734,20.91468048095703,5669600,0.0,0.0
2004-08-31 00:00:00-04:00,20.978198489639908,21.352691650390625,20.965058906373972,21.352691650390625,6436800,0.0,0.0
2004-09-01 00:00:00-04:00,21.374594701704716,21.659297967859686,21.352694836043405,21.60892677307129,7270000,0.0,0.0
2004-09-02 00:00:00-04:00,21.63300951238298,21.843251156267556,21.545408409718057,21.836681365966797,5704800,0.0,0.0
2004-09-03 00:00:00-04:00,21.825728605895556,21.954938915709832,21.753457583023955,21.849817276000977,5979000,0.0,0.0
2004-09-07 00:00:00-04:00,21.740325459433723,21.919907013225988,21.578264464755943,21.88267707824707,9681000,0.0,0.0
2004-09-08 00:00:00-04:00,21.849824259286407,21.930855583935976,21.801645232825592,21.856395721435547,7900600,0.0,0.0
2004-09-09 00:00:00-04:00,21.856394622400586,22.1476659373114,21.856394622400586,22.136716842651367,6432600,0.0,0.0
2004-09-10 00:00:00-04:00,22.191464534196246,22.217743694753086,21.911142349243164,21.911142349243164,8865600,0.0,0.0
2004-09-13 00:00:00-04:00,22.27249212855358,22.311912536621094,22.018450798336595,22.311912536621094,6228700,0.0,2.0
2004-09-14 00:00:00-04:00,22.3382012801653,22.552823949208637,22.285641274403602,22.43456268310547,6138200,0.0,0.0
2004-09-15 00:00:00-04:00,22.46960080425954,22.53968136475778,22.342579266215115,22.35572052001953,6101900,0.0,0.0
2004-09-16 00:00:00-04:00,22.35571048102546,22.421410037135246,22.254969824975834,22.325050354003906,4272600,0.0,0.0
2004-09-17 00:00:00-04:00,22.42580361109396,22.77182714859798,22.42580361109396,22.74992561340332,7043200,0.0,0.0
2004-09-20 00:00:00-04:00,22.776203297634666,22.990825948498934,22.754303436326634,22.789342880249023,5932500,0.0,0.0
2004-09-21 00:00:00-04:00,22.86818134693794,23.49452700635899,22.863802043471257,23.441967010498047,7350200,0.0,0.0
2004-09-22 00:00:00-04:00,23.332467019311753,23.428828408126346,23.192305910591738,23.27552604675293,8423800,0.0,0.0
2004-09-23 00:00:00-04:00,23.214201668871734,23.214201668871734,22.868178261859562,22.916358947753906,6684900,0.0,0.0
2004-09-24 00:00:00-04:00,23.03024284428938,23.30180475884361,23.012722289582122,23.13974380493164,5121600,0.0,0.0
2004-09-27 00:00:00-04:00,23.227340048456096,23.55584288529084,23.10469952404371,23.520803451538086,6119000,0.0,0.0
2004-09-28 00:00:00-04:00,23.65220501073576,23.86682760619319,23.599645022994874,23.682865142822266,7390100,0.0,0.0
2004-09-29 00:00:00-04:00,23.660969790117523,23.739810622159094,23.437586875715674,23.490148544311523,8774700,0.0,0.0
2004-09-30 00:00:00-04:00,23.49014851315472,23.599649482972527,23.293046433312224,23.49452781677246,5828500,0.0,0.0
2004-10-01 00:00:00-04:00,23.481384500184532,23.77046694768882,23.389404101172243,23.617164611816406,5629300,0.0,0.0
2004-10-04 00:00:00-04:00,23.529568701881374,23.665348833798724,23.389407595536394,23.59088897705078,4775300,0.0,0.0
2004-10-05 00:00:00-04:00,23.65220596338409,23.89748870080737,23.630306106847645,23.849308013916016,5256800,0.0,0.0
2004-10-06 00:00:00-04:00,23.893108989366933,24.322352549397532,23.879969408921234,24.269792556762695,6954500,0.0,0.0
2004-10-07 00:00:00-04:00,24.17780893778395,24.558871757719785,24.077068269104444,24.186569213867188,5911800,0.0,0.0
2004-10-08 00:00:00-04:00,24.06831796646129,24.361779818021418,23.993856424324274,24.217239379882812,5792800,0.0,0.0
2004-10-11 00:00:00-04:00,24.2697888573025,24.287309409127456,23.915005201680163,24.0507869720459,3571000,0.0,0.0
2004-10-12 00:00:00-04:00,23.910636102633283,24.116498497295563,23.818655672578757,23.858076095581055,5115800,0.0,0.0
2004-10-13 00:00:00-04:00,23.652212964431865,23.71791422434071,23.271150001176927,23.349990844726562,7238300,0.0,0.0
2004-10-14 00:00:00-04:00,23.656581152065133,23.67848267564448,23.3499798721742,23.385019302368164,4937400,0.0,0.0
2004-10-15 00:00:00-04:00,23.433202098940672,23.542703043328245,23.33246143060632,23.389402389526367,6291200,0.0,0.0
2004-10-18 00:00:00-04:00,23.3675047997404,23.51204687268599,23.148502874078908,23.17478370666504,4997400,0.0,0.0
2004-10-19 00:00:00-04:00,22.95578062705176,23.148501710439326,22.95140132393359,23.10470199584961,6233500,0.0,0.0
2004-10-20 00:00:00-04:00,23.100325239619906,23.450728007526752,23.04338426769373,23.376266479492188,4727200,0.0,0.0
2004-10-21 00:00:00-04:00,23.49890120991479,23.56022146589298,23.227337689366163,23.385019302368164,4358700,0.0,0.0
2004-10-22 00:00:00-04:00,23.455101422914673,23.639063874166105,23.310561048436625,23.363121032714844,4122300,0.0,0.0
2004-10-25 00:00:00-04:00,23.411302360192966,23.533942883841924,23.192300470333073,23.40692138671875,4153200,0.0,0.0
2004-10-26 00:00:00-04:00,23.406927140350124,23.643449640542585,23.227345613356345,23.63031005859375,4400000,0.0,0.0
2004-10-27 00:00:00-04:00,23.63031058960609,23.71353072857254,23.060905857380504,23.201066970825195,5952700,0.0,0.0
2004-10-28 00:00:00-04:00,23.17040508876571,23.472627153612304,22.833141912767662,22.98206329345703,6476800,0.0,0.0
2004-10-29 00:00:00-04:00,22.776188352577805,23.28427248745511,22.73676795974891,23.2404727935791,6243200,0.0,0.0
2004-11-01 00:00:00-05:00,23.240481480291866,23.455102399695964,23.034619166255744,23.19230079650879,7027600,0.0,0.0
2004-11-02 00:00:00-05:00,23.01710945487012,23.244871731305853,22.798107458780294,22.82000732421875,5869900,0.0,0.0
2004-11-03 00:00:00-05:00,23.12660858996861,23.428832389572843,23.008347321104235,23.28866958618164,6868600,0.0,0.0
2004-11-04 00:00:00-05:00,23.42445267069568,23.83617581075431,23.393792525736664,23.81865692138672,5658100,0.0,0.0
2004-11-05 00:00:00-05:00,23.82302194045639,23.976324244175785,23.696000461307868,23.884342193603516,5833600,0.0,0.0
2004-11-08 00:00:00-05:00,23.871199672233438,23.871199672233438,23.349975913924194,23.371875762939453,5610800,0.0,0.0
2004-11-09 00:00:00-05:00,23.240483960585834,23.341224641587328,23.082802313504533,23.113462448120117,6426700,0.0,0.0
2004-11-10 00:00:00-05:00,22.995211812418045,23.152893532182503,22.688608654081914,23.0609130859375,8433900,0.0,0.0
2004-11-11 00:00:00-05:00,23.06090340977615,23.236103947560697,23.017102022190944,23.179162979125977,4889900,0.0,0.0
2004-11-12 00:00:00-05:00,23.11785078902081,23.901878356933594,23.1090905084413,23.901878356933594,5954600,0.0,0.0
2004-11-15 00:00:00-05:00,23.674110310987956,23.70915142477526,23.069664464975062,23.201066970825195,7492800,0.0,0.0
2004-11-16 00:00:00-05:00,23.355529015865137,23.386424122713436,23.152514610415345,23.187822341918945,5388200,0.4,0.0
2004-11-17 00:00:00-05:00,23.262849968020152,23.589439767323093,23.262849968020152,23.567373275756836,4773200,0.0,0.0
2004-11-18 00:00:00-05:00,23.585026789051934,23.677708752562047,23.426147030674922,23.651227951049805,3951500,0.0,0.0
2004-11-19 00:00:00-05:00,23.73507856420653,23.87189349758482,23.549718025660415,23.788040161132812,5324800,0.0,0.0
2004-11-22 00:00:00-05:00,23.87631520397733,24.211732044497484,23.818942644165826,24.185251235961914,5328400,0.0,0.0
2004-11-23 00:00:00-05:00,24.18523689710858,24.30881224677708,24.05283630005977,24.079317092895508,5750000,0.0,0.0
2004-11-24 00:00:00-05:00,24.163184083948497,24.202904453894885,23.94251573614988,24.088157653808594,4283500,0.0,0.0
2004-11-26 00:00:00-05:00,24.141113076389868,24.366194008330982,24.141113076389868,24.202899932861328,2471300,0.0,0.0
2004-11-29 00:00:00-05:00,24.273511456758634,24.313231815575946,23.960162894736175,24.123456954956055,4142800,0.0,0.0
2004-11-30 00:00:00-05:00,24.16318222124658,24.26027682553418,24.096981048583984,24.096981048583984,5107900,0.0,0.0
2004-12-01 00:00:00-05:00,24.136679512004157,24.22936140633832,23.602663040161133,23.602663040161133,8291200,0.0,0.0
2004-12-02 00:00:00-05:00,23.346701007510077,23.417314778607047,22.975978288359713,23.161338806152344,8949300,0.0,0.0
2004-12-03 00:00:00-05:00,23.090736879476687,23.364365172389768,23.037776944879372,23.209897994995117,6315300,0.0,0.0
2004-12-06 00:00:00-05:00,23.236372068253846,23.333464972942373,23.090730185872843,23.30698585510254,4680400,0.0,0.0
2004-12-07 00:00:00-05:00,23.30698113129693,23.439381744357885,22.998045245111275,23.006872177124023,5132400,0.0,0.0
2004-12-08 00:00:00-05:00,22.861237081898757,23.27609459130152,22.693528691213267,23.254026412963867,5539700,0.0,0.0
2004-12-09 00:00:00-05:00,23.258429466314382,23.306976741458115,22.96273319205929,23.29373550415039,4566600,0.0,0.0
2004-12-10 00:00:00-05:00,23.29373703575279,23.779208135545844,23.17899030078494,23.214296340942383,4800700,0.0,0.0
2004-12-13 00:00:00-05:00,23.302563068673223,23.67770004272461,23.29815044516044,23.67770004272461,5681000,0.0,0.0
2004-12-14 00:00:00-05:00,23.39083972493935,23.686534437879022,23.329052870508107,23.4261474609375,5165700,0.0,0.0
2004-12-15 00:00:00-05:00,23.399669243008073,23.562963331118592,23.245200406306164,23.249614715576172,6973800,0.0,0.0
2004-12-16 00:00:00-05:00,23.015712417966665,23.13045923335444,22.830350105643507,22.93627166748047,5114100,0.0,0.0
2004-12-17 00:00:00-05:00,22.50817239126933,22.975989913720632,22.503759764902806,22.82593536376953,8881400,0.0,0.0
2004-12-20 00:00:00-05:00,22.92301779482248,23.223126757243854,22.92301779482248,23.19664764404297,5040800,0.0,0.0
2004-12-21 00:00:00-05:00,23.196642637427747,23.351109709644334,23.130441501583597,23.29373550415039,4801200,0.0,0.0
2004-12-22 00:00:00-05:00,23.359947912718884,23.37318747285075,22.843583181222822,23.081905364990234,4381200,0.0,0.0
2004-12-23 00:00:00-05:00,23.081903229880496,23.293744590222907,23.081903229880496,23.245197296142578,2944600,0.0,0.0
2004-12-27 00:00:00-05:00,23.249605228791463,23.320218996206965,22.953908920288086,22.953908920288086,4774300,0.0,0.0
2004-12-28 00:00:00-05:00,23.09072067507817,23.26725591126986,23.09072067507817,23.143680572509766,4436700,0.0,0.0
2004-12-29 00:00:00-05:00,23.14810583107352,23.359947204589844,23.037771677144253,23.359947204589844,4227700,0.0,0.0
2004-12-30 00:00:00-05:00,23.35553834653777,23.35553834653777,23.179004669189453,23.179004669189453,3207500,0.0,0.0
2004-12-31 00:00:00-05:00,23.2098835291002,23.28049729240756,23.148096696651873,23.174575805664062,2303400,0.0,0.0
2005-01-03 00:00:00-05:00,23.152521062046997,23.156935371497678,22.433143509636626,22.46403694152832,7346800,0.0,0.0
2005-01-04 00:00:00-05:00,22.499329843547105,22.71117111703671,22.24335560275063,22.309555053710938,7157500,0.0,0.0
2005-01-05 00:00:00-05:00,22.362523954993858,22.618499982418506,22.28308491856998,22.4552059173584,5524000,0.0,0.0
2005-01-06 00:00:00-05:00,22.41989630733409,22.927434011088057,22.33162866099879,22.830339431762695,5849700,0.0,0.0
2005-01-07 00:00:00-05:00,22.83034187301525,22.834756181764966,22.419898704697882,22.57436752319336,5095100,0.0,0.0
2005-01-10 00:00:00-05:00,22.61408975833884,22.945092232249404,22.57878201967687,22.67587661743164,5179600,0.0,0.0
2005-01-11 00:00:00-05:00,22.72883299508201,22.808273711109273,22.55671200487806,22.68470001220703,4685000,0.0,0.0
2005-01-12 00:00:00-05:00,22.68910447156561,23.17457384273801,22.658211057958173,23.165748596191406,5454800,0.0,0.0
2005-01-13 00:00:00-05:00,23.2010616521245,23.624744324259385,22.94949996032158,22.975980758666992,6078300,0.0,0.0
2005-01-14 00:00:00-05:00,22.993637702457974,23.148106532780837,22.918611283623214,23.081905364990234,4538500,0.0,0.0
2005-01-18 00:00:00-05:00,23.19665886230941,23.430566787719727,23.117218117157602,23.430566787719727,6670000,0.0,0.0
2005-01-19 00:00:00-05:00,23.439388672893227,23.452628233043313,23.249613787435717,23.254026412963867,4742200,0.0,0.0
2005-01-20 00:00:00-05:00,23.254014359922856,23.254014359922856,22.870052162495305,22.931838989257812,5541800,0.0,0.0
2005-01-21 00:00:00-05:00,22.9495045773799,23.165760265127933,22.940677642822266,22.940677642822266,4253300,0.0,0.0
2005-01-24 00:00:00-05:00,23.081896388539544,23.439379525167002,23.07306945736251,23.20105743408203,4991100,0.0,0.0
2005-01-25 00:00:00-05:00,23.271678093567733,23.417319975783972,23.126037894916973,23.408493041992188,4603700,0.0,0.0
2005-01-26 00:00:00-05:00,23.576198327774915,23.730667134573824,23.443797695922548,23.629159927368164,5623700,0.0,0.0
2005-01-27 00:00:00-05:00,23.633580890192487,23.920450430051904,23.56738139269368,23.85866355895996,4482800,0.0,0.0
2005-01-28 00:00:00-05:00,23.8630681234695,23.876307681783217,23.487932713680728,23.708600997924805,4808200,0.0,0.0
2005-01-31 00:00:00-05:00,23.71301824196275,24.074914163932476,23.523243345860855,24.00871467590332,6161500,0.0,0.0
2005-02-01 00:00:00-05:00,24.11904953143118,24.344130490892475,24.110222596060925,24.339717864990234,6368900,0.0,0.0
2005-02-02 00:00:00-05:00,24.357366978304125,24.657476008756422,24.35295435295875,24.507421493530273,4834700,0.0,0.0
2005-02-03 00:00:00-05:00,24.507410592686632,24.82517335031136,24.375010004864603,24.82076072692871,5003100,0.0,0.0
2005-02-04 00:00:00-05:00,24.86049680109968,25.04585740461694,24.613347646177452,25.041444778442383,5387600,0.0,0.0
2005-02-07 00:00:00-05:00,25.045853157475737,25.067919651738368,24.728090252683955,24.82959747314453,5098800,0.0,0.0
2005-02-08 00:00:00-05:00,24.825187154377296,25.04585548463843,24.736919485559692,24.97965431213379,4198700,0.0,0.0
2005-02-09 00:00:00-05:00,24.926696664778362,25.04585777604915,24.675134879950896,24.78546905517578,4989800,0.0,0.0
2005-02-10 00:00:00-05:00,25.001717375207097,25.451879195272653,24.847248565498155,25.332719802856445,7157700,0.0,0.0
2005-02-11 00:00:00-05:00,25.37685827933934,25.8579153123251,25.350377473312005,25.668140411376953,6218800,0.0,0.0
2005-02-14 00:00:00-05:00,25.668127123330137,25.939206999833104,25.641464640542292,25.823665618896484,5033300,0.4,0.0
2005-02-15 00:00:00-05:00,25.88145277829265,25.925891406576948,25.668142615897995,25.850343704223633,3962900,0.0,0.0
2005-02-16 00:00:00-05:00,25.85033426705617,26.48581625183163,25.82811496102561,26.441377639770508,5273300,0.0,0.0
2005-02-17 00:00:00-05:00,26.47249632499903,26.605813913403818,25.974776537182777,26.045879364013672,6346800,0.0,0.0
2005-02-18 00:00:00-05:00,26.06363018821213,26.770214585451505,25.996970611119874,26.5435733795166,6554000,0.0,0.0
2005-02-22 00:00:00-05:00,26.641361226183857,27.143525800971354,26.370281219482422,26.370281219482422,8365000,0.0,0.0
2005-02-23 00:00:00-05:00,26.392506810778627,26.765797094935376,26.370287494088682,26.734689712524414,4481800,0.0,0.0
2005-02-24 00:00:00-05:00,26.79688759524109,27.214617944831776,26.619131478483123,27.179065704345703,6135400,0.0,0.0
2005-02-25 00:00:00-05:00,27.179084945560597,28.063428058637726,27.179084945560597,27.525711059570312,8809300,0.0,0.0
2005-02-28 00:00:00-05:00,27.712335325525224,27.907867547571193,26.770223062614285,27.587905883789062,9340500,0.0,0.0
2005-03-01 00:00:00-05:00,27.58791780053515,27.61013711112521,26.992431122507913,27.081308364868164,7370500,0.0,0.0
2005-03-02 00:00:00-05:00,27.081308564459487,27.49903906562019,27.04131312701271,27.361276626586914,6955900,0.0,0.0
2005-03-03 00:00:00-05:00,27.361273587713054,27.361273587713054,26.99687150710345,27.19240379333496,7776700,0.0,0.0
2005-03-04 00:00:00-05:00,27.139077399356893,27.521255608697924,26.93021216978108,27.42348861694336,7581700,0.0,0.0
2005-03-07 00:00:00-05:00,27.352382557518055,27.463480782118232,26.992425394757092,27.285724639892578,5755400,0.0,0.0
2005-03-08 00:00:00-05:00,27.18796405242756,27.50792755698028,27.139080550873697,27.330169677734375,7361100,0.0,0.0
2005-03-09 00:00:00-05:00,27.33016349386958,27.59679855718343,26.50803730263155,26.55691909790039,10872000,0.0,0.0
2005-03-10 00:00:00-05:00,26.47691895320215,26.481362134483906,25.67256752330958,25.992530822753906,14702900,0.0,0.0
2005-03-11 00:00:00-05:00,25.885871298459495,26.405809873923044,25.765885082147125,25.908090591430664,9268800,0.0,0.0
2005-03-14 00:00:00-05:00,25.988101681741583,26.205854991315775,25.597035378437276,26.192522048950195,7710000,0.0,0.0
2005-03-15 00:00:00-05:00,26.39250378446212,26.485825920994156,25.78812894653561,25.850343704223633,6797500,0.0,0.0
2005-03-16 00:00:00-05:00,25.85034531880988,26.330290671337245,25.601486272514308,26.045879364013672,7440100,0.0,0.0
2005-03-17 00:00:00-05:00,26.48580347002965,26.552463051176424,26.068074954484096,26.419145584106445,6774200,0.0,0.0
2005-03-18 00:00:00-05:00,26.42360089600614,26.872438665309716,26.37916228498915,26.832443237304688,11699700,0.0,0.0
2005-03-21 00:00:00-05:00,26.930211393526584,26.93909945572304,26.44582302277929,26.67246437072754,5566100,0.0,0.0
2005-03-22 00:00:00-05:00,26.676905494252956,27.041307540046205,26.254733591480473,26.294727325439453,7003400,0.0,0.0
2005-03-23 00:00:00-05:00,26.152526343445075,26.219185968913546,25.734797550153445,25.961437225341797,8926500,0.0,0.0
2005-03-24 00:00:00-05:00,26.072534831529115,26.356947757357805,25.614810613227288,25.868114471435547,7488100,0.0,0.0
2005-03-28 00:00:00-05:00,25.917006330323197,26.076988122953928,25.690366587579796,25.903675079345703,5146300,0.0,0.0
2005-03-29 00:00:00-05:00,25.89033895918912,26.308069521008893,25.68591855821029,25.725914001464844,6172700,0.0,0.0
2005-03-30 00:00:00-05:00,25.823665736419066,25.943651995182364,25.214848078448828,25.890323638916016,10312500,0.0,0.0
2005-03-31 00:00:00-05:00,26.081419969601576,26.330280616085044,25.685910540443977,25.912551879882812,9499900,0.0,0.0
2005-04-01 00:00:00-05:00,26.29918109550026,26.405834479232265,26.07253968842605,26.356952667236328,7304700,0.0,0.0
2005-04-04 00:00:00-04:00,26.254744446032284,26.259187631012104,25.219307737549094,25.321517944335938,25511600,0.0,0.0
2005-04-05 00:00:00-04:00,25.357080676197285,25.445957974296057,24.63716235597148,24.75714874267578,15546800,0.0,0.0
2005-04-06 00:00:00-04:00,24.84156219839889,25.53037081027495,24.761571345899807,25.43260383605957,10756300,0.0,0.0
2005-04-07 00:00:00-04:00,25.66813629835312,25.930328209238777,25.459272762553233,25.757015228271484,11672400,0.0,0.0
2005-04-08 00:00:00-04:00,25.690353939473944,25.79256410217251,25.183744613820018,25.1926326751709,6493500,0.0,0.0
2005-04-11 00:00:00-04:00,25.197077084892722,25.36594685697039,25.13486235181788,25.27262306213379,7066500,0.0,0.0
2005-04-12 00:00:00-04:00,25.10819604176238,25.259289678672218,24.721574736667044,24.770458221435547,9772700,0.0,0.0
2005-04-13 00:00:00-04:00,24.734908615284017,24.859338084153684,24.063876085734115,24.117202758789062,13435900,0.0,0.0
2005-04-14 00:00:00-04:00,24.303860409593128,24.401627443642706,23.828359881629776,23.89501953125,10756400,0.0,0.0
2005-04-15 00:00:00-04:00,23.997209447706936,23.997209447706936,22.96621836260855,23.201745986938477,13433500,0.0,0.0
2005-04-18 00:00:00-04:00,23.21952423036305,23.517266598174047,22.966220465286103,23.37506103515625,9426300,0.0,0.0
2005-04-19 00:00:00-04:00,23.463942096930435,23.806124794215307,23.410615429693262,23.703914642333984,10049100,0.0,0.0
2005-04-20 00:00:00-04:00,23.708359984135857,23.859453634421993,23.01955134424071,23.13064956665039,9978000,0.0,0.0
2005-04-21 00:00:00-04:00,23.197307984985446,23.761687129223557,23.197307984985446,23.708358764648438,8474600,0.0,0.0
2005-04-22 00:00:00-04:00,23.770584986589032,24.139430336512937,23.508393019322057,23.939453125,7996900,0.0,0.0
2005-04-25 00:00:00-04:00,24.152752106299058,24.352729239326894,24.06831807023143,24.161640167236328,6628300,0.0,0.0
2005-04-26 00:00:00-04:00,24.161644787510756,24.254968597585645,23.828350067138672,23.828350067138672,6133700,0.0,0.0
2005-04-27 00:00:00-04:00,23.83278586463628,23.85944834716261,23.04621042085413,23.10842514038086,9074600,0.0,0.0
2005-04-28 00:00:00-04:00,23.11287604326129,23.206199848950213,22.67292798237229,22.73069953918457,10209800,0.0,0.0
2005-04-29 00:00:00-04:00,22.908448045313538,23.10842514038086,22.508495550402866,23.10842514038086,14206500,0.0,0.0
2005-05-02 00:00:00-04:00,23.0862087188043,23.646142959594727,22.828460054081095,23.646142959594727,10505800,0.0,0.0
2005-05-03 00:00:00-04:00,23.570603199290552,23.646149189404642,23.2817470948228,23.4017333984375,11404200,0.0,0.0
2005-05-04 00:00:00-04:00,23.428395483179948,23.66392319030173,23.308409190337397,23.557268142700195,9993500,0.0,0.0
2005-05-05 00:00:00-04:00,23.6417109695615,23.88168362717638,23.463953068685672,23.68614959716797,6997500,0.0,0.0
2005-05-06 00:00:00-04:00,23.997214923899538,25.032651122286556,23.397285228891757,23.437280654907227,7384200,0.0,0.0
2005-05-09 00:00:00-04:00,23.503939362483234,23.801683476266696,23.472831996222556,23.75279998779297,12001100,0.0,0.0
2005-05-10 00:00:00-04:00,23.75280675525349,23.899455567232362,23.446174493000285,23.543941497802734,6518500,0.0,0.0
2005-05-11 00:00:00-04:00,23.543937278401454,23.77946498933409,23.44172710770947,23.73058319091797,6274300,0.0,0.0
2005-05-12 00:00:00-04:00,23.726136106575247,23.726136106575247,22.899565060611337,23.13064956665039,9557500,0.0,0.0
2005-05-13 00:00:00-04:00,23.335080237194887,23.335080237194887,22.65071617203397,22.788476943969727,9853700,0.0,0.0
2005-05-16 00:00:00-04:00,22.78848154857716,22.78848154857716,22.24187814490611,22.446298599243164,12789900,0.0,0.0
2005-05-17 00:00:00-04:00,22.558391923801207,23.105423903118776,22.334198012968027,23.078521728515625,8865200,0.45,0.0
2005-05-18 00:00:00-04:00,23.32960970255411,23.441706618996076,22.952963994890567,23.06954574584961,9875500,0.0,0.0
2005-05-19 00:00:00-04:00,23.18612650818245,23.41928830689619,23.09196550595092,23.387901306152344,7477000,0.0,0.0
2005-05-20 00:00:00-04:00,23.405842537540938,23.437229545410386,23.14577680323563,23.190616607666016,5688800,0.0,0.0
2005-05-23 00:00:00-04:00,23.316154593564576,23.6345093707733,23.20854081975983,23.571735382080078,8444800,0.0,0.0
2005-05-24 00:00:00-04:00,23.585189951410666,23.72867386406773,23.49551378884737,23.60761070251465,5486100,0.0,0.0
2005-05-25 00:00:00-04:00,23.715222728363884,24.024611304085187,23.544834941043682,23.908029556274414,6577000,0.0,0.0
2005-05-26 00:00:00-04:00,24.047026412266423,24.105315566176632,23.91699360345834,24.08738136291504,5208700,0.0,0.0
2005-05-27 00:00:00-04:00,24.105325749965942,24.517843387590872,24.105325749965942,24.473005294799805,5831800,0.0,0.0
2005-05-31 00:00:00-04:00,24.58509675165245,24.58509675165245,24.114288330078125,24.114288330078125,8462600,0.0,0.0
2005-06-01 00:00:00-04:00,24.289157297587145,24.66131985459698,24.123254352040426,24.549222946166992,6038300,0.0,0.0
2005-06-02 00:00:00-04:00,24.544734460092304,24.69718629066913,24.32054069221243,24.647863388061523,4949900,0.0,0.0
2005-06-03 00:00:00-04:00,24.558195757191232,24.76893853403395,24.45954991093065,24.688228607177734,6632700,0.0,0.0
2005-06-06 00:00:00-04:00,24.75549415787424,24.975204969136414,24.48197728056451,24.594074249267578,4945100,0.0,0.0
2005-06-07 00:00:00-04:00,24.719600666196428,24.88102042231946,24.54024500151253,24.562664031982422,6425200,0.0,0.0
2005-06-08 00:00:00-04:00,24.603034383283344,24.96622906207903,24.378840517216155,24.585100173950195,7384600,0.0,0.0
2005-06-09 00:00:00-04:00,24.683744953811967,25.351843444670184,24.540261012634705,25.11419677734375,7969000,0.0,0.0
2005-06-10 00:00:00-04:00,25.114184128226444,25.28457186398004,24.8989583248621,25.244216918945312,8527500,0.0,0.0
2005-06-13 00:00:00-04:00,25.244229633555488,25.28906943421307,25.006584676692555,25.11419677734375,5386800,0.0,0.0
2005-06-14 00:00:00-04:00,25.10971600588631,25.31149085159777,25.01107014565767,25.168006896972656,4848900,0.0,0.0
2005-06-15 00:00:00-04:00,25.217321027108934,25.526707875592027,25.167998114206615,25.486352920532227,7252100,0.0,0.0
2005-06-16 00:00:00-04:00,25.571546841968278,26.00200028103552,25.47290272320262,25.970611572265625,6498200,0.0,0.0
2005-06-17 00:00:00-04:00,26.342779474276895,26.59836034680727,26.226199415590404,26.441425323486328,14068500,0.0,0.0
2005-06-20 00:00:00-04:00,26.445906659945894,26.647681469473977,26.23516389105397,26.60732650756836,6126800,0.0,0.0
2005-06-21 00:00:00-04:00,26.49522483962754,26.67009573976918,26.253095111525397,26.356224060058594,9664900,0.0,0.0
2005-06-22 00:00:00-04:00,26.432444234063073,26.66112111309489,25.87644296532647,26.127540588378906,11979700,0.0,0.0
2005-06-23 00:00:00-04:00,25.939222367205225,26.61180377735364,25.670190487331052,25.70606231689453,17449600,0.0,0.0
2005-06-24 00:00:00-04:00,25.77332265723033,25.916806572515675,25.419095993041992,25.419095993041992,9201800,0.0,0.0
2005-06-27 00:00:00-04:00,25.49980872357264,25.916809432914146,25.49980872357264,25.670196533203125,6894200,0.0,0.0
2005-06-28 00:00:00-04:00,25.773317950936633,26.04235152581762,25.477382215891563,25.55809211730957,7079600,0.0,0.0
2005-06-29 00:00:00-04:00,25.55809711523256,25.683645115117052,25.244225405058113,25.450483322143555,8594300,0.0,0.0
2005-06-30 00:00:00-04:00,25.401157914796727,25.432544909577395,24.818252673526207,25.073833465576172,14126100,0.0,0.0
2005-07-01 00:00:00-04:00,25.26664750437919,25.66571401459921,25.15903540872929,25.544649124145508,5829100,0.0,0.0
2005-07-05 00:00:00-04:00,25.69260670833551,26.25757598876953,25.616381644565806,26.25757598876953,6061600,0.0,0.0
2005-07-06 00:00:00-04:00,26.36520032893629,26.450395099270665,25.562585816364795,25.629844665527344,6743100,0.0,0.0
2005-07-07 00:00:00-04:00,25.419096583644823,25.930259967996633,25.275612665025687,25.916807174682617,6722300,0.0,0.0
2005-07-08 00:00:00-04:00,26.010965781342133,26.12754752352874,25.49980415450427,25.719514846801758,5290100,0.0,0.0
2005-07-11 00:00:00-04:00,25.719519387471355,25.804712436830435,25.45945369395935,25.692615509033203,4582700,0.0,0.0
2005-07-12 00:00:00-04:00,25.773320692778984,26.006482464961795,25.558094836255556,25.786771774291992,5347900,0.0,0.0
2005-07-13 00:00:00-04:00,25.795733409483947,25.907830289185114,25.589475561344837,25.768831253051758,5567700,0.0,0.0
2005-07-14 00:00:00-04:00,25.768835276830238,26.01993123187314,25.24870574221762,25.47738265991211,10175400,0.0,0.0
2005-07-15 00:00:00-04:00,25.477382647548758,25.540156636279026,25.163510993434528,25.410123825073242,6201000,0.0,0.0
2005-07-18 00:00:00-04:00,25.324943295802527,25.49084630652196,25.19939525638931,25.271137237548828,6221600,0.0,0.0
2005-07-19 00:00:00-04:00,25.446002609971963,25.719519387471355,25.199389710910726,25.692615509033203,6033200,0.0,0.0
2005-07-20 00:00:00-04:00,25.580516485159976,25.966130158859286,25.4549684836628,25.827129364013672,8457100,0.0,0.0
2005-07-21 00:00:00-04:00,25.750907066193996,25.782294069963836,25.410131438888,25.544649124145508,6674700,0.0,0.0
2005-07-22 00:00:00-04:00,25.77332600343704,26.019938907948063,25.679164992517755,25.91232681274414,5841200,0.0,0.0
2005-07-25 00:00:00-04:00,25.939216829046636,26.414508206507655,25.858506940223773,26.172378540039062,8304400,0.0,0.0
2005-07-26 00:00:00-04:00,26.226189912137134,26.248608948707183,25.930254182209055,25.939220428466797,7062600,0.0,0.0
2005-07-27 00:00:00-04:00,25.93922947683892,26.176876136675634,25.80919833518877,26.154457092285156,5854900,0.0,0.0
2005-07-28 00:00:00-04:00,26.38761592410342,26.48626176718362,26.073745896963455,26.42797088623047,6822400,0.0,0.0
2005-07-29 00:00:00-04:00,26.531094923344483,26.755288735617313,25.95715931127421,26.01096534729004,8964200,0.0,0.0
2005-08-01 00:00:00-04:00,26.055801623527163,26.320350354764695,25.912317739852174,26.19928550720215,7251100,0.0,0.0
2005-08-02 00:00:00-04:00,26.257577459401908,26.768739030019926,26.181350680900106,26.705965042114258,15027600,0.0,0.0
2005-08-03 00:00:00-04:00,26.791167774625027,27.212651639329252,26.791167774625027,27.060199737548828,17656300,0.0,0.0
2005-08-04 00:00:00-04:00,27.06019519935158,27.351647869026493,27.001906033787172,27.087099075317383,9179400,0.0,0.0
2005-08-05 00:00:00-04:00,27.082617531099704,27.194714455134946,26.961552647886045,27.055713653564453,6788600,0.0,0.0
2005-08-08 00:00:00-04:00,27.23954664881078,27.88074105244287,27.235063525422902,27.468223571777344,10252000,0.0,0.0
2005-08-09 00:00:00-04:00,27.575846330637663,27.750717277596817,27.36958837835064,27.450298309326172,6873400,0.0,0.0
2005-08-10 00:00:00-04:00,27.723813519690594,28.091491312869824,27.52203870380848,28.0152645111084,15038200,0.0,0.0
2005-08-11 00:00:00-04:00,28.01526681134594,28.306719537157335,27.804524018514204,28.024234771728516,10127300,0.0,0.0
2005-08-12 00:00:00-04:00,28.064589426478726,28.091493307327617,27.80004058475366,27.925588607788086,6603000,0.0,0.0
2005-08-15 00:00:00-04:00,27.81349187854674,28.001815624974334,27.777621747609388,27.85833168029785,6899600,0.0,0.0
2005-08-16 00:00:00-04:00,27.67449067085647,27.817974604653273,27.32474708557129,27.32474708557129,8909100,0.0,0.0
2005-08-17 00:00:00-04:00,27.279573156189667,27.577710501818434,26.82784980080136,26.940780639648438,10441800,0.45,0.0
2005-08-18 00:00:00-04:00,26.74202538580369,26.972403559543444,26.516163687820868,26.868507385253906,8742400,0.0,0.0
2005-08-19 00:00:00-04:00,27.013067750511734,27.23892952388255,26.99048191781237,27.06727409362793,8901700,0.0,0.0
2005-08-22 00:00:00-04:00,27.284090639001914,27.51898526123668,27.0537107688121,27.256986618041992,6913300,0.0,0.0
2005-08-23 00:00:00-04:00,27.30668424105215,27.410580432882877,26.90916710299541,27.135028839111328,6602100,0.0,0.0
2005-08-24 00:00:00-04:00,27.220835432594036,27.279559922799702,26.949802240115144,27.026596069335938,8274900,0.0,0.0
2005-08-25 00:00:00-04:00,26.9227097576724,27.130503798932605,26.75105613310181,27.031124114990234,5930000,0.0,0.0
2005-08-26 00:00:00-04:00,26.981420879062327,27.07176584478072,26.8188002854066,26.823318481445312,6095500,0.0,0.0
2005-08-29 00:00:00-04:00,27.008540906247593,27.13502289936586,26.65619550326569,26.882057189941406,6902400,0.0,0.0
2005-08-30 00:00:00-04:00,26.918192596519162,27.374432389631686,26.900123250228763,27.34733009338379,9513500,0.0,0.0
2005-08-31 00:00:00-04:00,27.24343464242636,28.04750161810461,27.23439996904722,27.73581314086914,13775300,0.0,0.0
2005-09-01 00:00:00-04:00,28.45857014243524,28.512776460213967,27.87133015080032,28.32756996154785,10959400,0.0,0.0
2005-09-02 00:00:00-04:00,28.327569087556427,28.327569087556427,28.006845942744885,28.142362594604492,8629800,0.0,0.0
2005-09-06 00:00:00-04:00,28.241741240974235,28.34563739436229,27.85777539773562,28.160430908203125,7457700,0.0,0.0
2005-09-07 00:00:00-04:00,28.160429565803973,28.616669323992923,28.024912925374707,28.173980712890625,8905200,0.0,0.0
2005-09-08 00:00:00-04:00,27.939083793851037,28.309496740493422,27.880361008955013,28.033946990966797,6704400,0.0,0.0
2005-09-09 00:00:00-04:00,28.19656235728197,28.851561366087925,28.19656235728197,28.824459075927734,9141000,0.0,0.0
2005-09-12 00:00:00-04:00,28.824459782445874,28.86511494186998,28.52180432380255,28.594079971313477,10514100,0.0,0.0
2005-09-13 00:00:00-04:00,28.621187521813525,28.72508367024888,28.155913091170945,28.173980712890625,9950400,0.0,0.0
2005-09-14 00:00:00-04:00,28.250780231614712,28.50374421828688,28.164951687689864,28.25529670715332,8956600,0.0,0.0
2005-09-15 00:00:00-04:00,28.413410437295862,28.490202609484356,27.88037653946202,28.210134506225586,8014400,0.0,0.0
2005-09-16 00:00:00-04:00,28.422437767108626,28.661852359965998,28.386300788285045,28.630231857299805,11796800,0.0,0.0
2005-09-19 00:00:00-04:00,28.729596593516863,29.154217530410616,28.729596593516863,29.05031967163086,7488800,0.0,0.0
2005-09-20 00:00:00-04:00,29.050333334535214,29.25812570344856,28.779299959708084,28.928369522094727,6566400,0.0,0.0
2005-09-21 00:00:00-04:00,29.181332358445456,29.357504217233984,28.910298994645892,29.032262802124023,7294500,0.0,0.0
2005-09-22 00:00:00-04:00,29.325886980093472,29.357507485283783,28.368233701783446,28.806406021118164,7655400,0.0,0.0
2005-09-23 00:00:00-04:00,28.707015956485634,28.756705796210195,28.377258147535347,28.580533981323242,7777500,0.0,0.0
2005-09-26 00:00:00-04:00,28.50825925263005,29.185844238612937,28.50825925263005,29.018705368041992,6196600,0.0,0.0
2005-09-27 00:00:00-04:00,29.045806159605466,29.176802868420868,28.72508134462455,28.99159812927246,6161300,0.0,0.0
2005-09-28 00:00:00-04:00,29.226503744873003,29.36202214872528,28.987090884926662,29.352989196777344,6452700,0.0,0.0
2005-09-29 00:00:00-04:00,29.352984274575945,29.804707616499165,29.240053439095142,29.709842681884766,8786500,0.0,0.0
2005-09-30 00:00:00-04:00,29.673714910216948,29.678229663383267,29.23554260673163,29.240060806274414,6603800,0.0,0.0
2005-10-03 00:00:00-04:00,29.474962844432554,29.583375535886198,28.964516452726723,29.113582611083984,6762500,0.0,0.0
2005-10-04 00:00:00-04:00,29.118082748413496,29.118082748413496,28.32305051925826,28.38629150390625,9170500,0.0,0.0
2005-10-05 00:00:00-04:00,28.386290149226756,28.503737440369854,27.821636065834426,28.024911880493164,13492100,0.0,0.0
2005-10-06 00:00:00-04:00,27.871323383374452,27.988770663908994,26.65618680283272,27.1033935546875,18288700,0.0,0.0
2005-10-07 00:00:00-04:00,27.270541865837483,27.55512809753418,27.02209433418585,27.55512809753418,9934900,0.0,0.0
2005-10-10 00:00:00-04:00,27.532534151782407,27.550603496475983,27.013051692561255,27.252466201782227,7101400,0.0,0.0
2005-10-11 00:00:00-04:00,27.311196114231837,28.363712454259318,27.311196114231837,28.074609756469727,11535400,0.0,0.0
2005-10-12 00:00:00-04:00,28.01588529791165,28.29595332165087,27.442196376750925,27.537057876586914,8931400,0.0,0.0
2005-10-13 00:00:00-04:00,27.397024043371733,27.46478151734213,26.39871405093679,26.895610809326172,13801000,0.0,0.0
2005-10-14 00:00:00-04:00,26.705886686996195,26.985956433190257,26.109611942176585,26.868507385253906,13246300,0.0,0.0
2005-10-17 00:00:00-04:00,27.09887989135059,27.29311931330684,26.791707928015665,27.080810546875,7443900,0.0,0.0
2005-10-18 00:00:00-04:00,26.696846672231587,26.85946733796094,25.879228591918945,25.879228591918945,10332700,0.0,0.0
2005-10-19 00:00:00-04:00,25.937950286158035,26.42581226275431,25.454606507412237,26.35353660583496,12145100,0.0,0.0
2005-10-20 00:00:00-04:00,26.254156456411017,26.326432112022825,24.853814982736953,25.18357276916504,20081500,0.0,0.0
2005-10-21 00:00:00-04:00,25.192603622854087,26.019256200912007,25.07063814939886,25.432016372680664,11869500,0.0,0.0
2005-10-24 00:00:00-04:00,25.43653792482696,26.163810941213978,25.32360710745669,26.123157501220703,8080400,0.0,0.0
2005-10-25 00:00:00-04:00,26.177358295111777,26.65618375702614,25.937943840967435,26.50259780883789,9632600,0.0,0.0
2005-10-26 00:00:00-04:00,26.470992778700694,26.86850988665104,25.974097686153886,26.04637336730957,13043500,0.0,0.0
2005-10-27 00:00:00-04:00,26.195441852660338,26.299338032353457,25.459132196448653,25.52237319946289,10388800,0.0,0.0
2005-10-28 00:00:00-04:00,25.680472984028928,25.9695773893065,24.75444041696425,25.91988754272461,13310800,0.0,0.0
2005-10-31 00:00:00-05:00,26.001185574812286,26.3264250765547,25.481703254237335,25.77984046936035,11141300,0.0,0.0
2005-11-01 00:00:00-05:00,25.77984659688588,26.19543289676258,25.666915780630664,26.037328720092773,7505800,0.0,0.0
2005-11-02 00:00:00-05:00,25.992167642017492,26.475511594090207,25.847616276342748,26.434856414794922,7410300,0.0,0.0
2005-11-03 00:00:00-05:00,26.556818862385295,26.913680758763274,26.41226751353133,26.868507385253906,8820100,0.0,0.0
2005-11-04 00:00:00-05:00,26.86849766192551,26.86849766192551,26.019257502345432,26.204463958740234,9375600,0.0,0.0
2005-11-07 00:00:00-05:00,26.204466684154674,26.204466684154674,25.69853709363495,25.928916931152344,8421300,0.0,0.0
2005-11-08 00:00:00-05:00,25.82049880459624,26.190911701665843,25.775327172538894,26.13670539855957,5248000,0.0,0.0
2005-11-09 00:00:00-05:00,26.13219705879689,26.312887101559173,25.639818501617018,25.644336700439453,10957900,0.0,0.0
2005-11-10 00:00:00-05:00,25.585610482563983,25.739196491777747,24.844784458069775,25.40040397644043,15663000,0.0,0.0
2005-11-11 00:00:00-05:00,25.32361256062604,25.73919723091034,25.31909436197327,25.58109474182129,11539000,0.0,0.0
2005-11-14 00:00:00-05:00,25.7256491683831,25.93344152846015,25.44106293068482,25.56754493713379,10453900,0.0,0.0
2005-11-15 00:00:00-05:00,25.743712725538714,26.249642360670588,25.567539183531103,25.60819435119629,10658800,0.0,0.0
2005-11-16 00:00:00-05:00,25.630967392543617,26.12728570688817,25.571772987077935,26.022558212280273,8745800,0.45,0.0
2005-11-17 00:00:00-05:00,26.227449006772527,26.446012616157198,25.99067494772729,26.1637020111084,10257100,0.0,0.0
2005-11-18 00:00:00-05:00,26.4095912162313,26.51431869709995,25.99978651980981,26.459678649902344,8080400,0.0,0.0
2005-11-21 00:00:00-05:00,26.527972026470085,26.860370055819256,26.509759839677624,26.796621322631836,8741400,0.0,0.0
2005-11-22 00:00:00-05:00,26.864932775315552,26.974214622060863,26.587176412773246,26.919572830200195,8163700,0.0,0.0
2005-11-23 00:00:00-05:00,26.864926089995667,26.996974448668094,26.500656253119658,26.732877731323242,6801400,0.0,0.0
2005-11-25 00:00:00-05:00,26.88769328563152,26.937780715107877,26.650917451636886,26.655471801757812,2346700,0.0,0.0
2005-11-28 00:00:00-05:00,26.58260883663055,26.609927980208326,26.004329892241977,26.036203384399414,6936500,0.0,0.0
2005-11-29 00:00:00-05:00,26.172815782252833,26.44146514599956,26.072640913303808,26.12272834777832,7474900,0.0,0.0
2005-11-30 00:00:00-05:00,26.168261457622375,26.500657811884206,26.045320054762403,26.095407485961914,7812000,0.0,0.0
2005-12-01 00:00:00-05:00,26.272987387950202,26.78751950958634,26.236559535774806,26.732877731323242,6640600,0.0,0.0
2005-12-02 00:00:00-05:00,26.80574213006743,27.074391564990478,26.564413594907766,26.946897506713867,7827100,0.0,0.0
2005-12-05 00:00:00-05:00,27.078938777308316,27.338481177214238,26.978763908230306,27.15634536743164,7668800,0.0,0.0
2005-12-06 00:00:00-05:00,27.179122152991404,27.53883955754978,26.933240975182922,27.31117057800293,7472700,0.0,0.0
2005-12-07 00:00:00-05:00,27.352141920691572,27.54793731661068,26.915018042955104,27.00153160095215,6742100,0.0,0.0
2005-12-08 00:00:00-05:00,27.006087973370505,27.31116349307337,26.974214463460534,27.147241592407227,9596200,0.0,0.0
2005-12-09 00:00:00-05:00,27.05617435243038,27.05617435243038,26.737439245371625,26.78297233581543,8588900,0.0,0.0
2005-12-12 00:00:00-05:00,26.93777984977079,27.22464310402672,26.823945418063346,27.1290225982666,6617000,0.0,0.0
2005-12-13 00:00:00-05:00,27.27473543852903,27.283840666165116,26.741989299071612,26.801183700561523,7918800,0.0,0.0
2005-12-14 00:00:00-05:00,26.84216913185815,27.047071531043187,26.81940258461008,26.992429733276367,8841000,0.0,0.0
2005-12-15 00:00:00-05:00,26.992427682518883,26.992427682518883,26.582624652259927,26.874040603637695,7054900,0.0,0.0
2005-12-16 00:00:00-05:00,26.892258558684752,26.9514512384942,26.159164219259377,26.18648338317871,10021200,0.0,0.0
2005-12-19 00:00:00-05:00,26.2684386086114,26.35039955641167,25.81310078171033,25.840421676635742,9568000,0.0,0.0
2005-12-20 00:00:00-05:00,26.031668244577688,26.090862660967485,25.835874535552353,25.89506721496582,8698800,0.0,0.0
2005-12-21 00:00:00-05:00,26.17282055812701,26.377722947014128,25.895064179521825,25.96336555480957,10767000,0.0,0.0
2005-12-22 00:00:00-05:00,25.977022138478212,26.154603609369964,25.926934700641887,26.004343032836914,7111600,0.0,0.0
2005-12-23 00:00:00-05:00,26.004343657553576,26.17737251869694,25.731139918331007,26.013450622558594,3979100,0.0,0.0
2005-12-27 00:00:00-05:00,25.95425683772036,25.96336380294265,25.243929183166124,25.44883155822754,9578200,0.0,0.0
2005-12-28 00:00:00-05:00,25.55810747212677,25.936036887769795,25.44882565179861,25.817649841308594,6665200,0.0,0.0
2005-12-29 00:00:00-05:00,25.831304351122505,26.08629405722601,25.699256017409514,25.71291732788086,4633700,0.0,0.0
2005-12-30 00:00:00-05:00,25.71292446784222,26.017999940469753,25.47159426822226,25.849525451660156,5904400,0.0,0.0
2006-01-03 00:00:00-05:00,26.068081262540787,26.910455246103496,25.98156773169675,26.901350021362305,13296000,0.0,0.0
2006-01-04 00:00:00-05:00,26.9013562304636,26.9013562304636,26.605385985777147,26.82394790649414,8838700,0.0,0.0
2006-01-05 00:00:00-05:00,26.719227244169204,26.84672129620082,26.341295965680942,26.496110916137695,8634800,0.0,0.0
2006-01-06 00:00:00-05:00,26.842162593133516,27.12447153158704,26.678240713716697,26.978763580322266,9609000,0.0,0.0
2006-01-09 00:00:00-05:00,27.08805553367976,27.12903601884628,26.66003674705694,26.842172622680664,6442300,0.0,0.0
2006-01-10 00:00:00-05:00,26.755647077107255,27.083490833174206,26.75109446359556,26.974210739135742,6969000,0.0,0.0
2006-01-11 00:00:00-05:00,26.965104689608804,27.320267612742185,26.70556228624582,27.247413635253906,6451300,0.0,0.0
2006-01-12 00:00:00-05:00,27.320253806990202,27.588903038904604,27.142672435160762,27.270166397094727,7535200,0.0,0.0
2006-01-13 00:00:00-05:00,27.270190127045854,27.602586629171746,27.206443090607525,27.48419952392578,5867900,0.0,0.0
2006-01-17 00:00:00-05:00,27.73006489652683,28.18540256814812,27.648103976676968,28.16718864440918,8751800,0.0,0.0
2006-01-18 00:00:00-05:00,28.221820400574096,28.230927359772295,27.52970713428463,27.730056762695312,8984000,0.0,0.0
2006-01-19 00:00:00-05:00,27.50240879681133,28.117114243373976,27.41589348747466,28.048812866210938,7877800,0.0,0.0
2006-01-20 00:00:00-05:00,28.230939854168962,28.42673522114786,27.66176767968975,27.830242156982422,11189300,0.0,0.0
2006-01-23 00:00:00-05:00,27.816579435112207,28.403965469626954,27.557037091856934,28.326557159423828,8962800,0.0,0.0
2006-01-24 00:00:00-05:00,28.253707885742188,28.558785090600537,28.139873444835107,28.253707885742188,8400100,0.0,0.0
2006-01-25 00:00:00-05:00,28.367548994743835,28.481383462408917,27.5616007552379,27.893997192382812,12446800,0.0,0.0
2006-01-26 00:00:00-05:00,28.003278298946583,28.003278298946583,27.37035895352071,27.420446395874023,14414400,0.0,0.0
2006-01-27 00:00:00-05:00,27.365798011384232,27.666320856149383,27.22919703412292,27.49329376220703,16687800,0.0,0.0
2006-01-30 00:00:00-05:00,27.707301039223555,27.707301039223555,27.23375110536655,27.661767959594727,12625000,0.0,0.0
2006-01-31 00:00:00-05:00,27.506951626741056,27.593465168327416,26.98786690327176,27.037954330444336,15266500,0.0,0.0
2006-02-01 00:00:00-05:00,27.037956612526223,27.22919763753492,26.682791979405398,26.72832679748535,11121300,0.0,0.0
2006-02-02 00:00:00-05:00,26.73288309728941,26.887698026158937,26.29575920529637,26.641815185546875,9142700,0.0,0.0
2006-02-03 00:00:00-05:00,26.46422028842195,26.72376257619522,26.12271709535448,26.18191146850586,11274800,0.0,0.0
2006-02-06 00:00:00-05:00,26.409590410820982,27.05616920437204,26.409590410820982,26.79207420349121,9908000,0.0,0.0
2006-02-07 00:00:00-05:00,26.65548206797619,26.65548206797619,26.227463314493185,26.29121208190918,9927100,0.0,0.0
2006-02-08 00:00:00-05:00,26.291214584610255,26.491562661774477,25.863195790383482,26.359514236450195,9877700,0.0,0.0
2006-02-09 00:00:00-05:00,26.46422897096626,26.851267092276235,25.83130979007861,25.90871810913086,11167100,0.0,0.0
2006-02-10 00:00:00-05:00,26.099954049634785,26.17736235363062,25.498908488506583,25.77666473388672,12130600,0.0,0.0
2006-02-13 00:00:00-05:00,25.785779555077948,26.222903416960165,25.658283792630435,25.781225204467773,8094000,0.0,0.0
2006-02-14 00:00:00-05:00,25.634337641718307,25.840881452128002,25.43238466647916,25.574670791625977,12426900,0.45,0.0
2006-02-15 00:00:00-05:00,25.634348638117952,25.873021393542853,25.473704356048962,25.684837341308594,11940500,0.0,0.0
2006-02-16 00:00:00-05:00,25.749099108996564,25.974002890201415,25.684841386049932,25.840896606445312,10606900,0.0,0.0
2006-02-17 00:00:00-05:00,26.06120355625171,26.341185071179222,25.840890663577085,26.24020767211914,10893000,0.0,0.0
2006-02-21 00:00:00-05:00,26.616584208360813,26.80476829437907,26.38709133512432,26.575275421142578,9605400,0.0,0.0
2006-02-22 00:00:00-05:00,26.575277037644984,26.575277037644984,26.12088035060467,26.27234649658203,7623200,0.0,0.0
2006-02-23 00:00:00-05:00,26.208082489018764,26.50642389118085,26.06579804411284,26.226442337036133,9232800,0.0,0.0
2006-02-24 00:00:00-05:00,26.41921292215515,26.607396956352513,26.345775292977915,26.460521697998047,8450000,0.0,0.0
2006-02-27 00:00:00-05:00,26.4605295807557,26.49265844366143,26.185137076131525,26.208086013793945,6204800,0.0,0.0
2006-02-28 00:00:00-05:00,26.019898079604918,26.088746633312862,25.80876508287468,25.923511505126953,8858000,0.0,0.0
2006-03-01 00:00:00-05:00,26.033673683791257,26.29529543512327,25.99236489406032,26.27234649658203,7391900,0.0,0.0
2006-03-02 00:00:00-05:00,26.272337259488108,26.43298152368761,25.93268713546338,26.16676902770996,10056900,0.0,0.0
2006-03-03 00:00:00-05:00,26.079560352843572,26.364130920418923,26.01071181591664,26.148408889770508,9471600,0.0,0.0
2006-03-06 00:00:00-05:00,26.047441516283804,26.097930229321477,25.615995538229367,25.634353637695312,9684300,0.0,0.0
2006-03-07 00:00:00-05:00,25.6343464923311,25.675655268675467,25.221260479778653,25.391084671020508,10783000,0.0,0.0
2006-03-08 00:00:00-05:00,25.39108527350743,25.53337145115672,24.854072919179497,25.299287796020508,14190200,0.0,0.0
2006-03-09 00:00:00-05:00,25.4599353787046,25.519602254467983,24.991769790649414,24.991769790649414,11726300,0.0,0.0
2006-03-10 00:00:00-05:00,24.854075956191,25.06061811716066,24.675070065317044,24.82194709777832,11114000,0.0,0.0
2006-03-13 00:00:00-05:00,25.028490403417287,25.418629310529276,24.90456405063288,25.326831817626953,10585600,0.0,0.0
2006-03-14 00:00:00-05:00,25.336017010014473,25.918929197621353,25.25798851201133,25.863849639892578,10098600,0.0,0.0
2006-03-15 00:00:00-05:00,25.93268585205078,25.978583710724532,25.556317808074606,25.93268585205078,8740200,0.0,0.0
2006-03-16 00:00:00-05:00,25.9372883891354,26.634947058320165,25.831721858724098,26.501842498779297,11252700,0.0,0.0
2006-03-17 00:00:00-05:00,26.611977146682868,26.639516905002925,26.171351518905617,26.244789123535156,9385900,0.0,0.0
2006-03-20 00:00:00-05:00,26.162187920793038,26.35955193465281,26.001543607600986,26.047441482543945,6876200,0.0,0.0
2006-03-21 00:00:00-05:00,25.978586055785964,26.208078871652948,25.772043922218668,25.96481704711914,6231400,0.0,0.0
2006-03-22 00:00:00-05:00,25.895975694018542,26.272345627388486,25.817948955381414,25.9281063079834,6398400,0.0,0.0
2006-03-23 00:00:00-05:00,26.00611672113244,26.102503249844656,25.79498382465121,25.992347717285156,7381200,0.0,0.0
2006-03-24 00:00:00-05:00,26.024482553227177,26.529365987321455,26.001533624566715,26.423799514770508,9533000,0.0,0.0
2006-03-27 00:00:00-05:00,26.55231708378737,26.81393874383642,26.31364610516356,26.717552185058594,7296100,0.0,0.0
2006-03-28 00:00:00-05:00,26.80934361249348,27.02047652722171,26.53854209111917,26.556901931762695,8749800,0.0,0.0
2006-03-29 00:00:00-05:00,26.414628208402917,27.00213112889598,26.414628208402917,26.91033363342285,7322100,0.0,0.0
2006-03-30 00:00:00-05:00,26.96540864562596,27.21326133254012,26.804764358306453,26.85525131225586,6748300,0.0,0.0
2006-03-31 00:00:00-05:00,26.740493911668846,26.813931520128406,26.465103317668163,26.607389450073242,7363200,0.0,0.0
2006-04-03 00:00:00-04:00,26.78180885791221,27.171947665508196,26.72673107657659,26.777219772338867,6919400,0.0,0.0
2006-04-04 00:00:00-04:00,26.781812463269503,27.14900239064754,26.64870795303087,27.03884506225586,5795800,0.0,0.0
2006-04-05 00:00:00-04:00,27.038846887066885,27.314237600294778,26.901151530452935,27.309648513793945,6873800,0.0,0.0
2006-04-06 00:00:00-04:00,27.37850415082461,27.465710824033934,27.06180282269599,27.268346786499023,5212200,0.0,0.0
2006-04-07 00:00:00-04:00,27.392268442910282,27.396857529807328,26.800176432370186,26.919513702392578,6880500,0.0,0.0
2006-04-10 00:00:00-04:00,27.144405366784614,27.45651568338464,27.13063636045815,27.41061782836914,7380200,0.0,0.0
2006-04-11 00:00:00-04:00,27.493248961962067,27.78240874313652,27.208676517310032,27.29129409790039,7476800,0.0,0.0
2006-04-12 00:00:00-04:00,27.176542652836556,27.428984435578,26.827714294103348,26.92868995666504,7136800,0.0,0.0
2006-04-13 00:00:00-04:00,26.80476038870127,27.057202124629026,26.62116544390409,26.97917366027832,5250200,0.0,0.0
2006-04-17 00:00:00-04:00,27.162783503849827,27.300478912528003,27.0801659084645,27.227041244506836,5121900,0.0,0.0
2006-04-18 00:00:00-04:00,27.47028438982986,27.979758629038518,27.47028438982986,27.93844985961914,9218000,0.0,0.0
2006-04-19 00:00:00-04:00,27.764037483024516,28.195483282028857,27.589622478792563,28.002708435058594,8220700,0.0,0.0
2006-04-20 00:00:00-04:00,27.860417667137458,27.965984112432576,27.259146086483792,27.55289649963379,8970100,0.0,0.0
2006-04-21 00:00:00-04:00,27.754860588567787,28.232204295585458,27.589625487684643,28.218435287475586,10951000,0.0,0.0
2006-04-24 00:00:00-04:00,28.2597525425852,28.314830342443027,27.89256429204687,27.993541717529297,11450400,0.0,0.0
2006-04-25 00:00:00-04:00,28.177123452004192,28.429565161651386,27.56667356325337,27.727317810058594,9434400,0.0,0.0
2006-04-26 00:00:00-04:00,27.736511871880527,28.360732836373057,27.539147838963274,27.640125274658203,11277400,0.0,0.0
2006-04-27 00:00:00-04:00,27.378507650858708,27.98895794314698,26.94247072728587,27.529972076416016,9758600,0.0,0.0
2006-04-28 00:00:00-04:00,27.768638065564655,28.177135105725334,27.722740190606352,28.00731086730957,8885500,0.0,0.0
2006-05-01 00:00:00-04:00,28.282698626102576,28.457113684093418,28.048616687157942,28.076154708862305,7225800,0.0,0.0
2006-05-02 00:00:00-04:00,28.259757931582136,28.89315887885451,28.177140340594782,28.824310302734375,8404900,0.0,0.0
2006-05-03 00:00:00-04:00,28.796747411147308,28.796747411147308,28.190885016684472,28.41119956970215,8684100,0.0,0.0
2006-05-04 00:00:00-04:00,28.27351639145608,28.66365525900455,28.021074624743168,28.457111358642578,9835300,0.0,0.0
2006-05-05 00:00:00-04:00,28.677435985332224,28.870210954728318,28.447943058031974,28.617767333984375,8666800,0.0,0.0
2006-05-08 00:00:00-04:00,28.457107539093265,28.61775180065105,28.126637342870247,28.46169662475586,6501300,0.0,0.0
2006-05-09 00:00:00-04:00,28.438749388323014,28.99871242062911,28.406620534098032,28.851837158203125,15199900,0.0,0.0
2006-05-10 00:00:00-04:00,28.82889027801043,28.897737077294963,28.512189048270944,28.861019134521484,10326500,0.0,0.0
2006-05-11 00:00:00-04:00,29.00330048044896,29.214435194746354,28.686601035339635,28.782987594604492,12982200,0.0,0.0
2006-05-12 00:00:00-04:00,28.80134663689819,28.828886403445512,28.076148542505525,28.172536849975586,12274500,0.0,0.0
2006-05-15 00:00:00-04:00,27.72733405724935,28.273526567326662,27.520790082550537,27.79618263244629,12016800,0.0,0.0
2006-05-16 00:00:00-04:00,27.906333441331267,28.374499119651095,27.745689128085505,28.00731086730957,9440100,0.0,0.0
2006-05-17 00:00:00-04:00,27.785101281005417,28.206368154267736,26.97960107279831,27.28513526916504,11008500,0.52,0.0
2006-05-18 00:00:00-04:00,27.285125013694362,27.61380703465318,27.174022674560547,27.174022674560547,8819400,0.0,0.0
2006-05-19 00:00:00-04:00,27.178653005683085,27.451782109252214,26.58610244849174,27.067550659179688,11406800,0.0,0.0
2006-05-22 00:00:00-04:00,26.84997887567206,27.197176878374716,26.396307030720102,26.951824188232422,10186800,0.0,0.0
2006-05-23 00:00:00-04:00,27.299031378860754,27.590676527811762,26.82684172434932,26.89628028869629,8480700,0.0,0.0
2006-05-24 00:00:00-04:00,26.775910505782,27.086073212617933,26.215764808817156,26.664806365966797,13293100,0.0,0.0
2006-05-25 00:00:00-04:00,27.058304523763407,27.655485655545434,26.8638726773024,27.539752960205078,11080200,0.0,0.0
2006-05-26 00:00:00-04:00,27.590666043772252,27.743434005979783,27.410123372756292,27.697141647338867,5325600,0.0,0.0
2006-05-30 00:00:00-04:00,27.775824635399463,27.812859915897562,27.039765211923804,27.05828285217285,7821700,0.0,0.0
2006-05-31 00:00:00-04:00,27.0675474391736,27.697133214262685,27.0675474391736,27.67861557006836,12303800,0.0,0.0
2006-06-01 00:00:00-04:00,27.623073339815843,27.868427805601836,27.340687103173043,27.766582489013672,11501600,0.0,0.0
2006-06-02 00:00:00-04:00,27.965646534677408,28.169335428922853,27.697147617987532,28.123043060302734,11399900,0.0,0.0
2006-06-05 00:00:00-04:00,28.359125197084023,28.37301431465878,27.461040550586855,27.47492790222168,8690000,0.0,0.0
2006-06-06 00:00:00-04:00,27.47956839641995,27.646223741655636,27.08144768634372,27.280508041381836,10554600,0.0,0.0
2006-06-07 00:00:00-04:00,27.178659591486475,27.641590267952363,26.46111739615243,26.46574592590332,13807800,0.0,0.0
2006-06-08 00:00:00-04:00,26.28057321490631,26.849977702547502,25.65098724829613,26.785167694091797,15265800,0.0,0.0
2006-06-09 00:00:00-04:00,26.83146468253489,26.99812002785781,26.535189297934405,26.632404327392578,12866100,0.0,0.0
2006-06-12 00:00:00-04:00,26.79442563137738,27.039778302671884,26.52592501559528,26.660175323486328,10809600,0.0,0.0
2006-06-13 00:00:00-04:00,26.660180361780053,26.92405073215529,26.243542005429386,26.285205841064453,14723900,0.0,0.0
2006-06-14 00:00:00-04:00,26.456491075832567,26.780541163668406,26.34075839705104,26.771284103393555,9987700,0.0,0.0
2006-06-15 00:00:00-04:00,26.988847129400728,27.65546816311717,26.95181360860519,27.511959075927734,11799900,0.0,0.0
2006-06-16 00:00:00-04:00,27.359192519251845,27.456409268766766,26.896262007819903,27.17864990234375,12494500,0.0,0.0
2006-06-19 00:00:00-04:00,27.183291646675453,27.183291646675453,26.437972926772538,26.623144149780273,8140200,0.0,0.0
2006-06-20 00:00:00-04:00,26.73887682638779,27.025895135851606,26.586110611554925,26.623144149780273,7998400,0.0,0.0
2006-06-21 00:00:00-04:00,26.627770582841748,27.40086390277477,26.613883228764465,26.979597091674805,7878200,0.0,0.0
2006-06-22 00:00:00-04:00,27.053658947205882,27.29901332359183,26.836082803692033,27.15550422668457,6290400,0.0,0.0
2006-06-23 00:00:00-04:00,27.201796074727394,27.442520152584773,27.155503729960103,27.17864990234375,6558900,0.0,0.0
2006-06-26 00:00:00-04:00,27.183297197314022,27.706407730918357,27.09071068393439,27.627710342407227,5870000,0.0,0.0
2006-06-27 00:00:00-04:00,27.7758454632458,28.41931893392715,27.757327809111203,27.8221378326416,7787700,0.0,0.0
2006-06-28 00:00:00-04:00,27.937872566347913,28.460984855313058,27.937872566347913,28.405433654785156,8304000,0.0,0.0
2006-06-29 00:00:00-04:00,28.507281041835324,29.155383137058948,28.479504556605658,28.910030364990234,9986800,0.0,0.0
2006-06-30 00:00:00-04:00,28.91003687464176,29.025769606913393,28.6785714100985,28.729494094848633,8103100,0.0,0.0
2006-07-03 00:00:00-04:00,28.82669408643916,29.16463327597812,28.82206379064332,29.048900604248047,3133300,0.0,0.0
2006-07-05 00:00:00-04:00,29.05353581693797,29.641458136472266,28.95632077414921,29.572019577026367,9895500,0.0,0.0
2006-07-06 00:00:00-04:00,29.572009035140017,29.905317886731602,29.47942255627672,29.618301391601562,8434200,0.0,0.0
2006-07-07 00:00:00-04:00,29.696993804817037,30.090484043627004,29.31739091661877,29.479415893554688,8958300,0.0,0.0
2006-07-10 00:00:00-04:00,29.442383674815023,29.859021896019193,29.345168678514046,29.752546310424805,6305000,0.0,0.0
2006-07-11 00:00:00-04:00,29.872917225723263,30.340478217264714,29.868286929840025,30.2293758392334,8775700,0.0,0.0
2006-07-12 00:00:00-04:00,30.345114194475393,30.502508965164388,29.8590354602764,30.03032112121582,9700200,0.0,0.0
2006-07-13 00:00:00-04:00,30.118272587768416,30.465470640158173,30.039575210211563,30.06272315979004,10201800,0.0,0.0
2006-07-14 00:00:00-04:00,30.312697255533358,30.9191352116019,30.294179607699483,30.729331970214844,14930500,0.0,0.0
2006-07-17 00:00:00-04:00,30.41918128306975,30.710826404460196,29.872922818645243,30.03032112121582,10740900,0.0,0.0
2006-07-18 00:00:00-04:00,30.27567533453795,30.58583812604334,29.99328726111312,30.345115661621094,8677300,0.0,0.0
2006-07-19 00:00:00-04:00,30.345112384374875,30.710824572544773,30.118273771609537,30.548799514770508,9964200,0.0,0.0
2006-07-20 00:00:00-04:00,30.576575084882112,30.664529518898746,30.183081152317307,30.23863410949707,8366600,0.0,0.0
2006-07-21 00:00:00-04:00,30.451573078388044,30.451573078388044,29.817360442294166,29.835874557495117,10087800,0.0,0.0
2006-07-24 00:00:00-04:00,29.92846984042546,30.849700925385253,29.92846984042546,30.678415298461914,8368400,0.0,0.0
2006-07-25 00:00:00-04:00,30.74785712594936,31.090428396703544,30.460842344142566,30.993209838867188,8346300,0.0,0.0
2006-07-26 00:00:00-04:00,30.997825564944,31.483903998128973,30.900610584682887,31.2478084564209,8369300,0.0,0.0
2006-07-27 00:00:00-04:00,31.682978008733222,31.69686536453169,31.2663396753746,31.354297637939453,9268500,0.0,0.0
2006-07-28 00:00:00-04:00,30.692301257530627,30.761738024435378,30.058085042051506,30.576568603515625,15358000,0.0,0.0
2006-07-31 00:00:00-04:00,30.414548555027267,30.641387163190508,30.206231132384033,30.451583862304688,9143300,0.0,0.0
2006-08-01 00:00:00-04:00,30.423804337073573,30.761741749870698,30.210856651722338,30.669157028198242,7228700,0.0,0.0
2006-08-02 00:00:00-04:00,30.784897815034892,31.0533985233289,30.451587078101866,30.5395450592041,10020300,0.0,0.0
2006-08-03 00:00:00-04:00,30.43305516947427,30.61822810681103,30.32195281982422,30.32195281982422,10382000,0.0,0.0
2006-08-04 00:00:00-04:00,30.53952439347859,30.571929385870032,30.071963618791262,30.39601707458496,7626500,0.0,0.0
2006-08-07 00:00:00-04:00,30.51640098248964,31.03025451187663,30.465478306108434,30.93766975402832,9229100,0.0,0.0
2006-08-08 00:00:00-04:00,30.942273415227575,31.215404251134835,30.882093720750134,31.108928680419922,8544700,0.0,0.0
2006-08-09 00:00:00-04:00,31.252460433744904,31.590397952183725,31.164502448343256,31.23857307434082,10704900,0.0,0.0
2006-08-10 00:00:00-04:00,31.150602443955695,31.335775401900392,30.94691183702849,31.178377151489258,8830800,0.0,0.0
2006-08-11 00:00:00-04:00,31.178372443270916,31.47464771849,31.06727009803373,31.40983772277832,5109000,0.0,0.0
2006-08-14 00:00:00-04:00,31.247805126839104,31.298727758485015,30.747839397158717,31.039487838745117,6260600,0.0,0.0
2006-08-15 00:00:00-04:00,31.363542143789093,31.363542143789093,30.784879004604793,30.951534271240234,7278400,0.0,0.0
2006-08-16 00:00:00-04:00,31.25947049135584,31.25947049135584,30.303022582346696,30.517642974853516,9467500,0.52,0.0
2006-08-17 00:00:00-04:00,30.24237502936527,30.872229400480006,30.24237502936527,30.862899780273438,11987700,0.0,0.0
2006-08-18 00:00:00-04:00,30.95621047966882,31.404107004200252,30.867566628486607,31.380781173706055,9074300,0.0,0.0
2006-08-21 00:00:00-04:00,31.455422874798394,31.51607785367289,31.13349942207361,31.208147048950195,7934000,0.0,0.0
2006-08-22 00:00:00-04:00,31.07283868492602,31.156819474327055,30.89088090115108,31.04951286315918,6892000,0.0,0.0
2006-08-23 00:00:00-04:00,30.998194078409057,31.091504493654273,30.522301705791598,30.64360809326172,7566200,0.0,0.0
2006-08-24 00:00:00-04:00,30.643616159651355,31.13350486755371,30.615623739622116,31.13350486755371,5336500,0.0,0.0
2006-08-25 00:00:00-04:00,31.16616422896615,31.488087741628714,31.12417203888355,31.152164459228516,4349400,0.0,0.0
2006-08-28 00:00:00-04:00,30.937553849427946,31.026201277854323,30.72760353528385,30.867572784423828,5449300,0.0,0.0
2006-08-29 00:00:00-04:00,30.778912436384246,30.792908643510085,30.387000839038823,30.671602249145508,7134000,0.0,0.0
2006-08-30 00:00:00-04:00,30.676280670890474,30.736932111685825,29.929786339861803,30.415008544921875,9205200,0.0,0.0
2006-08-31 00:00:00-04:00,30.41501299631287,30.41501299631287,30.02310119043595,30.046430587768555,6609700,0.0,0.0
2006-09-01 00:00:00-04:00,30.195721796193023,30.27970262183891,29.99510113268147,30.24704360961914,6277300,0.0,0.0
2006-09-05 00:00:00-04:00,30.666944005678282,31.32945734983161,30.48964919557744,30.951541900634766,13338500,0.0,0.0
2006-09-06 00:00:00-04:00,30.83489747274068,30.970200075143154,30.37300483665251,30.428993225097656,11065400,0.0,0.0
2006-09-07 00:00:00-04:00,30.33101786983031,31.002860770005345,30.321684691464704,30.512975692749023,7998200,0.0,0.0
2006-09-08 00:00:00-04:00,30.51296704112144,30.54095944915211,29.91577193937658,29.962427139282227,6574500,0.0,0.0
2006-09-11 00:00:00-04:00,29.687173805204257,29.710501418214275,28.63741520170832,28.926681518554688,18665200,0.0,0.0
2006-09-12 00:00:00-04:00,28.926666405683957,29.075965186685583,28.44144447753774,28.642065048217773,11857200,0.0,0.0
2006-09-13 00:00:00-04:00,28.744715490922683,29.206608148750302,28.684062290476835,29.108631134033203,9513200,0.0,0.0
2006-09-14 00:00:00-04:00,29.141295741832504,29.290594587187226,28.69339920576834,28.95000648498535,8014800,0.0,0.0
2006-09-15 00:00:00-04:00,28.95465500902811,28.968651210865236,28.572076734040156,28.828683853149414,10521900,0.0,0.0
2006-09-18 00:00:00-04:00,28.926682669984675,29.48655430342482,28.796046608102355,29.323257446289062,8206300,0.0,0.0
2006-09-19 00:00:00-04:00,29.397908451507828,29.46322826572636,28.702735908120065,28.875362396240234,7752300,0.0,0.0
2006-09-20 00:00:00-04:00,28.88001582157256,29.01531663988807,28.39479381584575,28.404125213623047,9623200,0.0,0.0
2006-09-21 00:00:00-04:00,28.497445138658755,29.10863673064757,28.497445138658755,28.95000648498535,9061000,0.0,0.0
2006-09-22 00:00:00-04:00,29.066639432100597,29.127292629836845,28.58608399871439,28.898677825927734,7444100,0.0,0.0
2006-09-25 00:00:00-04:00,28.6747293330245,29.31391674807386,28.32947650571087,29.010652542114258,10800900,0.0,0.0
2006-09-26 00:00:00-04:00,29.010656200723528,29.719826520580437,28.9453381862258,29.66850471496582,10870500,0.0,0.0
2006-09-27 00:00:00-04:00,29.785144175249588,30.20971304413807,29.52387034063268,29.95310401916504,12291600,0.0,0.0
2006-09-28 00:00:00-04:00,29.911135821381507,30.289047953021278,29.89713960310851,30.10708999633789,9956300,0.0,0.0
2006-09-29 00:00:00-04:00,30.04640581558468,30.391658542147898,29.864448057020056,30.261022567749023,6797400,0.0,0.0
2006-10-02 00:00:00-04:00,30.279701845678183,30.489652124628563,30.074414597235837,30.09774398803711,7955600,0.0,0.0
2006-10-03 00:00:00-04:00,29.859787750336483,29.86445433885042,29.355902977754177,29.365234375,12808700,0.0,0.0
2006-10-04 00:00:00-04:00,29.509881293449446,29.827141819698408,29.029325693300063,29.719833374023438,11281000,0.0,0.0
2006-10-05 00:00:00-04:00,29.92045200048884,30.0790840419488,29.589195265151574,29.803813934326172,9577800,0.0,0.0
2006-10-06 00:00:00-04:00,29.63584622995672,29.803807858643474,29.299922972583207,29.70116424560547,8886400,0.0,0.0
2006-10-09 00:00:00-04:00,29.869128642422694,29.94844643884311,29.458557687321484,29.50521469116211,7807100,0.0,0.0
2006-10-10 00:00:00-04:00,29.435227184172362,29.82247048920968,29.393236774731445,29.813140869140625,10930900,0.0,0.0
2006-10-11 00:00:00-04:00,29.687159843446697,29.780472031385194,29.39322707436411,29.439882278442383,9417600,0.0,0.0
2006-10-12 00:00:00-04:00,29.621843715766296,29.934439298126236,29.537862919298377,29.869117736816406,8136600,0.0,0.0
2006-10-13 00:00:00-04:00,30.027755211726205,30.195716835424047,29.831799390817928,29.95310401916504,7704500,0.0,0.0
2006-10-16 00:00:00-04:00,30.051099315694902,30.419678190877843,29.94378906372824,30.34969711303711,7813300,0.0,0.0
2006-10-17 00:00:00-04:00,30.37768200400518,30.410341018746603,30.19105753709749,30.293701171875,6809000,0.0,0.0
2006-10-18 00:00:00-04:00,30.29836438588089,30.52231087356029,29.98110389536404,30.139732360839844,8085200,0.0,0.0
2006-10-19 00:00:00-04:00,30.233040445087465,30.624948501586914,30.027753238598493,30.624948501586914,7052200,0.0,0.0
2006-10-20 00:00:00-04:00,30.713596393238376,30.736922220084256,30.289025765606837,30.456987380981445,9599500,0.0,0.0
2006-10-23 00:00:00-04:00,30.29835845450404,30.624948501586914,30.107067455809396,30.624948501586914,6606100,0.0,0.0
2006-10-24 00:00:00-04:00,30.62494800324614,31.27346505730389,30.54096719828218,31.208147048950195,9061900,0.0,0.0
2006-10-25 00:00:00-04:00,31.100837653356606,31.847331653589364,30.988860883648563,31.530071258544922,11946400,0.0,0.0
2006-10-26 00:00:00-04:00,31.856663893089046,31.95930749398691,31.390104659600183,31.492748260498047,8884500,0.0,0.0
2006-10-27 00:00:00-04:00,31.74936277062834,31.94998341821484,31.455428124417264,31.57673454284668,8888200,0.0,0.0
2006-10-30 00:00:00-05:00,31.35745108442384,31.57673453165755,30.802244361390834,30.974872589111328,8869400,0.0,0.0
2006-10-31 00:00:00-05:00,30.83955368147213,31.422752516445364,30.680925306949746,31.352767944335938,10721500,0.0,0.0
2006-11-01 00:00:00-05:00,31.352783105703647,31.52074473616275,31.030859613627804,31.25014305114746,7874500,0.0,0.0
2006-11-02 00:00:00-05:00,31.236151441934695,31.674718431538192,31.04019734173282,31.628063201904297,9013600,0.0,0.0
2006-11-03 00:00:00-05:00,31.72603732524137,32.346562144869026,31.72603732524137,32.15060806274414,8608400,0.0,0.0
2006-11-06 00:00:00-05:00,32.21592579549462,32.63116334839462,32.08062315157944,32.55184555053711,10218800,0.0,0.0
2006-11-07 00:00:00-05:00,32.589171452323804,32.62183046601128,32.02463503883134,32.15060806274414,9893000,0.0,0.0
2006-11-08 00:00:00-05:00,32.00595620851644,32.55649613466147,32.00595620851644,32.43052673339844,9312600,0.0,0.0
2006-11-09 00:00:00-05:00,32.59383203095979,32.84577447275036,32.444533201702214,32.75246047973633,11484500,0.0,0.0
2006-11-10 00:00:00-05:00,32.79912808088,32.84111671936003,32.25791745447643,32.444541931152344,8790400,0.0,0.0
2006-11-13 00:00:00-05:00,32.44454434713852,33.04640646046401,32.220594246537786,32.82245635986328,8858100,0.0,0.0
2006-11-14 00:00:00-05:00,32.87376663695637,32.97174365919068,32.61249457766489,32.83644104003906,8066700,0.0,0.0
2006-11-15 00:00:00-05:00,32.83173972772075,33.19836417252017,32.700131320465594,32.87874221801758,8780000,0.52,0.0
2006-11-16 00:00:00-05:00,33.04796489603574,33.11847044764618,32.19250638211356,32.22071075439453,9311100,0.0,0.0
2006-11-17 00:00:00-05:00,32.013886752438,32.56382345109488,31.896378726944118,32.479217529296875,10323100,0.0,0.0
2006-11-20 00:00:00-05:00,32.357026466350696,32.85996454233485,32.30532620508876,32.545040130615234,7456100,0.0,0.0
2006-11-21 00:00:00-05:00,32.70484069552422,33.052663512608554,32.64373421564302,33.00566101074219,7708400,0.0,0.0
2006-11-22 00:00:00-05:00,33.00564689366631,33.1372552770254,32.441606354336564,32.71422576904297,7388400,0.0,0.0
2006-11-24 00:00:00-05:00,32.41811253735688,32.80824001726283,32.310003583071335,32.35700607299805,2883700,0.0,0.0
2006-11-27 00:00:00-05:00,32.5685226437949,32.74713353986937,32.15019438731146,32.31470489501953,9568100,0.0,0.0
2006-11-28 00:00:00-05:00,32.380509699073734,32.93514769682636,32.36170798554956,32.84584045410156,7682000,0.0,0.0
2006-11-29 00:00:00-05:00,32.996248543831435,33.84230767000556,32.85994240478223,33.39577865600586,10238300,0.0,0.0
2006-11-30 00:00:00-05:00,33.48978735067058,34.293541816759436,33.442784857565925,33.99272155761719,11974600,0.0,0.0
2006-12-01 00:00:00-05:00,33.99743107846238,34.43456118322877,33.762414970223695,34.36405563354492,10402900,0.0,0.0
2006-12-04 00:00:00-05:00,34.36404723381912,34.5661611809434,34.17133235085999,34.547359466552734,7489600,0.0,0.0
2006-12-05 00:00:00-05:00,34.62257062985899,34.86228444951565,34.20894003394485,34.75887680053711,8262900,0.0,0.0
2006-12-06 00:00:00-05:00,34.71187126826426,34.97509169340511,34.54736074383903,34.5755615234375,10276400,0.0,0.0
2006-12-07 00:00:00-05:00,34.62257757119567,34.7823868163396,34.33585760920309,34.462764739990234,7181300,0.0,0.0
2006-12-08 00:00:00-05:00,34.6037706182397,34.782381556874135,34.20424039367008,34.232444763183594,7637300,0.0,0.0
2006-12-11 00:00:00-05:00,34.23244318056619,34.80118166561845,34.15253857377077,34.6413688659668,7986000,0.0,0.0
2006-12-12 00:00:00-05:00,34.99859198715982,35.0502958083708,34.48625868650998,34.71187210083008,9241400,0.0,0.0
2006-12-13 00:00:00-05:00,35.03150466831113,35.12081194755614,34.721285233455326,34.970401763916016,7637100,0.0,0.0
2006-12-14 00:00:00-05:00,35.120803310188556,35.81644889366878,34.993892619729635,35.708343505859375,9234800,0.0,0.0
2006-12-15 00:00:00-05:00,35.71772716394686,35.77413228938226,35.242997472587696,35.431007385253906,9534400,0.0,0.0
2006-12-18 00:00:00-05:00,35.299404293030975,35.45451572163978,34.42984576564972,34.46744918823242,9217200,0.0,0.0
2006-12-19 00:00:00-05:00,34.3029381061977,35.15369490763476,34.07732116064715,35.0126838684082,9201300,0.0,0.0
2006-12-20 00:00:00-05:00,34.99857981759039,35.210096354285916,34.537950498319745,34.617855072021484,8691800,0.0,0.0
2006-12-21 00:00:00-05:00,34.62256606352297,34.85758211254695,34.096128822727515,34.42045211791992,7539900,0.0,0.0
2006-12-22 00:00:00-05:00,34.4533505580402,34.55205685780795,34.15253033415945,34.18543243408203,4486600,0.0,0.0
2006-12-26 00:00:00-05:00,34.143116598075835,34.50034184270878,34.09141280269243,34.35462951660156,4007500,0.0,0.0
2006-12-27 00:00:00-05:00,34.44396012062875,34.84818811216953,34.43456105420136,34.801185607910156,5114800,0.0,0.0
2006-12-28 00:00:00-05:00,34.904598582288315,35.022106653855076,34.787090510721555,34.913997650146484,4057500,0.0,0.0
2006-12-29 00:00:00-05:00,34.730685758388816,34.829392109351254,34.547373451449744,34.56147384643555,5410000,0.0,0.0
2007-01-03 00:00:00-05:00,34.204232774726144,34.41574936168816,33.16076457274218,33.358177185058594,12719600,0.0,0.0
2007-01-04 00:00:00-05:00,33.325276631425886,33.34877608480676,32.71423346655777,33.03385543823242,10825300,0.0,0.0
2007-01-05 00:00:00-05:00,33.033859724506605,33.428688604775466,32.95865644344541,33.160770416259766,9618000,0.0,0.0
2007-01-08 00:00:00-05:00,33.40048519354796,33.63550128094654,32.902252235802436,33.583797454833984,9435100,0.0,0.0
2007-01-09 00:00:00-05:00,33.362893687768064,33.53210201383162,32.83175490235056,33.19837951660156,10500000,0.0,0.0
2007-01-10 00:00:00-05:00,32.78473286898194,33.047949648419625,32.39930676220834,32.62492370605469,11936700,0.0,0.0
2007-01-11 00:00:00-05:00,32.58263713900484,33.43809573552276,32.18781174956349,32.28651809692383,12407200,0.0,0.0
2007-01-12 00:00:00-05:00,32.47922832350653,33.193679364145176,32.47922832350653,33.066768646240234,9345000,0.0,0.0
2007-01-16 00:00:00-05:00,32.93985387954923,33.23127151700055,32.54032726990548,32.74713897705078,8281700,0.0,0.0
2007-01-17 00:00:00-05:00,32.765949284938465,33.31118844233626,32.667242938043,33.28768539428711,10545100,0.0,0.0
2007-01-18 00:00:00-05:00,33.292362239005655,33.76709190315548,32.91163393974199,33.33466339111328,10648300,0.0,0.0
2007-01-19 00:00:00-05:00,33.527390779578454,34.02562366139648,33.27827433866944,33.99272155761719,9983800,0.0,0.0
2007-01-22 00:00:00-05:00,34.082030813475654,34.12433198394487,33.34877825079737,33.47568893432617,11969100,0.0,0.0
2007-01-23 00:00:00-05:00,33.65900446633379,34.42985694937346,33.6543031404689,34.105533599853516,9268800,0.0,0.0
2007-01-24 00:00:00-05:00,34.07263771022193,34.42986323387887,33.70131179245749,34.23714828491211,7061700,0.0,0.0
2007-01-25 00:00:00-05:00,34.07734005712872,34.20894852082087,33.50390010584579,33.61670684814453,8441500,0.0,0.0
2007-01-26 00:00:00-05:00,33.908100859253096,34.01620977373681,33.48037369651565,33.60728073120117,7266600,0.0,0.0
2007-01-29 00:00:00-05:00,33.61200748796275,33.98333339895373,33.48509677118708,33.62140655517578,6323100,0.0,0.0
2007-01-30 00:00:00-05:00,33.81881563144635,34.345252990722656,33.77181312827515,34.345252990722656,6398000,0.0,0.0
2007-01-31 00:00:00-05:00,34.307647123984665,34.51916375236645,33.978626039027496,34.255943298339844,9757800,0.0,0.0
2007-02-01 00:00:00-05:00,34.42985233121182,35.23360681537429,34.35934679693923,35.003292083740234,10956200,0.0,0.0
2007-02-02 00:00:00-05:00,34.68837888047542,35.0738051531002,34.453362773117355,34.801185607910156,7377300,0.0,0.0
2007-02-05 00:00:00-05:00,34.80587336420785,34.91868004766206,34.52855260089398,34.67896270751953,8431500,0.0,0.0
2007-02-06 00:00:00-05:00,34.85288781174401,34.8669882037576,34.28414928880925,34.486263275146484,8374800,0.0,0.0
2007-02-07 00:00:00-05:00,34.72127231356636,34.82467636266691,34.096128763592304,34.143131256103516,9573100,0.0,0.0
2007-02-08 00:00:00-05:00,34.05851806539418,34.74476435054804,33.884604935557974,34.664859771728516,10159500,0.0,0.0
2007-02-09 00:00:00-05:00,34.74948470198282,34.7823868163396,34.340555349781546,34.462764739990234,6502300,0.0,0.0
2007-02-12 00:00:00-05:00,34.35934602431803,34.39224812809733,33.79060760981283,33.99272155761719,12468000,0.0,0.0
2007-02-13 00:00:00-05:00,34.18544226207569,34.29354765601778,34.063232890346356,34.232444763183594,7909300,0.0,0.0
2007-02-14 00:00:00-05:00,34.38865887380777,34.578024459408425,33.98152412891319,34.17562484741211,7907900,0.52,0.0
2007-02-15 00:00:00-05:00,34.11408287424792,34.11408287424792,33.68801477251061,33.78269577026367,10225000,0.0,0.0
2007-02-16 00:00:00-05:00,33.616996758530505,33.82056412130187,33.47970680579187,33.52231216430664,9619000,0.0,0.0
2007-02-20 00:00:00-05:00,33.44657517386559,33.44657517386559,33.148323153797726,33.1956672668457,9347500,0.0,0.0
2007-02-21 00:00:00-05:00,33.19567655947332,33.32349630967738,32.76013443571009,33.1104621887207,13256400,0.0,0.0
2007-02-22 00:00:00-05:00,33.14832833444487,33.593337061334026,33.06311397422884,33.45604705810547,8403100,0.0,0.0
2007-02-23 00:00:00-05:00,33.70220793750392,33.744813292036675,33.408691140614785,33.6453971862793,7862500,0.0,0.0
2007-02-26 00:00:00-05:00,33.811086042436884,34.09513253577129,33.673796121425035,33.80635452270508,7451800,0.0,0.0
2007-02-27 00:00:00-05:00,33.47498451971705,33.71642581283518,32.201504230507865,32.466617584228516,13910000,0.0,0.0
2007-02-28 00:00:00-05:00,32.47134443195706,33.02050437459839,32.362461637299816,32.43820571899414,14002600,0.0,0.0
2007-03-01 00:00:00-05:00,31.870130619513912,32.438224197304535,30.767078583922046,32.002685546875,14150400,0.0,0.0
2007-03-02 00:00:00-05:00,31.993197736176068,32.07367694432187,31.396697345524974,31.61920166015625,10827100,0.0,0.0
2007-03-05 00:00:00-05:00,31.339899340973947,31.87485766294851,31.249953441302534,31.44878578186035,11700900,0.0,0.0
2007-03-06 00:00:00-05:00,31.85118185314244,32.054749305068064,31.60974054694006,32.03581237792969,11528000,0.0,0.0
2007-03-07 00:00:00-05:00,32.0973586350504,33.04891485387747,31.988472205810456,32.3482666015625,12789500,0.0,0.0
2007-03-08 00:00:00-05:00,32.64178015319597,32.69385580074833,32.187304729706845,32.40980911254883,10777500,0.0,0.0
2007-03-09 00:00:00-05:00,32.58496421187682,32.68438034539465,32.19203119950972,32.41453552246094,7668900,0.0,0.0
2007-03-12 00:00:00-04:00,32.41453605995535,32.760124966221845,32.22043531140535,32.584964752197266,9416400,0.0,0.0
2007-03-13 00:00:00-04:00,32.58497572830253,32.94950168003472,31.993210239753598,32.116294860839844,9446000,0.0,0.0
2007-03-14 00:00:00-04:00,32.33405827702876,32.49501670912431,31.756494751323388,32.34352493286133,11393700,0.0,0.0
2007-03-15 00:00:00-04:00,32.28670819926037,32.80272933712757,32.10207774390969,32.60389709472656,9996200,0.0,0.0
2007-03-16 00:00:00-04:00,32.779072100199635,32.90216033001837,32.07842380213874,32.229915618896484,12720300,0.0,0.0
2007-03-19 00:00:00-04:00,32.46659424088205,33.020485386981754,32.43818706621381,32.84532165527344,13988200,0.0,0.0
2007-03-20 00:00:00-04:00,32.85008651460702,33.20514581857973,32.75540547828764,33.162540435791016,8243100,0.0,0.0
2007-03-21 00:00:00-04:00,33.3187561350256,33.844244073208735,33.16253282215025,33.773231506347656,10162300,0.0,0.0
2007-03-22 00:00:00-04:00,33.87264385931875,34.77685926993252,33.749555677801474,34.52595138549805,13192000,0.0,0.0
2007-03-23 00:00:00-04:00,34.743727204078475,35.07511435785524,34.653777714403745,34.89048385620117,10883900,0.0,0.0
2007-03-26 00:00:00-04:00,35.09878983471899,35.29289062358211,34.80054136727626,35.22187805175781,10111300,0.0,0.0
2007-03-27 00:00:00-04:00,35.03725485198848,35.20768361523242,34.852624293782576,35.112998962402344,8548500,0.0,0.0
2007-03-28 00:00:00-04:00,35.255011657407756,35.3544277988039,34.91888938549253,35.07038116455078,10237200,0.0,0.0
2007-03-29 00:00:00-04:00,35.20292733808929,35.496444167812186,35.183990418896066,35.48223876953125,10247800,0.0,0.0
2007-03-30 00:00:00-04:00,35.41596470173917,35.41596470173917,34.738985127025046,35.01356506347656,8510300,0.0,0.0
2007-04-02 00:00:00-04:00,35.056176966893666,35.52958919541702,35.056176966893666,35.425437927246094,8192300,0.0,0.0
2007-04-03 00:00:00-04:00,35.32128504350496,35.78522698360222,35.25500762349107,35.666873931884766,9357500,0.0,0.0
2007-04-04 00:00:00-04:00,35.562721391878604,35.86096974094394,35.34021710733944,35.76628875732422,6622200,0.0,0.0
2007-04-05 00:00:00-04:00,35.77102094089659,35.93198295024967,35.657403036078456,35.79469299316406,6305100,0.0,0.0
2007-04-09 00:00:00-04:00,35.65741292979616,36.16869906111434,35.56746344043952,35.737892150878906,6408600,0.0,0.0
2007-04-10 00:00:00-04:00,35.87992188848928,36.55690168305887,35.81364444945585,36.47168731689453,8825600,0.0,0.0
2007-04-11 00:00:00-04:00,36.4716737861063,36.67524116242932,36.19709386235,36.24443435668945,10747700,0.0,0.0
2007-04-12 00:00:00-04:00,36.334382333912615,36.56162175400886,36.116613179404744,36.5332145690918,8049600,0.0,0.0
2007-04-13 00:00:00-04:00,36.689444716612236,36.689444716612236,36.28704507757391,36.45747375488281,7265500,0.0,0.0
2007-04-16 00:00:00-04:00,36.57109568908362,36.91195308116894,36.301250855657536,36.8646125793457,8308200,0.0,0.0
2007-04-17 00:00:00-04:00,36.92615585671026,37.19600069734303,36.70838665302845,36.90721893310547,8811700,0.0,0.0
2007-04-18 00:00:00-04:00,36.71311690867023,36.98296171344762,36.594763860752984,36.817264556884766,7045400,0.0,0.0
2007-04-19 00:00:00-04:00,36.675250628056574,36.75572985038959,36.324926545310575,36.362796783447266,8013400,0.0,0.0
2007-04-20 00:00:00-04:00,36.59003432563472,37.22440502583991,36.481147915678406,37.139190673828125,15622000,0.0,0.0
2007-04-23 00:00:00-04:00,36.95456351424773,37.3427614613627,36.642113269910936,36.717857360839844,12242700,0.0,0.0
2007-04-24 00:00:00-04:00,36.504799981218945,36.836186939859616,36.41011902499217,36.500064849853516,9003600,0.0,0.0
2007-04-25 00:00:00-04:00,36.727327879430284,37.36643377560891,36.71312608802509,37.07765197753906,10924600,0.0,0.0
2007-04-26 00:00:00-04:00,37.006644106924035,37.106060271231264,36.59477765648692,37.01137924194336,10424500,0.0,0.0
2007-04-27 00:00:00-04:00,37.12499349025753,37.16286734292858,36.61370731474664,36.96403503417969,8119700,0.0,0.0
2007-04-30 00:00:00-04:00,36.96876560567799,37.43271125933755,36.81254228816596,36.826744079589844,11191300,0.0,0.0
2007-05-01 00:00:00-04:00,36.9119435315435,37.22439365222074,36.65156542110594,37.09183883666992,9242100,0.0,0.0
2007-05-02 00:00:00-04:00,37.15338572826055,37.39009179438598,36.96402015299062,37.229129791259766,6413800,0.0,0.0
2007-05-03 00:00:00-04:00,37.2338809480642,37.8067094411914,37.129729656250255,37.6646842956543,7087700,0.0,0.0
2007-05-04 00:00:00-04:00,37.77831311655875,38.03868778427947,37.3049006895936,37.54160690307617,7749200,0.0,0.0
2007-05-07 00:00:00-04:00,37.22442359075266,37.73097482149661,37.16761640231268,37.67416763305664,7298200,0.0,0.0
2007-05-08 00:00:00-04:00,37.59840397597732,37.962933469388155,37.33802937824737,37.89665603637695,7018200,0.0,0.0
2007-05-09 00:00:00-04:00,37.835091152742976,37.858763200597295,37.34747730646221,37.75461196899414,7409000,0.0,0.0
2007-05-10 00:00:00-04:00,37.64574121072248,37.721488905778024,36.99716872809158,37.01610565185547,7882900,0.0,0.0
2007-05-11 00:00:00-04:00,37.16286285972848,37.93452355260116,37.16286285972848,37.89191818237305,8427500,0.0,0.0
2007-05-14 00:00:00-04:00,37.872977330783726,38.31798597021198,37.792498120799465,38.284847259521484,12527500,0.0,0.0
2007-05-15 00:00:00-04:00,38.31797536970515,38.521542711016004,38.16174851459151,38.21855926513672,9846800,0.0,0.0
2007-05-16 00:00:00-04:00,38.21856932688927,38.59050241302679,37.96107635079742,38.49513626098633,9402800,0.58,0.0
2007-05-17 00:00:00-04:00,38.50468414952527,39.10073189177798,38.242421687739395,38.843238830566406,7783600,0.0,0.0
2007-05-18 00:00:00-04:00,39.038720483950144,39.53939810002337,39.00534197621193,39.506019592285156,11114500,0.0,0.0
2007-05-21 00:00:00-04:00,39.630016012675696,39.844591709144545,39.37729239390559,39.49650192260742,11359500,0.0,0.0
2007-05-22 00:00:00-04:00,39.4964994378008,39.68723539932135,39.119796914243814,39.186553955078125,9214900,0.0,0.0
2007-05-23 00:00:00-04:00,39.186554097100526,39.53464750098606,38.70494661106247,38.81462097167969,14228400,0.0,0.0
2007-05-24 00:00:00-04:00,38.943382741840246,39.04351834739196,38.02785408709244,38.13275909423828,13263200,0.0,0.0
2007-05-25 00:00:00-04:00,38.33777381135926,38.68586349487305,38.28055194484321,38.68586349487305,6839500,0.0,0.0
2007-05-29 00:00:00-04:00,38.61433634935866,38.62387150704223,38.1470335872022,38.48558807373047,7964700,0.0,0.0
2007-05-30 00:00:00-04:00,38.41407876332944,39.2390103326947,38.22334642085108,39.21993637084961,10776900,0.0,0.0
2007-05-31 00:00:00-04:00,39.1722319847655,39.272367501512385,38.63340286010012,38.85751724243164,11512700,0.0,0.0
2007-06-01 00:00:00-04:00,38.986285132526454,39.34867947901009,38.967211171450565,39.21039962768555,7346300,0.0,0.0
2007-06-04 00:00:00-04:00,39.1960934565691,39.696774956256945,39.100727284241074,39.63955307006836,7958100,0.0,0.0
2007-06-05 00:00:00-04:00,39.439267966046955,39.59662536887995,39.181775026316146,39.44880676269531,7402100,0.0,0.0
2007-06-06 00:00:00-04:00,39.44880485244537,39.44880485244537,38.800304955189304,39.00057601928711,7520900,0.0,0.0
2007-06-07 00:00:00-04:00,38.93383773337758,39.12933949346008,38.19473710660966,38.2424201965332,10980300,0.0,0.0
2007-06-08 00:00:00-04:00,38.151816543115544,38.49990631102867,37.72743093468202,38.47606658935547,8551500,0.0,0.0
2007-06-11 00:00:00-04:00,38.46175849401801,38.99581477663607,38.27578830933714,38.7955436706543,6784500,0.0,0.0
2007-06-12 00:00:00-04:00,38.79077645780395,39.010121534525126,38.385464823906446,38.4140739440918,7413800,0.0,0.0
2007-06-13 00:00:00-04:00,38.53329243741013,38.88615531248577,38.49037874713659,38.69541931152344,9948700,0.0,0.0
2007-06-14 00:00:00-04:00,38.81937805737555,39.36297301255595,38.81460865938703,39.2580680847168,8437000,0.0,0.0
2007-06-15 00:00:00-04:00,39.510804099186515,39.863663264210004,39.463121018181056,39.65862274169922,9432300,0.0,0.0
2007-06-18 00:00:00-04:00,39.70631646526033,40.05440996207352,39.70631646526033,39.7635383605957,5996000,0.0,0.0
2007-06-19 00:00:00-04:00,39.57276751905726,39.935165261257524,39.55369357073265,39.7158203125,7033200,0.0,0.0
2007-06-20 00:00:00-04:00,39.86364417624661,39.91132723441993,38.509426406606806,38.609561920166016,11012500,0.0,0.0
2007-06-21 00:00:00-04:00,38.85751975224169,39.58708116279446,38.79553213443772,39.506019592285156,10058700,0.0,0.0
2007-06-22 00:00:00-04:00,39.506037736805446,39.54895505959985,38.862306998778735,38.88615036010742,13441500,0.0,0.0
2007-06-25 00:00:00-04:00,38.8909176559564,39.89228066347928,38.86230853162248,39.5537223815918,12688600,0.0,0.0
2007-06-26 00:00:00-04:00,39.81120796045136,39.9494914321508,39.27715167028597,39.434505462646484,13487200,0.0,0.0
2007-06-27 00:00:00-04:00,39.21992386975553,40.05439033506948,38.919517251917135,40.00193786621094,10245400,0.0,0.0
2007-06-28 00:00:00-04:00,40.478775165766436,40.478775165766436,39.97809383980266,40.140220642089844,8594200,0.0,0.0
2007-06-29 00:00:00-04:00,40.431093218746874,40.621829140504474,39.82550694001537,40.16883087158203,10730000,0.0,0.0
2007-07-02 00:00:00-04:00,40.38818860068062,40.664755592243694,40.249908742885346,40.60276794433594,8212100,0.0,0.0
2007-07-03 00:00:00-04:00,39.86365873399196,41.33709014412132,39.86365873399196,41.165428161621094,4605600,0.0,0.0
2007-07-05 00:00:00-04:00,41.384777855119125,41.55167045735829,40.774425688081095,41.27987289428711,8746800,0.0,0.0
2007-07-06 00:00:00-04:00,41.2798602917281,41.942664736830864,41.2798602917281,41.80915069580078,11725300,0.0,0.0
2007-07-09 00:00:00-04:00,41.74718048230435,42.82006629396623,41.69949375806368,42.6770133972168,10646500,0.0,0.0
2007-07-10 00:00:00-04:00,42.43859100341797,43.01556466926567,41.87115249887967,42.43859100341797,13871900,0.0,0.0
2007-07-11 00:00:00-04:00,42.66746574297955,43.33027027042252,42.30029844654885,43.273048400878906,12243200,0.0,0.0
2007-07-12 00:00:00-04:00,43.349340720138926,44.52236166600081,43.27304490025283,44.488983154296875,12604300,0.0,0.0
2007-07-13 00:00:00-04:00,44.57483379572836,45.29962621444541,44.28872798293211,44.5033073425293,9575600,0.0,0.0
2007-07-16 00:00:00-04:00,44.584365886934066,44.84662831793407,43.55916316300624,43.92633056640625,10496400,0.0,0.0
2007-07-17 00:00:00-04:00,44.38409004943427,44.38409004943427,43.249213073082515,43.43994903564453,9741600,0.0,0.0
2007-07-18 00:00:00-04:00,43.43517626914405,44.55097919894666,43.201526643060134,44.38408660888672,11378500,0.0,0.0
2007-07-19 00:00:00-04:00,44.56527320685345,44.69402148726338,44.09797406532603,44.34592819213867,8423900,0.0,0.0
2007-07-20 00:00:00-04:00,44.345946818019975,44.4937654765911,43.57346772506328,43.92633056640625,10331400,0.0,0.0
2007-07-23 00:00:00-04:00,43.95015990584493,44.42223217010245,43.46378672089571,44.14089584350586,9655600,0.0,0.0
2007-07-24 00:00:00-04:00,43.69746267752661,43.940651235599724,42.71040751592116,42.84392166137695,10963400,0.0,0.0
2007-07-25 00:00:00-04:00,42.848668717479846,43.72128324762276,42.17632530107887,43.416107177734375,14151400,0.0,0.0
2007-07-26 00:00:00-04:00,42.56256017632137,43.129994912861676,41.136811961167886,41.70425033569336,17050200,0.0,0.0
2007-07-27 00:00:00-04:00,42.10957677181366,42.409987141113106,40.340507633664224,40.626609802246094,17074500,0.0,0.0
2007-07-30 00:00:00-04:00,40.936541152464784,41.48490557443656,40.001939118610416,41.21310806274414,12117700,0.0,0.0
2007-07-31 00:00:00-04:00,41.13205816231654,41.69949306387403,40.6075369462777,40.65522003173828,11880000,0.0,0.0
2007-08-01 00:00:00-04:00,40.42154591768674,42.67699071483764,39.36296886871159,40.612281799316406,21528500,0.0,0.0
2007-08-02 00:00:00-04:00,40.29757872359679,41.00806629542827,39.38204703678369,40.00193786621094,15781800,0.0,0.0
2007-08-03 00:00:00-04:00,39.91611067481443,40.531232164217876,38.423608964795044,38.63341522216797,15550400,0.0,0.0
2007-08-06 00:00:00-04:00,38.71447581678844,39.13886131760632,37.379328050135236,39.11024856567383,17120400,0.0,0.0
2007-08-07 00:00:00-04:00,38.78123021502649,40.00193416725266,38.394989012966846,39.66337966918945,15323400,0.0,0.0
2007-08-08 00:00:00-04:00,39.568015694601335,40.831633383741014,39.568015694601335,40.21174621582031,14455100,0.0,0.0
2007-08-09 00:00:00-04:00,39.62525280326686,40.4072671426806,38.67634582519531,38.67634582519531,15584400,0.0,0.0
2007-08-10 00:00:00-04:00,38.213792706160966,39.92564282426629,37.86570304280911,39.7778205871582,13317300,0.0,0.0
2007-08-13 00:00:00-04:00,40.102075800276005,40.20221134553528,39.15316918168873,39.31529235839844,10532900,0.0,0.0
2007-08-14 00:00:00-04:00,39.60616383471672,39.911339869217,39.15316918168873,39.31529235839844,15389400,0.0,0.0
2007-08-15 00:00:00-04:00,39.49778199874827,40.24691808978676,38.599776396054565,38.78226089477539,12249800,0.58,0.0
2007-08-16 00:00:00-04:00,38.316436746064035,39.358504632082656,37.57690363425026,39.084781646728516,19400800,0.0,0.0
2007-08-17 00:00:00-04:00,40.18929196836492,40.86639485496941,39.73308441396012,40.51103591918945,16210700,0.0,0.0
2007-08-20 00:00:00-04:00,40.33815662538639,41.08249312385822,39.867543186036485,40.76554870605469,9238500,0.0,0.0
2007-08-21 00:00:00-04:00,40.405383359541986,40.93842353681703,40.13166032232708,40.48221969604492,11327200,0.0,0.0
2007-08-22 00:00:00-04:00,40.727123369177114,41.08728541853668,40.50622441855419,41.00564956665039,10251000,0.0,0.0
2007-08-23 00:00:00-04:00,41.20253524909075,41.524279097469666,40.38136264538125,41.048866271972656,8665500,0.0,0.0
2007-08-24 00:00:00-04:00,41.25057516789497,42.033326309119616,41.25057516789497,41.88446044921875,7682700,0.0,0.0
2007-08-27 00:00:00-04:00,41.60111968727828,41.96608495143986,41.46185657774612,41.77880096435547,6390100,0.0,0.0
2007-08-28 00:00:00-04:00,41.5867145550883,41.64914499443648,40.48221969604492,40.48221969604492,10059100,0.0,0.0
2007-08-29 00:00:00-04:00,40.91442219135766,41.961293741334764,40.66471135855761,41.63474655151367,10047800,0.0,0.0
2007-08-30 00:00:00-04:00,41.634751344395355,42.06694674299398,41.07770234690347,41.870059967041016,7825700,0.0,0.0
2007-08-31 00:00:00-04:00,42.40788882061551,42.6720091797455,41.99970580867166,42.14377212524414,8155000,0.0,0.0
2007-09-04 00:00:00-04:00,41.87006641864231,42.86891368249493,41.85566051376254,42.60960006713867,9560000,0.0,0.0
2007-09-05 00:00:00-04:00,42.4847317338002,42.57117080435383,42.15818454101533,42.431907653808594,9141400,0.0,0.0
2007-09-06 00:00:00-04:00,42.48952402293886,42.897706993275506,42.311842739112166,42.70561981201172,8153100,0.0,0.0
2007-09-07 00:00:00-04:00,42.22540995992745,42.753647039011405,41.870051003272245,42.09095001220703,9780300,0.0,0.0
2007-09-10 00:00:00-04:00,42.047706717416894,42.398265967199116,41.255353343966014,41.802799224853516,10479000,0.0,0.0
2007-09-11 00:00:00-04:00,42.023712528799145,42.801660276952155,41.634734990964496,42.54234313964844,10124500,0.0,0.0
2007-09-12 00:00:00-04:00,42.460710188974005,43.14261622798179,42.39348022252301,42.83047866821289,11089100,0.0,0.0
2007-09-13 00:00:00-04:00,43.0513911918672,43.61324337265598,42.99856710679206,43.2626838684082,8966600,0.0,0.0
2007-09-14 00:00:00-04:00,42.93131939256705,43.82932114053433,42.91691349599658,43.53158950805664,7973300,0.0,0.0
2007-09-17 00:00:00-04:00,43.22425957842214,43.95898975086347,43.219456390748505,43.66605758666992,7733600,0.0,0.0
2007-09-18 00:00:00-04:00,43.795709660465874,44.91461412445547,43.67565562777408,44.82337188720703,9799900,0.0,0.0
2007-09-19 00:00:00-04:00,44.996270548553994,45.5917414607134,44.94344645693082,45.19316101074219,11383700,0.0,0.0
2007-09-20 00:00:00-04:00,45.14992118984692,45.442853336905905,45.020264440312566,45.221954345703125,8196500,0.0,0.0
2007-09-21 00:00:00-04:00,45.274781281002085,45.79341563947876,45.193145408952624,45.543701171875,12637900,0.0,0.0
2007-09-24 00:00:00-04:00,45.62052510936072,45.8606331362521,45.23155127819918,45.30838394165039,9028600,0.0,0.0
2007-09-25 00:00:00-04:00,44.70332604712678,44.9434341565141,44.01662037148768,44.12226486206055,12501200,0.0,0.0
2007-09-26 00:00:00-04:00,44.74654484159766,44.81377481526351,43.925375594314495,44.424800872802734,11794400,0.0,0.0
2007-09-27 00:00:00-04:00,44.784959998378326,44.962637632340126,44.61208188809869,44.90501403808594,7408900,0.0,0.0
2007-09-28 00:00:00-04:00,44.924242319158104,45.332425495819294,44.66012185344552,44.93864822387695,8880700,0.0,0.0
2007-10-01 00:00:00-04:00,44.80418107537387,45.39484505711056,44.78977150919534,45.351627349853516,8942800,0.0,0.0
2007-10-02 00:00:00-04:00,45.10191651881687,45.13553151513135,44.09346296562281,44.448822021484375,9137300,0.0,0.0
2007-10-03 00:00:00-04:00,43.94459694359306,44.170299202631895,43.589234225048614,43.93019104003906,8754800,0.0,0.0
2007-10-04 00:00:00-04:00,44.01179261915914,44.19427336149234,43.47394943536455,44.103031158447266,6764800,0.0,0.0
2007-10-05 00:00:00-04:00,44.22789376177923,44.453595872545336,43.98298257097373,44.33354187011719,6498100,0.0,0.0
2007-10-08 00:00:00-04:00,43.963789292362264,44.16067600554773,43.84373525678919,43.97819519042969,5658400,0.0,0.0
2007-10-09 00:00:00-04:00,44.09824995921188,44.66010197573359,44.02621680391868,44.56406021118164,8702300,0.0,0.0
2007-10-10 00:00:00-04:00,43.3779366500426,44.41040236571368,43.35872755954646,44.21831512451172,11527500,0.0,0.0
2007-10-11 00:00:00-04:00,44.42957641535783,44.573642660456564,43.29627018652544,43.699649810791016,9177800,0.0,0.0
2007-10-12 00:00:00-04:00,43.9541728038639,44.05501773088964,43.64203165044657,43.896549224853516,6009000,0.0,0.0
2007-10-15 00:00:00-04:00,44.30952531013204,44.631272789914846,44.1702659049174,44.338340759277344,8492000,0.0,0.0
2007-10-16 00:00:00-04:00,44.3719843704963,45.06829650103939,44.2327212116358,44.8762092590332,10890700,0.0,0.0
2007-10-17 00:00:00-04:00,45.082678025194284,45.11149347735727,44.20388550500795,44.78494644165039,10719100,0.0,0.0
2007-10-18 00:00:00-04:00,44.693717774205986,45.02026490889552,44.17988663059614,44.38157653808594,10038800,0.0,0.0
2007-10-19 00:00:00-04:00,44.51603811709932,44.51603811709932,42.75364562781292,42.868896484375,14112700,0.0,0.0
2007-10-22 00:00:00-04:00,42.335857903630895,42.50393282481249,41.644345469331185,42.47031784057617,10815500,0.0,0.0
2007-10-23 00:00:00-04:00,42.705627925526485,43.0801959850869,42.172587636533905,42.70082473754883,9629900,0.0,0.0
2007-10-24 00:00:00-04:00,42.79687961178189,43.421158627402576,42.40310237727169,43.17144775390625,10985100,0.0,0.0
2007-10-25 00:00:00-04:00,43.44035871807651,43.9878049144718,43.01776976443633,43.81012725830078,9233600,0.0,0.0
2007-10-26 00:00:00-04:00,44.112662900135966,44.32395921239403,43.747697541806325,44.011817932128906,7481600,0.0,0.0
2007-10-29 00:00:00-04:00,44.11265535697591,44.93382452498031,43.98779813346834,44.602474212646484,9247200,0.0,0.0
2007-10-30 00:00:00-04:00,44.05984531716277,44.15588711120588,43.070600916232266,43.25788497924805,9627000,0.0,0.0
2007-10-31 00:00:00-04:00,43.411543637068995,44.24231558121001,43.30589549070223,43.944583892822266,9891600,0.0,0.0
2007-11-01 00:00:00-04:00,43.243472785141236,43.93018213754481,42.49433297830884,42.758453369140625,10542400,0.0,0.0
2007-11-02 00:00:00-04:00,42.09094835257991,42.86889620907639,41.82682799157268,42.48952865600586,12374800,0.0,0.0
2007-11-05 00:00:00-05:00,42.00450929477378,42.83528122347171,41.99970610718493,42.48952865600586,9089200,0.0,0.0
2007-11-06 00:00:00-05:00,42.59036687914933,43.55559859765981,42.59036687914933,43.52678680419922,9880100,0.0,0.0
2007-11-07 00:00:00-05:00,43.656457862612285,43.661257386855645,41.92767655767013,42.03812789916992,12781100,0.0,0.0
2007-11-08 00:00:00-05:00,42.244614868465504,43.5027788237571,42.114954457590486,42.82567596435547,17597400,0.0,0.0
2007-11-09 00:00:00-05:00,42.691210080936735,42.691210080936735,41.8268196747504,41.903656005859375,10164000,0.0,0.0
2007-11-12 00:00:00-05:00,41.77879631287372,41.77879631287372,40.535038503082674,40.948020935058594,12513300,0.0,0.0
2007-11-13 00:00:00-05:00,41.21215090772599,41.77400293839251,40.141267253595366,41.69717025756836,11950300,0.0,0.0
2007-11-14 00:00:00-05:00,42.22894032938956,42.70271828022502,41.44092592808365,41.648807525634766,9957500,0.58,0.0
2007-11-15 00:00:00-05:00,41.54731150607734,41.80837254416933,40.35803590258949,40.6867790222168,11934600,0.0,0.0
2007-11-16 00:00:00-05:00,41.034842266490124,41.80352233378375,40.94782195110585,41.56663513183594,11368700,0.0,0.0
2007-11-19 00:00:00-05:00,41.56664774442002,41.755191203563164,40.909161537214366,41.10737228393555,8547800,0.0,0.0
2007-11-20 00:00:00-05:00,41.117024164517254,42.83808824905636,41.117024164517254,42.494842529296875,10941300,0.0,0.0
2007-11-21 00:00:00-05:00,42.44651672382684,42.78009161345576,41.378098914266694,41.45545196533203,11438800,0.0,0.0
2007-11-23 00:00:00-05:00,41.79868824428628,42.088754742463465,41.50862174610911,41.900211334228516,3428300,0.0,0.0
2007-11-26 00:00:00-05:00,41.98723838305831,42.219293831835834,40.37736408077867,40.507896423339844,10304600,0.0,0.0
2007-11-27 00:00:00-05:00,40.343525364166226,40.894652937243805,39.60385434179351,40.7592887878418,14542300,0.0,0.0
2007-11-28 00:00:00-05:00,40.86080969222679,41.822868837662554,40.64809619254336,41.605316162109375,10885100,0.0,0.0
2007-11-29 00:00:00-05:00,41.38777032549411,42.219297191216654,41.38777032549411,41.847042083740234,8839800,0.0,0.0
2007-11-30 00:00:00-05:00,42.122590672795944,42.4319953918457,41.58596605635756,42.4319953918457,11708800,0.0,0.0
2007-12-03 00:00:00-05:00,42.10810219383578,42.63022421758176,41.93406151925378,42.465850830078125,7934200,0.0,0.0
2007-12-04 00:00:00-05:00,42.12745975739906,42.43686472321292,41.97759276444494,42.13713073730469,6584600,0.0,0.0
2007-12-05 00:00:00-05:00,42.44167303309015,43.37472282295006,42.44167303309015,43.17167663574219,10450000,0.0,0.0
2007-12-06 00:00:00-05:00,43.157168395137454,44.33194084180867,42.95895770296099,44.17723846435547,9627700,0.0,0.0
2007-12-07 00:00:00-05:00,43.84366873998511,44.278766691283145,43.674459882929156,43.97419738769531,6682700,0.0,0.0
2007-12-10 00:00:00-05:00,44.1047265504515,44.48181338158949,43.87267112984578,44.34161376953125,5505300,0.0,0.0
2007-12-11 00:00:00-05:00,44.32229250009692,44.76222607559494,43.41824790548413,43.45692443847656,8014900,0.0,0.0
2007-12-12 00:00:00-05:00,44.43348627406446,44.94593742294559,43.95970796948587,44.370635986328125,10816100,0.0,0.0
2007-12-13 00:00:00-05:00,44.240094334227884,45.0619501270643,44.056382701940244,44.99910354614258,8527400,0.0,0.0
2007-12-14 00:00:00-05:00,44.718692494017,44.941076900569016,44.43346152313346,44.486637115478516,11090600,0.0,0.0
2007-12-17 00:00:00-05:00,44.331946511301396,44.360955746555774,43.30704451275037,43.500423431396484,8210000,0.0,0.0
2007-12-18 00:00:00-05:00,43.80013831324085,44.29808632378699,43.321528555037546,44.08537292480469,8744300,0.0,0.0
2007-12-19 00:00:00-05:00,44.18208532872359,44.53500217763155,43.66479877511643,43.94519805908203,8325200,0.0,0.0
2007-12-20 00:00:00-05:00,43.95971445427883,44.72839129099322,43.94521167447633,44.50117492675781,6188100,0.0,0.0
2007-12-21 00:00:00-05:00,44.622013255974124,45.77261201523577,44.60267499677698,45.46320724487305,13596000,0.0,0.0
2007-12-24 00:00:00-05:00,45.26498329791474,45.82578163104706,45.26498329791474,45.6759147644043,2917500,0.0,0.0
2007-12-26 00:00:00-05:00,45.593753820168196,46.02402011347946,45.593753820168196,45.849979400634766,7477600,0.0,0.0
2007-12-27 00:00:00-05:00,45.965977328899626,45.965977328899626,45.274650442675686,45.322994232177734,8155100,0.0,0.0
2007-12-28 00:00:00-05:00,45.44871785763296,45.893486884968404,45.10547195468516,45.85964584350586,7895000,0.0,0.0
2007-12-31 00:00:00-05:00,45.62276373754432,45.724286873468394,44.96527741007642,45.11997985839844,5086600,0.0,0.0
2008-01-02 00:00:00-05:00,45.42453446432177,45.77745126901745,44.82022764616871,45.18281173706055,9058000,0.0,0.0
2008-01-03 00:00:00-05:00,45.34716859191773,45.84994843569561,45.182795279286886,45.7387580871582,10479200,0.0,0.0
2008-01-04 00:00:00-05:00,45.385856535288205,46.02883985507863,45.057113488871714,45.12963104248047,13103800,0.0,0.0
2008-01-07 00:00:00-05:00,45.318165101895524,45.318165101895524,44.066043442746256,44.539817810058594,12892200,0.0,0.0
2008-01-08 00:00:00-05:00,44.675197800578005,45.14413680977288,43.790491702343,43.969364166259766,10987700,0.0,0.0
2008-01-09 00:00:00-05:00,43.93551668103497,44.83956090802735,43.775982502009235,44.752540588378906,12448200,0.0,0.0
2008-01-10 00:00:00-05:00,44.28362615853415,44.52534901277112,43.57779586676995,44.42866134643555,13786500,0.0,0.0
2008-01-11 00:00:00-05:00,44.283607919727295,44.752550653950266,43.62128993247742,43.83400344848633,10575000,0.0,0.0
2008-01-14 00:00:00-05:00,44.09988671906366,44.40445597073287,43.708297154289625,43.95001983642578,9968600,0.0,0.0
2008-01-15 00:00:00-05:00,43.49074517148449,43.53425717287909,42.61571022947773,42.67372131347656,13693400,0.0,0.0
2008-01-16 00:00:00-05:00,42.393325132339434,42.72689992525594,41.194379007209264,41.69716262817383,15709400,0.0,0.0
2008-01-17 00:00:00-05:00,41.81802418873029,42.141931698965664,39.69086383913891,40.005104064941406,18910400,0.0,0.0
2008-01-18 00:00:00-05:00,40.005104751514935,41.08318955985763,39.10106057311451,40.348350524902344,18869200,0.0,0.0
2008-01-22 00:00:00-05:00,37.81993796932977,39.821401773379186,37.147945421952755,39.27994155883789,20897900,0.0,0.0
2008-01-23 00:00:00-05:00,38.07616317457911,39.39113533691358,36.93523166245925,39.37662887573242,20405300,0.0,0.0
2008-01-24 00:00:00-05:00,39.57000068434091,40.45954203561759,39.22675493257285,40.44987106323242,13949600,0.0,0.0
2008-01-25 00:00:00-05:00,40.93817382414784,41.09287626962702,39.37181110262152,39.555519104003906,14050100,0.0,0.0
2008-01-28 00:00:00-05:00,39.221937563636935,40.25167898299085,38.786839503602465,40.05830001831055,9749400,0.0,0.0
2008-01-29 00:00:00-05:00,40.22750401102842,40.474062275739094,39.59419151706637,39.93260192871094,9187700,0.0,0.0
2008-01-30 00:00:00-05:00,39.69571087739809,41.20406218715797,39.608690538596626,40.2371711730957,9415400,0.0,0.0
2008-01-31 00:00:00-05:00,39.690878318867426,40.85114835905241,39.275114857064494,40.24684143066406,12634300,0.0,0.0
2008-02-01 00:00:00-05:00,40.952663079535064,41.059021667256886,39.41530642154694,39.87941360473633,16063300,0.0,0.0
2008-02-04 00:00:00-05:00,39.88908974516274,40.11630972319654,39.16392148593819,39.652198791503906,10299100,0.0,0.0
2008-02-05 00:00:00-05:00,39.028563427450365,39.154256623026875,38.48710304820784,38.549949645996094,15682500,0.0,0.0
2008-02-06 00:00:00-05:00,38.73847584713823,38.94152570402503,37.34131903456434,37.47185134887695,15108200,0.0,0.0
2008-02-07 00:00:00-05:00,37.278482962131385,38.308220553785205,36.988416398549674,38.066497802734375,12570900,0.0,0.0
2008-02-08 00:00:00-05:00,38.33238912549933,38.4242449387757,37.897287494711264,38.31788635253906,8281700,0.0,0.0
2008-02-11 00:00:00-05:00,38.78200652993499,38.90286792964763,37.9553149985082,38.88352966308594,17626800,0.0,0.0
2008-02-12 00:00:00-05:00,39.081719000323474,39.80205520307862,38.8738410477214,39.21708679199219,12330400,0.0,0.0
2008-02-13 00:00:00-05:00,39.402124236608095,40.06921543342965,39.09536162403276,39.9864387512207,12149400,0.58,0.0
2008-02-14 00:00:00-05:00,40.405190233701106,40.69734559048644,40.22015565960342,40.33701705932617,11190400,0.0,0.0
2008-02-15 00:00:00-05:00,40.18119899121191,40.75090618603055,39.781919152980926,40.70708084106445,26988700,0.0,0.0
2008-02-19 00:00:00-05:00,41.09176975782168,41.6273887216735,41.023600274147356,41.3060188293457,12002500,0.0,0.0
2008-02-20 00:00:00-05:00,40.89699361667284,42.294475304875505,40.7557843549416,42.0412712097168,13217100,0.0,0.0
2008-02-21 00:00:00-05:00,41.66633083385321,42.12404326634059,41.06254257383972,41.28165817260742,12189400,0.0,0.0
2008-02-22 00:00:00-05:00,41.52024484702847,41.749101027751486,40.75090335890319,41.593284606933594,12154700,0.0,0.0
2008-02-25 00:00:00-05:00,41.65170833975013,42.64990579726967,41.53971356961186,42.45026779174805,11813500,0.0,0.0
2008-02-26 00:00:00-05:00,42.24090222652426,43.04433223376653,42.01691633198248,42.90799331665039,12672600,0.0,0.0
2008-02-27 00:00:00-05:00,42.57201148380975,43.307272012916435,42.57201148380975,42.95668411254883,9731900,0.0,0.0
2008-02-28 00:00:00-05:00,42.95669027522958,43.477701892200265,42.737570948586004,43.346229553222656,8990300,0.0,0.0
2008-02-29 00:00:00-05:00,43.07841892747702,43.1417180804655,41.86597211359718,42.19708251953125,12983700,0.0,0.0
2008-03-03 00:00:00-05:00,42.060726968842985,42.810594531928615,41.797786105296915,42.46000671386719,9859700,0.0,0.0
2008-03-04 00:00:00-05:00,42.197089732334646,42.70349047271633,41.41800366876168,42.23117446899414,13698300,0.0,0.0
2008-03-05 00:00:00-05:00,42.37723785266815,43.26831476813596,42.20194391143001,43.234230041503906,16220500,0.0,0.0
2008-03-06 00:00:00-05:00,43.10764424548589,43.33650051676546,42.45029357614453,42.75218963623047,14296500,0.0,0.0
2008-03-07 00:00:00-05:00,42.47463897795222,42.60123730867702,41.21836657030255,41.5153923034668,15910600,0.0,0.0
2008-03-10 00:00:00-04:00,41.656600337963184,41.861108756926605,41.07228579312212,41.257320404052734,11854100,0.0,0.0
2008-03-11 00:00:00-04:00,41.73449819716648,43.01024783048562,41.729627888673456,42.92747116088867,13477100,0.0,0.0
2008-03-12 00:00:00-04:00,42.60610657224855,43.131988550673,42.14839406714308,42.23117446899414,10956900,0.0,0.0
2008-03-13 00:00:00-04:00,41.87571756760109,42.65967025181909,41.58843245118915,42.38212203979492,10964800,0.0,0.0
2008-03-14 00:00:00-04:00,42.61097457162345,42.67427373200001,40.94568173022916,41.55434036254883,15842000,0.0,0.0
2008-03-17 00:00:00-04:00,40.64378538974159,41.38391257855725,40.1422513209119,40.9943733215332,15926800,0.0,0.0
2008-03-18 00:00:00-04:00,41.44235343113511,41.93415069580078,41.159934905686875,41.93415069580078,13429600,0.0,0.0
2008-03-19 00:00:00-04:00,41.94387432843767,42.28472160305338,39.830613795906956,39.87443542480469,14797100,0.0,0.0
2008-03-20 00:00:00-04:00,39.57742363726452,40.9359503331373,39.377785510787504,40.51719284057617,18373200,0.0,0.0
2008-03-24 00:00:00-04:00,40.59997946607422,41.28654844681837,40.375993450252686,40.90674591064453,9971900,0.0,0.0
2008-03-25 00:00:00-04:00,41.03333780659905,41.31088605578727,40.760659867735754,41.16481018066406,12123000,0.0,0.0
2008-03-26 00:00:00-04:00,41.203758910317745,41.72477058638309,41.13558943606304,41.36931228637695,11674800,0.0,0.0
2008-03-27 00:00:00-04:00,41.54460965443223,42.33829929195287,41.03333484105589,41.09663772583008,9148200,0.0,0.0
2008-03-28 00:00:00-04:00,41.335233573089546,41.67121439870618,40.86291377909465,41.14533233642578,7522200,0.0,0.0
2008-03-31 00:00:00-04:00,41.3644450709844,41.84163514142029,41.05768241389148,41.5640869140625,10192000,0.0,0.0
2008-04-01 00:00:00-04:00,41.42774897027808,42.30908562848756,41.17941516657158,42.236045837402344,11069000,0.0,0.0
2008-04-02 00:00:00-04:00,42.19223481988958,42.942103015002864,41.59331284007293,42.610992431640625,10681700,0.0,0.0
2008-04-03 00:00:00-04:00,42.31882429504224,43.23911596134141,42.24578450732877,42.713233947753906,9823600,0.0,0.0
2008-04-04 00:00:00-04:00,42.86417982106863,43.17094618434816,42.703493032203916,42.87392044067383,9750500,0.0,0.0
2008-04-07 00:00:00-04:00,43.16606791399162,43.5166558559665,42.90799726641489,42.98103332519531,8328300,0.0,0.0
2008-04-08 00:00:00-04:00,42.80087771746484,43.51666089607281,42.732708244736244,43.472835540771484,7393100,0.0,0.0
2008-04-09 00:00:00-04:00,43.58482316417755,44.08148691409505,43.54586812478405,43.799068450927734,10708500,0.0,0.0
2008-04-10 00:00:00-04:00,43.91594331557053,44.01819753045443,43.30241431130929,43.62865447998047,9119700,0.0,0.0
2008-04-11 00:00:00-04:00,43.35110396748623,43.71142885536493,43.146595548551645,43.239112854003906,7441800,0.0,0.0
2008-04-14 00:00:00-04:00,43.239118595049426,43.53127404874067,43.11738684643156,43.482582092285156,7182100,0.0,0.0
2008-04-15 00:00:00-04:00,43.67734795213901,43.95976648781043,43.40954034620892,43.90620422363281,8401300,0.0,0.0
2008-04-16 00:00:00-04:00,43.98411640259797,44.83623864486814,43.9110766102689,44.76319885253906,11915100,0.0,0.0
2008-04-17 00:00:00-04:00,44.40772769878661,45.09916665639054,44.39312048752686,44.79240036010742,9127200,0.0,0.0
2008-04-18 00:00:00-04:00,44.680421261145945,45.44002617027451,44.65120311582387,45.371856689453125,10182100,0.0,0.0
2008-04-21 00:00:00-04:00,45.35723806136533,45.503313891387414,44.85083367771638,45.138118743896484,8558800,0.0,0.0
2008-04-22 00:00:00-04:00,45.03587571218705,46.014599990263456,45.026138807088124,45.785743713378906,11475600,0.0,0.0
2008-04-23 00:00:00-04:00,45.89285748028272,46.07788835342871,45.51792542510455,46.004852294921875,13022700,0.0,0.0
2008-04-24 00:00:00-04:00,45.712688337080685,45.76625058425796,44.753445626171285,44.99203872680664,12930400,0.0,0.0
2008-04-25 00:00:00-04:00,45.1186439789897,45.40105873034249,44.422338430650335,45.13325119018555,12739600,0.0,0.0
2008-04-28 00:00:00-04:00,45.18681670452179,45.493579306659555,44.928742333248294,45.04073715209961,7163400,0.0,0.0
2008-04-29 00:00:00-04:00,45.094301485631455,46.41387296749726,45.094301485631455,46.13145446777344,19505100,0.0,0.0
2008-04-30 00:00:00-04:00,46.28729026907651,47.36826905657386,46.28729026907651,46.81804275512695,19536000,0.0,0.0
2008-05-01 00:00:00-04:00,46.18987720872385,46.477162241671564,45.49357172612301,46.22883224487305,15253100,0.0,0.0
2008-05-02 00:00:00-04:00,46.516122144812435,46.671938590755616,46.08275753844057,46.41386795043945,10309200,0.0,0.0
2008-05-05 00:00:00-04:00,46.41876155026173,47.168629733540854,46.37006958302729,46.55997085571289,9059300,0.0,0.0
2008-05-06 00:00:00-04:00,46.30186539235012,47.2221604176582,46.30186539235012,47.16859817504883,10892600,0.0,0.0
2008-05-07 00:00:00-04:00,47.11504735945357,47.13452488103154,46.326224452854255,46.39439392089844,14912600,0.0,0.0
2008-05-08 00:00:00-04:00,46.50151622859244,47.645793633634426,46.40413234027461,47.4461555480957,15074600,0.0,0.0
2008-05-09 00:00:00-04:00,47.47537622496083,47.67014774220863,46.842369722644946,47.42181396484375,11310200,0.0,0.0
2008-05-12 00:00:00-04:00,47.32928596963457,47.5191871344513,46.968961158822935,47.407196044921875,9374300,0.0,0.0
2008-05-13 00:00:00-04:00,47.43642575010185,47.70910738651093,46.895936502255665,47.58737564086914,10634000,0.0,0.0
2008-05-14 00:00:00-04:00,47.70908337621876,48.20574701390249,47.48022721519411,47.582481384277344,13401400,0.0,0.0
2008-05-15 00:00:00-04:00,48.27367671387534,48.33249683264969,47.74917612907461,48.2785758972168,13434500,0.65,0.0
2008-05-16 00:00:00-04:00,48.53836182878009,49.249135907034386,48.47463880376431,49.20501708984375,16302200,0.0,0.0
2008-05-19 00:00:00-04:00,49.322655674737376,50.39616349717663,49.219716773398424,50.09714889526367,12910200,0.0,0.0
2008-05-20 00:00:00-04:00,50.371665354966225,50.61185616759121,50.106963672961015,50.533424377441406,16271500,0.0,0.0
2008-05-21 00:00:00-04:00,50.61185211519453,51.28830942182276,50.3373483513164,50.499107360839844,21994300,0.0,0.0
2008-05-22 00:00:00-04:00,50.41579856265499,50.69520537083558,49.86188786989977,49.95502471923828,17384100,0.0,0.0
2008-05-23 00:00:00-04:00,50.057954952382296,50.28833996402412,49.263849759177596,49.37659454345703,11484000,0.0,0.0
2008-05-27 00:00:00-04:00,48.994233170385996,49.15599592327252,48.312872927439756,48.8128662109375,12823600,0.0,0.0
2008-05-28 00:00:00-04:00,48.45993338053676,49.30305642378088,48.31777856605178,49.22462463378906,10504000,0.0,0.0
2008-05-29 00:00:00-04:00,49.038359466815415,49.26384527501551,48.44523302223461,48.459938049316406,13167300,0.0,0.0
2008-05-30 00:00:00-04:00,48.592286898336575,48.768754702497404,48.20994123593277,48.60209274291992,11884200,0.0,0.0
2008-06-02 00:00:00-04:00,48.44031822732732,48.871681788614325,47.95013083229675,48.709922790527344,11651400,0.0,0.0
2008-06-03 00:00:00-04:00,48.5481631337281,49.126584446167136,47.85699706775013,47.96974182128906,12689500,0.0,0.0
2008-06-04 00:00:00-04:00,47.63642735119679,47.90112908304817,46.82761712717883,47.077613830566406,13750600,0.0,0.0
2008-06-05 00:00:00-04:00,47.25407233364854,49.136390402522395,47.25407233364854,49.01384353637695,13919900,0.0,0.0
2008-06-06 00:00:00-04:00,49.31777106179802,50.07266035835094,48.21484904394815,48.77366256713867,18575700,0.0,0.0
2008-06-09 00:00:00-04:00,48.99422985234515,49.655985843913264,48.77364701504453,49.606964111328125,11535600,0.0,0.0
2008-06-10 00:00:00-04:00,49.29815519323819,49.60207278013272,47.871711557285124,48.420719146728516,15472800,0.0,0.0
2008-06-11 00:00:00-04:00,48.79815897831899,49.00893971774081,48.17071594155569,48.734432220458984,11541400,0.0,0.0
2008-06-12 00:00:00-04:00,48.46484160598552,48.46484160598552,47.82759633198437,48.067787170410156,13285400,0.0,0.0
2008-06-13 00:00:00-04:00,47.76876451169129,48.886395015874605,47.55308458126998,48.724632263183594,9358000,0.0,0.0
2008-06-16 00:00:00-04:00,48.778585604259206,49.45994629928776,48.582509750042995,48.76877975463867,7555400,0.0,0.0
2008-06-17 00:00:00-04:00,48.920716095851795,49.45501869866646,48.557974637600786,49.20012283325195,9164800,0.0,0.0
2008-06-18 00:00:00-04:00,48.98443054336032,49.17070042237438,47.95503767752822,48.656005859375,13018400,0.0,0.0
2008-06-19 00:00:00-04:00,48.80307342875024,49.038365108630906,47.47956848144531,47.47956848144531,15344100,0.0,0.0
2008-06-20 00:00:00-04:00,47.70501843155891,48.07756175287611,47.10208652653017,47.36188888549805,15029800,0.0,0.0
2008-06-23 00:00:00-04:00,47.07270814405337,48.59719166920019,47.07270814405337,48.55797576904297,12180900,0.0,0.0
2008-06-24 00:00:00-04:00,48.322667441349694,48.788343904603146,48.04815999600632,48.35207748413086,10485900,0.0,0.0
2008-06-25 00:00:00-04:00,48.435420129192316,49.102075352002885,47.71974690996432,48.70502471923828,14182900,0.0,0.0
2008-06-26 00:00:00-04:00,48.59226838356673,49.12657451475798,47.749149322509766,47.749149322509766,14626300,0.0,0.0
2008-06-27 00:00:00-04:00,47.709941822801106,48.68541372788484,47.709941822801106,47.940330505371094,17074300,0.0,0.0
2008-06-30 00:00:00-04:00,48.1854134628537,48.7834388320725,47.79816504404465,48.59226608276367,12341600,0.0,0.0
2008-07-01 00:00:00-04:00,48.16581458176666,48.827566818450244,47.90601586024024,48.56776809692383,13429300,0.0,0.0
2008-07-02 00:00:00-04:00,48.577589397066774,49.01875897581603,47.631527199240146,47.75407409667969,17580000,0.0,0.0
2008-07-03 00:00:00-04:00,47.93543137769499,48.739338499752,47.548182841852466,48.34718704223633,9401200,0.0,0.0
2008-07-07 00:00:00-04:00,48.092299493514155,48.70013099147289,46.959967481221256,47.459957122802734,15276600,0.0,0.0
2008-07-08 00:00:00-04:00,47.08741185073625,47.56779726460105,46.34723139016146,46.95506286621094,19460800,0.0,0.0
2008-07-09 00:00:00-04:00,47.20014925202694,47.44524297309479,45.94527059690622,46.033504486083984,14296700,0.0,0.0
2008-07-10 00:00:00-04:00,45.95015930171433,47.1805305480957,45.357033080746746,47.1805305480957,18101500,0.0,0.0
2008-07-11 00:00:00-04:00,46.54820678161986,46.85702357507692,44.68549643626669,45.21979904174805,17382000,0.0,0.0
2008-07-14 00:00:00-04:00,45.39623929843034,45.739368860692984,44.85213117839119,45.489376068115234,11684600,0.0,0.0
2008-07-15 00:00:00-04:00,45.214882101611124,45.508993776554995,43.69530199787378,43.83255386352539,15262400,0.0,0.0
2008-07-16 00:00:00-04:00,43.79332956735321,43.920779306628916,42.19041881579758,42.3472785949707,20202600,0.0,0.0
2008-07-17 00:00:00-04:00,42.22473142076771,42.523745956652355,41.161025935319515,41.99434280395508,20537500,0.0,0.0
2008-07-18 00:00:00-04:00,42.12181732058029,42.68553376442327,41.76397875506227,42.180641174316406,16142900,0.0,0.0
2008-07-21 00:00:00-04:00,42.43553385138,42.621803764371734,41.901231244732266,42.60219955444336,16626000,0.0,0.0
2008-07-22 00:00:00-04:00,42.41101705553383,42.896305329744806,41.72965679075294,41.97475051879883,15075700,0.0,0.0
2008-07-23 00:00:00-04:00,42.03358844341985,42.062998503892615,40.35714767944671,40.514007568359375,19102700,0.0,0.0
2008-07-24 00:00:00-04:00,40.51890675928841,40.92086042134054,39.96499240584387,40.19538116455078,18960900,0.0,0.0
2008-07-25 00:00:00-04:00,40.21988621592663,41.161045326439464,40.14635734232915,40.469879150390625,14425200,0.0,0.0
2008-07-28 00:00:00-04:00,40.61692900675202,40.91594362541266,40.25909055267459,40.4355583190918,10965700,0.0,0.0
2008-07-29 00:00:00-04:00,40.49927862787323,41.02377892237628,39.93065952887345,40.60711669921875,14088100,0.0,0.0
2008-07-30 00:00:00-04:00,40.739468369261964,42.85217451678251,40.40123792250533,42.773746490478516,17320700,0.0,0.0
2008-07-31 00:00:00-04:00,42.23454384015838,42.64139649808728,41.2786762644595,41.45024108886719,15131400,0.0,0.0
2008-08-01 00:00:00-04:00,41.16595395615417,41.89142946865482,40.911054324319814,41.32771301269531,13089300,0.0,0.0
2008-08-04 00:00:00-04:00,41.205169557941886,41.54830313099191,40.23460017837013,40.5875358581543,16513000,0.0,0.0
2008-08-05 00:00:00-04:00,40.46497210671676,40.83261266344707,39.63165126756149,40.4355583190918,21963900,0.0,0.0
2008-08-06 00:00:00-04:00,40.381632517057255,41.57769084692691,40.20026559118313,41.45024108886719,19538800,0.0,0.0
2008-08-07 00:00:00-04:00,41.57769967803886,41.81789048322621,40.842418497404005,40.896339416503906,12616200,0.0,0.0
2008-08-08 00:00:00-04:00,40.62183988756383,41.39143412085597,40.13165238254122,41.371826171875,14089800,0.0,0.0
2008-08-11 00:00:00-04:00,41.46985015943957,41.72474968249121,40.710061990733095,41.2149543762207,11412900,0.0,0.0
2008-08-12 00:00:00-04:00,41.587503299664775,41.587503299664775,40.744383989887034,40.96006393432617,12681100,0.0,0.0
2008-08-13 00:00:00-04:00,40.89143338441393,42.31788056146319,40.7884944757351,42.27376174926758,15342400,0.0,0.0
2008-08-14 00:00:00-04:00,42.08747143252961,42.88157600779991,41.72473396770157,42.440406799316406,14385200,0.0,0.0
2008-08-15 00:00:00-04:00,42.198427853495076,42.33671797462808,41.3143545583969,41.61069107055664,15663700,0.65,0.0
2008-08-18 00:00:00-04:00,41.82800127916766,42.14409402349604,40.899475545595635,41.087158203125,10383200,0.0,0.0
2008-08-19 00:00:00-04:00,40.86984836859658,42.144099530238954,40.86984836859658,41.83788299560547,10872800,0.0,0.0
2008-08-20 00:00:00-04:00,42.13914625185143,42.96889049489146,41.734152262279636,42.702186584472656,11681800,0.0,0.0
2008-08-21 00:00:00-04:00,43.092366722393194,44.006072311879656,43.03803793567736,43.71961212158203,11225000,0.0,0.0
2008-08-22 00:00:00-04:00,43.304748978668904,43.848033167000736,43.09237380517921,43.512184143066406,8574200,0.0,0.0
2008-08-25 00:00:00-04:00,43.749252712460574,43.749252712460574,42.00086265314301,42.232994079589844,11343900,0.0,0.0
2008-08-26 00:00:00-04:00,42.37622830880766,42.55403096047383,41.907025401529665,42.37128829956055,9351000,0.0,0.0
2008-08-27 00:00:00-04:00,42.83555591514901,42.96890603452323,42.381169217446924,42.781227111816406,8227700,0.0,0.0
2008-08-28 00:00:00-04:00,43.126945346186446,43.21090665821896,42.15891083301594,43.05780029296875,8859100,0.0,0.0
2008-08-29 00:00:00-04:00,43.27510676758717,43.32943555106406,42.534263830853604,42.63304138183594,8090400,0.0,0.0
2008-09-02 00:00:00-04:00,41.72921617400184,41.78848497125841,41.0970307424214,41.13654327392578,13432900,0.0,0.0
2008-09-03 00:00:00-04:00,41.04271425314414,41.70453616574611,40.963692934577004,41.57612228393555,10758500,0.0,0.0
2008-09-04 00:00:00-04:00,41.55636691289495,41.67490077737635,39.916634009761744,40.114192962646484,16527700,0.0,0.0
2008-09-05 00:00:00-04:00,40.00553435433944,40.36607971698869,39.0720721875214,39.620296478271484,15548100,0.0,0.0
2008-09-08 00:00:00-04:00,40.17345402543885,40.67228948415829,39.348649529702236,40.03022766113281,15451800,0.0,0.0
2008-09-09 00:00:00-04:00,39.61039947121938,40.173439782181774,38.894252831101824,38.91400909423828,21150200,0.0,0.0
2008-09-10 00:00:00-04:00,39.33876965038184,40.36113298510937,39.18072327195468,40.08455276489258,17746500,0.0,0.0
2008-09-11 00:00:00-04:00,39.748712874529275,40.99332791965769,39.32889867049161,40.89455032348633,16350800,0.0,0.0
2008-09-12 00:00:00-04:00,40.94393295308476,41.72428865689328,40.731557762000755,41.605751037597656,13390100,0.0,0.0
2008-09-15 00:00:00-04:00,40.084536085057415,41.38841910654497,39.55606460571289,39.55606460571289,17357200,0.0,0.0
2008-09-16 00:00:00-04:00,38.93870517390283,40.68215881665702,38.276887254586725,40.43027114868164,20753300,0.0,0.0
2008-09-17 00:00:00-04:00,40.00552261398201,41.43781985625523,39.26467960261197,39.53632354736328,23254500,0.0,0.0
2008-09-18 00:00:00-04:00,40.18333586953555,41.24027187727574,38.95847344203258,40.93405532836914,23377400,0.0,0.0
2008-09-19 00:00:00-04:00,42.25769279848729,43.517127682442165,41.34398698469806,43.36402130126953,23962500,0.0,0.0
2008-09-22 00:00:00-04:00,43.571467540705754,44.32712715561186,42.845440454031525,43.131900787353516,14625700,0.0,0.0
2008-09-23 00:00:00-04:00,43.04792600719077,43.65541525505183,41.92678130949514,42.20830154418945,14616700,0.0,0.0
2008-09-24 00:00:00-04:00,42.34657224766781,42.76638240268982,41.90700583300554,42.094688415527344,11233800,0.0,0.0
2008-09-25 00:00:00-04:00,42.03048615647351,43.54674446419752,42.03048615647351,43.201019287109375,13789200,0.0,0.0
2008-09-26 00:00:00-04:00,42.47502217745297,43.028186613498086,41.93667777483382,42.94422149658203,11869600,0.0,0.0
2008-09-29 00:00:00-04:00,41.99098537697742,42.23299683675756,38.276893615722656,38.276893615722656,23971900,0.0,0.0
2008-09-30 00:00:00-04:00,38.943642241878536,40.84020208465936,38.820168421347454,40.73648452758789,20128900,0.0,0.0
2008-10-01 00:00:00-04:00,40.25741647645742,41.03776837118947,38.755973957284695,40.598201751708984,14632000,0.0,0.0
2008-10-02 00:00:00-04:00,40.252497030136304,40.49450485291123,38.95355277697712,39.29433822631836,18821200,0.0,0.0
2008-10-03 00:00:00-04:00,39.49187788502468,41.339045726662654,39.0523112565082,39.20541763305664,18840900,0.0,0.0
2008-10-06 00:00:00-04:00,38.34604563457678,38.44976323555195,35.88644819859753,37.950927734375,26033800,0.0,0.0
2008-10-07 00:00:00-04:00,38.53372494924576,38.79549272741276,35.832119750697544,36.22723388671875,24464700,0.0,0.0
2008-10-08 00:00:00-04:00,35.62466547845562,38.10896192220223,34.7702287472825,36.10374450683594,28049100,0.0,0.0
2008-10-09 00:00:00-04:00,36.42478659749031,36.48899164445993,31.60930633544922,31.60930633544922,26965700,0.0,0.0
2008-10-10 00:00:00-04:00,29.88067346324368,31.984669046473815,27.411196317521064,28.561973571777344,48207200,0.0,0.0
2008-10-13 00:00:00-04:00,29.717678305643233,34.814677480946656,29.35219685090528,34.518341064453125,31001300,0.0,0.0
2008-10-14 00:00:00-04:00,35.89631978383721,36.548261596729624,32.17728782155616,33.851593017578125,27089600,0.0,0.0
2008-10-15 00:00:00-04:00,32.83417440067115,32.83417440067115,28.853374120144085,29.623851776123047,25129900,0.0,0.0
2008-10-16 00:00:00-04:00,29.95969648208779,31.801926195982094,27.470463081519526,31.1648006439209,31798100,0.0,0.0
2008-10-17 00:00:00-04:00,30.399273623874514,33.29350400831476,29.381849899675693,30.794389724731445,21723500,0.0,0.0
2008-10-20 00:00:00-04:00,31.658683105137314,34.5726656803949,31.609294336361053,34.38004684448242,18288900,0.0,0.0
2008-10-21 00:00:00-04:00,33.407084529875455,34.26646147016631,32.10320097628834,32.99221420288086,17534200,0.0,0.0
2008-10-22 00:00:00-04:00,31.554971092646564,32.02417013046565,29.692985545605357,30.49309730529785,22243900,0.0,0.0
2008-10-23 00:00:00-04:00,31.056143189109374,33.140380489878815,29.836220951761828,32.977394104003906,26944100,0.0,0.0
2008-10-24 00:00:00-04:00,30.132559953835816,32.33039503780371,29.91524663858148,31.564857482910156,19774700,0.0,0.0
2008-10-27 00:00:00-04:00,30.90796165283833,32.83415363239911,30.068339459592334,30.478271484375,18276000,0.0,0.0
2008-10-28 00:00:00-04:00,31.47100819622858,35.00236024132038,30.19675745523792,34.58254623413086,25094800,0.0,0.0
2008-10-29 00:00:00-04:00,34.68134005271508,36.70631069960655,34.28128593304673,35.06657791137695,25863100,0.0,0.0
2008-10-30 00:00:00-04:00,35.61479421009104,36.98782268867837,34.97766875247816,36.63715744018555,21848900,0.0,0.0
2008-10-31 00:00:00-04:00,36.47911531416566,37.52617494075434,35.6592471241898,36.84459686279297,20506400,0.0,0.0
2008-11-03 00:00:00-05:00,36.271667791019134,36.98781438492201,35.891366344397426,36.3951416015625,10465700,0.0,0.0
2008-11-04 00:00:00-05:00,37.249602050028024,38.97823650163665,36.9433892159139,38.61769485473633,20119000,0.0,0.0
2008-11-05 00:00:00-05:00,37.89660852589714,38.69671693309132,36.54827196958512,36.9828987121582,16408800,0.0,0.0
2008-11-06 00:00:00-05:00,36.48899051655469,36.97300966282892,34.09359859848959,34.62700653076172,21394000,0.0,0.0
2008-11-07 00:00:00-05:00,34.972731628608045,36.543319131591325,34.86901404808647,36.28155517578125,15931900,0.0,0.0
2008-11-10 00:00:00-05:00,37.15080149847591,37.57555171710453,35.96051213117153,36.71617126464844,13283400,0.0,0.0
2008-11-11 00:00:00-05:00,35.8716287267774,37.04216241563601,35.34316069370594,36.321075439453125,15789400,0.0,0.0
2008-11-12 00:00:00-05:00,35.55059305286057,35.9901596636287,33.15519731447783,33.22928237915039,22447700,0.0,0.0
2008-11-13 00:00:00-05:00,33.41696293647477,37.59037735487905,32.53782600229752,37.392818450927734,28513000,0.0,0.0
2008-11-14 00:00:00-05:00,36.83486295865911,38.53362861198945,34.86707999275206,36.2071647644043,26612200,0.65,0.0
2008-11-17 00:00:00-05:00,35.918234328467825,36.65054846752152,35.170975623434146,35.26064682006836,20960500,0.0,0.0
2008-11-18 00:00:00-05:00,35.360273193538056,36.88966207461732,34.87206264418802,36.56584930419922,23618700,0.0,0.0
2008-11-19 00:00:00-05:00,36.436316601169565,37.36291725310681,35.04641562326369,35.175941467285156,21997100,0.0,0.0
2008-11-20 00:00:00-05:00,34.438663516741904,35.49479058378728,32.01754486549268,32.08230972290039,34193700,0.0,0.0
2008-11-21 00:00:00-05:00,32.61036612826445,35.390169141586554,32.017539732747565,35.116172790527344,34759400,0.0,0.0
2008-11-24 00:00:00-05:00,35.69903127505546,38.73289896443552,34.95177277413387,37.01420593261719,27518000,0.0,0.0
2008-11-25 00:00:00-05:00,37.45757682082041,38.648208325444095,37.00922098626999,38.125125885009766,22015200,0.0,0.0
2008-11-26 00:00:00-05:00,37.79134775554369,39.85378059739887,37.49742414724647,39.81890869140625,19665100,0.0,0.0
2008-11-28 00:00:00-05:00,38.98199501322856,39.48016747346152,38.32440751775124,39.3606071472168,8647200,0.0,0.0
2008-12-01 00:00:00-05:00,38.11019822443367,38.184924863456054,35.87340464775993,35.87838363647461,22692700,0.0,0.0
2008-12-02 00:00:00-05:00,36.73523465165663,38.334367727542485,36.38651546405065,37.6319465637207,21058800,0.0,0.0
2008-12-03 00:00:00-05:00,36.71531381083108,37.47752097166906,36.366594561366455,37.23341369628906,22581800,0.0,0.0
2008-12-04 00:00:00-05:00,36.5857737354731,37.338011147406505,35.12612879203026,35.748844146728516,21416300,0.0,0.0
2008-12-05 00:00:00-05:00,35.29550362003649,37.49742408203265,33.9853119534466,37.073978424072266,22882300,0.0,0.0
2008-12-08 00:00:00-05:00,37.876045024922824,39.495105242039635,37.80131840859748,38.902278900146484,21955800,0.0,0.0
2008-12-09 00:00:00-05:00,38.49877561110817,39.151380461729765,37.47254133289312,37.64191818237305,19682700,0.0,0.0
2008-12-10 00:00:00-05:00,38.25963871750859,39.554886091638345,38.07531357628204,39.07664108276367,17651800,0.0,0.0
2008-12-11 00:00:00-05:00,39.3606017758206,40.810281460873846,39.20616574971081,39.58477783203125,20550500,0.0,0.0
2008-12-12 00:00:00-05:00,38.41903248538382,40.147686424189175,38.21976289163857,39.355594635009766,17806400,0.0,0.0
2008-12-15 00:00:00-05:00,39.94843412336797,40.15766555712814,38.394135328108156,38.96205139160156,16509100,0.0,0.0
2008-12-16 00:00:00-05:00,39.330714215089934,39.883685950008854,38.8375245436705,39.3606071472168,23253700,0.0,0.0
2008-12-17 00:00:00-05:00,39.08161558410221,39.35561187059109,38.11018111519264,38.269596099853516,20739500,0.0,0.0
2008-12-18 00:00:00-05:00,38.11018964525143,38.229749960319566,35.98299511124035,36.38153076171875,21474100,0.0,0.0
2008-12-19 00:00:00-05:00,36.65053078169259,37.18855770187129,35.2905189224774,35.295501708984375,31349800,0.0,0.0
2008-12-22 00:00:00-05:00,35.66914449037241,35.86841421840321,34.1546998783938,34.56818389892578,16863100,0.0,0.0
2008-12-23 00:00:00-05:00,34.921885752159554,35.26562593692426,34.29917022947213,34.47352981567383,14150500,0.0,0.0
2008-12-24 00:00:00-05:00,34.26928570064264,34.86709116236533,34.06503315742216,34.682769775390625,3717800,0.0,0.0
2008-12-26 00:00:00-05:00,34.83220301552068,35.16597751283032,34.603044235244546,35.046417236328125,6761900,0.0,0.0
2008-12-29 00:00:00-05:00,35.49478047604434,35.733904880003955,35.07631752005685,35.64423370361328,8994900,0.0,0.0
2008-12-30 00:00:00-05:00,35.61933382532429,36.61069603820945,35.49479070006092,36.5558967590332,10002700,0.0,0.0
2008-12-31 00:00:00-05:00,36.31676725942523,37.17860334833852,36.31676725942523,36.84981155395508,9964300,0.0,0.0
2009-01-02 00:00:00-05:00,36.97933633366349,38.508725342488646,36.655523536198146,38.120147705078125,13695900,0.0,0.0
2009-01-05 00:00:00-05:00,37.94080565557934,39.0417660249484,37.73157039293771,38.18989181518555,16954500,0.0,0.0
2009-01-06 00:00:00-05:00,38.63825375822757,39.081626931826825,38.025503777075414,38.53363800048828,15894500,0.0,0.0
2009-01-07 00:00:00-05:00,38.06535025590516,38.39414202332732,36.53097853925958,36.844825744628906,12804300,0.0,0.0
2009-01-08 00:00:00-05:00,36.67046675460871,37.28321661279427,36.4761798434032,36.98431396484375,11397200,0.0,0.0
2009-01-09 00:00:00-05:00,36.804970327429345,36.864752375227916,35.96804066201567,36.27690887451172,14182600,0.0,0.0
2009-01-12 00:00:00-05:00,35.983019271327244,36.172323547352555,35.091289596045,35.28059387207031,14195500,0.0,0.0
2009-01-13 00:00:00-05:00,35.16099974886266,36.21712252938406,35.16099974886266,35.77873229980469,14378800,0.0,0.0
2009-01-14 00:00:00-05:00,35.27559839732939,35.459923616145225,34.28921883905727,34.717647552490234,15142400,0.0,0.0
2009-01-15 00:00:00-05:00,34.72260163742982,35.49477008591559,34.00025345071914,35.255645751953125,19293100,0.0,0.0
2009-01-16 00:00:00-05:00,35.9082568850747,36.33668532643637,35.06136177507371,35.73887634277344,15594800,0.0,0.0
2009-01-20 00:00:00-05:00,35.33536822872573,35.96804549982286,33.87572295524178,34.030155181884766,16084200,0.0,0.0
2009-01-21 00:00:00-05:00,34.08992976570086,35.61433574831763,34.07996799228798,35.48481369018555,15889900,0.0,0.0
2009-01-22 00:00:00-05:00,34.83220433522877,35.355286740967244,34.015202113463026,34.84714889526367,14320100,0.0,0.0
2009-01-23 00:00:00-05:00,34.075016733724844,35.425064425125065,33.965418121010444,35.28059387207031,13422100,0.0,0.0
2009-01-26 00:00:00-05:00,35.58444183532129,36.062686710547815,34.93681642886215,35.51469802856445,14023100,0.0,0.0
2009-01-27 00:00:00-05:00,35.50971641530435,36.18224817453688,35.280557642567835,35.91323471069336,13632700,0.0,0.0
2009-01-28 00:00:00-05:00,36.36160005090684,36.874716981470634,35.84848312034305,36.76013946533203,14649100,0.0,0.0
2009-01-29 00:00:00-05:00,36.12249215217789,36.212163361935765,35.17596356045698,35.180946350097656,15780500,0.0,0.0
2009-01-30 00:00:00-05:00,36.017868909690826,36.21713484496246,34.96174196928236,35.13111877441406,17880000,0.0,0.0
2009-02-02 00:00:00-05:00,34.63293808237093,35.295508181458395,34.433672194580474,35.01653289794922,12445000,0.0,0.0
2009-02-03 00:00:00-05:00,35.1560310787539,35.763802100670205,34.842183790721165,35.6890754699707,12509600,0.0,0.0
2009-02-04 00:00:00-05:00,36.01288000329223,36.3317100064696,35.375219996937496,35.66913986206055,12058000,0.0,0.0
2009-02-05 00:00:00-05:00,35.60936356956257,36.575815406995076,35.35529459030415,36.491127014160156,14933800,0.0,0.0
2009-02-06 00:00:00-05:00,36.15735433027693,37.36293064697162,36.01288387568484,37.313114166259766,13345400,0.0,0.0
2009-02-09 00:00:00-05:00,37.06899943804819,37.64189449253729,36.660494538912715,37.073978424072266,14894400,0.0,0.0
2009-02-10 00:00:00-05:00,37.0440967502451,37.48248705589321,35.15104027438291,35.43001937866211,20150600,0.0,0.0
2009-02-11 00:00:00-05:00,35.60437157655137,35.91821872808049,35.01154537846593,35.499755859375,15533700,0.0,0.0
2009-02-12 00:00:00-05:00,35.167942329697915,35.223246050782244,34.15740088604754,35.12269592285156,17237200,0.65,0.0
2009-02-13 00:00:00-05:00,35.04728521396702,35.56512571693865,31.673777040283046,35.057342529296875,10852400,0.0,0.0
2009-02-17 00:00:00-05:00,33.800430991033295,34.15236015006336,33.23734050084504,33.27253341674805,18834600,0.0,0.0
2009-02-18 00:00:00-05:00,33.42839250407809,33.78535037497345,32.980938001424704,33.242374420166016,12564000,0.0,0.0
2009-02-19 00:00:00-05:00,33.17701375376884,34.04175850301964,33.17701375376884,33.52391815185547,10164600,0.0,0.0
2009-02-20 00:00:00-05:00,32.92061025241608,33.28762160855856,32.04078144101774,32.7144775390625,19885500,0.0,0.0
2009-02-23 00:00:00-05:00,33.17702059164292,33.61442171260864,31.45758805114309,31.64360809326172,18809700,0.0,0.0
2009-02-24 00:00:00-05:00,31.809524800114545,33.09658701890477,31.462622187983282,32.820068359375,19231300,0.0,0.0
2009-02-25 00:00:00-05:00,32.830130061360194,32.991012620467394,31.804500390776877,31.92516326904297,26680400,0.0,0.0
2009-02-26 00:00:00-05:00,32.3575324857068,32.82509797360399,31.638587785730305,31.759248733520508,15711000,0.0,0.0
2009-02-27 00:00:00-05:00,31.12577527009838,31.5531191814314,30.452078876718538,30.522464752197266,20502100,0.0,0.0
2009-03-02 00:00:00-05:00,29.848758177232696,30.261019808301512,28.95887580250007,28.968931198120117,19315900,0.0,0.0
2009-03-03 00:00:00-05:00,29.40131313583981,29.74821576658485,28.84325096447558,29.02424430847168,19266800,0.0,0.0
2009-03-04 00:00:00-05:00,29.69289754572753,30.38670242392477,29.587316874810405,29.803503036499023,19092400,0.0,0.0
2009-03-05 00:00:00-05:00,29.19015295131402,29.290703095490745,28.214800442682805,28.385738372802734,22266000,0.0,0.0
2009-03-06 00:00:00-05:00,28.92369796700029,29.843747008606236,28.390775146192645,29.295740127563477,22099300,0.0,0.0
2009-03-09 00:00:00-04:00,28.973951470360827,29.959356941520568,28.913619114099575,29.300743103027344,17666400,0.0,0.0
2009-03-10 00:00:00-04:00,30.110194743777733,31.060407638549805,29.803511869196115,31.060407638549805,21943900,0.0,0.0
2009-03-11 00:00:00-04:00,30.718531529665807,31.57322102788126,30.336436063453988,30.77886390686035,15360800,0.0,0.0
2009-03-12 00:00:00-04:00,31.025207724101797,31.930172090680113,30.738635706649834,31.87487030029297,15602800,0.0,0.0
2009-03-13 00:00:00-04:00,32.116197074621745,32.16647213173406,31.22128609863261,31.628520965576172,14355400,0.0,0.0
2009-03-16 00:00:00-04:00,31.00007805488108,32.27708273505882,31.00007805488108,31.64360809326172,13272000,0.0,0.0
2009-03-17 00:00:00-04:00,31.729069921377974,32.85021854567153,31.387194196123396,32.83513641357422,14726900,0.0,0.0
2009-03-18 00:00:00-04:00,32.52846659799884,33.6747589597693,32.15642645998348,33.47867965698242,17843100,0.0,0.0
2009-03-19 00:00:00-04:00,34.31326247777696,34.79088144683368,33.599346435447536,33.75017166137695,17221600,0.0,0.0
2009-03-20 00:00:00-04:00,33.956312067120344,34.177527050954474,32.312289502249854,32.533504486083984,23811700,0.0,0.0
2009-03-23 00:00:00-04:00,33.13681079041944,34.780829209870554,33.056367598453114,34.7657470703125,20321200,0.0,0.0
2009-03-24 00:00:00-04:00,34.30822432686473,35.18805132644748,34.29314219201907,34.67523956298828,15391900,0.0,0.0
2009-03-25 00:00:00-04:00,34.866298337639954,35.2835887788667,34.107131991126884,35.04226303100586,16723400,0.0,0.0
2009-03-26 00:00:00-04:00,35.48971443603831,35.65562563245545,34.770773589715276,35.27855682373047,15904600,0.0,0.0
2009-03-27 00:00:00-04:00,34.73055710564192,34.98696117156171,34.43895626341718,34.64006042480469,12842400,0.0,0.0
2009-03-30 00:00:00-04:00,33.95629527812575,34.1322599120175,33.161936261424316,33.58425521850586,14304800,0.0,0.0
2009-03-31 00:00:00-04:00,33.906015829717425,34.4540204523294,33.574193560959436,33.80546188354492,18691400,0.0,0.0
2009-04-01 00:00:00-04:00,33.1820522020353,34.53949825782178,33.09658420027478,34.33839797973633,14299000,0.0,0.0
2009-04-02 00:00:00-04:00,35.193076533105774,35.84163511807621,34.9467260713815,35.34893035888672,18069100,0.0,0.0
2009-04-03 00:00:00-04:00,35.14279798254913,35.6556096447476,34.90147236544715,35.43439865112305,11574700,0.0,0.0
2009-04-06 00:00:00-04:00,35.06235710647421,35.21821476261204,34.524405965766825,35.13777160644531,10430600,0.0,0.0
2009-04-07 00:00:00-04:00,34.72048653959854,34.7757902587714,34.14734239157194,34.388668060302734,11086000,0.0,0.0
2009-04-08 00:00:00-04:00,34.0518252744753,34.73557311246091,33.890942753347765,34.42889404296875,11238900,0.0,0.0
2009-04-09 00:00:00-04:00,34.97187277900832,35.12270183202188,34.44900358716803,34.805965423583984,11057900,0.0,0.0
2009-04-13 00:00:00-04:00,33.91104041446508,34.26800212621975,33.44347511630085,34.17750549316406,12614700,0.0,0.0
2009-04-14 00:00:00-04:00,33.62446942587125,33.87082372312059,33.202154348999684,33.4736442565918,12971500,0.0,0.0
2009-04-15 00:00:00-04:00,33.398230654263386,33.65966325617204,32.97591173026814,33.533973693847656,11219200,0.0,0.0
2009-04-16 00:00:00-04:00,33.760220131623065,33.76524878855909,32.73459275393233,33.146854400634766,11959400,0.0,0.0
2009-04-17 00:00:00-04:00,33.39319780092949,33.55408026705546,33.04629726081633,33.187068939208984,12660500,0.0,0.0
2009-04-20 00:00:00-04:00,32.83012205472251,32.88039712298061,32.04581833194803,32.111175537109375,11753300,0.0,0.0
2009-04-21 00:00:00-04:00,31.95028996969811,32.659179104597975,31.703939473711962,32.61895751953125,12569800,0.0,0.0
2009-04-22 00:00:00-04:00,32.3424391763367,32.6139290919048,31.950286436781475,32.050838470458984,11932800,0.0,0.0
2009-04-23 00:00:00-04:00,32.397750228851756,33.046308979206344,32.17653532108191,32.94575500488281,12370800,0.0,0.0
2009-04-24 00:00:00-04:00,33.30270651569371,33.85573984197348,33.18707426235564,33.483699798583984,12615100,0.0,0.0
2009-04-27 00:00:00-04:00,32.84017532146833,33.202161947770094,32.59382480357922,32.88542556762695,12303400,0.0,0.0
2009-04-28 00:00:00-04:00,32.578744969855265,33.65464760978749,32.48824830688237,33.177024841308594,9261500,0.0,0.0
2009-04-29 00:00:00-04:00,33.48370679349603,34.0417688930328,33.227298949879746,33.96635437011719,11666100,0.0,0.0
2009-04-30 00:00:00-04:00,34.18757207382992,34.18757207382992,32.83012589343065,33.232330322265625,14107700,0.0,0.0
2009-05-01 00:00:00-04:00,33.212212775530276,33.71999974331624,32.86531214947108,33.619449615478516,12003200,0.0,0.0
2009-05-04 00:00:00-04:00,33.855736581369854,34.29313761218601,33.32281409737422,33.52391815185547,15224400,0.0,0.0
2009-05-05 00:00:00-04:00,33.564141422840805,33.66469153728267,32.875361248116924,33.05635452270508,12678800,0.0,0.0
2009-05-06 00:00:00-04:00,33.42839300342729,34.36352360031556,33.38314660474276,34.242862701416016,14107200,0.0,0.0
2009-05-07 00:00:00-04:00,34.49927044719742,34.69031718998572,33.926126383091706,34.17750549316406,12338700,0.0,0.0
2009-05-08 00:00:00-04:00,34.48419445066313,35.66567967825616,34.48419445066313,35.384132385253906,13931400,0.0,0.0
2009-05-11 00:00:00-04:00,34.83612741274085,34.841156070375725,34.05182559434444,34.18756866455078,13520700,0.0,0.0
2009-05-12 00:00:00-04:00,34.59982855955691,34.971868654506075,34.197620356117696,34.785850524902344,11313500,0.0,0.0
2009-05-13 00:00:00-04:00,34.283100444970955,34.69033356811554,33.976417479031106,34.237850189208984,12437000,0.0,0.0
2009-05-14 00:00:00-04:00,34.01662301668958,34.40374515848123,33.83562975057533,34.112144470214844,10051900,0.0,0.0
2009-05-15 00:00:00-04:00,33.970015685412605,34.01062631796117,33.2491943854695,33.44208908081055,12322900,0.65,0.0
2009-05-18 00:00:00-04:00,33.827879709824366,33.84818502451727,33.34056377572297,33.51823043823242,13480100,0.0,0.0
2009-05-19 00:00:00-04:00,33.492854119867545,33.62991016289557,33.33041546342841,33.43193817138672,14223600,0.0,0.0
2009-05-20 00:00:00-04:00,33.70605265936601,33.94970869697011,33.02076472844548,33.10198211669922,17617900,0.0,0.0
2009-05-21 00:00:00-04:00,32.75680491847828,32.944626211184975,32.411622247433584,32.726348876953125,12463000,0.0,0.0
2009-05-22 00:00:00-04:00,32.86847048345544,33.3862423684879,32.67049853863343,32.71110916137695,8779000,0.0,0.0
2009-05-26 00:00:00-04:00,32.391313324723384,33.330413818359375,32.269483370196355,33.330413818359375,12018200,0.0,0.0
2009-05-27 00:00:00-04:00,33.34564060904157,33.62482996829152,32.68573144564582,32.777103424072266,12209300,0.0,0.0
2009-05-28 00:00:00-04:00,33.02077333296681,33.680678823541456,32.61975196570094,33.40656280517578,12182800,0.0,0.0
2009-05-29 00:00:00-04:00,33.78220467276073,33.98017670280119,33.45224999841202,33.843116760253906,12171400,0.0,0.0
2009-06-01 00:00:00-04:00,34.41672890592422,35.365978347026946,34.23398491101645,35.13247299194336,14222500,0.0,0.0
2009-06-02 00:00:00-04:00,35.07662785917131,35.401505151740324,34.93449452777772,35.20353317260742,10311000,0.0,0.0
2009-06-03 00:00:00-04:00,34.888805352211,35.02078407036318,34.13752430290685,34.65022277832031,14907700,0.0,0.0
2009-06-04 00:00:00-04:00,35.010642011880016,35.45734736588262,34.76190865692291,35.4268913269043,11298900,0.0,0.0
2009-06-05 00:00:00-04:00,35.503024165435626,35.832974811828635,34.964943117523696,35.213680267333984,11204400,0.0,0.0
2009-06-08 00:00:00-04:00,35.02586077397015,35.523331225245215,34.838039546611185,35.320281982421875,9557700,0.0,0.0
2009-06-09 00:00:00-04:00,35.563950593440346,35.848221183387615,35.27460657843306,35.62994384765625,10021900,0.0,0.0
2009-06-10 00:00:00-04:00,36.0411200129163,36.29493071723261,35.254305280398135,35.64517593383789,14356300,0.0,0.0
2009-06-11 00:00:00-04:00,35.71624828191014,36.802557958726354,35.629953558248246,36.49798583984375,14600000,0.0,0.0
2009-06-12 00:00:00-04:00,36.13755861357588,36.929446537124086,35.88374798445475,36.88883590698242,13931600,0.0,0.0
2009-06-15 00:00:00-04:00,36.52842760095405,36.52842760095405,35.71623431069343,36.081722259521484,13317100,0.0,0.0
2009-06-16 00:00:00-04:00,36.39644286682383,36.40659746083647,35.4471935873143,35.472572326660156,11267000,0.0,0.0
2009-06-17 00:00:00-04:00,35.24921295428154,35.472563620786296,34.75174253651173,34.9395637512207,15484700,0.0,0.0
2009-06-18 00:00:00-04:00,34.79744244084104,35.16292653181064,34.51824917047198,34.73652648925781,10478700,0.0,0.0
2009-06-19 00:00:00-04:00,34.93449548783421,34.98525684003509,34.198446198814096,34.548702239990234,16452900,0.0,0.0
2009-06-22 00:00:00-04:00,34.05124759408803,34.16292493208261,33.32027147110117,33.381187438964844,16404600,0.0,0.0
2009-06-23 00:00:00-04:00,33.57914580813453,33.88371777763461,33.29487528013743,33.482696533203125,13029800,0.0,0.0
2009-06-24 00:00:00-04:00,33.675596919635545,34.0563129142685,33.22381424916524,33.36087417602539,11633300,0.0,0.0
2009-06-25 00:00:00-04:00,33.249194732101245,34.16291460975425,33.10706138954258,33.944637298583984,12828800,0.0,0.0
2009-06-26 00:00:00-04:00,33.81265875367618,33.81265875367618,33.39133209970199,33.47762680053711,11011600,0.0,0.0
2009-06-29 00:00:00-04:00,33.71113587816046,34.05631467992726,33.54361990235464,33.94971466064453,10288800,0.0,0.0
2009-06-30 00:00:00-04:00,33.98016943492628,34.25428538854752,33.25934428006613,33.62990951538086,12772700,0.0,0.0
2009-07-01 00:00:00-04:00,33.97509820731916,34.45226353103465,33.70098220472794,33.766971588134766,10397100,0.0,0.0
2009-07-02 00:00:00-04:00,33.305040402048206,33.39133511066469,32.70096969604492,32.70096969604492,10747800,0.0,0.0
2009-07-06 00:00:00-04:00,32.33039649828288,32.62989311122855,31.761861244298704,32.5588264465332,10673300,0.0,0.0
2009-07-07 00:00:00-04:00,32.45222808897409,32.53344547865355,31.80754884086354,31.82785415649414,9519400,0.0,0.0
2009-07-08 00:00:00-04:00,31.81262676930357,32.06643742590789,31.421760062183953,31.868465423583984,11905600,0.0,0.0
2009-07-09 00:00:00-04:00,32.294865978476444,32.310095933967084,31.868464016747865,32.020751953125,8580300,0.0,0.0
2009-07-10 00:00:00-04:00,31.350695561326503,31.371000881257753,30.903990141370375,31.167953491210938,16790000,0.0,0.0
2009-07-13 00:00:00-04:00,31.19839898685645,31.7161728515184,30.919207709669845,31.69586753845215,15929100,0.0,0.0
2009-07-14 00:00:00-04:00,31.980140686035156,32.15273199894046,31.660338736976783,31.980140686035156,12881000,0.0,0.0
2009-07-15 00:00:00-04:00,32.563903432024794,32.85832468171476,32.48775947119564,32.777103424072266,13601500,0.0,0.0
2009-07-16 00:00:00-04:00,32.61973710898857,33.04105973208377,32.492831817887605,32.939537048339844,10292100,0.0,0.0
2009-07-17 00:00:00-04:00,32.85325181827938,33.167974552007465,32.599441163160215,33.05630111694336,11911100,0.0,0.0
2009-07-20 00:00:00-04:00,33.345645523900686,33.56392284493368,33.05122423081558,33.32026290893555,9632300,0.0,0.0
2009-07-21 00:00:00-04:00,33.67559357122958,33.782197447229215,33.19843220560118,33.62990951538086,9759500,0.0,0.0
2009-07-22 00:00:00-04:00,33.269503937423046,33.94971469141806,33.19843725783681,33.47255325317383,9911400,0.0,0.0
2009-07-23 00:00:00-04:00,33.487781707049926,34.563936510607924,33.46239908993658,34.4624137878418,11272000,0.0,0.0
2009-07-24 00:00:00-04:00,34.34565978358438,34.82282118270161,34.23398247543676,34.73652648925781,8897100,0.0,0.0
2009-07-27 00:00:00-04:00,34.83298677914055,35.02080424503217,34.62993741590994,34.949737548828125,7844300,0.0,0.0
2009-07-28 00:00:00-04:00,34.624837062861666,34.78727567072226,34.2847318327851,34.690826416015625,10773100,0.0,0.0
2009-07-29 00:00:00-04:00,34.26443168344652,34.42687031577286,33.736505160175284,34.071537017822266,10749700,0.0,0.0
2009-07-30 00:00:00-04:00,34.482713766137344,34.77205774133399,34.01570311719591,34.36595916748047,11541900,0.0,0.0
2009-07-31 00:00:00-04:00,34.086768887543805,35.376127371748204,34.01570221992051,35.26445007324219,16302600,0.0,0.0
2009-08-03 00:00:00-04:00,35.66547126587265,35.80760460082657,35.43703937225992,35.73653793334961,13222100,0.0,0.0
2009-08-04 00:00:00-04:00,35.51827207102784,35.76192818859582,35.35075606967225,35.74162673950195,9692400,0.0,0.0
2009-08-05 00:00:00-04:00,35.746691354706286,35.78222469112873,35.2289193278588,35.4268913269043,9231300,0.0,0.0
2009-08-06 00:00:00-04:00,35.46242411173157,35.472574833618715,34.8786588457202,35.152774810791016,8660700,0.0,0.0
2009-08-07 00:00:00-04:00,35.37106180217799,35.60964449666392,35.10202306085358,35.27968978881836,9086500,0.0,0.0
2009-08-10 00:00:00-04:00,35.167995007467,35.42688289569991,34.9446404472,35.142616271972656,7914600,0.0,0.0
2009-08-11 00:00:00-04:00,34.93959108255579,35.076647192557914,34.35582554442391,34.48780822753906,9080700,0.0,0.0
2009-08-12 00:00:00-04:00,34.57409014095053,35.14262744195525,34.52840220599128,34.88373947143555,8962200,0.0,0.0
2009-08-13 00:00:00-04:00,35.056319659064144,35.056319659064144,34.55377574361368,34.78728103637695,8299700,0.0,0.0
2009-08-14 00:00:00-04:00,34.807590990119145,34.85835234351472,34.31012043201933,34.83804702758789,8835100,0.0,0.0
2009-08-17 00:00:00-04:00,34.171534689417975,34.386868247873096,34.0177227696074,34.140769958496094,13435800,0.68,0.0
2009-08-18 00:00:00-04:00,34.12539198007847,34.39712300105015,34.09463115856466,34.320220947265625,7872300,0.0,0.0
2009-08-19 00:00:00-04:00,33.96646677844356,35.1200448954473,33.86905226351754,34.94572830200195,11183300,0.0,0.0
2009-08-20 00:00:00-04:00,35.0277561756719,35.26359832795401,34.868820008429815,35.18156814575195,7957000,0.0,0.0
2009-08-21 00:00:00-04:00,35.61224361410725,35.86346623899861,35.40716224391762,35.750675201416016,15265900,0.0,0.0
2009-08-24 00:00:00-04:00,35.94037413728578,36.371045428558034,35.84296351279959,36.27875900268555,9749000,0.0,0.0
2009-08-25 00:00:00-04:00,36.46844553114069,36.658146438368696,36.07366721367802,36.22235107421875,11391400,0.0,0.0
2009-08-26 00:00:00-04:00,35.94034872531642,36.50431919061997,35.77115641224558,36.44792175292969,7233600,0.0,0.0
2009-08-27 00:00:00-04:00,36.25311437760305,36.51459317857852,35.65325469736619,36.401798248291016,8321900,0.0,0.0
2009-08-28 00:00:00-04:00,36.550460835022065,36.60685826732463,36.09928528820039,36.23771286010742,7307000,0.0,0.0
2009-08-31 00:00:00-04:00,35.88397012555072,36.08392335993097,35.59685859138447,35.85833740234375,8048200,0.0,0.0
2009-09-01 00:00:00-04:00,35.73014733099097,36.02751104960845,35.0072367725251,35.109779357910156,11748200,0.0,0.0
2009-09-02 00:00:00-04:00,35.0687776874571,35.453303750013426,34.863696338440114,34.88420486450195,8070700,0.0,0.0
2009-09-03 00:00:00-04:00,35.07902393239374,35.19694695896971,34.84318179084251,35.03288269042969,7238400,0.0,0.0
2009-09-04 00:00:00-04:00,34.95083870397544,35.437907174752446,34.94058640141996,35.355873107910156,6137600,0.0,0.0
2009-09-08 00:00:00-04:00,35.75065176215712,36.242844380954104,35.740395548990946,36.13517761230469,9683100,0.0,0.0
2009-09-09 00:00:00-04:00,36.23772943912739,36.4171741187333,35.85833155773195,36.058284759521484,8028300,0.0,0.0
2009-09-10 00:00:00-04:00,36.34539205526391,36.78118734450492,36.08391331707922,36.632503509521484,9772300,0.0,0.0
2009-09-11 00:00:00-04:00,36.80682660945545,36.89398489122867,36.08391590255877,36.273616790771484,9905800,0.0,0.0
2009-09-14 00:00:00-04:00,35.8583240650941,36.46843584827063,35.79679851139906,36.42229461669922,7194400,0.0,0.0
2009-09-15 00:00:00-04:00,36.5709730422313,36.7606699595042,36.07878042008655,36.72478103637695,10419000,0.0,0.0
2009-09-16 00:00:00-04:00,36.84271835513584,37.222116248911185,36.678654083914,37.14521026611328,11082100,0.0,0.0
2009-09-17 00:00:00-04:00,37.00678715526361,37.299026796379444,36.81708622935987,36.89912033081055,8641400,0.0,0.0
2009-09-18 00:00:00-04:00,37.34004069954641,37.616899901202856,37.170848313267314,37.24262619018555,16088900,0.0,0.0
2009-09-21 00:00:00-04:00,36.704293669385244,37.114456379961915,36.6427720009198,36.94013977050781,9375200,0.0,0.0
2009-09-22 00:00:00-04:00,37.28363293629577,37.41180823989327,36.99139340055747,37.23748779296875,7084700,0.0,0.0
2009-09-23 00:00:00-04:00,37.17083498626185,37.36566002353126,36.52995852098148,36.59148406982422,9853100,0.0,0.0
2009-09-24 00:00:00-04:00,36.55559324410028,36.70940124081303,35.97111425107331,36.25309753417969,10006100,0.0,0.0
2009-09-25 00:00:00-04:00,36.186468602721334,36.601755517738624,36.073673659975505,36.22748565673828,7253000,0.0,0.0
2009-09-28 00:00:00-04:00,36.29410994450439,36.899097375733604,36.17106278047777,36.76066589355469,6022900,0.0,0.0
2009-09-29 00:00:00-04:00,36.658136058640565,36.81194798436568,36.29411867346422,36.35564422607422,7859100,0.0,0.0
2009-09-30 00:00:00-04:00,36.46331560284709,36.47356790710706,35.77116576149144,36.10955047607422,13851300,0.0,0.0
2009-10-01 00:00:00-04:00,36.09416576440679,36.09416576440679,35.222571365322665,35.278968811035156,9249900,0.0,0.0
2009-10-02 00:00:00-04:00,34.97646853302128,35.26870799407543,34.87905407547029,34.93545150756836,8963500,0.0,0.0
2009-10-05 00:00:00-04:00,35.00212041495893,35.786556787977474,34.79704299854724,35.57634735107422,9777800,0.0,0.0
2009-10-06 00:00:00-04:00,35.960863477073346,36.324880876100245,35.648115418038984,36.17619705200195,8461400,0.0,0.0
2009-10-07 00:00:00-04:00,36.0480120928575,36.24284100889542,35.62759735894246,36.15055465698242,6933700,0.0,0.0
2009-10-08 00:00:00-04:00,36.34539205526391,36.82220438414178,36.247977564026435,36.632503509521484,10122200,0.0,0.0
2009-10-09 00:00:00-04:00,36.883734696235905,37.3964360229599,36.63250822978865,37.30414962768555,8812300,0.0,0.0
2009-10-12 00:00:00-04:00,37.524615517820926,37.99117174286962,37.49897888400019,37.77070999145508,6790200,0.0,0.0
2009-10-13 00:00:00-04:00,37.80146014677461,38.15009710955158,37.54510955389742,37.97577667236328,9040600,0.0,0.0
2009-10-14 00:00:00-04:00,38.3910745174439,38.83199797802198,38.221886049883146,38.68844223022461,9284200,0.0,0.0
2009-10-15 00:00:00-04:00,38.549998161254884,39.40620808613565,38.46283599872522,39.31904983520508,10286700,0.0,0.0
2009-10-16 00:00:00-04:00,39.15499880975189,39.47287110518813,38.95504562017089,39.380584716796875,9872000,0.0,0.0
2009-10-19 00:00:00-04:00,39.44724159295423,40.01634038234159,39.24216027857668,39.81638717651367,8213600,0.0,0.0
2009-10-20 00:00:00-04:00,39.842033942911605,39.842033942911605,39.12937915568404,39.4933967590332,8161100,0.0,0.0
2009-10-21 00:00:00-04:00,39.27292648458228,40.17528204444876,38.821750660449666,39.46262741088867,8670700,0.0,0.0
2009-10-22 00:00:00-04:00,39.27804525567796,39.85227209572824,38.96529716288989,39.62668228149414,12671400,0.0,0.0
2009-10-23 00:00:00-04:00,39.54977260811424,39.67281980818709,39.06783219972893,39.31393051147461,8329200,0.0,0.0
2009-10-26 00:00:00-04:00,39.45748762844868,40.21628719758812,38.626910197423086,38.68330764770508,11143100,0.0,0.0
2009-10-27 00:00:00-04:00,38.873013457508314,39.60617649273758,38.69869688837718,39.267791748046875,9573800,0.0,0.0
2009-10-28 00:00:00-04:00,39.16524418408591,39.49850074495094,38.77559017853912,38.90889358520508,11992600,0.0,0.0
2009-10-29 00:00:00-04:00,39.04732565812242,40.10348888892024,38.80122735856965,39.965057373046875,14869300,0.0,0.0
2009-10-30 00:00:00-04:00,40.11887181401263,40.247047123322574,38.744832341746026,39.24215316772461,19335400,0.0,0.0
2009-11-02 00:00:00-05:00,39.406213771920676,39.78561155723034,38.82686283546135,39.293418884277344,11207900,0.0,0.0
2009-11-03 00:00:00-05:00,38.867895698638314,39.64720409365355,38.73972033605307,39.32419967651367,8714500,0.0,0.0
2009-11-04 00:00:00-05:00,39.52927498428993,39.734356315334445,38.96530425761829,39.10886001586914,10695700,0.0,0.0
2009-11-05 00:00:00-05:00,39.283167643540764,39.86251859566193,39.24727871573856,39.60103988647461,9346100,0.0,0.0
2009-11-06 00:00:00-05:00,39.25753263527055,39.775361967682585,39.05757947048173,39.749725341796875,7746600,0.0,0.0
2009-11-09 00:00:00-05:00,40.13938760632783,40.185528848472394,39.73435308612236,39.81638717651367,13749300,0.0,0.0
2009-11-10 00:00:00-05:00,39.68821528052794,40.21629707044555,39.65745053816696,40.16502380371094,10638200,0.0,0.0
2009-11-11 00:00:00-05:00,40.43674713186208,40.57517474187761,39.99069565674548,40.252174377441406,7912700,0.0,0.0
2009-11-12 00:00:00-05:00,40.1547761895348,40.29833196532411,39.5138993964743,39.69334411621094,8604200,0.0,0.0
2009-11-13 00:00:00-05:00,39.631801984227124,40.252169930200004,39.60616536110117,39.959930419921875,7898700,0.0,0.0
2009-11-16 00:00:00-05:00,40.399573317078875,40.78748369668517,40.33233693851736,40.658180236816406,8952600,0.68,0.0
2009-11-17 00:00:00-05:00,40.57541088665133,40.880569004288276,40.45128071057508,40.7616081237793,6740900,0.0,0.0
2009-11-18 00:00:00-05:00,40.76679518219573,40.85472058896526,40.39440058172654,40.81851577758789,7309200,0.0,0.0
2009-11-19 00:00:00-05:00,40.61162080737665,40.69437689921547,39.79442610362035,40.00130844116211,8863500,0.0,0.0
2009-11-20 00:00:00-05:00,39.74788669476053,39.94443049860424,39.51514202245267,39.70650863647461,10630700,0.0,0.0
2009-11-23 00:00:00-05:00,40.503008386217196,40.984017342085636,40.42025623634052,40.72541046142578,8986100,0.0,0.0
2009-11-24 00:00:00-05:00,40.720238791477655,40.978845657064,40.306466228128464,40.87540054321289,8528300,0.0,0.0
2009-11-25 00:00:00-05:00,40.91679142191961,41.28401281270444,40.67887350448278,41.190914154052734,7543700,0.0,0.0
2009-11-27 00:00:00-05:00,40.15131088167983,40.720249289468526,39.95994427726783,40.430606842041016,5649700,0.0,0.0
2009-11-30 00:00:00-05:00,40.26508567840543,40.68920075374919,40.10475069444235,40.36335754394531,9299800,0.0,0.0
2009-12-01 00:00:00-05:00,40.911615388932645,41.07712366569332,40.77196938348993,40.890926361083984,7209500,0.0,0.0
2009-12-02 00:00:00-05:00,40.85469897551536,40.86504545673726,40.40472569302251,40.7202262878418,6316200,0.0,0.0
2009-12-03 00:00:00-05:00,40.65817306294835,40.7667874765504,40.20302638508819,40.321983337402344,7624200,0.0,0.0
2009-12-04 00:00:00-05:00,40.725407984382244,40.98918809149918,40.09440660258718,40.378875732421875,9971300,0.0,0.0
2009-12-07 00:00:00-05:00,40.301303375912426,40.81851724042679,40.18751569435469,40.430606842041016,7518800,0.0,0.0
2009-12-08 00:00:00-05:00,40.28577064872755,40.33232192889109,39.54098173432669,39.70132064819336,9061700,0.0,0.0
2009-12-09 00:00:00-05:00,39.778919796222034,39.98580218303265,39.40652518631719,39.85649871826172,7164500,0.0,0.0
2009-12-10 00:00:00-05:00,40.16683973269907,40.518541452239944,39.980642383513,40.04270553588867,10864100,0.0,0.0
2009-12-11 00:00:00-05:00,40.171996525225765,40.430603435694884,39.975456693839426,40.21854782104492,6707000,0.0,0.0
2009-12-14 00:00:00-05:00,40.575415895410174,40.709892571275525,39.86166236232973,39.95993423461914,8525900,0.0,0.0
2009-12-15 00:00:00-05:00,39.835802469647305,40.32715791432979,39.83063317313405,40.01683044433594,10296900,0.0,0.0
2009-12-16 00:00:00-05:00,40.29096273352304,40.699562179267424,40.10993866161826,40.285789489746094,12169800,0.0,0.0
2009-12-17 00:00:00-05:00,40.07890274993364,40.109938266260556,39.6754765519427,39.7116813659668,8997500,0.0,0.0
2009-12-18 00:00:00-05:00,40.04270748200501,40.17201098377797,39.59790312022363,39.77375793457031,16605200,0.0,0.0
2009-12-21 00:00:00-05:00,40.13577742872557,40.342663672662546,39.965095981525536,40.08405685424805,6742500,0.0,0.0
2009-12-22 00:00:00-05:00,40.25474647832731,40.363360890600845,39.97545058418352,40.07889175415039,6770300,0.0,0.0
2009-12-23 00:00:00-05:00,40.27543782213012,40.306469385702634,39.83580295937063,39.84614944458008,7342600,0.0,0.0
2009-12-24 00:00:00-05:00,39.835807257919804,40.08407163137304,39.835807257919804,40.04786682128906,2565500,0.0,0.0
2009-12-28 00:00:00-05:00,40.228889978887985,40.29095705738089,39.985798853992755,40.223716735839844,4192800,0.0,0.0
2009-12-29 00:00:00-05:00,40.24439802792821,40.31163833654717,39.92372804907779,39.9340705871582,4810600,0.0,0.0
2009-12-30 00:00:00-05:00,39.87717487285943,40.17198651952388,39.825454292853394,40.161643981933594,4300800,0.0,0.0
2009-12-31 00:00:00-05:00,40.19785742448384,40.228888989953326,39.78925804634692,39.820289611816406,4246600,0.0,0.0
2010-01-04 00:00:00-05:00,40.446122127409296,40.96333598554,40.42543704558922,40.890926361083984,10173800,0.0,0.0
2010-01-05 00:00:00-05:00,40.97366338549895,41.18054962158203,40.71505657690179,41.18054962158203,10593700,0.0,0.0
2010-01-06 00:00:00-05:00,41.08746966129301,41.37710815565345,40.95816619830659,41.18573760986328,11014600,0.0,0.0
2010-01-07 00:00:00-05:00,41.04607913397142,41.22192989610585,40.844366108686714,41.03056335449219,9626900,0.0,0.0
2010-01-08 00:00:00-05:00,40.92195752548732,41.10298156738281,40.802996614511336,41.10298156738281,5624300,0.0,0.0
2010-01-11 00:00:00-05:00,41.46502738113763,41.94086310693525,41.40813355022401,41.83224868774414,11916800,0.0,0.0
2010-01-12 00:00:00-05:00,41.12884458093514,41.60985363056432,41.10298625544542,41.589168548583984,12175200,0.0,0.0
2010-01-13 00:00:00-05:00,41.516738225501705,41.58915176732838,40.90642595659959,41.273651123046875,10842200,0.0,0.0
2010-01-14 00:00:00-05:00,41.185726056796575,41.27365538594384,40.937465687278504,41.144351959228516,6721000,0.0,0.0
2010-01-15 00:00:00-05:00,41.13919016406738,41.216773030889144,40.48749960720447,40.97885513305664,13482300,0.0,0.0
2010-01-19 00:00:00-05:00,40.83919907966683,41.24779843423147,40.63748602369577,41.21159362792969,8722200,0.0,0.0
2010-01-20 00:00:00-05:00,40.70989602151432,40.82368368411889,40.16165067917733,40.420257568359375,8703800,0.0,0.0
2010-01-21 00:00:00-05:00,40.420260970179626,40.435776753471906,39.339282030487574,39.43238067626953,12573200,0.0,0.0
2010-01-22 00:00:00-05:00,39.297887065188,39.61338369873769,38.496204488358835,38.578956604003906,13825000,0.0,0.0
2010-01-25 00:00:00-05:00,38.868616050572975,38.93067917822705,38.32036676478496,38.55828857421875,9129700,0.0,0.0
2010-01-26 00:00:00-05:00,38.31520128732911,38.72896998170219,38.118657507425674,38.35140609741211,10558200,0.0,0.0
2010-01-27 00:00:00-05:00,38.24279414091163,38.46002301546115,37.82384823024773,38.11865997314453,13373200,0.0,0.0
2010-01-28 00:00:00-05:00,38.258320522803174,38.366934990163784,37.404916626650184,37.88075256347656,12828800,0.0,0.0
2010-01-29 00:00:00-05:00,38.03073744270842,38.31003342228383,37.11009733190182,37.30146789550781,15265600,0.0,0.0
2010-02-01 00:00:00-05:00,37.601436611155876,38.139339364144796,37.311798184941686,38.05658721923828,11828500,0.0,0.0
2010-02-02 00:00:00-05:00,38.1393588898239,38.57382069759818,37.75662163837796,38.5065803527832,12947600,0.0,0.0
2010-02-03 00:00:00-05:00,38.36692096293245,38.46001960749394,37.782470772424794,37.8652229309082,14540300,0.0,0.0
2010-02-04 00:00:00-05:00,37.52902532940351,37.66867524011431,36.75320476865105,36.913543701171875,15248400,0.0,0.0
2010-02-05 00:00:00-05:00,36.722174656111854,36.846304845836336,35.972216329574124,36.81527328491211,17307000,0.0,0.0
2010-02-08 00:00:00-05:00,36.846305283471196,36.954919694023616,36.27219772338867,36.27219772338867,11595600,0.0,0.0
2010-02-09 00:00:00-05:00,36.66528231161559,37.25490566916118,36.62907750706552,36.882511138916016,13051900,0.0,0.0
2010-02-10 00:00:00-05:00,36.73253008290548,36.84114847630682,36.20497363194981,36.5928840637207,11618700,0.0,0.0
2010-02-11 00:00:00-05:00,36.57737095692485,37.296298027449076,36.36531134459722,37.09975814819336,11273800,0.0,0.0
2010-02-12 00:00:00-05:00,36.833454924039096,37.23030074291768,36.64025277899915,37.07887268066406,13809100,0.68,0.0
2010-02-16 00:00:00-05:00,37.59057945806439,38.28505842727122,37.559250897701375,38.11274337768555,14230800,0.0,0.0
2010-02-17 00:00:00-05:00,38.23282952465903,38.342483431557724,37.83598396841148,38.03440475463867,8728000,0.0,0.0
2010-02-18 00:00:00-05:00,37.956106326039404,38.49393466376984,37.773345720266825,38.44171905517578,9848000,0.0,0.0
2010-02-19 00:00:00-05:00,38.34773172527759,38.83856325681162,38.2276322327069,38.66625213623047,13113200,0.0,0.0
2010-02-22 00:00:00-05:00,38.728890358269155,38.75500014331588,38.00830570622969,38.09707260131836,8683400,0.0,0.0
2010-02-23 00:00:00-05:00,37.90909828338228,38.08141332622085,37.47570129095595,37.6166877746582,11907600,0.0,0.0
2010-02-24 00:00:00-05:00,37.65845798880112,37.83076903021128,37.39215331201235,37.77333068847656,8921000,0.0,0.0
2010-02-25 00:00:00-05:00,37.172854124521756,37.69501809206927,36.95876498560572,37.65324401855469,11761100,0.0,0.0
2010-02-26 00:00:00-05:00,37.69501830957382,37.956100294854046,37.50181620630027,37.75245666503906,8978800,0.0,0.0
2010-03-01 00:00:00-05:00,37.92476338850845,38.211955132824414,37.799445165440794,38.01875305175781,7428100,0.0,0.0
2010-03-02 00:00:00-05:00,38.21195824783674,38.59313968647571,38.12319133191904,38.28506088256836,9257200,0.0,0.0
2010-03-03 00:00:00-05:00,38.44691100723572,38.561787656283315,38.149277863700036,38.185829162597656,8194200,0.0,0.0
2010-03-04 00:00:00-05:00,38.15451387913053,38.379044502921154,37.9665345669433,38.15973663330078,9419900,0.0,0.0
2010-03-05 00:00:00-05:00,38.40515292866161,38.88554271664801,38.384265896515146,38.796775817871094,8750200,0.0,0.0
2010-03-08 00:00:00-05:00,38.8959902565958,39.09963387177735,38.71845643158405,38.97431564331055,6474000,0.0,0.0
2010-03-09 00:00:00-05:00,38.796775817871094,39.115296086465,38.64012506866968,38.796775817871094,8480100,0.0,0.0
2010-03-10 00:00:00-05:00,38.713244760125335,38.81245721062083,38.24851904537664,38.61925506591797,14652900,0.0,0.0
2010-03-11 00:00:00-05:00,38.676673200263934,38.687114723581985,38.40514977226371,38.6348991394043,7024700,0.0,0.0
2010-03-12 00:00:00-05:00,38.72888767180733,38.765438978061006,38.38426163910029,38.49391555786133,7681900,0.0,0.0
2010-03-15 00:00:00-04:00,38.38426363912329,38.44692074808374,38.03963360466562,38.415592193603516,8807600,0.0,0.0
2010-03-16 00:00:00-04:00,38.58791038297196,38.70278707056802,38.33205120483155,38.62968444824219,9828300,0.0,0.0
2010-03-17 00:00:00-04:00,38.734112006666585,39.19361473030128,38.72367048322219,38.98997116088867,10292000,0.0,0.0
2010-03-18 00:00:00-04:00,39.08396870127776,39.19884540133777,38.76544839067303,39.0369758605957,9916100,0.0,0.0
2010-03-19 00:00:00-04:00,39.1518440246582,39.245833669324995,38.58268340312216,39.1518440246582,16610700,0.0,0.0
2010-03-22 00:00:00-04:00,38.72888970163122,39.09962553700453,38.64012280804757,38.88031768798828,9317900,0.0,0.0
2010-03-23 00:00:00-04:00,38.864668141392684,39.052647507167855,38.655801736776354,39.04220199584961,8006700,0.0,0.0
2010-03-24 00:00:00-04:00,38.781098974333155,38.90119838665086,38.525239858795786,38.60356521606445,8997600,0.0,0.0
2010-03-25 00:00:00-04:00,38.84899163879789,38.96386832439377,38.478255779516516,38.53569412231445,10510300,0.0,0.0
2010-03-26 00:00:00-04:00,38.64012772444878,39.09963051187087,38.54613806522673,38.86465835571289,10411500,0.0,0.0
2010-03-29 00:00:00-04:00,38.95864755348676,39.39204453164363,38.89598645348282,39.28239059448242,8818000,0.0,0.0
2010-03-30 00:00:00-04:00,39.30327476038991,39.42337420952688,39.14140522719149,39.31894302368164,6378100,0.0,0.0
2010-03-31 00:00:00-04:00,39.40769716146972,39.757545902869936,39.20405362639836,39.59567642211914,9875500,0.0,0.0
2010-04-01 00:00:00-04:00,39.893326006927914,40.27450345405815,39.861993461395016,40.04475402832031,7859300,0.0,0.0
2010-04-05 00:00:00-04:00,40.190940968097784,40.59822802015355,40.065622794494374,40.55123519897461,8108600,0.0,0.0
2010-04-06 00:00:00-04:00,40.50425290496996,40.728783537670424,40.31105083094582,40.66612243652344,6490000,0.0,0.0
2010-04-07 00:00:00-04:00,40.55646135530312,40.64000947545282,40.18572553567452,40.39981460571289,9431400,0.0,0.0
2010-04-08 00:00:00-04:00,40.17005394186506,40.72876894626337,40.013403237016114,40.55123519897461,6880500,0.0,0.0
2010-04-09 00:00:00-04:00,40.749691434795075,41.57471176189093,40.72880439038546,41.51205062866211,9804100,0.0,0.0
2010-04-12 00:00:00-04:00,41.512026161528595,42.19084076146114,41.44414629505295,41.99763870239258,10000000,0.0,0.0
2010-04-13 00:00:00-04:00,41.99242449131124,42.07074988166774,41.39193514363788,41.88277053833008,7978500,0.0,0.0
2010-04-14 00:00:00-04:00,42.013293355314985,42.09161871179279,41.788762791434934,42.07595443725586,7290400,0.0,0.0
2010-04-15 00:00:00-04:00,42.09164449771568,42.69213395352284,42.03942888934017,42.603363037109375,9702500,0.0,0.0
2010-04-16 00:00:00-04:00,42.53546976853428,42.76522315369095,41.91931622235491,42.16473388671875,12861900,0.0,0.0
2010-04-19 00:00:00-04:00,41.90364527114983,42.55635002615216,41.79921410386692,42.46236038208008,9335900,0.0,0.0
2010-04-20 00:00:00-04:00,42.7234597881416,43.00542883588227,42.63991561684545,42.84355926513672,11470000,0.0,0.0
2010-04-21 00:00:00-04:00,42.97410160992807,43.167299752960865,42.42060502467264,42.77567672729492,9416400,0.0,0.0
2010-04-22 00:00:00-04:00,42.352707333687746,42.530241118484305,42.1072897033447,42.39970016479492,9421100,0.0,0.0
2010-04-23 00:00:00-04:00,42.31617894775047,43.219520605676834,42.26918210739238,43.16730499267578,9918100,0.0,0.0
2010-04-26 00:00:00-04:00,43.08896748161165,43.412710565382454,42.9949778110843,43.125518798828125,9792600,0.0,0.0
2010-04-27 00:00:00-04:00,42.85920207304686,43.08373264760671,41.80965180742584,41.8931999206543,13042800,0.0,0.0
2010-04-28 00:00:00-04:00,42.096858978271484,42.25350577260429,41.69479050684826,42.096858978271484,12115700,0.0,0.0
2010-04-29 00:00:00-04:00,42.39448499269989,43.334377548749266,42.39448499269989,42.96886444091797,12274500,0.0,0.0
2010-04-30 00:00:00-04:00,43.01065237776053,43.40749417031327,42.446714271970365,42.52503967285156,13910300,0.0,0.0
2010-05-03 00:00:00-04:00,42.796555180600954,43.553695268596755,42.46759333920634,43.25083923339844,11650700,0.0,0.0
2010-05-04 00:00:00-04:00,42.82267655445292,42.9427720597908,41.579923516532034,42.16997146606445,16274300,0.0,0.0
2010-05-05 00:00:00-04:00,41.61125151980377,42.154302572018935,41.48592928820354,41.87233352661133,13028600,0.0,0.0
2010-05-06 00:00:00-04:00,41.46503218520518,41.88276086429525,37.33471432462364,40.3110466003418,21059200,0.0,0.0
2010-05-07 00:00:00-04:00,40.32150358066143,41.04731120149581,39.89855202739975,40.25884246826172,21866100,0.0,0.0
2010-05-10 00:00:00-04:00,41.444148077929434,42.06552037847538,41.005528352573386,41.71567153930664,14661800,0.0,0.0
2010-05-11 00:00:00-04:00,41.585141770877534,42.16474414532494,41.506816371990936,41.61647033691406,12018600,0.0,0.0
2010-05-12 00:00:00-04:00,41.65303054369379,42.01332506515051,41.43894532378487,41.80445861816406,9257800,0.0,0.0
2010-05-13 00:00:00-04:00,41.66868190351175,41.804441652731064,41.12040820065192,41.20917510986328,10839600,0.0,0.0
2010-05-14 00:00:00-04:00,40.948089417168035,40.98464072843766,40.196176159079435,40.6400146484375,13602800,0.0,0.0
2010-05-17 00:00:00-04:00,40.78760508748538,41.08274605466483,40.02866657645925,40.966800689697266,14694000,0.72,0.0
2010-05-18 00:00:00-04:00,41.27247191037976,41.46220649781014,40.26055679141319,40.502994537353516,15321500,0.0,0.0
2010-05-19 00:00:00-04:00,40.23946738167387,40.582043880971476,39.81256664834489,40.3712272644043,10773200,0.0,0.0
2010-05-20 00:00:00-04:00,39.54904591981453,39.73878046800547,38.75321512162434,38.79010772705078,17879100,0.0,0.0
2010-05-21 00:00:00-04:00,38.13131688068175,39.34350965252379,37.946853812182304,39.25391387939453,15919100,0.0,0.0
2010-05-24 00:00:00-04:00,39.11686631802401,39.201190534140764,38.6372585167011,38.70577621459961,10540700,0.0,0.0
2010-05-25 00:00:00-04:00,37.80981724364776,38.31050724268125,37.31440278713173,38.24726104736328,22304600,0.0,0.0
2010-05-26 00:00:00-04:00,38.57402702907214,38.73740800741976,37.651707790800245,37.70968246459961,16888700,0.0,0.0
2010-05-27 00:00:00-04:00,38.54238694330783,39.19064712524414,38.10494733052852,39.19064712524414,15252900,0.0,0.0
2010-05-28 00:00:00-04:00,39.00093252742197,39.211749183120205,38.49497496634218,38.93241882324219,14445500,0.0,0.0
2010-06-01 00:00:00-04:00,38.76902405999038,39.27498149390469,38.099685668945305,38.09968566894531,13966400,0.0,0.0
2010-06-02 00:00:00-04:00,38.2947016805082,39.0694465637207,38.010099796045246,39.0694465637207,15674100,0.0,0.0
2010-06-03 00:00:00-04:00,39.34877854108554,39.39621017509929,38.54767609580233,38.95349884033203,14278800,0.0,0.0
2010-06-04 00:00:00-04:00,38.02590486017227,38.3210457255176,37.31440226207609,37.567378997802734,18133300,0.0,0.0
2010-06-07 00:00:00-04:00,37.76765592916779,38.20509569793073,37.51994669831841,37.604270935058594,12324200,0.0,0.0
2010-06-08 00:00:00-04:00,37.778187778853855,37.80454135964041,36.79789408427403,37.43033981323242,16572400,0.0,0.0
2010-06-09 00:00:00-04:00,37.509401376072596,38.152390228735236,37.208989012893284,37.30912780761719,14074500,0.0,0.0
2010-06-10 00:00:00-04:00,38.40538125398889,39.09053039550781,38.31051395488708,39.09053039550781,13937400,0.0,0.0
2010-06-11 00:00:00-04:00,38.72685955055976,39.03253936767578,38.36320105277661,39.03253936767578,8346000,0.0,0.0
2010-06-14 00:00:00-04:00,39.12214062956455,39.81256103093859,39.085248028445136,39.095787048339844,11948000,0.0,0.0
2010-06-15 00:00:00-04:00,39.30133716456426,39.664995723033606,39.09579207177527,39.64918518066406,11760200,0.0,0.0
2010-06-16 00:00:00-04:00,39.32242209569746,39.73351231125477,39.23809383558685,39.50161361694336,10424400,0.0,0.0
2010-06-17 00:00:00-04:00,39.538503659515115,39.78621288127319,39.10633140697736,39.696617126464844,11113500,0.0,0.0
2010-06-18 00:00:00-04:00,39.77566384002458,39.92323422747376,39.475251545291165,39.8020133972168,13680200,0.0,0.0
2010-06-21 00:00:00-04:00,40.481907564689685,40.713806259226914,39.68080919782262,39.90743637084961,9347000,0.0,0.0
2010-06-22 00:00:00-04:00,39.76514049474625,39.90744345382995,38.937688394460274,39.00093460083008,10576400,0.0,0.0
2010-06-23 00:00:00-04:00,38.91659696491786,38.94822207099259,38.025902893497474,38.08387756347656,14876400,0.0,0.0
2010-06-24 00:00:00-04:00,37.84144450427099,38.015364514550825,37.26169773336153,37.33021545410156,14188300,0.0,0.0
2010-06-25 00:00:00-04:00,37.488313286540155,37.488313286540155,36.82951399766596,36.924381256103516,20472800,0.0,0.0
2010-06-28 00:00:00-04:00,37.18790024698074,37.193171767066694,36.69775342477005,36.87167739868164,10873900,0.0,0.0
2010-06-29 00:00:00-04:00,36.4711384548299,36.57127726484265,35.83869254767981,36.02842712402344,16421100,0.0,0.0
2010-06-30 00:00:00-04:00,35.95463858103434,36.39734987094683,35.73328293607808,35.7649040222168,12871000,0.0,0.0
2010-07-01 00:00:00-04:00,35.93883003282317,35.99680470795724,35.2220558866137,35.564632415771484,16335700,0.0,0.0
2010-07-02 00:00:00-04:00,35.728017415672504,35.91775200635824,35.24314191547265,35.47503662109375,9143600,0.0,0.0
2010-07-06 00:00:00-04:00,35.986261587839365,36.00734365338791,35.23786635533369,35.60679244995117,15039500,0.0,0.0
2010-07-07 00:00:00-04:00,35.74381339081118,36.62923977941217,35.56988941674862,36.60288619995117,15691100,0.0,0.0
2010-07-08 00:00:00-04:00,36.98763913912288,37.25643045991293,36.47641008583332,37.10886001586914,13478900,0.0,0.0
2010-07-09 00:00:00-04:00,37.13519397465767,37.946835096745914,36.919109921272245,37.86250686645508,11390300,0.0,0.0
2010-07-12 00:00:00-04:00,37.69914152757078,38.01536447987375,37.60427423978059,37.867794036865234,7352000,0.0,0.0
2010-07-13 00:00:00-04:00,38.468611842862906,38.77956723767746,38.210363614655485,38.5951042175293,13751300,0.0,0.0
2010-07-14 00:00:00-04:00,38.47916588684991,38.53714056990052,38.131317788546234,38.500247955322266,11750500,0.0,0.0
2010-07-15 00:00:00-04:00,38.595088090339566,38.595088090339566,38.031156223819075,38.49494934082031,10507600,0.0,0.0
2010-07-16 00:00:00-04:00,38.28941523803112,38.38954999504963,37.55155923483255,37.683319091796875,12060700,0.0,0.0
2010-07-19 00:00:00-04:00,37.86252536620143,38.1049671362497,37.67806229855018,37.94685363769531,8350600,0.0,0.0
2010-07-20 00:00:00-04:00,37.419806242598256,38.584563109320605,37.39872417909742,38.526588439941406,8922500,0.0,0.0
2010-07-21 00:00:00-04:00,38.64779795801827,38.76374726274952,37.720207541159596,38.03643035888672,9045400,0.0,0.0
2010-07-22 00:00:00-04:00,38.368471308149246,39.00091700249576,38.252521992621,38.70577621459961,9552500,0.0,0.0
2010-07-23 00:00:00-04:00,38.62146312329368,38.76376607397178,38.29996862997587,38.74795150756836,8426300,0.0,0.0
2010-07-26 00:00:00-04:00,38.90604180819026,39.327674865722656,38.68995778142327,39.327674865722656,6467000,0.0,0.0
2010-07-27 00:00:00-04:00,39.45418223683367,39.75459462864742,39.26444767137311,39.68608093261719,8163500,0.0,0.0
2010-07-28 00:00:00-04:00,39.59648149686795,39.87581584695694,39.533239321822975,39.8231086730957,7392400,0.0,0.0
2010-07-29 00:00:00-04:00,39.99703805200893,40.25001884904111,39.675543549173184,40.0655517578125,13346400,0.0,0.0
2010-07-30 00:00:00-04:00,39.60702686997878,40.25001582737961,39.46999544766556,40.165687561035156,16955000,0.0,0.0
2010-08-02 00:00:00-04:00,40.90879486768477,41.28299231518763,40.7506814578707,41.003662109375,11863000,0.0,0.0
2010-08-03 00:00:00-04:00,41.066904798656154,41.69935442527074,41.00893014902504,41.45691680908203,11788000,0.0,0.0
2010-08-04 00:00:00-04:00,41.5201676928375,41.68882015788742,41.23029840468491,41.64665603637695,8067500,0.0,0.0
2010-08-05 00:00:00-04:00,41.37785959284102,41.73624650387217,41.235556719686464,41.67300033569336,9304600,0.0,0.0
2010-08-06 00:00:00-04:00,41.23031182082096,41.64666958799373,41.008952121357645,41.493831634521484,8986800,0.0,0.0
2010-08-09 00:00:00-04:00,41.79423865403846,41.86275234917885,41.567611482736886,41.78896713256836,7015200,0.0,0.0
2010-08-10 00:00:00-04:00,41.39368012671744,41.88909851129007,41.18813505673348,41.65719985961914,8406900,0.0,0.0
2010-08-11 00:00:00-04:00,41.09325835339469,41.09852987271968,40.592568563289014,40.650543212890625,10589700,0.0,0.0
2010-08-12 00:00:00-04:00,40.27110199383829,40.9931437482045,40.16042012774476,40.61894607543945,8993100,0.0,0.0
2010-08-13 00:00:00-04:00,40.60313497287221,40.98787166423581,40.53462126617561,40.792869567871094,7087800,0.0,0.0
2010-08-16 00:00:00-04:00,40.64001490696911,41.019483978565546,40.250006814935944,40.95623779296875,7284800,0.0,0.0
2010-08-17 00:00:00-04:00,41.26478181962912,41.536086795288405,41.00411848302886,41.37117385864258,7360500,0.72,0.0
2010-08-18 00:00:00-04:00,41.28606328382916,41.34990094586569,40.71685732110818,40.98284149169922,8308800,0.0,0.0
2010-08-19 00:00:00-04:00,40.81261336302163,40.865809387477576,40.163611312308234,40.344478607177734,8870600,0.0,0.0
2010-08-20 00:00:00-04:00,40.14232975869289,40.19552578005835,39.658240688092064,39.924224853515625,9303600,0.0,0.0
2010-08-23 00:00:00-04:00,40.07849209789657,40.42427232466646,39.924224853515625,39.924224853515625,9991400,0.0,0.0
2010-08-24 00:00:00-04:00,39.509286240617946,39.84442888735388,39.163510071618305,39.24862289428711,11261600,0.0,0.0
2010-08-25 00:00:00-04:00,39.00392438091475,39.525255218148494,38.60494806602871,39.40290069580078,9711900,0.0,0.0
2010-08-26 00:00:00-04:00,39.56248288648971,39.56779964716005,38.88688089053156,39.00923538208008,8176900,0.0,0.0
2010-08-27 00:00:00-04:00,39.30714588517914,39.91891037454566,38.79645669347925,39.86039352416992,8789500,0.0,0.0
2010-08-30 00:00:00-04:00,39.70079516486811,39.79123286586134,39.24862289428711,39.24862289428711,7558900,0.0,0.0
2010-08-31 00:00:00-04:00,39.10498142954096,39.64758717877474,38.95603099087268,39.408203125,9227500,0.0,0.0
2010-09-01 00:00:00-04:00,40.08914095390364,40.913693638585606,40.0253032816157,40.83921432495117,10549900,0.0,0.0
2010-09-02 00:00:00-04:00,40.82856302835652,41.21690163512493,40.679612568312415,41.2009391784668,5995000,0.0,0.0
2010-09-03 00:00:00-04:00,41.16903304814238,41.493534088134766,41.16903304814238,41.493534088134766,7189100,0.0,0.0
2010-09-07 00:00:00-04:00,41.32328236437806,41.44563681373417,40.94558549863592,40.98814392089844,5880200,0.0,0.0
2010-09-08 00:00:00-04:00,41.04667588765506,41.429689653608854,40.998796630288325,41.09455108642578,6940700,0.0,0.0
2010-09-09 00:00:00-04:00,41.435022618230825,41.64248999090777,41.10520071517139,41.153079986572266,6646200,0.0,0.0
2010-09-10 00:00:00-04:00,41.66908515923429,41.92974853515625,41.46161781084382,41.92974853515625,8223500,0.0,0.0
2010-09-13 00:00:00-04:00,42.2223307070622,42.29680595367894,41.84995041538194,42.15849304199219,8586400,0.0,0.0
2010-09-14 00:00:00-04:00,42.15847441139909,42.54681293308389,42.12123680454669,42.29678726196289,8447300,0.0,0.0
2010-09-15 00:00:00-04:00,42.05741097741818,42.20104468603463,41.770147618781166,42.13720703125,7240700,0.0,0.0
2010-09-16 00:00:00-04:00,42.02016502610555,42.094640245952085,41.70098493267825,42.052085876464844,6905600,0.0,0.0
2010-09-17 00:00:00-04:00,42.24891300893719,42.413825908982524,41.62119037744279,41.738224029541016,12326500,0.0,0.0
2010-09-20 00:00:00-04:00,41.78078017294289,42.62660760730518,41.74354256373062,42.50425720214844,7730700,0.0,0.0
2010-09-21 00:00:00-04:00,42.57876324892806,42.679838572226636,42.07871151294306,42.42449188232422,8598700,0.0,0.0
2010-09-22 00:00:00-04:00,42.52023169352916,42.77025747514103,42.15317222192055,42.15849304199219,6776600,0.0,0.0
2010-09-23 00:00:00-04:00,41.77016585204324,42.22234233493962,41.57866092128655,41.78080749511719,6802000,0.0,0.0
2010-09-24 00:00:00-04:00,42.16379915400204,42.711725730946824,41.87121503107273,42.62129211425781,8256000,0.0,0.0
2010-09-27 00:00:00-04:00,42.71705503472466,42.88196390480956,42.59470054303216,42.60002136230469,8380700,0.0,0.0
2010-09-28 00:00:00-04:00,42.79683869355537,43.19581483075544,42.33402897190419,43.02558517456055,7826200,0.0,0.0
2010-09-29 00:00:00-04:00,42.95111328930673,43.461802297552524,42.81812123324495,43.23837661743164,8851100,0.0,0.0
2010-09-30 00:00:00-04:00,43.456494873398306,43.72247904266411,42.733017608307605,43.11603546142578,10120300,0.0,0.0
2010-10-01 00:00:00-04:00,43.562878431707034,43.812904151487814,43.344773565865545,43.59479522705078,9570600,0.0,0.0
2010-10-04 00:00:00-04:00,43.56287987129518,43.69587193441639,42.91919877282001,43.254337310791016,7602500,0.0,0.0
2010-10-05 00:00:00-04:00,43.71714359770675,44.41934140731086,43.59478913499464,44.36082458496094,11597600,0.0,0.0
2010-10-06 00:00:00-04:00,44.3076318728638,44.84492089136546,44.265073442793415,44.62681198120117,8650300,0.0,0.0
2010-10-07 00:00:00-04:00,44.908776546955174,44.95133499793965,44.12146549672881,44.43000411987305,7714000,0.0,0.0
2010-10-08 00:00:00-04:00,44.403393749327144,44.73853231043183,44.12676796612674,44.653419494628906,6879000,0.0,0.0
2010-10-11 00:00:00-04:00,44.60553831241978,44.685334364074784,44.339554179300286,44.531063079833984,4790700,0.0,0.0
2010-10-12 00:00:00-04:00,44.3448696330808,44.7810833962754,43.956531059929304,44.60021209716797,8528900,0.0,0.0
2010-10-13 00:00:00-04:00,44.392751028339376,44.743852038780226,44.07889169348697,44.50978469848633,11647800,0.0,0.0
2010-10-14 00:00:00-04:00,44.499164251807045,44.64279395590851,44.13210470112927,44.63215637207031,6718600,0.0,0.0
2010-10-15 00:00:00-04:00,44.8928171264685,44.972613205609115,44.2172189814186,44.477882385253906,9502500,0.0,0.0
2010-10-18 00:00:00-04:00,44.408709415347836,45.094944857225826,44.36615098308696,44.940677642822266,7800200,0.0,0.0
2010-10-19 00:00:00-04:00,44.35550047869258,44.51509253846934,43.69586114489838,44.04164123535156,9455500,0.0,0.0
2010-10-20 00:00:00-04:00,44.22784559894807,44.96196041611442,44.11613273928772,44.69597625732422,8835000,0.0,0.0
2010-10-21 00:00:00-04:00,44.95664940347953,45.217312776016556,44.3608433505125,44.818336486816406,9521400,0.0,0.0
2010-10-22 00:00:00-04:00,45.10559178538929,45.10559178538929,44.77576998457329,44.97792053222656,5555000,0.0,0.0
2010-10-25 00:00:00-04:00,45.28646406086616,45.63756511911218,45.07899672957402,45.148155212402344,6757400,0.0,0.0
2010-10-26 00:00:00-04:00,45.031108341290675,45.34496762698006,44.94599148229986,45.29709243774414,5968600,0.0,0.0
2010-10-27 00:00:00-04:00,45.025808432782355,45.025808432782355,44.30765185056765,44.850257873535156,9557300,0.0,0.0
2010-10-28 00:00:00-04:00,45.36095292711184,45.56310355781357,44.73855074632495,44.9194221496582,8519800,0.0,0.0
2010-10-29 00:00:00-04:00,44.094861230894104,44.27573260097237,43.61077208770808,43.940589904785156,12463000,0.0,0.0
2010-11-01 00:00:00-04:00,44.23316787982292,44.72789859386054,43.13731034955899,43.328819274902344,12781900,0.0,0.0
2010-11-02 00:00:00-04:00,43.81290761431165,43.86078281111116,43.472448241751145,43.701194763183594,9528800,0.0,0.0
2010-11-03 00:00:00-04:00,43.972510693331834,44.21721567475889,43.57353438606225,43.9937858581543,10036500,0.0,0.0
2010-11-04 00:00:00-04:00,44.77044061591171,45.38220073010945,44.62148612747414,45.29176712036133,16295400,0.0,0.0
2010-11-05 00:00:00-04:00,45.063027531824595,45.38752847145145,44.711930616294396,45.206661224365234,14513200,0.0,0.0
2010-11-08 00:00:00-05:00,45.015161675674975,45.21730818056401,44.57362698643695,45.11091613769531,11799200,0.0,0.0
2010-11-09 00:00:00-05:00,44.63745938338934,44.82896422625031,44.206562325813735,44.45126724243164,13597200,0.0,0.0
2010-11-10 00:00:00-05:00,44.568311148408036,45.33434693019561,44.286368550554755,45.30774688720703,11795500,0.0,0.0
2010-11-11 00:00:00-05:00,45.21733628217258,45.85038028887461,45.21733628217258,45.79718017578125,11297200,0.0,0.0
2010-11-12 00:00:00-05:00,45.46201926563457,45.5418153378606,44.983246890875186,45.45138168334961,10571300,0.0,0.0
2010-11-15 00:00:00-05:00,45.610956679856606,45.73331116330304,45.12686768217613,45.142826080322266,9252400,0.0,0.0
2010-11-16 00:00:00-05:00,44.82629315835244,44.842388119765204,43.957128402120944,44.25221633911133,12360200,0.72,0.0
2010-11-17 00:00:00-05:00,44.21466202326929,44.60095339426781,44.04833786354032,44.241485595703125,7847300,0.0,0.0
2010-11-18 00:00:00-05:00,44.55266031823163,45.05699086987605,44.50437134740385,44.97114562988281,7590000,0.0,0.0
2010-11-19 00:00:00-05:00,44.901403774593376,45.04626251440041,44.43462944707875,45.0355339050293,8130900,0.0,0.0
2010-11-22 00:00:00-05:00,44.78337293200636,44.842390522566795,44.02151469991529,44.772640228271484,6791900,0.0,0.0
2010-11-23 00:00:00-05:00,44.2468414850439,44.262936443363856,43.53863466568313,43.86054611206055,9507700,0.0,0.0
2010-11-24 00:00:00-05:00,44.0751518264895,44.53655969950309,43.99467294755442,44.49363708496094,8042600,0.0,0.0
2010-11-26 00:00:00-05:00,44.23075375689631,44.30049995212586,43.88201459409497,44.02151107788086,2789700,0.0,0.0
2010-11-29 00:00:00-05:00,43.61911504455506,44.021505389640154,43.141612162520175,43.8283576965332,9070100,0.0,0.0
2010-11-30 00:00:00-05:00,43.2649982459682,43.78542361092294,43.17379077403237,43.44205093383789,10366000,0.0,0.0
2010-12-01 00:00:00-05:00,44.07515546843542,44.649232182063955,43.86054647131726,44.3702392578125,10629600,0.0,0.0
2010-12-02 00:00:00-05:00,44.37024845061038,45.42719460340539,44.279040938269446,45.33598709106445,10799500,0.0,0.0
2010-12-03 00:00:00-05:00,45.33061422534166,45.60424081637129,45.26086803651413,45.545223236083984,6724000,0.0,0.0
2010-12-06 00:00:00-05:00,45.49156669862921,45.71690429161865,45.33060893602192,45.57740783691406,5184200,0.0,0.0
2010-12-07 00:00:00-05:00,46.097839260737985,46.4787683153096,45.985170449666924,46.301719665527344,12560600,0.0,0.0
2010-12-08 00:00:00-05:00,46.414380106857806,46.56997151123006,45.94223954370731,46.21586608886719,6918300,0.0,0.0
2010-12-09 00:00:00-05:00,46.564610674490396,46.66655087057238,46.054913787406676,46.489498138427734,8076700,0.0,0.0
2010-12-10 00:00:00-05:00,46.65583361211583,46.7202175614773,46.26953810260215,46.693389892578125,7406700,0.0,0.0
2010-12-13 00:00:00-05:00,47.06357245813436,47.723490290335306,46.95090365979093,47.41231155395508,9910500,0.0,0.0
2010-12-14 00:00:00-05:00,47.524970092327,47.72347998750831,47.28353349657727,47.41766357421875,7331300,0.0,0.0
2010-12-15 00:00:00-05:00,47.22453187442069,47.55180970179644,47.17624699496845,47.21916961669922,7608700,0.0,0.0
2010-12-16 00:00:00-05:00,47.25672488637316,47.86835790643806,47.13332337484276,47.78251266479492,7796700,0.0,0.0
2010-12-17 00:00:00-05:00,47.66983222355455,47.72884978945214,47.25671335559681,47.4766845703125,10832800,0.0,0.0
2010-12-20 00:00:00-05:00,47.72885413567627,48.07222686307981,47.519611507831165,47.64301300048828,8029800,0.0,0.0
2010-12-21 00:00:00-05:00,47.932720283100785,48.19025182088851,47.723477699477904,47.87370681762695,5962500,0.0,0.0
2010-12-22 00:00:00-05:00,48.08295428266864,48.26536923323829,47.921996543545134,48.2439079284668,4262400,0.0,0.0
2010-12-23 00:00:00-05:00,48.22783586165968,48.76435645559811,48.19027958381708,48.65168762207031,5095600,0.0,0.0
2010-12-27 00:00:00-05:00,48.54974442389687,48.60876201307928,48.30831180875213,48.351234436035156,3138200,0.0,0.0
2010-12-28 00:00:00-05:00,48.45851122505605,49.054049059625186,48.356571062624894,48.92528533935547,5058100,0.0,0.0
2010-12-29 00:00:00-05:00,49.11308096540226,49.56912251513417,49.01114077319033,49.021873474121094,5301000,0.0,0.0
2010-12-30 00:00:00-05:00,48.995050036601015,49.32769420757268,48.90384253746129,49.1452751159668,4156500,0.0,0.0
2010-12-31 00:00:00-05:00,49.1345379086677,49.25257304846309,48.82335510253906,48.95748519897461,5152900,0.0,0.0
2011-01-03 00:00:00-05:00,49.1774650575807,49.563756332549275,48.98431737343338,49.32769012451172,7802300,0.0,0.0
2011-01-04 00:00:00-05:00,49.51010920585214,49.617415757775134,48.941398807302726,49.1452751159668,8513900,0.0,0.0
2011-01-05 00:00:00-05:00,48.780455219337775,49.39745476910753,48.555117534724424,49.0594482421875,6659500,0.0,0.0
2011-01-06 00:00:00-05:00,49.231104765908064,49.268661023855365,48.4316865572333,48.65702819824219,6220800,0.0,0.0
2011-01-07 00:00:00-05:00,48.812616572453855,48.9843028972551,48.431683573892634,48.92528533935547,6346300,0.0,0.0
2011-01-10 00:00:00-05:00,48.7965266359845,48.914561773820715,48.351217834137366,48.50680923461914,6848700,0.0,0.0
2011-01-11 00:00:00-05:00,48.75362513683363,49.354525548939066,48.72143111952294,49.26868438720703,7838900,0.0,0.0
2011-01-12 00:00:00-05:00,49.55303347939399,49.81592737705255,49.46718823499234,49.601318359375,7845400,0.0,0.0
2011-01-13 00:00:00-05:00,49.365262967285865,49.68180816556315,49.24186142468428,49.45647048950195,5721900,0.0,0.0
2011-01-14 00:00:00-05:00,49.42427339366219,49.83202605501277,49.26331559506333,49.80520248413086,5557900,0.0,0.0
2011-01-18 00:00:00-05:00,49.86420009143299,50.298780242867295,49.85883374207602,50.084171295166016,7733200,0.0,0.0
2011-01-19 00:00:00-05:00,50.234407607769995,50.27733022561107,49.671063598578925,49.880306243896484,6069900,0.0,0.0
2011-01-20 00:00:00-05:00,49.43497873675432,49.82127399692006,49.134528686992034,49.74079513549805,6513500,0.0,0.0
2011-01-21 00:00:00-05:00,50.09490914474282,50.40072559633113,49.95004635048615,50.31488037109375,7427500,0.0,0.0
2011-01-24 00:00:00-05:00,50.373903465137616,50.717276217097094,50.25050605698166,50.486572265625,7282800,0.0,0.0
2011-01-25 00:00:00-05:00,50.314883760716086,50.66898919868727,50.08417981900556,50.4758415222168,7423200,0.0,0.0
2011-01-26 00:00:00-05:00,50.63679824608843,50.953347437921856,50.207584345061996,50.77629470825195,8832600,0.0,0.0
2011-01-27 00:00:00-05:00,50.733371695783724,50.94798069129179,50.59387932803069,50.83531188964844,6301100,0.0,0.0
2011-01-28 00:00:00-05:00,50.69583304033683,50.88898079406114,49.85886216974984,50.094932556152344,12444700,0.0,0.0
2011-01-31 00:00:00-05:00,50.35244171675626,51.07138122405474,50.09491420169863,50.931884765625,11167900,0.0,0.0
2011-02-01 00:00:00-05:00,51.30743996790642,51.768847799708894,51.06064109632087,51.62398910522461,9948200,0.0,0.0
2011-02-02 00:00:00-05:00,51.1679583537604,51.96200635176337,51.1679583537604,51.76349639892578,6607800,0.0,0.0
2011-02-03 00:00:00-05:00,51.81179622943154,52.278570643508395,51.377215836091786,52.20882034301758,10500300,0.0,0.0
2011-02-04 00:00:00-05:00,52.004931427296235,52.21954044265426,51.78495606088948,52.101505279541016,10529700,0.0,0.0
2011-02-07 00:00:00-05:00,52.19269558830613,52.702392343551594,52.18196698306919,52.396575927734375,10256500,0.0,0.0
2011-02-08 00:00:00-05:00,52.509272086604156,52.573651938250606,52.101515288425055,52.43952178955078,5710500,0.0,0.0
2011-02-09 00:00:00-05:00,52.1766104293445,52.24635660979153,51.34500214763897,51.63472366333008,8242700,0.0,0.0
2011-02-10 00:00:00-05:00,51.441595462083704,52.03177141748463,51.3664829029104,51.88154220581055,7286200,0.0,0.0
2011-02-11 00:00:00-05:00,51.55426207862867,52.13907165650151,51.44695959681415,51.74740982055664,7324900,0.0,0.0
2011-02-14 00:00:00-05:00,51.62308273584824,52.52040741009833,51.62308273584824,52.40688705444336,6994000,0.72,0.0
2011-02-15 00:00:00-05:00,52.20689245883481,52.352840744624565,51.70958199540708,52.07715606689453,7626700,0.0,0.0
2011-02-16 00:00:00-05:00,52.282565547595816,52.44472983766749,51.93661011317266,52.2501335144043,6786600,0.0,0.0
2011-02-17 00:00:00-05:00,52.1960670569963,52.61769992379344,52.114986985776454,52.52580642700195,6616600,0.0,0.0
2011-02-18 00:00:00-05:00,52.65555861237213,53.41233366526099,52.45014470591825,53.363685607910156,8860500,0.0,0.0
2011-02-22 00:00:00-05:00,53.639357518628174,55.20156355758562,53.639357518628174,54.22856140136719,15723400,0.0,0.0
2011-02-23 00:00:00-05:00,54.34206138531663,56.18535821791009,54.33665467381141,55.28262710571289,17174700,0.0,0.0
2011-02-24 00:00:00-05:00,55.7258961608662,55.90428056695323,54.89344384735374,55.15290832519531,16467900,0.0,0.0
2011-02-25 00:00:00-05:00,54.97991847510683,55.477228717768924,54.785318097697726,55.19073486328125,8516400,0.0,0.0
2011-02-28 00:00:00-05:00,55.28802047595494,56.18534466011831,55.23396574628387,56.082637786865234,10219700,0.0,0.0
2011-03-01 00:00:00-05:00,56.25562568819866,56.752935890733326,55.59074043168102,55.62317657470703,12266900,0.0,0.0
2011-03-02 00:00:00-05:00,55.704261105463445,56.20157131120636,55.239382918843496,55.93129348754883,8335000,0.0,0.0
2011-03-03 00:00:00-05:00,56.13129782494249,56.52590527184487,55.85021069600083,56.32049560546875,7537800,0.0,0.0
2011-03-04 00:00:00-05:00,56.28804740925987,56.639409338289035,55.40694335569818,56.082637786865234,9850500,0.0,0.0
2011-03-07 00:00:00-05:00,56.282649480747736,56.634007314741424,55.68263244628906,55.68263244628906,8222500,0.0,0.0
2011-03-08 00:00:00-05:00,55.898863835915954,56.23941242346731,54.839371093086775,56.09346008300781,8913900,0.0,0.0
2011-03-09 00:00:00-05:00,55.77453111331153,56.04480893337524,55.08262055380639,55.21235275268555,7102000,0.0,0.0
2011-03-10 00:00:00-05:00,54.85558470634687,54.85558470634687,53.13121100365269,53.558250427246094,12553000,0.0,0.0
2011-03-11 00:00:00-05:00,53.02849782287459,54.460970833389005,52.758220051989284,54.01771545410156,6872700,0.0,0.0
2011-03-14 00:00:00-04:00,53.601495730206686,54.59611606306905,53.531220862179,54.488006591796875,7353600,0.0,0.0
2011-03-15 00:00:00-04:00,53.07174384068046,55.13666586802844,52.96363438077992,54.72043991088867,12650100,0.0,0.0
2011-03-16 00:00:00-04:00,54.94749177301502,55.17452419393366,53.31501112938934,53.79070281982422,14795200,0.0,0.0
2011-03-17 00:00:00-04:00,54.53126607462404,55.44480667046269,54.27180160747737,55.266422271728516,9981500,0.0,0.0
2011-03-18 00:00:00-04:00,55.8772465408257,56.20157914962688,55.331284106140785,55.569129943847656,11366300,0.0,0.0
2011-03-21 00:00:00-04:00,56.142124719882155,56.86646749943094,55.78535591865002,56.86106491088867,8785300,0.0,0.0
2011-03-22 00:00:00-04:00,56.95293828474812,57.266461522198185,56.823206095638824,56.882667541503906,8008500,0.0,0.0
2011-03-23 00:00:00-04:00,56.61240166597098,57.25566016037233,56.46104260199904,57.017818450927734,6811800,0.0,0.0
2011-03-24 00:00:00-04:00,57.22863181610742,57.25565712587121,56.72050815284232,56.9637565612793,6996800,0.0,0.0
2011-03-25 00:00:00-04:00,57.14754379616077,57.84486107733717,56.96375273120672,57.72053146362305,8982900,0.0,0.0
2011-03-28 00:00:00-04:00,57.51513032990842,57.89351769016513,57.32052993774413,57.32052993774414,6023500,0.0,0.0
2011-03-29 00:00:00-04:00,57.320511719027834,58.09891304027838,57.0394205200822,58.039451599121094,6963200,0.0,0.0
2011-03-30 00:00:00-04:00,58.16918724846664,58.78001357921196,58.136755232850106,58.38541030883789,7907300,0.0,0.0
2011-03-31 00:00:00-04:00,59.088143195030206,59.27193428051674,58.02865450093003,58.104331970214844,8418500,0.0,0.0
2011-04-01 00:00:00-04:00,58.53678539041097,58.80165656550322,58.11515254561951,58.553001403808594,6494000,0.0,0.0
2011-04-04 00:00:00-04:00,58.66109481336475,58.688124244353126,58.2989235331485,58.504337310791016,4764600,0.0,0.0
2011-04-05 00:00:00-04:00,58.51514079418276,59.35300358221991,58.5043314973288,59.098941802978516,6541400,0.0,0.0
2011-04-06 00:00:00-04:00,59.369238940315306,59.42870040267227,58.61786677865522,58.73678970336914,6893000,0.0,0.0
2011-04-07 00:00:00-04:00,58.9314096779719,58.9746551450976,58.11517313757667,58.88816833496094,7011700,0.0,0.0
2011-04-08 00:00:00-04:00,59.10977627594625,59.42870634448576,58.99626005212783,59.27735137939453,6732900,0.0,0.0
2011-04-11 00:00:00-04:00,59.32058570907025,59.40707660698067,58.147580743923044,58.2610969543457,6599000,0.0,0.0
2011-04-12 00:00:00-04:00,57.55296316553629,57.67728866082625,55.93670285797937,56.31509017944336,12803700,0.0,0.0
2011-04-13 00:00:00-04:00,56.661063417930315,56.83404112309099,55.86103895399107,56.1151008605957,7241100,0.0,0.0
2011-04-14 00:00:00-04:00,55.85021209850189,56.915107436631565,55.747505200678475,56.693477630615234,7084900,0.0,0.0
2011-04-15 00:00:00-04:00,57.039414947467066,57.56916115581021,56.40696599779555,57.42861557006836,8869500,0.0,0.0
2011-04-18 00:00:00-04:00,56.731327522662475,56.752950248779435,55.698868126285646,56.48807907104492,7194800,0.0,0.0
2011-04-19 00:00:00-04:00,56.48265600118264,57.21781197980594,56.36373310403591,56.97456359863281,4993300,0.0,0.0
2011-04-20 00:00:00-04:00,58.22325467187891,58.5638032824083,57.84486732684626,58.27730941772461,6667800,0.0,0.0
2011-04-21 00:00:00-04:00,58.51513975875647,58.51513975875647,58.10431637567583,58.45027160644531,4915500,0.0,0.0
2011-04-25 00:00:00-04:00,58.03944579919007,58.26107141071957,57.66646118267825,58.066471099853516,3995200,0.0,0.0
2011-04-26 00:00:00-04:00,58.29894509802883,58.828691622925305,57.92596438191831,58.78544616699219,5300000,0.0,0.0
2011-04-27 00:00:00-04:00,58.980050659987775,59.012482692116265,58.13678483173529,58.90437316894531,5982600,0.0,0.0
2011-04-28 00:00:00-04:00,58.96381198638041,58.97462128489833,58.42325633001268,58.8178596496582,5941200,0.0,0.0
2011-04-29 00:00:00-04:00,58.63948377427083,59.24490351495321,58.26109231223166,59.158416748046875,6755500,0.0,0.0
2011-05-02 00:00:00-04:00,59.18004189396721,59.234096641011064,58.16920121538451,58.477317810058594,6550800,0.0,0.0
2011-05-03 00:00:00-04:00,58.15298602979238,58.29352754928033,56.86105817376108,57.39080047607422,7955600,0.0,0.0
2011-05-04 00:00:00-04:00,57.3097310640206,57.3097310640206,56.05564162062426,56.58538818359375,8892900,0.0,0.0
2011-05-05 00:00:00-04:00,55.8718270048401,56.28265041455402,54.6555769079114,55.47181701660156,11988500,0.0,0.0
2011-05-06 00:00:00-04:00,55.861020835416085,56.46103795772595,55.136678218782535,55.61236572265625,9536300,0.0,0.0
2011-05-09 00:00:00-04:00,55.812380316571875,56.68267539042034,55.67724138118066,56.26644515991211,7117900,0.0,0.0
2011-05-10 00:00:00-04:00,56.390757500581174,56.73130602864341,55.81236319945924,56.41238021850586,6430500,0.0,0.0
2011-05-11 00:00:00-04:00,55.82318761916408,55.92589452610221,54.73126687488711,55.27722930908203,10161700,0.0,0.0
2011-05-12 00:00:00-04:00,54.936670076945056,55.850210459330974,54.277195637970266,55.54750061035156,10425800,0.0,0.0
2011-05-13 00:00:00-04:00,55.92049915353104,55.94212188169803,54.742087275169446,55.347511291503906,8968000,0.0,0.0
2011-05-16 00:00:00-04:00,55.1528735818281,55.83397462430359,54.817731832061355,54.94746398925781,6759400,0.0,0.0
2011-05-17 00:00:00-04:00,54.6424301552161,55.12180017331667,54.261116873547984,54.69690704345703,8768800,0.78,0.0
2011-05-18 00:00:00-04:00,54.97472464920709,56.35835379579201,54.56617288310537,56.03151321411133,8193700,0.0,0.0
2011-05-19 00:00:00-04:00,56.48362392933687,56.941199743150214,56.07507231443127,56.5816764831543,7452400,0.0,0.0
2011-05-20 00:00:00-04:00,56.40736636560989,56.54899461252371,55.4377336213404,55.8735237121582,8760900,0.0,0.0
2011-05-23 00:00:00-04:00,55.08910148666371,55.51399868211178,54.85486504748172,55.21984100341797,7487000,0.0,0.0
2011-05-24 00:00:00-04:00,55.48133694516519,56.320230523665785,55.48133694516519,55.71012496948242,6800500,0.0,0.0
2011-05-25 00:00:00-04:00,55.56303416845584,56.57624277106675,55.459533069005396,56.243953704833984,7949500,0.0,0.0
2011-05-26 00:00:00-04:00,56.10232889259021,56.54356763813648,55.61751444936333,56.30388259887695,6614300,0.0,0.0
2011-05-27 00:00:00-04:00,56.4564121341323,56.77235986286073,55.85175512625697,56.22217559814453,5796300,0.0,0.0
2011-05-31 00:00:00-04:00,56.98479009434363,57.311630615376316,56.494527234793246,57.14821243286133,8188400,0.0,0.0
2011-06-01 00:00:00-04:00,57.05018640319553,57.17002479705951,55.6066355946952,55.82997512817383,8196100,0.0,0.0
2011-06-02 00:00:00-04:00,55.75372499468346,55.88446046215199,54.66970159174547,55.083702087402344,8129200,0.0,0.0
2011-06-03 00:00:00-04:00,54.32649420884047,55.39417570215041,54.23933450032359,55.018306732177734,7692200,0.0,0.0
2011-06-06 00:00:00-04:00,54.963818152206876,55.187157567910305,54.09224209823779,54.29924011230469,6982200,0.0,0.0
2011-06-07 00:00:00-04:00,54.59886052124238,54.969280959965495,54.13583185583583,54.18486022949219,6835400,0.0,0.0
2011-06-08 00:00:00-04:00,54.206650144578575,54.93114545998428,54.20120162395046,54.44633102416992,6936200,0.0,0.0
2011-06-09 00:00:00-04:00,54.75135219276671,55.492192614785715,54.647851144454926,55.14356231689453,5734900,0.0,0.0
2011-06-10 00:00:00-04:00,54.98561308229648,55.018295888546994,53.917931799417296,54.29379653930664,9113900,0.0,0.0
2011-06-13 00:00:00-04:00,54.49538523713993,54.751411800012214,53.42225474476316,53.89072799682617,7999300,0.0,0.0
2011-06-14 00:00:00-04:00,54.48446730996398,55.17628403250743,54.413653159374554,54.8004150390625,7353400,0.0,0.0
2011-06-15 00:00:00-04:00,54.037782329220654,54.42454835176659,53.22612726157593,53.607444763183594,9665600,0.0,0.0
2011-06-16 00:00:00-04:00,53.41678127545838,54.28836171803206,53.280597350806694,54.16307067871094,7786300,0.0,0.0
2011-06-17 00:00:00-04:00,54.598861269142375,54.93114622401582,53.78175771570776,54.02143859863281,12029500,0.0,0.0
2011-06-20 00:00:00-04:00,53.86345648039316,54.58250733083034,53.73816961545498,54.424537658691406,6427200,0.0,0.0
2011-06-21 00:00:00-04:00,54.767721238988706,55.552141883272,54.64787873433397,55.339691162109375,8499500,0.0,0.0
2011-06-22 00:00:00-04:00,55.165387748685866,55.813624623161495,55.0183109243615,55.05644226074219,6592500,0.0,0.0
2011-06-23 00:00:00-04:00,53.874345855823236,54.22842478880333,52.83934749634386,54.12492370605469,13058800,0.0,0.0
2011-06-24 00:00:00-04:00,54.223001999116136,54.331947496650905,53.28060723702351,53.32963562011719,8032400,0.0,0.0
2011-06-27 00:00:00-04:00,53.35141715883945,54.27746621023379,53.35141715883945,53.87436294555664,7130200,0.0,0.0
2011-06-28 00:00:00-04:00,54.21754342529969,54.80041045665403,54.092256541963806,54.66422653198242,6113800,0.0,0.0
2011-06-29 00:00:00-04:00,54.84944908958521,55.40507777752744,54.42455583009921,55.170841217041016,7637700,0.0,0.0
2011-06-30 00:00:00-04:00,55.4486522123965,56.075099152947196,55.17083581761239,56.02062225341797,7697700,0.0,0.0
2011-07-01 00:00:00-04:00,55.94980430194192,56.75601498176628,55.56849096716235,56.7015380859375,6579700,0.0,0.0
2011-07-05 00:00:00-04:00,56.71242345664317,57.611238024803384,56.71242345664317,57.26260757446289,7392200,0.0,0.0
2011-07-06 00:00:00-04:00,57.099193214076756,57.32798119984271,56.9630092955013,57.24082565307617,6196300,0.0,0.0
2011-07-07 00:00:00-04:00,57.785546178145324,58.243122029717775,57.633020894287846,58.063358306884766,7878100,0.0,0.0
2011-07-08 00:00:00-04:00,57.44236381845402,57.74197004239577,57.23536579936861,57.68204879760742,6334900,0.0,0.0
2011-07-11 00:00:00-04:00,56.8867511926023,57.00114519465305,56.51633073815066,56.875858306884766,6975400,0.0,0.0
2011-07-12 00:00:00-04:00,56.64706080426582,57.71474221204774,56.64706080426582,56.86495590209961,9158300,0.0,0.0
2011-07-13 00:00:00-04:00,57.05560496991995,58.07426202718304,57.04471208667772,57.24626159667969,6871100,0.0,0.0
2011-07-14 00:00:00-04:00,57.578536730867874,57.99798536440499,56.962987154328474,57.017459869384766,7279600,0.0,0.0
2011-07-15 00:00:00-04:00,57.56766172202444,57.90539930982621,57.27350398219768,57.84547805786133,10160500,0.0,0.0
2011-07-18 00:00:00-04:00,57.51321894998129,58.01437499474819,57.25719240476194,57.8672981262207,6951000,0.0,0.0
2011-07-19 00:00:00-04:00,58.008888431502136,58.72249483885615,58.008888431502136,58.548179626464844,6987600,0.0,0.0
2011-07-20 00:00:00-04:00,58.564533961208994,58.64079662372132,58.22134782390014,58.341190338134766,5044900,0.0,0.0
2011-07-21 00:00:00-04:00,58.766093379817804,59.78475076602453,58.700727747251115,59.610435485839844,8319200,0.0,0.0
2011-07-22 00:00:00-04:00,59.58862069420652,59.73570161812334,59.27812160105168,59.359832763671875,5413700,0.0,0.0
2011-07-25 00:00:00-04:00,58.58631557649019,59.376180535896864,58.53728721125652,58.88591766357422,6284400,0.0,0.0
2011-07-26 00:00:00-04:00,58.7824528146505,59.08750358795443,58.47194936267388,58.59724044799805,4864800,0.0,0.0
2011-07-27 00:00:00-04:00,58.27036067878472,58.286702079828046,57.45325737860021,57.54041290283203,7412700,0.0,0.0
2011-07-28 00:00:00-04:00,57.27895467434383,57.660267968577834,56.88674433970131,57.213584899902344,6655300,0.0,0.0
2011-07-29 00:00:00-04:00,56.499969135213895,57.32252093898401,56.14589021390869,56.663387298583984,9697600,0.0,0.0
2011-08-01 00:00:00-04:00,57.78557245235529,57.81280674771155,56.608941174454664,57.40425491333008,9309400,0.0,0.0
2011-08-02 00:00:00-04:00,57.04470261706765,57.578541083375946,56.341993318517204,56.35288619995117,10396300,0.0,0.0
2011-08-03 00:00:00-04:00,56.396472449999706,56.510866420072425,54.94747800640941,55.977027893066406,12027400,0.0,0.0
2011-08-04 00:00:00-04:00,54.89846098228284,55.0074106115214,52.572441465084594,52.752201080322266,20541200,0.0,0.0
2011-08-05 00:00:00-04:00,53.400441751596375,54.11404421200152,51.10710487835207,53.171653747558594,17596200,0.0,0.0
2011-08-08 00:00:00-04:00,51.357683603726635,52.18023571401055,48.89003142887866,49.16239929199219,23079600,0.0,0.0
2011-08-09 00:00:00-04:00,49.897785312953246,51.04717788085015,47.55542448319426,50.87831115722656,21012700,0.0,0.0
2011-08-10 00:00:00-04:00,50.50245765648899,51.12345616228863,48.884591597061956,49.33672332763672,18069500,0.0,0.0
2011-08-11 00:00:00-04:00,50.153814754072144,51.826153154198444,49.45110521606419,51.2432861328125,30717300,0.0,0.0
2011-08-12 00:00:00-04:00,52.098506972430236,52.86658608253433,51.70629671671771,52.21834945678711,13364100,0.0,0.0
2011-08-15 00:00:00-04:00,52.839388886258504,54.05415192331702,52.724994831720274,53.983333587646484,11857000,0.0,0.0
2011-08-16 00:00:00-04:00,53.37865791191669,54.081367566750274,52.92108185165529,53.46036911010742,9842900,0.0,0.0
2011-08-17 00:00:00-04:00,54.03691880406863,54.410302684174106,53.32308731602118,53.63607406616211,8594800,0.78,0.0
2011-08-18 00:00:00-04:00,52.24136500575307,52.37314781090567,50.379916649435614,51.19807434082031,15083800,0.0,0.0
2011-08-19 00:00:00-04:00,50.56659504531403,52.36215361212379,50.561107063991976,51.22551727294922,13452700,0.0,0.0
2011-08-22 00:00:00-04:00,53.01560838265291,53.01560838265291,51.03884496756703,51.23103332519531,10071000,0.0,0.0
2011-08-23 00:00:00-04:00,51.57145711112911,53.47134209694918,51.31887168184314,53.44388961791992,12301000,0.0,0.0
2011-08-24 00:00:00-04:00,53.16934934535266,53.680012468167114,52.752032208924675,53.58666229248047,7642500,0.0,0.0
2011-08-25 00:00:00-04:00,53.83924850675042,54.09732194858077,52.32373156369398,52.691627502441406,9812400,0.0,0.0
2011-08-26 00:00:00-04:00,51.98876385823902,53.45485916727801,51.26395236472435,53.1803092956543,9216600,0.0,0.0
2011-08-29 00:00:00-04:00,53.96553893167149,54.22910873394737,53.03207075265669,54.21812438964844,9724900,0.0,0.0
2011-08-30 00:00:00-04:00,53.79531997168668,54.349912065323636,53.11992522504959,54.03143310546875,9202500,0.0,0.0
2011-08-31 00:00:00-04:00,54.278529129282006,54.7562475931348,53.85572401177792,54.27303695678711,11242000,0.0,0.0
2011-09-01 00:00:00-04:00,54.366378691519195,55.17355616164771,54.08633658795839,54.09731674194336,10121400,0.0,0.0
2011-09-02 00:00:00-04:00,52.88381117519167,53.29563610912195,52.202928457430886,52.938724517822266,8976700,0.0,0.0
2011-09-06 00:00:00-04:00,51.38476716660563,52.603769556040874,50.929013266177215,52.49943923950195,10276800,0.0,0.0
2011-09-07 00:00:00-04:00,53.96002702992116,54.602476878911126,53.73489832570628,54.520111083984375,10572800,0.0,0.0
2011-09-08 00:00:00-04:00,54.30048039073157,55.228460419008066,53.811781890340775,54.03691482543945,9603600,0.0,0.0
2011-09-09 00:00:00-04:00,53.26817560857768,53.47683203554508,52.0436811460578,52.26881408691406,13346600,0.0,0.0
2011-09-12 00:00:00-04:00,51.58243071359222,52.67513801889716,51.15413358836207,52.66415786743164,13616300,0.0,0.0
2011-09-13 00:00:00-04:00,53.13090573224512,53.174830538918314,51.96132030294139,52.67515182495117,11453800,0.0,0.0
2011-09-14 00:00:00-04:00,52.883788356033286,54.36086782228489,52.24683491150009,53.43288803100586,11325600,0.0,0.0
2011-09-15 00:00:00-04:00,54.20714004631784,54.635437276286225,53.84473211985256,54.50365447998047,9241200,0.0,0.0
2011-09-16 00:00:00-04:00,54.909993741338624,54.99785174218879,53.97103335107774,54.706825256347656,13862000,0.0,0.0
2011-09-19 00:00:00-04:00,53.366992445231325,54.547553255486974,53.04302149684344,54.201622009277344,8522500,0.0,0.0
2011-09-20 00:00:00-04:00,54.51462198519869,54.7672073650526,53.669007875618945,53.69646453857422,8660500,0.0,0.0
2011-09-21 00:00:00-04:00,53.37799233397273,53.690979059898474,51.692256075162284,51.76363754272461,9267200,0.0,0.0
2011-09-22 00:00:00-04:00,49.91865444121071,50.248113414793266,48.64473914857474,49.5123176574707,16685800,0.0,0.0
2011-09-23 00:00:00-04:00,49.49035828208782,49.88021859653683,48.62827185395722,49.424468994140625,12228200,0.0,0.0
2011-09-26 00:00:00-04:00,49.77590638338501,50.32500627908855,48.73810791564932,50.23714828491211,11899200,0.0,0.0
2011-09-27 00:00:00-04:00,51.703244014130306,52.356669988515115,51.09374284398608,51.36280059814453,11079800,0.0,0.0
2011-09-28 00:00:00-04:00,51.60987922247092,52.34567499309597,50.26458664381302,50.37440490722656,10338300,0.0,0.0
2011-09-29 00:00:00-04:00,51.71971052638613,51.87894996809643,50.69289241161928,51.82952880859375,10104100,0.0,0.0
2011-09-30 00:00:00-04:00,51.044320640175506,52.05466652453757,50.802715369921664,50.84115219116211,11918800,0.0,0.0
2011-10-03 00:00:00-04:00,50.478729034687426,50.93997071193915,49.33660080154358,49.35307312011719,11384300,0.0,0.0
2011-10-04 00:00:00-04:00,48.71615319045266,50.429342527592816,47.595988675776084,50.23167037963867,15398100,0.0,0.0
2011-10-05 00:00:00-04:00,50.59406808325823,52.021727087897084,49.98456681535509,51.97780227661133,13057500,0.0,0.0
2011-10-06 00:00:00-04:00,51.27493427623663,52.060147103603704,50.9125306116896,51.9503288269043,10169500,0.0,0.0
2011-10-07 00:00:00-04:00,52.53237687556374,52.56532571229648,51.42868929354398,51.83502197265625,10534600,0.0,0.0
2011-10-10 00:00:00-04:00,52.78493774842991,53.94353812342988,52.76297326391604,53.921573638916016,7490300,0.0,0.0
2011-10-11 00:00:00-04:00,53.37800680649419,54.163219919773134,53.3450621493483,53.59215545654297,7613500,0.0,0.0
2011-10-12 00:00:00-04:00,53.872179119918194,54.22360263985792,53.09245844688309,53.690975189208984,8868800,0.0,0.0
2011-10-13 00:00:00-04:00,53.0540188426872,53.86668411886089,52.85085042899448,53.69646453857422,6507900,0.0,0.0
2011-10-14 00:00:00-04:00,54.344410562029,55.217477276313076,54.27851707462485,55.168060302734375,7365100,0.0,0.0
2011-10-17 00:00:00-04:00,54.86056762048411,55.047259557245994,54.03142568008437,54.14673614501953,6576400,0.0,0.0
2011-10-18 00:00:00-04:00,54.377349401544855,57.188741724271665,53.7953049875396,56.52981948852539,12165700,0.0,0.0
2011-10-19 00:00:00-04:00,56.38705866125373,57.15030703266101,55.84893902485416,56.13996124267578,8651800,0.0,0.0
2011-10-20 00:00:00-04:00,56.38157059347357,56.919690269034255,55.85443526049737,56.77143096923828,8710100,0.0,0.0
2011-10-21 00:00:00-04:00,57.38093054756685,58.116722287265375,57.22169109883378,57.946502685546875,10884100,0.0,0.0
2011-10-24 00:00:00-04:00,57.93001265128397,58.6822806744289,57.80371788941666,58.35281753540039,7911500,0.0,0.0
2011-10-25 00:00:00-04:00,58.54503667053074,58.70427615464884,57.28759731467408,57.380943298339844,8452200,0.0,0.0
2011-10-26 00:00:00-04:00,58.24851575012872,58.665828638866664,57.35897244440914,58.62739181518555,9959400,0.0,0.0
2011-10-27 00:00:00-04:00,59.21491801247073,60.4064677138697,59.09411958039558,59.83540344238281,14393600,0.0,0.0
2011-10-28 00:00:00-04:00,59.76952628928605,60.39549987168864,58.89645941515085,60.20331573486328,10341300,0.0,0.0
2011-10-31 00:00:00-04:00,59.14904486732202,59.302792176751524,57.6829490661621,57.68294906616211,11457800,0.0,0.0
2011-11-01 00:00:00-04:00,55.717161342359205,56.93067148402367,55.34377328420865,56.0521125793457,15213300,0.0,0.0
2011-11-02 00:00:00-04:00,57.08440279930716,57.61703016450601,56.63414122478926,57.40288162231445,8393400,0.0,0.0
2011-11-03 00:00:00-04:00,58.116738594962854,58.39678075161179,57.49076496666543,58.275978088378906,9276200,0.0,0.0
2011-11-04 00:00:00-04:00,58.06730486352215,58.53403886380885,57.3699499486419,58.44069290161133,8402700,0.0,0.0
2011-11-07 00:00:00-05:00,58.56151484380496,59.59382131813383,57.95201351900692,59.149051666259766,7821800,0.0,0.0
2011-11-08 00:00:00-05:00,59.4510266878827,59.85187133922575,58.47912199658296,59.77499771118164,7761400,0.0,0.0
2011-11-09 00:00:00-05:00,58.09476982640671,58.4736459004048,57.04049485757375,57.260135650634766,12062000,0.0,0.0
2011-11-10 00:00:00-05:00,57.831192687901414,58.2100729030525,56.831831186303596,57.930030822753906,10025200,0.0,0.0
2011-11-11 00:00:00-05:00,58.58347070055779,59.03922044169492,58.539541702354256,58.78114700317383,6352600,0.0,0.0
2011-11-14 00:00:00-05:00,58.31439254948198,58.610906921139524,57.864130916068376,58.29792022705078,5531200,0.0,0.0
2011-11-15 00:00:00-05:00,58.33087502298059,58.93488397988362,56.32665986613494,56.705535888671875,24328000,0.0,0.0
2011-11-16 00:00:00-05:00,56.73320135795291,57.236830146198756,55.753609057676556,55.92517852783203,12581000,0.81,0.0
2011-11-17 00:00:00-05:00,55.75915957090298,56.522906340736625,54.6522779913317,55.38835525512695,11794300,0.0,0.0
2011-11-18 00:00:00-05:00,55.631879123889355,56.17425308046167,53.971556372742704,54.17079544067383,13668700,0.0,0.0
2011-11-21 00:00:00-05:00,53.63946317440611,53.65053435121452,52.27246418532549,52.94213104248047,15021100,0.0,0.0
2011-11-22 00:00:00-05:00,52.95321364429727,53.82211549417541,52.576873747523535,53.36275863647461,8939500,0.0,0.0
2011-11-23 00:00:00-05:00,52.80931584859888,52.89786839619279,51.88507080078125,51.88507080078125,11665200,0.0,0.0
2011-11-25 00:00:00-05:00,52.04002335464978,52.272467412977655,51.077037811279304,51.0770378112793,5257300,0.0,0.0
2011-11-28 00:00:00-05:00,53.1469055490578,53.32400639017763,52.57686234865387,53.00300979614258,8403100,0.0,0.0
2011-11-29 00:00:00-05:00,53.10817292584491,54.26486626858424,52.9919508770866,53.899593353271484,8845100,0.0,0.0
2011-11-30 00:00:00-05:00,55.62079143207564,56.904773712158196,55.40494989266995,56.9047737121582,13373200,0.0,0.0
2011-12-01 00:00:00-05:00,56.904785422119474,57.00440493945409,55.8753851504679,56.35688018798828,7007200,0.0,0.0
2011-12-02 00:00:00-05:00,57.02652869335958,57.109545640599265,56.17422953170569,56.27938461303711,6638100,0.0,0.0
2011-12-05 00:00:00-05:00,57.325389834617965,57.557833919759865,56.47309063334681,56.9047737121582,6121800,0.0,0.0
2011-12-06 00:00:00-05:00,57.05972090193747,57.9618317172487,56.9158251740346,57.757057189941406,7445000,0.0,0.0
2011-12-07 00:00:00-05:00,57.679589527706675,58.520817520689526,57.54122935487008,57.845619201660156,10323300,0.0,0.0
2011-12-08 00:00:00-05:00,57.557827005176506,58.00058120956775,56.423271995434575,56.58930587768555,7720100,0.0,0.0
2011-12-09 00:00:00-05:00,56.86051584257938,57.83457299102124,56.843913291470415,57.69621276855469,6624100,0.0,0.0
2011-12-12 00:00:00-05:00,57.56890745774747,57.685133736023666,56.17423856503131,57.04314041137695,7595800,0.0,0.0
2011-12-13 00:00:00-05:00,57.679597797622066,58.60384287130564,57.05974261437102,57.3475341796875,8990000,0.0,0.0
2011-12-14 00:00:00-05:00,56.86604080219673,57.56890874305577,55.07289383655051,55.63740158081055,15512100,0.0,0.0
2011-12-15 00:00:00-05:00,56.02482004411514,56.229590459705676,54.96774597610416,55.16144943237305,9667000,0.0,0.0
2011-12-16 00:00:00-05:00,55.52114895739928,55.82000732421876,55.11713554787967,55.82000732421875,14709700,0.0,0.0
2011-12-19 00:00:00-05:00,55.98605418849832,56.08013807890927,55.06734074824988,55.1890983581543,5977400,0.0,0.0
2011-12-20 00:00:00-05:00,56.4177557863712,57.474825505283384,56.329203232735544,57.375205993652344,7278600,0.0,0.0
2011-12-21 00:00:00-05:00,57.38072585652454,58.4045901984041,57.30878009322861,58.349246978759766,8156600,0.0,0.0
2011-12-22 00:00:00-05:00,58.39354214396697,58.985723652911275,58.14449124133046,58.8362922668457,7483800,0.0,0.0
2011-12-23 00:00:00-05:00,59.01337056798524,59.555744222212624,58.72004772104853,59.49486541748047,3779400,0.0,0.0
2011-12-27 00:00:00-05:00,59.362058163918235,60.04278794636601,59.362058163918235,59.760536193847656,4136200,0.0,0.0
2011-12-28 00:00:00-05:00,59.69412798571578,59.86016192291583,58.59831328951599,58.6425895690918,5307900,0.0,0.0
2011-12-29 00:00:00-05:00,58.87500761007259,59.528067665917625,58.84180252631631,59.4782600402832,4468500,0.0,0.0
2011-12-30 00:00:00-05:00,59.10192702414899,59.49486937566099,58.76432789268909,58.886085510253906,5009400,0.0,0.0
2012-01-03 00:00:00-05:00,60.18112962917443,61.42637097850094,60.17559826331744,61.0832405090332,11518700,0.0,0.0
2012-01-04 00:00:00-05:00,60.78439641190947,61.08325491291085,60.43572604953235,60.97809982299805,8019100,0.0,0.0
2012-01-05 00:00:00-05:00,60.540907629399335,60.62392461973825,59.75502246201931,60.380409240722656,7184900,0.0,0.0
2012-01-06 00:00:00-05:00,60.55194916014793,60.66263561144854,59.82140338086104,59.94316101074219,8214900,0.0,0.0
2012-01-09 00:00:00-05:00,59.904409725534876,60.695829957238,59.78818770551904,60.59621047973633,7118800,0.0,0.0
2012-01-10 00:00:00-05:00,60.944876647319774,61.24373505964646,60.269678481220566,60.35822677612305,7641800,0.0,0.0
2012-01-11 00:00:00-05:00,60.05385536710654,60.1313367322518,59.290104450077926,59.64430618286133,7802500,0.0,0.0
2012-01-12 00:00:00-05:00,57.8456185005035,58.686850705707016,57.8456185005035,58.094669342041016,11897200,0.0,0.0
2012-01-13 00:00:00-05:00,57.9009840601263,58.747747896929724,57.28666437020643,58.71453857421875,8266900,0.0,0.0
2012-01-17 00:00:00-05:00,59.367587971607165,59.760534623653754,58.681322617214605,59.06319808959961,6925300,0.0,0.0
2012-01-18 00:00:00-05:00,58.664723788498875,59.184959482702766,58.22196946716559,59.124080657958984,6581400,0.0,0.0
2012-01-19 00:00:00-05:00,59.334367909229215,59.49486619449041,58.5650857911124,59.179405212402344,5666100,0.0,0.0
2012-01-20 00:00:00-05:00,59.19047742759078,59.328837593828645,58.80307065109164,59.15727233886719,7284600,0.0,0.0
2012-01-23 00:00:00-05:00,59.2125959705856,59.49485179860424,58.974616394494554,59.22366714477539,6506700,0.0,0.0
2012-01-24 00:00:00-05:00,58.91376672109336,59.26796846674228,58.76433957500498,59.06319808959961,5041400,0.0,0.0
2012-01-25 00:00:00-05:00,58.86950109150585,59.77160810110941,58.16109330051316,59.6221809387207,8020700,0.0,0.0
2012-01-26 00:00:00-05:00,59.78818967190829,60.087048114242556,58.858409258785095,58.991233825683594,7000400,0.0,0.0
2012-01-27 00:00:00-05:00,57.77368528139216,57.928648031165636,57.07081731708581,57.53570556640625,10581500,0.0,0.0
2012-01-30 00:00:00-05:00,57.225768579486676,57.28111180437941,56.49522703261738,57.23130416870117,7615700,0.0,0.0
2012-01-31 00:00:00-05:00,57.8954377687325,57.9895216837841,56.67233420580812,57.0708122253418,8320100,0.0,0.0
2012-02-01 00:00:00-05:00,57.790282878918696,57.790282878918696,56.82729714324321,56.88817596435547,7824500,0.0,0.0
2012-02-02 00:00:00-05:00,57.02098434882974,57.53568427578433,56.937967414337066,57.38625717163086,5897200,0.0,0.0
2012-02-03 00:00:00-05:00,58.06148005164586,58.443351356715944,57.823500323596505,58.38800811767578,6818600,0.0,0.0
2012-02-06 00:00:00-05:00,57.90095277548332,59.08531523339431,57.762592635798235,59.03550338745117,6443600,0.0,0.0
2012-02-07 00:00:00-05:00,58.675790746444044,59.251369675210064,58.354798297016465,59.124080657958984,6034700,0.0,0.0
2012-02-08 00:00:00-05:00,59.36758651601395,59.49487974449389,58.714526271782326,59.08533477783203,5383700,0.0,0.0
2012-02-09 00:00:00-05:00,59.317761839298655,59.445055031218594,58.703442454536244,58.869476318359375,4751400,0.0,0.0
2012-02-10 00:00:00-05:00,58.21640865888383,58.39904081833844,57.878809609637905,58.26621627807617,6136800,0.0,0.0
2012-02-13 00:00:00-05:00,58.7532656685348,58.958036021457616,58.360319062965196,58.87501907348633,4695500,0.0,0.0
2012-02-14 00:00:00-05:00,58.803077050080105,58.95803977754291,58.42673718806289,58.9359016418457,5974800,0.0,0.0
2012-02-15 00:00:00-05:00,59.24820021305128,59.24820021305128,58.32802304133795,58.55667495727539,6553800,0.81,0.0
2012-02-16 00:00:00-05:00,58.846652550192,59.43222084747352,58.44512474452478,59.404335021972656,5733900,0.0,0.0
2012-02-17 00:00:00-05:00,59.68319133053968,59.80588218608109,59.136664752848795,59.48242950439453,5666500,0.0,0.0
2012-02-21 00:00:00-05:00,59.956473953676465,60.5085786876907,59.917436331165995,60.45838928222656,7149000,0.0,0.0
2012-02-22 00:00:00-05:00,60.3189545313936,60.542024176715074,59.783575469235956,59.95088195800781,7150000,0.0,0.0
2012-02-23 00:00:00-05:00,59.97318614863786,60.50856092365599,59.85049529825819,60.42490768432617,5504800,0.0,0.0
2012-02-24 00:00:00-05:00,60.67587696648976,61.01048572177201,60.508570461458056,60.832027435302734,5833300,0.0,0.0
2012-02-27 00:00:00-05:00,60.39144414648023,61.46777164345415,60.3858661296144,61.138736724853516,7723400,0.0,0.0
2012-02-28 00:00:00-05:00,61.16663542555287,61.56816762878193,60.88779409050837,61.12759780883789,9132500,0.0,0.0
2012-02-29 00:00:00-05:00,61.56816121814032,61.85815430428805,60.74278908024486,60.85432815551758,10572800,0.0,0.0
2012-03-01 00:00:00-05:00,60.88222670397145,61.42317966918617,60.84318908043955,61.21126174926758,5980100,0.0,0.0
2012-03-02 00:00:00-05:00,61.0662523747456,61.272596494399735,60.787411039701105,61.12759780883789,5377100,0.0,0.0
2012-03-05 00:00:00-05:00,60.86548304338661,61.03836330041059,60.30780040289028,60.96586608886719,5941500,0.0,0.0
2012-03-06 00:00:00-05:00,60.30779647198147,60.804133649289085,60.22972124778346,60.70375061035156,7480800,0.0,0.0
2012-03-07 00:00:00-05:00,60.7874117916594,61.31720863288525,60.33569018482933,61.0439453125,6867900,0.0,0.0
2012-03-08 00:00:00-05:00,61.233555596377506,61.66296935723146,61.09970869928617,61.361820220947266,5505400,0.0,0.0
2012-03-09 00:00:00-05:00,61.28377069694,61.573768174162005,60.993777474500675,61.10531234741211,5704200,0.0,0.0
2012-03-12 00:00:00-04:00,61.14988568004364,61.34507369995118,60.87662245217309,61.34507369995117,5324700,0.0,0.0
2012-03-13 00:00:00-04:00,61.46779414587559,62.075666308597306,61.027224257353694,62.00874710083008,7331000,0.0,0.0
2012-03-14 00:00:00-04:00,61.93065499422096,62.616602215772,61.646235674299966,61.729888916015625,8819400,0.0,0.0
2012-03-15 00:00:00-04:00,61.629509760349066,61.86373544808759,61.04394128622189,61.361820220947266,8899400,0.0,0.0
2012-03-16 00:00:00-04:00,61.58490066186796,61.80797459257313,61.4008643499276,61.50124740600586,11092500,0.0,0.0
2012-03-19 00:00:00-04:00,61.63506772493114,61.936216784024424,61.51238114954925,61.735450744628906,5695000,0.0,0.0
2012-03-20 00:00:00-04:00,61.30605685985101,61.30605685985101,60.748374182786876,60.832027435302734,6158300,0.0,0.0
2012-03-21 00:00:00-04:00,60.75953651151797,60.79857413549778,59.867244924278026,60.17955017089844,7549900,0.0,0.0
2012-03-22 00:00:00-04:00,59.588373872537325,59.66644908162887,58.57339189956747,58.75185012817383,8282100,0.0,0.0
2012-03-23 00:00:00-04:00,58.935884994166365,59.61625830442818,58.47300751196796,59.31510925292969,6600300,0.0,0.0
2012-03-26 00:00:00-04:00,59.80030520987872,60.21298912970269,59.57723132586183,60.14048767089844,5311100,0.0,0.0
2012-03-27 00:00:00-04:00,60.1627910447586,60.22971448145884,59.67760995671724,59.694339752197266,4327700,0.0,0.0
2012-03-28 00:00:00-04:00,59.4322256856822,59.64972152700001,58.66819910542481,59.053001403808594,6816400,0.0,0.0
2012-03-29 00:00:00-04:00,58.60128642812534,59.68318773823912,58.51205517318213,59.588382720947266,5793900,0.0,0.0
2012-03-30 00:00:00-04:00,59.69436807033964,59.81148094903663,59.3430294342487,59.7891731262207,6121000,0.0,0.0
2012-04-02 00:00:00-04:00,59.588417628084564,60.670323826763806,59.448996901647874,60.39706039428711,5188400,0.0,0.0
2012-04-03 00:00:00-04:00,60.19069189864291,60.35799840476678,59.2426330433575,59.7501220703125,4690300,0.0,0.0
2012-04-04 00:00:00-04:00,59.25379101802062,59.25936903674941,58.57341739568393,58.89129638671875,5430600,0.0,0.0
2012-04-05 00:00:00-04:00,58.65148874468432,59.05859898922377,58.1830373173274,58.41726303100586,5982700,0.0,0.0
2012-04-09 00:00:00-04:00,57.608612294702645,58.043604026932705,57.357652580491155,57.714569091796875,4983400,0.0,0.0
2012-04-10 00:00:00-04:00,57.58073478930312,57.65323200356363,56.549022716673754,56.576904296875,8907500,0.0,0.0
2012-04-11 00:00:00-04:00,57.05650624315161,57.13458146786207,56.203252533972595,56.298057556152344,8570100,0.0,0.0
2012-04-12 00:00:00-04:00,56.26459917662828,57.36323461850442,56.05268131280505,57.2126579284668,6451900,0.0,0.0
2012-04-13 00:00:00-04:00,57.04536053313639,57.0843981496455,56.16979891590537,56.2032585144043,6847100,0.0,0.0
2012-04-16 00:00:00-04:00,56.67169697766149,57.017457403357426,56.42073730069724,56.6103515625,6065100,0.0,0.0
2012-04-17 00:00:00-04:00,57.140172472431765,58.049193798043,57.0732490125632,57.787086486816406,5500900,0.0,0.0
2012-04-18 00:00:00-04:00,57.67552801342553,57.98225511631434,57.357649131695375,57.65879821777344,4836200,0.0,0.0
2012-04-19 00:00:00-04:00,57.5919038182808,57.79824799651587,56.984031577604306,57.168067932128906,6768400,0.0,0.0
2012-04-20 00:00:00-04:00,57.50265326334781,57.90975917893239,57.117850907570656,57.17361831665039,5814700,0.0,0.0
2012-04-23 00:00:00-04:00,56.43188335936113,57.285136749716976,56.26457693762196,57.12898635864258,5590600,0.0,0.0
2012-04-24 00:00:00-04:00,57.31303205074887,57.53610591492996,56.96169358664021,57.458030700683594,4104400,0.0,0.0
2012-04-25 00:00:00-04:00,57.75361194989409,57.93764823941509,57.229393169596015,57.915340423583984,5308500,0.0,0.0
2012-04-26 00:00:00-04:00,57.99900793451276,59.50474970782294,57.99342991548783,59.237064361572266,8535300,0.0,0.0
2012-04-27 00:00:00-04:00,59.54935571728712,59.560511753532296,58.93032760389622,59.22589874267578,5433500,0.0,0.0
2012-04-30 00:00:00-04:00,59.20361178844633,59.45456736220942,59.00841939242797,59.42668151855469,4727100,0.0,0.0
2012-05-01 00:00:00-04:00,59.52704108038469,60.670292142021836,59.331853016265846,60.38029479980469,6179900,0.0,0.0
2012-05-02 00:00:00-04:00,59.95644832917844,60.03452354083118,59.443377182171936,59.688758850097656,4834400,0.0,0.0
2012-05-03 00:00:00-04:00,59.6943599196315,59.70551170212572,58.785338601607315,59.10879135131836,4882800,0.0,0.0
2012-05-04 00:00:00-04:00,58.70722825278025,58.8299190696471,57.5807116024906,57.84282302856445,6241300,0.0,0.0
2012-05-07 00:00:00-04:00,57.48593214257916,57.898616137793184,57.2126645637166,57.61419677734375,6126900,0.0,0.0
2012-05-08 00:00:00-04:00,57.30188046888284,57.558413924398636,56.63266312882252,57.35206985473633,8167200,0.0,0.0
2012-05-09 00:00:00-04:00,56.66612790389051,57.1624650650485,56.532285274588936,56.76093292236328,6115600,0.0,0.0
2012-05-10 00:00:00-04:00,57.34650348409245,58.1328337472727,57.24612044466725,57.64207458496094,21105400,0.0,0.0
2012-05-11 00:00:00-04:00,57.413404096428,57.971086522832465,57.14571891443024,57.268409729003906,4944700,0.0,0.0
2012-05-14 00:00:00-04:00,56.738642475380665,57.050947712384605,56.476530898966296,56.850181579589844,7021400,0.0,0.0
2012-05-15 00:00:00-04:00,56.90594919703632,57.2517140390832,56.164230106964794,56.27019119262695,8421000,0.0,0.0
2012-05-16 00:00:00-04:00,56.70343648905258,57.27176628853057,56.275786378047385,56.3264274597168,6423800,0.9,0.0
2012-05-17 00:00:00-04:00,56.38270634452817,57.063579151920784,56.20827019836001,56.34894561767578,6527500,0.0,0.0
2012-05-18 00:00:00-04:00,56.54027398852911,56.6922015727742,55.27981897172932,55.40361404418945,11137700,0.0,0.0
2012-05-21 00:00:00-04:00,55.60056474388389,56.12387760146286,55.341722425188536,56.09574508666992,6169400,0.0,0.0
2012-05-22 00:00:00-04:00,56.23079884304687,56.65282525156776,55.55555830664329,55.887550354003906,6089700,0.0,0.0
2012-05-23 00:00:00-04:00,55.33047218706501,55.707481384277344,54.41326545306947,55.707481384277344,8013000,0.0,0.0
2012-05-24 00:00:00-04:00,55.85377717829681,56.33770102909273,55.45425944902552,56.30393600463867,6322300,0.0,0.0
2012-05-25 00:00:00-04:00,56.292703992570786,56.40524266613919,55.381125281595985,55.62871551513672,5561500,0.0,0.0
2012-05-29 00:00:00-04:00,56.16326571356016,56.74847610520272,55.988829528010356,56.40522766113281,5223200,0.0,0.0
2012-05-30 00:00:00-04:00,55.76937742129944,55.76937742129944,54.863427152564995,54.93657684326172,7284800,0.0,0.0
2012-05-31 00:00:00-04:00,55.1785460239181,55.7975215380992,54.40201896032008,55.31922149658203,9371100,0.0,0.0
2012-06-01 00:00:00-04:00,54.3851273323833,54.74525612440777,54.03062246708739,54.25008010864258,9243000,0.0,0.0
2012-06-04 00:00:00-04:00,54.28944908569048,54.66082988759896,53.8674229103427,54.34571838378906,6794500,0.0,0.0
2012-06-05 00:00:00-04:00,54.23881659551827,54.5089153008488,53.89556821459168,54.29508590698242,5891600,0.0,0.0
2012-06-06 00:00:00-04:00,55.08286862147773,56.157630920410156,54.90843246968014,56.157630920410156,7145800,0.0,0.0
2012-06-07 00:00:00-04:00,56.82160875162232,57.3955624875459,56.37144575998121,56.4896125793457,7971600,0.0,0.0
2012-06-08 00:00:00-04:00,56.20827111365961,56.832870329038464,56.095732493603656,56.742835998535156,5769900,0.0,0.0
2012-06-11 00:00:00-04:00,57.38994445673704,57.58126526472087,56.02820739025835,56.21952819824219,7037100,0.0,0.0
2012-06-12 00:00:00-04:00,56.38272874573741,56.776622652161905,56.022599872653466,56.686588287353516,5933400,0.0,0.0
2012-06-13 00:00:00-04:00,56.65282576564885,57.057971808397234,56.10700425211697,56.34333801269531,5189900,0.0,0.0
2012-06-14 00:00:00-04:00,56.36583870648703,57.49124231508891,56.213911108278374,57.35056686401367,6540000,0.0,0.0
2012-06-15 00:00:00-04:00,57.95828586747743,58.80233857428536,57.7557128743976,58.70668029785156,11091100,0.0,0.0
2012-06-18 00:00:00-04:00,58.037075754861256,58.50411937935859,57.9582978294129,58.217140197753906,6630300,0.0,0.0
2012-06-19 00:00:00-04:00,58.51535958047497,58.88674483296199,58.39156449631263,58.55474853515625,6115500,0.0,0.0
2012-06-20 00:00:00-04:00,58.54347292268187,58.83045193066131,57.727553055499605,58.31276321411133,7609200,0.0,0.0
2012-06-21 00:00:00-04:00,58.217136596008984,58.380320658077636,56.197038886443885,56.28144073486328,8492000,0.0,0.0
2012-06-22 00:00:00-04:00,56.63592807461798,56.900398565697714,56.03383741552995,56.51776123046875,11708600,0.0,0.0
2012-06-25 00:00:00-04:00,55.898801836937544,56.02259693552139,55.24044167782298,55.75250244140625,7091000,0.0,0.0
2012-06-26 00:00:00-04:00,55.69060130579867,56.99606939148566,55.61182339233194,56.80474853515625,7616000,0.0,0.0
2012-06-27 00:00:00-04:00,57.09171318653803,57.90200499724693,56.973546346321854,57.716312408447266,5740300,0.0,0.0
2012-06-28 00:00:00-04:00,57.31118976202291,58.324054936465934,57.07485598567786,58.217140197753906,7010200,0.0,0.0
2012-06-29 00:00:00-04:00,59.26376094622123,59.37067567561096,58.7179394438678,59.365047454833984,10651500,0.0,0.0
2012-07-02 00:00:00-04:00,59.41568741720297,59.697038347584055,58.909259176976605,59.56761932373047,5695600,0.0,0.0
2012-07-03 00:00:00-04:00,59.80958212954368,60.4454336955642,59.770193170464076,60.417301177978516,4079900,0.0,0.0
2012-07-05 00:00:00-04:00,59.79833156142724,60.237242668234074,59.494476300439786,59.66328430175781,5045600,0.0,0.0
2012-07-06 00:00:00-04:00,59.078064030460745,59.28063703305239,58.74044379049942,59.12308120727539,4609000,0.0,0.0
2012-07-09 00:00:00-04:00,59.06682539289633,59.106214358349845,58.26778964051051,58.77984619140625,5233300,0.0,0.0
2012-07-10 00:00:00-04:00,59.010542410323744,59.30314547273662,58.121472489298306,58.45346450805664,6424200,0.0,0.0
2012-07-11 00:00:00-04:00,58.69542334992272,59.43818955376579,58.53223931284918,58.99928283691406,5931000,0.0,0.0
2012-07-12 00:00:00-04:00,58.69542847537457,59.69141315188633,58.672919886253325,59.1005744934082,7871500,0.0,0.0
2012-07-13 00:00:00-04:00,59.27500981954577,59.753309818446,59.01054356068452,59.65202331542969,6771800,0.0,0.0
2012-07-16 00:00:00-04:00,59.48320966193479,60.349770991338296,59.36504279334443,60.08530044555664,5185100,0.0,0.0
2012-07-17 00:00:00-04:00,60.20344826110165,60.49042730432677,59.41004116792652,60.4510383605957,6668200,0.0,0.0
2012-07-18 00:00:00-04:00,60.09092650006837,60.760543024353346,60.01777681064633,60.70426940917969,5519300,0.0,0.0
2012-07-19 00:00:00-04:00,60.726776440600595,61.32324326017995,60.276617582264564,61.24446105957031,6829400,0.0,0.0
2012-07-20 00:00:00-04:00,60.86183546304328,61.47517843203265,60.49045017339597,61.4414176940918,9368100,0.0,0.0
2012-07-23 00:00:00-04:00,60.34977420489975,60.929356431117824,59.66327725199406,60.7436637878418,5953200,0.0,0.0
2012-07-24 00:00:00-04:00,60.86183033915839,60.86183033915839,58.86423717972631,59.81520462036133,6654900,0.0,0.0
2012-07-25 00:00:00-04:00,59.93901053675992,60.0796860259303,59.24126131253593,59.68016815185547,5476400,0.0,0.0
2012-07-26 00:00:00-04:00,60.54107254983077,61.126282820505885,60.35538425553073,60.923709869384766,6808200,0.0,0.0
2012-07-27 00:00:00-04:00,61.54831446015432,61.615840214114634,60.28223555164512,61.48079299926758,8338800,0.0,0.0
2012-07-30 00:00:00-04:00,61.261348684556694,61.857811239930605,61.19945114091516,61.79591369628906,5789900,0.0,0.0
2012-07-31 00:00:00-04:00,61.64396253425235,62.35859168352608,61.63270609803369,61.66084289550781,10012500,0.0,0.0
2012-08-01 00:00:00-04:00,61.73961747586791,62.58929805590258,61.4132495321364,62.178524017333984,8363800,0.0,0.0
2012-08-02 00:00:00-04:00,61.593352283537335,61.85782287555808,61.03627857905056,61.47518539428711,6662200,0.0,0.0
2012-08-03 00:00:00-04:00,62.538664559232345,62.95506260162015,62.40361735768798,62.52741241455078,5967600,0.0,0.0
2012-08-06 00:00:00-04:00,62.31921914163107,63.07886564952832,62.29108233675301,62.63433074951172,5201900,0.0,0.0
2012-08-07 00:00:00-04:00,62.79749728600121,63.24203206222946,62.746856203010985,62.994441986083984,5453300,0.0,0.0
2012-08-08 00:00:00-04:00,62.741235414923,63.38271496719924,62.66245752556086,63.10136413574219,5443400,0.0,0.0
2012-08-09 00:00:00-04:00,63.16889357421701,63.74284741499576,62.87066236232694,63.37709045410156,4846700,0.0,0.0
2012-08-10 00:00:00-04:00,63.000088800144916,63.945427932654994,62.61745143000813,63.8947868347168,5107600,0.0,0.0
2012-08-13 00:00:00-04:00,63.765367473770965,63.917295070030924,63.422119034104156,63.74285888671875,4336100,0.0,0.0
2012-08-14 00:00:00-04:00,63.97919455917876,64.07485713033189,63.56279641871936,63.7653694152832,6286100,0.0,0.0
2012-08-15 00:00:00-04:00,63.600887711865106,64.09435911425285,63.5271523964276,63.850460052490234,4539900,0.9,0.0
2012-08-16 00:00:00-04:00,63.93552531189902,64.42899225861471,63.58385568034953,64.27584838867188,5394600,0.0,0.0
2012-08-17 00:00:00-04:00,64.2701738742426,64.4176487914013,63.81641122309349,63.901493072509766,5642600,0.0,0.0
2012-08-20 00:00:00-04:00,63.91848800428601,64.0319275487013,63.60652276598209,63.822059631347656,3908100,0.0,0.0
2012-08-21 00:00:00-04:00,63.98658637713268,64.34959831856794,63.402364169117924,63.51580810546875,4647100,0.0,0.0
2012-08-22 00:00:00-04:00,63.47041150242217,63.72565270966344,63.118741896331116,63.612213134765625,4445400,0.0,0.0
2012-08-23 00:00:00-04:00,63.57250235362659,63.62354885888088,62.931556271376415,63.12440872192383,4191500,0.0,0.0
2012-08-24 00:00:00-04:00,62.829470936514014,63.64057651867593,62.82380198647516,63.53281021118164,3453300,0.0,0.0
2012-08-27 00:00:00-04:00,63.6292149989644,63.74832782530729,63.220825692965064,63.37397384643555,3388800,0.0,0.0
2012-08-28 00:00:00-04:00,63.43637045703431,63.98656143338587,63.39666617665028,63.72564697265625,3340900,0.0,0.0
2012-08-29 00:00:00-04:00,63.714318911704986,63.77671198438527,63.30025618641245,63.413700103759766,3296300,0.0,0.0
2012-08-30 00:00:00-04:00,63.23786135563718,63.35130526983061,62.91455377321087,62.92022705078125,3523200,0.0,0.0
2012-08-31 00:00:00-04:00,63.339977864260796,64.06600182482616,63.339977864260796,63.61791229248047,5557000,0.0,0.0
2012-09-04 00:00:00-04:00,63.544171956305306,63.680300365576834,62.89188332373623,63.08473587036133,4632400,0.0,0.0
2012-09-05 00:00:00-04:00,63.3002579360896,63.373997566264336,62.72737803811886,62.82947540283203,4441200,0.0,0.0
2012-09-06 00:00:00-04:00,63.283237560269434,64.3439154160909,63.283237560269434,64.11135864257812,5531500,0.0,0.0
2012-09-07 00:00:00-04:00,64.07733032332627,64.66155242919922,63.94687090119246,64.66155242919922,5057300,0.0,0.0
2012-09-10 00:00:00-04:00,64.77499098005886,64.96784347132522,64.43466789084847,64.63886260986328,5212400,0.0,0.0
2012-09-11 00:00:00-04:00,64.70123304923371,65.08693356940935,64.66152877483805,64.76362609863281,4758800,0.0,0.0
2012-09-12 00:00:00-04:00,64.79202096183296,65.08129325287968,64.67857702936446,64.93382263183594,4420700,0.0,0.0
2012-09-13 00:00:00-04:00,65.07560935797238,66.34615081774956,64.72961301642374,66.11359405517578,7737700,0.0,0.0
2012-09-14 00:00:00-04:00,66.32346081635359,67.05515777137576,66.0682196046344,66.50496673583984,8978300,0.0,0.0
2012-09-17 00:00:00-04:00,66.45960431381748,67.21399022155725,66.30078713901825,66.44258880615234,7409700,0.0,0.0
2012-09-18 00:00:00-04:00,66.35751074801284,66.73186924790058,66.1306272020909,66.3461685180664,5100100,0.0,0.0
2012-09-19 00:00:00-04:00,66.41419855365987,66.46524938243131,65.69952157039275,66.13626861572266,5978000,0.0,0.0
2012-09-20 00:00:00-04:00,65.87534589916825,67.02677411049808,65.51233417719553,66.84526824951172,7286200,0.0,0.0
2012-09-21 00:00:00-04:00,67.23098335569856,67.23098335569856,66.62974587191529,66.81692504882812,10280700,0.0,0.0
2012-09-24 00:00:00-04:00,66.67514791245831,67.20831925657329,66.62409706026222,66.80560302734375,6808800,0.0,0.0
2012-09-25 00:00:00-04:00,67.0324639311901,67.21396983697707,66.09657234645262,66.32345581054688,7565400,0.0,0.0
2012-09-26 00:00:00-04:00,66.26107866262127,66.36317602961071,65.88105125727739,65.96613311767578,5586700,0.0,0.0
2012-09-27 00:00:00-04:00,66.23839015759528,66.5900598292528,66.09091522077848,66.47661590576172,5482200,0.0,0.0
2012-09-28 00:00:00-04:00,66.29509997800109,66.3007732551826,65.88104162004454,66.11359405517578,5626800,0.0,0.0
2012-10-01 00:00:00-04:00,66.31778753927645,67.0721732751647,66.2894298087757,66.50496673583984,4914900,0.0,0.0
2012-10-02 00:00:00-04:00,66.73187450794197,66.97577358173038,66.31781167943828,66.90770721435547,6012400,0.0,0.0
2012-10-03 00:00:00-04:00,66.73184155645113,66.78288806119305,65.82431207680105,65.87535858154297,7362500,0.0,0.0
2012-10-04 00:00:00-04:00,66.15895806530158,66.6297404437499,66.06253401018083,66.44823455810547,5425700,0.0,0.0
2012-10-05 00:00:00-04:00,66.60139672622837,67.07217923428149,66.43123734577836,66.64677429199219,4507900,0.0,0.0
2012-10-08 00:00:00-04:00,66.47093713045308,66.85663775842796,66.33480444238485,66.71483612060547,3434900,0.0,0.0
2012-10-09 00:00:00-04:00,66.65813363989281,67.14593177853057,66.56170953346171,66.5673828125,5983500,0.0,0.0
2012-10-10 00:00:00-04:00,65.02458240902486,65.25713925704278,63.5328301929495,63.78239822387695,15959000,0.0,0.0
2012-10-11 00:00:00-04:00,64.30419386775142,64.7863184628205,64.12835693359375,64.12835693359375,7279900,0.0,0.0
2012-10-12 00:00:00-04:00,64.13970558556765,64.25881841925366,63.30591142232393,63.56682586669922,5915800,0.0,0.0
2012-10-15 00:00:00-04:00,63.61789063648217,64.11703085759882,63.01664873275777,63.992244720458984,5775100,0.0,0.0
2012-10-16 00:00:00-04:00,64.36659347647209,64.8940956777891,64.2758383621869,64.71258544921875,4793300,0.0,0.0
2012-10-17 00:00:00-04:00,64.86574708460941,65.43295368428075,64.86574708460941,65.33085632324219,5218200,0.0,0.0
2012-10-18 00:00:00-04:00,64.97351549799144,65.24577223314087,64.8714181404497,65.03023529052734,6166900,0.0,0.0
2012-10-19 00:00:00-04:00,65.17204730964772,65.22309383282276,64.15674685010173,64.30989074707031,7160000,0.0,0.0
2012-10-22 00:00:00-04:00,64.44032864871188,64.49137515482663,63.37398202237544,63.94685745239258,4811900,0.0,0.0
2012-10-23 00:00:00-04:00,63.28890694515924,63.28890694515924,61.88223281803112,62.04104995727539,8011000,0.0,0.0
2012-10-24 00:00:00-04:00,62.063746714615725,62.670657618980314,61.84253648117537,62.22823715209961,5087900,0.0,0.0
2012-10-25 00:00:00-04:00,62.750049983508205,62.942902432856656,62.19419006835485,62.93722915649414,4888600,0.0,0.0
2012-10-26 00:00:00-04:00,62.772746616342566,63.35129970934102,62.72170010501812,63.0620231628418,4777600,0.0,0.0
2012-10-31 00:00:00-04:00,63.48743103568784,63.493104313025555,61.96731726738115,62.52885055541992,5958500,0.0,0.0
2012-11-01 00:00:00-04:00,62.404069182223964,63.351307507566,62.330333880975836,63.220848083496094,6480500,0.0,0.0
2012-11-02 00:00:00-04:00,62.78977751010026,63.07905412750215,61.01442216622227,61.46818923950195,8375300,0.0,0.0
2012-11-05 00:00:00-05:00,61.1108401912413,62.01836992019004,61.1108401912413,61.933292388916016,4058300,0.0,0.0
2012-11-06 00:00:00-05:00,62.19421143159169,62.78410688010284,61.96732790101919,62.596927642822266,5379400,0.0,0.0
2012-11-07 00:00:00-05:00,61.961669234670254,61.99570458512065,60.56634103464802,60.980403900146484,7627300,0.0,0.0
2012-11-08 00:00:00-05:00,60.82157616909834,61.07114417371455,60.050174713134766,60.050174713134766,6208900,0.0,0.0
2012-11-09 00:00:00-05:00,59.70417315131214,60.515278833374985,59.602075781281734,60.03314971923828,5835100,0.0,0.0
2012-11-12 00:00:00-05:00,60.379132038892514,60.418836322007984,59.83461430154797,60.08418655395508,4001800,0.0,0.0
2012-11-13 00:00:00-05:00,59.76655071341361,60.379130447125426,59.67012231915334,59.71549987792969,4834200,0.0,0.0
2012-11-14 00:00:00-05:00,60.064489820587056,60.075934209996014,58.47978233839044,58.63996887207031,8609400,0.9,0.0
2012-11-15 00:00:00-05:00,58.348182075456336,59.1948877049436,57.58729624877533,58.13650894165039,9774300,0.0,0.0
2012-11-16 00:00:00-05:00,58.10218075909358,58.634231242908925,57.78180777606654,58.58274459838867,8242400,0.0,0.0
2012-11-19 00:00:00-05:00,59.30932647231746,59.6983528137207,59.00611559948594,59.6983528137207,6850900,0.0,0.0
2012-11-20 00:00:00-05:00,59.503837684184724,59.56676873244052,58.88024939640158,59.24639129638672,5283800,0.0,0.0
2012-11-21 00:00:00-05:00,59.46951290073972,59.566772759463966,59.16058419810611,59.555328369140625,3656400,0.0,0.0
2012-11-23 00:00:00-05:00,59.99583480831631,60.33909225463867,59.7612728617303,60.33909225463867,2776400,0.0,0.0
2012-11-26 00:00:00-05:00,59.92716631317405,60.06446838378906,59.64111778661952,60.06446838378906,4354100,0.0,0.0
2012-11-27 00:00:00-05:00,60.070204933158664,60.16174257861548,59.04042824554531,59.14340591430664,6612400,0.0,0.0
2012-11-28 00:00:00-05:00,58.91457147104308,60.424907727159365,58.78870938890752,60.40202331542969,7024200,0.0,0.0
2012-11-29 00:00:00-05:00,60.5793684199341,61.03704789758878,60.28759764381037,60.522159576416016,5756200,0.0,0.0
2012-11-30 00:00:00-05:00,60.69949281072785,60.85396145003802,60.224651237668986,60.464935302734375,6676400,0.0,0.0
2012-12-03 00:00:00-05:00,60.64231014500951,60.68235677900561,59.715511003556735,59.875701904296875,5736400,0.0,0.0
2012-12-04 00:00:00-05:00,59.726928548183366,60.12167251593537,59.463764448097436,59.47520446777344,6665100,0.0,0.0
2012-12-05 00:00:00-05:00,59.71548515389011,60.53358406403342,59.49808985841115,60.167442321777344,6430800,0.0,0.0
2012-12-06 00:00:00-05:00,60.35052180531005,60.928341097947666,60.236104131309595,60.89973449707031,7392300,0.0,0.0
2012-12-07 00:00:00-05:00,61.059937067428606,61.21440139344308,60.72239744427797,61.20867919921875,4947300,0.0,0.0
2012-12-10 00:00:00-05:00,61.27162541496378,61.60916512170406,60.911205655170704,61.191532135009766,5512100,0.0,0.0
2012-12-11 00:00:00-05:00,61.38028014278501,61.91805265370002,61.300186921766155,61.63772201538086,5922700,0.0,0.0
2012-12-12 00:00:00-05:00,61.88377350463031,62.46159308950318,61.74647135343759,61.8322868347168,5968200,0.0,0.0
2012-12-13 00:00:00-05:00,62.09543172559643,62.09543172559643,61.477565690972305,61.73501205444336,4909800,0.0,0.0
2012-12-14 00:00:00-05:00,61.56337757264263,62.009612672388876,61.443237689230564,61.68351745605469,5889300,0.0,0.0
2012-12-17 00:00:00-05:00,61.76934474488144,62.26706659087891,61.75218252464096,62.175533294677734,6097100,0.0,0.0
2012-12-18 00:00:00-05:00,62.09541827816874,63.15951920799383,61.96955622080704,62.98788833618164,7102700,0.0,0.0
2012-12-19 00:00:00-05:00,63.19959599443095,63.565737955284696,62.86777847842085,62.87922286987305,7623200,0.0,0.0
2012-12-20 00:00:00-05:00,62.93068358284615,63.31398760803691,62.730450462578936,63.14807891845703,5873900,0.0,0.0
2012-12-21 00:00:00-05:00,62.68467345547245,63.10230622154192,62.1068542141174,62.764766693115234,15611700,0.0,0.0
2012-12-24 00:00:00-05:00,62.53024689507762,62.58173356544202,62.06112720670061,62.14693832397461,2284400,0.0,0.0
2012-12-26 00:00:00-05:00,62.41581692450037,62.51307242164786,61.90665065736802,62.04967498779297,4094300,0.0,0.0
2012-12-27 00:00:00-05:00,62.04965231556721,62.278492033582985,61.36885535477777,62.08397674560547,5525700,0.0,0.0
2012-12-28 00:00:00-05:00,61.60341584996111,61.66062468696134,60.81392342394721,60.89973449707031,5277100,0.0,0.0
2012-12-31 00:00:00-05:00,60.499261762241986,61.918064336826994,60.499261762241986,61.866573333740234,6554000,0.0,0.0
2013-01-02 00:00:00-05:00,63.08517060168876,63.170986074062576,62.2098623859395,63.15382385253906,6144100,0.0,0.0
2013-01-03 00:00:00-05:00,63.010791752313814,63.45702691593915,62.65037205048313,62.88492965698242,6817000,0.0,0.0
2013-01-04 00:00:00-05:00,62.92497266186411,63.28539670766615,62.87348600660979,63.21674346923828,4414500,0.0,0.0
2013-01-07 00:00:00-05:00,62.94212681683367,62.98217344293074,62.467289497326966,62.787662506103516,4861000,0.0,0.0
2013-01-08 00:00:00-05:00,62.633193911485336,62.7533337815594,62.415794214894994,62.50733184814453,6325400,0.0,0.0
2013-01-09 00:00:00-05:00,62.77048480830441,62.976440081651496,62.47299191802358,62.66750717163086,4558600,0.0,0.0
2013-01-10 00:00:00-05:00,63.039409841709634,63.365505164112236,62.982196613589906,63.1995964050293,5276400,0.0,0.0
2013-01-11 00:00:00-05:00,63.61719503040087,64.12064326595834,63.38835968487959,63.92041015625,5456300,0.0,0.0
2013-01-14 00:00:00-05:00,63.72017378645357,64.6183660639346,63.7030115717174,64.5611572265625,6373900,0.0,0.0
2013-01-15 00:00:00-05:00,64.22362969187827,64.91586674559203,64.16069865383565,64.8987045288086,5637600,0.0,0.0
2013-01-16 00:00:00-05:00,64.82432571773263,65.40786724642514,64.74423246708932,65.20191192626953,6148500,0.0,0.0
2013-01-17 00:00:00-05:00,65.63670770825306,66.28317591415887,65.55661009196137,65.64242553710938,6966000,0.0,0.0
2013-01-18 00:00:00-05:00,65.92277948358445,65.92849731445312,65.25342226765557,65.92849731445312,8538000,0.0,0.0
2013-01-22 00:00:00-05:00,65.85411094716012,66.32895268444447,65.52229351401525,66.3117904663086,5398000,0.0,0.0
2013-01-23 00:00:00-05:00,65.99141648623295,66.30607171759294,65.75113669033384,65.79690551757812,5031800,0.0,0.0
2013-01-24 00:00:00-05:00,66.07149490874181,66.57494316581945,65.95135503778137,66.07721710205078,4895800,0.0,0.0
2013-01-25 00:00:00-05:00,66.08867297182601,66.58067696026716,65.87699978093656,66.47769927978516,4745400,0.0,0.0
2013-01-28 00:00:00-05:00,66.68365043753158,66.69509482617248,66.02574212760811,66.38616180419922,4520500,0.0,0.0
2013-01-29 00:00:00-05:00,66.52346091047481,67.16421133801214,66.50629869304389,67.05551147460938,4370100,0.0,0.0
2013-01-30 00:00:00-05:00,66.97542942945302,67.22143143824277,66.51203202221767,66.6207275390625,5168200,0.0,0.0
2013-01-31 00:00:00-05:00,66.48915048169346,66.87817682951264,65.87700653076172,65.87700653076172,7777900,0.0,0.0
2013-02-01 00:00:00-05:00,66.27173626999263,66.75802237238302,65.8197833317264,66.64932250976562,6415900,0.0,0.0
2013-02-04 00:00:00-05:00,65.8026314392742,66.30035767606195,65.38500284239149,65.90560913085938,6397600,0.0,0.0
2013-02-05 00:00:00-05:00,66.21453863070094,66.58068054440118,66.08295869924149,66.25458526611328,5067800,0.0,0.0
2013-02-06 00:00:00-05:00,66.03718188186843,66.3175082958503,65.70536444872356,66.3117904663086,4459800,0.0,0.0
2013-02-07 00:00:00-05:00,66.35754723881966,66.36326943245383,65.40786823902778,65.8026123046875,5423900,0.0,0.0
2013-02-08 00:00:00-05:00,65.75113722026222,66.23741901057414,65.7339750010962,66.1573257446289,4457200,0.0,0.0
2013-02-11 00:00:00-05:00,66.1802101584355,66.2717434489062,65.7969060478754,66.1573257446289,3766300,0.0,0.0
2013-02-12 00:00:00-05:00,66.20308740076493,66.84383345891766,66.08294751486129,66.64932250976562,4530600,0.0,0.0
2013-02-13 00:00:00-05:00,66.5513163921343,66.78770013657324,66.25151165312306,66.60897064208984,4111000,0.9,0.0
2013-02-14 00:00:00-05:00,66.3956375200923,67.02984295286296,66.34374562536148,66.71273803710938,5226400,0.0,0.0
2013-02-15 00:00:00-05:00,66.59168802147221,66.7069965442652,65.74415674285537,66.28034973144531,6353200,0.0,0.0
2013-02-19 00:00:00-05:00,66.412929018646,67.0298385791652,66.412929018646,66.83380889892578,5023300,0.0,0.0
2013-02-20 00:00:00-05:00,66.839582227903,66.93759487831188,66.21113911905877,66.29762268066406,5447000,0.0,0.0
2013-02-21 00:00:00-05:00,66.18231419768145,66.47635654764477,65.77872570976898,66.29762268066406,4795100,0.0,0.0
2013-02-22 00:00:00-05:00,66.597433893653,67.01255148357889,66.19961213685123,66.85688018798828,5207200,0.0,0.0
2013-02-25 00:00:00-05:00,67.16822300759009,67.65252396337547,65.43856919623583,65.46163177490234,7522800,0.0,0.0
2013-02-26 00:00:00-05:00,65.99784077148576,66.4014249999994,65.5827230514499,66.28034973144531,6113100,0.0,0.0
2013-02-27 00:00:00-05:00,66.13618144651859,67.42765478223872,66.13618144651859,67.25469207763672,4540600,0.0,0.0
2013-02-28 00:00:00-05:00,67.20856043247443,67.96960769585861,67.08171848878777,67.54296112060547,5953600,0.0,0.0
2013-03-01 00:00:00-05:00,67.30085967451946,67.59489777742594,66.85114580193394,67.39887237548828,5570300,0.0,0.0
2013-03-04 00:00:00-05:00,67.32965517731989,67.92350226901392,66.92607105638326,67.73900604248047,5046700,0.0,0.0
2013-03-05 00:00:00-05:00,68.01573835458474,68.17717196919182,67.84277125394225,67.99267578125,6356000,0.0,0.0
2013-03-06 00:00:00-05:00,68.20601109096474,68.48275321329436,68.05033979825969,68.30402374267578,5362200,0.0,0.0
2013-03-07 00:00:00-05:00,68.39050731923354,68.54617421323329,68.15411920757325,68.35591125488281,4378700,0.0,0.0
2013-03-08 00:00:00-05:00,68.58075930687568,68.67300960465515,68.02727071640781,68.3616714477539,4992000,0.0,0.0
2013-03-11 00:00:00-04:00,68.39624457838423,68.4942615929017,68.09067324757152,68.45390319824219,4528400,0.0,0.0
2013-03-12 00:00:00-04:00,68.54041843123717,68.78257332547385,68.12530518126877,68.17719268798828,4625000,0.0,0.0
2013-03-13 00:00:00-04:00,68.25213730521104,68.43663353443475,68.06764107598734,68.24060821533203,5393300,0.0,0.0
2013-03-14 00:00:00-04:00,68.45391635207488,69.33603886109145,68.37896189135063,69.1861343383789,7476700,0.0,0.0
2013-03-15 00:00:00-04:00,68.9497408064436,69.14000371649992,68.55769029903387,69.00163269042969,10215600,0.0,0.0
2013-03-18 00:00:00-04:00,68.48277819162972,69.12851737715295,68.43665302150556,68.6845703125,4828700,0.0,0.0
2013-03-19 00:00:00-04:00,68.83448135476569,69.07663192246063,68.40783448805479,68.87483978271484,5244200,0.0,0.0
2013-03-20 00:00:00-04:00,69.17462591976341,69.69351856334974,69.10543818120783,69.38794708251953,5945300,0.0,0.0
2013-03-21 00:00:00-04:00,69.18616915117563,69.75695381502614,69.07662297575672,69.38219451904297,6168500,0.0,0.0
2013-03-22 00:00:00-04:00,69.56667326327295,69.99331994023257,69.46289386631122,69.8664779663086,5190700,0.0,0.0
2013-03-25 00:00:00-04:00,70.05097204313826,70.08556370815643,68.93246128769324,69.28992462158203,6345300,0.0,0.0
2013-03-26 00:00:00-04:00,69.61279945417928,69.837654098698,69.37064897527252,69.75117492675781,4256400,0.0,0.0
2013-03-27 00:00:00-04:00,69.47439896698799,69.59547415518182,69.01315638447655,69.29566955566406,4329600,0.0,0.0
2013-03-28 00:00:00-04:00,69.43985906243397,69.60705951323096,68.4712524363007,68.50584411621094,8280100,0.0,0.0
2013-04-01 00:00:00-04:00,68.6038478989749,69.10544918622375,68.4712435440478,68.96131134033203,4322200,0.0,0.0
2013-04-02 00:00:00-04:00,69.09392022316446,69.15734123141199,68.41359376876044,68.609619140625,4813900,0.0,0.0
2013-04-03 00:00:00-04:00,68.71337683795655,68.75373524873588,67.6582870149206,67.90620422363281,7175000,0.0,0.0
2013-04-04 00:00:00-04:00,67.99270082653842,68.4251143386892,67.55452056924574,68.07341766357422,5409700,0.0,0.0
2013-04-05 00:00:00-04:00,67.24893835657409,67.82548961436278,66.97795856161548,67.75630187988281,5029900,0.0,0.0
2013-04-08 00:00:00-04:00,67.71593365700913,67.95808849323679,67.25469535684523,67.92349243164062,4117400,0.0,0.0
2013-04-09 00:00:00-04:00,68.02727938949855,68.5346472944995,67.8197205917685,68.40203857421875,4849700,0.0,0.0
2013-04-10 00:00:00-04:00,68.54615573222448,69.0881151406532,68.32706791117707,68.97856903076172,5452000,0.0,0.0
2013-04-11 00:00:00-04:00,69.16310209183139,69.84919963245035,68.90941808042851,69.73388671875,6092300,0.0,0.0
2013-04-12 00:00:00-04:00,69.45136263514047,69.70504659123135,68.8978739662724,69.15155792236328,6391700,0.0,0.0
2013-04-15 00:00:00-04:00,68.50005360428544,68.55194550488574,67.16822160495052,67.20858001708984,9766800,0.0,0.0
2013-04-16 00:00:00-04:00,67.6525235898066,67.74477390396325,67.00102224133938,67.46226501464844,6511400,0.0,0.0
2013-04-17 00:00:00-04:00,67.1105664318043,67.1105664318043,65.79603028458254,66.19384765625,8291200,0.0,0.0
2013-04-18 00:00:00-04:00,66.2342038412917,66.94913053490377,66.07277020039118,66.6435546875,6451600,0.0,0.0
2013-04-19 00:00:00-04:00,67.08749389176349,67.427656967621,66.78192247820027,66.82228088378906,7573200,0.0,0.0
2013-04-22 00:00:00-04:00,67.10480061462627,67.51415148025006,66.81652498542049,67.20858001708984,5435700,0.0,0.0
2013-04-23 00:00:00-04:00,67.45073255723824,68.08493808118149,66.82229377770221,67.73324584960938,6745200,0.0,0.0
2013-04-24 00:00:00-04:00,68.05611744206412,68.4251099300931,68.02152577091685,68.19448852539062,4559000,0.0,0.0
2013-04-25 00:00:00-04:00,68.64997767942906,69.18617067813413,68.20603501968921,68.32711029052734,5602800,0.0,0.0
2013-04-26 00:00:00-04:00,68.60960698639998,69.42254645788493,68.42511074020118,69.20922088623047,6012200,0.0,0.0
2013-04-29 00:00:00-04:00,69.43981072555628,70.1086076644579,69.20918942296642,69.94717407226562,5158500,0.0,0.0
2013-04-30 00:00:00-04:00,69.79152025972854,70.34500885009766,69.25532750050593,70.34500885009766,6907400,0.0,0.0
2013-05-01 00:00:00-04:00,69.90681887225658,70.09131504302157,69.21495933157182,69.341796875,6082100,0.0,0.0
2013-05-02 00:00:00-04:00,69.7626985125744,70.52951270068218,69.54937297489981,70.36231231689453,5066100,0.0,0.0
2013-05-03 00:00:00-04:00,70.73704976290753,71.44044274801159,70.60444108590619,71.19828796386719,6384300,0.0,0.0
2013-05-06 00:00:00-04:00,71.10031019958136,71.36552328487544,70.74861353460196,71.05995178222656,4668700,0.0,0.0
2013-05-07 00:00:00-04:00,71.1176027884634,71.33092835544817,70.65059763771927,70.93887329101562,4412600,0.0,0.0
2013-05-08 00:00:00-04:00,70.90429461524612,71.26175367565521,70.8293401164598,71.12338256835938,4479800,0.0,0.0
2013-05-09 00:00:00-04:00,71.18101826536694,71.46352715204777,70.89274263442083,71.28479766845703,9237500,0.0,0.0
2013-05-10 00:00:00-04:00,71.13490294934735,71.3251659477892,70.40268468089523,71.04842376708984,10581700,0.0,0.0
2013-05-13 00:00:00-04:00,70.85812924050789,70.97343769803683,70.43724501292948,70.82929992675781,16870100,0.0,0.0
2013-05-14 00:00:00-04:00,70.86968099508435,72.06890869140625,70.86391864947974,72.06890869140625,6965800,0.0,0.0
2013-05-15 00:00:00-04:00,71.91197264576763,71.91197264576763,71.2552129430464,71.4935073852539,7950400,1.0,0.0
2013-05-16 00:00:00-04:00,71.33660195266108,71.70276138182541,71.19711496899487,71.34822845458984,5549800,0.0,0.0
2013-05-17 00:00:00-04:00,71.33657957307146,71.73179626464844,71.063414508189,71.73179626464844,6850200,0.0,0.0
2013-05-20 00:00:00-04:00,71.73764208300759,72.55713321549781,71.59234182799332,72.52226257324219,5298200,0.0,0.0
2013-05-21 00:00:00-04:00,72.55710199724359,73.34753539916802,72.50479605636521,73.19642639160156,6699300,0.0,0.0
2013-05-22 00:00:00-04:00,73.17901492642085,73.80089977560992,72.41763865434365,72.60943603515625,9350100,0.0,0.0
2013-05-23 00:00:00-04:00,72.19094566733996,73.13249249224502,72.19094566733996,72.88257598876953,8096100,0.0,0.0
2013-05-24 00:00:00-04:00,72.35950495475821,72.97557642940156,72.26070187565702,72.9116439819336,5593200,0.0,0.0
2013-05-28 00:00:00-04:00,73.45796023985996,74.04497422137493,73.14992456105013,73.48120880126953,6598500,0.0,0.0
2013-05-29 00:00:00-04:00,73.2719959565609,73.6555906720242,72.53968159426519,72.93489837646484,6422400,0.0,0.0
2013-05-30 00:00:00-04:00,72.7837501821311,73.21383736737536,72.36528505737085,72.71400451660156,4353400,0.0,0.0
2013-05-31 00:00:00-04:00,72.44086877594356,72.82446343987675,71.34239959716797,71.34239959716797,7905000,0.0,0.0
2013-06-03 00:00:00-04:00,71.10993504259619,72.13866320287023,71.10993504259619,72.12122344970703,7256900,0.0,0.0
2013-06-04 00:00:00-04:00,71.38308688813349,71.86548464884595,70.98787014013699,71.4644546508789,7675500,0.0,0.0
2013-06-05 00:00:00-04:00,71.1041160652529,71.5458299913766,70.50547984698851,70.6565933227539,7745600,0.0,0.0
2013-06-06 00:00:00-04:00,70.48222235505148,70.61008724649382,68.9652922757147,70.08700561523438,10141500,0.0,0.0
2013-06-07 00:00:00-04:00,70.45319606799346,70.88909688072148,69.82549783345416,70.73217010498047,6089800,0.0,0.0
2013-06-10 00:00:00-04:00,71.45283347576097,71.47608204172236,70.79026486559812,71.30753326416016,5585600,0.0,0.0
2013-06-11 00:00:00-04:00,70.83092251545594,71.34819072244922,70.47638977571326,70.5868148803711,4548000,0.0,0.0
2013-06-12 00:00:00-04:00,71.09246713712803,71.33076154480734,69.5174138234002,69.72664642333984,5489200,0.0,0.0
2013-06-13 00:00:00-04:00,69.68597063390428,70.80768825590846,69.63366026074874,70.7088851928711,4656700,0.0,0.0
2013-06-14 00:00:00-04:00,70.4008572985764,70.72051953946274,69.80222113310798,69.9068374633789,4415300,0.0,0.0
2013-06-17 00:00:00-04:00,70.0056512003947,70.77864951205683,69.90684810515671,70.45317840576172,4046900,0.0,0.0
2013-06-18 00:00:00-04:00,70.34272295745265,70.74375287619466,70.24391989852509,70.62751007080078,4544800,0.0,0.0
2013-06-19 00:00:00-04:00,70.79025361081682,71.12734667813702,69.98238491749437,70.0346908569336,4634300,0.0,0.0
2013-06-20 00:00:00-04:00,69.47675453803883,69.5465002407686,68.33178808160433,68.55264282226562,7624100,0.0,0.0
2013-06-21 00:00:00-04:00,69.30240140890568,69.47676347104334,68.15162598827375,69.12223052978516,10692100,0.0,0.0
2013-06-24 00:00:00-04:00,68.41314235590082,68.5991264256156,67.43091163204554,67.8958740234375,6785700,0.0,0.0
2013-06-25 00:00:00-04:00,68.43638591836542,68.50613160224101,67.95398824853095,68.26202392578125,5983100,0.0,0.0
2013-06-26 00:00:00-04:00,68.77930178668208,68.89554460930916,68.00049482902698,68.66887664794922,4820700,0.0,0.0
2013-06-27 00:00:00-04:00,68.88391704741257,69.4767443481406,68.86648173284001,68.99434661865234,4459400,0.0,0.0
2013-06-28 00:00:00-04:00,69.04084753998222,69.48837023070136,68.66306611138477,68.77930450439453,6504400,0.0,0.0
2013-07-01 00:00:00-04:00,68.78511780252174,69.74991331517887,68.58169839750683,69.20939636230469,5053000,0.0,0.0
2013-07-02 00:00:00-04:00,69.2152012306385,69.93589341617634,68.92460083027298,69.25007629394531,4912000,0.0,0.0
2013-07-03 00:00:00-04:00,69.30238618993559,69.33726125523134,68.93623126090874,69.20939636230469,3034800,0.0,0.0
2013-07-05 00:00:00-04:00,69.56394274471998,70.24394678829732,69.22103188030192,70.04052734375,4386200,0.0,0.0
2013-07-08 00:00:00-04:00,70.49385216064186,71.0866750810634,70.31368131472945,70.46479034423828,4964400,0.0,0.0
2013-07-09 00:00:00-04:00,71.13317525471884,71.91779555484264,70.93556908420045,71.6446304321289,6252900,0.0,0.0
2013-07-10 00:00:00-04:00,71.74924613811815,72.38275739671346,71.31915873283825,71.4295883178711,5549600,0.0,0.0
2013-07-11 00:00:00-04:00,72.03985041010579,72.13284468333875,71.20292412206425,71.93523406982422,7235100,0.0,0.0
2013-07-12 00:00:00-04:00,71.78993363388055,72.1560930409021,71.51095968341849,72.1037826538086,5615000,0.0,0.0
2013-07-15 00:00:00-04:00,72.13284225952279,72.7314784621587,72.10378044156127,72.46412658691406,4062000,0.0,0.0
2013-07-16 00:00:00-04:00,72.48154768419809,72.78958338363029,71.80735709502368,72.13864135742188,4002900,0.0,0.0
2013-07-17 00:00:00-04:00,72.44669328198312,72.65011271073097,72.23746060263933,72.27233123779297,3634600,0.0,0.0
2013-07-18 00:00:00-04:00,72.46412197672586,73.02788750930974,72.44087341067791,72.92327117919922,4324100,0.0,0.0
2013-07-19 00:00:00-04:00,73.10926152748668,73.76020812988281,72.74891537423349,73.76020812988281,5929900,0.0,0.0
2013-07-22 00:00:00-04:00,73.64395670748934,74.1670383418307,73.60908607660339,73.82994079589844,4056100,0.0,0.0
2013-07-23 00:00:00-04:00,73.85320108199122,74.19029868142208,73.63815514424164,73.96363067626953,3763300,0.0,0.0
2013-07-24 00:00:00-04:00,73.95782059410023,74.17867535790798,73.17320020155518,73.44636535644531,4527800,0.0,0.0
2013-07-25 00:00:00-04:00,73.31267964979443,74.29491056935755,73.10926022585822,74.25422668457031,4466400,0.0,0.0
2013-07-26 00:00:00-04:00,73.82992666952676,74.1728373997321,73.2835965743909,74.1379623413086,4829900,0.0,0.0
2013-07-29 00:00:00-04:00,74.0275754143527,74.0275754143527,73.16739595485404,73.33013153076172,4028900,0.0,0.0
2013-07-30 00:00:00-04:00,73.34755792399297,73.78927188641394,72.76054815866432,73.10345458984375,4589500,0.0,0.0
2013-07-31 00:00:00-04:00,73.24292817038378,73.76020099932641,72.91745711775516,73.16737365722656,5394300,0.0,0.0
2013-08-01 00:00:00-04:00,73.51608740855657,73.61489491382805,73.02206761903989,73.48703002929688,5757100,0.0,0.0
2013-08-02 00:00:00-04:00,72.57458577140711,72.7082595464387,71.66210018634355,72.62107849121094,7472700,0.0,0.0
2013-08-05 00:00:00-04:00,72.48735833302574,72.50479364607226,71.9294061444878,72.06307983398438,3733700,0.0,0.0
2013-08-06 00:00:00-04:00,72.05148201708538,72.16191161582204,71.49352964078301,71.56908416748047,4677700,0.0,0.0
2013-08-07 00:00:00-04:00,71.50515758143786,72.02242611135435,71.3714838359781,71.67951965332031,3898500,0.0,0.0
2013-08-08 00:00:00-04:00,71.99916025018983,72.19095759636153,70.85419829170415,71.52838897705078,5639200,0.0,0.0
2013-08-09 00:00:00-04:00,71.5574515375228,71.5574515375228,70.72052087949693,71.19710540771484,5739400,0.0,0.0
2013-08-12 00:00:00-04:00,70.90650634498769,70.94719022863687,70.2729995232774,70.79026794433594,6014800,0.0,0.0
2013-08-13 00:00:00-04:00,70.86582109461472,71.62138398691147,70.55778534803872,71.19710540771484,4461000,0.0,0.0
2013-08-14 00:00:00-04:00,71.3482065117306,71.46444489000191,70.6391408753298,70.93555450439453,6884900,0.0,0.0
2013-08-15 00:00:00-04:00,70.71874748871868,70.90626801869477,70.32026580366423,70.46676635742188,4247800,1.0,0.0
2013-08-16 00:00:00-04:00,70.25581549847789,70.4316179770881,69.76357571171769,70.24995422363281,5652500,0.0,0.0
2013-08-19 00:00:00-04:00,70.13858504319816,70.32024424349149,69.45295926398516,69.53500366210938,4308900,0.0,0.0
2013-08-20 00:00:00-04:00,69.49400477985277,69.91007031228291,69.31820678710938,69.31820678710938,4490700,0.0,0.0
2013-08-21 00:00:00-04:00,69.37093189134431,69.44125375781721,68.69117173213915,68.97245025634766,5648600,0.0,0.0
2013-08-22 00:00:00-04:00,69.11310689348755,69.8456097070243,68.81424449372871,69.31820678710938,4028600,0.0,0.0
2013-08-23 00:00:00-04:00,69.55258312831752,70.16202578265103,69.21856214641596,70.0448226928711,4675900,0.0,0.0
2013-08-26 00:00:00-04:00,70.16792889285007,70.27340950784586,69.45300522130565,69.6405258178711,3783400,0.0,0.0
2013-08-27 00:00:00-04:00,69.28891889182074,70.12690245872476,69.18929956204555,69.62294006347656,5185600,0.0,0.0
2013-08-28 00:00:00-04:00,70.00380877059645,71.7032157169209,70.00380877059645,71.38091278076172,7615400,0.0,0.0
2013-08-29 00:00:00-04:00,70.99415213022579,71.23441065563017,70.35540754498976,70.53707122802734,5488800,0.0,0.0
2013-08-30 00:00:00-04:00,70.62498842212362,70.835949587459,70.36128920087556,70.57225036621094,4696100,0.0,0.0
2013-09-03 00:00:00-04:00,71.10551600157477,71.18756043567191,70.3202750758984,70.642578125,4154300,0.0,0.0
2013-09-04 00:00:00-04:00,70.52535640781116,71.06447730172088,70.28509785609027,70.82421875,3671200,0.0,0.0
2013-09-05 00:00:00-04:00,70.95316668957177,71.29890593532271,70.85354736155979,71.12310791015625,3337300,0.0,0.0
2013-09-06 00:00:00-04:00,71.2168479210896,71.9317713331777,69.74012431791706,71.02932739257812,5690200,0.0,0.0
2013-09-09 00:00:00-04:00,71.02929916536475,71.76766290894453,71.02929916536475,71.62116241455078,4482000,0.0,0.0
2013-09-10 00:00:00-04:00,71.97277987114039,72.08412170410156,71.0293161045783,72.08412170410156,6000800,0.0,0.0
2013-09-11 00:00:00-04:00,72.10757442735257,72.66427474390858,71.95521259944084,72.61739349365234,4995800,0.0,0.0
2013-09-12 00:00:00-04:00,72.6935702315005,73.02759128614207,72.4533071982599,72.59980773925781,4529700,0.0,0.0
2013-09-13 00:00:00-04:00,72.65254935281514,73.15065029182796,72.55292558833926,72.74630737304688,3094000,0.0,0.0
2013-09-16 00:00:00-04:00,73.23856166072571,73.36162159418501,72.65255942281921,72.7111587524414,4277800,0.0,0.0
2013-09-17 00:00:00-04:00,72.72286324345485,73.36160788827635,72.71114516805658,72.8635025024414,5458200,0.0,0.0
2013-09-18 00:00:00-04:00,72.87525675886715,74.08828151369764,72.5588149353231,73.73081970214844,6296900,0.0,0.0
2013-09-19 00:00:00-04:00,73.75422987276774,73.90659168136426,73.3967682088537,73.50811004638672,4440800,0.0,0.0
2013-09-20 00:00:00-04:00,73.63704454020265,73.97106564232307,73.0979190748576,73.20339965820312,10264700,0.0,0.0
2013-09-23 00:00:00-04:00,73.02759428321754,73.6135964712589,72.99829238547872,73.55499267578125,5450600,0.0,0.0
2013-09-24 00:00:00-04:00,73.44950933311246,73.74251041608325,72.90453161079485,72.95140838623047,6097900,0.0,0.0
2013-09-25 00:00:00-04:00,73.11546847659751,73.26783025031615,72.70526885986328,72.70526885986328,4498900,0.0,0.0
2013-09-26 00:00:00-04:00,72.72286388081955,72.92210693106804,72.08998050357113,72.36540222167969,5022600,0.0,0.0
2013-09-27 00:00:00-04:00,72.21305319372753,72.23063254442216,71.79113089368843,71.8673095703125,4518800,0.0,0.0
2013-09-30 00:00:00-04:00,71.25787912126354,71.50399901541985,70.61327748239776,71.19927978515625,6421800,0.0,0.0
2013-10-01 00:00:00-04:00,71.06447099554983,71.33989269127922,70.81248991975923,71.0937728881836,4702300,0.0,0.0
2013-10-02 00:00:00-04:00,70.92970818224913,71.01174813415219,70.17962606722566,70.80664825439453,5899800,0.0,0.0
2013-10-03 00:00:00-04:00,70.68355738221526,70.70699799690301,69.10721069347481,69.29473114013672,10203700,0.0,0.0
2013-10-04 00:00:00-04:00,69.4412792685908,69.46471989935986,68.86699499185677,69.22445678710938,6538500,0.0,0.0
2013-10-07 00:00:00-04:00,68.81424771581834,69.44126997473114,68.6853264992646,69.07209014892578,5677400,0.0,0.0
2013-10-08 00:00:00-04:00,69.08378998464237,69.20098862101072,68.39230730004974,68.4040298461914,6744200,0.0,0.0
2013-10-09 00:00:00-04:00,68.29854584715474,68.44504637066143,67.57776130433172,68.05242156982422,8861700,0.0,0.0
2013-10-10 00:00:00-04:00,67.53086407348358,68.19890594482422,67.06206519177162,68.19890594482422,11133000,0.0,0.0
2013-10-11 00:00:00-04:00,68.31026310044318,68.97830512193326,67.93522212244316,68.95486450195312,6535800,0.0,0.0
2013-10-14 00:00:00-04:00,68.75565624805184,69.5877785053876,68.16379262745417,69.4881591796875,4789800,0.0,0.0
2013-10-15 00:00:00-04:00,69.47644182119691,69.77530429147481,69.01349939730557,69.2361831665039,6414700,0.0,0.0
2013-10-16 00:00:00-04:00,69.98038317418106,70.15618562634434,69.34749971140373,69.8280258178711,5614200,0.0,0.0
2013-10-17 00:00:00-04:00,69.79284352892748,70.09170582741093,69.5408624676259,70.0389633178711,5254800,0.0,0.0
2013-10-18 00:00:00-04:00,70.09172508541786,70.23236436476392,69.81044205588366,70.11516571044922,6231100,0.0,0.0
2013-10-21 00:00:00-04:00,70.10344086730069,70.4316051361534,69.9159203440314,70.21478271484375,4360700,0.0,0.0
2013-10-22 00:00:00-04:00,70.40230377135036,70.7832060945504,70.15032264715728,70.69530487060547,6444900,0.0,0.0
2013-10-23 00:00:00-04:00,70.49020873076185,70.69530861694084,70.2265050449527,70.39644622802734,4961900,0.0,0.0
2013-10-24 00:00:00-04:00,70.71286756674343,70.90624931970808,70.26750921977386,70.64840698242188,4188100,0.0,0.0
2013-10-25 00:00:00-04:00,70.66600036621094,71.03518459899587,70.47847984843702,70.66600036621094,4273300,0.0,0.0
2013-10-28 00:00:00-04:00,70.64844174381447,70.99418545446034,70.37301992453126,70.85354614257812,5497700,0.0,0.0
2013-10-29 00:00:00-04:00,71.09966046668957,71.49814221139906,71.00004114822289,71.19927978515625,4241700,0.0,0.0
2013-10-30 00:00:00-04:00,71.22272009150767,71.46883998455036,70.26753795183663,70.49607849121094,4999100,0.0,0.0
2013-10-31 00:00:00-04:00,70.40817872304359,71.09966163045051,70.22065816192524,70.29683685302734,7752500,0.0,0.0
2013-11-01 00:00:00-04:00,69.75771065015844,69.99211245196693,68.56226548469347,69.15412902832031,9344200,0.0,0.0
2013-11-04 00:00:00-05:00,69.4939879259638,69.49984919888645,68.74976721507173,69.20684814453125,6670300,0.0,0.0
2013-11-05 00:00:00-05:00,68.91387097502606,69.67567576871993,68.60329046510009,69.41197204589844,6623300,0.0,0.0
2013-11-06 00:00:00-05:00,69.91004723972709,71.14651193857152,69.62876428499074,70.98828887939453,8373200,0.0,0.0
2013-11-07 00:00:00-05:00,71.25787311666983,71.42195303228105,69.98038802547077,70.26753234863281,10131200,0.0,0.0
2013-11-08 00:00:00-05:00,70.12689032116182,71.02933435015905,70.0741522630593,71.01761627197266,11331000,0.0,0.0
2013-11-11 00:00:00-05:00,71.0117472143779,71.19926774070494,70.7363254633384,70.9531478881836,3427600,0.0,0.0
2013-11-12 00:00:00-05:00,70.92385599255601,71.05277721087138,70.10345189760216,70.32027435302734,6914200,0.0,0.0
2013-11-13 00:00:00-05:00,70.07414319968775,70.408164270329,69.8456027024512,70.37300109863281,6212000,0.0,0.0
2013-11-14 00:00:00-05:00,70.66255492935574,70.86937702355267,70.50891372721651,70.6507339477539,5470900,1.0,0.0
2013-11-15 00:00:00-05:00,70.78071699461407,71.07026784180802,70.39661635579142,70.94617462158203,6008000,0.0,0.0
2013-11-18 00:00:00-05:00,71.33028512780643,71.43665140391167,70.95209492573959,71.24164581298828,4788700,0.0,0.0
2013-11-19 00:00:00-05:00,71.23577644506128,72.31716221482564,71.0703142017782,72.12806701660156,5891800,0.0,0.0
2013-11-20 00:00:00-05:00,72.1871477949078,72.53579016200831,71.85622788610492,72.09259796142578,4571300,0.0,0.0
2013-11-21 00:00:00-05:00,72.30531570290364,73.03805872810429,72.30531570290364,72.95532989501953,4884300,0.0,0.0
2013-11-22 00:00:00-05:00,73.00260150207717,73.38670221454134,72.34076635893298,73.29215240478516,3887400,0.0,0.0
2013-11-25 00:00:00-05:00,73.13853843123165,73.33354410512348,72.81353348313002,73.12081146240234,3925300,0.0,0.0
2013-11-26 00:00:00-05:00,72.92580455226486,73.09716824303902,72.47670184096609,72.55352020263672,4597500,0.0,0.0
2013-11-27 00:00:00-05:00,72.45897709540584,72.52988496731169,71.87987059399572,72.34078979492188,3906700,0.0,0.0
2013-11-29 00:00:00-05:00,72.58304435670449,72.8607787777861,72.09257737940646,72.35258483886719,3721000,0.0,0.0
2013-12-02 00:00:00-05:00,72.60669572033366,72.71896800157248,72.1221391401921,72.29350280761719,5384000,0.0,0.0
2013-12-03 00:00:00-05:00,72.2757709416856,72.62441776079586,72.01576795841962,72.39986419677734,5410200,0.0,0.0
2013-12-04 00:00:00-05:00,72.15167828882177,72.58305394826043,71.61394084560254,71.95667266845703,4391800,0.0,0.0
2013-12-05 00:00:00-05:00,71.66120102631247,72.09257662422786,71.33028572383459,71.56074523925781,4706800,0.0,0.0
2013-12-06 00:00:00-05:00,72.12213394429098,72.3053185807864,71.8857639081909,72.26395416259766,4179100,0.0,0.0
2013-12-09 00:00:00-05:00,72.25213503180383,73.20352118289689,72.18713766588537,72.8844223022461,7706500,0.0,0.0
2013-12-10 00:00:00-05:00,73.1503504628119,73.23898980449415,72.50624212107941,73.07353210449219,5602700,0.0,0.0
2013-12-11 00:00:00-05:00,73.16809123943244,73.20945567224018,71.97442867241979,72.15170288085938,7309900,0.0,0.0
2013-12-12 00:00:00-05:00,71.96258767328929,72.15168281473323,71.24757152881742,71.49575805664062,7221200,0.0,0.0
2013-12-13 00:00:00-05:00,71.17074528446008,71.58438945162524,70.54436403483149,70.85164642333984,5268100,0.0,0.0
2013-12-16 00:00:00-05:00,71.1825382450282,71.3243584114431,70.79843764045525,71.04071807861328,7304500,0.0,0.0
2013-12-17 00:00:00-05:00,70.9816368000657,71.04663865815118,69.87660972099508,70.1661605834961,6824000,0.0,0.0
2013-12-18 00:00:00-05:00,70.51482356777045,71.95667223143573,70.44391120396389,71.85621643066406,8206400,0.0,0.0
2013-12-19 00:00:00-05:00,71.83849862702225,72.91988864394817,71.53712667789547,72.81352233886719,6540600,0.0,0.0
2013-12-20 00:00:00-05:00,72.57715766200869,73.15035365372206,72.32897110117952,72.55352020263672,9455200,0.0,0.0
2013-12-23 00:00:00-05:00,72.92577848347717,73.03214025005332,72.46485495306659,72.56531524658203,4062400,0.0,0.0
2013-12-24 00:00:00-05:00,72.54762274325745,73.00854652123543,72.50625830902182,72.98490905761719,1587800,0.0,0.0
2013-12-26 00:00:00-05:00,73.03805102979936,73.85943329198271,73.00850759731631,73.75306701660156,3415200,0.0,0.0
2013-12-27 00:00:00-05:00,73.86535224766783,74.24945298103236,73.68216761677627,74.00126647949219,3455300,0.0,0.0
2013-12-30 00:00:00-05:00,73.74126999901692,73.98945653758626,73.21534897321733,73.41035461425781,4688500,0.0,0.0
2013-12-31 00:00:00-05:00,73.67628054918494,73.96583155970163,73.23308829480061,73.81219482421875,3475600,0.0,0.0
2014-01-02 00:00:00-05:00,73.54627290598431,73.79445947339944,73.10308067486393,73.357177734375,4540300,0.0,0.0
2014-01-03 00:00:00-05:00,73.62897764355768,73.80034579112959,73.1916960477711,73.48124694824219,3506000,0.0,0.0
2014-01-06 00:00:00-05:00,73.62308075000097,73.74717852436125,72.99079343761615,73.2862548828125,4252300,0.0,0.0
2014-01-07 00:00:00-05:00,73.5226146663101,74.05444609502011,73.0676060879813,73.9067153930664,4563300,0.0,0.0
2014-01-08 00:00:00-05:00,73.53441268752721,73.54622915630543,72.5357520114491,72.85485076904297,8282500,0.0,0.0
2014-01-09 00:00:00-05:00,72.93166908705597,72.93166908705597,72.10437651274394,72.85485076904297,5643500,0.0,0.0
2014-01-10 00:00:00-05:00,72.3880806742415,72.5889923667817,71.1294160781898,71.50760650634766,8127500,0.0,0.0
2014-01-13 00:00:00-05:00,71.38940587715955,71.44259129128852,70.32574718681153,70.46756744384766,6504200,0.0,0.0
2014-01-14 00:00:00-05:00,70.55619854210934,70.76302066534166,70.20164568679908,70.65665435791016,6904600,0.0,0.0
2014-01-15 00:00:00-05:00,70.7275575244618,70.95210658496846,70.34936726024873,70.42618560791016,5829300,0.0,0.0
2014-01-16 00:00:00-05:00,70.38481802116178,70.49118430995894,69.84117010436889,70.2193603515625,5041100,0.0,0.0
2014-01-17 00:00:00-05:00,70.33752400607702,71.13526870115783,70.16615589243442,70.49116516113281,7199700,0.0,0.0
2014-01-21 00:00:00-05:00,71.34800787264209,71.43664718222192,70.62117545252899,71.12345886230469,5602300,0.0,0.0
2014-01-22 00:00:00-05:00,71.21213087830401,71.3598616259929,70.89303192228982,71.16485595703125,4977500,0.0,0.0
2014-01-23 00:00:00-05:00,70.81617140492855,70.82208189404201,69.88251700220239,69.95933532714844,6205800,0.0,0.0
2014-01-24 00:00:00-05:00,69.65207343104407,69.81162060649828,68.70068734363275,68.71841430664062,7094900,0.0,0.0
2014-01-27 00:00:00-05:00,68.70069927691605,69.28571169970893,68.47614568412264,68.80115509033203,6179500,0.0,0.0
2014-01-28 00:00:00-05:00,68.97253389719403,69.15571858614656,68.58843304208746,69.04344177246094,4303700,0.0,0.0
2014-01-29 00:00:00-05:00,68.62974875984445,69.07294069923128,68.37565186759407,68.5470199584961,5522100,0.0,0.0
2014-01-30 00:00:00-05:00,68.7302289329352,69.11432965186015,68.06248779673683,68.81295776367188,5538700,0.0,0.0
2014-01-31 00:00:00-05:00,67.30611140234964,67.30611140234964,65.65743616163444,65.96471405029297,15523500,0.0,0.0
2014-02-03 00:00:00-05:00,66.39019478055532,66.45519666792876,65.32062564749434,65.67517852783203,11275300,0.0,0.0
2014-02-04 00:00:00-05:00,66.10063132941723,66.20699762430984,65.2910653900467,65.49198150634766,9717200,0.0,0.0
2014-02-05 00:00:00-05:00,65.5924482088303,65.5924482088303,64.57014950981436,64.71788024902344,10562900,0.0,0.0
2014-02-06 00:00:00-05:00,65.06652302968219,65.79926618754692,64.94834024913062,65.75199127197266,7983300,0.0,0.0
2014-02-07 00:00:00-05:00,66.13016942717454,66.25426266800453,65.23196429109603,66.21289825439453,7071800,0.0,0.0
2014-02-10 00:00:00-05:00,66.46109458413606,66.46109458413606,65.63971217189588,66.00017547607422,9251300,0.0,0.0
2014-02-11 00:00:00-05:00,66.20110999099178,67.28841077068809,66.15383506396472,67.1170425415039,6874700,0.0,0.0
2014-02-12 00:00:00-05:00,67.30183162790769,67.30183162790769,66.6579650162994,66.78912353515625,6422100,1.0,0.0
2014-02-13 00:00:00-05:00,66.61027361412341,67.21240382470063,66.28237732247868,67.07528686523438,5061600,0.0,0.0
2014-02-14 00:00:00-05:00,67.11701659869642,67.86223128499809,66.52680329227628,67.65357208251953,6776400,0.0,0.0
2014-02-18 00:00:00-05:00,67.88011748195196,68.02916042310353,67.12893978498768,67.19451904296875,6106600,0.0,0.0
2014-02-19 00:00:00-05:00,67.09912016088614,68.58954926665058,67.0514253378788,67.72509765625,7989900,0.0,0.0
2014-02-20 00:00:00-05:00,67.67147152448041,68.75650416658225,67.42703886988431,68.32129669189453,8406900,0.0,0.0
2014-02-21 00:00:00-05:00,68.39282670815268,68.40474814233534,67.12894090859757,67.1766357421875,9221100,0.0,0.0
2014-02-24 00:00:00-05:00,67.58797304461595,68.55973107370475,67.39719832269581,68.05298614501953,7337900,0.0,0.0
2014-02-25 00:00:00-05:00,68.18416795969362,68.82207158089378,68.10666271747633,68.5418701171875,5976100,0.0,0.0
2014-02-26 00:00:00-05:00,68.4524400862323,69.07245925143852,68.20204904309983,68.86380004882812,6113800,0.0,0.0
2014-02-27 00:00:00-05:00,68.95324594137472,69.0486310826865,68.29745319547172,68.97113037109375,4922600,0.0,0.0
2014-02-28 00:00:00-05:00,69.07841825727608,69.59708473835234,68.44647314641867,68.75648498535156,6944600,0.0,0.0
2014-03-03 00:00:00-05:00,68.43455723904424,69.26919861715534,68.11858693231774,68.46436309814453,6046200,0.0,0.0
2014-03-04 00:00:00-05:00,69.0903518128682,69.31689546689222,68.71476520393709,68.75053405761719,5611500,0.0,0.0
2014-03-05 00:00:00-05:00,68.60744509778125,68.71475619317957,67.96954151636608,68.21993255615234,6703700,0.0,0.0
2014-03-06 00:00:00-05:00,68.38686559780479,68.64918264133468,68.17224338917666,68.47032928466797,5179600,0.0,0.0
2014-03-07 00:00:00-05:00,68.60147414350651,69.12610357764932,68.3451201425032,68.60743713378906,5055600,0.0,0.0
2014-03-10 00:00:00-04:00,68.82804021079505,69.12016770043134,68.03513508466474,69.060546875,6203000,0.0,0.0
2014-03-11 00:00:00-04:00,69.0963022157974,69.29303997205385,68.10665499227403,68.26762390136719,6274300,0.0,0.0
2014-03-12 00:00:00-04:00,68.04707510419524,69.37057773784159,68.04111211033755,68.94729614257812,6812900,0.0,0.0
2014-03-13 00:00:00-04:00,68.91743262725377,69.0068592724977,68.03510125019817,68.2318344116211,5405100,0.0,0.0
2014-03-14 00:00:00-04:00,68.17819163567299,68.50012487899032,67.77279472354327,68.02318572998047,6280000,0.0,0.0
2014-03-17 00:00:00-04:00,68.11858094643173,68.73263708077879,68.04107571303662,68.60147857666016,5894500,0.0,0.0
2014-03-18 00:00:00-04:00,68.92938002357744,69.4897783809392,68.67898442940566,69.29900360107422,6329600,0.0,0.0
2014-03-19 00:00:00-04:00,69.08437490392512,69.59708292939393,68.35704925118083,68.6789779663086,5569600,0.0,0.0
2014-03-20 00:00:00-04:00,68.47032451096612,69.20361776405917,68.15435421152333,68.86380004882812,5280600,0.0,0.0
2014-03-21 00:00:00-04:00,69.32880876415354,70.3482618433602,68.9055273954838,68.93533325195312,14893600,0.0,0.0
2014-03-24 00:00:00-04:00,69.15591683755699,69.56727676389838,68.94725765333638,69.06649017333984,5386900,0.0,0.0
2014-03-25 00:00:00-04:00,69.29304446567711,69.86536879955062,69.28111848356316,69.80574798583984,5573000,0.0,0.0
2014-03-26 00:00:00-04:00,70.22903471534313,70.5151946112622,69.96671768705937,70.17537689208984,5971600,0.0,0.0
2014-03-27 00:00:00-04:00,70.19921460092502,70.34229452909929,69.65073775256622,70.15151977539062,5224600,0.0,0.0
2014-03-28 00:00:00-04:00,70.42577708874856,70.67617271574929,70.16942301827957,70.6463623046875,5875100,0.0,0.0
2014-03-31 00:00:00-04:00,70.81925059130181,71.31407429036467,70.6403972270721,70.89079284667969,5482700,0.0,0.0
2014-04-01 00:00:00-04:00,71.03384650984589,71.30808489795034,70.84903022231917,70.94441986083984,5391400,0.0,0.0
2014-04-02 00:00:00-04:00,70.65828298109521,71.26638079215508,70.65828298109521,71.15310668945312,4505600,0.0,0.0
2014-04-03 00:00:00-04:00,71.40945809861269,71.41542109022502,70.87886555586276,70.96829223632812,4446400,0.0,0.0
2014-04-04 00:00:00-04:00,71.39156426281235,71.39156426281235,70.70000287668643,70.82520294189453,5301300,0.0,0.0
2014-04-07 00:00:00-04:00,70.53906927377363,70.8371552670787,69.95481872558594,69.95481872558594,5241300,0.0,0.0
2014-04-08 00:00:00-04:00,70.14558598281715,70.5330940682757,69.85942147748092,70.22904968261719,4706100,0.0,0.0
2014-04-09 00:00:00-04:00,70.24690757452643,71.09347023751376,70.10382310169541,71.00404357910156,5376500,0.0,0.0
2014-04-10 00:00:00-04:00,69.87132795091863,70.38403602471149,69.48381994844476,69.5672836303711,8769200,0.0,0.0
2014-04-11 00:00:00-04:00,69.45401107451968,70.18730435155112,69.45401107451968,69.76998138427734,7028800,0.0,0.0
2014-04-14 00:00:00-04:00,70.25287119592542,70.84308445590453,69.95478534485969,70.76557922363281,6817700,0.0,0.0
2014-04-15 00:00:00-04:00,70.7715667220445,71.72544086609072,70.55098147843383,71.719482421875,7681900,0.0,0.0
2014-04-16 00:00:00-04:00,72.07718984700794,72.80452035559671,72.07718984700794,72.63162994384766,7277000,0.0,0.0
2014-04-17 00:00:00-04:00,72.56602391017717,73.83586806126192,72.56602391017717,73.7345199584961,8604900,0.0,0.0
2014-04-21 00:00:00-04:00,73.35895603532826,74.1637872117172,73.35895603532826,74.06839752197266,6351100,0.0,0.0
2014-04-22 00:00:00-04:00,73.84779228291085,74.13395216018563,73.69278636280328,73.92529296875,5849200,0.0,0.0
2014-04-23 00:00:00-04:00,74.03856119850737,74.49761138338206,74.03856119850737,74.3366470336914,5596300,0.0,0.0
2014-04-24 00:00:00-04:00,74.42606993816152,74.47376476392186,74.00875158383087,74.10414123535156,5185300,0.0,0.0
2014-04-25 00:00:00-04:00,74.06241126310717,74.34260813753299,73.67489875380637,73.91932678222656,5776300,0.0,0.0
2014-04-28 00:00:00-04:00,74.08030704885952,75.15341352948732,74.07434405746761,74.95668029785156,7687800,0.0,0.0
2014-04-29 00:00:00-04:00,75.06994392731568,75.87477486146372,74.97455881471124,75.0997543334961,6666800,0.0,0.0
2014-04-30 00:00:00-04:00,74.9745587957137,75.10571730538729,74.70627878544607,74.83147430419922,6123500,0.0,0.0
2014-05-01 00:00:00-04:00,74.91492389737886,74.9745401464662,74.09220419531758,74.48567962646484,6379600,0.0,0.0
2014-05-02 00:00:00-04:00,73.86569249178217,74.99841990676266,73.674917683354,74.35455322265625,5406100,0.0,0.0
2014-05-05 00:00:00-04:00,74.41416591660249,75.02822215954345,74.12800144351554,74.73609924316406,4224400,0.0,0.0
2014-05-06 00:00:00-04:00,74.52147024053868,74.93283021176391,74.235305793506,74.50358581542969,5600000,0.0,0.0
2014-05-07 00:00:00-04:00,75.08782883430528,75.5826524701328,74.90301705040103,75.2547607421875,5436000,0.0,0.0
2014-05-08 00:00:00-04:00,74.93882246826792,75.1951766235042,74.44400313940578,74.57515716552734,5009800,0.0,0.0
2014-05-09 00:00:00-04:00,74.75397460868473,75.15937157650069,74.30684580073019,74.53935241699219,4826100,0.0,0.0
2014-05-12 00:00:00-04:00,74.86126560737351,74.86126560737351,74.30086286301807,74.6645278930664,4914700,0.0,0.0
2014-05-13 00:00:00-04:00,74.86127852703225,75.11166954385692,74.50357642465003,75.02820587158203,4415200,0.0,0.0
2014-05-14 00:00:00-04:00,75.20111460679388,75.58266421581646,74.97457094782112,75.3680419921875,4961400,0.0,0.0
2014-05-15 00:00:00-04:00,75.25982331883993,75.45824051036652,74.28578362817576,74.44210815429688,5939500,1.07,0.0
2014-05-16 00:00:00-04:00,74.5322760706379,74.76676737744124,73.88892730297785,74.06329345703125,6435100,0.0,0.0
2014-05-19 00:00:00-04:00,73.9250259399414,74.2076192973606,73.86490076729525,73.9250259399414,4042300,0.0,0.0
2014-05-20 00:00:00-04:00,73.92499967852075,74.01518969907882,73.49810514095125,73.65443420410156,4044400,0.0,0.0
2014-05-21 00:00:00-04:00,73.9550773938638,74.7727924377195,73.91900321427646,74.65254211425781,4758700,0.0,0.0
2014-05-22 00:00:00-04:00,74.61644026459372,74.80283417173035,74.29175898698134,74.33384704589844,3262700,0.0,0.0
2014-05-23 00:00:00-04:00,74.61646143807071,74.77279052437528,74.15349265860866,74.17754364013672,3808100,0.0,0.0
2014-05-27 00:00:00-04:00,74.41202717319632,74.5503145684124,73.80475256824407,73.8588638305664,4283300,0.0,0.0
2014-05-28 00:00:00-04:00,73.89494778225371,74.14146230668204,73.66646575927734,73.66646575927734,4702900,0.0,0.0
2014-05-29 00:00:00-04:00,73.88892200536463,73.894935896385,73.14336007275872,73.54620361328125,6255000,0.0,0.0
2014-05-30 00:00:00-04:00,73.49810119152744,73.88290764379292,73.35981380972362,73.82879638671875,5174700,0.0,0.0
2014-06-02 00:00:00-04:00,73.9130188454477,73.9791579259467,73.35985979696302,73.48011016845703,3689800,0.0,0.0
2014-06-03 00:00:00-04:00,73.58830535215799,73.8468476670252,73.18546173676775,73.68450927734375,3563800,0.0,0.0
2014-06-04 00:00:00-04:00,73.54621767148817,73.7626719170477,73.35381440735254,73.56425476074219,3285500,0.0,0.0
2014-06-05 00:00:00-04:00,73.67249138386497,74.42406744807195,73.63040330775962,74.26773834228516,4220600,0.0,0.0
2014-06-06 00:00:00-04:00,74.37594931756095,74.9772100382761,74.27974998761927,74.67057037353516,4295400,0.0,0.0
2014-06-09 00:00:00-04:00,74.56234672785136,74.94113934810582,74.48417989467987,74.77880096435547,3657700,0.0,0.0
2014-06-10 00:00:00-04:00,75.14557274386793,75.38006407622287,74.6465252058795,75.36202239990234,5869400,0.0,0.0
2014-06-11 00:00:00-04:00,75.23574323816474,75.44017424387168,74.92910361048638,75.26580810546875,4570900,0.0,0.0
2014-06-12 00:00:00-04:00,75.59650429160197,75.89713461957943,75.41011036892272,75.82498168945312,6815800,0.0,0.0
2014-06-13 00:00:00-04:00,75.72279247017657,76.5164566040039,75.69874148584772,76.5164566040039,5573600,0.0,0.0
2014-06-16 00:00:00-04:00,76.45030898973559,77.44839949779552,76.44429509751222,77.28605651855469,7065300,0.0,0.0
2014-06-17 00:00:00-04:00,76.90122333203477,77.58665538759442,76.7028062545746,77.46039581298828,6720700,0.0,0.0
2014-06-18 00:00:00-04:00,77.53857039928192,78.46450767917189,77.17781037233287,78.33222961425781,7697700,0.0,0.0
2014-06-19 00:00:00-04:00,78.33826194566586,79.36642190255208,78.1097890909777,79.36041259765625,7419900,0.0,0.0
2014-06-20 00:00:00-04:00,79.33635522884272,79.60692073519617,78.69301098815833,79.57084655761719,11348300,0.0,0.0
2014-06-23 00:00:00-04:00,79.67905271896593,80.31037814772215,79.6189229926051,79.95562744140625,11006900,0.0,0.0
2014-06-24 00:00:00-04:00,79.81135015001433,80.2442585962697,79.19205235110935,79.2281265258789,8581100,0.0,0.0
2014-06-25 00:00:00-04:00,78.96957379376154,79.58286224290107,78.77115667273083,78.90343475341797,6714200,0.0,0.0
2014-06-26 00:00:00-04:00,78.89141173701806,78.89742104052813,77.88128910226602,78.717041015625,6111400,0.0,0.0
2014-06-27 00:00:00-04:00,78.60281938824855,78.73509749412536,77.74302087456074,78.38035583496094,8674700,0.0,0.0
2014-06-30 00:00:00-04:00,78.25409617269813,78.54270798714008,77.78511344237059,78.4946060180664,5698900,0.0,0.0
2014-07-01 00:00:00-04:00,78.72909626774184,79.01769890358216,78.44049363190152,78.48858642578125,4000500,0.0,0.0
2014-07-02 00:00:00-04:00,78.4825651188529,78.71705644483652,78.1578883499952,78.30218505859375,5136800,0.0,0.0
2014-07-03 00:00:00-04:00,79.02971735367129,79.11990279968283,78.59680886379331,78.87940216064453,3514000,0.0,0.0
2014-07-07 00:00:00-04:00,78.42845033899118,78.54870064893892,78.17592193574778,78.44648742675781,3660000,0.0,0.0
2014-07-08 00:00:00-04:00,77.98350946282811,78.39237150174954,77.87528694266392,78.103759765625,4687600,0.0,0.0
2014-07-09 00:00:00-04:00,78.326232383833,79.18002145973419,78.157880125177,78.99964141845703,5200800,0.0,0.0
2014-07-10 00:00:00-04:00,78.45251931007255,78.68100138688854,78.10378688870037,78.3142318725586,4404800,0.0,0.0
2014-07-11 00:00:00-04:00,77.64080709314207,78.09776198097505,76.97941656843915,77.24397277832031,5242700,0.0,0.0
2014-07-14 00:00:00-04:00,77.44240401178865,77.8632847974126,77.18987554041428,77.71897888183594,4135800,0.0,0.0
2014-07-15 00:00:00-04:00,77.60474701999826,77.8632847974126,77.32816297543793,77.71897888183594,4845000,0.0,0.0
2014-07-16 00:00:00-04:00,78.09775205558115,78.72907762628802,77.97750175032989,78.69901275634766,4491800,0.0,0.0
2014-07-17 00:00:00-04:00,78.54870253156774,79.06578713379581,78.09174767300999,78.21199798583984,4953600,0.0,0.0
2014-07-18 00:00:00-04:00,78.54870691668944,78.60281818430711,77.91137196605115,78.39839172363281,4339400,0.0,0.0
2014-07-21 00:00:00-04:00,78.23002336906272,78.9695713980985,78.16989363438917,78.93950653076172,3714000,0.0,0.0
2014-07-22 00:00:00-04:00,79.09585867608902,80.08793530873943,79.09585867608902,79.71515655517578,4391700,0.0,0.0
2014-07-23 00:00:00-04:00,79.78728048117901,80.52682845676856,79.6550024140643,80.49677276611328,4589500,0.0,0.0
2014-07-24 00:00:00-04:00,80.58697886327951,81.23033227972147,80.38255240692848,81.08001708984375,5337900,0.0,0.0
2014-07-25 00:00:00-04:00,80.91768733880998,80.9357244305819,80.0037682661453,80.31041717529297,3702000,0.0,0.0
2014-07-28 00:00:00-04:00,80.3043982143049,80.44870412212893,79.9015545429561,80.11199951171875,4625000,0.0,0.0
2014-07-29 00:00:00-04:00,79.90756014729847,80.4005984286416,79.61895751953125,79.61895751953125,4189100,0.0,0.0
2014-07-30 00:00:00-04:00,79.94963766331631,80.38254611021341,79.06578368211059,79.6850814819336,4601800,0.0,0.0
2014-07-31 00:00:00-04:00,79.20406526013542,79.3483711233397,77.62275594129603,77.7069320678711,7973700,0.0,0.0
2014-08-01 00:00:00-04:00,76.81708422752159,77.53859996932191,75.97531815571593,76.90126037597656,7377800,0.0,0.0
2014-08-04 00:00:00-04:00,76.7749808048042,77.17782437576925,75.77688583372114,77.06358337402344,7360000,0.0,0.0
2014-08-05 00:00:00-04:00,76.84714499441338,76.84714499441338,74.9050750879357,75.13355255126953,8066700,0.0,0.0
2014-08-06 00:00:00-04:00,75.0974719246301,76.34208154886494,75.03734676441336,75.59651947021484,5134900,0.0,0.0
2014-08-07 00:00:00-04:00,75.8731051638702,76.19778656065056,75.05539007285066,75.54842376708984,4650700,0.0,0.0
2014-08-08 00:00:00-04:00,75.80093248641718,76.93731478578188,75.7047331645859,76.87718963623047,4730700,0.0,0.0
2014-08-11 00:00:00-04:00,77.05757262771806,77.36421227836802,76.68478934659323,76.78700256347656,3466500,0.0,0.0
2014-08-12 00:00:00-04:00,76.4442952205892,76.52847136282897,75.91518738547411,76.41423034667969,4944100,0.0,0.0
2014-08-13 00:00:00-04:00,76.74492958399588,77.10568974056487,76.28196077770774,76.72087860107422,3518200,0.0,0.0
2014-08-14 00:00:00-04:00,76.7689756902852,76.78099888735431,76.0775248837926,76.33606719970703,4524000,0.0,0.0
2014-08-15 00:00:00-04:00,76.65744037917204,76.88179937218783,76.20872701938526,76.4634017944336,5754300,1.07,0.0
2014-08-18 00:00:00-04:00,76.56648362922505,76.76052221357992,76.17840646051529,76.58467864990234,4630000,0.0,0.0
2014-08-19 00:00:00-04:00,76.83935606441739,77.43359722543845,76.73627407492832,77.39115142822266,3887800,0.0,0.0
2014-08-20 00:00:00-04:00,77.16074659991051,77.3729756260167,76.87575135360542,77.3062744140625,3230300,0.0,0.0
2014-08-21 00:00:00-04:00,77.42148914252554,77.72467017165816,77.11830348714696,77.57308197021484,2668100,0.0,0.0
2014-08-22 00:00:00-04:00,77.02124512526281,77.3123052511674,76.68774383914129,77.07582092285156,3236900,0.0,0.0
2014-08-25 00:00:00-04:00,77.35474500724993,77.65793512064666,77.23953304173378,77.51846313476562,2645700,0.0,0.0
2014-08-26 00:00:00-04:00,77.6518930960628,78.04603992098103,77.57913151407364,77.76710510253906,2832400,0.0,0.0
2014-08-27 00:00:00-04:00,77.86410780752729,78.11272215561165,77.73070543794485,78.00357055664062,2767000,0.0,0.0
2014-08-28 00:00:00-04:00,77.78529441633523,78.16124158803808,77.7671040210909,78.0702896118164,2409000,0.0,0.0
2014-08-29 00:00:00-04:00,78.22186297501013,78.54323888114256,77.91867745960312,78.4947280883789,3519000,0.0,0.0
2014-09-02 00:00:00-04:00,78.34314436127819,78.45229597070019,77.04551057585762,77.3365707397461,4744500,0.0,0.0
2014-09-03 00:00:00-04:00,77.88837352346832,78.1491179331343,77.41540475964496,77.5306167602539,3846300,0.0,0.0
2014-09-04 00:00:00-04:00,77.74284869559136,77.89444148208324,76.52403677060342,76.88786315917969,5191200,0.0,0.0
2014-09-05 00:00:00-04:00,77.10009330739442,77.27594149754829,76.4997871591069,77.2516860961914,5035500,0.0,0.0
2014-09-08 00:00:00-04:00,76.8151084416313,76.85755424314574,76.21480221271402,76.53011322021484,4200800,0.0,0.0
2014-09-09 00:00:00-04:00,75.48715048127086,76.27543490313697,75.3476876939569,75.90554809570312,6721600,0.0,0.0
2014-09-10 00:00:00-04:00,75.46898743524525,75.63877069502415,74.58975071442732,75.3598403930664,10941800,0.0,0.0
2014-09-11 00:00:00-04:00,74.75343098396023,75.23246472423355,74.2258910699999,75.0869369506836,6569600,0.0,0.0
2014-09-12 00:00:00-04:00,74.91108444290852,74.98385063860196,74.10460978905543,74.37747955322266,4915600,0.0,0.0
2014-09-15 00:00:00-04:00,74.18951484092821,75.66299703097852,74.0136666390915,75.33555603027344,5437600,0.0,0.0
2014-09-16 00:00:00-04:00,75.22640552716638,76.20872848354033,74.95354035240716,75.77214050292969,6587200,0.0,0.0
2014-09-17 00:00:00-04:00,75.87521956558089,76.09351354746957,75.46288700270725,75.6266098022461,4583500,0.0,0.0
2014-09-18 00:00:00-04:00,75.70544825643167,75.82066027222884,75.0990770174915,75.2749252319336,4683200,0.0,0.0
2014-09-19 00:00:00-04:00,75.76000907922611,76.22084779871513,75.58416089958773,75.67511749267578,10090000,0.0,0.0
2014-09-22 00:00:00-04:00,75.55383243317812,75.74787098548546,74.86863480733363,74.8807601928711,5850500,0.0,0.0
2014-09-23 00:00:00-04:00,74.9050284487762,75.1778982457733,74.4987608829913,74.62003326416016,5620700,0.0,0.0
2014-09-24 00:00:00-04:00,74.62608561210322,74.62608561210322,73.27994112875248,74.21981811523438,8005900,0.0,0.0
2014-09-25 00:00:00-04:00,74.09854666162175,74.34716103352812,73.17686462402344,73.17686462402344,6466300,0.0,0.0
2014-09-26 00:00:00-04:00,73.09803116855143,74.00152272831637,72.77665062934545,73.65589141845703,5500500,0.0,0.0
2014-09-29 00:00:00-04:00,73.20113497640226,73.21326036534674,72.24306733120278,73.09805297851562,6791500,0.0,0.0
2014-09-30 00:00:00-04:00,73.0738019084242,73.0738019084242,71.95201600159142,72.35221862792969,8385700,0.0,0.0
2014-10-01 00:00:00-04:00,72.03686604682233,72.3703672719855,71.17581583762198,71.33953857421875,8027900,0.0,0.0
2014-10-02 00:00:00-04:00,71.18192157867351,71.49117221548128,70.41789249854364,71.01213836669922,8171200,0.0,0.0
2014-10-03 00:00:00-04:00,71.64880051543925,71.64880051543925,70.5815862461665,71.37593078613281,6298300,0.0,0.0
2014-10-06 00:00:00-04:00,71.49721903172866,72.18848171959442,71.1152022757409,71.60636138916016,5409500,0.0,0.0
2014-10-07 00:00:00-04:00,71.23043745104245,71.81255334470889,70.33907089859369,70.3511962890625,7303800,0.0,0.0
2014-10-08 00:00:00-04:00,70.2359728422755,71.70338994480056,69.82364026684546,71.52147674560547,9517400,0.0,0.0
2014-10-09 00:00:00-04:00,70.95755039929914,70.99393581438238,69.27183933152638,69.43556213378906,11489200,0.0,0.0
2014-10-10 00:00:00-04:00,69.55076760030498,70.17533375779186,68.44717231542921,69.05960845947266,9253100,0.0,0.0
2014-10-13 00:00:00-04:00,68.8534494815107,69.4840714389158,67.82261569763757,67.9317626953125,7799100,0.0,0.0
2014-10-14 00:00:00-04:00,68.27740298732795,68.55027283022147,66.155103576191,66.56743621826172,11541500,0.0,0.0
2014-10-15 00:00:00-04:00,65.83369798165424,66.39762318554008,64.66946679500074,66.2581558227539,15278400,0.0,0.0
2014-10-16 00:00:00-04:00,65.46383240988095,67.50123995636535,65.002989015112,67.34358215332031,11908400,0.0,0.0
2014-10-17 00:00:00-04:00,67.7801597213861,68.36227541282045,67.14347285243178,67.79228973388672,10895500,0.0,0.0
2014-10-20 00:00:00-04:00,67.62855684777087,68.08333509748823,67.28899056837986,67.60430145263672,8823800,0.0,0.0
2014-10-21 00:00:00-04:00,68.62908032491781,69.83575750172294,68.46536216575099,69.78724670410156,8899700,0.0,0.0
2014-10-22 00:00:00-04:00,69.85396350723214,70.48459013852775,69.07174869541593,69.1263198852539,7211600,0.0,0.0
2014-10-23 00:00:00-04:00,70.33906502064185,71.13947488582693,69.7023733574568,70.45427703857422,7195500,0.0,0.0
2014-10-24 00:00:00-04:00,70.45427569929889,70.49672150095466,69.44769722253984,70.28449249267578,5507900,0.0,0.0
2014-10-27 00:00:00-04:00,69.35671964759341,69.95703032330385,68.79885938695303,69.74479675292969,6714600,0.0,0.0
2014-10-28 00:00:00-04:00,70.44213807414347,71.10914543935577,69.82970652016174,71.02425384521484,7272600,0.0,0.0
2014-10-29 00:00:00-04:00,71.55182185174799,72.11574741240908,70.39971532041123,71.03034210205078,6873700,0.0,0.0
2014-10-30 00:00:00-04:00,70.44820719917162,71.09702420731436,70.07832039183138,71.06670379638672,5174400,0.0,0.0
2014-10-31 00:00:00-04:00,71.76401437780957,72.8676095273738,70.57552764952841,72.73420715332031,10669500,0.0,0.0
2014-11-03 00:00:00-05:00,72.6614531327873,72.74634472032062,70.61798077289058,70.81201934814453,10343300,0.0,0.0
2014-11-04 00:00:00-05:00,70.33300903009102,70.35119942972925,69.61143029571357,69.95706176757812,9585800,0.0,0.0
2014-11-05 00:00:00-05:00,71.10915921145663,71.12735423622068,69.6478068067925,70.97576141357422,6603300,0.0,0.0
2014-11-06 00:00:00-05:00,70.88479319819712,71.88530658923196,70.55735219969962,71.87317657470703,6383800,0.0,0.0
2014-11-07 00:00:00-05:00,72.00656009104924,72.60080573829529,71.77007575853393,72.03688049316406,7366600,0.0,0.0
2014-11-10 00:00:00-05:00,72.50986664610006,72.5644378315756,71.13340148000343,71.50328826904297,6114600,0.0,0.0
2014-11-11 00:00:00-05:00,71.5214783086964,71.95806629531033,71.1273407455679,71.818603515625,3957000,0.0,0.0
2014-11-12 00:00:00-05:00,71.46687591032573,71.98229025920911,71.17581583762198,71.33953857421875,4923900,0.0,0.0
2014-11-13 00:00:00-05:00,70.99998506658402,71.23040902976409,70.12074888166946,70.61190795898438,11019900,0.0,0.0
2014-11-14 00:00:00-05:00,70.8077641699258,71.20556154216874,70.63640645121136,71.18720245361328,4891700,1.07,0.0
2014-11-17 00:00:00-05:00,70.96688957589369,71.0831700379917,70.54461182966239,70.83837127685547,5713700,0.0,0.0
2014-11-18 00:00:00-05:00,70.9729893791534,71.37690324417966,70.53235267610904,70.6669921875,5672800,0.0,0.0
2014-11-19 00:00:00-05:00,70.97301727547507,71.40753289811398,70.4222211801763,71.27901458740234,4270300,0.0,0.0
2014-11-20 00:00:00-05:00,71.08927049047357,71.89098164619651,71.08927049047357,71.79306030273438,5272800,0.0,0.0
2014-11-21 00:00:00-05:00,72.69882314811774,72.77226416490213,72.05011050853756,72.57030487060547,7361600,0.0,0.0
2014-11-24 00:00:00-05:00,72.29490935643207,72.57030968578647,71.69515735491343,71.96443176269531,5807600,0.0,0.0
2014-11-25 00:00:00-05:00,72.09293675939833,72.10517459205231,70.76490546284134,71.08314514160156,6671400,0.0,0.0
2014-11-26 00:00:00-05:00,71.03419993839567,71.2055576477381,70.39160385921419,70.44668579101562,6715100,0.0,0.0
2014-11-28 00:00:00-05:00,68.29245913373036,68.35366231467486,66.3585590798807,66.62783813476562,11935600,0.0,0.0
2014-12-01 00:00:00-05:00,66.939937651322,68.84324037741528,66.5115434910727,68.37812805175781,13400100,0.0,0.0
2014-12-02 00:00:00-05:00,68.09660994227357,70.1100719339465,67.86405376787064,69.77959442138672,8548700,0.0,0.0
2014-12-03 00:00:00-05:00,70.22025077196905,70.26921145476031,69.24718171451836,69.58989715576172,8049800,0.0,0.0
2014-12-04 00:00:00-05:00,69.20433437211719,69.20433437211719,67.93750603190527,68.71473693847656,8100700,0.0,0.0
2014-12-05 00:00:00-05:00,68.41486332857116,68.72086056789611,67.75390817103388,67.8518295288086,7663400,0.0,0.0
2014-12-08 00:00:00-05:00,67.25207610828873,67.2826777013467,65.12233783524418,65.36101531982422,13809000,0.0,0.0
2014-12-09 00:00:00-05:00,64.97546223446291,66.1872135348428,64.95098189141859,65.48954010009766,11053000,0.0,0.0
2014-12-10 00:00:00-05:00,65.0060571024307,65.02441619052676,63.07827347683499,64.17374420166016,15073400,0.0,0.0
2014-12-11 00:00:00-05:00,64.2410562455071,65.64864063699234,63.83102109684489,64.20433807373047,10293600,0.0,0.0
2014-12-12 00:00:00-05:00,63.50054207033488,63.86161653548743,62.64987020349911,62.65598678588867,12013600,0.0,0.0
2014-12-15 00:00:00-05:00,63.11501018226263,63.592369958640944,61.45650514623398,61.72578430175781,13144200,0.0,0.0
2014-12-16 00:00:00-05:00,61.50543858817338,63.93505715807317,61.291241477168306,62.239830017089844,12722200,0.0,0.0
2014-12-17 00:00:00-05:00,62.53359520694867,65.23248839495417,62.42955726751826,64.88365173339844,13354000,0.0,0.0
2014-12-18 00:00:00-05:00,66.10152906091992,66.72576141357422,64.55930026400146,66.72576141357422,13533000,0.0,0.0
2014-12-19 00:00:00-05:00,67.0317589008641,69.13090028723187,66.40140529352833,69.11254119873047,15723300,0.0,0.0
2014-12-22 00:00:00-05:00,68.76368869651957,69.14924347382797,67.97421538847674,68.56172943115234,9433500,0.0,0.0
2014-12-23 00:00:00-05:00,69.0084852585827,70.04275255072848,68.73920624637728,69.73675537109375,8092000,0.0,0.0
2014-12-24 00:00:00-05:00,69.55928885818243,69.85304356860668,68.5862152906781,69.44300842285156,4536500,0.0,0.0
2014-12-26 00:00:00-05:00,69.7245212413348,69.98155776528378,69.0452070929363,69.30836486816406,4380400,0.0,0.0
2014-12-29 00:00:00-05:00,69.42467547586564,69.99994727918404,69.020756760521,69.35123443603516,6043000,0.0,0.0
2014-12-30 00:00:00-05:00,69.11255044087449,69.55318730042345,68.63519539941252,69.22270965576172,5659500,0.0,0.0
2014-12-31 00:00:00-05:00,68.32917764136546,69.34508594636485,68.2557366303794,68.65353393554688,6411800,0.0,0.0
2015-01-02 00:00:00-05:00,68.31695590189652,69.15539018951232,67.83960085827158,68.89835357666016,5898800,0.0,0.0
2015-01-05 00:00:00-05:00,67.90691362779225,68.05379101009508,65.75269490047542,66.14437103271484,11758100,0.0,0.0
2015-01-06 00:00:00-05:00,66.01583759643572,66.71962742098553,65.16516575412797,66.11375427246094,11591600,0.0,0.0
2015-01-07 00:00:00-05:00,66.8604042949942,67.15416373213411,65.79553509001427,66.0586929321289,10353800,0.0,0.0
2015-01-08 00:00:00-05:00,66.82366340022465,67.58865632432597,66.46258431209277,67.57029724121094,8650800,0.0,0.0
2015-01-09 00:00:00-05:00,67.40506450804978,67.4540251818548,65.89343755563394,66.22391510009766,9584500,0.0,0.0
2015-01-12 00:00:00-05:00,65.77103179260392,65.77103179260392,64.60212037399694,64.79795837402344,8912300,0.0,0.0
2015-01-13 00:00:00-05:00,65.43445468170569,65.8873340002233,63.1517176766886,63.76982879638672,13277700,0.0,0.0
2015-01-14 00:00:00-05:00,63.15782847942858,63.89834590920824,62.31939902993569,63.58622741699219,14116900,0.0,0.0
2015-01-15 00:00:00-05:00,63.89835085994127,64.22270721246521,62.74779815994217,62.83347702026367,9664600,0.0,0.0
2015-01-16 00:00:00-05:00,62.71107651198622,64.34510068945215,62.71107651198622,64.3328628540039,12604600,0.0,0.0
2015-01-20 00:00:00-05:00,63.9901308518972,65.226362113702,63.53113506708926,65.15904235839844,10406800,0.0,0.0
2015-01-21 00:00:00-05:00,65.35489469257685,66.26064395832776,65.08561561236287,66.19332885742188,8271000,0.0,0.0
2015-01-22 00:00:00-05:00,66.5605305626437,66.78084898078663,65.47729756191632,66.658447265625,7471100,0.0,0.0
2015-01-23 00:00:00-05:00,66.23005103680572,66.55440740167667,65.3181804634453,65.39161682128906,7984400,0.0,0.0
2015-01-26 00:00:00-05:00,65.61804099324179,66.92158739782144,65.06724509371983,66.63394927978516,7670500,0.0,0.0
2015-01-27 00:00:00-05:00,66.16273174323223,66.59112606425857,65.86897230227994,66.25453186035156,6388700,0.0,0.0
2015-01-28 00:00:00-05:00,66.19333404584998,66.19945062968148,63.292476461115186,63.46995544433594,10526500,0.0,0.0
2015-01-29 00:00:00-05:00,63.79430274963967,64.0329802212943,62.215360553112355,63.035430908203125,13994400,0.0,0.0
2015-01-30 00:00:00-05:00,62.17865893580751,63.206810191284006,60.51403264892662,62.7478141784668,20584700,0.0,0.0
2015-02-02 00:00:00-05:00,63.635211902344125,64.95099679150096,63.017095938833144,64.90815734863281,11537600,0.0,0.0
2015-02-03 00:00:00-05:00,65.91181754339293,67.38672679276087,65.8934584521806,67.03176879882812,14266700,0.0,0.0
2015-02-04 00:00:00-05:00,66.39527204430766,66.87874818712734,65.72207912905567,66.3095932006836,10176000,0.0,0.0
2015-02-05 00:00:00-05:00,67.05621455022909,67.38669202900773,66.44422025674552,66.8970947265625,7533300,0.0,0.0
2015-02-06 00:00:00-05:00,67.1113053217228,67.6008980196369,66.7747065482253,67.08070373535156,7655500,0.0,0.0
2015-02-09 00:00:00-05:00,67.22145570342205,68.23736854355667,67.10517995446592,67.58253479003906,6403000,0.0,0.0
2015-02-10 00:00:00-05:00,67.63763370022203,67.6988368888108,66.15048679898098,67.42955780029297,7033700,0.0,0.0
2015-02-11 00:00:00-05:00,66.69514978323679,67.42954117374089,66.2728721656663,67.30714416503906,8662000,0.0,0.0
2015-02-12 00:00:00-05:00,68.15382281375022,68.6296909252122,67.8695401111327,68.51226806640625,6618000,1.07,0.0
2015-02-13 00:00:00-05:00,68.81507944029238,69.73590856257563,68.66057768819697,69.6988296508789,7494400,0.0,0.0
2015-02-17 00:00:00-05:00,69.40838904464547,69.79155521666024,68.92016277732728,69.4640121459961,7097300,0.0,0.0
2015-02-18 00:00:00-05:00,68.75331575385655,69.00051962990848,68.20947099855974,68.25273132324219,6920300,0.0,0.0
2015-02-19 00:00:00-05:00,66.86836519328443,67.72121799434841,66.27507895320771,66.96106719970703,9721100,0.0,0.0
2015-02-20 00:00:00-05:00,67.01050999304032,67.28243462564966,66.435763201856,67.11557006835938,7610600,0.0,0.0
2015-02-23 00:00:00-05:00,66.6149962156471,67.05378075895854,66.34307154062903,66.65825653076172,6724000,0.0,0.0
2015-02-24 00:00:00-05:00,66.67678668799233,66.89308823338222,66.33688089165103,66.72004699707031,5708400,0.0,0.0
2015-02-25 00:00:00-05:00,66.81890496458337,67.22678704992089,66.59642211257443,67.10318756103516,4806500,0.0,0.0
2015-02-26 00:00:00-05:00,66.67678060401298,66.69532006120903,65.87955093944552,66.16383361816406,5903100,0.0,0.0
2015-02-27 00:00:00-05:00,66.44811689130944,66.57790252288207,65.86101207142426,65.92899322509766,6396500,0.0,0.0
2015-03-02 00:00:00-05:00,65.70650701051453,65.71886507646262,64.84747761902939,65.44694519042969,7343700,0.0,0.0
2015-03-03 00:00:00-05:00,65.43459282306833,65.64471769778174,64.7733253866511,64.98963165283203,6901200,0.0,0.0
2015-03-04 00:00:00-05:00,65.28627243298956,65.28627243298956,64.54466576757555,64.98963165283203,5784900,0.0,0.0
2015-03-05 00:00:00-05:00,64.89690286386622,65.08230209621226,64.47665800285628,64.72386169433594,5156900,0.0,0.0
2015-03-06 00:00:00-05:00,64.40870783620528,64.5941071576875,63.759798423466194,63.99464416503906,7213300,0.0,0.0
2015-03-09 00:00:00-04:00,64.02553500454627,65.28008867073696,63.963735237176195,64.24183654785156,7506200,0.0,0.0
2015-03-10 00:00:00-04:00,64.14294263029811,64.61262923780485,63.24065303891603,63.599098205566406,10679000,0.0,0.0
2015-03-11 00:00:00-04:00,63.97609394346475,64.20475827153935,63.31482652445988,63.98845672607422,8440700,0.0,0.0
2015-03-12 00:00:00-04:00,64.40871387396763,64.58793653538206,63.22214113117654,63.29629898071289,5900600,0.0,0.0
2015-03-13 00:00:00-04:00,62.93781453928231,62.93781453928231,62.208570991986534,62.801856994628906,8345200,0.0,0.0
2015-03-16 00:00:00-04:00,62.69065175916812,63.82160134963013,62.41872708287175,63.73508071899414,6780200,0.0,0.0
2015-03-17 00:00:00-04:00,63.22213672552031,63.99464570449773,63.09853245987154,63.75979995727539,7097500,0.0,0.0
2015-03-18 00:00:00-04:00,63.413706177300575,66.05259430604849,63.265385799893565,65.94135284423828,11059700,0.0,0.0
2015-03-19 00:00:00-04:00,64.95255340013524,65.1379574393589,64.67445205632033,64.73625183105469,7841900,0.0,0.0
2015-03-20 00:00:00-04:00,65.06995573107994,66.28743024059361,64.95871428566704,66.1452865600586,14064900,0.0,0.0
2015-03-23 00:00:00-04:00,66.44194620287128,66.55318767208672,65.45931243896484,65.45931243896484,6807700,0.0,0.0
2015-03-24 00:00:00-04:00,65.4593279180403,65.62619251883176,64.37163853408504,64.39635467529297,6677800,0.0,0.0
2015-03-25 00:00:00-04:00,64.68061823340165,65.63234491348028,64.47667478123358,65.30480194091797,9169400,0.0,0.0
2015-03-26 00:00:00-04:00,65.68179652363177,65.83011691350072,64.37162443558573,65.04524993896484,7276900,0.0,0.0
2015-03-27 00:00:00-04:00,64.88453931239376,64.88453931239376,64.06877044075036,64.44575500488281,5830300,0.0,0.0
2015-03-30 00:00:00-04:00,64.87218784913601,66.25652204471817,64.87218784913601,66.06494140625,7172400,0.0,0.0
2015-03-31 00:00:00-04:00,65.27388091445816,65.55198209271609,64.81655248063174,64.87835693359375,7254100,0.0,0.0
2015-04-01 00:00:00-04:00,65.366607746917,65.6447137660555,64.58174081827968,64.7609634399414,7347200,0.0,0.0
2015-04-02 00:00:00-04:00,64.55082718381206,65.3109778439243,64.32216761879302,65.06377410888672,5123900,0.0,0.0
2015-04-06 00:00:00-04:00,65.52728279077938,66.65823675542829,65.02669861938564,66.07730865478516,6724000,0.0,0.0
2015-04-07 00:00:00-04:00,66.10820521430213,67.41837695087331,65.89190372147377,67.07847595214844,8536000,0.0,0.0
2015-04-08 00:00:00-04:00,67.27626279088278,67.31334171331649,65.83012352069969,65.9166488647461,7894800,0.0,0.0
2015-04-09 00:00:00-04:00,66.00316604105002,66.27508598304044,65.61999990753662,66.09586334228516,5760500,0.0,0.0
2015-04-10 00:00:00-04:00,66.41722658575814,66.53464944850485,66.00933961938763,66.0711441040039,5012200,0.0,0.0
2015-04-13 00:00:00-04:00,66.34306174884124,66.68296754244604,65.78067773535516,65.81775665283203,4307200,0.0,0.0
2015-04-14 00:00:00-04:00,66.55937293261485,67.41840255539356,66.28745297336751,67.26390075683594,7262700,0.0,0.0
2015-04-15 00:00:00-04:00,67.72739106416282,68.40720259838413,67.59761014808957,68.23416137695312,6704000,0.0,0.0
2015-04-16 00:00:00-04:00,67.91898296738651,68.56171093360165,67.36277562017916,68.07966613769531,5904200,0.0,0.0
2015-04-17 00:00:00-04:00,67.58524974463519,67.78919319784971,66.9054429489396,67.43074798583984,6548700,0.0,0.0
2015-04-20 00:00:00-04:00,67.71505295463842,69.03758806823288,67.7026948844739,68.16001892089844,7148800,0.0,0.0
2015-04-21 00:00:00-04:00,68.01168879633012,68.43811052394746,67.55436011016026,67.81392669677734,5674900,0.0,0.0
2015-04-22 00:00:00-04:00,68.01167393296522,68.25269629177743,67.49254558820247,67.67176818847656,5643100,0.0,0.0
2015-04-23 00:00:00-04:00,67.98077395374548,68.38247947011243,67.73357019636433,67.96223449707031,6940000,0.0,0.0
2015-04-24 00:00:00-04:00,67.77681693112379,68.00548118605039,67.38129288450705,67.90042114257812,4995000,0.0,0.0
2015-04-27 00:00:00-04:00,68.19090382095791,68.43810761364173,67.69650095061046,67.79537963867188,4858700,0.0,0.0
2015-04-28 00:00:00-04:00,68.01169844717153,68.7471238543855,67.7644946088973,68.67296600341797,5321600,0.0,0.0
2015-04-29 00:00:00-04:00,68.48753810364538,69.21060518898648,68.40101749762265,69.0499267578125,5665800,0.0,0.0
2015-04-30 00:00:00-04:00,69.24149787263828,69.34037653087043,68.25268771522309,68.63584899902344,6666800,0.0,0.0
2015-05-01 00:00:00-04:00,68.1538167408815,68.47518304739285,66.95488155470079,67.38748931884766,10362700,0.0,0.0
2015-05-04 00:00:00-04:00,67.59763688946667,67.6161810691157,66.73860711823399,66.94255065917969,7660100,0.0,0.0
2015-05-05 00:00:00-04:00,67.51107827868071,67.93750458539256,66.7447509765625,66.7447509765625,6463300,0.0,0.0
2015-05-06 00:00:00-04:00,67.51108922314734,67.69031183451517,66.31215874523305,66.71385955810547,5820400,0.0,0.0
2015-05-07 00:00:00-04:00,66.55318934745084,66.86836958897864,65.93518221736778,66.4790267944336,5798300,0.0,0.0
2015-05-08 00:00:00-04:00,66.923993797866,67.23917875966696,66.37396782012685,67.14647674560547,7078900,0.0,0.0
2015-05-11 00:00:00-04:00,67.14645745311012,67.17117829742507,66.31214899631046,66.34922790527344,6003600,0.0,0.0
2015-05-12 00:00:00-04:00,66.39868152421833,66.74476397677304,66.18855666729597,66.47283935546875,5026500,0.0,0.0
2015-05-13 00:00:00-04:00,66.7323949729949,67.03521706935013,66.31215004304478,66.5593490600586,5517600,0.0,0.0
2015-05-14 00:00:00-04:00,66.75712966410937,67.54818276956591,66.75712966410937,67.02287292480469,9751700,0.0,0.0
2015-05-15 00:00:00-04:00,66.91675827556409,67.61582509490009,66.74823574731509,67.42857360839844,5641600,1.07,0.0
2015-05-18 00:00:00-04:00,67.09776208722491,67.10400507287287,66.52353121968467,66.56722259521484,6390600,0.0,0.0
2015-05-19 00:00:00-04:00,66.1927294395863,66.35500898274077,65.53735399483668,65.54983520507812,7927600,0.0,0.0
2015-05-20 00:00:00-04:00,65.7995044796024,66.09910591750189,65.38755785974435,65.69339752197266,6521200,0.0,0.0
2015-05-21 00:00:00-04:00,66.14279447933203,66.33004120328732,65.7246048909618,65.84319305419922,6549300,0.0,0.0
2015-05-22 00:00:00-04:00,65.59351245899504,65.88063261475423,65.44995714311756,65.46868133544922,4717200,0.0,0.0
2015-05-26 00:00:00-04:00,65.05050563371987,65.18782275595312,64.2453318586274,64.47003173828125,8010200,0.0,0.0
2015-05-27 00:00:00-04:00,64.41384622681497,64.77586318283838,64.1204925852124,64.35767364501953,5857500,0.0,0.0
2015-05-28 00:00:00-04:00,64.26406198368406,64.55117746484034,63.902044948398654,64.43882751464844,5099900,0.0,0.0
2015-05-29 00:00:00-04:00,64.37640711196441,64.6447983749863,64.0830486661029,64.28902435302734,6673400,0.0,0.0
2015-06-01 00:00:00-04:00,64.58239159701262,64.75715713869523,63.970707439119636,64.05809020996094,5412400,0.0,0.0
2015-06-02 00:00:00-04:00,64.07055446875694,64.35766987021023,63.73350471174597,64.02686309814453,5040000,0.0,0.0
2015-06-03 00:00:00-04:00,63.914537155846155,64.52621657388343,63.7397716078355,63.77097702026367,5175700,0.0,0.0
2015-06-04 00:00:00-04:00,63.59620513223483,63.89580658610245,63.02821715782394,63.284122467041016,6896400,0.0,0.0
2015-06-05 00:00:00-04:00,63.15305690574446,64.35145336014855,63.0344639530051,63.40896224975586,6080900,0.0,0.0
2015-06-08 00:00:00-04:00,63.22167902953055,63.284094582666924,62.38529537909845,62.678653717041016,8213900,0.0,0.0
2015-06-09 00:00:00-04:00,62.853419170623454,63.196711855875705,62.553822610768265,62.678653717041016,7157000,0.0,0.0
2015-06-10 00:00:00-04:00,63.989401745055076,64.02685488792181,63.36523666662808,63.55873107910156,7588400,0.0,0.0
2015-06-11 00:00:00-04:00,63.58370921668187,63.78968010895471,63.00323540318031,63.11558532714844,5582900,0.0,0.0
2015-06-12 00:00:00-04:00,62.74108796617787,62.84719967633118,62.18558128232813,62.335384368896484,6475500,0.0,0.0
2015-06-15 00:00:00-04:00,62.073210639264055,62.45395169042908,61.873478019144805,61.97334671020508,6178100,0.0,0.0
2015-06-16 00:00:00-04:00,61.917185121293215,62.69739161103735,61.67376107745325,62.44148635864258,8763700,0.0,0.0
2015-06-17 00:00:00-04:00,62.93458022722026,63.146794116096224,62.11692055148542,62.2667236328125,8231100,0.0,0.0
2015-06-18 00:00:00-04:00,62.578802341856274,62.978267676489914,62.5101437910284,62.57255935668945,7168000,0.0,0.0
2015-06-19 00:00:00-04:00,62.24178050091214,62.522653053416235,62.079496147774115,62.08573913574219,10512000,0.0,0.0
2015-06-22 00:00:00-04:00,62.31040734138124,62.64745708989443,62.02329194716678,62.5975227355957,6416100,0.0,0.0
2015-06-23 00:00:00-04:00,62.39155844267932,62.68491687503433,62.129410177937686,62.47269821166992,5697900,0.0,0.0
2015-06-24 00:00:00-04:00,62.404037941370376,62.84095167061881,61.96087646484375,61.96087646484375,7451900,0.0,0.0
2015-06-25 00:00:00-04:00,62.07324077419142,62.20431968534371,61.34921146051241,61.38041687011719,6062800,0.0,0.0
2015-06-26 00:00:00-04:00,61.31799041497692,61.59886762363167,61.04959917755274,61.54269027709961,10015500,0.0,0.0
2015-06-29 00:00:00-04:00,60.85610864828815,61.14322407662437,60.29435900067265,60.35053634643555,8764600,0.0,0.0
2015-06-30 00:00:00-04:00,60.82490563614372,60.955984537672194,60.05718499578127,60.213226318359375,9925400,0.0,0.0
2015-07-01 00:00:00-04:00,60.107122609783204,60.30685532299563,59.63899861675375,59.976043701171875,7295300,0.0,0.0
2015-07-02 00:00:00-04:00,60.144584863073156,60.33807463426546,59.745119344608945,59.8387451171875,6419100,0.0,0.0
2015-07-06 00:00:00-04:00,59.33315390030276,59.64523656085475,58.971141633185105,59.15214538574219,8341600,0.0,0.0
2015-07-07 00:00:00-04:00,58.92743287344383,59.59528937959356,58.35944031297897,59.464210510253906,11774900,0.0,0.0
2015-07-08 00:00:00-04:00,59.03979734599519,59.35188001663562,58.209661061214405,58.396907806396484,7719100,0.0,0.0
2015-07-09 00:00:00-04:00,59.233269205104655,59.426758863122224,58.52172136890903,58.534202575683594,7909000,0.0,0.0
2015-07-10 00:00:00-04:00,59.00235270013217,59.264501017254,58.71523719633151,58.92745590209961,5631900,0.0,0.0
2015-07-13 00:00:00-04:00,58.86502726018748,59.227044273015636,58.765163289547154,59.04603576660156,5038800,0.0,0.0
2015-07-14 00:00:00-04:00,58.92120507922028,59.78879446241552,58.91496209287982,59.63899612426758,5218600,0.0,0.0
2015-07-15 00:00:00-04:00,59.32066127507873,59.73260783150155,58.60287034152097,58.821327209472656,6490400,0.0,0.0
2015-07-16 00:00:00-04:00,58.8463173132432,59.1271946203167,58.60913615878496,58.971153259277344,6422700,0.0,0.0
2015-07-17 00:00:00-04:00,58.81509465052401,58.91495861606147,57.98495371035502,58.140995025634766,8214200,0.0,0.0
2015-07-20 00:00:00-04:00,58.23463339536889,58.353221582535255,57.79147177331225,58.00993347167969,6018100,0.0,0.0
2015-07-21 00:00:00-04:00,58.04737727989095,58.758925394619645,58.04737727989095,58.609127044677734,7043100,0.0,0.0
2015-07-22 00:00:00-04:00,58.36569595336914,58.877511286238466,58.228378831525625,58.36569595336914,9327500,0.0,0.0
2015-07-23 00:00:00-04:00,58.40315595713376,58.71523865536831,57.86013034788418,58.00993347167969,7360700,0.0,0.0
2015-07-24 00:00:00-04:00,57.9100658521262,57.9100658521262,56.393343718639635,56.54938507080078,11158400,0.0,0.0
2015-07-27 00:00:00-04:00,56.08749179938915,56.231047145423226,55.38842497947443,55.638092041015625,10342700,0.0,0.0
2015-07-28 00:00:00-04:00,55.831591351375245,57.8538906117678,55.81911013905358,57.672882080078125,11536900,0.0,0.0
2015-07-29 00:00:00-04:00,57.41072707184922,58.29704066550599,57.07367723440157,58.20341491699219,9821500,0.0,0.0
2015-07-30 00:00:00-04:00,58.32823787953545,58.55293773960066,57.891324130521284,58.06608963012695,6435700,0.0,0.0
2015-07-31 00:00:00-04:00,57.12360103446042,57.267161135858835,54.932784456706166,55.22614288330078,19063400,0.0,0.0
2015-08-03 00:00:00-04:00,54.47714087467205,54.508351041180674,53.25377758717883,53.42854309082031,14142200,0.0,0.0
2015-08-04 00:00:00-04:00,53.51593412165615,54.23996819104067,52.85432039494541,53.18512725830078,8537200,0.0,0.0
2015-08-05 00:00:00-04:00,53.3286914978561,53.67822258620408,52.34875204344858,52.44861602783203,11254600,0.0,0.0
2015-08-06 00:00:00-04:00,52.15524555784188,53.416062000353314,51.73705599291108,53.172637939453125,9805000,0.0,0.0
2015-08-07 00:00:00-04:00,52.87305152662022,53.21634440833056,52.07412056046253,52.27385330200195,7422000,0.0,0.0
2015-08-10 00:00:00-04:00,52.55470972824467,53.740624601105864,52.354977047910346,53.60955047607422,8342000,0.0,0.0
2015-08-11 00:00:00-04:00,52.66706501824517,53.66573328354939,52.18021685801112,53.540897369384766,9797400,0.0,0.0
2015-08-12 00:00:00-04:00,53.05403521476715,54.371023999293875,53.00410086227278,54.17129135131836,11316300,0.0,0.0
2015-08-13 00:00:00-04:00,53.69694468084245,53.8904344168787,53.3349276323844,53.5845947265625,9562400,0.0,0.0
2015-08-14 00:00:00-04:00,53.54089242646474,53.94035779090632,53.23505279850226,53.671966552734375,7748900,0.0,0.0
2015-08-17 00:00:00-04:00,53.38123766205026,53.41284108164114,52.52799837514963,52.603843688964844,12602500,1.07,0.0
2015-08-18 00:00:00-04:00,52.509033537220496,52.945130791985946,52.344704449712324,52.73656463623047,9093400,0.0,0.0
2015-08-19 00:00:00-04:00,52.3762973364265,52.4015791003453,50.98582925291298,51.13751983642578,13129000,0.0,0.0
2015-08-20 00:00:00-04:00,50.9795209569457,51.37769795577129,50.082035064697266,50.082035064697266,11857200,0.0,0.0
2015-08-21 00:00:00-04:00,49.84820084287198,50.30325832854815,47.85098400849238,47.88258743286133,18383600,0.0,0.0
2015-08-24 00:00:00-04:00,44.58970646220877,47.64240687822711,43.97663675521803,45.581993103027344,24191900,0.0,0.0
2015-08-25 00:00:00-04:00,47.357999260398614,47.41487963522718,44.14096465294692,44.254730224609375,21128000,0.0,0.0
2015-08-26 00:00:00-04:00,45.32916792426672,46.20136711794371,44.842502386415205,46.195045471191406,17400400,0.0,0.0
2015-08-27 00:00:00-04:00,47.40222750021373,49.37416190014404,47.124132889171214,49.07078552246094,21539600,0.0,0.0
2015-08-28 00:00:00-04:00,49.12137063437874,51.32083225627286,49.032886823268406,50.834171295166016,23735400,0.0,0.0
2015-08-31 00:00:00-04:00,50.56871609058743,51.24498792335719,49.24777102837019,51.18810272216797,16880400,0.0,0.0
2015-09-01 00:00:00-04:00,49.778664202943844,50.176841207464825,48.994943845150395,49.41840744018555,17954200,0.0,0.0
2015-09-02 00:00:00-04:00,50.404366743618716,50.404366743618716,48.81165407916972,49.33623504638672,14255900,0.0,0.0
2015-09-03 00:00:00-04:00,49.74073627797877,50.195798440971856,49.10238974233947,49.462646484375,12282600,0.0,0.0
2015-09-04 00:00:00-04:00,48.855907400730814,49.06447357825466,48.31867819188319,48.457725524902344,11210000,0.0,0.0
2015-09-08 00:00:00-04:00,49.00127626695934,49.020236392009544,48.18595713576305,48.5651741027832,9316500,0.0,0.0
2015-09-09 00:00:00-04:00,48.93806538774849,49.42472618999844,47.24422540767669,47.35166931152344,11297400,0.0,0.0
2015-09-10 00:00:00-04:00,47.86363888427064,47.90788079588504,46.966152528368006,47.81939697265625,11475200,0.0,0.0
2015-09-11 00:00:00-04:00,47.996348104987234,48.192275814437096,47.45911887764848,47.90154266357422,11032100,0.0,0.0
2015-09-14 00:00:00-04:00,47.73088568633964,48.03426209493698,47.376950561313095,47.888893127441406,10235500,0.0,0.0
2015-09-15 00:00:00-04:00,48.3060381558664,49.102397059781,48.1669908273411,48.773738861083984,11678100,0.0,0.0
2015-09-16 00:00:00-04:00,49.18455181189251,50.06307272254229,49.152948397608526,49.94298553466797,12593500,0.0,0.0
2015-09-17 00:00:00-04:00,50.006209643590715,50.8594490820631,49.67755138067922,50.18949890136719,12324300,0.0,0.0
2015-09-18 00:00:00-04:00,49.241432317220315,49.74073149706474,48.647322903527154,49.13398361206055,18635900,0.0,0.0
2015-09-21 00:00:00-04:00,49.487943689231585,49.759716742354264,49.19720568839805,49.3552131652832,8523500,0.0,0.0
2015-09-22 00:00:00-04:00,48.56517572637081,49.10240500478201,48.34396622338088,48.824310302734375,9692300,0.0,0.0
2015-09-23 00:00:00-04:00,48.919093112589316,49.00125522652943,47.882564930868575,48.1100959777832,9043000,0.0,0.0
2015-09-24 00:00:00-04:00,47.68663180647847,48.86220725847624,47.4654224089527,48.59675598144531,10302600,0.0,0.0
2015-09-25 00:00:00-04:00,49.216163791435854,49.399453017772586,48.61573256957315,49.10871505737305,10862600,0.0,0.0
2015-09-28 00:00:00-04:00,48.45140405400777,48.62204996871572,47.87625465383521,47.888893127441406,10567000,0.0,0.0
2015-09-29 00:00:00-04:00,48.05954270290409,48.45140288328965,47.5791987433999,48.19226837158203,8797800,0.0,0.0
2015-09-30 00:00:00-04:00,48.7611060862997,49.94299887290523,48.66630064013215,49.854515075683594,14108800,0.0,0.0
2015-10-01 00:00:00-04:00,50.38541447287773,51.124888152909584,49.17823528714657,49.51321029663086,11111900,0.0,0.0
2015-10-02 00:00:00-04:00,49.133997237348204,51.54203414916992,48.862224219762204,51.54203414916992,13051900,0.0,0.0
2015-10-05 00:00:00-04:00,52.08558878285121,53.2106012853693,52.04766370813322,53.109474182128906,14196800,0.0,0.0
2015-10-06 00:00:00-04:00,53.204257134651435,55.384757539529126,53.13473348607818,54.98025894165039,18897100,0.0,0.0
2015-10-07 00:00:00-04:00,55.776620131575015,56.57297889098011,54.53152087099827,55.6944580078125,17670500,0.0,0.0
2015-10-08 00:00:00-04:00,55.5490989481717,56.9711660035972,55.49221858051694,56.825801849365234,11299100,0.0,0.0
2015-10-09 00:00:00-04:00,57.00909322602553,57.135502095181764,56.04208828150551,56.61091613769531,10011100,0.0,0.0
2015-10-12 00:00:00-04:00,56.79419016665294,56.870035467828195,55.53645239302176,56.0863151550293,7917500,0.0,0.0
2015-10-13 00:00:00-04:00,55.492217736220674,56.21273131424683,55.169881191733815,55.85879135131836,8012500,0.0,0.0
2015-10-14 00:00:00-04:00,55.76401287117313,56.86374379692779,55.43535454816177,56.73101806640625,9734500,0.0,0.0
2015-10-15 00:00:00-04:00,56.66147395641197,57.43255110328414,55.89671845785976,57.337745666503906,8960400,0.0,0.0
2015-10-16 00:00:00-04:00,57.86231565988117,57.93183930626863,56.8953062570383,57.6979866027832,7821200,0.0,0.0
2015-10-19 00:00:00-04:00,57.11020134993002,57.22396688337625,56.38968791210518,56.90163040161133,8900400,0.0,0.0
2015-10-20 00:00:00-04:00,56.56667238087051,57.19238059112317,56.49714871061964,56.876365661621094,8221100,0.0,0.0
2015-10-21 00:00:00-04:00,56.528748366547084,57.2808605696944,56.339137492675256,56.459224700927734,7423400,0.0,0.0
2015-10-22 00:00:00-04:00,56.71835882969639,58.02666045955193,56.71835882969639,57.906578063964844,8971700,0.0,0.0
2015-10-23 00:00:00-04:00,57.35670384561129,58.102499195933035,56.939561866717334,57.66639709472656,8134800,0.0,0.0
2015-10-26 00:00:00-04:00,57.432548234448845,57.43886506044846,55.9851994497818,56.105281829833984,8606600,0.0,0.0
2015-10-27 00:00:00-04:00,55.447981059332946,55.59334522502696,54.8222680337645,55.42901611328125,9328800,0.0,0.0
2015-10-28 00:00:00-04:00,55.75134227168053,56.95852137848961,55.5680530701334,56.74995040893555,8236500,0.0,0.0
2015-10-29 00:00:00-04:00,56.45289176779701,57.47045995535636,56.339126230616344,56.813148498535156,6686000,0.0,0.0
2015-10-30 00:00:00-04:00,57.60321388547238,58.13412159357215,56.50980468444374,57.43888473510742,11559300,0.0,0.0
2015-11-02 00:00:00-05:00,57.2682226560725,60.21980077262819,57.18606051499238,60.01755142211914,14277300,0.0,0.0
2015-11-03 00:00:00-05:00,60.30828294103622,62.34341968820759,60.30828294103622,62.02740478515625,17669200,0.0,0.0
2015-11-04 00:00:00-05:00,61.95156689327741,62.00213044110344,60.725432201530744,61.161529541015625,11931300,0.0,0.0
2015-11-05 00:00:00-05:00,60.70645597878751,61.02247083589311,59.619364098823596,59.7584114074707,11184800,0.0,0.0
2015-11-06 00:00:00-05:00,59.22751824412991,59.455049381957316,57.99506193256914,59.42976760864258,9634200,0.0,0.0
2015-11-09 00:00:00-05:00,59.08213669438392,59.69520143439625,58.20993264862746,58.34897994995117,7659100,0.0,0.0
2015-11-10 00:00:00-05:00,58.20994416337197,59.094786856099546,58.04561506366427,58.92414093017578,6823100,0.0,0.0
2015-11-11 00:00:00-05:00,59.025256568169006,59.22750589049665,58.05825184510234,58.266822814941406,6085300,0.0,0.0
2015-11-12 00:00:00-05:00,57.356714764992404,57.609527695299825,56.40866989284377,56.79420852661133,8951300,0.0,0.0
2015-11-13 00:00:00-05:00,56.61091470125851,56.86372761115084,55.738715225235396,56.04840850830078,7676600,0.0,0.0
2015-11-16 00:00:00-05:00,56.1635606085633,58.51783692732246,56.1635606085633,58.50503921508789,10101100,1.07,0.0
2015-11-17 00:00:00-05:00,58.38988940738684,59.17678282936138,58.02523267059316,58.236351013183594,7575800,0.0,0.0
2015-11-18 00:00:00-05:00,58.49865211468121,59.33672177134338,58.236352672915,58.99125671386719,6886900,0.0,0.0
2015-11-19 00:00:00-05:00,58.8760759014839,59.09359301166765,57.852478891225076,58.10837936401367,6096700,0.0,0.0
2015-11-20 00:00:00-05:00,57.98683488001008,58.41546543444693,56.81609332305897,56.94404602050781,8561400,0.0,0.0
2015-11-23 00:00:00-05:00,56.71373859663724,57.85888966560055,56.36827361933296,57.583797454833984,6889600,0.0,0.0
2015-11-24 00:00:00-05:00,57.69894541856199,59.04881576731712,57.44944377882962,58.4410514831543,8549000,0.0,0.0
2015-11-25 00:00:00-05:00,58.03164048634343,58.42188782923455,57.67978140860274,58.134002685546875,5419300,0.0,0.0
2015-11-27 00:00:00-05:00,57.73734960608198,58.114799188653706,57.60940175321983,57.81412124633789,2547800,0.0,0.0
2015-11-30 00:00:00-05:00,57.98683793812943,58.83130626224213,57.8588901148292,58.42186737060547,12179400,0.0,0.0
2015-12-01 00:00:00-05:00,58.197971410745694,59.27275000169522,58.197971410745694,59.16399383544922,6975500,0.0,0.0
2015-12-02 00:00:00-05:00,59.240747979291,59.298327919149926,57.59659347889449,57.73733901977539,11830700,0.0,0.0
2015-12-03 00:00:00-05:00,58.095593451039285,58.485840653072344,56.52821066843843,56.8416862487793,10996800,0.0,0.0
2015-12-04 00:00:00-05:00,56.233928475584236,57.4622451744632,55.33188019675654,57.39187240600586,13170200,0.0,0.0
2015-12-07 00:00:00-05:00,55.96526356275393,56.25954761640329,54.31470941407352,55.837310791015625,15378900,0.0,0.0
2015-12-08 00:00:00-05:00,54.896847524298124,56.29789907451669,53.89884087531854,55.29989242553711,13397500,0.0,0.0
2015-12-09 00:00:00-05:00,55.44702562648538,57.666954675442035,55.21032170150802,56.0419921875,14675800,0.0,0.0
2015-12-10 00:00:00-05:00,56.297905889328504,57.871687672799816,56.04840419688165,57.129581451416016,14534800,0.0,0.0
2015-12-11 00:00:00-05:00,56.20193577036949,56.24032402056621,55.075976422228166,55.29989242553711,13186900,0.0,0.0
2015-12-14 00:00:00-05:00,55.21032365692209,57.31509292381951,54.640947612665364,57.14876174926758,12430700,0.0,0.0
2015-12-15 00:00:00-05:00,57.948460063365026,59.75255187602601,57.92926837613944,59.34311294555664,19158500,0.0,0.0
2015-12-16 00:00:00-05:00,59.227956556604965,60.02124385573083,58.095598227798405,59.778141021728516,16917900,0.0,0.0
2015-12-17 00:00:00-05:00,59.81652694611283,60.13640142176049,57.83330617327675,57.92287063598633,14082500,0.0,0.0
2015-12-18 00:00:00-05:00,57.61578592315323,58.38988152728459,57.12958026031004,57.455848693847656,20167200,0.0,0.0
2015-12-21 00:00:00-05:00,57.83329367469288,58.02521539006622,56.43224221225585,57.091182708740234,12852300,0.0,0.0
2015-12-22 00:00:00-05:00,57.01441485449543,58.08279417985567,56.489821033350594,57.7501220703125,9661700,0.0,0.0
2015-12-23 00:00:00-05:00,58.984843114242665,60.040429712546604,58.58180308837235,60.01483917236328,11172800,0.0,0.0
2015-12-24 00:00:00-05:00,60.10440834104928,60.10440834104928,58.86329877055183,58.88888931274414,4998700,0.0,0.0
2015-12-28 00:00:00-05:00,57.775715531536804,58.03801489582978,57.379074378952055,57.80770492553711,6800000,0.0,0.0
2015-12-29 00:00:00-05:00,58.786517858621984,59.22794610014606,58.26192402878157,58.377079010009766,6471200,0.0,0.0
2015-12-30 00:00:00-05:00,57.64136284356897,58.20434488145299,57.50701618840912,57.63496398925781,5600200,0.0,0.0
2015-12-31 00:00:00-05:00,57.180748099741415,58.127578506321626,56.95043813275964,57.55180358886719,6988700,0.0,0.0
2016-01-04 00:00:00-05:00,57.276715676575336,57.64777119340948,56.02280847431535,56.8416862487793,11397300,0.0,0.0
2016-01-05 00:00:00-05:00,56.96964968863139,57.353498107642956,56.19554911313966,57.32790756225586,7883400,0.0,0.0
2016-01-06 00:00:00-05:00,55.93964050457879,56.15715276879927,54.481013920593824,55.06318283081055,14511400,0.0,0.0
2016-01-07 00:00:00-05:00,54.0907814629401,54.85847833273002,52.888050184465506,53.111961364746094,15368800,0.0,0.0
2016-01-08 00:00:00-05:00,53.34866082352632,53.63654587855817,51.96040687041372,52.54257583618164,11891600,0.0,0.0
2016-01-11 00:00:00-05:00,53.00321430084045,53.07998595335609,51.03278581435876,51.67253494262695,14366400,0.0,0.0
2016-01-12 00:00:00-05:00,52.587373930674595,52.71532667888031,50.981607208103654,52.555389404296875,13477500,0.0,0.0
2016-01-13 00:00:00-05:00,53.201526386820575,53.89885041734185,51.1863161665506,52.030784606933594,15550100,0.0,0.0
2016-01-14 00:00:00-05:00,52.42741779840915,55.127158803248136,51.78766893018746,54.67933654785156,16433400,0.0,0.0
2016-01-15 00:00:00-05:00,52.229093120357454,53.61734688424982,51.73648867800395,53.52778244018555,17870300,0.0,0.0
2016-01-19 00:00:00-05:00,53.84767250073441,54.21872809450752,51.68532262411788,52.14594268798828,13155600,0.0,0.0
2016-01-20 00:00:00-05:00,51.16711162920793,51.378225025615066,48.192278706423274,50.52736282348633,26151100,0.0,0.0
2016-01-21 00:00:00-05:00,50.41221521468391,52.235498601418605,49.913206973301534,51.85165023803711,16107800,0.0,0.0
2016-01-22 00:00:00-05:00,54.03319369489499,54.500212558388775,52.28028300460971,53.44462585449219,15724600,0.0,0.0
2016-01-25 00:00:00-05:00,52.64493606219437,53.92443382562824,51.691711595087185,51.74928665161133,12370300,0.0,0.0
2016-01-26 00:00:00-05:00,52.44022028928293,54.05878429248116,52.04357419770631,53.81568145751953,12191400,0.0,0.0
2016-01-27 00:00:00-05:00,53.706914937805344,55.08237596537061,52.68971659147113,53.28468322753906,12380600,0.0,0.0
2016-01-28 00:00:00-05:00,54.85847178704541,55.45983735452807,53.54698450333447,54.967227935791016,13017400,0.0,0.0
2016-01-29 00:00:00-05:00,53.77089311274296,55.47262252573718,53.06716546886554,55.31908416748047,20248900,0.0,0.0
2016-02-01 00:00:00-05:00,54.47460640391764,55.07596690290131,53.89243270537148,54.564170837402344,10958300,0.0,0.0
2016-02-02 00:00:00-05:00,52.913621809402166,53.12474008141429,51.79406142744784,51.97319030761719,13326200,0.0,0.0
2016-02-03 00:00:00-05:00,52.708890745771704,54.14192635138945,51.08392859329581,54.13553237915039,13964100,0.0,0.0
2016-02-04 00:00:00-05:00,54.11635957201338,55.13996176333399,53.63015390012277,54.24431228637695,12825000,0.0,0.0
2016-02-05 00:00:00-05:00,53.70052176546875,53.92443289402203,52.62574346751646,53.02238464355469,15090100,0.0,0.0
2016-02-08 00:00:00-05:00,52.30586982183215,55.46622597161642,51.883633217988816,55.01200485229492,17712800,0.0,0.0
2016-02-09 00:00:00-05:00,54.42984132400319,54.88406248851108,52.568169554232874,53.04798126220703,12605600,0.0,0.0
2016-02-10 00:00:00-05:00,52.952009494674115,53.67492880977026,52.13953061308303,53.1247444152832,12110300,0.0,0.0
2016-02-11 00:00:00-05:00,52.203507626080444,53.52139363774523,51.58934928705557,53.09275817871094,12741400,0.0,0.0
2016-02-12 00:00:00-05:00,53.610947405179296,54.74969940354413,53.22709424901061,54.65373611450195,9835100,0.0,0.0
2016-02-16 00:00:00-05:00,55.21738831054777,55.321043862801645,53.97348708387006,54.945281982421875,10631500,1.07,0.0
2016-02-17 00:00:00-05:00,55.33399231964528,57.439547492670386,55.081321151503126,57.212791442871094,12710500,0.0,0.0
2016-02-18 00:00:00-05:00,57.49787949594801,57.821811211418144,56.11145214916032,56.1891975402832,9517800,0.0,0.0
2016-02-19 00:00:00-05:00,55.93005985102544,56.066110599480204,54.93882943885038,56.04019546508789,9783300,0.0,0.0
2016-02-22 00:00:00-05:00,56.0401703686238,58.20403122187201,56.0401703686238,57.543212890625,10299900,0.0,0.0
2016-02-23 00:00:00-05:00,57.26462419543136,57.322934449965494,54.87400755840829,55.01006317138672,10655800,0.0,0.0
2016-02-24 00:00:00-05:00,53.98646486290093,55.38584740654451,53.707883369365454,55.243316650390625,9775200,0.0,0.0
2016-02-25 00:00:00-05:00,55.50243968234386,55.52835480372529,54.25206349681297,55.262733459472656,9452600,0.0,0.0
2016-02-26 00:00:00-05:00,56.34466208552298,56.42888252030593,54.601908533230436,54.64725875854492,9369900,0.0,0.0
2016-02-29 00:00:00-05:00,55.02951522152586,55.19795613582076,53.81800896240705,54.05772018432617,11549600,0.0,0.0
2016-03-01 00:00:00-05:00,54.49825549571663,56.059603275628504,54.012358083837995,55.80045700073242,11614700,0.0,0.0
2016-03-02 00:00:00-05:00,55.32754522180186,56.4807414887417,54.679681706190145,56.45482635498047,9637600,0.0,0.0
2016-03-03 00:00:00-05:00,56.364110788955934,56.73339269641275,55.748642590796244,56.70747756958008,8526100,0.0,0.0
2016-03-04 00:00:00-05:00,56.63619076193516,57.413629444133306,56.169728541176916,56.96660232543945,9328600,0.0,0.0
2016-03-07 00:00:00-05:00,56.973096332434885,58.80007051722305,56.72043005793898,58.74176025390625,12784300,0.0,0.0
2016-03-08 00:00:00-05:00,58.55387403306222,59.00738123716824,57.22575744336102,57.49137878417969,10508400,0.0,0.0
2016-03-09 00:00:00-05:00,58.11336082278123,61.313808471720506,57.9643549681892,60.13469696044922,19323100,0.0,0.0
2016-03-10 00:00:00-05:00,60.11525038270706,60.86676941774924,59.616392756044434,60.860294342041016,12090900,0.0,0.0
2016-03-11 00:00:00-05:00,61.5146238816688,62.28558285959563,60.49747860704502,61.27491760253906,14098800,0.0,0.0
2016-03-14 00:00:00-04:00,60.62057296074131,61.436882158979714,60.30959638047738,61.06760025024414,6898900,0.0,0.0
2016-03-15 00:00:00-04:00,60.34846625773807,61.1582953676304,59.765388310054654,61.07406997680664,7006300,0.0,0.0
2016-03-16 00:00:00-04:00,61.36562030527229,62.285585121009994,60.7177569235744,61.80616760253906,9969200,0.0,0.0
2016-03-17 00:00:00-04:00,62.3568408262928,63.3221557314626,61.7348926693697,62.7714729309082,10679400,0.0,0.0
2016-03-18 00:00:00-04:00,63.393431420034574,63.432306584356496,62.10418466408032,63.28977584838867,14436300,0.0,0.0
2016-03-21 00:00:00-04:00,62.85569546619263,63.19258715163735,62.13657174742642,62.47993850708008,8040100,0.0,0.0
2016-03-22 00:00:00-04:00,62.03291080135325,62.7844345997958,61.75432938542089,61.87094497680664,7567100,0.0,0.0
2016-03-23 00:00:00-04:00,61.36561456461696,61.42391989096884,60.27720398747138,60.63352584838867,10302800,0.0,0.0
2016-03-24 00:00:00-04:00,59.95325539022387,61.5081279101549,59.76537448704688,61.4498176574707,8159100,0.0,0.0
2016-03-28 00:00:00-04:00,61.4822371586115,61.59885276739441,60.89915911469693,61.33970642089844,5054000,0.0,0.0
2016-03-29 00:00:00-04:00,60.7630996212692,61.7996799147747,60.212416803732346,61.754329681396484,6616600,0.0,0.0
2016-03-30 00:00:00-04:00,62.42164465101354,62.64192080214923,61.65069047905373,61.7089958190918,6182900,0.0,0.0
2016-03-31 00:00:00-04:00,61.67011688551914,62.32445534221416,61.51462611509181,61.80616760253906,5943900,0.0,0.0
2016-04-01 00:00:00-04:00,60.69831834150856,61.404487014625424,60.458607124580006,61.06760025024414,7555900,0.0,0.0
2016-04-04 00:00:00-04:00,61.18421626075718,61.21013138785358,60.27720658360358,60.52987289428711,6552000,0.0,0.0
2016-04-05 00:00:00-04:00,60.25131371804187,60.4780649854086,59.8820316703855,60.03751754760742,6662000,0.0,0.0
2016-04-06 00:00:00-04:00,60.34848113894166,61.5470275285684,60.13468501493744,61.44336700439453,6836400,0.0,0.0
2016-04-07 00:00:00-04:00,61.13888254547267,61.56646990109656,60.9510015303569,61.41098403930664,6817700,0.0,0.0
2016-04-08 00:00:00-04:00,62.356834459882755,62.75851143269614,62.039382868435766,62.40866470336914,7108500,0.0,0.0
2016-04-11 00:00:00-04:00,62.75852749341,63.03710894493681,61.644201687302754,61.70250701904297,6644200,0.0,0.0
2016-04-12 00:00:00-04:00,61.99403440671475,63.451726682357865,61.8255885819886,63.17314529418945,8783400,0.0,0.0
2016-04-13 00:00:00-04:00,63.361040026617346,63.432305393263086,62.862182460097195,63.23146438598633,6406800,0.0,0.0
2016-04-14 00:00:00-04:00,63.26384600510171,63.66551804816123,63.07596507346242,63.47764205932617,6162200,0.0,0.0
2016-04-15 00:00:00-04:00,63.30273574996902,63.36104602947864,62.816838172880395,62.991764068603516,6551600,0.0,0.0
2016-04-18 00:00:00-04:00,62.99175589480191,63.982986032591896,61.88390521312534,63.94411087036133,7770200,0.0,0.0
2016-04-19 00:00:00-04:00,64.13845756872377,65.1296874857554,63.594254846747184,65.1102523803711,10584800,0.0,0.0
2016-04-20 00:00:00-04:00,64.83815768931704,66.43190075123134,64.68266694463917,65.88121795654297,10150500,0.0,0.0
2016-04-21 00:00:00-04:00,65.84882993489451,66.60035378700775,65.50546315318263,65.69334411621094,8278600,0.0,0.0
2016-04-22 00:00:00-04:00,65.91361325793007,66.40599076858986,65.75812744401826,66.08853912353516,5754000,0.0,0.0
2016-04-25 00:00:00-04:00,65.73870278968108,65.93305885227845,65.3240705914399,65.76461791992188,6612100,0.0,0.0
2016-04-26 00:00:00-04:00,66.11444980445243,66.71696285350629,65.89417371864978,66.26993560791016,5650700,0.0,0.0
2016-04-27 00:00:00-04:00,66.66514847390606,67.33892703968375,66.32825671961434,67.2806167602539,8383600,0.0,0.0
2016-04-28 00:00:00-04:00,66.81413921522643,67.54622789519212,66.11445061963727,66.34120178222656,7598000,0.0,0.0
2016-04-29 00:00:00-04:00,65.52490614001285,66.49022125531341,65.18153931702172,66.19868469238281,8826900,0.0,0.0
2016-05-02 00:00:00-04:00,65.97191318377865,67.28059471939324,65.95247807793749,66.93074798583984,6844500,0.0,0.0
2016-05-03 00:00:00-04:00,66.25049539933056,66.30880071758624,65.46658148279987,65.6415023803711,7033600,0.0,0.0
2016-05-04 00:00:00-04:00,65.47309103015941,66.27644541857366,65.03902362302374,65.16859436035156,7444100,0.0,0.0
2016-05-05 00:00:00-04:00,65.98488026234077,66.47077776787023,65.34349693902728,65.706298828125,6474300,0.0,0.0
2016-05-06 00:00:00-04:00,65.33054011739841,66.53556638580278,65.33054011739841,65.99136352539062,5966800,0.0,0.0
2016-05-09 00:00:00-04:00,65.83586588571173,65.95248146955984,64.1902926215458,65.01307678222656,9342100,0.0,0.0
2016-05-10 00:00:00-04:00,65.2009634923832,65.62207563483004,65.05195769820966,65.60911560058594,6698100,0.0,0.0
2016-05-11 00:00:00-04:00,65.5896724197938,65.91360403676228,64.88350386734852,65.52488708496094,6850700,0.0,0.0
2016-05-12 00:00:00-04:00,66.1792404069788,66.35416133192898,65.48602683887889,66.15980529785156,6532400,0.0,0.0
2016-05-13 00:00:00-04:00,65.84234500846291,66.10797133243126,65.01956079718464,65.2657470703125,5665200,0.0,0.0
2016-05-16 00:00:00-04:00,65.99783421615798,66.47077164332659,65.69333768323335,66.26993560791016,6779400,0.0,0.0
2016-05-17 00:00:00-04:00,66.17174213884685,66.89847286392775,65.69380017742053,65.96223449707031,7028000,1.07,0.0
2016-05-18 00:00:00-04:00,66.06044347950544,66.30268372883178,65.10456453459582,65.51048278808594,5927500,0.0,0.0
2016-05-19 00:00:00-04:00,64.98670061074385,65.52356413604687,64.50221023798971,65.37297821044922,6241100,0.0,0.0
2016-05-20 00:00:00-04:00,65.66759889167565,65.73306907600829,65.13727890995499,65.33369445800781,4707100,0.0,0.0
2016-05-23 00:00:00-04:00,64.93434431099276,65.55631878913088,64.8623255825696,65.0652847290039,4231200,0.0,0.0
2016-05-24 00:00:00-04:00,65.43193353560068,65.96879729605944,65.22242584847183,65.59561157226562,4383300,0.0,0.0
2016-05-25 00:00:00-04:00,66.00806102307347,66.7675293105886,66.00806102307347,66.63003540039062,5428200,0.0,0.0
2016-05-26 00:00:00-04:00,66.68241051053559,67.02286351871392,66.10626579792206,66.45326232910156,4147200,0.0,0.0
2016-05-27 00:00:00-04:00,66.3746935662982,66.85263547231067,66.04079407893569,66.79370880126953,5008900,0.0,0.0
2016-05-31 00:00:00-04:00,66.87881221772588,66.96392295458631,65.8443663617853,66.12589263916016,8141800,0.0,0.0
2016-06-01 00:00:00-04:00,65.62831303021999,66.37468412352133,65.39916488667218,66.21100616455078,4815200,0.0,0.0
2016-06-02 00:00:00-04:00,65.73305791446167,65.84435770843383,65.28785374351901,65.81816864013672,6714100,0.0,0.0
2016-06-03 00:00:00-04:00,65.8967336499077,66.21754098451606,65.47117004560053,65.90328216552734,4957800,0.0,0.0
2016-06-06 00:00:00-04:00,66.3485053359114,66.806806689107,66.07352752102744,66.2372055053711,5948200,0.0,0.0
2016-06-07 00:00:00-04:00,66.67585305119161,67.89361750357294,66.52527212146616,67.64482879638672,9807000,0.0,0.0
2016-06-08 00:00:00-04:00,67.79541930645397,68.14241581456976,67.21926963707945,67.49424743652344,6318100,0.0,0.0
2016-06-09 00:00:00-04:00,66.80680238326465,67.52043595138097,66.80025386569739,67.31092834472656,4247500,0.0,0.0
2016-06-10 00:00:00-04:00,67.08832449978972,67.41568042689316,66.29612375560598,66.76751708984375,8108400,0.0,0.0
2016-06-13 00:00:00-04:00,66.45325086562991,67.5007887965205,66.37468364766755,66.84607696533203,6360100,0.0,0.0
2016-06-14 00:00:00-04:00,66.6234909306463,66.81335799982786,65.81164449792739,66.3092269897461,6924000,0.0,0.0
2016-06-15 00:00:00-04:00,65.8836441040039,66.54490439520829,65.63485542778402,65.8836441040039,5627000,0.0,0.0
2016-06-16 00:00:00-04:00,65.45155551310965,66.29613454185449,64.66589816320348,66.17173767089844,8043000,0.0,0.0
2016-06-17 00:00:00-04:00,66.41398134735915,66.61039193396809,65.7330803246589,66.49909210205078,8762200,0.0,0.0
2016-06-20 00:00:00-04:00,67.35675505258381,67.69720802052248,67.17343652910382,67.17998504638672,6627000,0.0,0.0
2016-06-21 00:00:00-04:00,67.23235687769036,67.72993425322731,66.95737412325138,67.59244537353516,4938700,0.0,0.0
2016-06-22 00:00:00-04:00,67.76266724495622,67.795404831019,66.90499643669831,66.97046661376953,4866400,0.0,0.0
2016-06-23 00:00:00-04:00,67.72993685505597,68.38464868543855,67.48114815773033,68.37810516357422,5593600,0.0,0.0
2016-06-24 00:00:00-04:00,66.42705887550393,67.44186416729782,66.23719185339164,66.71513366699219,11481400,0.0,0.0
2016-06-27 00:00:00-04:00,66.2895794794223,66.38778726284734,65.15692570135695,65.7068862915039,8248700,0.0,0.0
2016-06-28 00:00:00-04:00,66.26993134641796,66.78060576778638,65.89019729127818,66.53836059570312,7171100,0.0,0.0
2016-06-29 00:00:00-04:00,67.12105498161918,68.53523493979564,66.97702257407592,67.71029663085938,8887500,0.0,0.0
2016-06-30 00:00:00-04:00,67.80195887720011,68.74474555754985,67.61864035492212,68.6334457397461,7649700,0.0,0.0
2016-07-01 00:00:00-04:00,68.60071439333643,68.66618458653046,67.94600247128504,68.18824768066406,6117800,0.0,0.0
2016-07-05 00:00:00-04:00,67.76266494597067,68.00491008747528,67.33710131686436,67.8084945678711,7766600,0.0,0.0
2016-07-06 00:00:00-04:00,67.60554528951897,68.48285674831148,67.0817738249783,68.46976470947266,6166900,0.0,0.0
2016-07-07 00:00:00-04:00,68.67272308834295,68.744741788869,66.87226556530113,67.46805572509766,7707400,0.0,0.0
2016-07-08 00:00:00-04:00,68.0114688093128,68.72510736132578,67.4353241487858,68.59416198730469,9043600,0.0,0.0
2016-07-11 00:00:00-04:00,68.6203498380354,69.39945856563328,68.61380631574252,69.00008392333984,7206100,0.0,0.0
2016-07-12 00:00:00-04:00,69.59588964857767,70.25060166786793,69.51732240804257,69.91014862060547,8377200,0.0,0.0
2016-07-13 00:00:00-04:00,69.91013821744265,70.18511602581225,69.30780444814098,69.82502746582031,5959900,0.0,0.0
2016-07-14 00:00:00-04:00,70.1851058524465,70.43389954352766,69.68097994350887,69.85774993896484,4750900,0.0,0.0
2016-07-15 00:00:00-04:00,70.27022996160963,70.4077188622513,69.65479917249937,70.07381439208984,6164300,0.0,0.0
2016-07-18 00:00:00-04:00,69.83812341698412,69.89050157247947,69.41255964493209,69.45838928222656,4931500,0.0,0.0
2016-07-19 00:00:00-04:00,69.38633993379128,69.57620190862403,69.17028389960512,69.42562103271484,4630800,0.0,0.0
2016-07-20 00:00:00-04:00,69.35363186542504,69.48457224758909,68.74474959775698,69.13102722167969,6802000,0.0,0.0
2016-07-21 00:00:00-04:00,69.00663244068791,69.30125078563314,68.65963594706857,69.00008392333984,5701000,0.0,0.0
2016-07-22 00:00:00-04:00,69.18994903390426,69.39945662769509,68.87568514569047,69.1768569946289,5255400,0.0,0.0
2016-07-25 00:00:00-04:00,68.65310582078271,68.8167838329446,67.29130356078231,67.48117065429688,7784000,0.0,0.0
2016-07-26 00:00:00-04:00,67.15381897790087,67.54010170904249,66.83301145190848,67.22583770751953,6101100,0.0,0.0
2016-07-27 00:00:00-04:00,67.22579864248355,67.64481373765247,66.64965413538977,66.95082092285156,5412200,0.0,0.0
2016-07-28 00:00:00-04:00,66.83954567374172,66.92466143056667,66.11281994928723,66.64313507080078,8226200,0.0,0.0
2016-07-29 00:00:00-04:00,65.81819540516737,67.21273513751824,65.37299105318195,67.09488677978516,10157600,0.0,0.0
2016-08-01 00:00:00-04:00,66.3419576069581,66.8460835689509,64.56768896856674,64.88849639892578,11550600,0.0,0.0
2016-08-02 00:00:00-04:00,65.15690628161393,65.51699971516292,64.10282503851954,65.2027359008789,9752700,0.0,0.0
2016-08-03 00:00:00-04:00,65.24205202836905,65.89021551203194,65.00635530793596,65.87057495117188,6611700,0.0,0.0
2016-08-04 00:00:00-04:00,65.65451326862254,66.1782848244257,65.47119472260816,65.72653198242188,6088100,0.0,0.0
2016-08-05 00:00:00-04:00,66.11935076021622,66.1717289089523,65.2878688780156,65.80509185791016,6710500,0.0,0.0
2016-08-08 00:00:00-04:00,66.11936989176056,66.57112281397669,65.94259983244713,66.2568588256836,5447500,0.0,0.0
2016-08-09 00:00:00-04:00,66.68238457983718,66.78059233227776,65.97529475632956,66.33538818359375,4957300,0.0,0.0
2016-08-10 00:00:00-04:00,66.55145960074577,66.65621089782067,65.43190295264654,65.5628433227539,5081300,0.0,0.0
2016-08-11 00:00:00-04:00,65.8967378001773,66.68893840821652,65.72651134872255,66.38777160644531,4836600,0.0,0.0
2016-08-12 00:00:00-04:00,66.61040075619519,66.99668345261546,66.29614177797652,66.88538360595703,5199000,0.0,0.0
2016-08-15 00:00:00-04:00,67.18000056663902,67.47461897671676,67.05560368480091,67.28475189208984,4886300,0.0,0.0
2016-08-16 00:00:00-04:00,67.28474912830487,67.38950544450901,66.99667924885566,67.1865463256836,5384300,0.0,0.0
2016-08-17 00:00:00-04:00,67.15343113766198,67.68272128392935,66.83585604036458,67.62979125976562,5311600,1.07,0.0
2016-08-18 00:00:00-04:00,67.90106503813591,68.54282785345977,67.52394735923343,68.50975036621094,6944400,0.0,0.0
2016-08-19 00:00:00-04:00,68.19217637443455,68.23187137889535,67.56364858126955,67.69596862792969,5057200,0.0,0.0
2016-08-22 00:00:00-04:00,67.31888007541082,67.74892798469313,66.98145724841227,67.44458770751953,5494900,0.0,0.0
2016-08-23 00:00:00-04:00,67.50409983284769,67.59672487340863,67.15344717248323,67.27253723144531,4929700,0.0,0.0
2016-08-24 00:00:00-04:00,67.08729945578355,67.67613234207865,67.0079043860171,67.61658477783203,5178300,0.0,0.0
2016-08-25 00:00:00-04:00,67.67613659554377,67.67613659554377,67.17331121746098,67.41149139404297,4490100,0.0,0.0
2016-08-26 00:00:00-04:00,67.55703559338075,67.8018332485671,66.73002262709971,67.03436279296875,4776200,0.0,0.0
2016-08-29 00:00:00-04:00,66.98144133987432,67.63643932748543,66.82265624334157,67.51734924316406,4026900,0.0,0.0
2016-08-30 00:00:00-04:00,67.51733424853363,67.90106439262621,67.0674390352001,67.2857666015625,3712800,0.0,0.0
2016-08-31 00:00:00-04:00,66.95496446787381,67.04097704269446,66.10810403930506,66.54476928710938,6249100,0.0,0.0
2016-09-01 00:00:00-04:00,66.39261285942435,66.54478549585141,65.81039743489094,66.29998779296875,6045000,0.0,0.0
2016-09-02 00:00:00-04:00,66.74985639593498,67.1269740290544,66.33304376386158,66.77632141113281,4676600,0.0,0.0
2016-09-06 00:00:00-04:00,66.96158756115598,67.88784312492345,66.80280247949739,67.76875305175781,5429000,0.0,0.0
2016-09-07 00:00:00-04:00,67.98047500101411,68.1789601587781,67.64305225189023,68.06648254394531,5284300,0.0,0.0
2016-09-08 00:00:00-04:00,68.37081859798214,69.03904653766583,67.79522076126588,68.88687896728516,5788800,0.0,0.0
2016-09-09 00:00:00-04:00,68.37744034217404,68.41714040238175,66.97482939112031,67.00128936767578,7808700,0.0,0.0
2016-09-12 00:00:00-04:00,66.95498041951377,67.84815863051058,66.53816762268612,67.64967346191406,8149100,0.0,0.0
2016-09-13 00:00:00-04:00,67.25268833963969,67.25268833963969,65.61189256648218,65.7839126586914,9300400,0.0,0.0
2016-09-14 00:00:00-04:00,65.57883011516742,66.12796295656176,64.95029715432044,65.1156997680664,8201400,0.0,0.0
2016-09-15 00:00:00-04:00,65.1686279066843,66.41907122615495,65.12231537809973,65.83023834228516,6701600,0.0,0.0
2016-09-16 00:00:00-04:00,65.05612619627757,65.3736962363769,64.52683606586565,64.73193359375,12725600,0.0,0.0
2016-09-19 00:00:00-04:00,65.05613300806648,65.40016809547754,64.83118291239803,64.86426544189453,6182000,0.0,0.0
2016-09-20 00:00:00-04:00,64.95029333551356,65.15539599692666,64.62610564498478,64.63933563232422,5771900,0.0,0.0
2016-09-21 00:00:00-04:00,65.06937644318526,65.95593693058153,65.00321641820018,65.9162368774414,6361600,0.0,0.0
2016-09-22 00:00:00-04:00,66.50508474442097,66.65725737927178,66.05518940585932,66.14781951904297,5416700,0.0,0.0
2016-09-23 00:00:00-04:00,65.72437903637451,66.52493211499821,65.41342636797734,65.64498901367188,7396800,0.0,0.0
2016-09-26 00:00:00-04:00,65.82362466691205,66.34629754726926,65.27449180955085,65.3538818359375,5781800,0.0,0.0
2016-09-27 00:00:00-04:00,64.99661067619282,65.93610137284999,64.69888798598133,65.4862060546875,6476100,0.0,0.0
2016-09-28 00:00:00-04:00,65.8434725644852,67.66951889753109,65.33403471729228,67.58351135253906,10190900,0.0,0.0
2016-09-29 00:00:00-04:00,67.48426722665285,67.66289983068219,66.47862154386551,67.00128936767578,8148400,0.0,0.0
2016-09-30 00:00:00-04:00,67.37179591831149,68.54284423873291,66.97483064262732,68.09294891357422,9431500,0.0,0.0
2016-10-03 00:00:00-04:00,67.84816277269401,68.03341291592707,67.42473243167903,67.78199768066406,4334700,0.0,0.0
2016-10-04 00:00:00-04:00,67.95401004966492,68.0929476411738,66.66387166587734,67.00128936767578,6505400,0.0,0.0
2016-10-05 00:00:00-04:00,67.47763871342576,68.05985905652047,67.31885364153013,67.63642883300781,5912800,0.0,0.0
2016-10-06 00:00:00-04:00,67.69597282626403,67.94738294958461,67.04759244297148,67.60334777832031,4362900,0.0,0.0
2016-10-07 00:00:00-04:00,67.8150678197022,68.45683073255269,67.60997020545851,67.66289520263672,5844500,0.0,0.0
2016-10-10 00:00:00-04:00,68.28480008900894,69.08534796541647,68.28480008900894,68.79424285888672,5982700,0.0,0.0
2016-10-11 00:00:00-04:00,68.6619383898575,68.87365355259824,67.93416783341664,68.17234802246094,5337300,0.0,0.0
2016-10-12 00:00:00-04:00,67.9738591117575,68.03340667958842,67.21962357048173,67.58351135253906,4935100,0.0,0.0
2016-10-13 00:00:00-04:00,67.14683341968184,67.2990060220965,65.9030077712257,66.68370819091797,7883000,0.0,0.0
2016-10-14 00:00:00-04:00,67.1402096819376,67.45777977187991,66.56460695334953,66.87556457519531,5114700,0.0,0.0
2016-10-17 00:00:00-04:00,66.78295401178231,67.14683669565383,66.57123889006299,67.06082916259766,4540800,0.0,0.0
2016-10-18 00:00:00-04:00,67.47764935750574,67.6496694903446,66.90205148820552,67.34532928466797,4720900,0.0,0.0
2016-10-19 00:00:00-04:00,67.7952203147995,68.60899830193125,67.64304769773402,67.66289520263672,5905700,0.0,0.0
2016-10-20 00:00:00-04:00,67.2460741668304,67.62980937326698,66.61754636652167,67.39824676513672,4820900,0.0,0.0
2016-10-21 00:00:00-04:00,66.8623356862124,67.19314083810966,66.57784305367333,67.02112579345703,5622400,0.0,0.0
2016-10-24 00:00:00-04:00,67.19315501667408,67.2063900522469,66.20073935157068,66.59770965576172,6077300,0.0,0.0
2016-10-25 00:00:00-04:00,66.65723357781668,67.26591380450206,66.5050609973025,66.67046356201172,4730700,0.0,0.0
2016-10-26 00:00:00-04:00,66.37274621116887,67.17329408192006,66.0750235902325,66.94834899902344,6353700,0.0,0.0
2016-10-27 00:00:00-04:00,67.16007165845345,67.47102934732848,66.10810852050781,66.10810852050781,9897800,0.0,0.0
2016-10-28 00:00:00-04:00,66.90203911830733,69.48893291209687,66.7895615247359,68.68838500976562,17435400,0.0,0.0
2016-10-31 00:00:00-04:00,68.68839018740069,69.77343081843901,68.66192516619407,69.3036880493164,12340800,0.0,0.0
2016-11-01 00:00:00-04:00,69.80650229426479,70.62028011473653,69.76680224490299,70.4482650756836,12755600,0.0,0.0
2016-11-02 00:00:00-04:00,69.89914721086053,70.16379240857148,68.97289154271586,69.72712707519531,8405200,0.0,0.0
2016-11-03 00:00:00-04:00,69.81975213724105,70.25641747061722,69.43601685294455,69.72712707519531,5703200,0.0,0.0
2016-11-04 00:00:00-04:00,69.63451276944258,69.79329789352143,69.05890975408565,69.32355499267578,7085400,0.0,0.0
2016-11-07 00:00:00-05:00,70.13067892758343,70.77905912355574,69.98512388067016,70.69304656982422,7333800,0.0,0.0
2016-11-08 00:00:00-05:00,70.50784667830015,71.57965774709551,70.4086040713895,70.98420715332031,8050000,0.0,0.0
2016-11-09 00:00:00-05:00,70.15716837372759,71.62594428928819,69.92560574012273,71.21574401855469,9161800,0.0,0.0
2016-11-10 00:00:00-05:00,71.14957696729748,71.78472229152781,70.95109184511273,71.31497955322266,8739500,0.0,0.0
2016-11-11 00:00:00-05:00,71.10987820897917,71.22235075002762,70.09099772773101,70.55412292480469,7939500,0.0,0.0
2016-11-14 00:00:00-05:00,70.2299367605706,70.61367195916176,69.85943154745084,70.52104187011719,7656000,0.0,0.0
2016-11-15 00:00:00-05:00,71.116512549889,72.15524085223574,71.0569700266753,72.08908081054688,12156500,0.0,0.0
2016-11-16 00:00:00-05:00,72.30288587142094,72.83747488232177,71.9954989745295,72.40312194824219,7723700,1.08,0.0
2016-11-17 00:00:00-05:00,72.83747929383647,73.57253540468093,71.89526725215642,72.24943542480469,6638100,0.0,0.0
2016-11-18 00:00:00-05:00,72.55015248946414,73.2852087412831,72.2694954821147,72.97113800048828,6815500,0.0,0.0
2016-11-21 00:00:00-05:00,73.74628937910319,74.173958642699,73.5525009474395,73.62600708007812,8476800,0.0,0.0
2016-11-22 00:00:00-05:00,74.0336272149368,74.173955708545,73.04463889560625,73.92002868652344,6440500,0.0,0.0
2016-11-23 00:00:00-05:00,73.77300335547567,74.48801322853369,73.53243880956654,74.17394256591797,4472700,0.0,0.0
2016-11-25 00:00:00-05:00,73.86655566797158,74.32095479933118,73.58589873048383,74.17394256591797,3238600,0.0,0.0
2016-11-28 00:00:00-05:00,74.14055461721702,74.55486150103995,73.75966147013901,73.83985137939453,6406700,0.0,0.0
2016-11-29 00:00:00-05:00,72.90430732066481,73.3186141163445,72.43654569507432,73.06468200683594,7461900,0.0,0.0
2016-11-30 00:00:00-05:00,74.87560261476138,75.49706027995914,74.37442724277025,74.54816436767578,17301900,0.0,0.0
2016-12-01 00:00:00-05:00,75.37009906727343,76.78675671188545,75.1963568329767,75.70421600341797,11792300,0.0,0.0
2016-12-02 00:00:00-05:00,75.64408940649942,76.05171256861443,75.02931532856958,75.51044464111328,6167400,0.0,0.0
2016-12-05 00:00:00-05:00,75.77104257382699,76.49942018609765,75.53047795860182,75.677490234375,6909800,0.0,0.0
2016-12-06 00:00:00-05:00,75.10279591065519,75.83785206647502,74.98251362346872,75.35004425048828,6033600,0.0,0.0
2016-12-07 00:00:00-05:00,75.53715078098769,76.4994091024714,75.3901385265144,76.4726791381836,6434100,0.0,0.0
2016-12-08 00:00:00-05:00,76.66648315396414,77.11419867588239,76.31231487875702,76.96050262451172,5519700,0.0,0.0
2016-12-09 00:00:00-05:00,76.84023187742457,77.50846592651516,76.82686943966009,77.38818359375,5771600,0.0,0.0
2016-12-12 00:00:00-05:00,78.69792460446855,79.51317098997404,77.896045755439,78.28362274169922,10044700,0.0,0.0
2016-12-13 00:00:00-05:00,78.78477427614017,79.05874751170846,77.5351751041428,78.46401977539062,8644200,0.0,0.0
2016-12-14 00:00:00-05:00,77.9895787510565,78.77141119944432,77.35475857806883,77.4884033203125,7878400,0.0,0.0
2016-12-15 00:00:00-05:00,77.26787804753477,78.44397104810463,77.08745715170116,78.2167739868164,7458300,0.0,0.0
2016-12-16 00:00:00-05:00,78.74465716672555,79.23915377799165,78.46400023485141,78.90503692626953,13752300,0.0,0.0
2016-12-19 00:00:00-05:00,79.09885079481428,79.15230563366491,78.46402551309359,78.61772155761719,5772500,0.0,0.0
2016-12-20 00:00:00-05:00,78.75136915367223,79.27259081343585,78.63108684001752,78.81819152832031,4319100,0.0,0.0
2016-12-21 00:00:00-05:00,79.07878614273352,79.51982290177098,78.75803677090568,78.79145050048828,5024600,0.0,0.0
2016-12-22 00:00:00-05:00,78.8115044050754,79.51314691094193,78.69790077231809,79.36613464355469,4992500,0.0,0.0
2016-12-23 00:00:00-05:00,79.12556162855655,79.3193449316907,78.8849970681333,79.13224029541016,2682900,0.0,0.0
2016-12-27 00:00:00-05:00,79.18570847659153,79.4530030269581,78.92509769199448,78.99860382080078,2986900,0.0,0.0
2016-12-28 00:00:00-05:00,79.0587399442717,79.42627057680292,78.68453064439943,78.79145050048828,4086700,0.0,0.0
2016-12-29 00:00:00-05:00,78.85828932324256,79.13226258977878,78.50412614789994,78.7313232421875,3214500,0.0,0.0
2016-12-30 00:00:00-05:00,78.47738591451419,79.01196994197937,78.39051225011403,78.651123046875,5020500,0.0,0.0
2017-01-03 00:00:00-05:00,79.10551349253836,79.51982027386192,77.90937440772507,78.75135040283203,7404800,0.0,0.0
2017-01-04 00:00:00-05:00,79.12558392104356,79.28595864043598,78.58431095848594,78.7313232421875,6679900,0.0,0.0
2017-01-05 00:00:00-05:00,78.85161656539232,79.1723711471807,77.99627781158479,78.39053344726562,5928600,0.0,0.0
2017-01-06 00:00:00-05:00,78.48407728983175,78.57095096829772,77.76906714993632,78.07645416259766,4762500,0.0,0.0
2017-01-09 00:00:00-05:00,77.70891906143332,77.75569522943225,76.92040287357999,77.40821075439453,6891800,0.0,0.0
2017-01-10 00:00:00-05:00,77.22110685668919,77.77574221010917,76.77339137303596,76.8201675415039,6184400,0.0,0.0
2017-01-11 00:00:00-05:00,76.94713166511127,77.81583264299314,76.75334322972797,77.46835327148438,6158200,0.0,0.0
2017-01-12 00:00:00-05:00,77.84924448898427,78.17667765203727,77.1208720306105,77.6220474243164,4940000,0.0,0.0
2017-01-13 00:00:00-05:00,77.42157125289727,78.103167510129,77.25451279690503,77.76905059814453,4953000,0.0,0.0
2017-01-17 00:00:00-05:00,77.78243753386901,78.02968084755639,77.58864906478763,77.7022476196289,4669700,0.0,0.0
2017-01-18 00:00:00-05:00,77.30129438716376,77.54185898853764,77.11418971903294,77.47503662109375,4855300,0.0,0.0
2017-01-19 00:00:00-05:00,77.44163270632808,77.48840887929107,77.04069335261372,77.23448181152344,3427800,0.0,0.0
2017-01-20 00:00:00-05:00,77.7289701241279,78.01631091644275,77.0740986329614,77.24784088134766,6730900,0.0,0.0
2017-01-23 00:00:00-05:00,76.92708489678083,77.48839890004874,76.84021123087996,77.10750579833984,5104100,0.0,0.0
2017-01-24 00:00:00-05:00,77.41489801659503,78.2568741768171,77.25452330453089,77.76238250732422,5024400,0.0,0.0
2017-01-25 00:00:00-05:00,78.11653768053172,78.4707008034844,77.74232325967822,78.34373474121094,5276800,0.0,0.0
2017-01-26 00:00:00-05:00,78.51748774354657,78.7313223998555,77.84925380530362,77.8826675415039,6937300,0.0,0.0
2017-01-27 00:00:00-05:00,75.86458785036646,76.6464202279504,75.41018863038082,76.038330078125,11698900,0.0,0.0
2017-01-30 00:00:00-05:00,75.61066852957873,76.0450215941318,73.98685991160536,74.72191619873047,8252900,0.0,0.0
2017-01-31 00:00:00-05:00,74.7687144642956,74.97586540780762,74.01361175228269,74.40786743164062,7951000,0.0,0.0
2017-02-01 00:00:00-05:00,74.30758726999252,74.69516404931484,74.0670227240834,74.17394256591797,5889300,0.0,0.0
2017-02-02 00:00:00-05:00,74.2875421113684,75.00255199440903,73.98015520913043,74.98250579833984,6289000,0.0,0.0
2017-02-03 00:00:00-05:00,75.11620085426432,76.36579541207054,74.93577478451122,75.89134979248047,6623500,0.0,0.0
2017-02-06 00:00:00-05:00,75.69752212969843,75.84453437768742,75.14288686618328,75.49705505371094,5637300,0.0,0.0
2017-02-07 00:00:00-05:00,75.49705707773487,75.5772418709919,74.24745803454667,74.43456268310547,6038400,0.0,0.0
2017-02-08 00:00:00-05:00,74.26081518950011,74.70185191394572,73.71954748060679,74.5615234375,5188800,0.0,0.0
2017-02-09 00:00:00-05:00,74.56151580719445,75.26315811761994,74.56151580719445,75.01591491699219,4607800,0.0,0.0
2017-02-10 00:00:00-05:00,75.34336630743388,75.81112796140725,75.08943928073687,75.54383850097656,6194300,0.0,0.0
2017-02-13 00:00:00-05:00,75.75099197594024,76.17197747904169,75.54384110749315,76.11852264404297,4858500,0.0,0.0
2017-02-14 00:00:00-05:00,76.01734426114011,76.28044967278588,75.41017594694952,75.9094009399414,5811200,1.08,0.0
2017-02-15 00:00:00-05:00,75.70024797035714,76.3951161963451,75.70024797035714,75.943115234375,7048100,0.0,0.0
2017-02-16 00:00:00-05:00,76.2264775656949,76.2264775656949,74.49942561279853,74.66808319091797,9478200,0.0,0.0
2017-02-17 00:00:00-05:00,74.4926447725708,74.593840303887,73.71681922850459,74.43193054199219,8111000,0.0,0.0
2017-02-21 00:00:00-05:00,74.7017923328722,75.76770396622689,74.61408712684224,75.36967468261719,6619100,0.0,0.0
2017-02-22 00:00:00-05:00,75.01212928464963,75.41015860926129,74.41845144859202,74.4656753540039,5732000,0.0,0.0
2017-02-23 00:00:00-05:00,75.11332714587901,75.44389966358966,74.7152977817648,74.89744567871094,8659700,0.0,0.0
2017-02-24 00:00:00-05:00,74.8164709116906,74.89742322071747,73.85174976864421,74.2902603149414,6189400,0.0,0.0
2017-02-27 00:00:00-05:00,74.64784603096624,75.7407438566427,74.45895036465282,75.38993835449219,7275800,0.0,0.0
2017-02-28 00:00:00-05:00,75.32918730129798,76.0712792623457,75.21449629103972,75.8958740234375,7030200,0.0,0.0
2017-03-01 00:00:00-05:00,76.17922950225237,77.17093657076462,76.15224368066478,76.82687377929688,7353800,0.0,0.0
2017-03-02 00:00:00-05:00,76.68519261769572,77.08996959754501,76.44232540038243,76.47605895996094,5892500,0.0,0.0
2017-03-03 00:00:00-05:00,76.47606668395278,76.83361980471574,76.3748711420152,76.604248046875,4905600,0.0,0.0
2017-03-06 00:00:00-05:00,76.40186440845933,76.57052194578485,76.01057768657942,76.34789276123047,4731900,0.0,0.0
2017-03-07 00:00:00-05:00,76.59750173533736,76.82687349746163,75.34943708685027,75.43038940429688,6660300,0.0,0.0
2017-03-08 00:00:00-05:00,75.34268923020225,75.50459901186852,73.80453343682477,73.94620513916016,9071600,0.0,0.0
2017-03-09 00:00:00-05:00,73.74380778573932,74.32399003001564,73.20410684370421,74.23628997802734,7247400,0.0,0.0
2017-03-10 00:00:00-05:00,75.15383115649746,75.16057890198374,73.83155612737971,74.6208724975586,6560300,0.0,0.0
2017-03-13 00:00:00-04:00,74.55337108767283,74.75575702211958,73.74381190882882,73.77079772949219,6369300,0.0,0.0
2017-03-14 00:00:00-04:00,73.17711576188587,73.24457773141127,72.26636630574708,72.42827606201172,9935700,0.0,0.0
2017-03-15 00:00:00-04:00,72.91403427221765,73.52120249012313,72.54973334147437,73.4537353515625,9472100,0.0,0.0
2017-03-16 00:00:00-04:00,73.40650633679743,73.45373024229308,72.48226630823709,72.76560974121094,8894700,0.0,0.0
2017-03-17 00:00:00-04:00,72.86005410436697,73.14339752393262,72.64417266845703,72.64417266845703,14353400,0.0,0.0
2017-03-20 00:00:00-04:00,72.36758100881028,72.75886776939228,72.19892345480287,72.63069152832031,5301900,0.0,0.0
2017-03-21 00:00:00-04:00,72.90053715316284,73.01522819793551,72.45528390134984,72.88704681396484,7406300,0.0,0.0
2017-03-22 00:00:00-04:00,72.62392129304472,73.43347524274981,72.53621609803069,73.1231460571289,8106800,0.0,0.0
2017-03-23 00:00:00-04:00,73.05568222767569,73.44022111605776,72.69138141546873,72.7723388671875,5451200,0.0,0.0
2017-03-24 00:00:00-04:00,72.81285634420894,73.14342378572417,72.65768909377127,72.85333251953125,6339900,0.0,0.0
2017-03-27 00:00:00-04:00,72.1854263057047,72.4215458296372,71.389362520004,71.69969177246094,6479400,0.0,0.0
2017-03-28 00:00:00-04:00,71.69968189275505,72.68464116188137,71.59174375969599,72.30010223388672,6331500,0.0,0.0
2017-03-29 00:00:00-04:00,72.15167724809596,72.91401245071327,72.10445335344858,72.90726470947266,4919900,0.0,0.0
2017-03-30 00:00:00-04:00,72.96123911068673,73.31879220471419,72.32033749101718,72.71162414550781,6797700,0.0,0.0
2017-03-31 00:00:00-04:00,72.65765972687988,72.95449861799011,72.21915427940057,72.4350357055664,6159000,0.0,0.0
2017-04-03 00:00:00-04:00,72.33384147336064,72.83981405764882,71.76714950250785,72.72512817382812,5800900,0.0,0.0
2017-04-04 00:00:00-04:00,72.77909728032999,73.34578927149958,72.19217235560586,73.30531311035156,4687400,0.0,0.0
2017-04-05 00:00:00-04:00,73.97321768300175,74.66133836392736,73.23786793721729,73.29183959960938,6398800,0.0,0.0
2017-04-06 00:00:00-04:00,73.61563791049647,73.97319103776621,73.36602292211043,73.7303237915039,3934500,0.0,0.0
2017-04-07 00:00:00-04:00,73.79105203375374,73.92598116673943,73.3120651924499,73.44024658203125,4889400,0.0,0.0
2017-04-10 00:00:00-04:00,73.61564960929748,74.34424631685188,73.5144540494366,73.82478332519531,4812100,0.0,0.0
2017-04-11 00:00:00-04:00,73.89223365086578,73.89898139299657,72.90052658542403,73.51444244384766,3956500,0.0,0.0
2017-04-12 00:00:00-04:00,73.777547769738,73.777547769738,73.1636319113144,73.51444244384766,5053300,0.0,0.0
2017-04-13 00:00:00-04:00,73.29183925819977,73.35930126236512,71.46359166610743,71.57827758789062,6894800,0.0,0.0
2017-04-17 00:00:00-04:00,71.62548828125,71.83462714667644,71.274682836147,71.62548828125,5278800,0.0,0.0
2017-04-18 00:00:00-04:00,71.3826143119173,71.9695443935968,71.05204698056701,71.29491424560547,4252700,0.0,0.0
2017-04-19 00:00:00-04:00,71.4365871848182,71.60524472471,70.04685070315587,70.31670379638672,6667900,0.0,0.0
2017-04-20 00:00:00-04:00,70.43137608595313,71.30164944136308,70.4043902671398,70.75519561767578,4988100,0.0,0.0
2017-04-21 00:00:00-04:00,70.70124101895239,71.12625615595753,70.35717820498469,70.76195526123047,5432600,0.0,0.0
2017-04-24 00:00:00-04:00,71.3691218349863,71.78739436713394,71.08577841660535,71.46356964111328,4538200,0.0,0.0
2017-04-25 00:00:00-04:00,71.71320465664819,72.16520573312756,71.63224716579273,72.0032958984375,4619000,0.0,0.0
2017-04-26 00:00:00-04:00,71.78065501982613,72.50925687832198,71.49056382507426,71.56477355957031,6687400,0.0,0.0
2017-04-27 00:00:00-04:00,71.48380369197093,71.49729917609658,70.61353025855475,71.15323638916016,5781800,0.0,0.0
2017-04-28 00:00:00-04:00,72.21915688775701,72.59020036802667,71.50404545580172,71.9830322265625,6848400,0.0,0.0
2017-05-01 00:00:00-04:00,71.68618687924962,72.00326381001801,71.3488718715417,71.4568099975586,4955500,0.0,0.0
2017-05-02 00:00:00-04:00,71.58500550961057,71.86834893685624,70.89687987542017,71.07903289794922,5112200,0.0,0.0
2017-05-03 00:00:00-04:00,71.07903876491048,72.36083718299123,70.92387155317134,71.99653625488281,5663000,0.0,0.0
2017-05-04 00:00:00-04:00,71.67270625219938,71.73342564262174,70.25598395558612,70.7079849243164,8039900,0.0,0.0
2017-05-05 00:00:00-04:00,70.78221797303341,71.43661026274124,70.63379846645786,71.36914825439453,5060000,0.0,0.0
2017-05-08 00:00:00-04:00,71.46358600413626,71.9965445447526,71.38937626132761,71.96955871582031,5175100,0.0,0.0
2017-05-09 00:00:00-04:00,71.85487349633789,72.01678332447304,70.71474666129728,70.89015197753906,5024000,0.0,0.0
2017-05-10 00:00:00-04:00,71.38936528638924,72.07074320787223,71.2004696599234,71.84811401367188,5582800,0.0,0.0
2017-05-11 00:00:00-04:00,72.23938050526893,72.23938050526893,71.26116393235978,71.65245056152344,4632100,0.0,0.0
2017-05-12 00:00:00-04:00,71.55125713754025,71.70642430436355,71.15997564389001,71.48379516601562,4488200,0.0,0.0
2017-05-15 00:00:00-04:00,72.28661196305104,72.66440314962928,71.96953501130763,72.08422088623047,6647500,0.0,0.0
2017-05-16 00:00:00-04:00,72.5699692843661,72.63068867787624,72.14495411787469,72.35408782958984,5001400,0.0,0.0
2017-05-17 00:00:00-04:00,72.35407470856754,72.42222293492229,71.29776420162797,71.35227966308594,6384300,1.08,0.0
2017-05-18 00:00:00-04:00,71.25006239600235,72.02014725935221,70.76619801352524,71.6725845336914,5618100,0.0,0.0
2017-05-19 00:00:00-04:00,71.91111283942577,72.59260559082031,71.6725914163131,72.59260559082031,8383500,0.0,0.0
2017-05-22 00:00:00-04:00,72.98104317778511,72.98104317778511,72.06784555020177,72.31999969482422,4491100,0.0,0.0
2017-05-23 00:00:00-04:00,72.28592949376062,72.6198594563744,72.22459764729908,72.42222595214844,3457100,0.0,0.0
2017-05-24 00:00:00-04:00,72.30640256615158,72.48359219292547,72.05425349663585,72.38818359375,3457200,0.0,0.0
2017-05-25 00:00:00-04:00,72.30638263149282,72.72209364159508,71.36592447059675,71.63170623779297,5293800,0.0,0.0
2017-05-26 00:00:00-04:00,71.59080722055779,71.75436400589177,71.28413239875806,71.36591339111328,3752500,0.0,0.0
2017-05-30 00:00:00-04:00,71.11377122731143,71.3591090463875,70.7048765953104,70.9161376953125,4288000,0.0,0.0
2017-05-31 00:00:00-04:00,70.56857067473666,70.80027569542693,70.24145189328236,70.52086639404297,8037900,0.0,0.0
2017-06-01 00:00:00-04:00,70.6640031909971,71.06608152180762,70.48681357433527,71.05926513671875,4769400,0.0,0.0
2017-06-02 00:00:00-04:00,70.75256643102325,70.83434742047045,70.03699707164503,70.26870727539062,5864000,0.0,0.0
2017-06-05 00:00:00-04:00,70.05745281659095,70.58901629962,69.94159510411846,70.32323455810547,4523300,0.0,0.0
2017-06-06 00:00:00-04:00,70.26872341772919,71.18192127914548,70.03020197626803,70.99110412597656,4683900,0.0,0.0
2017-06-07 00:00:00-04:00,70.85480753956253,71.16829360492765,69.88708900742967,70.718505859375,7197100,0.0,0.0
2017-06-08 00:00:00-04:00,70.71848329946806,71.37953193920839,70.49359469781092,70.87522888183594,6493600,0.0,0.0
2017-06-09 00:00:00-04:00,70.88206639158064,72.57216559550159,70.88206639158064,72.51083374023438,6595600,0.0,0.0
2017-06-12 00:00:00-04:00,72.51083128450684,73.89426076648432,72.51083128450684,73.62847900390625,8690600,0.0,0.0
2017-06-13 00:00:00-04:00,73.83293220922496,73.93515717568108,73.02877564486047,73.6898193359375,6099700,0.0,0.0
2017-06-14 00:00:00-04:00,73.53989971787897,73.59441519715297,72.06105620586487,72.64714050292969,6202300,0.0,0.0
2017-06-15 00:00:00-04:00,72.5789796587272,72.78342956850267,72.14964108745137,72.46312713623047,5441400,0.0,0.0
2017-06-16 00:00:00-04:00,72.87879723341347,73.846515171171,72.3813055052005,73.8396987915039,11633900,0.0,0.0
2017-06-19 00:00:00-04:00,73.81247547978701,73.86017976262582,73.01513023831978,73.23320770263672,4577800,0.0,0.0
2017-06-20 00:00:00-04:00,72.40860015374864,72.64712156143858,71.81569962659644,72.56534576416016,5171200,0.0,0.0
2017-06-21 00:00:00-04:00,72.16328145115664,72.85159072345033,70.82073963070009,71.20919036865234,6989400,0.0,0.0
2017-06-22 00:00:00-04:00,71.20237206465856,71.65215462182425,70.90251356029638,71.18192291259766,4197400,0.0,0.0
2017-06-23 00:00:00-04:00,71.04562023707798,71.84296551850692,71.03880385365171,71.5567398071289,5773300,0.0,0.0
2017-06-26 00:00:00-04:00,71.57717780934075,71.68621913759034,70.89568510591086,70.97064971923828,3602500,0.0,0.0
2017-06-27 00:00:00-04:00,71.37272310268875,71.48175921626135,70.8956751576027,70.92293548583984,4170300,0.0,0.0
2017-06-28 00:00:00-04:00,71.1682878793182,71.48859030276819,70.90250612355695,71.0660629272461,4162300,0.0,0.0
2017-06-29 00:00:00-04:00,71.13420798361098,71.65896028775718,70.90931933835371,70.95702362060547,4288600,0.0,0.0
2017-06-30 00:00:00-04:00,71.23645519776349,71.36594051836776,70.80030013816621,71.10015869140625,5497000,0.0,0.0
2017-07-03 00:00:00-04:00,71.0387868154918,72.89244751018917,71.0387868154918,72.44266510009766,4419100,0.0,0.0
2017-07-05 00:00:00-04:00,72.23142476252733,72.44269107881642,71.0592562440945,71.29778289794922,4482700,0.0,0.0
2017-07-06 00:00:00-04:00,71.33183885453136,71.64532486906127,70.6776064938546,70.75257110595703,5084800,0.0,0.0
2017-07-07 00:00:00-04:00,70.59583531158033,70.71169303690031,70.06427176960601,70.5276870727539,6457000,0.0,0.0
2017-07-10 00:00:00-04:00,70.49360642014749,70.58901498201917,69.92114984954073,70.22100830078125,4629000,0.0,0.0
2017-07-11 00:00:00-04:00,70.29599479771119,70.53451627664545,69.88710009105557,70.27555084228516,4322400,0.0,0.0
2017-07-12 00:00:00-04:00,70.87524996199623,71.38636955306832,70.51405961620566,70.80028533935547,3978100,0.0,0.0
2017-07-13 00:00:00-04:00,70.73895562396864,71.0183649718639,70.50724536533053,70.9638442993164,4439100,0.0,0.0
2017-07-14 00:00:00-04:00,71.134193884575,71.31138341183777,70.69122786548175,71.17508697509766,3644300,0.0,0.0
2017-07-17 00:00:00-04:00,71.09331330157356,71.53628456557848,70.9297565207972,71.01834869384766,5572400,0.0,0.0
2017-07-18 00:00:00-04:00,71.28412937834091,71.28412937834091,70.541304893584,70.68441772460938,4339400,0.0,0.0
2017-07-19 00:00:00-04:00,70.57539141325766,71.20236872931606,70.54131989350736,71.18873596191406,4932000,0.0,0.0
2017-07-20 00:00:00-04:00,71.55672720768456,71.80888135628707,70.75256568442315,71.30457305908203,5367800,0.0,0.0
2017-07-21 00:00:00-04:00,70.99790119712883,71.13419764106654,70.29596463203505,70.3641128540039,5304100,0.0,0.0
2017-07-24 00:00:00-04:00,70.3164276684734,70.58220944587069,70.13923808374938,70.3300552368164,4080400,0.0,0.0
2017-07-25 00:00:00-04:00,71.18189435869142,71.6589422605753,71.09330219947572,71.14100646972656,7093800,0.0,0.0
2017-07-26 00:00:00-04:00,71.30456891056201,72.292736300802,71.01152688440476,71.63850402832031,5881400,0.0,0.0
2017-07-27 00:00:00-04:00,71.47496346700274,72.45631476932223,71.29096269750657,72.31320190429688,5888400,0.0,0.0
2017-07-28 00:00:00-04:00,72.72208384557892,74.371294896634,72.4835624455299,73.68299102783203,7812600,0.0,0.0
2017-07-31 00:00:00-04:00,73.86698945782635,74.96419306315536,73.70343267424121,74.41218566894531,7561200,0.0,0.0
2017-08-01 00:00:00-04:00,74.65071613552168,75.62525097177486,74.56893513410023,75.49576568603516,8162900,0.0,0.0
2017-08-02 00:00:00-04:00,75.22999041371918,75.78199792259736,74.86198367467456,75.27769470214844,6212300,0.0,0.0
2017-08-03 00:00:00-04:00,75.12093317076564,75.27085717845324,74.31677167782291,74.57573699951172,5605400,0.0,0.0
2017-08-04 00:00:00-04:00,74.57574643772661,75.10049352948464,74.57574643772661,75.0391616821289,4643500,0.0,0.0
2017-08-07 00:00:00-04:00,74.83472160072394,75.16184042762647,74.67798117068652,74.81427764892578,4762800,0.0,0.0
2017-08-08 00:00:00-04:00,74.96420683506645,75.44806609162205,74.80746120577619,75.20272827148438,4107300,0.0,0.0
2017-08-09 00:00:00-04:00,75.46850716231484,75.92511126531478,75.1413935475374,75.57073211669922,3966800,0.0,0.0
2017-08-10 00:00:00-04:00,75.80243537860817,75.9455482218149,74.98464101822823,75.0391616821289,4950700,0.0,0.0
2017-08-11 00:00:00-04:00,75.10048900793929,75.29812250314785,74.37129207014458,74.43944549560547,3383000,0.0,0.0
2017-08-14 00:00:00-04:00,74.45987546238437,74.84150961630047,73.81927081884633,74.08505249023438,4286100,0.0,0.0
2017-08-15 00:00:00-04:00,74.11232342224127,74.214548356492,73.28090158275366,73.98965454101562,5310700,0.0,0.0
2017-08-16 00:00:00-04:00,74.0860178225917,74.28563701375214,73.43898192021337,73.54222869873047,4186600,1.08,0.0
2017-08-17 00:00:00-04:00,73.38392230930347,73.56289216631646,72.9020864461343,72.90896606445312,5870300,0.0,0.0
2017-08-18 00:00:00-04:00,72.85389123388987,73.88640106601382,72.61985819271773,73.29443359375,5467400,0.0,0.0
2017-08-21 00:00:00-04:00,73.2944479787187,73.2944479787187,72.4822065413038,72.81260681152344,3560400,0.0,0.0
2017-08-22 00:00:00-04:00,72.95716530125286,73.59732180056832,72.8332638739138,73.21185302734375,5630900,0.0,0.0
2017-08-23 00:00:00-04:00,73.10858174586895,73.6936696233269,73.03974880468861,73.38391876220703,4185800,0.0,0.0
2017-08-24 00:00:00-04:00,73.3082274255424,74.11358415658945,73.19121085811545,73.95526885986328,5059700,0.0,0.0
2017-08-25 00:00:00-04:00,74.21682438287858,74.829446610567,74.01032026611307,74.4990463256836,4384200,0.0,0.0
2017-08-28 00:00:00-04:00,74.71243390927827,74.74684776276618,73.83823905511954,74.17552947998047,3681600,0.0,0.0
2017-08-29 00:00:00-04:00,73.94837543126835,74.37514817391403,73.67992321864838,74.2443618774414,3230600,0.0,0.0
2017-08-30 00:00:00-04:00,74.05160179371606,74.23056637227224,73.72119635736819,74.15485382080078,3126000,0.0,0.0
2017-08-31 00:00:00-04:00,74.34071462938844,74.49903512866254,73.99654465425239,74.07914733886719,5508200,0.0,0.0
2017-09-01 00:00:00-04:00,74.12043750427847,75.13918282386264,74.00342098662021,74.86384582519531,3660300,0.0,0.0
2017-09-05 00:00:00-04:00,75.27685598308999,75.8963629771466,74.82254910357616,75.33192443847656,5198500,0.0,0.0
2017-09-06 00:00:00-04:00,75.71739478052234,77.25239518542081,75.57972889065913,76.94952392578125,8577300,0.0,0.0
2017-09-07 00:00:00-04:00,77.21798057563416,77.69293685101928,76.65354199179828,76.95641326904297,5937800,0.0,0.0
2017-09-08 00:00:00-04:00,76.81184900271997,76.92198591048195,76.0822103694556,76.2542953491211,4033100,0.0,0.0
2017-09-11 00:00:00-04:00,76.97707526544973,77.48644547311292,76.76368626162494,77.4520263671875,5973400,0.0,0.0
2017-09-12 00:00:00-04:00,77.65849647431261,77.74797875824753,76.99769089269122,77.43134307861328,5110100,0.0,0.0
2017-09-13 00:00:00-04:00,77.43136166941521,78.69102507351353,77.28681090606877,78.59465789794922,5889400,0.0,0.0
2017-09-14 00:00:00-04:00,78.64972892140842,79.39313212120874,78.59466046168474,78.78050994873047,5819100,0.0,0.0
2017-09-15 00:00:00-04:00,79.04209010786116,79.09715857288063,78.21607888742281,78.9044189453125,8387600,0.0,0.0
2017-09-18 00:00:00-04:00,78.75985415401145,79.31052820301969,78.69102121078964,79.28987884521484,4954600,0.0,0.0
2017-09-19 00:00:00-04:00,79.33117865558444,80.13653513078883,79.28987993940483,80.08146667480469,6188000,0.0,0.0
2017-09-20 00:00:00-04:00,80.19160174600823,80.6390237502793,79.9850976666164,80.10211944580078,5378200,0.0,0.0
2017-09-21 00:00:00-04:00,79.99888970119892,80.20538858652357,79.73043747414403,80.17097473144531,4334500,0.0,0.0
2017-09-22 00:00:00-04:00,80.1296600436396,81.10710156035364,80.03328761440922,80.73539733886719,5307100,0.0,0.0
2017-09-25 00:00:00-04:00,80.69409715341794,81.45127007159213,80.54954113800889,81.21723175048828,5980300,0.0,0.0
2017-09-26 00:00:00-04:00,81.07956199972233,81.24476211453731,80.70785780267587,80.89370727539062,4874700,0.0,0.0
2017-09-27 00:00:00-04:00,80.85242777919036,80.94879497337483,80.37747142812533,80.84554290771484,3926800,0.0,0.0
2017-09-28 00:00:00-04:00,80.65280637230114,81.3136122226684,80.5495543093898,80.96256256103516,4949000,0.0,0.0
2017-09-29 00:00:00-04:00,80.65279040454709,80.89370833589756,80.34992439868523,80.87994384765625,4874800,0.0,0.0
2017-10-02 00:00:00-04:00,80.1365318057898,81.07955938182678,79.52390970033163,80.83175659179688,4285600,0.0,0.0
2017-10-03 00:00:00-04:00,80.59084958987651,81.39620614077548,80.5426659992659,81.1002197265625,3892200,0.0,0.0
2017-10-04 00:00:00-04:00,81.1002052904445,81.13462438544715,80.62524908781423,80.93500518798828,3443400,0.0,0.0
2017-10-05 00:00:00-04:00,80.84553966420711,81.69908513790864,80.76294221628748,81.62336730957031,5470900,0.0,0.0
2017-10-06 00:00:00-04:00,81.189690833659,81.32736196756133,80.39810413309188,80.5564193725586,3533300,0.0,0.0
2017-10-09 00:00:00-04:00,80.7698026985958,81.27917801429484,80.54265451901838,81.02449035644531,2951900,0.0,0.0
2017-10-10 00:00:00-04:00,81.49945087337669,82.47689233890698,81.42373305898604,81.77478790283203,5683100,0.0,0.0
2017-10-11 00:00:00-04:00,82.05701522485492,82.2703989559224,81.6233628918933,82.13961791992188,3926100,0.0,0.0
2017-10-12 00:00:00-04:00,81.56140515898767,82.35988208005226,81.43750374887824,82.00882720947266,3929700,0.0,0.0
2017-10-13 00:00:00-04:00,82.45625058313465,82.60080135531234,81.96064493474397,82.02259826660156,4640100,0.0,0.0
2017-10-16 00:00:00-04:00,82.49065027101535,83.21340925944054,82.2084336456758,82.69026947021484,5500700,0.0,0.0
2017-10-17 00:00:00-04:00,82.75909739294373,83.11014691371768,82.48376041953235,82.75221252441406,4844300,0.0,0.0
2017-10-18 00:00:00-04:00,82.18780237508089,82.614569841695,81.21724039142406,81.32737731933594,5505100,0.0,0.0
2017-10-19 00:00:00-04:00,81.26542632917199,81.73349778306687,81.18970850195238,81.3617935180664,4576600,0.0,0.0
2017-10-20 00:00:00-04:00,81.64399297799703,81.7610094963363,81.27228881537535,81.66464233398438,4924300,0.0,0.0
2017-10-23 00:00:00-04:00,81.71971469145552,82.11895309835377,81.53385997545057,81.86426544189453,3872400,0.0,0.0
2017-10-24 00:00:00-04:00,82.24286288757776,82.545728906818,81.96064097580285,82.0707778930664,4472400,0.0,0.0
2017-10-25 00:00:00-04:00,81.91244619357379,82.21531742304211,81.32735834251443,81.5269775390625,4553100,0.0,0.0
2017-10-26 00:00:00-04:00,81.76101057883963,81.91244619357379,81.320473473222,81.5269775390625,4092900,0.0,0.0
2017-10-27 00:00:00-04:00,79.9369272169955,80.12278196931146,77.4864383470699,78.15412902832031,14534100,0.0,0.0
2017-10-30 00:00:00-04:00,77.89942884938212,79.2279251282977,77.67227541141852,78.73920440673828,7517800,0.0,0.0
2017-10-31 00:00:00-04:00,78.78048701800289,80.10898302535011,78.34683484004157,79.77169799804688,7154800,0.0,0.0
2017-11-01 00:00:00-04:00,80.05394729078782,80.51513384877786,79.40002111375847,79.77861022949219,5030300,0.0,0.0
2017-11-02 00:00:00-04:00,79.99197529034443,80.17094512616437,78.95946549014816,79.38623809814453,4329600,0.0,0.0
2017-11-03 00:00:00-04:00,79.48952741257524,79.67537695307097,78.97327227033072,79.15223693847656,4101800,0.0,0.0
2017-11-06 00:00:00-05:00,79.41376721382359,80.64589612631451,79.15219472023463,80.56329345703125,5950300,0.0,0.0
2017-11-07 00:00:00-05:00,80.79734832121409,81.22412101714069,80.17784651475024,80.70098114013672,5219500,0.0,0.0
2017-11-08 00:00:00-05:00,80.38435735874096,80.63904509050893,79.7786199513691,80.30863952636719,5092800,0.0,0.0
2017-11-09 00:00:00-05:00,79.77860804936253,80.87995101283077,79.58587368720778,80.70098114013672,5103300,0.0,0.0
2017-11-10 00:00:00-05:00,80.3361625799905,80.74916553897306,79.91627475039994,80.65968322753906,5156900,0.0,0.0
2017-11-13 00:00:00-05:00,80.68721455590916,81.06579839985095,80.31551033071038,80.69409942626953,4279200,0.0,0.0
2017-11-14 00:00:00-05:00,80.41187231692368,80.71474357381396,80.01951875759627,80.48070526123047,6996500,0.0,0.0
2017-11-15 00:00:00-05:00,79.99199590477,80.69410569074662,79.89562871871324,80.15719604492188,5372600,0.0,0.0
2017-11-16 00:00:00-05:00,80.07380956439866,80.46983600270772,79.46934592665191,79.60135650634766,5888700,1.08,0.0
2017-11-17 00:00:00-05:00,79.67086218492818,79.89319280316015,79.13588095695067,79.69865417480469,4337500,0.0,0.0
2017-11-20 00:00:00-05:00,79.74031003456554,79.92095525160032,79.51103547919698,79.70557403564453,4634200,0.0,0.0
2017-11-21 00:00:00-05:00,79.99739159088885,80.49763668298397,79.84453833488438,80.01823425292969,4596000,0.0,0.0
2017-11-22 00:00:00-05:00,80.24055837351766,81.1368298747637,80.1224464309169,80.5323715209961,3951000,0.0,0.0
2017-11-24 00:00:00-05:00,80.9770336192788,81.18546552632519,80.81028173270761,80.9492416381836,1744200,0.0,0.0
2017-11-27 00:00:00-05:00,80.4906885766721,80.61574985158309,80.06687010618369,80.31004333496094,4490300,0.0,0.0
2017-11-28 00:00:00-05:00,80.53932013688404,81.15767716670437,80.41425886676427,80.90755462646484,4004700,0.0,0.0
2017-11-29 00:00:00-05:00,80.7338739604295,81.46339905737457,80.47680735163867,81.41476440429688,3661000,0.0,0.0
2017-11-30 00:00:00-05:00,81.47032954049453,82.78347017072497,81.44948687982078,82.67230224609375,7896600,0.0,0.0
2017-12-01 00:00:00-05:00,83.2420394275334,83.69364992538611,82.34576775354923,83.03360748291016,6831800,0.0,0.0
2017-12-04 00:00:00-05:00,83.24204565095108,84.97206113510727,82.93634438249268,83.95767211914062,7366400,0.0,0.0
2017-12-05 00:00:00-05:00,83.74922288145359,84.34673725218097,83.47825767853986,83.64500427246094,4380700,0.0,0.0
2017-12-06 00:00:00-05:00,83.36708899985211,83.98544602666759,83.04053983497187,83.10307312011719,4852500,0.0,0.0
2017-12-07 00:00:00-05:00,83.02662341791142,83.44349243349447,82.65143971365355,83.116943359375,4908500,0.0,0.0
2017-12-08 00:00:00-05:00,83.34625054073048,83.54078912516263,82.74873614524378,83.3184585571289,4122200,0.0,0.0
2017-12-11 00:00:00-05:00,83.57552018887223,84.145242530946,83.45740824862263,83.66584014892578,5929700,0.0,0.0
2017-12-12 00:00:00-05:00,83.24203047980417,83.88817951016208,83.06833456089912,83.1517105102539,4300200,0.0,0.0
2017-12-13 00:00:00-05:00,82.97800948970057,83.49214789383122,82.45692176502291,83.32540130615234,4399800,0.0,0.0
2017-12-14 00:00:00-05:00,83.24201627000839,83.56856538993104,83.0266350635819,83.04747772216797,3736900,0.0,0.0
2017-12-15 00:00:00-05:00,83.6797352148169,83.70057787387906,83.03358628000043,83.18643951416016,11226900,0.0,0.0
2017-12-18 00:00:00-05:00,83.31847218089732,84.27032789697259,83.11004022097218,83.16561889648438,4654100,0.0,0.0
2017-12-19 00:00:00-05:00,83.59638459569457,83.89514183454858,83.03361142746384,83.26288604736328,4599300,0.0,0.0
2017-12-20 00:00:00-05:00,83.56855986901975,84.27724201879444,83.130848165296,83.99237823486328,6286700,0.0,0.0
2017-12-21 00:00:00-05:00,84.33979953018084,87.09114256176014,84.11746894078391,86.72290802001953,10109000,0.0,0.0
2017-12-22 00:00:00-05:00,86.74372778281911,87.29955675995352,86.54918923105545,86.83405303955078,4735100,0.0,0.0
2017-12-26 00:00:00-05:00,87.00777417009137,87.64002464671604,86.8827128789993,87.52886199951172,3348500,0.0,0.0
2017-12-27 00:00:00-05:00,87.5149305049007,87.68167706350484,86.93825891795525,87.23007202148438,3452300,0.0,0.0
2017-12-28 00:00:00-05:00,87.32738031882978,87.46633496297416,87.04946572976114,87.2509536743164,2191800,0.0,0.0
2017-12-29 00:00:00-05:00,87.09808479581561,87.5288525968089,86.97997283935547,86.97997283935547,3829000,0.0,0.0
2018-01-02 00:00:00-05:00,87.34124802571273,88.751657922823,87.22313608278135,88.64049530029297,5626000,0.0,0.0
2018-01-03 00:00:00-05:00,88.55713945636158,89.58542177722516,88.16806223803567,89.28665924072266,5805500,0.0,0.0
2018-01-04 00:00:00-05:00,88.89757534594327,89.17549519641713,88.39038619597109,89.00874328613281,4598300,0.0,0.0
2018-01-05 00:00:00-05:00,88.91147339342963,89.00179866942354,88.30700964945004,88.86283874511719,4189200,0.0,0.0
2018-01-08 00:00:00-05:00,88.83504853916914,89.37003498209816,88.6752459482116,89.30055236816406,4826100,0.0,0.0
2018-01-09 00:00:00-05:00,89.23107160003724,89.58541809624928,88.78641572649205,88.82115173339844,4422300,0.0,0.0
2018-01-10 00:00:00-05:00,89.14770583383107,89.46035641703833,88.79336991973742,89.39088439941406,5292200,0.0,0.0
2018-01-11 00:00:00-05:00,89.57150113086807,92.62855535538745,89.46033320963686,92.10746765136719,11641300,0.0,0.0
2018-01-12 00:00:00-05:00,91.84345731498968,92.99680078021314,91.78787334782204,92.82310485839844,7232900,0.0,0.0
2018-01-16 00:00:00-05:00,92.87172716689827,93.01763639485263,91.43353055605331,91.7183837890625,6254200,0.0,0.0
2018-01-17 00:00:00-05:00,91.8434664028065,92.26728491803307,90.98888535135441,91.96157836914062,5632700,0.0,0.0
2018-01-18 00:00:00-05:00,91.95460937378628,92.05882266826006,91.03748997619338,91.42656707763672,5890000,0.0,0.0
2018-01-19 00:00:00-05:00,91.59333981206386,91.71145177322117,90.4677935691639,91.22510528564453,6048900,0.0,0.0
2018-01-22 00:00:00-05:00,91.22509370642894,92.10051727294922,91.21119506524566,92.10051727294922,5248800,0.0,0.0
2018-01-23 00:00:00-05:00,91.97546190209124,92.1005178688789,90.82906253208596,91.03055572509766,5747300,0.0,0.0
2018-01-24 00:00:00-05:00,91.28066889589336,92.17693503726278,91.0652876852611,91.28761291503906,6868200,0.0,0.0
2018-01-25 00:00:00-05:00,91.54468588867925,91.62111251088645,90.55809442117692,90.77347564697266,4597200,0.0,0.0
2018-01-26 00:00:00-05:00,90.81517320689903,91.53774351952181,90.57893871482672,91.14866638183594,6310500,0.0,0.0
2018-01-29 00:00:00-05:00,90.36356763961687,91.41964184740817,89.15465076903656,89.26580810546875,6350700,0.0,0.0
2018-01-30 00:00:00-05:00,88.66134227813487,88.93925149838206,86.97996711205784,87.00775909423828,8084000,0.0,0.0
2018-01-31 00:00:00-05:00,87.1397677631831,87.4176822949873,86.1879175152856,87.09113311767578,9626800,0.0,0.0
2018-02-01 00:00:00-05:00,87.26482306853822,87.28566572936161,86.19485563978408,87.24398040771484,7844500,0.0,0.0
2018-02-02 00:00:00-05:00,86.1184282170381,86.1184282170381,81.73434523859032,82.38744354248047,13182600,0.0,0.0
2018-02-05 00:00:00-05:00,81.28274532604536,82.19291559714017,75.05053455495239,78.24654388427734,15414700,0.0,0.0
2018-02-06 00:00:00-05:00,77.25995502408091,81.7274149882564,76.95425376221239,81.41476440429688,18416300,0.0,0.0
2018-02-07 00:00:00-05:00,81.56761775154251,82.86686004228795,80.05993820413586,80.10162353515625,11535700,0.0,0.0
2018-02-08 00:00:00-05:00,80.01825727745604,80.51850251349218,77.96169765213659,78.02423095703125,9927500,0.0,0.0
2018-02-09 00:00:00-05:00,78.74677275053106,79.63610023457252,76.07880620074167,78.85794067382812,10922400,0.0,0.0
2018-02-12 00:00:00-05:00,79.76115142115854,80.49067094771189,78.44801097258485,79.1914291381836,8358200,0.0,0.0
2018-02-13 00:00:00-05:00,78.74678739850953,78.93438197877389,77.71851042062983,78.71205139160156,7065900,0.0,0.0
2018-02-14 00:00:00-05:00,78.1631690046893,79.24008589795444,77.39890796791038,78.94827270507812,7031900,0.0,0.0
2018-02-15 00:00:00-05:00,79.19388841062795,79.30615766361784,77.77645094760182,78.96232604980469,5405000,1.12,0.0
2018-02-16 00:00:00-05:00,78.83600842324006,79.25001428319877,78.03607070445571,78.68865203857422,5950400,0.0,0.0
2018-02-20 00:00:00-05:00,78.78687104708477,79.12368938513296,77.59398325052477,77.87466430664062,6810900,0.0,0.0
2018-02-21 00:00:00-05:00,77.9869266059931,78.63248923036961,76.52738952636719,76.52738952636719,6892300,0.0,0.0
2018-02-22 00:00:00-05:00,76.8712496651113,78.19746245289124,76.41514352009428,77.10982513427734,8176700,0.0,0.0
2018-02-23 00:00:00-05:00,77.50979054024644,79.10966587321809,77.36243416521451,79.00440979003906,6460200,0.0,0.0
2018-02-26 00:00:00-05:00,79.41842017849677,80.45693871666259,79.18685785292946,80.41483306884766,7405800,0.0,0.0
2018-02-27 00:00:00-05:00,80.6042743472269,81.4322804937753,79.72013092041016,79.72013092041016,6059700,0.0,0.0
2018-02-28 00:00:00-05:00,80.70952472422366,81.01827441088552,78.50618734142644,78.53425598144531,7441000,0.0,0.0
2018-03-01 00:00:00-05:00,78.26060073657601,79.92363167645686,77.86765044673257,78.61846923828125,7516700,0.0,0.0
2018-03-02 00:00:00-05:00,78.23955386630026,78.71671010402135,77.06771609324358,78.3377914428711,6607300,0.0,0.0
2018-03-05 00:00:00-05:00,78.169386667451,79.52366797855616,77.90273722209,79.3973617553711,7814900,0.0,0.0
2018-03-06 00:00:00-05:00,79.88856023830533,81.06039819268152,79.30614783455647,79.74822235107422,7957900,0.0,0.0
2018-03-07 00:00:00-05:00,79.25698786932932,80.75161182435289,79.03244415426845,79.88150024414062,6660000,0.0,0.0
2018-03-08 00:00:00-05:00,80.41482187045972,80.52007794501868,79.01142181913042,79.5376968383789,6095100,0.0,0.0
2018-03-09 00:00:00-05:00,80.21134580636786,82.37258364410238,80.16222700794422,82.2532958984375,8833300,0.0,0.0
2018-03-12 00:00:00-04:00,82.44975976128403,83.04620376118822,81.7901599700588,81.95155334472656,6877000,0.0,0.0
2018-03-13 00:00:00-04:00,82.26029031050446,82.92690314440978,81.39719698689356,81.71997833251953,6793100,0.0,0.0
2018-03-14 00:00:00-04:00,82.08486957804914,82.41466408598201,80.59726362861764,80.7867202758789,5051000,0.0,0.0
2018-03-15 00:00:00-04:00,80.94811841814226,81.54456239156767,80.5200809581854,81.10249328613281,4519700,0.0,0.0
2018-03-16 00:00:00-04:00,80.97618103027344,81.53052467242216,80.38675024672378,80.97618103027344,14909400,0.0,0.0
2018-03-19 00:00:00-04:00,80.74462462114856,80.85689919896463,79.44648059804291,79.91661834716797,4803500,0.0,0.0
2018-03-20 00:00:00-04:00,80.37972214463774,81.18667271124468,80.30253473075521,80.34463500976562,4587200,0.0,0.0
2018-03-21 00:00:00-04:00,80.68147559658712,82.87779486642647,80.5551693711095,82.1269760131836,6829600,0.0,0.0
2018-03-22 00:00:00-04:00,81.08142856446139,81.21474790994722,79.62890993225359,79.78327941894531,6297200,0.0,0.0
2018-03-23 00:00:00-04:00,80.25343883975587,81.23581465377498,79.08159565552451,79.278076171875,6227200,0.0,0.0
2018-03-26 00:00:00-04:00,80.1622060212025,81.10949994482331,79.46752452435338,80.94109344482422,6868700,0.0,0.0
2018-03-27 00:00:00-04:00,81.22175946368273,82.00064674297876,79.97975305681737,80.4569091796875,5530800,0.0,0.0
2018-03-28 00:00:00-04:00,80.64638050468633,80.87794278750033,78.63249959512608,78.66056823730469,6985300,0.0,0.0
2018-03-29 00:00:00-04:00,78.79389839997634,80.29553606236107,78.78687990055964,80.0218734741211,6627800,0.0,0.0
2018-04-02 00:00:00-04:00,79.91662584305827,80.26747590132213,77.56593152339981,78.75881958007812,6228600,0.0,0.0
2018-04-03 00:00:00-04:00,78.955294378915,80.6814813684474,78.65356311610776,80.57622528076172,6717300,0.0,0.0
2018-04-04 00:00:00-04:00,79.32718104558322,80.54813745276687,78.89212515173814,80.33061218261719,5727200,0.0,0.0
2018-04-05 00:00:00-04:00,80.61129900839575,82.72341763670956,80.48499278652042,82.30239868164062,7204900,0.0,0.0
2018-04-06 00:00:00-04:00,81.6638502693619,82.10592472917597,79.56576860915276,80.527099609375,7094500,0.0,0.0
2018-04-09 00:00:00-04:00,80.90602243608122,82.21819817677586,80.61130432988556,81.3831787109375,6933800,0.0,0.0
2018-04-10 00:00:00-04:00,82.51991634823545,84.0847096548522,82.51991634823545,83.39704132080078,7612800,0.0,0.0
2018-04-11 00:00:00-04:00,83.28477645054288,83.76894582023178,82.62517672364817,83.67772674560547,6246800,0.0,0.0
2018-04-12 00:00:00-04:00,84.00050164277742,84.67413296254216,83.25670139766035,83.66368865966797,6702000,0.0,0.0
2018-04-13 00:00:00-04:00,83.86719182004045,84.75835392615092,83.65668500662736,84.14787292480469,5508100,0.0,0.0
2018-04-16 00:00:00-04:00,84.62501387519292,85.40390125695878,84.04260162512551,84.69518280029297,4598000,0.0,0.0
2018-04-17 00:00:00-04:00,84.86360344692827,85.60740376651891,84.5969540089268,85.22848510742188,6488300,0.0,0.0
2018-04-18 00:00:00-04:00,85.9301861150725,87.6353174236184,85.88808582587639,86.8844985961914,9132500,0.0,0.0
2018-04-19 00:00:00-04:00,86.98977081345359,87.71252113100549,86.4564771859838,86.80732727050781,7159400,0.0,0.0
2018-04-20 00:00:00-04:00,86.57573939962812,86.63187668144907,85.22847675720033,85.82492065429688,7561200,0.0,0.0
2018-04-23 00:00:00-04:00,85.60740758758647,86.73714511600146,85.46706971656644,86.71609497070312,6113100,0.0,0.0
2018-04-24 00:00:00-04:00,87.26340656627907,87.74056274836748,85.43196926102397,85.98631286621094,7980500,0.0,0.0
2018-04-25 00:00:00-04:00,85.84597569497865,86.23893133660158,84.98990618931796,86.11262512207031,5331100,0.0,0.0
2018-04-26 00:00:00-04:00,86.07754676522494,87.22132131174936,85.81792116419778,87.1651840209961,6268400,0.0,0.0
2018-04-27 00:00:00-04:00,88.06332978777185,89.15096667955672,87.4879361339776,88.84923553466797,8836600,0.0,0.0
2018-04-30 00:00:00-04:00,89.12993233692038,89.74743176798746,87.74758782315924,87.78968811035156,7631600,0.0,0.0
2018-05-01 00:00:00-04:00,87.0318531370106,87.65636573020785,86.36524025550001,87.61426544189453,7093700,0.0,0.0
2018-05-02 00:00:00-04:00,87.1511493171733,88.7440115245879,87.07396187874104,88.05634307861328,5909100,0.0,0.0
2018-05-03 00:00:00-04:00,87.42480834258997,88.4984139367343,86.8915201488785,88.42122650146484,6727700,0.0,0.0
2018-05-04 00:00:00-04:00,87.85984497613958,89.00361390069823,87.50899502158897,88.08438873291016,5403100,0.0,0.0
2018-05-07 00:00:00-04:00,88.82820328117737,90.09827860880479,87.31955251559518,87.67040252685547,6999700,0.0,0.0
2018-05-08 00:00:00-04:00,87.66335311694948,88.94044649348336,86.75114126790625,88.81414031982422,8937000,0.0,0.0
2018-05-09 00:00:00-04:00,90.11231804632266,91.5157181293498,89.88075574777201,90.32283020019531,11442700,0.0,0.0
2018-05-10 00:00:00-04:00,91.00348098691038,91.06663142156181,90.09126878260405,90.39300537109375,5446000,0.0,0.0
2018-05-11 00:00:00-04:00,90.79297884507632,91.75430459111085,90.18250316192669,91.1087417602539,8092300,0.0,0.0
2018-05-14 00:00:00-04:00,91.39641423428883,91.97882645053674,91.08065141290142,91.4946517944336,6212400,0.0,0.0
2018-05-15 00:00:00-04:00,91.38941660760274,91.41046675213015,90.69472971691972,91.03856658935547,5201700,0.0,0.0
2018-05-16 00:00:00-04:00,90.72279232707703,91.02452890819573,90.02811614869509,90.9122543334961,5405100,0.0,0.0
2018-05-17 00:00:00-04:00,91.1387573282993,91.71209970749881,90.86979349163725,91.63423919677734,5241600,1.12,0.0
2018-05-18 00:00:00-04:00,91.2520028502876,91.41479815809892,90.45924921177165,90.50171661376953,6385800,0.0,0.0
2018-05-21 00:00:00-04:00,91.15997468139892,91.59882966332798,90.79191669714528,91.57051086425781,5081200,0.0,0.0
2018-05-22 00:00:00-04:00,91.37233550116115,92.29250219391426,90.67160173088963,90.76361083984375,5444200,0.0,0.0
2018-05-23 00:00:00-04:00,89.95670925732952,91.15999933222093,89.57449177018434,91.09629821777344,6017200,0.0,0.0
2018-05-24 00:00:00-04:00,90.17611321147596,90.17611321147596,89.07899194774463,89.61693572998047,5906200,0.0,0.0
2018-05-25 00:00:00-04:00,88.15177685146017,88.30749789186407,85.80181804229356,86.4884033203125,8936600,0.0,0.0
2018-05-29 00:00:00-04:00,85.71686627382563,86.65826669110821,84.98073398213147,85.92213439941406,7385700,0.0,0.0
2018-05-30 00:00:00-04:00,86.81396497465026,88.95157508091194,86.59453750463678,88.59059143066406,7125300,0.0,0.0
2018-05-31 00:00:00-04:00,87.82616680174027,88.34995125416836,87.38731715767763,87.98188781738281,7460700,0.0,0.0
2018-06-01 00:00:00-04:00,88.82416757848333,88.86664037284288,87.36606277753786,87.66334533691406,5749900,0.0,0.0
2018-06-04 00:00:00-04:00,88.14467197778427,88.76755596152081,86.47421922177418,86.53792572021484,5760500,0.0,0.0
2018-06-05 00:00:00-04:00,86.36099781224652,87.56428795368956,86.03540171985877,86.8706283569336,5672600,0.0,0.0
2018-06-06 00:00:00-04:00,87.14664423560164,87.55010069686806,86.39635270746024,87.33067321777344,6213400,0.0,0.0
2018-06-07 00:00:00-04:00,88.15176465167133,90.58666334596073,88.05975014063534,89.86468505859375,8607200,0.0,0.0
2018-06-08 00:00:00-04:00,89.97793722866794,90.16196624778713,88.95867632178864,89.49662017822266,5108800,0.0,0.0
2018-06-11 00:00:00-04:00,89.73018257332147,90.73528932503154,89.08607030449807,90.28936004638672,6085100,0.0,0.0
2018-06-12 00:00:00-04:00,90.34600760922406,90.86979750452305,89.41876654088561,89.94963073730469,4543000,0.0,0.0
2018-06-13 00:00:00-04:00,89.75850099889344,90.47339950452456,89.24887059488822,89.94253540039062,6317900,0.0,0.0
2018-06-14 00:00:00-04:00,90.16195673633331,90.57249293609871,89.45413793683248,89.54615783691406,5056800,0.0,0.0
2018-06-15 00:00:00-04:00,89.96376771657962,89.97792711660024,87.65627693404349,87.79784393310547,13223800,0.0,0.0
2018-06-18 00:00:00-04:00,88.01727949234338,89.87884666304913,87.84032476662486,89.16394805908203,7696800,0.0,0.0
2018-06-19 00:00:00-04:00,87.99604866924172,89.10732416711478,87.68460661371071,88.85958862304688,5947800,0.0,0.0
2018-06-20 00:00:00-04:00,89.27013112131945,89.51078698084437,87.98190080210371,88.6826400756836,7980700,0.0,0.0
2018-06-21 00:00:00-04:00,88.12345930910631,88.18716042252055,86.46716555757568,86.77152252197266,7290800,0.0,0.0
2018-06-22 00:00:00-04:00,88.76756135781173,89.58862838597533,88.34994544330745,88.54813385009766,8535200,0.0,0.0
2018-06-25 00:00:00-04:00,88.07388973495968,88.22253102857798,86.3043428106056,86.78565979003906,5801900,0.0,0.0
2018-06-26 00:00:00-04:00,87.08295842783552,88.20131358621005,86.75736238177008,87.88279724121094,4592800,0.0,0.0
2018-06-27 00:00:00-04:00,88.58351295029362,90.19025905158405,88.51980645804933,89.1851577758789,6339500,0.0,0.0
2018-06-28 00:00:00-04:00,89.56739768520451,89.7938995005838,88.47735601112,88.94451904296875,3814800,0.0,0.0
2018-06-29 00:00:00-04:00,89.0011357631492,90.40969908488869,89.0011357631492,89.48953247070312,5669700,0.0,0.0
2018-07-02 00:00:00-04:00,88.67555532465788,88.6826350260732,87.45810589225779,87.94650268554688,5073500,0.0,0.0
2018-07-03 00:00:00-04:00,88.80295198813222,89.67357154694054,88.15883964481746,88.28624725341797,3919600,0.0,0.0
2018-07-05 00:00:00-04:00,89.26301532829066,89.36210951276182,87.6421098819724,87.75536346435547,5926900,0.0,0.0
2018-07-06 00:00:00-04:00,87.42978742651927,88.1376063206467,87.19621129563171,87.86863708496094,4020000,0.0,0.0
2018-07-09 00:00:00-04:00,88.4773538263028,89.38336106544747,88.25793171688689,89.17809295654297,4602200,0.0,0.0
2018-07-10 00:00:00-04:00,90.12658650417818,90.96180766524596,89.7160502248456,90.31061553955078,5092100,0.0,0.0
2018-07-11 00:00:00-04:00,89.34796502752033,89.66648131148449,87.04047434296461,87.42977142333984,6631800,0.0,0.0
2018-07-12 00:00:00-04:00,88.08098274809755,88.44196648706358,87.47933238269523,87.95357513427734,3745200,0.0,0.0
2018-07-13 00:00:00-04:00,87.9110921321262,88.39240912847922,87.50763563520005,87.79784393310547,3352800,0.0,0.0
2018-07-16 00:00:00-04:00,87.06881824002961,87.6846173247595,86.26897929975397,87.0475845336914,4317800,0.0,0.0
2018-07-17 00:00:00-04:00,86.60873091983154,87.03342122825138,86.21235401867038,86.29021453857422,4135200,0.0,0.0
2018-07-18 00:00:00-04:00,85.81596446986316,86.12032682190195,84.70468897990382,86.02123260498047,6061300,0.0,0.0
2018-07-19 00:00:00-04:00,85.71686662924826,86.45299892399476,85.65316552116161,86.12032318115234,4471400,0.0,0.0
2018-07-20 00:00:00-04:00,85.82304053500484,86.6016402350703,85.65316551322663,86.54501342773438,5394700,0.0,0.0
2018-07-23 00:00:00-04:00,86.60163440417767,87.11126483542841,85.75933365274362,85.8796615600586,5359400,0.0,0.0
2018-07-24 00:00:00-04:00,86.26186732829592,87.88277280712538,86.25478762919796,87.66334533691406,4423500,0.0,0.0
2018-07-25 00:00:00-04:00,87.5005783243694,88.64016723699176,87.25283737796724,88.40658569335938,4278800,0.0,0.0
2018-07-26 00:00:00-04:00,88.26499491556379,88.74631187585076,87.62796236832,87.734130859375,5544100,0.0,0.0
2018-07-27 00:00:00-04:00,86.91308373193334,89.92131406914808,86.41053295892031,89.16394805908203,7580900,0.0,0.0
2018-07-30 00:00:00-04:00,89.72311049715465,90.89101256982741,89.34088770608564,90.48047637939453,5729300,0.0,0.0
2018-07-31 00:00:00-04:00,90.60083389822194,90.99013651647057,89.27721039640711,89.37630462646484,5894400,0.0,0.0
2018-08-01 00:00:00-04:00,88.69678353200194,89.12855348767083,88.30040668098641,88.75341033935547,4661000,0.0,0.0
2018-08-02 00:00:00-04:00,88.08097214561427,88.34286164233258,87.27405915529252,87.59965515136719,4639600,0.0,0.0
2018-08-03 00:00:00-04:00,87.87572771758592,87.94650853575779,87.29531636820825,87.80494689941406,5299400,0.0,0.0
2018-08-06 00:00:00-04:00,88.06682262574824,88.43489146276322,87.44394396340753,87.98188781738281,4455900,0.0,0.0
2018-08-07 00:00:00-04:00,88.85958972364642,88.97283794509592,88.30041211712162,88.60477447509766,4542000,0.0,0.0
2018-08-08 00:00:00-04:00,88.13760448084523,88.32871860239885,87.28822398571428,87.68460083007812,5957200,0.0,0.0
2018-08-09 00:00:00-04:00,87.74122321570763,88.0314315337303,86.53793334152738,86.72904205322266,5218300,0.0,0.0
2018-08-10 00:00:00-04:00,86.47422146445729,87.42977576401937,85.99998416470685,87.3023681640625,6128000,0.0,0.0
2018-08-13 00:00:00-04:00,87.28115088311844,87.54304583236008,86.53794424375145,86.66535186767578,4360000,0.0,0.0
2018-08-14 00:00:00-04:00,87.0050829776956,87.52179306222315,86.35389099737682,86.7644271850586,3622200,0.0,0.0
2018-08-15 00:00:00-04:00,86.14154302967692,86.16278212918617,83.11915922697467,83.48014831542969,9476700,0.0,0.0
2018-08-16 00:00:00-04:00,84.10900084813183,84.54491030593736,83.73740867118444,84.0804214477539,5455200,1.12,0.0
2018-08-17 00:00:00-04:00,84.43059164567694,84.73787204944284,83.67310655034468,84.18048095703125,6112900,0.0,0.0
2018-08-20 00:00:00-04:00,84.32339613604698,84.55206953460696,83.84461205968765,84.14474487304688,5403600,0.0,0.0
2018-08-21 00:00:00-04:00,84.59492476300744,84.9879596326001,84.17331049562861,84.28050231933594,4875800,0.0,0.0
2018-08-22 00:00:00-04:00,84.70926417771443,85.36669936696956,84.6235096283323,84.9808120727539,3636900,0.0,0.0
2018-08-23 00:00:00-04:00,84.6020724981392,84.90935281894545,84.10899337935639,84.39483642578125,3962500,0.0,0.0
2018-08-24 00:00:00-04:00,84.96652089608655,85.42386758083164,84.83789180025184,85.04512786865234,4415400,0.0,0.0
2018-08-27 00:00:00-04:00,85.29528129645946,86.09564112248175,85.15950455715074,86.00273895263672,3901900,0.0,0.0
2018-08-28 00:00:00-04:00,86.18137890958637,86.71018518733679,85.57396563016978,85.65257263183594,4685700,0.0,0.0
2018-08-29 00:00:00-04:00,85.75259895683801,86.34572240810363,85.66684439515994,85.9098129272461,4101700,0.0,0.0
2018-08-30 00:00:00-04:00,85.80976004105234,86.05987067247389,85.43102030604217,85.61681365966797,3353000,0.0,0.0
2018-08-31 00:00:00-04:00,85.32382999024588,85.32382999024588,84.38769382175491,84.652099609375,5287000,0.0,0.0
2018-09-04 00:00:00-04:00,84.98796579935147,85.48818707694502,84.57349362534364,84.9450912475586,4590900,0.0,0.0
2018-09-05 00:00:00-04:00,84.36625143218853,84.99510722365224,83.79457079231555,84.9808120727539,4619400,0.0,0.0
2018-09-06 00:00:00-04:00,84.24479510196488,84.68785222825956,82.27963106998723,82.34394836425781,8191100,0.0,0.0
2018-09-07 00:00:00-04:00,81.83656808038076,82.42969158147247,81.02906633508987,81.89373779296875,6637800,0.0,0.0
2018-09-10 00:00:00-04:00,82.48686366531749,82.69409979040348,81.7365261590407,81.80799102783203,5870900,0.0,0.0
2018-09-11 00:00:00-04:00,81.70792372322884,82.70837169902619,81.29345701422949,82.19385528564453,5605300,0.0,0.0
2018-09-12 00:00:00-04:00,83.19430160476992,83.95892863387395,82.72266520323048,82.74410247802734,5067800,0.0,0.0
2018-09-13 00:00:00-04:00,82.90133778381778,83.26578245324765,82.23675483391062,83.10857391357422,6297700,0.0,0.0
2018-09-14 00:00:00-04:00,83.20145280985466,84.04468685133334,83.14428310656726,83.88032531738281,4947800,0.0,0.0
2018-09-17 00:00:00-04:00,84.044687858554,84.8093149301768,83.80886691866955,83.97322845458984,5560200,0.0,0.0
2018-09-18 00:00:00-04:00,84.68068845389634,84.96653153063926,84.30909627053282,84.4162826538086,4966300,0.0,0.0
2018-09-19 00:00:00-04:00,84.55921638928669,85.7811903635274,84.40914998388911,85.40245056152344,4855300,0.0,0.0
2018-09-20 00:00:00-04:00,85.88837603512721,86.69587771620536,85.11660133257263,85.33812713623047,5846700,0.0,0.0
2018-09-21 00:00:00-04:00,85.68828327022615,86.6529988746959,85.33098079064453,86.56009674072266,13703600,0.0,0.0
2018-09-24 00:00:00-04:00,87.11749380056855,87.88212089416474,86.8745252777045,87.62486267089844,6534100,0.0,0.0
2018-09-25 00:00:00-04:00,88.25370905632055,88.78251517916601,87.85353203924862,88.16081237792969,5396400,0.0,0.0
2018-09-26 00:00:00-04:00,87.88926219774739,88.19654254755734,86.99600600085833,87.14607238769531,4231400,0.0,0.0
2018-09-27 00:00:00-04:00,87.29615149649293,87.89641709383052,86.9745759676304,87.5176773071289,4533400,0.0,0.0
2018-09-28 00:00:00-04:00,87.1746684834043,88.04648751632955,87.01031237510101,87.38190460205078,5202900,0.0,0.0
2018-10-01 00:00:00-04:00,87.97503865980129,89.23988735064268,87.97503865980129,88.88973236083984,5348200,0.0,0.0
2018-10-02 00:00:00-04:00,89.37565251565478,89.86873173999757,88.83969873337044,89.13983154296875,5445400,0.0,0.0
2018-10-03 00:00:00-04:00,89.41852816020618,89.92589709269375,89.16841748250158,89.54715728759766,4479500,0.0,0.0
2018-10-04 00:00:00-04:00,89.17556775670566,89.7472485441776,88.74680580310071,89.28990173339844,4824300,0.0,0.0
2018-10-05 00:00:00-04:00,89.2755888392824,89.96875645267835,89.13981216597728,89.56143188476562,4318000,0.0,0.0
2018-10-08 00:00:00-04:00,88.64674770064028,89.65433786183378,88.48953373670861,89.2112808227539,6267700,0.0,0.0
2018-10-09 00:00:00-04:00,89.69005954232496,91.06924717153106,89.37563165214247,90.62619018554688,6797900,0.0,0.0
2018-10-10 00:00:00-04:00,90.91920540593361,91.1836057924084,87.51053617075024,87.61058044433594,6504400,0.0,0.0
2018-10-11 00:00:00-04:00,87.48908858177504,87.48908858177504,83.99467063928246,84.63066864013672,8589900,0.0,0.0
2018-10-12 00:00:00-04:00,85.41671791915032,85.52390973839478,83.02279273203531,84.15901184082031,7450700,0.0,0.0
2018-10-15 00:00:00-04:00,84.10901389220678,84.93795838380495,83.54448068914039,83.56591796875,6047300,0.0,0.0
2018-10-16 00:00:00-04:00,83.67309023473554,84.0947099865292,83.13713652699984,83.97322845458984,4846100,0.0,0.0
2018-10-17 00:00:00-04:00,83.75885506928523,84.10186788321074,82.90847333734779,83.81602478027344,6978700,0.0,0.0
2018-10-18 00:00:00-04:00,83.90892393865117,84.42344044866499,82.92991850621188,83.94465637207031,7391600,0.0,0.0
2018-10-19 00:00:00-04:00,83.87318796405435,85.22379093202223,83.87318796405435,84.42343139648438,7944400,0.0,0.0
2018-10-22 00:00:00-04:00,84.39486347629136,84.67355903658326,83.2372066726187,83.75886535644531,5644900,0.0,0.0
2018-10-23 00:00:00-04:00,82.69409250915197,82.69409250915197,80.07149343475025,81.03620910644531,8095300,0.0,0.0
2018-10-24 00:00:00-04:00,81.2648875795145,81.59360524997776,78.65657804309491,78.75662231445312,8035200,0.0,0.0
2018-10-25 00:00:00-04:00,79.57843509338534,81.03623034802769,78.91385204276905,79.73564910888672,5734000,0.0,0.0
2018-10-26 00:00:00-04:00,79.05673701594027,80.37161284854774,78.36357485234036,79.69988250732422,8035500,0.0,0.0
2018-10-29 00:00:00-04:00,80.06434081947599,80.08577809607513,76.84861848152919,77.8419189453125,8598300,0.0,0.0
2018-10-30 00:00:00-04:00,78.33500523713225,79.42835005911789,77.28453497224292,79.2139663696289,7523800,0.0,0.0
2018-10-31 00:00:00-04:00,79.82851145053023,80.39304996675935,79.35687505909995,79.78563690185547,7429800,0.0,0.0
2018-11-01 00:00:00-04:00,79.87141182268853,80.02862582132887,78.67802258137964,79.4426498413086,10572000,0.0,0.0
2018-11-02 00:00:00-04:00,82.07238241071659,83.68739122254115,80.83611882511903,81.98663330078125,9890400,0.0,0.0
2018-11-05 00:00:00-05:00,83.33723386911274,85.51677576438732,83.3229387165386,84.9951171875,8758700,0.0,0.0
2018-11-06 00:00:00-05:00,84.86650082993776,85.34528492507131,84.21620759015606,84.96654510498047,5273200,0.0,0.0
2018-11-07 00:00:00-05:00,85.75261257996047,86.55297226009498,85.05229717834224,86.37432098388672,4848800,0.0,0.0
2018-11-08 00:00:00-05:00,86.21707558386964,87.08889436652595,85.00939165196026,85.29523468017578,9532400,0.0,0.0
2018-11-09 00:00:00-05:00,84.48060939807789,86.01701133715382,83.87319619946753,85.40245056152344,6565700,0.0,0.0
2018-11-12 00:00:00-05:00,86.39573894364925,86.73160414013041,83.7302600998331,83.8874740600586,10550800,0.0,0.0
2018-11-13 00:00:00-05:00,83.82315503557368,84.2376217245817,82.20814647191332,82.42967224121094,6846200,0.0,0.0
2018-11-14 00:00:00-05:00,83.52303076508659,84.1733239346005,82.13670076700794,82.694091796875,6783500,0.0,0.0
2018-11-15 00:00:00-05:00,82.01580857213344,84.4836416365694,81.33751314887354,84.38983154296875,7218100,1.12,0.0
2018-11-16 00:00:00-05:00,84.7867220208963,86.06393234730984,84.62075410014566,85.91239929199219,6706900,0.0,0.0
2018-11-19 00:00:00-05:00,85.24849405551389,86.21542583839557,85.07531429786539,86.17212677001953,5328300,0.0,0.0
2018-11-20 00:00:00-05:00,86.04225497191018,86.22986961883716,83.01158393219104,83.7764663696289,7983500,0.0,0.0
2018-11-21 00:00:00-05:00,84.19499031990883,86.00617994118191,84.19499031990883,84.83720397949219,5624400,0.0,0.0
2018-11-23 00:00:00-05:00,82.76622729665817,83.14145652904566,80.89731507954541,81.97248077392578,5577800,0.0,0.0
2018-11-26 00:00:00-05:00,82.69409254143035,83.30023012197782,82.27556962930076,82.96829986572266,6953000,0.0,0.0
2018-11-27 00:00:00-05:00,82.65801624176359,83.45898041491468,82.41989056752152,83.13426208496094,6339200,0.0,0.0
2018-11-28 00:00:00-05:00,82.96830163046819,85.34954191215314,82.54977870943657,85.24851989746094,6841700,0.0,0.0
2018-11-29 00:00:00-05:00,85.11141781727548,86.39585082352679,84.95988479241547,85.76084899902344,6656900,0.0,0.0
2018-11-30 00:00:00-05:00,85.18358426050419,86.02062464373309,84.93102370447065,85.82579803466797,6712500,0.0,0.0
2018-12-03 00:00:00-05:00,87.14629261857368,88.34413288442744,86.63396513911502,87.07413482666016,8237600,0.0,0.0
2018-12-04 00:00:00-05:00,87.02362214428442,87.37719917154563,84.4764141523603,84.59908294677734,8288100,0.0,0.0
2018-12-06 00:00:00-05:00,83.22806281267619,83.80533614678465,81.56119418073563,83.63937377929688,10715700,0.0,0.0
2018-12-07 00:00:00-05:00,84.85163935791098,86.37419243564105,83.11983033581936,83.3363037109375,9114400,0.0,0.0
2018-12-10 00:00:00-05:00,83.19920268220753,83.67544849523361,80.57983144206153,82.9394302368164,7674300,0.0,0.0
2018-12-11 00:00:00-05:00,83.89191709101445,84.15168950458227,82.22504318640668,83.32186126708984,5929400,0.0,0.0
2018-12-12 00:00:00-05:00,84.50527299133088,84.94544264237673,83.39402547109106,83.43010711669922,7891400,0.0,0.0
2018-12-13 00:00:00-05:00,83.09096248305553,83.93522017018401,82.48482494761119,83.66101837158203,7030500,0.0,0.0
2018-12-14 00:00:00-05:00,82.98994100431668,83.56720882165843,81.76323657005344,82.13846588134766,6195400,0.0,0.0
2018-12-17 00:00:00-05:00,81.85703895663613,82.96106899000287,80.71692727951408,81.14266204833984,7132400,0.0,0.0
2018-12-18 00:00:00-05:00,81.27255578622017,81.71272545543253,78.61710841527895,79.18716430664062,9658600,0.0,0.0
2018-12-19 00:00:00-05:00,79.30985894912448,80.81076006141818,77.28218987733744,77.80895233154297,10472400,0.0,0.0
2018-12-20 00:00:00-05:00,77.07292225417758,77.98212597017351,75.18236252579128,75.7524185180664,11612800,0.0,0.0
2018-12-21 00:00:00-05:00,74.77105012864712,77.16672525920953,74.25872262691725,75.19678497314453,19912800,0.0,0.0
2018-12-24 00:00:00-05:00,74.54012677451426,75.15347616606641,72.81552994748276,72.87325286865234,5619500,0.0,0.0
2018-12-26 00:00:00-05:00,73.49381451766843,77.49141693115234,72.31762681416593,77.49141693115234,10779400,0.0,0.0
2018-12-27 00:00:00-05:00,76.10597821836156,78.89131166838727,75.68023792668384,78.88409423828125,10655100,0.0,0.0
2018-12-28 00:00:00-05:00,79.12223136229024,79.63455886841801,78.01820112321197,78.40064239501953,6445400,0.0,0.0
2018-12-31 00:00:00-05:00,78.76143567267061,79.54796499241473,77.83058525851003,78.50166320800781,6309600,0.0,0.0
2019-01-02 00:00:00-05:00,77.45533854006383,80.58703677017296,77.28215877090635,79.87266540527344,6384800,0.0,0.0
2019-01-03 00:00:00-05:00,80.1396422673571,80.30561009691,77.98209351488002,78.34288787841797,6496200,0.0,0.0
2019-01-04 00:00:00-05:00,79.57681779931579,80.08914522412684,78.99233259028797,79.96647644042969,7952500,0.0,0.0
2019-01-07 00:00:00-05:00,80.13965949618797,81.48903268781763,79.3170486108952,81.00556945800781,5712700,0.0,0.0
2019-01-08 00:00:00-05:00,81.8281940252904,82.1096132959825,80.57984262801762,80.6520004272461,5674900,0.0,0.0
2019-01-09 00:00:00-05:00,81.31585760809348,82.26113733685155,81.14267230252534,81.734375,7097000,0.0,0.0
2019-01-10 00:00:00-05:00,81.18596042963412,81.99413639211673,80.60868716618725,81.86425018310547,6078300,0.0,0.0
2019-01-11 00:00:00-05:00,81.53954896001537,81.5756306085725,80.57983436337648,81.2076187133789,4491700,0.0,0.0
2019-01-14 00:00:00-05:00,80.34171368712529,81.06330266080649,80.15410451777481,80.61592102050781,6121700,0.0,0.0
2019-01-15 00:00:00-05:00,80.80353426031552,81.59006358512384,80.4643865678617,80.90455627441406,4226100,0.0,0.0
2019-01-16 00:00:00-05:00,80.40664892173166,81.04886258293627,80.25511591793705,80.38500213623047,5624100,0.0,0.0
2019-01-17 00:00:00-05:00,79.91597110451978,81.02721867712671,79.49744821900163,80.78909301757812,4442700,0.0,0.0
2019-01-18 00:00:00-05:00,82.25389183911845,82.73014300899256,81.58281414856795,82.5280990600586,9382000,0.0,0.0
2019-01-22 00:00:00-05:00,81.62613741703937,81.86425756730036,80.78187422967036,81.06329345703125,7242000,0.0,0.0
2019-01-23 00:00:00-05:00,81.09215617717932,81.30141761256125,79.67784263607136,80.3777847290039,6082300,0.0,0.0
2019-01-24 00:00:00-05:00,80.11799687126903,82.13123011524468,80.03140974590568,81.90753936767578,8470700,0.0,0.0
2019-01-25 00:00:00-05:00,82.3044199366783,82.8239647735369,81.53232011114841,81.69828796386719,6261800,0.0,0.0
2019-01-28 00:00:00-05:00,80.75302650757268,81.2292723781888,80.14688889326742,80.94063568115234,6886600,0.0,0.0
2019-01-29 00:00:00-05:00,81.56120181817087,81.79211007237933,80.65199815866201,80.69529724121094,5359900,0.0,0.0
2019-01-30 00:00:00-05:00,81.200403072667,82.00858467269815,80.80353245622265,81.54676818847656,7941700,0.0,0.0
2019-01-31 00:00:00-05:00,82.1168141466917,83.27857264713892,81.81374264266792,82.73016357421875,11225600,0.0,0.0
2019-02-01 00:00:00-05:00,84.17335581671857,86.04948606808911,84.1372741655186,85.41448974609375,10934300,0.0,0.0
2019-02-04 00:00:00-05:00,84.78669569030953,86.41027071416651,83.92800313822241,86.4030532836914,7987900,0.0,0.0
2019-02-05 00:00:00-05:00,86.31649139541668,86.48967124048713,85.64541330231962,86.21546936035156,6887400,0.0,0.0
2019-02-06 00:00:00-05:00,85.86907861132438,86.29481341736407,85.64538781528904,85.78248596191406,4990400,0.0,0.0
2019-02-07 00:00:00-05:00,85.15470324364877,85.51549767506208,84.07231994940885,85.3134536743164,7281900,0.0,0.0
2019-02-08 00:00:00-05:00,84.95987274416444,85.06811217665405,83.6465812096632,84.84442138671875,5671000,0.0,0.0
2019-02-11 00:00:00-05:00,84.37540218526175,84.68568567619052,83.98574346372652,84.38983154296875,4859600,0.0,0.0
2019-02-12 00:00:00-05:00,85.38561872384555,85.77527740355703,84.86607381756357,85.66703796386719,5400700,0.0,0.0
2019-02-13 00:00:00-05:00,85.98456209046542,86.87211362416195,85.65262625096425,86.28041076660156,5935900,0.0,0.0
2019-02-14 00:00:00-05:00,86.27309716625174,87.11855165742996,85.75561960790618,86.12004089355469,5406500,1.19,0.0
2019-02-15 00:00:00-05:00,87.18415634431958,87.35907701642083,86.43344377360306,86.98736572265625,6209800,0.0,0.0
2019-02-19 00:00:00-05:00,86.65938361139013,87.3590718187935,86.33869109776158,86.95820617675781,4277800,0.0,0.0
2019-02-20 00:00:00-05:00,86.9581982657617,87.9858688760552,86.73225886660231,87.66517639160156,5940600,0.0,0.0
2019-02-21 00:00:00-05:00,87.51211325562983,87.69432386918453,86.28765771011713,86.83428955078125,5139400,0.0,0.0
2019-02-22 00:00:00-05:00,87.6651947951001,87.79638669713334,86.62294956245495,87.01652526855469,4517600,0.0,0.0
2019-02-25 00:00:00-05:00,87.0311020385507,87.76722909898983,87.00194766576676,87.18415832519531,5196600,0.0,0.0
2019-02-26 00:00:00-05:00,87.32262057079373,88.16808056337548,87.22787304498804,87.41737365722656,5445600,0.0,0.0
2019-02-27 00:00:00-05:00,87.67245779545372,88.40130023562479,87.38091970725998,87.51940155029297,5289800,0.0,0.0
2019-02-28 00:00:00-05:00,87.4611036782256,87.57772115223096,86.36054989996563,87.15499114990234,6406500,0.0,0.0
2019-03-01 00:00:00-05:00,87.74537224448038,88.947963812104,87.58502596071342,88.940673828125,7743600,0.0,0.0
2019-03-04 00:00:00-05:00,89.40710851442162,89.5310104053894,87.86196596675987,89.0062484741211,7499500,0.0,0.0
2019-03-05 00:00:00-05:00,88.824053585914,89.9027375675925,88.61997297797537,89.8590087890625,7345200,0.0,0.0
2019-03-06 00:00:00-05:00,89.7715517367113,90.88668014959282,89.13746216267269,90.033935546875,7599900,0.0,0.0
2019-03-07 00:00:00-05:00,89.95376032351922,90.01206907123354,88.70015005080232,88.87507629394531,7201100,0.0,0.0
2019-03-08 00:00:00-05:00,87.5339866854857,88.86776984909226,86.87802729677533,88.64183044433594,7014100,0.0,0.0
2019-03-11 00:00:00-04:00,89.55287832793594,90.52223460901119,89.46541522772064,90.0995101928711,6088600,0.0,0.0
2019-03-12 00:00:00-04:00,90.25986216068968,91.07616784960673,89.92459524219541,90.30359649658203,6184300,0.0,0.0
2019-03-13 00:00:00-04:00,90.81378836847709,91.05430776505506,90.30360076418552,90.86480712890625,4707000,0.0,0.0
2019-03-14 00:00:00-04:00,90.9304144952046,91.4406021479712,90.72633943409795,90.81379699707031,5146400,0.0,0.0
2019-03-15 00:00:00-04:00,90.80648555541448,91.41142617262287,90.63156491017573,91.33125305175781,10449700,0.0,0.0
2019-03-18 00:00:00-04:00,91.25838089616026,91.92891475079865,91.22922652500715,91.7467041015625,5586900,0.0,0.0
2019-03-19 00:00:00-04:00,92.2423355436118,92.50471937528484,90.91584197709982,91.30941772460938,5096800,0.0,0.0
2019-03-20 00:00:00-04:00,91.13448835426868,92.08198049128495,90.87210454755568,90.87939453125,6708500,0.0,0.0
2019-03-21 00:00:00-04:00,91.0105793262181,91.8050151073737,90.7481955399986,91.73213195800781,5050400,0.0,0.0
2019-03-22 00:00:00-04:00,90.9959830178162,91.03242736626797,89.42897056504707,89.71321868896484,5786800,0.0,0.0
2019-03-25 00:00:00-04:00,89.59660584338106,89.90271834890872,89.14472150620202,89.56745147705078,3837500,0.0,0.0
2019-03-26 00:00:00-04:00,90.2088305589474,91.03971609507154,89.92458243894181,90.4712142944336,4079800,0.0,0.0
2019-03-27 00:00:00-04:00,90.36191530282431,90.72633663229742,88.93337879793698,89.49459075927734,3727800,0.0,0.0
2019-03-28 00:00:00-04:00,89.35609601896286,89.76425163047831,89.1811753629576,89.6622085571289,4057700,0.0,0.0
2019-03-29 00:00:00-04:00,90.5805726229964,90.71905451961203,89.27594348301635,89.77884674072266,5318600,0.0,0.0
2019-04-01 00:00:00-04:00,90.28173077777157,91.30210592308829,89.97561267354907,91.06159210205078,5506300,0.0,0.0
2019-04-02 00:00:00-04:00,91.25111402279221,91.4260402940114,90.45667806003095,91.05432891845703,4362700,0.0,0.0
2019-04-03 00:00:00-04:00,91.26565700716428,91.36040452853993,90.04120140798358,90.29629516601562,3595400,0.0,0.0
2019-04-04 00:00:00-04:00,90.38376269066448,90.98141333615024,90.04849579789219,90.95954895019531,3715400,0.0,0.0
2019-04-05 00:00:00-04:00,91.28752959694565,92.30062029891984,91.25108524511107,92.14027404785156,5551400,0.0,0.0
2019-04-08 00:00:00-04:00,92.39537374336149,92.81081380198333,92.00180363361679,92.32978057861328,5483100,0.0,0.0
2019-04-09 00:00:00-04:00,92.045533321345,92.045533321345,91.19278880740995,91.4989013671875,4143400,0.0,0.0
2019-04-10 00:00:00-04:00,91.93620454869772,92.2496070871782,91.20007197028956,91.46245574951172,3970000,0.0,0.0
2019-04-11 00:00:00-04:00,91.35312499697075,92.02366438702393,90.92311055004369,91.82687377929688,3248300,0.0,0.0
2019-04-12 00:00:00-04:00,88.61268719544688,88.9187997617152,86.7322718987222,87.28619384765625,42693700,0.0,0.0
2019-04-15 00:00:00-04:00,87.47567776395476,88.20452029195536,86.97278020086085,87.56314086914062,13369100,0.0,0.0
2019-04-16 00:00:00-04:00,87.77450089028831,88.42317025856113,87.50482716840028,88.3138427734375,11942900,0.0,0.0
2019-04-17 00:00:00-04:00,89.06454890033804,89.31235823525482,87.49754201563275,87.65788269042969,11898100,0.0,0.0
2019-04-18 00:00:00-04:00,87.84008768024117,88.05874263464506,86.8051327587326,87.35905456542969,9546500,0.0,0.0
2019-04-22 00:00:00-04:00,88.02959589085796,88.9260746087715,87.7890765323169,88.84590148925781,7946200,0.0,0.0
2019-04-23 00:00:00-04:00,88.722020646053,89.12288077808692,88.44505687271247,88.93338012695312,9079200,0.0,0.0
2019-04-24 00:00:00-04:00,88.44505089521536,88.50335963941244,86.06902239514989,86.20750427246094,22115000,0.0,0.0
2019-04-25 00:00:00-04:00,86.03986185309991,86.51360504338474,85.56611310218793,85.93053436279297,10636400,0.0,0.0
2019-04-26 00:00:00-04:00,86.2949630990414,86.36784624535078,84.29064599208178,85.34746551513672,11626700,0.0,0.0
2019-04-29 00:00:00-04:00,85.28187695766161,86.08360273162059,85.05593196308351,85.79935455322266,9404000,0.0,0.0
2019-04-30 00:00:00-04:00,88.262818584041,88.86046916385257,87.20599926775122,87.50482177734375,21431500,0.0,0.0
2019-05-01 00:00:00-04:00,87.31533746947689,87.56314126100501,85.82849803842649,85.86493682861328,10097000,0.0,0.0
2019-05-02 00:00:00-04:00,85.4786522697429,86.35326665481753,84.74980972916102,84.82269287109375,9495600,0.0,0.0
2019-05-03 00:00:00-04:00,85.7774696784635,86.40427463001083,85.35473972311732,85.47135162353516,7364900,0.0,0.0
2019-05-06 00:00:00-04:00,85.63901575012446,87.34450496915295,85.61715135920794,86.29497528076172,11035000,0.0,0.0
2019-05-07 00:00:00-04:00,85.49323793074741,86.20021057128906,84.9101616351818,86.20021057128906,9165200,0.0,0.0
2019-05-08 00:00:00-04:00,86.27311801926946,86.35329116634092,85.5661396645277,85.63902282714844,6229000,0.0,0.0
2019-05-09 00:00:00-04:00,88.27741141984387,89.15202025323512,87.35906825234392,88.32843017578125,16496300,0.0,0.0
2019-05-10 00:00:00-04:00,88.31387110327118,89.11559698364859,87.33722452696004,88.9115219116211,8787900,0.0,0.0
2019-05-13 00:00:00-04:00,88.85321420958049,89.10830803666543,87.46841199888283,87.78181457519531,7701200,0.0,0.0
2019-05-14 00:00:00-04:00,87.94943959967253,89.1010122997331,87.83282766937532,88.65641784667969,6858500,0.0,0.0
2019-05-15 00:00:00-04:00,88.33572961483505,89.27593732891259,88.09521575917246,89.02084350585938,6945000,0.0,0.0
2019-05-16 00:00:00-04:00,89.05026965141117,89.46244101992954,88.71170412339276,88.91043090820312,8543300,1.19,0.0
2019-05-17 00:00:00-04:00,88.3657801625614,89.13859659374921,88.23329750622456,88.704345703125,6870900,0.0,0.0
2019-05-20 00:00:00-04:00,88.84418538262615,89.2121921180104,88.71906444027643,88.93986511230469,4569700,0.0,0.0
2019-05-21 00:00:00-04:00,89.079714195776,89.74948918507957,88.98403446102013,89.30787658691406,4859400,0.0,0.0
2019-05-22 00:00:00-04:00,88.98402806140473,89.38147600196727,88.57185670711557,88.74114227294922,5763300,0.0,0.0
2019-05-23 00:00:00-04:00,87.44576275585268,87.4899273845941,86.01053866684849,86.75391387939453,11000200,0.0,0.0
2019-05-24 00:00:00-04:00,87.07040685341285,87.53409337713708,86.39327010698435,87.3721694946289,4890800,0.0,0.0
2019-05-28 00:00:00-04:00,87.49728627583436,87.82113402539075,86.97471734426503,87.0777587890625,8145100,0.0,0.0
2019-05-29 00:00:00-04:00,86.1430092949846,86.37853335915075,85.24507204555844,85.94428253173828,7451300,0.0,0.0
2019-05-30 00:00:00-04:00,85.77502788356306,85.92222836131606,84.53116306979852,84.92124938964844,5807900,0.0,0.0
2019-05-31 00:00:00-04:00,84.06747782179706,84.78876803550625,83.69947100633854,83.79515075683594,6899800,0.0,0.0
2019-06-03 00:00:00-04:00,84.42073551284395,85.4511554054193,84.25145557387044,85.37019348144531,6100800,0.0,0.0
2019-06-04 00:00:00-04:00,85.81915314458702,86.61404888857186,85.59099080922208,86.33436584472656,5235600,0.0,0.0
2019-06-05 00:00:00-04:00,86.75392676229582,86.87168602063947,85.57630048682985,86.59200286865234,5105700,0.0,0.0
2019-06-06 00:00:00-04:00,87.00415124606683,89.17539434256567,86.93055102244624,88.82210540771484,7370100,0.0,0.0
2019-06-07 00:00:00-04:00,88.866287925035,89.88199037181109,88.71172572994703,89.41094207763672,5343100,0.0,0.0
2019-06-10 00:00:00-04:00,89.94086644673888,90.35303791220682,89.58022132787566,90.00711059570312,5708800,0.0,0.0
2019-06-11 00:00:00-04:00,90.80197205122896,90.89765176841145,89.16802146106765,89.1827392578125,5625100,0.0,0.0
2019-06-12 00:00:00-04:00,88.6012950326527,88.74850108843759,87.99776424227679,88.46145629882812,4000100,0.0,0.0
2019-06-13 00:00:00-04:00,89.23428187797106,89.71269181201413,88.66019220325447,88.99140167236328,3993300,0.0,0.0
2019-06-14 00:00:00-04:00,89.05763764233832,89.17540250317786,88.59395113729232,88.91779327392578,3366800,0.0,0.0
2019-06-17 00:00:00-04:00,88.85155307517891,89.67588462415557,88.6013055582842,89.34468078613281,4219100,0.0,0.0
2019-06-18 00:00:00-04:00,89.75683093078982,91.16998091144022,89.69059242085473,90.4781265258789,4884300,0.0,0.0
2019-06-19 00:00:00-04:00,90.16901683840943,90.8829508427987,89.95557224629962,90.44869995117188,3847100,0.0,0.0
2019-06-20 00:00:00-04:00,91.49382785653795,91.78087264554479,90.97125899410658,91.47174835205078,7771700,0.0,0.0
2019-06-21 00:00:00-04:00,91.8544926849642,92.88490715595013,91.43496518882344,91.9501724243164,14287900,0.0,0.0
2019-06-24 00:00:00-04:00,91.66313589375355,92.28138463234598,91.57481223880968,91.93546295166016,5542600,0.0,0.0
2019-06-25 00:00:00-04:00,91.88393890262181,92.08266572737354,90.89032162487821,91.00072479248047,4713300,0.0,0.0
2019-06-26 00:00:00-04:00,91.68518997742912,91.91335233692047,91.1773389291815,91.21414184570312,5054800,0.0,0.0
2019-06-27 00:00:00-04:00,91.20678002452445,91.41286287997809,90.44868711396144,90.61061096191406,3551700,0.0,0.0
2019-06-28 00:00:00-04:00,90.83141516332715,91.61894926608362,90.61797060636782,91.58950805664062,7048300,0.0,0.0
2019-07-01 00:00:00-04:00,92.26664124945046,92.61992454059985,91.53062784166309,91.8839111328125,5526900,0.0,0.0
2019-07-02 00:00:00-04:00,91.67047024273927,91.79559117172991,90.08067862025878,90.4781265258789,5747700,0.0,0.0
2019-07-03 00:00:00-04:00,90.47814525127185,90.80199300776448,90.03653824763317,90.78726959228516,2725800,0.0,0.0
2019-07-05 00:00:00-04:00,90.6326870312233,91.07429393550919,90.26468034176231,90.92709350585938,3458900,0.0,0.0
2019-07-08 00:00:00-04:00,91.01542469563466,91.33190508414556,90.83877742697292,90.97126007080078,3505200,0.0,0.0
2019-07-09 00:00:00-04:00,91.19207928790094,91.36872096628886,90.58118669827628,90.78726959228516,3955600,0.0,0.0
2019-07-10 00:00:00-04:00,91.34661665103411,92.45799837371683,91.34661665103411,92.32551574707031,4743500,0.0,0.0
2019-07-11 00:00:00-04:00,92.5021872945933,92.5021872945933,91.70729127762846,92.31818389892578,3548000,0.0,0.0
2019-07-12 00:00:00-04:00,92.28137171639302,92.92170549060222,92.09736833918392,92.72298431396484,3974400,0.0,0.0
2019-07-15 00:00:00-04:00,92.7818657504443,93.03211327589429,92.2004143756486,92.53162384033203,3739200,0.0,0.0
2019-07-16 00:00:00-04:00,92.36969112388208,92.57577399845351,91.45703598706402,91.82504272460938,4697600,0.0,0.0
2019-07-17 00:00:00-04:00,91.75145119621126,92.20777600020138,91.30983857703183,91.36872100830078,3874200,0.0,0.0
2019-07-18 00:00:00-04:00,91.35396293354052,92.03845545309574,90.79459131376731,91.76612854003906,5770700,0.0,0.0
2019-07-19 00:00:00-04:00,91.76615501528929,92.3034472919181,91.70727259299139,92.03112030029297,4880900,0.0,0.0
2019-07-22 00:00:00-04:00,92.27400013179845,92.5536831966768,91.61158696199549,92.2298355102539,3275800,0.0,0.0
2019-07-23 00:00:00-04:00,92.1783278085937,92.8996234987071,91.83976227742613,92.60521697998047,4295300,0.0,0.0
2019-07-24 00:00:00-04:00,92.64201181830526,93.42954595837408,92.48744967290897,93.13513946533203,4796900,0.0,0.0
2019-07-25 00:00:00-04:00,93.47371065324757,93.47371065324757,92.24456950651177,92.46537017822266,4586800,0.0,0.0
2019-07-26 00:00:00-04:00,92.17832355238937,92.18568525923537,90.75046126780126,91.05958557128906,6971700,0.0,0.0
2019-07-29 00:00:00-04:00,90.8829568709464,91.7367296806778,90.8093510226669,91.43496704101562,4377500,0.0,0.0
2019-07-30 00:00:00-04:00,91.33927325117368,91.8176831441304,90.80934263838084,91.51591491699219,3871700,0.0,0.0
2019-07-31 00:00:00-04:00,91.05221788293423,91.77351349235862,90.14692453714338,90.61061096191406,7199500,0.0,0.0
2019-08-01 00:00:00-04:00,89.79366601007366,91.08168990775914,88.54980113482905,88.86628723144531,7928400,0.0,0.0
2019-08-02 00:00:00-04:00,89.63171269333769,90.1910844604896,86.7244619530413,88.85890197753906,9026200,0.0,0.0
2019-08-05 00:00:00-04:00,87.7254431185806,88.72642183945345,86.44477569857932,87.39423370361328,8620300,0.0,0.0
2019-08-06 00:00:00-04:00,87.37953697527212,87.97570620449446,86.59200263450327,87.86530303955078,6788000,0.0,0.0
2019-08-07 00:00:00-04:00,86.51837754380756,88.17440769625132,86.07676501088659,87.65919494628906,6853700,0.0,0.0
2019-08-08 00:00:00-04:00,87.94624222112253,90.77253668153385,87.8947215061968,90.69893646240234,8868100,0.0,0.0
2019-08-09 00:00:00-04:00,90.6106267096009,91.18471636823477,89.71268929877861,90.10277557373047,5051700,0.0,0.0
2019-08-12 00:00:00-04:00,90.53701177365129,90.63269149610353,88.99138472483952,89.46243286132812,3936500,0.0,0.0
2019-08-13 00:00:00-04:00,89.06498436236492,90.30884320747799,88.5424155148356,90.08068084716797,5806400,0.0,0.0
2019-08-14 00:00:00-04:00,88.33634363498454,88.75587113308615,86.61407462656882,86.65823364257812,7175600,0.0,0.0
2019-08-15 00:00:00-04:00,86.29021918109444,86.7318261478601,84.98011607971019,86.07677459716797,6272600,0.0,0.0
2019-08-16 00:00:00-04:00,86.55265988742073,86.73855477305821,85.77933648240143,86.11394500732422,6239100,1.19,0.0
2019-08-19 00:00:00-04:00,87.0954797808647,87.6085515395383,86.96907260564615,87.22932434082031,6443700,0.0,0.0
2019-08-20 00:00:00-04:00,87.09546241426439,87.14008104072765,86.00240534448552,86.35188293457031,5150900,0.0,0.0
2019-08-21 00:00:00-04:00,87.58624827870229,87.90598775740433,87.24420231803121,87.65316772460938,4578400,0.0,0.0
2019-08-22 00:00:00-04:00,88.23316289881109,88.29264495854656,87.33342654116431,87.54163360595703,4362100,0.0,0.0
2019-08-23 00:00:00-04:00,86.61214823520187,87.78699960935236,85.02832016742153,85.64549255371094,7653400,0.0,0.0
2019-08-26 00:00:00-04:00,86.19573418521516,86.41881030419837,85.65292432771676,86.0618896484375,3966400,0.0,0.0
2019-08-27 00:00:00-04:00,86.45601645251985,87.02113866023439,85.54141652195395,86.12884521484375,4237100,0.0,0.0
2019-08-28 00:00:00-04:00,86.5601267413811,87.14754978769403,86.16602468428268,86.87242889404297,4153500,0.0,0.0
2019-08-29 00:00:00-04:00,87.14008297767559,87.62340511177104,86.68649903113506,87.38545989990234,4467300,0.0,0.0
2019-08-30 00:00:00-04:00,87.72754253102585,88.47112229060271,87.16985771134321,87.53421020507812,4881100,0.0,0.0
2019-09-03 00:00:00-04:00,86.08421146588775,86.50061991732277,85.17704908058481,86.45600128173828,5672500,0.0,0.0
2019-09-04 00:00:00-04:00,87.35574108921041,88.14393371465985,87.12522753656827,87.1847152709961,4595600,0.0,0.0
2019-09-05 00:00:00-04:00,87.74983506673894,88.53802767121302,87.19215033571012,87.4747085571289,5394300,0.0,0.0
2019-09-06 00:00:00-04:00,87.370600284183,88.0695669018363,87.28880607688052,87.93572235107422,4578200,0.0,0.0
2019-09-09 00:00:00-04:00,88.29264257093077,88.95442797948982,88.17367278161456,88.77597045898438,5048000,0.0,0.0
2019-09-10 00:00:00-04:00,89.4005834358848,91.67593533983938,89.16263817581806,90.60517883300781,8728800,0.0,0.0
2019-09-11 00:00:00-04:00,90.87287241097167,91.44543194400038,89.50468851683534,90.18134307861328,5509500,0.0,0.0
2019-09-12 00:00:00-04:00,89.25927804853443,90.85053762107259,88.90235741562877,90.28541564941406,5818300,0.0,0.0
2019-09-13 00:00:00-04:00,90.90260197203837,90.95465231475224,90.15158502168526,90.34491729736328,4885400,0.0,0.0
2019-09-16 00:00:00-04:00,92.84333039435565,93.14819501825157,91.4379656905234,92.29308319091797,10683900,0.0,0.0
2019-09-17 00:00:00-04:00,92.29310374929399,92.66489355636374,91.13311569355409,92.12207794189453,7246500,0.0,0.0
2019-09-18 00:00:00-04:00,91.86926204224392,92.3600216292827,91.47516008804371,92.33771514892578,4801500,0.0,0.0
2019-09-19 00:00:00-04:00,92.77641788532995,92.92513719905155,91.77258662822159,91.9510498046875,4034500,0.0,0.0
2019-09-20 00:00:00-04:00,92.20385776604184,92.81359272757224,91.95847517012974,92.44180297851562,10420700,0.0,0.0
2019-09-23 00:00:00-04:00,91.86924623777278,92.94743420533015,91.86924623777278,92.87307739257812,4705500,0.0,0.0
2019-09-24 00:00:00-04:00,92.70205774759191,92.73923899295718,91.62386970873732,92.01052856445312,6232100,0.0,0.0
2019-09-25 00:00:00-04:00,91.81720920628335,92.3154061642803,91.39336907181307,91.83951568603516,3762500,0.0,0.0
2019-09-26 00:00:00-04:00,91.65363724119626,91.83209478430325,89.26674703728679,89.34854125976562,7834400,0.0,0.0
2019-09-27 00:00:00-04:00,88.86520543063607,89.41545278237781,88.0770071451006,88.18854522705078,6850700,0.0,0.0
2019-09-30 00:00:00-04:00,88.1439322634957,88.79828031224096,88.04726895143888,88.18854522705078,6108300,0.0,0.0
2019-10-01 00:00:00-04:00,88.6867457199611,88.8280276741947,86.16601106478785,86.26268005371094,7116600,0.0,0.0
2019-10-02 00:00:00-04:00,85.55625663146206,85.59343787619804,82.99834697395929,83.49654388427734,9702400,0.0,0.0
2019-10-03 00:00:00-04:00,83.32553495381721,84.16578360107907,82.10606476424365,84.13603973388672,5315300,0.0,0.0
2019-10-04 00:00:00-04:00,84.47064500910548,84.76807799633669,83.68988979981876,84.65653991699219,4757300,0.0,0.0
2019-10-07 00:00:00-04:00,84.73833029254617,85.32575885563126,84.19552036301555,84.21782684326172,4694000,0.0,0.0
2019-10-08 00:00:00-04:00,83.36271773331394,83.83860827098495,82.99092789619206,83.0652847290039,5323900,0.0,0.0
2019-10-09 00:00:00-04:00,83.71961481323619,85.14729179258161,83.50398174632852,84.12858581542969,4601700,0.0,0.0
2019-10-10 00:00:00-04:00,84.41857939903063,85.35549115384443,84.24755929161005,85.20677185058594,3555500,0.0,0.0
2019-10-11 00:00:00-04:00,86.0247219630833,87.02111586027397,85.77933934432015,86.36676788330078,5134200,0.0,0.0
2019-10-14 00:00:00-04:00,85.94294479743537,86.54524255103841,85.84627580375181,86.38909149169922,2571300,0.0,0.0
2019-10-15 00:00:00-04:00,86.14370232876928,87.45984150162896,86.10652674967054,86.48574829101562,3742700,0.0,0.0
2019-10-16 00:00:00-04:00,86.42627139283424,86.74601089210964,85.57115359960349,85.59346008300781,3608900,0.0,0.0
2019-10-17 00:00:00-04:00,85.96522862565743,86.29983713990585,85.45215694228578,85.77189636230469,3722400,0.0,0.0
2019-10-18 00:00:00-04:00,85.61575420094022,85.94293103845058,85.31832122802734,85.31832122802734,5679900,0.0,0.0
2019-10-21 00:00:00-04:00,85.92062397753136,86.81291721717689,85.92062397753136,86.70881652832031,3926300,0.0,0.0
2019-10-22 00:00:00-04:00,86.72368887020811,88.15879776094906,86.61958817745487,87.59368133544922,4095000,0.0,0.0
2019-10-23 00:00:00-04:00,87.29624627368656,87.75726199545001,86.83522487886097,87.72752380371094,4148500,0.0,0.0
2019-10-24 00:00:00-04:00,88.09186188231865,88.3446761823891,87.22930696265462,87.4300765991211,3873900,0.0,0.0
2019-10-25 00:00:00-04:00,87.5713701577671,88.37443751629814,87.51188809914663,88.24059295654297,3369100,0.0,0.0
2019-10-28 00:00:00-04:00,88.54547378157733,88.86521328579762,87.47471717710697,88.09932708740234,5076300,0.0,0.0
2019-10-29 00:00:00-04:00,87.72008051483385,88.53801688609468,87.51187914830147,87.83905029296875,4548400,0.0,0.0
2019-10-30 00:00:00-04:00,87.87624103227603,87.87624103227603,85.89831649043607,86.5229263305664,4690900,0.0,0.0
2019-10-31 00:00:00-04:00,86.15113546653852,86.52292527757207,85.74960178985482,86.35933685302734,7177700,0.0,0.0
2019-11-01 00:00:00-04:00,85.87599878103102,86.71624728509137,84.78293595851608,86.411376953125,7684700,0.0,0.0
2019-11-04 00:00:00-05:00,87.16983988279136,90.62004880772339,87.01368317292268,90.39697265625,10348800,0.0,0.0
2019-11-05 00:00:00-05:00,90.14415542877786,91.05131775552661,89.76492825263064,90.6720962524414,6971200,0.0,0.0
2019-11-06 00:00:00-05:00,90.67209248261963,90.82080612395296,89.08083269349349,89.15518951416016,6104700,0.0,0.0
2019-11-07 00:00:00-05:00,90.0697961208093,90.71671242383907,89.46749845206371,90.63491821289062,5440700,0.0,0.0
2019-11-08 00:00:00-05:00,89.95083303974964,90.12185318589296,89.34853532609796,89.92108917236328,4249800,0.0,0.0
2019-11-11 00:00:00-05:00,89.37827173321317,90.26313333281033,89.23699545728118,89.83185577392578,3870800,0.0,0.0
2019-11-12 00:00:00-05:00,90.1887725279987,90.75389462601088,89.58647485293211,89.94338989257812,4503600,0.0,0.0
2019-11-13 00:00:00-05:00,89.57159687003966,91.0215804766336,89.50467742990529,90.92491149902344,5076400,0.0,0.0
2019-11-14 00:00:00-05:00,90.60519460133393,91.4156995074384,90.27058597124724,90.6869888305664,4882800,0.0,0.0
2019-11-15 00:00:00-05:00,91.02485959512687,91.15251228695867,90.1913531713495,90.5893325805664,5589600,1.19,0.0
2019-11-18 00:00:00-05:00,89.97361484109308,90.10877823760796,88.7120917166081,89.01996612548828,4885300,0.0,0.0
2019-11-19 00:00:00-05:00,88.98242248384264,89.20769673108278,87.16523008317415,87.44306182861328,8723000,0.0,0.0
2019-11-20 00:00:00-05:00,87.41303629323114,88.66704888630146,87.1952727011292,88.11137390136719,5903100,0.0,0.0
2019-11-21 00:00:00-05:00,88.31411681580482,89.32032880885882,88.00624239081951,89.18516540527344,5810900,0.0,0.0
2019-11-22 00:00:00-05:00,89.40292235943804,89.88350204124652,89.0575060711983,89.08003234863281,4786800,0.0,0.0
2019-11-25 00:00:00-05:00,88.92984344825516,89.52306018017097,88.59193786642412,88.89229583740234,7390000,0.0,0.0
2019-11-26 00:00:00-05:00,88.86226726925968,89.0274676062435,88.0062343675813,88.44927215576172,10053100,0.0,0.0
2019-11-27 00:00:00-05:00,88.59944912019218,89.06501317472838,88.32161740433926,88.6595230102539,4106100,0.0,0.0
2019-11-29 00:00:00-05:00,88.06631907384573,88.47180929743017,87.76595530871329,87.95368194580078,3271000,0.0,0.0
2019-12-02 00:00:00-05:00,88.59194138107607,88.65952020853885,87.6457976938679,87.70587158203125,5195200,0.0,0.0
2019-12-03 00:00:00-05:00,87.25532401858902,87.63077722990647,86.87987080727159,87.02254486083984,6135800,0.0,0.0
2019-12-04 00:00:00-05:00,87.58573040556486,88.08133142681561,87.42804073397463,87.81100463867188,5706700,0.0,0.0
2019-12-05 00:00:00-05:00,88.32162108379914,88.41172619368402,87.24782460229785,87.35295104980469,5517500,0.0,0.0
2019-12-06 00:00:00-05:00,87.92365585987999,89.57565390774137,87.84106140000179,88.61449432373047,6735300,0.0,0.0
2019-12-09 00:00:00-05:00,87.49561749925593,88.52436140366115,87.43554933694679,88.08132934570312,4736100,0.0,0.0
2019-12-10 00:00:00-05:00,88.62947182418473,88.67452437001123,87.89358684053616,88.52434539794922,4886800,0.0,0.0
2019-12-11 00:00:00-05:00,87.92363684993028,88.35165904263567,87.20276731778115,87.27786254882812,7039600,0.0,0.0
2019-12-12 00:00:00-05:00,87.54818144388825,89.2752685939146,87.54818144388825,89.21519470214844,6462000,0.0,0.0
2019-12-13 00:00:00-05:00,89.39540282283492,89.76334532843033,88.53185937875685,88.57691192626953,4863400,0.0,0.0
2019-12-16 00:00:00-05:00,89.25275107874859,89.7108045227501,89.06502444527132,89.62820434570312,5619300,0.0,0.0
2019-12-17 00:00:00-05:00,89.80089082589755,90.02616503045746,88.8547529162524,89.0574951171875,6755500,0.0,0.0
2019-12-18 00:00:00-05:00,89.11758190615275,89.8384514445782,88.99743411860094,89.01996612548828,7496700,0.0,0.0
2019-12-19 00:00:00-05:00,89.0349905633188,89.1626433035295,88.5018475933543,88.70458984375,6220300,0.0,0.0
2019-12-20 00:00:00-05:00,89.65823921847273,90.06372942486985,88.67454778613521,89.86849212646484,12171100,0.0,0.0
2019-12-23 00:00:00-05:00,89.59065478539823,90.40914586867731,89.4705127216374,90.35658264160156,5875000,0.0,0.0
2019-12-24 00:00:00-05:00,90.43166689814976,90.69448301827244,90.17635571791504,90.36408233642578,1640100,0.0,0.0
2019-12-26 00:00:00-05:00,90.61187413205454,91.17505393341573,90.36407364450493,90.55931091308594,3648600,0.0,0.0
2019-12-27 00:00:00-05:00,90.77706978512994,91.07743347618954,90.2889795032782,90.33403778076172,4138300,0.0,0.0
2019-12-30 00:00:00-05:00,90.43916965696893,91.1149808413301,89.96609495316264,89.99613189697266,4580200,0.0,0.0
2019-12-31 00:00:00-05:00,89.73332025153768,90.58184247266162,89.54559364013278,90.49173736572266,4215700,0.0,0.0
2020-01-02 00:00:00-05:00,90.71702252569287,91.33276569504731,90.68698557487527,91.18258666992188,5205000,0.0,0.0
2020-01-03 00:00:00-05:00,91.4453906006724,92.15124452809577,90.66444717072697,90.86719512939453,6360900,0.0,0.0
2020-01-06 00:00:00-05:00,91.0398905519306,91.36278053386945,90.35656870533884,90.55931091308594,9953000,0.0,0.0
2020-01-07 00:00:00-05:00,89.37286375684593,89.90601226209414,88.43423089810803,89.40290069580078,7856900,0.0,0.0
2020-01-08 00:00:00-05:00,89.01995838983039,89.42544281517743,88.34414146598313,88.38168334960938,7295900,0.0,0.0
2020-01-09 00:00:00-05:00,88.2990818305478,88.54688232031735,87.24030677356349,88.239013671875,7345300,0.0,0.0
2020-01-10 00:00:00-05:00,88.24652916863162,88.37418762736695,87.40551755698398,87.43555450439453,6393800,0.0,0.0
2020-01-13 00:00:00-05:00,87.45807210098839,87.78847276074454,87.16521905400867,87.60074615478516,6846700,0.0,0.0
2020-01-14 00:00:00-05:00,87.48058515945696,87.7659274949762,86.88736848678023,87.33040618896484,7189100,0.0,0.0
2020-01-15 00:00:00-05:00,87.33042487254329,87.41302504267368,86.8423345205805,87.20276641845703,5808800,0.0,0.0
2020-01-16 00:00:00-05:00,87.52564465234839,88.06629815537235,87.443044493333,87.77344512939453,7022000,0.0,0.0
2020-01-17 00:00:00-05:00,87.86356080175405,88.0738136803116,86.74470612391936,86.78976440429688,7885900,0.0,0.0
2020-01-21 00:00:00-05:00,86.42934376452392,86.4668913840456,84.98009387700824,85.08522033691406,8470300,0.0,0.0
2020-01-22 00:00:00-05:00,84.92752275620836,85.25041277562201,84.44694306158738,84.77734375,5589900,0.0,0.0
2020-01-23 00:00:00-05:00,84.40189609584151,85.22038147312426,83.99640587746723,84.92752838134766,8007800,0.0,0.0
2020-01-24 00:00:00-05:00,84.69471477684912,84.83738879450304,83.60589730073222,83.98886108398438,6920000,0.0,0.0
2020-01-27 00:00:00-05:00,82.78743642113595,83.22296353871039,82.5846941996232,82.89256286621094,7609800,0.0,0.0
2020-01-28 00:00:00-05:00,83.33560840842219,83.81618812462419,83.17791299717149,83.44073486328125,5771900,0.0,0.0
2020-01-29 00:00:00-05:00,83.688507434079,83.98136044182773,82.73485892430043,82.87753295898438,4772800,0.0,0.0
2020-01-30 00:00:00-05:00,82.45704891747742,83.78615675941666,81.89386898793495,83.65099334716797,8382700,0.0,0.0
2020-01-31 00:00:00-05:00,82.45702897997292,82.5997030275608,79.89644116517832,80.45211029052734,13699600,0.0,0.0
2020-02-03 00:00:00-05:00,80.30943371108951,80.53470791291981,79.14553227886209,79.80632781982422,8785500,0.0,0.0
2020-02-04 00:00:00-05:00,80.85760583308272,81.35320110530978,80.0466255014804,80.2343521118164,9909000,0.0,0.0
2020-02-05 00:00:00-05:00,81.30064338762378,83.08780450554863,81.1805013279351,82.80996704101562,6914100,0.0,0.0
2020-02-06 00:00:00-05:00,83.07277634166954,83.10281328636414,81.93140108808167,82.21674346923828,6274000,0.0,0.0
2020-02-07 00:00:00-05:00,81.79623841599303,82.17920230299296,81.45082214242973,81.80374908447266,4830100,0.0,0.0
2020-02-10 00:00:00-05:00,81.50339111838437,82.44953489996693,81.3381907739377,82.44202423095703,6011800,0.0,0.0
2020-02-11 00:00:00-05:00,83.18541839718436,83.62845619656541,82.64476481846393,83.50830841064453,6072700,0.0,0.0
2020-02-12 00:00:00-05:00,84.484488235543,84.55206706769478,83.80867126921656,84.13156127929688,5725700,0.0,0.0
2020-02-13 00:00:00-05:00,83.62844313379347,84.3493125498336,83.52331670201434,83.84620666503906,5991900,0.0,0.0
2020-02-14 00:00:00-05:00,84.20327049984319,84.30203301044803,83.24607398421001,83.62591552734375,5148700,1.29,0.0
2020-02-18 00:00:00-05:00,82.80543894729857,83.77023371326837,82.6762942408788,83.74744415283203,4975800,0.0,0.0
2020-02-19 00:00:00-05:00,83.96016525514067,84.40078280004438,83.48156703659306,84.1272964477539,5887500,0.0,0.0
2020-02-20 00:00:00-05:00,84.15768509203862,84.37799386613399,83.33722602904655,83.42079162597656,4466600,0.0,0.0
2020-02-21 00:00:00-05:00,82.79783715399238,82.9497772106379,81.77986485610965,82.81303405761719,6443900,0.0,0.0
2020-02-24 00:00:00-05:00,80.3060849368844,81.25568863606607,79.3260932238184,79.54640197753906,9539800,0.0,0.0
2020-02-25 00:00:00-05:00,79.6147737535695,79.70593199620521,75.96829335419959,76.5076675415039,12871900,0.0,0.0
2020-02-26 00:00:00-05:00,76.62163023586812,77.1913925036566,74.44893632436101,74.47932434082031,11990400,0.0,0.0
2020-02-27 00:00:00-05:00,72.89157970265033,74.60086640976125,71.47097623768549,71.50895690917969,15783700,0.0,0.0
2020-02-28 00:00:00-05:00,68.85008050366956,70.98479405626681,68.45504782330158,70.90882110595703,20835100,0.0,0.0
2020-03-02 00:00:00-05:00,71.42539205040424,73.44615158247433,70.0503676954936,73.37777709960938,15050800,0.0,0.0
2020-03-03 00:00:00-05:00,73.52973021855995,74.81359655196107,70.93161532722951,71.70648956298828,16525500,0.0,0.0
2020-03-04 00:00:00-05:00,73.21065775219941,75.22381320173389,72.67887613865004,74.85157012939453,14753000,0.0,0.0
2020-03-05 00:00:00-05:00,72.70926184530146,73.98552956296597,72.12430846450259,73.8335952758789,12814400,0.0,0.0
2020-03-06 00:00:00-05:00,71.34942182851142,72.97514289049575,70.96958035055395,72.41297912597656,16861900,0.0,0.0
2020-03-09 00:00:00-04:00,62.4687476495469,66.85971530634367,60.77465168365903,61.28363800048828,30595500,0.0,0.0
2020-03-10 00:00:00-04:00,65.51504221204338,65.5606271206864,61.56469402088572,64.55784606933594,22642900,0.0,0.0
2020-03-11 00:00:00-04:00,62.46873036495836,64.45149749527359,62.104080005546315,63.076473236083984,18412800,0.0,0.0
2020-03-12 00:00:00-04:00,58.670338640232615,59.354048913257486,55.350520825182684,57.93344497680664,25768200,0.0,0.0
2020-03-13 00:00:00-04:00,60.75945859137489,63.433540628127275,56.30011658284159,63.372764587402344,23497500,0.0,0.0
2020-03-16 00:00:00-04:00,55.13018985612341,59.62751139910718,52.94230510989583,52.94989776611328,17535300,0.0,0.0
2020-03-17 00:00:00-04:00,53.481683273872314,55.44166676511919,49.751637037524475,53.70199203491211,22684200,0.0,0.0
2020-03-18 00:00:00-04:00,50.2986204407397,50.31381734938822,41.45590907801333,41.820556640625,24947300,0.0,0.0
2020-03-19 00:00:00-04:00,41.9800873609411,44.43386635512843,39.199647295753486,43.59821319580078,29871000,0.0,0.0
2020-03-20 00:00:00-04:00,45.22392411677315,46.0747710890667,42.815730607914055,45.11756896972656,26960400,0.0,0.0
2020-03-23 00:00:00-04:00,44.259126956133066,45.125167944893036,40.24040639265034,41.19001007080078,23764000,0.0,0.0
2020-03-24 00:00:00-04:00,46.70531909744382,51.39256557798284,45.82408677100002,50.556915283203125,29198800,0.0,0.0
2020-03-25 00:00:00-04:00,51.8787515332626,55.563212836563316,50.62527345385152,52.62323760986328,22560100,0.0,0.0
2020-03-26 00:00:00-04:00,53.405720978292166,58.57156226443016,51.574882037353355,58.02458953857422,24129100,0.0,0.0
2020-03-27 00:00:00-04:00,54.788331861403215,55.86708016922199,52.038277725717165,52.2509880065918,20411500,0.0,0.0
2020-03-30 00:00:00-04:00,51.66604035940043,55.40367917693383,50.91395004681104,54.65918731689453,18486800,0.0,0.0
2020-03-31 00:00:00-04:00,55.66197610738944,57.00661838987304,53.793156446714946,55.046634674072266,18514200,0.0,0.0
2020-04-01 00:00:00-04:00,52.80557620275191,54.91749438534685,51.36217709072903,52.0838737487793,14362000,0.0,0.0
2020-04-02 00:00:00-04:00,54.50724455435949,59.78703804996769,52.85873415885824,57.82706069946289,23220600,0.0,0.0
2020-04-03 00:00:00-04:00,59.25527897011402,60.00736358033813,55.47965321608106,57.05979537963867,14905400,0.0,0.0
2020-04-06 00:00:00-04:00,58.495586690858524,61.4963320014368,57.363660727101056,61.0709114074707,17334900,0.0,0.0
2020-04-07 00:00:00-04:00,64.01087731369404,65.09722399981396,61.42035606374649,61.473533630371094,16394800,0.0,0.0
2020-04-08 00:00:00-04:00,62.51431837273186,65.56064900137018,61.92935918326241,65.31755065917969,12284800,0.0,0.0
2020-04-09 00:00:00-04:00,67.41426992966183,68.30310347267856,61.929357568809834,64.04887390136719,17023800,0.0,0.0
2020-04-13 00:00:00-04:00,66.2291622582097,66.3659054260955,63.35756152852922,64.50468444824219,13854700,0.0,0.0
2020-04-14 00:00:00-04:00,64.92250856643547,66.15319711452054,64.06406886188361,64.27677917480469,14797600,0.0,0.0
2020-04-15 00:00:00-04:00,61.12408161427334,63.34235415246661,60.25804362613048,62.666236877441406,13982300,0.0,0.0
2020-04-16 00:00:00-04:00,61.76981768183987,62.43834237502149,59.87061034152089,60.76703643798828,12291900,0.0,0.0
2020-04-17 00:00:00-04:00,61.78501222201318,66.47225436753745,61.777413770084834,66.2215576171875,16130100,0.0,0.0
2020-04-20 00:00:00-04:00,62.79538974261498,66.0924106650117,62.362364936243374,63.486698150634766,15749000,0.0,0.0
2020-04-21 00:00:00-04:00,60.98734991957708,63.653838855249,60.204877361967675,62.0205192565918,19620600,0.0,0.0
2020-04-22 00:00:00-04:00,64.53507825829912,64.76298551101763,63.03090893730805,64.14764404296875,10320700,0.0,0.0
2020-04-23 00:00:00-04:00,65.56065678503649,67.44466771171088,64.86934235102774,65.94049835205078,14226500,0.0,0.0
2020-04-24 00:00:00-04:00,67.21675633191148,67.4522562140196,65.15801024202925,66.10002136230469,9175500,0.0,0.0
2020-04-27 00:00:00-04:00,65.9025002106992,68.84247550547762,65.23398125762955,68.15116119384766,12037100,0.0,0.0
2020-04-28 00:00:00-04:00,68.02959904747841,69.10074881291936,67.48262648813838,68.30308532714844,10645200,0.0,0.0
2020-04-29 00:00:00-04:00,70.25549656477578,72.27625062354717,70.11115491917705,71.88121795654297,12342800,0.0,0.0
2020-04-30 00:00:00-04:00,71.19748658740275,72.73204358727557,68.81208260194525,69.89083099365234,12222000,0.0,0.0
2020-05-01 00:00:00-04:00,69.51858839698207,69.92881788560838,66.12280468217614,67.946044921875,13250100,0.0,0.0
2020-05-04 00:00:00-04:00,67.42947267154277,69.60216677198127,66.61661199731732,69.46542358398438,11192400,0.0,0.0
2020-05-05 00:00:00-04:00,71.79003793588943,72.3977866071542,70.40741521488691,70.56694793701172,13608700,0.0,0.0
2020-05-06 00:00:00-04:00,70.53657106876992,70.99997819974632,68.19674584940083,68.40946197509766,11145900,0.0,0.0
2020-05-07 00:00:00-04:00,70.63531698354703,71.4557700919623,69.82245653089603,70.37702178955078,9749600,0.0,0.0
2020-05-08 00:00:00-04:00,72.1698950344925,72.59531571894811,71.46338951442321,72.52694702148438,8585900,0.0,0.0
2020-05-11 00:00:00-04:00,71.56974880018691,71.86602476474071,70.78727608375392,70.9316177368164,7101000,0.0,0.0
2020-05-12 00:00:00-04:00,70.74929402350661,71.43301005973439,69.13117090103654,69.20713806152344,8749100,0.0,0.0
2020-05-13 00:00:00-04:00,68.29548823884264,68.37145536339573,66.33550512740447,67.38386535644531,12215100,0.0,0.0
2020-05-14 00:00:00-04:00,66.3127351034603,69.07798098237949,65.34793437008118,68.40946197509766,10678200,0.0,0.0
2020-05-15 00:00:00-04:00,68.86525566485652,69.93640553407766,67.48263302630919,67.73332977294922,10113000,0.0,0.0
2020-05-18 00:00:00-04:00,71.22522429167567,71.99606003967864,70.50063680662967,71.34085083007812,12304300,1.29,0.0
2020-05-19 00:00:00-04:00,71.3254350084344,71.40251741155728,69.01292762868525,69.08230590820312,7749300,0.0,0.0
2020-05-20 00:00:00-04:00,70.14603489701466,72.04999964232356,69.51394998263355,71.68770599365234,9160000,0.0,0.0
2020-05-21 00:00:00-04:00,71.51042250490701,71.97292861162823,70.36187900350406,70.94771575927734,8830900,0.0,0.0
2020-05-22 00:00:00-04:00,70.49294104911564,70.60856761088627,68.96668925297936,69.591064453125,8563100,0.0,0.0
2020-05-26 00:00:00-04:00,71.29461001714795,72.72065524140076,70.94002621248586,71.91899108886719,9430000,0.0,0.0
2020-05-27 00:00:00-04:00,72.98271290826571,72.99042291074379,71.00166570402914,72.38146209716797,7822600,0.0,0.0
2020-05-28 00:00:00-04:00,72.15794114860277,72.38148424078547,69.98418438445954,70.04585266113281,9633300,0.0,0.0
2020-05-29 00:00:00-04:00,69.52166563078283,70.83208381694295,68.80478827738703,70.68562316894531,17010000,0.0,0.0
2020-06-01 00:00:00-04:00,70.09981093575102,72.34294010048278,69.46001579751415,71.5258560180664,7344000,0.0,0.0
2020-06-02 00:00:00-04:00,72.28899966880951,73.39900539886803,71.91129167272481,72.99046325683594,7880300,0.0,0.0
2020-06-03 00:00:00-04:00,73.97711751266135,75.33379025620998,73.80753268459142,74.90982818603516,8440200,0.0,0.0
2020-06-04 00:00:00-04:00,74.60146698689564,74.68625937173948,73.35271710284782,74.21604919433594,6371700,0.0,0.0
2020-06-05 00:00:00-04:00,76.3744192767439,78.66380274757994,76.35129514164632,77.70796203613281,12760100,0.0,0.0
2020-06-08 00:00:00-04:00,79.11085973470301,79.85086124449191,77.75419324059465,79.58106994628906,11090700,0.0,0.0
2020-06-09 00:00:00-04:00,77.62314447793722,79.34211049588568,76.95252125327859,78.262939453125,10745400,0.0,0.0
2020-06-10 00:00:00-04:00,77.85439600262893,78.23981380462214,75.20271964299276,75.2181396484375,10486300,0.0,0.0
2020-06-11 00:00:00-04:00,71.14814407798578,72.60502321597029,68.6968860888196,68.88959503173828,14944800,0.0,0.0
2020-06-12 00:00:00-04:00,72.16564459245333,72.18876872385083,69.38292708142782,71.21751403808594,9532400,0.0,0.0
2020-06-15 00:00:00-04:00,68.67375506147064,70.97855821906906,67.99542170957793,70.32334899902344,12289500,0.0,0.0
2020-06-16 00:00:00-04:00,73.2216988239166,73.67649505266719,70.52377323546413,72.48169708251953,8726700,0.0,0.0
2020-06-17 00:00:00-04:00,72.32751611827949,72.45855677760515,70.53146750160502,70.56230163574219,6019900,0.0,0.0
2020-06-18 00:00:00-04:00,70.14605609936635,71.86502247933602,69.45230271998375,70.87064361572266,7064100,0.0,0.0
2020-06-19 00:00:00-04:00,72.77461178041577,72.77461178041577,69.79918507779777,69.86084747314453,14838800,0.0,0.0
2020-06-22 00:00:00-04:00,69.62189402046417,70.67794125643138,69.05918126002639,70.6008529663086,5939200,0.0,0.0
2020-06-23 00:00:00-04:00,71.30230586428756,71.75709612745607,70.28480292395109,70.48522186279297,6317700,0.0,0.0
2020-06-24 00:00:00-04:00,69.36749272398389,69.47540923552222,66.95477945743569,67.5560302734375,8974500,0.0,0.0
2020-06-25 00:00:00-04:00,67.30167656949672,68.99751897787787,67.18605589613894,68.76626586914062,7398000,0.0,0.0
2020-06-26 00:00:00-04:00,68.4348081128336,68.47335225902815,66.43063601194784,66.64646911621094,13766000,0.0,0.0
2020-06-29 00:00:00-04:00,66.99333927892967,68.2729235929944,66.7543761922651,67.57917022705078,7022200,0.0,0.0
2020-06-30 00:00:00-04:00,66.75436063048463,69.36749279885689,66.56936173636333,68.78166198730469,8263600,0.0,0.0
2020-07-01 00:00:00-04:00,68.82021851078947,69.96876219321845,67.48667588511934,67.54063415527344,6379400,0.0,0.0
2020-07-02 00:00:00-04:00,68.88959973851362,69.65272555792818,67.95688909678236,68.072509765625,5832800,0.0,0.0
2020-07-06 00:00:00-04:00,68.98978072877128,69.567907382923,67.6947767882311,68.27290344238281,6747500,0.0,0.0
2020-07-07 00:00:00-04:00,67.69478622656617,67.89520514129782,66.40749210861625,66.53082275390625,5898000,0.0,0.0
2020-07-08 00:00:00-04:00,66.59248726704548,67.67936829006766,66.20706946557814,66.56165313720703,6736400,0.0,0.0
2020-07-09 00:00:00-04:00,66.26874392625682,66.53853523632749,63.74040385300676,63.7789421081543,8833600,0.0,0.0
2020-07-10 00:00:00-04:00,63.59396431935608,65.84480382685297,63.59396431935608,65.69834899902344,6218100,0.0,0.0
2020-07-13 00:00:00-04:00,66.32270295859912,67.00874624689406,65.37457247961322,65.8293685913086,7074000,0.0,0.0
2020-07-14 00:00:00-04:00,65.82168168798752,68.29606439635072,65.55189028009961,68.10335540771484,7440500,0.0,0.0
2020-07-15 00:00:00-04:00,69.51397889113147,69.52168889650338,67.99543128846973,68.51959991455078,5935200,0.0,0.0
2020-07-16 00:00:00-04:00,68.17271410748386,68.97438397551376,67.33250010040052,68.11104583740234,4795700,0.0,0.0
2020-07-17 00:00:00-04:00,68.14960346053783,68.68918622798813,66.9933496322777,67.20918273925781,5964000,0.0,0.0
2020-07-20 00:00:00-04:00,66.93167193485903,67.44042048960316,65.36687624835855,65.72916412353516,14974800,0.0,0.0
2020-07-21 00:00:00-04:00,66.65415327590343,70.70875005710414,66.56936089196321,70.44666290283203,15115000,0.0,0.0
2020-07-22 00:00:00-04:00,69.33665840896882,70.33874702029156,68.52728457460087,70.17687225341797,10317500,0.0,0.0
2020-07-23 00:00:00-04:00,69.76062735400684,70.43896061884928,69.39062364890499,70.15375518798828,6586300,0.0,0.0
2020-07-24 00:00:00-04:00,70.51606645650553,71.48731539745935,69.35981267640832,69.47543334960938,6620500,0.0,0.0
2020-07-27 00:00:00-04:00,69.19020364713583,70.2154105040019,68.45020219242423,70.17687225341797,7599700,0.0,0.0
2020-07-28 00:00:00-04:00,69.73750787728065,70.27709052383135,68.42708363692789,68.68917083740234,6787300,0.0,0.0
2020-07-29 00:00:00-04:00,68.97439363668012,69.43689396505354,68.28064020361464,69.42918395996094,6386900,0.0,0.0
2020-07-30 00:00:00-04:00,68.16500028343813,68.21895854648311,66.0606162626651,66.49999237060547,10112800,0.0,0.0
2020-07-31 00:00:00-04:00,64.17208560591243,64.8272949133742,62.830832850742176,64.70396423339844,19119800,0.0,0.0
2020-08-03 00:00:00-04:00,64.7347836030545,65.62894994214166,64.59603294410879,65.37457275390625,11220100,0.0,0.0
2020-08-04 00:00:00-04:00,65.1202179219961,66.84688865160263,64.96604721693504,66.66959381103516,9077900,0.0,0.0
2020-08-05 00:00:00-04:00,67.94145292397874,68.16499596557907,66.60791055847831,67.21686553955078,7324200,0.0,0.0
2020-08-06 00:00:00-04:00,66.62333317723328,67.75646265486883,66.36895597184368,67.42500305175781,7035600,0.0,0.0
2020-08-07 00:00:00-04:00,66.9702164755293,67.14751130852764,66.09146407773586,66.90855407714844,7185000,0.0,0.0
2020-08-10 00:00:00-04:00,67.78730220975856,69.19022313208764,67.52521497933994,69.16709899902344,8150200,0.0,0.0
2020-08-11 00:00:00-04:00,70.87834883690707,71.69543877683883,68.73542627263453,69.08230590820312,9074300,0.0,0.0
2020-08-12 00:00:00-04:00,69.99188219415106,70.65480135035763,68.95124931989015,69.93021392822266,9057400,0.0,0.0
2020-08-13 00:00:00-04:00,69.27500959323976,70.36188492101942,69.19021719194369,69.23646545410156,7314600,0.0,0.0
2020-08-14 00:00:00-04:00,68.60437725435524,69.83000319365514,68.48875072323023,69.64500427246094,6343000,0.0,0.0
2020-08-17 00:00:00-04:00,69.64500802958699,70.59313857874905,69.15938362987569,69.96875762939453,10473800,0.0,0.0
2020-08-18 00:00:00-04:00,69.56998551203333,69.88276622439001,68.27976880218442,68.52217102050781,7981500,1.29,0.0
2020-08-19 00:00:00-04:00,68.26413519730747,68.73330330181827,67.40398671227551,67.55255889892578,9120300,0.0,0.0
2020-08-20 00:00:00-04:00,66.79405152651812,67.943516984074,66.25451102061236,66.31706237792969,7872300,0.0,0.0
2020-08-21 00:00:00-04:00,66.2075964047898,66.53601343398115,65.30053899571914,66.5281982421875,9003600,0.0,0.0
2020-08-24 00:00:00-04:00,66.93481154282061,68.29540069203111,66.37962864840596,68.18592834472656,8738700,0.0,0.0
2020-08-25 00:00:00-04:00,68.81930282477043,68.84276032990275,67.05991835030977,67.34923553466797,6835800,0.0,0.0
2020-08-26 00:00:00-04:00,67.02081443335751,67.12246560464716,66.19977197495393,66.2936019897461,7486500,0.0,0.0
2020-08-27 00:00:00-04:00,66.59076614084861,66.95827708472676,65.66024511131536,66.39527893066406,7438200,0.0,0.0
2020-08-28 00:00:00-04:00,66.50471875200616,67.03644394218014,65.93389375260735,66.95824432373047,7307900,0.0,0.0
2020-08-31 00:00:00-04:00,67.11464788848545,67.16938405031935,65.58202939134193,65.62894439697266,9437500,0.0,0.0
2020-09-01 00:00:00-04:00,65.10503778148087,65.39435492615308,64.47165540081643,64.96428680419922,8990600,0.0,0.0
2020-09-02 00:00:00-04:00,64.94863585291715,65.65239064571188,64.66713393579926,65.05029296875,10821900,0.0,0.0
2020-09-03 00:00:00-04:00,64.9408490228754,66.06685121726781,63.893034548078965,64.3387451171875,16179900,0.0,0.0
2020-09-04 00:00:00-04:00,64.47947233720072,65.40217180215618,63.259634591114846,64.0650405883789,10516600,0.0,0.0
2020-09-08 00:00:00-04:00,62.946861031213565,63.009418349743285,61.02326822988173,61.75048065185547,14942500,0.0,0.0
2020-09-09 00:00:00-04:00,62.53242688419209,63.392569101345046,62.30566108739644,62.579341888427734,9269800,0.0,0.0
2020-09-10 00:00:00-04:00,63.04853228665505,63.25184065375326,61.03110883057453,61.10930252075195,11845900,0.0,0.0
2020-09-11 00:00:00-04:00,61.17965615875615,61.53153660458154,60.264777738039896,60.74958801269531,13732400,0.0,0.0
2020-09-14 00:00:00-04:00,60.58538551068504,60.97635984526,60.147490199220556,60.43681335449219,8182800,0.0,0.0
2020-09-15 00:00:00-04:00,60.64793169013047,61.367328938307104,59.3968151195104,59.70177459716797,11732000,0.0,0.0
2020-09-16 00:00:00-04:00,59.70178001219216,62.149283177684666,59.39682050687439,61.42988586425781,13019000,0.0,0.0
2020-09-17 00:00:00-04:00,60.624480386088806,61.656652408125304,59.717423016805824,61.609737396240234,10515100,0.0,0.0
2020-09-18 00:00:00-04:00,60.89816353162688,61.8912417365288,60.601025168808036,61.15620803833008,14517800,0.0,0.0
2020-09-21 00:00:00-04:00,59.61575298265831,59.936354736687385,58.39591521098294,59.66267395019531,16199100,0.0,0.0
2020-09-22 00:00:00-04:00,59.545376139067024,60.62446286105122,58.919814987723754,59.06056594848633,9155000,0.0,0.0
2020-09-23 00:00:00-04:00,59.107492406618015,59.35772168830459,56.183006283542035,56.261199951171875,16649200,0.0,0.0
2020-09-24 00:00:00-04:00,55.71383157102828,57.10569897013539,55.12737018607008,56.14390563964844,15203500,0.0,0.0
2020-09-25 00:00:00-04:00,55.52617222376436,56.67563762996606,55.33850026281285,56.1673698425293,11070500,0.0,0.0
2020-09-28 00:00:00-04:00,57.582693878542806,58.45847844989122,57.199540738612896,57.8094596862793,12863800,0.0,0.0
2020-09-29 00:00:00-04:00,57.864186062995884,57.973658370175926,55.604355489961264,56.22209548950195,10553000,0.0,0.0
2020-09-30 00:00:00-04:00,56.4957877529992,56.996234392163586,55.995341113834805,56.30030059814453,10466500,0.0,0.0
2020-10-01 00:00:00-04:00,55.91715029140024,56.20646747720376,54.7598636508017,55.064823150634766,14930700,0.0,0.0
2020-10-02 00:00:00-04:00,53.89190791441528,56.042267036615904,53.813714230403484,55.666934967041016,9854800,0.0,0.0
2020-10-05 00:00:00-04:00,55.924975501669216,56.871138798734165,55.291598883283164,56.84767532348633,12049800,0.0,0.0
2020-10-06 00:00:00-04:00,57.73907319250984,58.114411089762925,56.49577796658389,56.53487777709961,15294500,0.0,0.0
2020-10-07 00:00:00-04:00,56.43323141303249,57.801641520811906,55.95624226962866,57.692169189453125,15410300,0.0,0.0
2020-10-08 00:00:00-04:00,58.169165027041174,59.07622840930814,57.85638434468031,58.81818389892578,11590900,0.0,0.0
2020-10-09 00:00:00-04:00,59.31860601777098,59.49845080867385,57.84854517552555,57.86418151855469,12260900,0.0,0.0
2020-10-12 00:00:00-04:00,57.57487049129511,58.60704235484255,57.238632370892844,58.26298904418945,9056900,0.0,0.0
2020-10-13 00:00:00-04:00,58.442850935186854,58.442850935186854,56.9102320216069,57.395042419433594,10440300,0.0,0.0
2020-10-14 00:00:00-04:00,57.30118484691298,58.20042681070019,57.01186772142736,57.04314041137695,7057500,0.0,0.0
2020-10-15 00:00:00-04:00,56.15954596445501,57.64524943811878,55.82330784128792,57.481040954589844,10052100,0.0,0.0
2020-10-16 00:00:00-04:00,57.48886422835042,57.887659724877246,56.51142838005574,56.996238708496094,9305600,0.0,0.0
2020-10-19 00:00:00-04:00,57.1682605615936,57.34810539226297,55.666920735527356,55.7372932434082,8357100,0.0,0.0
2020-10-20 00:00:00-04:00,56.22993015975195,56.52706849840356,55.54963268808214,56.050079345703125,7753200,0.0,0.0
2020-10-21 00:00:00-04:00,55.61999313548201,55.97187353033029,55.3072185166748,55.416690826416016,9800600,0.0,0.0
2020-10-22 00:00:00-04:00,55.424528126405214,57.46541494700098,55.18212591038978,57.395042419433594,9810100,0.0,0.0
2020-10-23 00:00:00-04:00,57.80946428917061,58.14570244937324,56.1673733072162,56.74601364135742,8727200,0.0,0.0
2020-10-26 00:00:00-04:00,56.08917565625607,56.21428432993884,54.924067947854056,55.471435546875,9710900,0.0,0.0
2020-10-27 00:00:00-04:00,55.06482258120919,55.20557357704547,54.337610097020885,54.35325241088867,14251700,0.0,0.0
2020-10-28 00:00:00-04:00,52.93010100049679,53.235060467769564,51.86665046023485,52.29671859741211,15961900,0.0,0.0
2020-10-29 00:00:00-04:00,51.710254257068655,54.06392100806421,50.951769192536126,53.79806137084961,12292200,0.0,0.0
2020-10-30 00:00:00-04:00,54.65821294102143,54.82242144496941,53.23506660767741,54.34543228149414,17191600,0.0,0.0
2020-11-02 00:00:00-05:00,55.283765815445,57.14480737499903,54.26723617480449,56.41759490966797,11475500,0.0,0.0
2020-11-03 00:00:00-05:00,57.20735239971806,57.316824707242176,55.55744066601324,56.096981048583984,8608000,0.0,0.0
2020-11-04 00:00:00-05:00,55.34632161335478,57.54359529649819,54.65038782832087,56.12044906616211,10925700,0.0,0.0
2020-11-05 00:00:00-05:00,56.22210877587188,57.05879358749743,56.11263644282141,56.40977478027344,10627700,0.0,0.0
2020-11-06 00:00:00-05:00,56.69128017591678,57.29337804386979,55.38542729193131,55.635650634765625,8366900,0.0,0.0
2020-11-09 00:00:00-05:00,62.555891319373075,65.89480939359495,61.195302353599224,62.08672332763672,24015200,0.0,0.0
2020-11-10 00:00:00-05:00,63.44731316671509,65.01903162817037,62.32912635535851,64.95647430419922,15039700,0.0,0.0
2020-11-11 00:00:00-05:00,65.76188763991826,66.06684717032287,63.963409122890425,64.4794921875,11640600,0.0,0.0
2020-11-12 00:00:00-05:00,63.32220397438881,64.30745497291997,62.485519161848714,63.079795837402344,8920700,0.0,0.0
2020-11-13 00:00:00-05:00,63.45512505343583,65.17540945076102,63.36128908118769,64.92518615722656,10890300,0.0,0.0
2020-11-16 00:00:00-05:00,67.43524043464225,69.73417105182351,66.8878788428343,69.56214141845703,18980200,0.0,0.0
2020-11-17 00:00:00-05:00,68.55448351063454,69.45108509290768,67.30875994246666,69.06229400634766,14329000,1.29,0.0
2020-11-18 00:00:00-05:00,69.3241067302376,69.74463655498124,66.84852705067591,66.87232971191406,10583700,0.0,0.0
2020-11-19 00:00:00-05:00,66.29313403101808,68.20535646279963,65.90433691973448,68.02286529541016,8820200,0.0,0.0
2020-11-20 00:00:00-05:00,68.0149235127438,68.48305878132729,67.34841855740437,68.07046508789062,8294600,0.0,0.0
2020-11-23 00:00:00-05:00,69.3875813527253,72.66455173344372,68.84010196081911,72.2281494140625,13379300,0.0,0.0
2020-11-24 00:00:00-05:00,74.10068873438725,76.02878272105725,73.79124207448992,75.8700942993164,17257400,0.0,0.0
2020-11-25 00:00:00-05:00,75.1242851068783,75.1242851068783,73.1089096069336,73.1089096069336,10556600,0.0,0.0
2020-11-27 00:00:00-05:00,72.46618986038953,73.46593801898831,71.83936017477991,72.4503173828125,4627700,0.0,0.0
2020-11-30 00:00:00-05:00,71.4188482702237,72.08534721011438,68.95120404803123,69.17337036132812,14288400,0.0,0.0
2020-12-01 00:00:00-05:00,70.83961158205695,71.18079723411009,69.08607799243678,69.38758850097656,9913600,0.0,0.0
2020-12-02 00:00:00-05:00,69.2368156677524,72.4503015679204,69.10986008915481,71.30773162841797,10509600,0.0,0.0
2020-12-03 00:00:00-05:00,71.87110603112377,72.29163592396102,70.6729881083326,71.25221252441406,8249800,0.0,0.0
2020-12-04 00:00:00-05:00,72.37891355736788,74.14831353365528,72.1408748086335,74.013427734375,10791100,0.0,0.0
2020-12-07 00:00:00-05:00,72.85497566045356,73.29930814397416,71.31567233743428,72.013916015625,9398400,0.0,0.0
2020-12-08 00:00:00-05:00,71.68067116970238,73.36279676098798,71.5616578466207,72.63282012939453,7627300,0.0,0.0
2020-12-09 00:00:00-05:00,73.1565005490051,73.80713297970104,70.91102897395014,71.76002502441406,11129400,0.0,0.0
2020-12-10 00:00:00-05:00,72.64075538669898,75.02904885909531,72.02979208644736,74.0689697265625,11992100,0.0,0.0
2020-12-11 00:00:00-05:00,73.41832856863178,74.01341931923054,72.22814706743426,73.35485076904297,9584500,0.0,0.0
2020-12-14 00:00:00-05:00,74.10865485805054,74.34668758665553,70.80788108324424,70.9665756225586,12198400,0.0,0.0
2020-12-15 00:00:00-05:00,70.95070272478323,71.79176864426123,70.43495606880414,70.9110336303711,11775300,0.0,0.0
2020-12-16 00:00:00-05:00,70.77612494652912,70.89514430864789,69.70496279461268,70.37146759033203,9892900,0.0,0.0
2020-12-17 00:00:00-05:00,71.04590082753306,71.05383706576656,69.46692841932689,70.14929962158203,11748900,0.0,0.0
2020-12-18 00:00:00-05:00,69.80811936259316,70.38733767286631,68.44337685364454,69.18128967285156,27427600,0.0,0.0
2020-12-21 00:00:00-05:00,66.92787049120436,68.90357004739192,66.27723819279525,68.30847930908203,11430500,0.0,0.0
2020-12-22 00:00:00-05:00,67.79275383875053,68.07839794059967,66.88821620075406,66.93582153320312,8585800,0.0,0.0
2020-12-23 00:00:00-05:00,67.44361869588909,68.76075580201949,67.44361869588909,67.99110412597656,7223100,0.0,0.0
2020-12-24 00:00:00-05:00,68.18153098315724,68.18153098315724,67.2928599521308,67.70545959472656,3335600,0.0,0.0
2020-12-28 00:00:00-05:00,67.9276402992289,68.73696122648816,67.14212203842176,67.36428833007812,8051900,0.0,0.0
2020-12-29 00:00:00-05:00,67.64992473919932,68.01491304162691,66.68984562885302,67.1341781616211,7670800,0.0,0.0
2020-12-30 00:00:00-05:00,67.13417150717929,68.69727750961388,67.07862994608864,67.70545959472656,7901800,0.0,0.0
2020-12-31 00:00:00-05:00,67.36427549671863,67.6023081694704,66.61842647089527,67.00721740722656,8350700,0.0,0.0
2021-01-04 00:00:00-05:00,67.56263808116296,68.19739791932093,66.56288392043334,67.21351623535156,9234900,0.0,0.0
2021-01-05 00:00:00-05:00,67.83241499727191,70.79200257442828,67.69752920205818,69.03053283691406,13414800,0.0,0.0
2021-01-06 00:00:00-05:00,70.6174465385914,72.0297945007909,69.68117003897036,71.25221252441406,13916800,0.0,0.0
2021-01-07 00:00:00-05:00,71.72035028688983,72.06153595697413,70.86341799176033,71.58546447753906,9286600,0.0,0.0
2021-01-08 00:00:00-05:00,73.06126888725564,73.33897666439934,71.76793458379628,72.26781463623047,11152100,0.0,0.0
2021-01-11 00:00:00-05:00,70.71264902868464,73.07713944042366,70.27624674451677,72.68041229248047,10635000,0.0,0.0
2021-01-12 00:00:00-05:00,73.52149951769053,74.52124786504044,72.76771408345701,74.06104278564453,10923900,0.0,0.0
2021-01-13 00:00:00-05:00,73.94995650665425,74.20386170289085,72.95020820160993,73.98963165283203,9723300,0.0,0.0
2021-01-14 00:00:00-05:00,74.53709442587765,76.42551336776553,74.41807507727336,75.7669448852539,13950200,0.0,0.0
2021-01-15 00:00:00-05:00,74.75928344424432,74.83069144303589,72.76771096794424,73.06922149658203,10244600,0.0,0.0
2021-01-19 00:00:00-05:00,74.18799676128133,75.40198119425716,74.0213720404393,74.98938751220703,9574800,0.0,0.0
2021-01-20 00:00:00-05:00,75.37816177340474,75.82249426355622,74.82274616071537,75.67967224121094,8735400,0.0,0.0
2021-01-21 00:00:00-05:00,74.47365000727291,75.1084161152415,72.37893032598615,73.0057601928711,10393100,0.0,0.0
2021-01-22 00:00:00-05:00,71.72828864749935,73.0216173146933,71.27601982062734,72.78358459472656,7810600,0.0,0.0
2021-01-25 00:00:00-05:00,71.90283375557988,72.22814688388758,70.87927694072195,72.125,7689400,0.0,0.0
2021-01-26 00:00:00-05:00,73.15650707595265,73.71986513350396,70.83168500271046,70.9030990600586,7827800,0.0,0.0
2021-01-27 00:00:00-05:00,69.45108337949047,71.68862521276762,68.8321897314574,69.98269653320312,10178500,0.0,0.0
2021-01-28 00:00:00-05:00,70.35560057984137,71.52991576183618,70.02235118287759,70.63330841064453,8155500,0.0,0.0
2021-01-29 00:00:00-05:00,68.89564468337335,69.30030205516296,67.38014392472238,67.60231018066406,14699800,0.0,0.0
2021-02-01 00:00:00-05:00,68.22913776124825,69.26856707465286,67.10243403876204,68.56239318847656,8073600,0.0,0.0
2021-02-02 00:00:00-05:00,69.83194101949286,70.11758515969113,68.65762554828017,69.07815551757812,9233100,0.0,0.0
2021-02-03 00:00:00-05:00,69.07020626931784,70.92688661465287,68.94325066267449,70.58570098876953,9256500,0.0,0.0
2021-02-04 00:00:00-05:00,71.02211036878307,71.13319350883307,69.78431729546203,70.61744689941406,7917600,0.0,0.0
2021-02-05 00:00:00-05:00,71.36327961931953,71.78380941760923,70.3317866376621,70.82373046875,8017300,0.0,0.0
2021-02-08 00:00:00-05:00,71.6409849541493,73.02952989155666,71.41881873273621,72.58519744873047,9886600,0.0,0.0
2021-02-09 00:00:00-05:00,72.283698188453,72.41858399023623,71.26014123562501,72.17261505126953,7605500,0.0,0.0
2021-02-10 00:00:00-05:00,72.50587037007207,73.46594959313639,71.88697682574777,73.41040802001953,8778800,0.0,0.0
2021-02-11 00:00:00-05:00,73.29138576033584,73.34692732668766,71.47437444171652,73.013671875,8572400,0.0,0.0
2021-02-12 00:00:00-05:00,72.62487725706231,73.57702612979334,72.48205522883148,73.4342041015625,7858300,0.0,0.0
2021-02-16 00:00:00-05:00,74.87458062090967,75.5263616581433,74.52052369246289,74.93894958496094,14006000,1.29,0.0
2021-02-17 00:00:00-05:00,76.78161729294342,77.82769084896044,75.79991881649724,77.18395233154297,14342300,0.0,0.0
2021-02-18 00:00:00-05:00,77.04719023453562,77.0713293640948,75.88042061875795,76.44368743896484,9030600,0.0,0.0
2021-02-19 00:00:00-05:00,76.54828383294156,77.55412171325054,76.16204552482536,77.08741760253906,8913900,0.0,0.0
2021-02-22 00:00:00-05:00,78.04495412143027,80.17733119189307,77.61847993516687,79.17149353027344,13178700,0.0,0.0
2021-02-23 00:00:00-05:00,80.44287969158087,80.59576899185612,77.89207666854169,80.1692886352539,14874000,0.0,0.0
2021-02-24 00:00:00-05:00,80.73256410370266,83.7178898631522,80.31413215419124,83.13047790527344,16116000,0.0,0.0
2021-02-25 00:00:00-05:00,84.40991337313244,84.45819162527573,81.74645057886563,82.35800170898438,13219200,0.0,0.0
2021-02-26 00:00:00-05:00,80.7084139851993,81.31995884479954,78.54384943827522,80.46701049804688,14454100,0.0,0.0
2021-03-01 00:00:00-05:00,82.44650398096704,83.52476518934557,81.59355557461028,82.11659240722656,10439900,0.0,0.0
2021-03-02 00:00:00-05:00,81.98785643031674,83.13048678368024,81.84301553065467,82.43042755126953,10643500,0.0,0.0
2021-03-03 00:00:00-05:00,83.21096966380479,85.09389546779039,83.2029212407802,83.35580444335938,14958200,0.0,0.0
2021-03-04 00:00:00-05:00,84.10413391706557,86.56642911782373,82.98564273292537,84.08804321289062,22994200,0.0,0.0
2021-03-05 00:00:00-05:00,86.06753255826007,87.81366559543002,85.41575159488028,87.70906066894531,23638200,0.0,0.0
2021-03-08 00:00:00-05:00,88.40107525488816,88.85973705752309,86.95266633122685,88.31256103515625,18033600,0.0,0.0
2021-03-09 00:00:00-05:00,87.76538831914922,89.06895639955334,86.80782870914666,88.11139678955078,19010700,0.0,0.0
2021-03-10 00:00:00-05:00,88.67466571501072,90.13112315087325,88.27233055997138,89.61613464355469,17389900,0.0,0.0
2021-03-11 00:00:00-05:00,89.84144584222776,90.5656503853547,89.22989465701527,89.47129821777344,10989500,0.0,0.0
2021-03-12 00:00:00-05:00,89.83339518038352,90.68634376594417,89.09309994992907,89.7690200805664,10930300,0.0,0.0
2021-03-15 00:00:00-04:00,89.74488955374402,90.05066823760626,87.62056016937098,88.71491241455078,10488000,0.0,0.0
2021-03-16 00:00:00-04:00,87.33087169317739,87.61250508652547,86.16410214681494,86.61471557617188,11698400,0.0,0.0
2021-03-17 00:00:00-04:00,86.26868331667421,87.35498675699216,85.77783404956497,86.92851257324219,9168600,0.0,0.0
2021-03-18 00:00:00-04:00,86.10776113174093,86.526186940886,83.45234697566018,83.78226470947266,13246600,0.0,0.0
2021-03-19 00:00:00-04:00,83.63742522612195,84.40185948489966,82.671817271767,83.18680572509766,18491000,0.0,0.0
2021-03-22 00:00:00-04:00,82.92931296957,84.08804007969272,82.3258102895722,82.5108871459961,12508500,0.0,0.0
2021-03-23 00:00:00-04:00,81.63378366331796,83.92709848532063,81.02223877398683,82.05221557617188,14781700,0.0,0.0
2021-03-24 00:00:00-04:00,82.8729996944077,85.10194005742055,82.80863073055447,84.24898529052734,11026800,0.0,0.0
2021-03-25 00:00:00-04:00,82.76033065845807,84.699588829808,82.13268887094705,84.54669952392578,11138200,0.0,0.0
2021-03-26 00:00:00-04:00,85.72956990803878,86.53424016495019,84.78005875931746,86.4859619140625,9820200,0.0,0.0
2021-03-29 00:00:00-04:00,85.61692872246392,86.52620403181564,85.05365577914216,86.03535461425781,7542300,0.0,0.0
2021-03-30 00:00:00-04:00,85.34333632086627,85.96293593529049,84.96514026982898,85.23873138427734,6284600,0.0,0.0
2021-03-31 00:00:00-04:00,84.9329392956447,85.47206683866638,84.1684989470884,84.3213882446289,8954400,0.0,0.0
2021-04-01 00:00:00-04:00,84.69960058667976,85.18240155646221,83.85469428519994,85.09388732910156,8515800,0.0,0.0
2021-04-05 00:00:00-04:00,85.07779094264234,85.15825674237506,83.82250113805348,84.0960922241211,8692700,0.0,0.0
2021-04-06 00:00:00-04:00,83.88686005121521,84.55473772453834,83.2431214992406,83.34773254394531,8125100,0.0,0.0
2021-04-07 00:00:00-04:00,83.25922898626334,84.14436500405498,83.09024897606966,83.83859252929688,7699300,0.0,0.0
2021-04-08 00:00:00-04:00,83.29946802969299,83.37993997224238,82.13269853249419,82.89713287353516,8283000,0.0,0.0
2021-04-09 00:00:00-04:00,82.97760339260468,83.42821679524405,82.15683625020047,82.81666564941406,7163700,0.0,0.0
2021-04-12 00:00:00-04:00,83.4201640630296,83.57305337637419,81.68207950040691,81.89933776855469,7845900,0.0,0.0
2021-04-13 00:00:00-04:00,81.72230945252934,82.55916725769623,81.50505118405522,82.26948547363281,6829900,0.0,0.0
2021-04-14 00:00:00-04:00,82.59939989440106,84.7559163448029,82.55916392745816,83.90296173095703,10194800,0.0,0.0
2021-04-15 00:00:00-04:00,83.69375277111966,83.90296261180859,82.82470744486098,83.218994140625,7860500,0.0,0.0
2021-04-16 00:00:00-04:00,83.5247649318416,83.9753782562037,82.42236460428877,82.84883880615234,7459700,0.0,0.0
2021-04-19 00:00:00-04:00,83.09830565013945,83.54892522784657,82.24535703025258,83.09026336669922,7068700,0.0,0.0
2021-04-20 00:00:00-04:00,82.7442444670091,82.87298851649827,80.87740970581446,81.53723907470703,9783800,0.0,0.0
2021-04-21 00:00:00-04:00,80.73258522313479,82.87300536152934,80.57969587783941,82.6637954711914,8264400,0.0,0.0
2021-04-22 00:00:00-04:00,82.77643991606597,82.77643991606597,81.16709923936774,81.2314682006836,9899400,0.0,0.0
2021-04-23 00:00:00-04:00,81.35215863078308,82.21315552714319,81.04638615495824,81.71426391601562,6756000,0.0,0.0
2021-04-26 00:00:00-04:00,81.48896455137151,82.61550428175495,81.48092226796814,81.69013214111328,5639700,0.0,0.0
2021-04-27 00:00:00-04:00,81.92348470230688,82.96151016938681,81.68208728570644,82.63964080810547,6898900,0.0,0.0
2021-04-28 00:00:00-04:00,83.31554290226215,85.18237728895545,83.17875045863812,84.66738891601562,8718400,0.0,0.0
2021-04-29 00:00:00-04:00,85.63301214525214,86.62275931885932,85.09388451580502,86.01925659179688,9740300,0.0,0.0
2021-04-30 00:00:00-04:00,84.47430134135418,84.8042130131852,82.85691211747125,82.9373779296875,13730000,0.0,0.0
2021-05-03 00:00:00-04:00,83.66961959037505,85.0697441782721,83.05806845002749,84.91685485839844,7938100,0.0,0.0
2021-05-04 00:00:00-04:00,85.2628584160952,85.70542950646545,84.36967395309105,85.38356018066406,8704300,0.0,0.0
2021-05-05 00:00:00-04:00,86.17213663205929,88.14358248538764,85.95487835946486,87.67687225341797,12872400,0.0,0.0
2021-05-06 00:00:00-04:00,87.66881676358601,87.8136576466871,86.43767232679994,87.72514343261719,9654900,0.0,0.0
2021-05-07 00:00:00-04:00,86.97680189014326,89.05285254921047,86.66298099274317,88.52981567382812,10273000,0.0,0.0
2021-05-10 00:00:00-04:00,89.67245252229716,91.0162503348987,88.12748101276502,88.16771697998047,13586500,0.0,0.0
2021-05-11 00:00:00-04:00,87.75734462207303,88.17577663348754,85.46403539903318,85.85832214355469,12754800,0.0,0.0
2021-05-12 00:00:00-04:00,86.09970787740473,88.63442013153139,85.87440121288611,86.3974380493164,11661900,0.0,0.0
2021-05-13 00:00:00-04:00,85.35137476828153,86.7997837010302,84.84443471139295,85.84222412109375,9706300,0.0,0.0
2021-05-14 00:00:00-04:00,86.74343693904359,88.36886779678467,86.74343693904359,88.08723449707031,9124100,0.0,0.0
2021-05-17 00:00:00-04:00,87.78146319414765,89.22182349077072,87.68490670577592,89.16549682617188,12692900,0.0,0.0
2021-05-18 00:00:00-04:00,88.73381777871933,88.83155620927037,86.31469219386182,86.4857406616211,12759900,1.34,0.0
2021-05-19 00:00:00-04:00,84.563476377905,84.94630181848817,83.05661543853536,84.0584716796875,14762700,0.0,0.0
2021-05-20 00:00:00-04:00,83.95257912557031,84.76709915442586,83.05660833668813,84.35169219970703,9706300,0.0,0.0
2021-05-21 00:00:00-04:00,84.79155218521335,85.6875231687795,84.44945519019107,84.80784606933594,10352800,0.0,0.0
2021-05-24 00:00:00-04:00,85.48387403498631,86.2087963592189,84.71008249788693,86.01331329345703,6785600,0.0,0.0
2021-05-25 00:00:00-04:00,85.87486708453415,86.02962791498344,84.39244053199197,84.60421752929688,7884000,0.0,0.0
2021-05-26 00:00:00-04:00,85.13364918023562,85.45131777766603,84.43316752036449,84.80784606933594,9232400,0.0,0.0
2021-05-27 00:00:00-04:00,84.80784255861053,85.45131424030332,83.54533380610133,83.90372467041016,11703400,0.0,0.0
2021-05-28 00:00:00-04:00,84.40057269003556,84.80783272889336,83.8548395151019,84.5390396118164,7278200,0.0,0.0
2021-06-01 00:00:00-04:00,85.76896754709763,87.50389309324427,85.76896754709763,86.86856842041016,10260600,0.0,0.0
2021-06-02 00:00:00-04:00,87.3247056771927,88.4243066512063,86.51018551654622,88.03334045410156,9141800,0.0,0.0
2021-06-03 00:00:00-04:00,87.6097893266652,88.04148403149534,86.79526913965107,87.63422393798828,8809300,0.0,0.0
2021-06-04 00:00:00-04:00,88.16366067901272,88.51390459757879,87.3247059056394,88.33470916748047,6699300,0.0,0.0
2021-06-07 00:00:00-04:00,88.2695386567247,88.53832554610084,87.61792014133381,87.76453399658203,6748600,0.0,0.0
2021-06-08 00:00:00-04:00,87.68309144436053,88.76640468653918,86.58349053420494,88.56277465820312,10559500,0.0,0.0
2021-06-09 00:00:00-04:00,88.83154790828954,89.21437329696069,87.6830779565704,87.7889633178711,10146900,0.0,0.0
2021-06-10 00:00:00-04:00,88.8315647741498,89.80084573253586,87.35728530443964,88.30213165283203,13526200,0.0,0.0
2021-06-11 00:00:00-04:00,88.65235697522675,88.7582485561474,87.8541308267962,87.89485931396484,7731700,0.0,0.0
2021-06-14 00:00:00-04:00,88.11478932906198,88.7501140463922,87.01518837873692,87.94374084472656,9051900,0.0,0.0
2021-06-15 00:00:00-04:00,88.30214052472526,89.98819714094131,88.28584664022871,89.84158325195312,10540200,0.0,0.0
2021-06-16 00:00:00-04:00,89.62164264042404,90.01261500976483,88.70123719505435,89.32841491699219,9283300,0.0,0.0
2021-06-17 00:00:00-04:00,88.97816988596057,89.5809192064925,78.44642522944568,87.21066284179688,14337800,0.0,0.0
2021-06-18 00:00:00-04:00,85.7282492275821,86.5590570796305,83.82227498296152,83.92001342773438,22284500,0.0,0.0
2021-06-21 00:00:00-04:00,84.7915270071948,86.69750695433501,84.65306010474923,86.37984466552734,13591500,0.0,0.0
2021-06-22 00:00:00-04:00,85.79340362196791,87.12106914778353,84.96258963998646,86.6649398803711,10230100,0.0,0.0
2021-06-23 00:00:00-04:00,87.44686627184517,88.07404392733322,86.52646092399286,86.55903625488281,7792800,0.0,0.0
2021-06-24 00:00:00-04:00,87.26768493652344,87.78897731484693,86.63236023883515,87.26768493652344,8724600,0.0,0.0
2021-06-25 00:00:00-04:00,87.63420031710426,88.01702569610165,86.97444113202869,87.39799499511719,8102300,0.0,0.0
2021-06-28 00:00:00-04:00,87.11292116523674,87.1536496554667,84.4331555369334,84.70194244384766,11348400,0.0,0.0
2021-06-29 00:00:00-04:00,85.19064958403335,85.50017118213455,84.39242341000313,84.51460266113281,7225500,0.0,0.0
2021-06-30 00:00:00-04:00,84.57976634194554,85.42686801310204,84.4820279046206,85.31283569335938,7927500,0.0,0.0
2021-07-01 00:00:00-04:00,87.11292073610899,87.23509999190185,86.12735217749145,86.51017761230469,10873200,0.0,0.0
2021-07-02 00:00:00-04:00,86.09478160356663,86.66494946518579,85.55720150956125,86.39615631103516,7107700,0.0,0.0
2021-07-06 00:00:00-04:00,86.31469495680876,86.31469495680876,84.21323163256388,84.70194244384766,10162800,0.0,0.0
2021-07-07 00:00:00-04:00,84.67748597622533,85.4431366519734,83.17877237993683,83.83853149414062,8245000,0.0,0.0
2021-07-08 00:00:00-04:00,82.67379229322574,83.96887630293766,82.44572765360066,83.56976318359375,8695500,0.0,0.0
2021-07-09 00:00:00-04:00,84.2702397682538,84.89742365803795,83.37426899714242,84.76709747314453,8567900,0.0,0.0
2021-07-12 00:00:00-04:00,84.35169307737006,85.54089158615719,84.0910469139961,84.93814849853516,9898600,0.0,0.0
2021-07-13 00:00:00-04:00,84.71007706253704,85.18250013758563,84.07475247885507,84.65306091308594,6738000,0.0,0.0
2021-07-14 00:00:00-04:00,85.10105716343863,85.7852510194026,82.85298009586668,83.05661010742188,9216600,0.0,0.0
2021-07-15 00:00:00-04:00,82.30724190349162,83.28466333960807,82.14433418794292,82.51087188720703,9665700,0.0,0.0
2021-07-16 00:00:00-04:00,82.77968123737041,82.82855667246338,80.09176845049068,80.3279800415039,12199100,0.0,0.0
2021-07-19 00:00:00-04:00,78.04732935757377,78.9677349940959,76.98845055701504,78.16136169433594,17385500,0.0,0.0
2021-07-20 00:00:00-04:00,78.10433323453374,79.85555272249766,77.42013932163357,78.62562561035156,12114600,0.0,0.0
2021-07-21 00:00:00-04:00,79.80668301595843,81.83483634741273,79.57861216542511,81.3053970336914,11478100,0.0,0.0
2021-07-22 00:00:00-04:00,80.96329838893892,80.9714453298617,79.73337130999684,80.49087524414062,7694300,0.0,0.0
2021-07-23 00:00:00-04:00,80.4745682947628,80.73521441318391,79.774080686326,80.5234375,7570800,0.0,0.0
2021-07-26 00:00:00-04:00,81.01215886500188,82.47829735815272,80.99587119920886,82.22579193115234,10227500,0.0,0.0
2021-07-27 00:00:00-04:00,81.492738530205,82.03846550603859,80.5886207216233,81.94886779785156,8332100,0.0,0.0
2021-07-28 00:00:00-04:00,82.18508233062464,82.92629241722736,81.68007761305793,82.41314697265625,8546100,0.0,0.0
2021-07-29 00:00:00-04:00,83.3905425798757,83.79780251744661,83.03215806053285,83.54530334472656,8681300,0.0,0.0
2021-07-30 00:00:00-04:00,83.944434858532,84.75081418707072,82.07918318733755,82.92628479003906,12295300,0.0,0.0
2021-08-02 00:00:00-04:00,83.14621613078529,84.69380561634395,82.72266218435682,82.77967834472656,8911800,0.0,0.0
2021-08-03 00:00:00-04:00,82.74709612126438,83.82226864686041,81.99773910126898,83.56976318359375,8437300,0.0,0.0
2021-08-04 00:00:00-04:00,81.81039002884827,82.99958847208954,81.53344999998696,81.69635772705078,10389800,0.0,0.0
2021-08-05 00:00:00-04:00,82.21766871284677,83.43130203742851,81.99774478489628,82.4538803100586,7986100,0.0,0.0
2021-08-06 00:00:00-04:00,83.09732987364629,83.55346531148624,82.75523295598728,83.04031372070312,6475600,0.0,0.0
2021-08-09 00:00:00-04:00,82.19323357444331,82.57605283543818,81.39500107125268,81.65564727783203,9243100,0.0,0.0
2021-08-10 00:00:00-04:00,82.05475712763608,83.34170043970299,81.92443713672687,83.1462173461914,9762600,0.0,0.0
2021-08-11 00:00:00-04:00,83.11363242584017,83.87113637357423,82.75524159035021,83.77339172363281,7079800,0.0,0.0
2021-08-12 00:00:00-04:00,83.78152846477661,84.09919077054357,82.90184536528601,83.60233306884766,7377600,0.0,0.0
2021-08-13 00:00:00-04:00,83.26838580322936,83.5208850251742,82.78781575177582,83.0484619140625,6572600,0.0,0.0
2021-08-16 00:00:00-04:00,82.12804354245853,82.42941193027019,81.37868672101641,82.20134735107422,9476600,0.0,0.0
2021-08-17 00:00:00-04:00,81.61490712152467,82.82039953863594,81.15063093819897,82.0466079711914,10937500,0.0,0.0
2021-08-18 00:00:00-04:00,81.46875678454552,82.0713694394185,79.70218382394746,79.82600402832031,12893600,1.34,0.0
2021-08-19 00:00:00-04:00,78.26579824773201,78.67854901380687,76.65607277927077,77.83654022216797,17423400,0.0,0.0
2021-08-20 00:00:00-04:00,77.20091388883765,78.32359667088737,76.94501038492622,77.84481048583984,9707600,0.0,0.0
2021-08-23 00:00:00-04:00,79.3224422478698,80.07365169405601,79.29767820864646,79.85076904296875,10277800,0.0,0.0
2021-08-24 00:00:00-04:00,80.48639945745832,81.40270666282015,80.39559378499351,80.7670669555664,8924900,0.0,0.0
2021-08-25 00:00:00-04:00,80.25526215084064,81.49351448281679,79.84251137351525,81.32015991210938,9342300,0.0,0.0
2021-08-26 00:00:00-04:00,80.98996788076907,81.50178117420788,80.23875835159653,80.2552719116211,8124800,0.0,0.0
2021-08-27 00:00:00-04:00,81.01473936891361,82.10440140180853,80.9404472362082,81.427490234375,10281200,0.0,0.0
2021-08-30 00:00:00-04:00,81.79895612325551,81.98056749538628,80.87439829870296,81.22110748291016,8127200,0.0,0.0
2021-08-31 00:00:00-04:00,81.0147285501459,81.23761751465418,79.77647611911891,79.8837890625,15676900,0.0,0.0
2021-09-01 00:00:00-04:00,79.95809437959704,80.13144897912302,78.81064753172645,79.0087661743164,10557300,0.0,0.0
2021-09-02 00:00:00-04:00,79.77645798130797,81.2210854890586,79.70216587541448,80.65974426269531,12340100,0.0,0.0
2021-09-03 00:00:00-04:00,80.403857292961,81.25412293531323,80.38734373399795,80.4781494140625,9097000,0.0,0.0
2021-09-07 00:00:00-04:00,80.09017863645221,80.88266587481691,79.85903914946194,80.12319946289062,9237800,0.0,0.0
2021-09-08 00:00:00-04:00,80.48641387585751,81.28715151390467,79.53708568334717,79.57010650634766,10775900,0.0,0.0
2021-09-09 00:00:00-04:00,79.15736324788304,80.58548406357295,78.71159154179622,79.2481689453125,10219400,0.0,0.0
2021-09-10 00:00:00-04:00,80.56893966336281,80.65148854813587,79.15733295009207,79.30592346191406,11006000,0.0,0.0
2021-09-13 00:00:00-04:00,80.24702940373993,81.48528210654071,80.12320287384406,80.8744125366211,11500900,0.0,0.0
2021-09-14 00:00:00-04:00,81.21284757811355,81.51002866687897,79.23164871711423,79.41325378417969,15294100,0.0,0.0
2021-09-15 00:00:00-04:00,80.06540532073869,81.3366786500689,80.06540532073869,81.09728240966797,11623400,0.0,0.0
2021-09-16 00:00:00-04:00,81.1633082116641,81.38619084821141,79.99935435755843,80.33780670166016,10616700,0.0,0.0
2021-09-17 00:00:00-04:00,80.1644506918883,81.21283481949698,79.55358134898428,79.87552642822266,16006100,0.0,0.0
2021-09-20 00:00:00-04:00,78.12547336704685,78.62902986266445,77.02755469312142,78.24104309082031,15796100,0.0,0.0
2021-09-21 00:00:00-04:00,78.89318261730685,79.1573428604989,77.62190947879601,78.29882049560547,10958400,0.0,0.0
2021-09-22 00:00:00-04:00,79.4462785253675,81.54305351153613,79.4462785253675,80.60198211669922,13292800,0.0,0.0
2021-09-23 00:00:00-04:00,81.09726556211164,82.773032598708,80.69277159074481,82.59967803955078,10094900,0.0,0.0
2021-09-24 00:00:00-04:00,82.26123952477613,83.35090143552249,82.26123952477613,83.04546356201172,8225300,0.0,0.0
2021-09-27 00:00:00-04:00,84.68821268554717,85.67056168107892,84.68821268554717,85.00190734863281,12697500,0.0,0.0
2021-09-28 00:00:00-04:00,85.77786563374403,86.58685359328484,84.92759378105576,85.32383728027344,15560800,0.0,0.0
2021-09-29 00:00:00-04:00,85.20002505850404,86.0502907554788,84.48183635133151,85.29908752441406,10268100,0.0,0.0
2021-09-30 00:00:00-04:00,85.37337821784006,85.3981422593826,83.74713897705078,83.74713897705078,15319800,0.0,0.0
2021-10-01 00:00:00-04:00,84.38277904036025,86.29794260213103,84.10210520645641,86.12458801269531,10854900,0.0,0.0
2021-10-04 00:00:00-04:00,86.67766500605426,87.3875968613786,85.94296911127769,86.44652557373047,13305400,0.0,0.0
2021-10-05 00:00:00-04:00,87.53617902155146,88.96429307667124,87.02436582888757,87.38758850097656,13017300,0.0,0.0
2021-10-06 00:00:00-04:00,86.0007469190163,86.96658216693748,85.50544727634467,86.619873046875,10630100,0.0,0.0
2021-10-07 00:00:00-04:00,87.18122880892872,87.75082695659752,86.85928367278837,87.239013671875,8830900,0.0,0.0
2021-10-08 00:00:00-04:00,88.17182331702877,89.50913816778863,87.99846873790612,89.19544982910156,10586700,0.0,0.0
2021-10-11 00:00:00-04:00,90.44195863864503,90.49974350214526,88.26263478938209,88.43598937988281,9794800,0.0,0.0
2021-10-12 00:00:00-04:00,88.32043134405122,88.80748065637738,87.64352015426803,88.4525146484375,9085000,0.0,0.0
2021-10-13 00:00:00-04:00,88.13880452919751,89.43484181086579,87.8994146035175,88.98081970214844,9220700,0.0,0.0
2021-10-14 00:00:00-04:00,89.88059979367375,90.1117455008203,89.24496641873122,89.82281494140625,7648600,0.0,0.0
2021-10-15 00:00:00-04:00,90.61530757139819,90.82993975017426,90.33464005137186,90.48323059082031,9968100,0.0,0.0
2021-10-18 00:00:00-04:00,90.9867896592533,91.14363698260216,89.94665585350374,90.44195556640625,10677400,0.0,0.0
2021-10-19 00:00:00-04:00,90.93727473239403,92.20854187011719,90.64009360204672,92.20854187011719,10362800,0.0,0.0
2021-10-20 00:00:00-04:00,91.70497057946132,93.4220154350748,91.44906709645032,93.41376495361328,10811400,0.0,0.0
2021-10-21 00:00:00-04:00,93.04229188279338,93.12484078965687,91.52337184265582,92.2415542602539,9372600,0.0,0.0
2021-10-22 00:00:00-04:00,92.63779232914814,93.18262012055455,92.00215255808358,93.11658477783203,8673800,0.0,0.0
2021-10-25 00:00:00-04:00,93.719200018111,94.39611110980772,93.52933816816554,93.98336029052734,9579800,0.0,0.0
2021-10-26 00:00:00-04:00,94.09067924704252,94.60248623061787,93.70269247041108,94.18973541259766,7463000,0.0,0.0
2021-10-27 00:00:00-04:00,93.4632898683338,93.76047094089427,92.16725264003072,92.51396179199219,9096100,0.0,0.0
2021-10-28 00:00:00-04:00,92.10946416598364,93.50455749832993,92.10946416598364,93.3807373046875,7538200,0.0,0.0
2021-10-29 00:00:00-04:00,94.79235443444844,95.1720844314836,93.40551143315244,94.51168060302734,15294200,0.0,0.0
2021-11-01 00:00:00-04:00,94.95744377462243,95.00697185301277,94.14845576988719,94.54469299316406,11213800,0.0,0.0
2021-11-02 00:00:00-04:00,94.25578989189857,94.26404667284523,93.45505218819291,93.96686553955078,9189700,0.0,0.0
2021-11-03 00:00:00-04:00,92.67906414668869,93.50456576704892,92.43141743942715,93.2899398803711,10416000,0.0,0.0
2021-11-04 00:00:00-04:00,94.28879551565763,94.32181633604186,93.2073904149031,93.70269012451172,9673000,0.0,0.0
2021-11-05 00:00:00-04:00,94.33006135126853,94.97395786433198,94.04939384138306,94.71804809570312,8102100,0.0,0.0
2021-11-08 00:00:00-05:00,95.00698417179734,95.74993693437051,94.67678854227854,95.0565185546875,7695900,0.0,0.0
2021-11-09 00:00:00-05:00,95.15555223375549,95.85723352583139,94.48689805451883,95.75817108154297,10945900,0.0,0.0
2021-11-10 00:00:00-05:00,95.56007627554318,95.93154951244914,93.82652400651875,94.23101806640625,10305100,0.0,0.0
2021-11-11 00:00:00-05:00,93.77697267239641,94.6602590587414,93.75220863415596,94.2392578125,7317500,0.0,0.0
2021-11-12 00:00:00-05:00,93.94207693571366,94.3630781827539,93.76871607154783,94.29704284667969,8682800,0.0,0.0
2021-11-15 00:00:00-05:00,94.89139146559071,96.5423944057355,94.33005021401843,96.4350814819336,11050400,0.0,0.0
2021-11-16 00:00:00-05:00,96.6745160594065,97.47525381109104,96.46814060992405,96.81484985351562,10566300,0.0,0.0
2021-11-17 00:00:00-05:00,95.92134562750954,97.30751302880763,95.74598744624788,96.380615234375,11108000,1.34,0.0
2021-11-18 00:00:00-05:00,95.90463597127138,96.34720750517643,94.70217902672364,95.57061767578125,8368600,0.0,0.0
2021-11-19 00:00:00-05:00,93.95062439722862,94.48505103601325,92.7732115277741,93.44960021972656,13532600,0.0,0.0
2021-11-22 00:00:00-05:00,93.54146132922072,96.18855098896823,93.39950562824794,95.11969757080078,9947100,0.0,0.0
2021-11-23 00:00:00-05:00,96.18857295734287,97.56638834867329,96.08001332638374,97.11547088623047,10366800,0.0,0.0
2021-11-24 00:00:00-05:00,97.54130710914762,98.53500966906437,97.4327538835333,97.85862731933594,8500900,0.0,0.0
2021-11-26 00:00:00-05:00,94.65207508906153,95.88794090960253,94.0508434126291,95.6207275390625,11861800,0.0,0.0
2021-11-29 00:00:00-05:00,97.14885960151969,97.84194653544006,95.78774236490523,95.90464782714844,12003800,0.0,0.0
2021-11-30 00:00:00-05:00,94.73557103887445,96.74802656357465,93.89218268343112,94.25125122070312,24451200,0.0,0.0
2021-12-01 00:00:00-05:00,95.98813873510984,96.91503647683363,93.59991652843563,93.60826873779297,12302700,0.0,0.0
2021-12-02 00:00:00-05:00,94.56857479940868,96.61442662861984,93.46631881817088,96.14680480957031,11392400,0.0,0.0
2021-12-03 00:00:00-05:00,97.48286038399036,97.69997321943234,94.85247521544727,95.53721618652344,10445100,0.0,0.0
2021-12-06 00:00:00-05:00,96.83152822791796,98.07573977797183,96.07164286033588,97.03193664550781,9833900,0.0,0.0
2021-12-07 00:00:00-05:00,97.9003715828926,99.08613666170871,97.9003715828926,98.46820068359375,11419600,0.0,0.0
2021-12-08 00:00:00-05:00,98.86068897441591,99.58717830104948,98.25111146833476,98.9107894897461,8827900,0.0,0.0
2021-12-09 00:00:00-05:00,98.40976103473133,99.03604293317578,98.18430235447364,98.65192413330078,8334700,0.0,0.0
2021-12-10 00:00:00-05:00,99.31160232587308,99.53706099211985,97.59141685705636,98.81892395019531,9090700,0.0,0.0
2021-12-13 00:00:00-05:00,98.08408570600731,98.4097517528124,96.53925844305816,96.76471710205078,8533000,0.0,0.0
2021-12-14 00:00:00-05:00,96.64782179714314,97.63317224919204,96.42236311452227,97.04864501953125,12245300,0.0,0.0
2021-12-15 00:00:00-05:00,97.13214692461315,97.13214692461315,95.1530938331697,96.49751281738281,11069500,0.0,0.0
2021-12-16 00:00:00-05:00,97.02359406478337,98.69367913279447,96.79812901291525,97.39936065673828,11344700,0.0,0.0
2021-12-17 00:00:00-05:00,96.7981228864043,97.24904659073188,94.80237186611488,94.86082458496094,22727900,0.0,0.0
2021-12-20 00:00:00-05:00,93.40786094887963,94.95268840537396,92.46426515284928,94.902587890625,13464400,0.0,0.0
2021-12-21 00:00:00-05:00,95.55392583431065,96.92339520098767,95.43702037892622,96.42237091064453,11368200,0.0,0.0
2021-12-22 00:00:00-05:00,96.38060841524687,97.43276379924407,95.53722003706982,96.9734878540039,8345200,0.0,0.0
2021-12-23 00:00:00-05:00,97.29081652463806,98.4682232949077,97.19896132763276,97.20731353759766,7416600,0.0,0.0
2021-12-27 00:00:00-05:00,96.9233854647808,99.21975240480786,96.3722607120261,99.1947021484375,7745500,0.0,0.0
2021-12-28 00:00:00-05:00,99.086156755571,99.65397960055391,98.56842805642442,99.00264739990234,6516000,0.0,0.0
2021-12-29 00:00:00-05:00,98.60181521239738,99.07778915979446,97.9421309044491,98.49325561523438,6957400,0.0,0.0
2021-12-30 00:00:00-05:00,98.64357877781826,99.11120696000474,97.98389436778484,98.05905151367188,6016000,0.0,0.0
2021-12-31 00:00:00-05:00,98.01729116265105,98.61017060221795,97.8085305274147,97.99224090576172,5706600,0.0,0.0
2022-01-03 00:00:00-05:00,98.05069190080089,99.9462420030273,97.94213866590391,99.58717346191406,10717700,0.0,0.0
2022-01-04 00:00:00-05:00,100.16334993816085,101.85849164273466,99.92119320837642,101.39921569824219,16413100,0.0,0.0
2022-01-05 00:00:00-05:00,102.07561223446649,103.41167920660547,101.9336565123045,102.05891418457031,15487100,0.0,0.0
2022-01-06 00:00:00-05:00,103.227953448305,103.81248063469594,101.57456653829153,102.92733764648438,13318500,0.0,0.0
2022-01-07 00:00:00-05:00,103.16950563146992,104.83123845819252,102.66847502405149,104.40536499023438,14164600,0.0,0.0
2022-01-10 00:00:00-05:00,104.50557806517892,104.95650181383937,103.42837239407936,104.47217559814453,12626100,0.0,0.0
2022-01-11 00:00:00-05:00,105.09845702897725,106.88544759630851,104.23836421218978,106.86039733886719,14609000,0.0,0.0
2022-01-12 00:00:00-05:00,106.87709830209138,107.24451270603441,105.60783638044677,106.32597351074219,12469200,0.0,0.0
2022-01-13 00:00:00-05:00,106.16731137792566,106.96895784800056,105.59112996845595,105.8833999633789,9691300,0.0,0.0
2022-01-14 00:00:00-05:00,105.84999066277076,107.88749006097272,105.84999066277076,107.68708801269531,13281000,0.0,0.0
2022-01-18 00:00:00-05:00,108.29667243610955,108.55553359292223,106.77689522064341,108.03781127929688,12905500,0.0,0.0
2022-01-19 00:00:00-05:00,108.51376324398402,108.6807691847361,107.33635033781653,107.64532470703125,12064300,0.0,0.0
2022-01-20 00:00:00-05:00,107.11089842648987,109.2736553098803,106.78522601040734,107.26119995117188,11370400,0.0,0.0
2022-01-21 00:00:00-05:00,106.68502743798963,107.2194477366835,105.40741348197757,105.9752426147461,13055700,0.0,0.0
2022-01-24 00:00:00-05:00,103.92103763063072,106.65998240993909,102.57661868232599,106.2007064819336,19513700,0.0,0.0
2022-01-25 00:00:00-05:00,106.15060006197076,110.84354099187998,104.60576641059035,110.71827697753906,19984500,0.0,0.0
2022-01-26 00:00:00-05:00,110.9771477563729,112.48858544712313,109.88324407467836,110.80179595947266,17266500,0.0,0.0
2022-01-27 00:00:00-05:00,112.27146576945907,114.40082677232807,111.55332868297057,113.03970336914062,20654100,0.0,0.0
2022-01-28 00:00:00-05:00,108.55553440984843,110.27572007028019,106.94390836118284,109.06491088867188,24817800,0.0,0.0
2022-01-31 00:00:00-05:00,108.71418215152534,110.10870155952017,107.99604511142304,109.66613006591797,16401800,0.0,0.0
2022-02-01 00:00:00-05:00,109.24862775680697,113.34869008852682,108.98140800175284,112.55538940429688,16169700,0.0,0.0
2022-02-02 00:00:00-05:00,112.18795430186495,113.39876326336139,110.89363600161586,113.0730972290039,10906700,0.0,0.0
2022-02-03 00:00:00-05:00,112.60549128811613,113.02301255690152,111.2193176177315,112.06270599365234,9447700,0.0,0.0
2022-02-04 00:00:00-05:00,112.73907296991132,114.40081197911474,112.73907296991132,113.46556854248047,13034700,0.0,0.0
2022-02-07 00:00:00-05:00,113.01465998817,116.42998109048158,112.58879285838228,115.69515228271484,18422500,0.0,0.0
2022-02-08 00:00:00-05:00,115.38617049605845,115.59493112822682,112.73908720917227,113.9332046508789,11021600,0.0,0.0
2022-02-09 00:00:00-05:00,114.16701981459343,115.51978468434304,113.64929750478571,115.06050872802734,10140800,0.0,0.0
2022-02-10 00:00:00-05:00,114.86845036402609,115.8955491259071,113.0564095717649,113.59918212890625,11012700,0.0,0.0
2022-02-11 00:00:00-05:00,114.28393143146708,116.43834288140398,113.79960519155205,115.91226196289062,12821200,0.0,0.0
2022-02-14 00:00:00-05:00,115.18575926460834,115.27761444511188,112.772487058728,114.12525177001953,15945000,0.0,0.0
2022-02-15 00:00:00-05:00,112.29418207725074,113.77928232436747,111.53474571894822,113.28987121582031,11746800,1.42,0.0
2022-02-16 00:00:00-05:00,113.87211770630418,114.89313311988548,112.8679820920546,113.32364654541016,11348800,0.0,0.0
2022-02-17 00:00:00-05:00,113.21394065175402,113.55990570282754,111.7625870050436,112.74140930175781,10073900,0.0,0.0
2022-02-18 00:00:00-05:00,112.07482231595395,112.99457189551791,111.42508517350727,112.58110046386719,10691800,0.0,0.0
2022-02-22 00:00:00-05:00,115.6019276784074,115.6019276784074,110.13404448533178,111.72039794921875,19428700,0.0,0.0
2022-02-23 00:00:00-05:00,112.16761263145908,114.8256208025423,111.85540717545305,114.37840270996094,16134200,0.0,0.0
2022-02-24 00:00:00-05:00,116.38667295068643,116.63981845147116,111.14662159936317,113.78775024414062,22108900,0.0,0.0
2022-02-25 00:00:00-05:00,114.72438006359253,118.55527068969116,114.27714904754546,118.45401763916016,28028000,0.0,0.0
2022-02-28 00:00:00-05:00,117.51738200160213,121.50859832763672,116.99421122567502,121.50859832763672,24394300,0.0,0.0
2022-03-01 00:00:00-05:00,122.36086261936327,126.53773170820507,122.09928362400899,126.33521270751953,31159900,0.0,0.0
2022-03-02 00:00:00-05:00,126.74022211338813,131.42336880980355,126.61365580085597,130.06483459472656,31329500,0.0,0.0
2022-03-03 00:00:00-05:00,128.47845436583032,132.57936983385844,128.04811607384778,131.8199462890625,22492900,0.0,0.0
2022-03-04 00:00:00-05:00,131.45711078708624,134.96736231704298,130.86644655740952,133.8704071044922,29034400,0.0,0.0
2022-03-07 00:00:00-05:00,134.92512898806066,136.78152012089063,131.3980115867051,136.7308807373047,34824700,0.0,0.0
2022-03-08 00:00:00-05:00,138.64636958543136,146.82288762899015,138.4691767589257,143.89486694335938,57231000,0.0,0.0
2022-03-09 00:00:00-05:00,137.34689820442085,143.25356566276662,136.0305572309288,140.30023193359375,43430000,0.0,0.0
2022-03-10 00:00:00-05:00,142.38441636163694,147.46414016341114,142.00469179503824,144.13954162597656,34913600,0.0,0.0
2022-03-11 00:00:00-05:00,139.97956531125504,145.96217191254394,139.97113185096484,144.20704650878906,28423600,0.0,0.0
2022-03-14 00:00:00-04:00,140.24960860997453,142.05536075906423,138.6379290766501,140.67994689941406,25156200,0.0,0.0
2022-03-15 00:00:00-04:00,134.2585606109153,135.16987662334907,131.00988814646675,133.55819702148438,28534400,0.0,0.0
2022-03-16 00:00:00-04:00,133.9885739071139,135.43149456112383,131.8115556053721,133.0772705078125,22299700,0.0,0.0
2022-03-17 00:00:00-04:00,134.96737268591502,135.84494207358077,133.25443985049912,135.38084411621094,15750700,0.0,0.0
2022-03-18 00:00:00-04:00,135.76053282462777,136.46932983398438,133.98009396448538,136.46932983398438,23214700,0.0,0.0
2022-03-21 00:00:00-04:00,137.55786754519818,139.71801842148272,137.30472204786471,138.92483520507812,13180600,0.0,0.0
2022-03-22 00:00:00-04:00,138.1232051635055,139.4479796330767,137.18657592684772,138.46072387695312,11063900,0.0,0.0
2022-03-23 00:00:00-04:00,140.07238697378176,141.21153503009867,139.1779509001757,139.95425415039062,10755000,0.0,0.0
2022-03-24 00:00:00-04:00,140.43524803365142,141.2537445067466,139.22860629269513,140.3255615234375,9024800,0.0,0.0
2022-03-25 00:00:00-04:00,139.41423891610717,143.18606928491306,139.36361239446103,142.86541748046875,10254700,0.0,0.0
2022-03-28 00:00:00-04:00,139.98801218326483,140.60400248228666,139.33828803985023,140.36773681640625,9992000,0.0,0.0
2022-03-29 00:00:00-04:00,137.9712886362771,138.78978489274647,135.4314266409976,138.65478515625,15102600,0.0,0.0
2022-03-30 00:00:00-04:00,139.43113037109612,140.36775972639063,138.0979093957345,139.63363647460938,9906000,0.0,0.0
2022-03-31 00:00:00-04:00,137.93754429568412,140.20739398153572,137.3046871509528,137.3975067138672,10395900,0.0,0.0
2022-04-01 00:00:00-04:00,137.35536162682774,140.0302372142285,136.9756497824962,138.57044982910156,8795300,0.0,0.0
2022-04-04 00:00:00-04:00,139.22859517763953,139.60830695302124,137.540975842153,138.69699096679688,8718600,0.0,0.0
2022-04-05 00:00:00-04:00,139.2539177746322,141.5237679931377,137.62537118693996,137.84475708007812,9538200,0.0,0.0
2022-04-06 00:00:00-04:00,139.08514762058732,140.92464649673008,138.66324279114022,139.06826782226562,9269000,0.0,0.0
2022-04-07 00:00:00-04:00,139.3130210520379,141.506919088961,137.89541371040252,141.00064086914062,8018400,0.0,0.0
2022-04-08 00:00:00-04:00,140.95841707074663,144.375849030509,140.93310380904958,143.38858032226562,10801200,0.0,0.0
2022-04-11 00:00:00-04:00,142.24103250341057,142.41822536150752,139.15268536426973,139.70115661621094,10206100,0.0,0.0
2022-04-12 00:00:00-04:00,142.57854270199326,145.70906984456556,141.88661248688152,142.61228942871094,9528400,0.0,0.0
2022-04-13 00:00:00-04:00,144.23240289520777,145.20279189025788,142.00474553882373,144.85682678222656,7330700,0.0,0.0
2022-04-14 00:00:00-04:00,144.02988304348148,145.92845491185483,143.92018365981082,144.789306640625,9421100,0.0,0.0
2022-04-18 00:00:00-04:00,145.979066703346,147.27852787467023,145.02555769662237,146.7300567626953,7639000,0.0,0.0
2022-04-19 00:00:00-04:00,146.04659877652807,146.56132325914285,144.3167861463955,144.99183654785156,6970200,0.0,0.0
2022-04-20 00:00:00-04:00,144.81463426165507,146.46850714065877,144.6796344785755,145.58250427246094,7495000,0.0,0.0
2022-04-21 00:00:00-04:00,144.9159032066097,145.50656750585142,138.24136443638824,138.8742218017578,14594800,0.0,0.0
2022-04-22 00:00:00-04:00,138.70543094960013,139.62518035518258,135.73521745006775,135.8111572265625,12160100,0.0,0.0
2022-04-25 00:00:00-04:00,131.4064881688777,133.6257119215197,127.7190436981963,132.8916015625,15449800,0.0,0.0
2022-04-26 00:00:00-04:00,134.0138435985442,135.32173814637986,131.9633796250605,132.08151245117188,9810600,0.0,0.0
2022-04-27 00:00:00-04:00,132.54561951574235,133.25441652171904,130.3854689019962,131.83682250976562,10396600,0.0,0.0
2022-04-28 00:00:00-04:00,132.85782768140132,137.54097384445956,130.7314237444291,136.51995849609375,9366400,0.0,0.0
2022-04-29 00:00:00-04:00,136.08962440159894,137.0684467222574,131.87900945574995,132.1996612548828,14713200,0.0,0.0
2022-05-02 00:00:00-04:00,131.8959067524389,135.009566950313,130.91708430192537,134.79861450195312,11559000,0.0,0.0
2022-05-03 00:00:00-04:00,134.6466887549042,137.90378108037058,134.38509699319323,137.11061096191406,8827200,0.0,0.0
2022-05-04 00:00:00-04:00,139.20330025818814,141.66722326756764,137.93758558981074,141.41407775878906,9183200,0.0,0.0
2022-05-05 00:00:00-04:00,142.82320734827914,143.02572628616974,137.24562541289532,140.29177856445312,9807600,0.0,0.0
2022-05-06 00:00:00-04:00,141.98787386565843,144.2661576737692,139.5830108665044,144.02989196777344,10418100,0.0,0.0
2022-05-09 00:00:00-04:00,141.549076122242,141.549076122242,133.72695665627433,134.37669372558594,14110700,0.0,0.0
2022-05-10 00:00:00-04:00,136.8743945885874,138.54513440288844,133.21225023734007,135.66773986816406,11636000,0.0,0.0
2022-05-11 00:00:00-04:00,138.0304087029638,141.30439484888174,137.12752603623284,137.67601013183594,9105500,0.0,0.0
2022-05-12 00:00:00-04:00,137.72663600445168,139.10205009280864,134.0476247769667,138.98391723632812,8936400,0.0,0.0
2022-05-13 00:00:00-04:00,140.49431442614153,142.4266329653349,139.12734683837604,141.65032958984375,9229900,0.0,0.0
2022-05-16 00:00:00-04:00,142.6038458923111,147.6413910642286,142.48571304387062,145.98751831054688,13296300,0.0,0.0
2022-05-17 00:00:00-04:00,147.5316893842939,148.2151732021816,145.64999730070573,146.84820556640625,12827600,0.0,0.0
2022-05-18 00:00:00-04:00,148.13283112256156,148.14134694476743,141.0460703306159,142.97727966308594,13107500,1.42,0.0
2022-05-19 00:00:00-04:00,140.0591881334828,144.32144739588233,138.52783322496262,141.95635986328125,10958700,0.0,0.0
2022-05-20 00:00:00-04:00,143.67492689632883,145.51254039094775,139.5998196744763,142.77313232421875,9615000,0.0,0.0
2022-05-23 00:00:00-04:00,144.14282098205186,147.14598573181155,143.8705872513264,146.09104919433594,10216400,0.0,0.0
2022-05-24 00:00:00-04:00,145.21478583380875,147.673457322619,144.46612030704958,146.87374877929688,9782700,0.0,0.0
2022-05-25 00:00:00-04:00,147.29909165892792,149.72373825561348,147.1544654838234,149.2303009033203,10174500,0.0,0.0
2022-05-26 00:00:00-04:00,150.14913979054998,151.37421106965854,148.89001819974501,150.2342071533203,11213900,0.0,0.0
2022-05-27 00:00:00-04:00,150.17464868308215,151.7315253849649,149.46852342606846,151.67196655273438,10512300,0.0,0.0
2022-05-31 00:00:00-04:00,153.10124001906885,153.95199148776877,147.57985831388902,148.59225463867188,20547600,0.0,0.0
2022-06-01 00:00:00-04:00,150.3532995700971,151.54435938457377,148.83046019203644,150.00450134277344,8824100,0.0,0.0
2022-06-02 00:00:00-04:00,148.6603118830257,150.16613259110784,148.11583147854384,149.7322540283203,7441900,0.0,0.0
2022-06-03 00:00:00-04:00,149.73225259412294,151.64644332330917,149.73225259412294,151.0934600830078,8435300,0.0,0.0
2022-06-06 00:00:00-04:00,151.3486823384412,151.43376267858835,149.31538683072213,150.43838500976562,6734200,0.0,0.0
2022-06-07 00:00:00-04:00,150.9828719280728,153.69677132937,150.51495600001505,153.305419921875,9668300,0.0,0.0
2022-06-08 00:00:00-04:00,153.94346139303897,155.17704831200197,153.34793801644676,154.0966033935547,8715200,0.0,0.0
2022-06-09 00:00:00-04:00,153.1607874184761,153.6797463388821,150.91480403768108,151.02540588378906,9764600,0.0,0.0
2022-06-10 00:00:00-04:00,150.04706240366593,151.91872639445933,147.73301690726666,149.22183227539062,9529700,0.0,0.0
2022-06-13 00:00:00-04:00,145.9974622503189,146.3292548088256,139.57428596910913,142.3562469482422,14614900,0.0,0.0
2022-06-14 00:00:00-04:00,144.09177217841577,146.57596491060508,141.0886205307783,142.5434112548828,10269300,0.0,0.0
2022-06-15 00:00:00-04:00,141.88829687630005,142.79860697337273,137.77066381299966,139.74440002441406,11565300,0.0,0.0
2022-06-16 00:00:00-04:00,136.06916736687543,136.57961036689727,130.80301465120544,132.27481079101562,18125900,0.0,0.0
2022-06-17 00:00:00-04:00,131.76440506921742,132.2663453714146,124.03106356386922,126.2345199584961,35575100,0.0,0.0
2022-06-21 00:00:00-04:00,129.35676660571974,132.73425105835804,128.83780767774303,131.51766967773438,13772000,0.0,0.0
2022-06-22 00:00:00-04:00,125.97076643962926,128.29331413439633,124.49045432548789,125.80060577392578,13735800,0.0,0.0
2022-06-23 00:00:00-04:00,126.58328733117588,126.95762000124891,119.232796205218,121.1725082397461,15713700,0.0,0.0
2022-06-24 00:00:00-04:00,123.52908587001036,125.13700530393,121.31714028413026,123.16326904296875,11108300,0.0,0.0
2022-06-27 00:00:00-04:00,124.0906268616525,126.60885726821682,123.8694361225955,125.54541778564453,9242400,0.0,0.0
2022-06-28 00:00:00-04:00,128.36138447504598,129.47586681093026,126.00479929537927,127.56167602539062,9183300,0.0,0.0
2022-06-29 00:00:00-04:00,128.999420105671,129.40777708325993,124.28625076806063,125.04341888427734,9082900,0.0,0.0
2022-06-30 00:00:00-04:00,122.97613711698482,125.84316563905568,122.00628088526625,123.17180633544922,10685000,0.0,0.0
2022-07-01 00:00:00-04:00,124.72019323468805,125.02646433849652,121.20658487452968,124.64361572265625,7684600,0.0,0.0
2022-07-05 00:00:00-04:00,122.21044550001744,122.96761380161902,118.60326751550537,121.36820983886719,11513100,0.0,0.0
2022-07-06 00:00:00-04:00,120.5174412940366,121.87863568705853,116.38278914730869,119.7687759399414,12421200,0.0,0.0
2022-07-07 00:00:00-04:00,122.59329858180494,123.61419780416466,121.72552840115212,122.09986114501953,12741800,0.0,0.0
2022-07-08 00:00:00-04:00,123.25687038555999,123.74179194658763,120.03251522102605,121.46178436279297,7915500,0.0,0.0
2022-07-11 00:00:00-04:00,120.73013225670584,121.52984063627025,119.04563516643516,120.38982391357422,7056800,0.0,0.0
2022-07-12 00:00:00-04:00,117.82909488754771,118.78193251163924,116.77415824556137,118.18640899658203,8653900,0.0,0.0
2022-07-13 00:00:00-04:00,117.07189009169618,119.72623006572367,116.67203593132217,117.39517974853516,9414600,0.0,0.0
2022-07-14 00:00:00-04:00,114.264417016481,115.83831227921395,112.75858342266237,115.6511459350586,10150200,0.0,0.0
2022-07-15 00:00:00-04:00,118.22041406431464,118.22041406431464,116.06800119212096,117.10591888427734,7051900,0.0,0.0
2022-07-18 00:00:00-04:00,119.58161174486615,120.92580048134218,118.3225033388571,118.74787902832031,7943900,0.0,0.0
2022-07-19 00:00:00-04:00,118.84145056882998,123.36744071143539,118.61174408419807,123.02714538574219,9152100,0.0,0.0
2022-07-20 00:00:00-04:00,122.93357061069,125.2816396736051,121.92969024440453,124.65209197998047,7856600,0.0,0.0
2022-07-21 00:00:00-04:00,121.759499551183,123.7587699317612,120.38128685223342,123.69921112060547,6724200,0.0,0.0
2022-07-22 00:00:00-04:00,123.83538624057289,124.46494702377659,122.01477855015968,122.66986083984375,5889500,0.0,0.0
2022-07-25 00:00:00-04:00,123.95449192804938,126.43018192805444,122.66134600308213,126.319580078125,6210900,0.0,0.0
2022-07-26 00:00:00-04:00,127.18731123308659,128.19119147193175,124.66057899482428,125.33267974853516,6112800,0.0,0.0
2022-07-27 00:00:00-04:00,126.20044178868349,127.78283968910485,124.77118586904322,126.9831314086914,6223000,0.0,0.0
2022-07-28 00:00:00-04:00,128.19975473681703,128.86333991553354,125.93675247019979,127.94452667236328,6574300,0.0,0.0
2022-07-29 00:00:00-04:00,133.17664409234058,140.0847556181339,132.63216361073782,139.33609008789062,17143700,0.0,0.0
2022-08-01 00:00:00-04:00,137.12412489011942,137.70264267882447,135.39710032883264,136.5541229248047,8017800,0.0,0.0
2022-08-02 00:00:00-04:00,136.87741073234,137.37084816882427,134.67396742398282,135.3885955810547,5928300,0.0,0.0
2022-08-03 00:00:00-04:00,135.5331947089995,136.08619087216815,131.31347530696496,132.1727294921875,8751400,0.0,0.0
2022-08-04 00:00:00-04:00,132.13871288869265,132.24079890202245,128.23375412015895,128.5825653076172,10640000,0.0,0.0
2022-08-05 00:00:00-04:00,127.30645146367497,131.87498277572266,126.77898969799814,130.70945739746094,7170200,0.0,0.0
2022-08-08 00:00:00-04:00,130.6668771579186,131.84942083802395,130.2925445429615,130.5137481689453,5966900,0.0,0.0
2022-08-09 00:00:00-04:00,132.66616817504683,134.2485662122106,131.52616447661583,132.21527099609375,5842200,0.0,0.0
2022-08-10 00:00:00-04:00,132.71723120854068,133.11708544364552,130.10541792738522,132.56410217285156,6145800,0.0,0.0
2022-08-11 00:00:00-04:00,134.5123211926326,137.1071158833721,134.09544828118993,135.7969512939453,7888600,0.0,0.0
2022-08-12 00:00:00-04:00,134.63139222484304,136.04364248789597,133.68705776960098,135.9925994873047,7244700,0.0,0.0
2022-08-15 00:00:00-04:00,132.01958224381082,134.24004368534872,130.53928327040876,133.40631103515625,8975200,0.0,0.0
2022-08-16 00:00:00-04:00,133.916791505871,134.35067008062595,132.5640997891904,133.0660400390625,7218400,0.0,0.0
2022-08-17 00:00:00-04:00,133.25321580024166,135.55874516832486,132.30036526282277,134.16351318359375,6741100,0.0,0.0
2022-08-18 00:00:00-04:00,134.91039265748233,137.06519008800365,134.8588858518651,136.51576232910156,6477500,1.42,0.0
2022-08-19 00:00:00-04:00,136.0349968865591,137.13385226065276,135.3138624040563,135.37396240234375,6834200,0.0,0.0
2022-08-22 00:00:00-04:00,134.51548120828227,135.41688948945313,132.566724348896,134.6957550048828,9147000,0.0,0.0
2022-08-23 00:00:00-04:00,136.5844335419594,139.36590565928705,136.2496262278592,139.06544494628906,10354800,0.0,0.0
2022-08-24 00:00:00-04:00,138.78215091445676,140.2329870430966,137.9322493392619,140.0956268310547,9468100,0.0,0.0
2022-08-25 00:00:00-04:00,140.72230766447004,141.56361599671197,139.59769882150178,141.3232421875,8050700,0.0,0.0
2022-08-26 00:00:00-04:00,140.9455062800404,142.61955592088208,139.46892994302428,140.28448486328125,7765800,0.0,0.0
2022-08-29 00:00:00-04:00,140.69650620238554,143.22044343634022,140.4818858675171,141.331787109375,8462600,0.0,0.0
2022-08-30 00:00:00-04:00,139.34872654817175,139.55475372926568,136.29252133493156,137.88929748535156,8814300,0.0,0.0
2022-08-31 00:00:00-04:00,135.30527528451316,138.5675077380946,134.05188647941176,135.69158935546875,13582700,0.0,0.0
2022-09-01 00:00:00-04:00,134.33517289669538,134.67857333445792,131.54510819938773,133.5281982421875,8244400,0.0,0.0
2022-09-02 00:00:00-04:00,135.84611401568492,136.61016200837344,134.54121849917172,135.5113067626953,7526600,0.0,0.0
2022-09-06 00:00:00-04:00,137.2626260573563,137.34847945933717,133.67417916406427,134.88462829589844,8550000,0.0,0.0
2022-09-07 00:00:00-04:00,132.25764947898193,133.7685852075969,131.02143410080143,133.1590576171875,9442100,0.0,0.0
2022-09-08 00:00:00-04:00,133.57116456985895,134.2493724485724,131.67392734836585,133.88021850585938,9232500,0.0,0.0
2022-09-09 00:00:00-04:00,135.9920394448331,137.9150293650841,135.23657163365652,137.33126831054688,8261100,0.0,0.0
2022-09-12 00:00:00-04:00,139.76936201542617,141.24595114931464,138.43013305664064,139.50323486328125,8920800,0.0,0.0
2022-09-13 00:00:00-04:00,138.5675031749623,139.64060505860573,136.2753591234265,136.8505401611328,10308300,0.0,0.0
2022-09-14 00:00:00-04:00,138.1640277264056,140.42183847598466,137.65752673752635,140.16429138183594,11160800,0.0,0.0
2022-09-15 00:00:00-04:00,137.94080428062503,138.81645909843948,136.99648246870493,137.88929748535156,9665000,0.0,0.0
2022-09-16 00:00:00-04:00,137.8034591043126,138.33571346203863,133.58831164079115,134.30943298339844,43741600,0.0,0.0
2022-09-19 00:00:00-04:00,131.28758207566196,134.73868170386987,131.17598837756285,134.6957550048828,6813800,0.0,0.0
2022-09-20 00:00:00-04:00,133.95744239807743,134.65282339009843,132.49802652349794,134.16348266601562,8955200,0.0,0.0
2022-09-21 00:00:00-04:00,135.90621880364864,136.3097062000477,133.02172012906672,133.07322692871094,6877000,0.0,0.0
2022-09-22 00:00:00-04:00,135.29672127525728,135.88048254404785,132.84146308718562,132.97023010253906,6981100,0.0,0.0
2022-09-23 00:00:00-04:00,128.55759786910284,128.92673860699765,123.32944895270316,124.28236389160156,13919700,0.0,0.0
2022-09-26 00:00:00-04:00,123.25218801082538,124.52273688844664,120.95145091414041,121.01155090332031,9444000,0.0,0.0
2022-09-27 00:00:00-04:00,122.15331894852804,123.42388091768011,120.58230943288368,121.06305694580078,10121000,0.0,0.0
2022-09-28 00:00:00-04:00,121.97307276697954,125.71605323472225,121.3892984411311,125.14945220947266,8279800,0.0,0.0
2022-09-29 00:00:00-04:00,124.05915032972337,124.83179149875278,122.13616025438782,124.28236389160156,8197600,0.0,0.0
2022-09-30 00:00:00-04:00,123.64708944759796,124.60000443696306,122.32503370078825,123.3380355834961,9402700,0.0,0.0
2022-10-03 00:00:00-04:00,127.88796621350112,130.78104413627045,127.31278528787139,130.2573699951172,9597400,0.0,0.0
2022-10-04 00:00:00-04:00,132.57531228439615,135.53708439748823,131.88853745757086,135.3224639892578,9520200,0.0,0.0
2022-10-05 00:00:00-04:00,133.78579007544155,137.12528349155224,132.89297483719704,136.09510803222656,10633100,0.0,0.0
2022-10-06 00:00:00-04:00,135.07350402296564,139.02252498006894,134.9533171120655,138.57611083984375,9498300,0.0,0.0
2022-10-07 00:00:00-04:00,139.5118277529555,140.73086994513943,136.550069114959,137.38279724121094,9972500,0.0,0.0
2022-10-10 00:00:00-04:00,138.21553384350682,138.6190212324918,134.3008599498042,134.90179443359375,5904500,0.0,0.0
2022-10-11 00:00:00-04:00,132.85001234916328,137.29694023896047,132.30058471221173,134.9275360107422,7533300,0.0,0.0
2022-10-12 00:00:00-04:00,134.04330191008398,136.33544596066886,133.5110475678219,135.33102416992188,4942000,0.0,0.0
2022-10-13 00:00:00-04:00,134.22359748074257,142.49935921582116,134.22359748074257,141.88983154296875,10227500,0.0,0.0
2022-10-14 00:00:00-04:00,140.82529103705966,142.044346221294,137.29693176002854,137.4772186279297,7327900,0.0,0.0
2022-10-17 00:00:00-04:00,140.1814642098162,141.57221340374596,138.30140038176484,138.48167419433594,5890400,0.0,0.0
2022-10-18 00:00:00-04:00,139.38305429601527,140.19860908611207,136.4642224895464,139.69210815429688,5631200,0.0,0.0
2022-10-19 00:00:00-04:00,140.4390073999696,145.26368309193225,140.4390073999696,144.22491455078125,9766800,0.0,0.0
2022-10-20 00:00:00-04:00,145.34090702820964,147.5042838744727,144.17337177301542,145.0490264892578,8871500,0.0,0.0
2022-10-21 00:00:00-04:00,145.21213226379126,149.23841236673806,144.95459830788252,148.68040466308594,7971300,0.0,0.0
2022-10-24 00:00:00-04:00,147.7274828890984,149.9509466014257,147.32399557767076,148.62889099121094,7007700,0.0,0.0
2022-10-25 00:00:00-04:00,148.56877739980197,150.23423328179905,147.80472953737282,150.17413330078125,7280600,0.0,0.0
2022-10-26 00:00:00-04:00,150.50900041735116,153.22179231813305,150.38022031770228,152.02850341796875,6865300,0.0,0.0
2022-10-27 00:00:00-04:00,154.43222925606977,155.72853154439204,152.36328579441195,152.72384643554688,9177400,0.0,0.0
2022-10-28 00:00:00-04:00,155.78864845520744,156.98193728978197,151.54774748791132,154.50950622558594,10773900,0.0,0.0
2022-10-31 00:00:00-04:00,152.86120176439468,157.8232233959479,152.86120176439468,155.29928588867188,13281000,0.0,0.0
2022-11-01 00:00:00-04:00,157.8490304992884,158.3898781775536,156.15782045399408,156.4325408935547,9185600,0.0,0.0
2022-11-02 00:00:00-04:00,155.32507192705046,157.0162817523358,153.04152079237917,153.2389678955078,8087500,0.0,0.0
2022-11-03 00:00:00-04:00,152.7839303481948,156.40672277473212,152.30318287726993,155.49673461914062,6607800,0.0,0.0
2022-11-04 00:00:00-04:00,158.68174992814014,159.16249757104043,155.0417960036716,157.46270751953125,7491900,0.0,0.0
2022-11-07 00:00:00-05:00,156.67289508495344,160.00380795034516,156.33808777833653,159.3427734375,7578000,0.0,0.0
2022-11-08 00:00:00-05:00,159.09380171520695,159.8921832418086,157.8404129311644,159.1109619140625,6308200,0.0,0.0
2022-11-09 00:00:00-05:00,157.62581637569102,157.79751008591666,152.14011915285295,152.7496337890625,8021700,0.0,0.0
2022-11-10 00:00:00-05:00,156.441081710944,156.52693510159585,152.84404209247666,155.6427001953125,6981500,0.0,0.0
2022-11-11 00:00:00-05:00,158.00352045967307,160.6218916175098,157.8661602777631,160.0724639892578,8428300,0.0,0.0
2022-11-14 00:00:00-05:00,159.94370945008896,162.83678833439382,159.83210264703956,160.14974975585938,9722400,0.0,0.0
2022-11-15 00:00:00-05:00,160.63907477293452,161.7722767865579,159.05089165306453,161.43746948242188,7747300,0.0,0.0
2022-11-16 00:00:00-05:00,160.1411215884669,161.2399898799096,157.68586415322687,158.81048583984375,7941100,0.0,0.0
2022-11-17 00:00:00-05:00,157.02832855924797,159.38146204110723,155.95558546065038,159.26034545898438,6550500,1.42,0.0
2022-11-18 00:00:00-05:00,156.55253390332402,158.67208085332604,155.41921262570386,158.30873107910156,7661500,0.0,0.0
2022-11-21 00:00:00-05:00,155.48841104329728,157.19270285235532,152.10579323613044,156.7947540283203,8432900,0.0,0.0
2022-11-22 00:00:00-05:00,158.9662200132042,161.39721152414833,158.38658966581372,160.8175811767578,9018000,0.0,0.0
2022-11-23 00:00:00-05:00,158.49904663559641,160.17737264215742,157.95401541654567,159.39012145996094,5831200,0.0,0.0
2022-11-25 00:00:00-05:00,159.95247134517157,160.3071746781342,158.58557644311426,158.9229736328125,2796400,0.0,0.0
2022-11-28 00:00:00-05:00,155.96425598181935,156.99375368898146,153.95717899702618,154.30322265625,9365500,0.0,0.0
2022-11-29 00:00:00-05:00,155.94691985029104,157.32247415287944,155.41919479098777,156.61306762695312,6985400,0.0,0.0
2022-11-30 00:00:00-05:00,158.18759197095312,158.6114933801835,155.39323789432427,158.58554077148438,10936700,0.0,0.0
2022-12-01 00:00:00-05:00,159.40741650243402,159.65830934020576,156.96777869114106,157.87615966796875,5217400,0.0,0.0
2022-12-02 00:00:00-05:00,157.0456287181618,158.86239058152495,155.66142794600728,156.61306762695312,6852300,0.0,0.0
2022-12-05 00:00:00-05:00,158.0319003596981,158.27413356511894,151.07632237413492,152.74600219726562,8162200,0.0,0.0
2022-12-06 00:00:00-05:00,151.83760507336933,154.04366950517925,148.03971883064705,148.80967712402344,8765000,0.0,0.0
2022-12-07 00:00:00-05:00,147.98781592444192,151.03305006311172,147.8061476370379,149.2509002685547,6936300,0.0,0.0
2022-12-08 00:00:00-05:00,152.47780324866088,152.6075663115638,148.8269861375149,150.13331604003906,8076600,0.0,0.0
2022-12-09 00:00:00-05:00,149.06057416535415,149.83053248037496,145.27998075726265,145.34054565429688,10754300,0.0,0.0
2022-12-12 00:00:00-05:00,146.14511602341207,147.52067062798312,145.08967887381687,146.85452270507812,9364900,0.0,0.0
2022-12-13 00:00:00-05:00,150.1593071139612,150.92926555172184,149.21631362892973,150.12469482421875,7838800,0.0,0.0
2022-12-14 00:00:00-05:00,150.95516909215038,151.3271652812587,148.16947470596267,149.0865020751953,7045500,0.0,0.0
2022-12-15 00:00:00-05:00,147.58986205695533,148.25599668912085,145.39244413575642,147.9705047607422,7272900,0.0,0.0
2022-12-16 00:00:00-05:00,145.7990645873032,147.2005585316024,144.56194599710705,145.96343994140625,23876000,0.0,0.0
2022-12-19 00:00:00-05:00,147.16593913305132,147.7801817082211,145.55681130030604,146.9669647216797,7131600,0.0,0.0
2022-12-20 00:00:00-05:00,146.90638077453525,149.91700196759666,146.7247125270667,149.38063049316406,6199100,0.0,0.0
2022-12-21 00:00:00-05:00,151.5608013416469,152.22694931210376,149.80460385648675,151.1368865966797,5479400,0.0,0.0
2022-12-22 00:00:00-05:00,151.53484845169712,151.5781072134682,145.62606065336954,148.87026977539062,5755000,0.0,0.0
2022-12-23 00:00:00-05:00,150.61780878698823,153.62843091619348,150.26310544973023,153.4727020263672,6079100,0.0,0.0
2022-12-27 00:00:00-05:00,154.30320753244388,155.92098194186653,153.47268435070202,155.40191650390625,5168000,0.0,0.0
2022-12-28 00:00:00-05:00,154.73577866809285,155.11643460097065,152.20096340636692,153.10934448242188,4494400,0.0,0.0
2022-12-29 00:00:00-05:00,152.82384985706042,155.02991437436373,152.82384985706042,154.26861572265625,4142100,0.0,0.0
2022-12-30 00:00:00-05:00,154.01770798505325,155.67874106568058,153.73221606796955,155.28079223632812,5005100,0.0,0.0
2023-01-03 00:00:00-05:00,154.02637903746736,154.85690231069046,148.3771310874422,150.52264404296875,7565400,0.0,0.0
2023-01-04 00:00:00-05:00,147.8926520266179,150.78215729124443,147.80614771852206,148.92214965820312,7684500,0.0,0.0
2023-01-05 00:00:00-05:00,148.36844244983837,152.42586727384645,148.14351545260945,151.60400390625,6088200,0.0,0.0
2023-01-06 00:00:00-05:00,153.1439642922968,155.1943000670087,152.00199643755317,152.74600219726562,7191200,0.0,0.0
2023-01-09 00:00:00-05:00,154.21670239430387,154.277267293985,150.86003671731675,151.5521240234375,8385600,0.0,0.0
2023-01-10 00:00:00-05:00,152.60755659239737,152.8757555731801,150.28903534473508,152.29611206054688,8307000,0.0,0.0
2023-01-11 00:00:00-05:00,153.896608638027,154.11288921755096,150.79082268423576,151.56942749023438,6962600,0.0,0.0
2023-01-12 00:00:00-05:00,152.25286649210324,154.3118484295355,152.17499545861125,153.1958465576172,6891400,0.0,0.0
2023-01-13 00:00:00-05:00,153.20449074378058,153.98310866206953,151.9846652456301,153.61109924316406,5726300,0.0,0.0
2023-01-17 00:00:00-05:00,154.37240146003373,156.86395752309969,154.14746124834676,156.14590454101562,10697700,0.0,0.0
2023-01-18 00:00:00-05:00,156.4314061010441,157.78099465164874,153.07472766440972,153.3256072998047,8899200,0.0,0.0
2023-01-19 00:00:00-05:00,152.78926115530652,155.67876668140428,152.39995873185114,154.85690307617188,5907200,0.0,0.0
2023-01-20 00:00:00-05:00,154.69252309272298,156.89858769401184,153.5765210854014,156.50062561035156,10477900,0.0,0.0
2023-01-23 00:00:00-05:00,156.7687885664413,157.92804906415918,155.74793757837486,156.29296875,8381300,0.0,0.0
2023-01-24 00:00:00-05:00,156.66497523637608,157.452239602561,154.59733371687665,156.44004821777344,5989000,0.0,0.0
2023-01-25 00:00:00-05:00,155.1077546968638,155.74794988235217,152.5643064966871,154.92608642578125,6727500,0.0,0.0
2023-01-26 00:00:00-05:00,160.0389869701097,162.4786251127865,158.7326437838313,162.46131896972656,14307800,0.0,0.0
2023-01-27 00:00:00-05:00,159.38143727600863,159.38143727600863,153.92251905737,155.24615478515625,19654700,0.0,0.0
2023-01-30 00:00:00-05:00,153.99178285288733,154.28592129241108,150.2458013825481,150.70431518554688,11476000,0.0,0.0
2023-01-31 00:00:00-05:00,149.4498598369514,151.07629379486232,148.2992457285056,150.54856872558594,14481300,0.0,0.0
2023-02-01 00:00:00-05:00,149.9343306689304,150.23712872789935,146.67281618521267,148.24734497070312,11526400,0.0,0.0
2023-02-02 00:00:00-05:00,148.04839332634336,148.30791947312838,144.3197180760433,146.21432495117188,10463400,0.0,0.0
2023-02-03 00:00:00-05:00,146.94967401334964,148.41173280855773,145.76446068974676,146.594970703125,8404900,0.0,0.0
2023-02-06 00:00:00-05:00,146.69014226621653,147.1746086658487,144.79552222423268,146.7593536376953,7659500,0.0,0.0
2023-02-07 00:00:00-05:00,147.13134888367637,150.86867017714664,146.73338683633077,150.609130859375,10256500,0.0,0.0
2023-02-08 00:00:00-05:00,149.2162850503522,150.59183948866695,146.61227177659543,147.07078552246094,9784700,0.0,0.0
2023-02-09 00:00:00-05:00,147.26975439891083,147.6417638244125,145.3405355106549,145.72119140625,10123400,0.0,0.0
2023-02-10 00:00:00-05:00,147.7628787705778,149.43255832961825,147.74557262986514,148.7750701904297,11602400,0.0,0.0
2023-02-13 00:00:00-05:00,148.2127638300919,148.71452316458195,146.87182157918863,147.94456481933594,9442900,0.0,0.0
2023-02-14 00:00:00-05:00,147.48606089296047,150.107380670462,147.05349969930384,149.07789611816406,8077300,0.0,0.0
2023-02-15 00:00:00-05:00,147.84726154764692,147.95200302394403,146.189003550754,147.5068817138672,8885700,1.51,0.0
2023-02-16 00:00:00-05:00,146.79120261094764,147.20140561596668,145.22893670227987,145.3773193359375,6727500,0.0,0.0
2023-02-17 00:00:00-05:00,143.77144482628398,143.86745009000157,141.25787546994522,142.13064575195312,9612100,0.0,0.0
2023-02-21 00:00:00-05:00,141.54585357403718,142.91610907323613,140.25415750793096,140.5159912109375,7259700,0.0,0.0
2023-02-22 00:00:00-05:00,139.88756914359004,141.09199595874585,138.6918785512421,139.94866943359375,6205900,0.0,0.0
2023-02-23 00:00:00-05:00,141.60694479414533,142.12187594267183,140.1319612353029,141.32765197753906,6445500,0.0,0.0
2023-02-24 00:00:00-05:00,140.31528504641108,141.9124562956245,138.9013881026873,141.7466278076172,5330200,0.0,0.0
2023-02-27 00:00:00-05:00,142.27026155789954,142.58445935387317,141.31894526249076,142.1044464111328,6386800,0.0,0.0
2023-02-28 00:00:00-05:00,143.41358296529205,143.41358296529205,139.88758445742656,140.31524658203125,10854200,0.0,0.0
2023-03-01 00:00:00-05:00,140.44616904667473,142.77646371767213,140.15815330296735,141.43240356445312,7470400,0.0,0.0
2023-03-02 00:00:00-05:00,141.3713246042994,142.68921623513327,141.0309447316995,141.87753295898438,5582000,0.0,0.0
2023-03-03 00:00:00-05:00,140.40251309904562,144.513265877142,140.00976924165892,143.97215270996094,6007500,0.0,0.0
2023-03-06 00:00:00-05:00,143.43102744564015,145.5780476376553,142.96846038251823,145.0281982421875,7703600,0.0,0.0
2023-03-07 00:00:00-05:00,144.61800113563277,145.40350220646303,142.76773280786253,143.1604766845703,7393000,0.0,0.0
2023-03-08 00:00:00-05:00,142.46226392426138,144.26016825286024,140.84764718176743,142.2528076171875,5435800,0.0,0.0
2023-03-09 00:00:00-05:00,142.95101817994168,144.43473810102932,139.80905360465098,140.0883331298828,6214700,0.0,0.0
2023-03-10 00:00:00-05:00,140.46363117869714,143.71906013497485,138.48243919370816,139.35520935058594,7385800,0.0,0.0
2023-03-13 00:00:00-04:00,136.53617241621183,140.47236122963346,134.23205961757682,138.51736450195312,10106100,0.0,0.0
2023-03-14 00:00:00-04:00,138.1246233154459,143.15178878230603,137.7929796562535,140.30654907226562,10035200,0.0,0.0
2023-03-15 00:00:00-04:00,135.79430841864547,137.8540465656553,132.66978959206352,134.2320556640625,14063100,0.0,0.0
2023-03-16 00:00:00-04:00,131.05518172916248,135.68958954783062,130.83698917033695,134.6597137451172,12849600,0.0,0.0
2023-03-17 00:00:00-04:00,134.07493885501444,135.61102275822242,131.43918273458237,132.95779418945312,33161800,0.0,0.0
2023-03-20 00:00:00-04:00,132.43413227297088,135.96011741775018,132.04137509626764,134.9127960205078,8469200,0.0,0.0
2023-03-21 00:00:00-04:00,137.16458011269987,139.26795967925938,136.56236648997873,139.04103088378906,9753500,0.0,0.0
2023-03-22 00:00:00-04:00,139.5297574414592,139.69558589815782,136.09104097333648,136.21324157714844,6315000,0.0,0.0
2023-03-23 00:00:00-04:00,137.0423839280803,138.56099559055718,133.6560312066107,134.86045837402344,7859400,0.0,0.0
2023-03-24 00:00:00-04:00,132.74835105949202,136.71944476507903,132.51269937961098,136.2045135498047,6600100,0.0,0.0
2023-03-27 00:00:00-04:00,137.37400109014663,138.31659434599035,135.88157175645472,137.59219360351562,7006800,0.0,0.0
2023-03-28 00:00:00-04:00,137.26930721657263,139.80907190245605,136.74563972678024,139.19813537597656,5605400,0.0,0.0
2023-03-29 00:00:00-04:00,140.18435968188703,140.79530953866285,139.0584918677427,140.39382934570312,7569700,0.0,0.0
2023-03-30 00:00:00-04:00,141.6069539495401,142.270254455743,141.02219955905557,141.72914123535156,6322400,0.0,0.0
2023-03-31 00:00:00-04:00,141.99971916008207,142.88994855742874,141.51969285183546,142.4011993408203,7041400,0.0,0.0
2023-04-03 00:00:00-04:00,148.196360324477,149.33096407723724,147.42831840247052,148.3272705078125,12868200,0.0,0.0
2023-04-04 00:00:00-04:00,149.36588850618645,149.36588850618645,146.38101608000983,147.53306579589844,7521400,0.0,0.0
2023-04-05 00:00:00-04:00,147.72507825780403,148.75495401188948,146.39847715132336,148.26620483398438,6478100,0.0,0.0
2023-04-06 00:00:00-04:00,147.80363573569085,147.8559998158551,145.86608486511676,146.31991577148438,5803200,0.0,0.0
2023-04-10 00:00:00-04:00,147.05304368346515,148.09162894931507,146.0231680072118,146.87847900390625,5923500,0.0,0.0
2023-04-11 00:00:00-04:00,147.55926008861692,148.66766862389738,146.6864899123807,147.69017028808594,5469600,0.0,0.0
2023-04-12 00:00:00-04:00,148.76368813660469,149.3484426126481,147.90837701077874,148.21385192871094,6157900,0.0,0.0
2023-04-13 00:00:00-04:00,148.5891285891494,150.52667952513252,148.21384379035908,150.1950225830078,6856600,0.0,0.0
2023-04-14 00:00:00-04:00,150.55288288817619,150.88453987727186,149.43573792402262,150.50051879882812,4930700,0.0,0.0
2023-04-17 00:00:00-04:00,150.45684709982973,150.587757296646,148.56293745386498,149.1738739013672,7006000,0.0,0.0
2023-04-18 00:00:00-04:00,149.08660177200323,150.45684396734316,148.48438824435482,148.82476806640625,8045600,0.0,0.0
2023-04-19 00:00:00-04:00,147.89963392532246,149.0167786401962,147.58543614192575,148.9644012451172,5506800,0.0,0.0
2023-04-20 00:00:00-04:00,147.2886759713922,148.42327975478128,146.64283462628336,148.24000549316406,5851100,0.0,0.0
2023-04-21 00:00:00-04:00,148.2225627081344,148.88586325711154,147.35851542726652,147.60289001464844,7179000,0.0,0.0
2023-04-24 00:00:00-04:00,147.58544418133644,150.44812933381618,147.13159995450442,149.66262817382812,7177600,0.0,0.0
2023-04-25 00:00:00-04:00,148.65022688226097,148.7200367789467,147.00067841925383,147.48944091796875,5807200,0.0,0.0
2023-04-26 00:00:00-04:00,146.8086524763762,147.4544937748613,144.20778820073403,144.86236572265625,5927400,0.0,0.0
2023-04-27 00:00:00-04:00,145.25514013543147,146.09300539944903,144.06818543064952,145.708984375,6417200,0.0,0.0
2023-04-28 00:00:00-04:00,143.57070291713686,147.4458048713405,143.17795897689552,147.13160705566406,10036300,0.0,0.0
2023-05-01 00:00:00-04:00,146.37230023895668,147.26251627957933,145.19405510868637,145.96209716796875,6099800,0.0,0.0
2023-05-02 00:00:00-04:00,144.28633829429808,144.3387023618795,138.29039952537764,139.6781005859375,10701700,0.0,0.0
2023-05-03 00:00:00-04:00,138.02862155911015,139.26796713982446,136.79802552221102,136.87657165527344,7538100,0.0,0.0
2023-05-04 00:00:00-04:00,137.12089624275183,138.07221235358017,135.6459128011007,136.34413146972656,7500400,0.0,0.0
2023-05-05 00:00:00-04:00,139.03231390276562,140.6207489516912,138.5784696098934,139.8265380859375,5802000,0.0,0.0
2023-05-08 00:00:00-04:00,141.0135053326694,141.65062392988276,139.22432353427442,139.2766876220703,5028200,0.0,0.0
2023-05-09 00:00:00-04:00,137.99367487932656,140.00977158947833,137.819123530607,138.8751678466797,5019800,0.0,0.0
2023-05-10 00:00:00-04:00,140.02725539521956,140.02725539521956,136.04742534646363,137.1034698486328,6161200,0.0,0.0
2023-05-11 00:00:00-04:00,135.61100786050545,136.43141379733484,134.31057575665747,136.34413146972656,6666100,0.0,0.0
2023-05-12 00:00:00-04:00,137.0249247679908,137.8365946815813,135.768133518313,136.69326782226562,4898900,0.0,0.0
2023-05-15 00:00:00-04:00,137.22564492934515,138.03732808191592,136.35287479223248,137.199462890625,5096700,0.0,0.0
2023-05-16 00:00:00-04:00,136.57105576549358,137.04235905739026,133.821835393282,133.9789276123047,7007700,0.0,0.0
2023-05-17 00:00:00-04:00,135.09607241416902,136.51869188076998,134.3716849800129,135.89903259277344,6169600,0.0,0.0
2023-05-18 00:00:00-04:00,134.726897268734,135.9343104503711,133.54593596356042,135.73159790039062,7477700,1.51,0.0
2023-05-19 00:00:00-04:00,136.5071639753897,137.87320775860633,135.7139842033685,136.8068084716797,8100900,0.0,0.0
2023-05-22 00:00:00-04:00,135.5377004819982,136.45427745588543,134.03946465879696,134.34793090820312,11661000,0.0,0.0
2023-05-23 00:00:00-04:00,135.84616844677288,138.96602394276775,135.58177072220423,138.2345428466797,10436200,0.0,0.0
2023-05-24 00:00:00-04:00,139.2039794933467,139.7504050288368,137.74099044488932,138.6046905517578,7064000,0.0,0.0
2023-05-25 00:00:00-04:00,136.3220470250474,137.1593085643128,135.28209987833247,136.21629333496094,7037700,0.0,0.0
2023-05-26 00:00:00-04:00,136.85967494273277,137.159332864107,135.2468770918863,135.7932891845703,7736200,0.0,0.0
2023-05-30 00:00:00-04:00,133.66929810428428,135.0705883860807,133.26389996571655,134.94720458984375,7814800,0.0,0.0
2023-05-31 00:00:00-04:00,133.5547061090153,134.33026898815973,132.51475901909302,132.743896484375,13346400,0.0,0.0
2023-06-01 00:00:00-04:00,133.34323279542826,135.49364791111432,131.96838075696064,134.10116577148438,9887700,0.0,0.0
2023-06-02 00:00:00-04:00,136.23393301754083,138.14638858549574,135.3790547683309,137.71453857421875,9464300,0.0,0.0
2023-06-05 00:00:00-04:00,139.6446161119995,139.6446161119995,136.8155972852361,137.0535430908203,6443800,0.0,0.0
2023-06-06 00:00:00-04:00,135.1322919238934,137.62641981153672,135.0177164489964,137.30032348632812,6176400,0.0,0.0
2023-06-07 00:00:00-04:00,137.97015223868038,141.1957750595781,137.9260837076747,140.86087036132812,9900000,0.0,0.0
2023-06-08 00:00:00-04:00,141.15167578100514,141.4425118848956,138.44602725100353,140.3408660888672,7142200,0.0,0.0
2023-06-09 00:00:00-04:00,140.37608697447538,141.35434879902712,139.79441487386146,140.0059356689453,6669500,0.0,0.0
2023-06-12 00:00:00-04:00,138.4196029742069,140.42019570964595,137.68810847714636,138.65756225585938,7159600,0.0,0.0
2023-06-13 00:00:00-04:00,139.70633153951692,141.52184184821488,139.4860023574356,139.697509765625,7660800,0.0,0.0
2023-06-14 00:00:00-04:00,140.99304978947237,141.68929755221126,137.61760502586992,138.446044921875,7721100,0.0,0.0
2023-06-15 00:00:00-04:00,138.64878580773777,140.82562625166025,138.64878580773777,139.49484252929688,7705400,0.0,0.0
2023-06-16 00:00:00-04:00,139.75039185534314,140.34087241489198,138.59585571289062,138.59585571289062,22908100,0.0,0.0
2023-06-20 00:00:00-04:00,137.61760354527576,137.9877684100913,134.1716653128896,135.4407501220703,10438700,0.0,0.0
2023-06-21 00:00:00-04:00,134.55065102163303,137.45019118600842,134.40082876068846,136.4983673095703,7328200,0.0,0.0
2023-06-22 00:00:00-04:00,135.14991064648103,135.3614180311623,133.93368939326555,134.524169921875,7088600,0.0,0.0
2023-06-23 00:00:00-04:00,133.08761021266966,133.69572079679068,132.31206077664922,133.38726806640625,15172700,0.0,0.0
2023-06-26 00:00:00-04:00,133.62525124946893,136.57766796023023,133.5547442904967,135.73159790039062,7371800,0.0,0.0
2023-06-27 00:00:00-04:00,135.2821095492212,136.34850864251547,134.68282066545763,135.3085479736328,6581700,0.0,0.0
2023-06-28 00:00:00-04:00,135.22923961503307,136.6217216458221,134.12759371546824,136.53358459472656,5773800,0.0,0.0
2023-06-29 00:00:00-04:00,136.983052088339,137.72336835756002,136.11055713734706,137.69692993164062,5633500,0.0,0.0
2023-06-30 00:00:00-04:00,138.77213153076457,139.17752967623224,138.0141986416017,138.67518615722656,6346600,0.0,0.0
2023-07-03 00:00:00-04:00,138.52533646013205,139.33615956461983,138.10230825835623,138.55178833007812,3272600,0.0,0.0
2023-07-05 00:00:00-04:00,138.9836355852693,138.9836355852693,136.70983697248732,137.75860595703125,6318700,0.0,0.0
2023-07-06 00:00:00-04:00,136.78035028270475,137.3355841116052,133.63405663052902,134.73570251464844,9203000,0.0,0.0
2023-07-07 00:00:00-04:00,134.08351622607603,137.47659074902987,133.9248856821,135.91665649414062,6602200,0.0,0.0
2023-07-10 00:00:00-04:00,135.66108774912098,137.30033752512662,135.65227942239198,136.82443237304688,5167900,0.0,0.0
2023-07-11 00:00:00-04:00,137.48540320955686,139.60937965328517,137.18575876337312,139.35379028320312,5060500,0.0,0.0
2023-07-12 00:00:00-04:00,140.3232385122003,141.31030885987448,139.53886722924673,140.69338989257812,6464000,0.0,0.0
2023-07-13 00:00:00-04:00,140.86964672711193,141.53945597164184,137.98775103322234,138.81617736816406,8143900,0.0,0.0
2023-07-14 00:00:00-04:00,138.37555626899936,138.38437804426806,135.10587822740615,135.35264587402344,7065700,0.0,0.0
2023-07-17 00:00:00-04:00,135.14990226496028,135.84613644273233,134.52416157916048,135.22921752929688,4351700,0.0,0.0
2023-07-18 00:00:00-04:00,134.5506026134667,137.54708709777975,134.28620494605323,135.50242614746094,6798300,0.0,0.0
2023-07-19 00:00:00-04:00,135.57295391663354,137.29151884710762,135.08822702654442,136.3308868408203,5653100,0.0,0.0
2023-07-20 00:00:00-04:00,137.62641374940864,138.53416883929464,137.22982393939074,137.83792114257812,5866600,0.0,0.0
2023-07-21 00:00:00-04:00,138.83382475128698,139.97953920099474,138.41960480833245,139.8561553955078,8760100,0.0,0.0
2023-07-24 00:00:00-04:00,141.42487178630722,144.57116496441427,141.01946024499347,142.61465454101562,9722100,0.0,0.0
2023-07-25 00:00:00-04:00,142.69401040462887,144.10410925634147,141.59236437305924,143.26686096191406,6767600,0.0,0.0
2023-07-26 00:00:00-04:00,141.78622175968422,142.85260733632563,141.49538566210265,142.19161987304688,6056400,0.0,0.0
2023-07-27 00:00:00-04:00,142.8526067106326,143.18751132719743,140.32323233220168,140.7110137939453,6470100,0.0,0.0
2023-07-28 00:00:00-04:00,139.6093723835738,140.12934597449177,137.93486269631586,140.0147705078125,6542300,0.0,0.0
2023-07-31 00:00:00-04:00,142.00655235897838,144.51829667629914,141.55707227276793,144.2362823486328,13056300,0.0,0.0
2023-08-01 00:00:00-04:00,144.2186810143617,144.2186810143617,141.49541532228187,143.0377197265625,7531400,0.0,0.0
2023-08-02 00:00:00-04:00,142.0418186051838,142.08588713213163,139.30092298207595,140.77272033691406,7067100,0.0,0.0
2023-08-03 00:00:00-04:00,140.93135421948097,142.50890516739736,139.99716068573798,140.71983337402344,6680700,0.0,0.0
2023-08-04 00:00:00-04:00,141.5923556517783,143.67226376918438,140.16461333828212,140.40257263183594,10185400,0.0,0.0
2023-08-07 00:00:00-04:00,141.90078184293458,142.22687813156492,140.19984724888445,140.91371154785156,13927400,0.0,0.0
2023-08-08 00:00:00-04:00,139.19516540684276,140.825593275985,137.6792995671891,140.70220947265625,6451300,0.0,0.0
2023-08-09 00:00:00-04:00,141.76861534894167,142.27978068635608,140.40257167369253,140.88729858398438,10531500,0.0,0.0
2023-08-10 00:00:00-04:00,141.30152908463515,143.19635489157298,140.6757882177729,141.7421875,8647100,0.0,0.0
2023-08-11 00:00:00-04:00,141.4513508142142,144.6857819574105,141.16932297445607,144.66815185546875,6682600,0.0,0.0
2023-08-14 00:00:00-04:00,144.33324042778804,144.75626868045848,143.31090982332765,144.5623779296875,6060100,0.0,0.0
2023-08-15 00:00:00-04:00,144.00713307770297,144.01595485067898,140.217482297625,140.3408660888672,7876500,0.0,0.0
2023-08-16 00:00:00-04:00,141.46894096955504,142.62346353592875,139.66223929376716,139.80325317382812,7920500,0.0,0.0
2023-08-17 00:00:00-04:00,141.63623245083178,144.27000690912843,141.44938485746172,142.14341735839844,8270500,1.51,0.0
2023-08-18 00:00:00-04:00,140.92441908899573,143.54039410731932,140.72866493272204,143.1666717529297,5999200,0.0,0.0
2023-08-21 00:00:00-04:00,143.43357459424652,144.20769804662146,141.8764482897062,142.6861572265625,6802300,0.0,0.0
2023-08-22 00:00:00-04:00,142.8018899680661,143.47812305565324,141.44941021582255,141.51168823242188,6080800,0.0,0.0
2023-08-23 00:00:00-04:00,140.7108531710743,141.84088596099843,139.42955828754864,141.69851684570312,4975600,0.0,0.0
2023-08-24 00:00:00-04:00,140.34602155057976,142.2679636587593,140.19475947406536,140.5328826904297,5989600,0.0,0.0
2023-08-25 00:00:00-04:00,141.53834624331478,142.28576365100466,140.27483745504162,141.58282470703125,5291800,0.0,0.0
2023-08-28 00:00:00-04:00,141.94764196580965,143.96746116090614,141.6718103178798,142.55270385742188,4386100,0.0,0.0
2023-08-29 00:00:00-04:00,143.17557107935573,143.21115657094165,141.5650594380281,142.3302764892578,5374800,0.0,0.0
2023-08-30 00:00:00-04:00,142.89081671522018,143.478079088123,142.30355434231737,142.5260009765625,5534900,0.0,0.0
2023-08-31 00:00:00-04:00,143.2645286422839,143.46918932586306,142.30355753156016,143.34461975097656,7003700,0.0,0.0
2023-09-01 00:00:00-04:00,144.71489130108083,146.53895653666456,144.71489130108083,146.1919403076172,6663000,0.0,0.0
2023-09-05 00:00:00-04:00,147.06393629541884,149.09264876945446,146.99275173423396,148.1138916015625,9755800,0.0,0.0
2023-09-06 00:00:00-04:00,147.95372122311218,148.98587698268324,147.33087329132502,148.26515197753906,7195500,0.0,0.0
2023-09-07 00:00:00-04:00,148.71892587510618,149.39515877650837,147.95370888641125,148.27403259277344,7925900,0.0,0.0
2023-09-08 00:00:00-04:00,148.96806706039533,149.9201452145743,148.33632619401655,148.78121948242188,7434400,0.0,0.0
2023-09-11 00:00:00-04:00,149.5553411275324,150.0091274293655,144.91954672676638,145.71145629882812,7155100,0.0,0.0
2023-09-12 00:00:00-04:00,147.08172015933488,148.76341620408658,146.90376556386602,148.42529296875,7521100,0.0,0.0
2023-09-13 00:00:00-04:00,148.959154917549,149.26167905624663,147.33084406223318,147.88250732421875,5759500,0.0,0.0
2023-09-14 00:00:00-04:00,149.2172120240135,149.9290440285832,148.70113416012708,148.79901123046875,8822800,0.0,0.0
2023-09-15 00:00:00-04:00,147.89144294677084,149.81337176460224,147.5978117272392,148.14947509765625,17439700,0.0,0.0
2023-09-18 00:00:00-04:00,149.36848652990375,149.8044868934837,148.0604990162313,148.79013061523438,7027600,0.0,0.0
2023-09-19 00:00:00-04:00,150.0981105907745,150.33835678534018,148.08718409348643,148.77232360839844,6615100,0.0,0.0
2023-09-20 00:00:00-04:00,148.65666576038186,149.93794716291475,148.23846493851053,148.31854248046875,5939100,0.0,0.0
2023-09-21 00:00:00-04:00,148.70113788731368,149.3684778626247,146.8592866155298,146.98385620117188,7150000,0.0,0.0
2023-09-22 00:00:00-04:00,147.90925855415813,148.96810703704284,147.65122635154717,147.95375061035156,5963000,0.0,0.0
2023-09-25 00:00:00-04:00,147.9981641431679,150.17813796932407,147.6956400448737,150.11585998535156,5510000,0.0,0.0
2023-09-26 00:00:00-04:00,148.98588961866704,149.84898381772632,148.5765817561684,149.30621337890625,5659200,0.0,0.0
2023-09-27 00:00:00-04:00,150.70314499137564,152.35814853242147,150.20486669120106,152.1890869140625,9124400,0.0,0.0
2023-09-28 00:00:00-04:00,151.75312605337368,152.77637533869233,150.75655570611266,151.78871154785156,7151800,0.0,0.0
2023-09-29 00:00:00-04:00,151.69969169887113,151.7085846753322,149.32396358569565,150.03578186035156,7396100,0.0,0.0
2023-10-02 00:00:00-04:00,149.78667723459733,149.9913379338906,147.01944028701473,148.18505859375,6839600,0.0,0.0
2023-10-03 00:00:00-04:00,147.63339437606248,148.91468928132252,147.26857860332973,148.53207397460938,6168600,0.0,0.0
2023-10-04 00:00:00-04:00,146.5478343764175,146.7969735111735,143.6916273040134,145.07078552246094,9664700,0.0,0.0
2023-10-05 00:00:00-04:00,143.6293468958444,146.59233781135518,143.60265438483611,145.8360137939453,8073000,0.0,0.0
2023-10-06 00:00:00-04:00,146.200824778249,146.25420979852422,141.46716742728836,144.35006713867188,10190400,0.0,0.0
2023-10-09 00:00:00-04:00,148.04269067495693,149.6532021596636,146.77028884716856,148.34521484375,8183500,0.0,0.0
2023-10-10 00:00:00-04:00,148.38971929304327,148.95027563454002,147.41984155295995,148.18505859375,6512900,0.0,0.0
2023-10-11 00:00:00-04:00,146.87707346812255,146.8859664459482,142.7929428532804,143.34461975097656,12570700,0.0,0.0
2023-10-12 00:00:00-04:00,145.26653152793588,145.26653152793588,143.1666349543437,143.46026611328125,7397000,0.0,0.0
2023-10-13 00:00:00-04:00,145.4000528695581,146.67244137700592,144.41238905575585,145.97840881347656,8042800,0.0,0.0
2023-10-16 00:00:00-04:00,147.11733030215063,147.5355311389723,145.79155680322324,147.17071533203125,5446000,0.0,0.0
2023-10-17 00:00:00-04:00,146.66353276295084,149.66210938001117,146.50336410848158,149.1193389892578,7538300,0.0,0.0
2023-10-18 00:00:00-04:00,149.9023636005631,150.99679741928878,149.11045399562053,150.30276489257812,6893500,0.0,0.0
2023-10-19 00:00:00-04:00,150.10699835243125,151.41498575495535,149.04815011447687,150.46292114257812,6580200,0.0,0.0
2023-10-20 00:00:00-04:00,149.8489952381888,150.46295029019433,147.79358994378333,148.44313049316406,7458300,0.0,0.0
2023-10-23 00:00:00-04:00,145.30215156667356,146.30760117200262,142.5882997759613,142.9709014892578,16232400,0.0,0.0
2023-10-24 00:00:00-04:00,143.15775534531014,143.32681695961205,139.22490048237884,139.3850555419922,17689900,0.0,0.0
2023-10-25 00:00:00-04:00,139.6431182663938,140.06131907579228,138.068192102852,138.6910400390625,10502400,0.0,0.0
2023-10-26 00:00:00-04:00,137.92579760525214,138.0770596778547,136.69790149322426,137.6944580078125,10830400,0.0,0.0
2023-10-27 00:00:00-04:00,134.1086407844694,134.58022660807123,128.09368810612693,128.44070434570312,24524300,0.0,0.0
2023-10-30 00:00:00-04:00,129.60633560911438,130.3003681576701,128.41402467462817,129.9889373779297,13857100,0.0,0.0
2023-10-31 00:00:00-04:00,129.9978399245284,130.37154870244908,128.33392959353796,129.66860961914062,14261300,0.0,0.0
2023-11-01 00:00:00-04:00,129.89103857892,129.91773108962704,127.96910992268583,128.11146545410156,10819600,0.0,0.0
2023-11-02 00:00:00-04:00,128.60973904039267,132.578192937117,127.97799820740575,132.36463928222656,11099100,0.0,0.0
2023-11-03 00:00:00-04:00,131.95535507083952,132.18669469835137,130.04230574075524,131.34140014648438,13160000,0.0,0.0
2023-11-06 00:00:00-05:00,132.33795677199421,132.87183416102772,130.52279808799906,130.7986297607422,10634200,0.0,0.0
2023-11-07 00:00:00-05:00,129.1614041676617,129.56180535421316,127.45301581519539,128.4940643310547,15054600,0.0,0.0
2023-11-08 00:00:00-05:00,128.0224753513525,128.70760112406782,126.57211913192917,126.70558166503906,12654100,0.0,0.0
2023-11-09 00:00:00-05:00,127.28396639113203,128.04918335337658,126.15393369148906,126.29630279541016,10359500,0.0,0.0
2023-11-10 00:00:00-05:00,127.49752389921366,127.63100004378562,126.10945888889329,127.19499969482422,11988200,0.0,0.0
2023-11-13 00:00:00-05:00,127.37296357666492,128.3962264512229,127.10603842223645,128.12928771972656,8747700,0.0,0.0
2023-11-14 00:00:00-05:00,128.55638316130342,129.46396942898258,128.0047197324534,129.06356811523438,11224400,0.0,0.0
2023-11-15 00:00:00-05:00,128.89450127163852,130.47832050368953,128.49409997401978,129.51734924316406,10052100,0.0,0.0
2023-11-16 00:00:00-05:00,128.59126134556783,129.03181833342288,126.541282949975,127.46736907958984,14031300,1.51,0.0
2023-11-17 00:00:00-05:00,128.52831570194417,130.542335564454,128.0338003652355,129.885986328125,11075600,0.0,0.0
2023-11-20 00:00:00-05:00,130.03881956397925,130.99187789632126,129.71513808135492,129.8140411376953,8062400,0.0,0.0
2023-11-21 00:00:00-05:00,129.31952510470288,129.74210964121252,128.30352223359844,129.50833129882812,6783300,0.0,0.0
2023-11-22 00:00:00-05:00,127.4403874331427,129.8230333748329,126.52328756981477,129.7690887451172,7216100,0.0,0.0
2023-11-24 00:00:00-05:00,129.7421256385279,131.21667173942134,129.65220876969536,130.28158569335938,3861000,0.0,0.0
2023-11-27 00:00:00-05:00,130.05678795532117,130.20964935354723,128.43839431142078,129.79605102539062,9850800,0.0,0.0
2023-11-28 00:00:00-05:00,130.17368317501084,131.73814598547958,129.52632019960217,130.8300323486328,9746500,0.0,0.0
2023-11-29 00:00:00-05:00,131.62127803401793,131.71119490819518,128.62722721984713,129.3914794921875,16417100,0.0,0.0
2023-11-30 00:00:00-05:00,130.35351490743577,131.27960102406138,127.7011319408074,129.1127471923828,16276000,0.0,0.0
2023-12-01 00:00:00-05:00,129.01384524254115,131.729159064608,128.21363450223612,130.20066833496094,11906500,0.0,0.0
2023-12-04 00:00:00-05:00,129.4723532261802,131.00084354122353,128.79801805312718,130.25457763671875,11842800,0.0,0.0
2023-12-05 00:00:00-05:00,130.1556982902851,130.4344350701728,128.240595379358,128.4473876953125,9597600,0.0,0.0
2023-12-06 00:00:00-05:00,127.58428006839097,129.49939741303325,127.08977830919068,128.15072631835938,18079700,0.0,0.0
2023-12-07 00:00:00-05:00,129.0318190991739,129.48137600823304,126.76606215547528,128.05178833007812,14786700,0.0,0.0
2023-12-08 00:00:00-05:00,129.03180491351884,130.0747801205253,128.68115111177883,129.7510986328125,10821700,0.0,0.0
2023-12-11 00:00:00-05:00,130.2276205160044,130.7311219755067,129.31053445164773,129.7870635986328,9849600,0.0,0.0
2023-12-12 00:00:00-05:00,128.72612286967535,129.10374902454123,127.44938290244656,128.12371826171875,9863900,0.0,0.0
2023-12-13 00:00:00-05:00,127.82698869920019,130.08375906983142,127.35944574980512,130.0208282470703,10641300,0.0,0.0
2023-12-14 00:00:00-05:00,131.1357507625476,134.8041229248047,131.1357507625476,134.8041229248047,14960500,0.0,0.0
2023-12-15 00:00:00-05:00,132.45743880961902,134.70522309254585,132.45743880961902,134.2826385498047,30850900,0.0,0.0
2023-12-18 00:00:00-05:00,135.61331941877953,136.7731700415778,134.25566268676204,134.57933044433594,11561700,0.0,0.0
2023-12-19 00:00:00-05:00,134.83109410673077,136.51243230582622,134.40850957764485,136.3415985107422,8738100,0.0,0.0
2023-12-20 00:00:00-05:00,136.80015331028517,137.61835012581827,134.92100884159794,135.0918426513672,9370000,0.0,0.0
2023-12-21 00:00:00-05:00,135.5683476881196,135.58633380157087,134.16573266538293,135.5054168701172,7264700,0.0,0.0
2023-12-22 00:00:00-05:00,136.43153268365992,137.01595116475968,135.54140508442438,135.81114196777344,6396100,0.0,0.0
2023-12-26 00:00:00-05:00,136.7282401519981,137.57339558735407,136.57537873517205,137.033935546875,5165600,0.0,0.0
2023-12-27 00:00:00-05:00,136.90804732641456,137.53742417431172,136.07186444897624,136.58436584472656,5337200,0.0,0.0
2023-12-28 00:00:00-05:00,135.92798755284272,136.68325340407603,134.3275664413321,134.66024780273438,8148000,0.0,0.0
2023-12-29 00:00:00-05:00,134.8940410144961,135.073861028883,133.67124570952262,134.11181640625,7658600,0.0,0.0
2024-01-02 00:00:00-05:00,134.85807767158994,136.1977483922928,134.18374235223894,134.39952087402344,8879700,0.0,0.0
2024-01-03 00:00:00-05:00,134.31859390671377,137.73522868038455,133.6802171488277,136.9619903564453,10255300,0.0,0.0
2024-01-04 00:00:00-05:00,138.15782096380073,138.77821164122136,135.39753518904803,135.46047973632812,8220300,0.0,0.0
2024-01-05 00:00:00-05:00,136.647285753153,136.6922441785653,134.71419693489085,135.2266845703125,7455400,0.0,0.0
2024-01-08 00:00:00-05:00,133.44643615415464,134.59730044121926,131.7920704564223,134.41748046875,10038200,0.0,0.0
2024-01-09 00:00:00-05:00,134.82210316280313,134.82210316280313,130.90196669036558,131.00086975097656,11784700,0.0,0.0
2024-01-10 00:00:00-05:00,131.28857734845306,131.28857734845306,129.5712670060922,129.9219207763672,8490400,0.0,0.0
2024-01-11 00:00:00-05:00,130.8749959931269,131.4234559324961,130.02982686825763,130.6232452392578,8612500,0.0,0.0
2024-01-12 00:00:00-05:00,132.91597705198143,133.5183815716687,131.42344504950407,132.4124755859375,9386900,0.0,0.0
2024-01-16 00:00:00-05:00,131.7291738994616,131.7921184584133,129.09477673078158,129.1936798095703,9380400,0.0,0.0
2024-01-17 00:00:00-05:00,128.05179066227112,129.49037828521642,127.71012301495922,128.68116760253906,8167000,0.0,0.0
2024-01-18 00:00:00-05:00,128.57329221429526,128.74412605639566,125.534282735389,127.51234436035156,11187800,0.0,0.0
2024-01-19 00:00:00-05:00,127.4313891865153,127.89893218249485,126.78402618266277,127.88994598388672,11192500,0.0,0.0
2024-01-22 00:00:00-05:00,127.59322798578229,128.26756325827787,126.70310048710908,128.11471557617188,9184600,0.0,0.0
2024-01-23 00:00:00-05:00,127.66517040110853,128.8699795721449,127.58423973427549,127.75507354736328,6767200,0.0,0.0
2024-01-24 00:00:00-05:00,128.30352696195925,130.35350517575594,127.87195621152489,130.299560546875,8100000,0.0,0.0
2024-01-25 00:00:00-05:00,131.46840665739037,133.68921859978332,130.57827915306976,133.58132934570312,9773600,0.0,0.0
2024-01-26 00:00:00-05:00,133.0958094665362,134.20171555548558,132.15173726989718,134.0938262939453,9151900,0.0,0.0
2024-01-29 00:00:00-05:00,134.04884215397382,134.16573131115027,132.2686010830377,134.03985595703125,10494800,0.0,0.0
2024-01-30 00:00:00-05:00,133.2306472231314,135.1457635893905,132.80807645118784,134.9749298095703,9902900,0.0,0.0
2024-01-31 00:00:00-05:00,135.19971654357698,135.2087164605758,132.4754032537543,132.5563201904297,10428000,0.0,0.0
2024-02-01 00:00:00-05:00,133.2396770711534,133.98594317626345,131.73815866185538,132.96994018554688,8641100,0.0,0.0
2024-02-02 00:00:00-05:00,135.640291716609,137.9060620550737,134.46245497872746,136.88107299804688,12839100,0.0,0.0
2024-02-05 00:00:00-05:00,136.32361359855923,138.02293792776004,135.57734758783062,136.9619903564453,8277800,0.0,0.0
2024-02-06 00:00:00-05:00,137.11485731255027,138.04992964720017,136.49446658272254,136.97999572753906,6198200,0.0,0.0
2024-02-07 00:00:00-05:00,137.58240683232393,138.265728427608,135.91904070195207,136.78219604492188,6252000,0.0,0.0
2024-02-08 00:00:00-05:00,136.6203406264231,138.73326356676273,136.35060373966238,138.51747131347656,9237000,0.0,0.0
2024-02-09 00:00:00-05:00,138.84113264829864,139.65034319093374,135.7481793978057,135.8021240234375,9194500,0.0,0.0
2024-02-12 00:00:00-05:00,136.3236300088933,137.21375761015432,136.11683767625652,136.7372283935547,6713000,0.0,0.0
2024-02-13 00:00:00-05:00,137.2227089364743,137.62732101928754,134.5073958276235,135.40650939941406,6987100,0.0,0.0
2024-02-14 00:00:00-05:00,136.01792629583127,136.84510929520758,134.93899254531377,135.77516174316406,5995100,0.0,0.0
2024-02-15 00:00:00-05:00,136.25689206794917,140.96511490628328,136.03874516794988,140.3925018310547,8950300,1.63,0.0
2024-02-16 00:00:00-05:00,141.21960764249457,141.58318579616903,140.05618528891313,140.54701232910156,7570200,0.0,0.0
2024-02-20 00:00:00-05:00,141.31051609365804,141.43776498957803,139.81988022612808,139.97439575195312,6977900,0.0,0.0
2024-02-21 00:00:00-05:00,140.49248889908972,141.40141354321165,140.06529320682526,141.2832489013672,6628900,0.0,0.0
2024-02-22 00:00:00-05:00,140.71969353144135,142.3648446081015,139.8198533105276,141.2741241455078,8874900,0.0,0.0
2024-02-23 00:00:00-05:00,140.7651614610143,140.81061046906072,139.29270791012212,140.5742950439453,6561600,0.0,0.0
2024-02-26 00:00:00-05:00,140.46522274930823,141.38324560986842,139.8198939527487,140.3834228515625,6900800,0.0,0.0
2024-02-27 00:00:00-05:00,139.24724692378425,139.86532286804967,136.24779294890848,138.30197143554688,15093800,0.0,0.0
2024-02-28 00:00:00-05:00,138.48377380879214,139.8471609174889,137.95659579580513,138.46559143066406,6715900,0.0,0.0
2024-02-29 00:00:00-05:00,138.983659330959,139.28360610335753,137.6838899838987,138.16561889648438,9334400,0.0,0.0
2024-03-01 00:00:00-05:00,139.11092340275047,140.2925282465953,138.38378089353137,138.8927764892578,7459100,0.0,0.0
2024-03-04 00:00:00-05:00,138.61099646407706,138.69279634652386,134.22088914128489,135.32069396972656,12503200,0.0,0.0
2024-03-05 00:00:00-05:00,135.2752713814234,136.9022405715966,134.79354237638992,135.96604919433594,6985500,0.0,0.0
2024-03-06 00:00:00-05:00,137.09312801967482,138.52923085509562,134.6481181105321,134.82081604003906,14692100,0.0,0.0
2024-03-07 00:00:00-05:00,134.97530751512497,137.0203879320208,134.92985850982055,135.7660675048828,8739300,0.0,0.0
2024-03-08 00:00:00-05:00,135.7660690738643,136.32961178179104,134.87532680977853,136.22962951660156,7528400,0.0,0.0
2024-03-11 00:00:00-04:00,136.7931530099166,138.2292555496602,135.96602829104276,138.1565399169922,7577100,0.0,0.0
2024-03-12 00:00:00-04:00,138.0020158184273,138.67462497697153,137.05672652160368,138.05654907226562,6432900,0.0,0.0
2024-03-13 00:00:00-04:00,139.28362466440544,140.77426060312467,139.2018109016936,139.87442016601562,8065600,0.0,0.0
2024-03-14 00:00:00-04:00,139.7653438931745,141.54682839688363,138.84732114292524,141.51956176757812,9047200,0.0,0.0
2024-03-15 00:00:00-04:00,141.05599585264193,142.73749786189475,140.3561201019229,141.38320922851562,20387200,0.0,0.0
2024-03-18 00:00:00-04:00,141.81952560292592,142.40123687983547,140.82880096818928,141.25599670410156,7242700,0.0,0.0
2024-03-19 00:00:00-04:00,141.15598547220912,142.55572317763736,140.89238958586415,142.3557586669922,7736700,0.0,0.0
2024-03-20 00:00:00-04:00,141.57407985547206,142.18305762652048,140.1834264335535,140.4742889404297,8449100,0.0,0.0
2024-03-21 00:00:00-04:00,140.83785762097372,141.51046678739914,140.34704446159006,140.7560577392578,7899100,0.0,0.0
2024-03-22 00:00:00-04:00,140.9560417471733,141.13782391026896,140.11983270166107,140.5742950439453,5974700,0.0,0.0
2024-03-25 00:00:00-04:00,141.31959627728824,142.98292999903944,141.12872987344988,142.2194366455078,6058700,0.0,0.0
2024-03-26 00:00:00-04:00,142.26492501220352,142.5739561404562,140.56522606862794,141.12876892089844,6677900,0.0,0.0
2024-03-27 00:00:00-04:00,140.7651484269426,142.1921667067444,140.74697992067837,142.11036682128906,7416900,0.0,0.0
2024-03-28 00:00:00-04:00,142.83751841453335,143.78280791791317,142.12855822154395,143.37379455566406,8331600,0.0,0.0
2024-04-01 00:00:00-04:00,143.8555242691469,145.05529772891515,142.64665268564758,144.5917510986328,6285700,0.0,0.0
2024-04-02 00:00:00-04:00,145.47339510977642,146.53683530136237,144.5372038162668,145.2279815673828,8815400,0.0,0.0
2024-04-03 00:00:00-04:00,145.51883456398573,146.29141215548623,145.17343877655682,145.82786560058594,7819700,0.0,0.0
2024-04-04 00:00:00-04:00,146.15508175032332,147.20033951626345,145.26433950557762,146.0550994873047,9269700,0.0,0.0
2024-04-05 00:00:00-04:00,146.63681912102467,147.40031251756338,145.30069874253695,146.88223266601562,7432800,0.0,0.0
2024-04-08 00:00:00-04:00,146.92768790011058,147.70027952526405,145.7279143798946,146.58230590820312,7253200,0.0,0.0
2024-04-09 00:00:00-04:00,147.10947067339123,147.72753282244042,145.84606587427905,147.2458038330078,6576200,0.0,0.0
2024-04-10 00:00:00-04:00,147.43668450120907,147.94568012386185,146.34596374513538,147.8547821044922,7525800,0.0,0.0
2024-04-11 00:00:00-04:00,148.71823334847477,148.71823334847477,145.2461487113312,147.1457977294922,7682500,0.0,0.0
2024-04-12 00:00:00-04:00,147.50935726554695,148.9454597008114,143.64642797653488,144.48265075683594,11071000,0.0,0.0
2024-04-15 00:00:00-04:00,145.37342063715596,145.87333200250808,143.02839321621445,143.23744201660156,7236900,0.0,0.0
2024-04-16 00:00:00-04:00,142.97384466120542,143.43739122181444,141.26506194751977,142.04673767089844,5541900,0.0,0.0
2024-04-17 00:00:00-04:00,141.78315893493752,143.3465104180806,141.46502976476367,142.1558074951172,6733900,0.0,0.0
2024-04-18 00:00:00-04:00,142.8283935393485,143.64642003119886,142.14670017311084,143.21923828125,4979200,0.0,0.0
2024-04-19 00:00:00-04:00,144.2918072938919,146.10965683460236,143.74644688404223,145.42796325683594,7734700,0.0,0.0
2024-04-22 00:00:00-04:00,145.38251281362113,147.88205590749706,144.01004141676572,147.173095703125,6779200,0.0,0.0
2024-04-23 00:00:00-04:00,146.6186653228176,148.01841735839844,145.9733364460606,148.01841735839844,5597600,0.0,0.0
2024-04-24 00:00:00-04:00,147.13670586810753,148.91819016222155,146.7458611122303,148.67279052734375,7610300,0.0,0.0
2024-04-25 00:00:00-04:00,148.79096341921203,150.51792858713347,147.85477213302252,150.22706604003906,9702600,0.0,0.0
2024-04-26 00:00:00-04:00,150.1816006046838,151.7722185787445,148.4273828675963,150.781494140625,9736400,0.0,0.0
2024-04-29 00:00:00-04:00,150.79971078329794,151.8904177252633,149.69082146272396,151.18145751953125,6364000,0.0,0.0
2024-04-30 00:00:00-04:00,150.85424968065396,150.99058285257902,146.29144331597396,146.58230590820312,8457300,0.0,0.0
2024-05-01 00:00:00-04:00,146.1369020723456,146.74587991503248,144.42811931615068,145.09164428710938,7713700,0.0,0.0
2024-05-02 00:00:00-04:00,145.80061249348165,147.04583487761528,145.32796777249695,146.09146118164062,8597100,0.0,0.0
2024-05-03 00:00:00-04:00,146.02782903921712,146.02782903921712,142.73751256807435,145.65516662597656,11664500,0.0,0.0
2024-05-06 00:00:00-04:00,146.09142976588566,149.08179911227936,146.09142976588566,147.51844787597656,8430300,0.0,0.0
2024-05-07 00:00:00-04:00,147.5275686514882,148.29106208546733,147.26398658586106,147.8547821044922,6869900,0.0,0.0
2024-05-08 00:00:00-04:00,147.20037098861104,148.22746046748335,146.82770848594686,147.73663330078125,6706400,0.0,0.0
2024-05-09 00:00:00-04:00,148.17291138962756,150.43612506089238,147.90931545475613,150.381591796875,6683300,0.0,0.0
2024-05-10 00:00:00-04:00,150.9178614547766,151.26325730261675,149.99076818282342,150.71791076660156,5490900,0.0,0.0
2024-05-13 00:00:00-04:00,151.31776458852627,151.70860938120035,148.13652846615994,149.5453643798828,6848300,0.0,0.0
2024-05-14 00:00:00-04:00,149.37267861366146,150.1543543933875,148.1729052477389,148.70916748046875,4924000,0.0,0.0
2024-05-15 00:00:00-04:00,148.2728804301521,148.88185827247986,145.58245740299066,148.20016479492188,7603100,0.0,0.0
2024-05-16 00:00:00-04:00,148.30116907941863,148.7326785886477,147.3371581756273,147.89720153808594,6409400,1.63,0.0
2024-05-17 00:00:00-04:00,148.50315578438685,149.6232425314361,147.9890203613097,149.34780883789062,5497900,0.0,0.0
2024-05-20 00:00:00-04:00,149.39368882272834,149.65075648614535,147.8788248055111,147.94308471679688,4913800,0.0,0.0
2024-05-21 00:00:00-04:00,147.42898566723773,148.2369208134321,146.65778248721972,146.8689422607422,4783300,0.0,0.0
2024-05-22 00:00:00-04:00,146.45574853632286,146.45574853632286,143.70144040040702,144.6654510498047,6260500,0.0,0.0
2024-05-23 00:00:00-04:00,144.98681889444757,145.61113619687598,143.52703853884017,144.0870819091797,6718400,0.0,0.0
2024-05-24 00:00:00-04:00,145.1337098947456,145.95082092541085,144.41759074468567,144.8307342529297,4477700,0.0,0.0
2024-05-28 00:00:00-04:00,145.17043788669704,146.36397455571768,145.014362062084,146.0150909423828,6928300,0.0,0.0
2024-05-29 00:00:00-04:00,145.07862351461128,145.51013299636162,143.62801925817328,144.0503387451172,5909600,0.0,0.0
2024-05-30 00:00:00-04:00,144.00442071697162,145.48256669227135,143.96768876216763,145.29893493652344,6369600,0.0,0.0
2024-05-31 00:00:00-04:00,145.63865156519051,149.2651548213279,145.5284697030392,149.00808715820312,10334200,0.0,0.0
2024-06-03 00:00:00-04:00,148.26445272621905,148.43888052173315,143.64639593720267,144.5644989013672,9009900,0.0,0.0
2024-06-04 00:00:00-04:00,142.96698874482055,143.5453980710739,141.48884247372558,143.34341430664062,6360500,0.0,0.0
2024-06-05 00:00:00-04:00,143.3709664706388,144.160535603451,141.87445411203032,142.28759765625,7058500,0.0,0.0
2024-06-06 00:00:00-04:00,141.84690951037612,143.24242995368456,140.82781464867386,143.1597900390625,5215100,0.0,0.0
2024-06-07 00:00:00-04:00,142.9578070243123,144.7756468221529,142.4253056675432,143.29750061035156,5887700,0.0,0.0
2024-06-10 00:00:00-04:00,143.60048199497317,145.24388006823023,143.51785609383967,143.90345764160156,7074700,0.0,0.0
2024-06-11 00:00:00-04:00,143.3801352696749,143.91263665898347,141.82853905083667,143.67393493652344,5132000,0.0,0.0
2024-06-12 00:00:00-04:00,144.59202885717175,144.72056270111088,139.91887451086376,141.58982849121094,10017400,0.0,0.0
2024-06-13 00:00:00-04:00,141.17668845038196,141.47047409694875,139.76280212329223,140.32284545898438,6163000,0.0,0.0
2024-06-14 00:00:00-04:00,140.58911712892692,140.73600296224797,139.52411428479402,140.07498168945312,6159100,0.0,0.0
2024-06-17 00:00:00-04:00,140.0106870787871,141.32356745291017,139.48736172072935,140.64418029785156,6321400,0.0,0.0
2024-06-18 00:00:00-04:00,140.97470409707827,143.17814546905683,140.32284486943223,140.77272033691406,6942900,0.0,0.0
2024-06-20 00:00:00-04:00,141.12158064233137,144.5185580341789,140.69924721098968,143.81161499023438,8336000,0.0,0.0
2024-06-21 00:00:00-04:00,143.95852373696874,144.75726870056,142.50791961277582,142.56300354003906,21289800,0.0,0.0
2024-06-24 00:00:00-04:00,143.47195830135567,146.47414499482656,143.39850838099156,146.2629852294922,7971600,0.0,0.0
2024-06-25 00:00:00-04:00,146.0885116581608,146.3088613713461,144.7572654126995,145.48257446289062,5985400,0.0,0.0
2024-06-26 00:00:00-04:00,145.48259363788074,145.48259363788074,143.0312465341527,143.1781463623047,8637800,0.0,0.0
2024-06-27 00:00:00-04:00,143.86669176900384,144.08704146256068,142.89350513844843,143.517822265625,5568700,0.0,0.0
2024-06-28 00:00:00-04:00,144.61956842176906,145.5927552253118,143.3801239400416,143.60964965820312,11283400,0.0,0.0
2024-07-01 00:00:00-04:00,144.2890623759387,145.7029347489572,143.20569361475327,143.70147705078125,5584100,0.0,0.0
2024-07-02 00:00:00-04:00,144.76645713812854,144.80318909888845,142.719091613621,143.91262817382812,7216800,0.0,0.0
2024-07-03 00:00:00-04:00,144.08707527751517,144.8215604192744,143.7381916831233,143.87591552734375,3264200,0.0,0.0
2024-07-05 00:00:00-04:00,143.72902583289928,143.72902583289928,141.0940607263637,141.67247009277344,6183100,0.0,0.0
2024-07-08 00:00:00-04:00,140.76353234403388,142.56300604218924,140.76353234403388,141.69081115722656,4990700,0.0,0.0
2024-07-09 00:00:00-04:00,140.4697209580541,142.08557675715835,139.87295977332468,140.45135498046875,5301600,0.0,0.0
2024-07-10 00:00:00-04:00,140.0106931029056,142.70991788681067,139.82707532361474,142.42530822753906,5416600,0.0,0.0
2024-07-11 00:00:00-04:00,142.30594551277483,143.84835161717217,141.58982639157063,142.54464721679688,8322500,0.0,0.0
2024-07-12 00:00:00-04:00,143.37095110571843,143.62801879497832,141.90198087354338,142.84762573242188,6446300,0.0,0.0
2024-07-15 00:00:00-04:00,144.0962408508432,146.45577192175608,143.56373951177565,145.0969696044922,5661200,0.0,0.0
2024-07-16 00:00:00-04:00,144.15132344427983,145.34485995118246,143.36175443286464,144.84909057617188,6924200,0.0,0.0
2024-07-17 00:00:00-04:00,145.51930932943947,148.25525204285375,145.32650155684325,148.02572631835938,7296600,0.0,0.0
2024-07-18 00:00:00-04:00,148.02570754096845,150.82592382641394,147.11679475311692,148.70510864257812,6577700,0.0,0.0
2024-07-19 00:00:00-04:00,149.17334242444994,149.37532616578864,145.43667122795856,146.11605834960938,6427700,0.0,0.0
2024-07-22 00:00:00-04:00,145.26224299920955,145.95999616491753,144.00444650012457,144.1329803466797,5577300,0.0,0.0
2024-07-23 00:00:00-04:00,143.54539578859686,143.77492151642696,141.24094851533397,141.47047424316406,6238700,0.0,0.0
2024-07-24 00:00:00-04:00,142.0213404126983,142.9486193021316,140.8553458024579,142.37022399902344,5971700,0.0,0.0
2024-07-25 00:00:00-04:00,142.64564258942497,145.29895940074695,141.95706541684171,144.63792419433594,5432100,0.0,0.0
2024-07-26 00:00:00-04:00,144.81236871478913,146.01508129076765,144.19724144345423,144.91336059570312,5232500,0.0,0.0
2024-07-29 00:00:00-04:00,145.2897817613241,145.2897817613241,142.17741353703946,143.77491760253906,5072000,0.0,0.0
2024-07-30 00:00:00-04:00,143.64636308215972,146.97906655360043,143.62799710451807,146.5016632080078,5740900,0.0,0.0
2024-07-31 00:00:00-04:00,148.44807443748994,148.44807443748994,146.94238609686298,147.32798767089844,6209200,0.0,0.0
2024-08-01 00:00:00-04:00,145.7121223657723,146.43741751735436,139.57918750098287,140.12086486816406,16689900,0.0,0.0
2024-08-02 00:00:00-04:00,138.75290842918338,139.58837149752264,134.97950460527565,136.3842010498047,13278600,0.0,0.0
2024-08-05 00:00:00-04:00,133.60234374694258,133.831869481935,131.66514598324108,132.81277465820312,13037200,0.0,0.0
2024-08-06 00:00:00-04:00,132.65668118717394,133.20753447237144,131.39887080057497,131.49986267089844,9692700,0.0,0.0
2024-08-07 00:00:00-04:00,132.7392904614668,133.79510296610852,130.62765144304782,130.74700927734375,8867900,0.0,0.0
2024-08-08 00:00:00-04:00,131.35297296464617,132.9596528480631,131.0224553996921,132.65667724609375,7531100,0.0,0.0
2024-08-09 00:00:00-04:00,132.39966433937727,134.14405475911093,131.46319518320757,133.11578369140625,7653100,0.0,0.0
2024-08-12 00:00:00-04:00,133.89611708606725,134.72241806151314,128.24979012830713,133.14328002929688,8442200,0.0,0.0
2024-08-13 00:00:00-04:00,132.280283531002,132.71179306698485,131.3346385502243,132.34454345703125,7794800,0.0,0.0
2024-08-14 00:00:00-04:00,132.5648622692682,133.3452552502011,131.68347742032208,132.82192993164062,5874200,0.0,0.0
2024-08-15 00:00:00-04:00,133.66660089831413,135.4385468204918,133.56560901664452,134.7775115966797,6304200,0.0,0.0
2024-08-16 00:00:00-04:00,134.0889282596353,135.53034249469695,133.71250271710872,135.20901489257812,6874400,0.0,0.0
2024-08-19 00:00:00-04:00,135.55250476475126,137.14931650666134,135.44110390654808,136.31378173828125,5967400,1.63,0.0
2024-08-20 00:00:00-04:00,135.84958128015268,136.01668255352388,134.20634792903502,134.32704162597656,7497600,0.0,0.0
2024-08-21 00:00:00-04:00,135.01404954215948,136.13739351960587,134.19708626994534,134.9119415283203,5985000,0.0,0.0
2024-08-22 00:00:00-04:00,134.93979788381318,135.84960469391365,134.73555351498442,135.29257202148438,4027000,0.0,0.0
2024-08-23 00:00:00-04:00,136.03528166805827,137.48354966132035,135.84033014292748,137.04721069335938,4824100,0.0,0.0
2024-08-26 00:00:00-04:00,138.3005204653894,139.3402996582233,136.98222494135243,137.8641815185547,5780300,0.0,0.0
2024-08-27 00:00:00-04:00,138.02199794081392,138.83897536476888,136.23023465028268,136.42518615722656,5100000,0.0,0.0
2024-08-28 00:00:00-04:00,135.95171685696081,136.60157881627234,135.06046747995623,135.54322814941406,5614400,0.0,0.0
2024-08-29 00:00:00-04:00,135.97029125936677,137.5670888934156,135.02334143242004,136.8615264892578,4466700,0.0,0.0
2024-08-30 00:00:00-04:00,135.7474709702213,137.47425510885074,135.26471030621516,137.3535614013672,6414800,0.0,0.0
2024-09-03 00:00:00-04:00,135.12546572319147,135.32971008446853,133.94642130417003,134.29920959472656,7944700,0.0,0.0
2024-09-04 00:00:00-04:00,134.28062373013975,135.10687977041727,131.52333931311676,131.8946990966797,9820700,0.0,0.0
2024-09-05 00:00:00-04:00,132.91592201826572,132.91592201826572,130.5299971085432,130.8363494873047,9371100,0.0,0.0
2024-09-06 00:00:00-04:00,130.96631617027705,131.93182324091612,127.9954946724685,128.63607788085938,7836400,0.0,0.0
2024-09-09 00:00:00-04:00,128.7103837819131,131.8483073794807,128.61754027339683,130.25149536132812,9892300,0.0,0.0
2024-09-10 00:00:00-04:00,130.80847995589326,130.9755953946522,127.27136135501198,128.3297119140625,8202500,0.0,0.0
2024-09-11 00:00:00-04:00,128.31117306220852,128.5618250076199,125.67456788328928,128.0048065185547,9534000,0.0,0.0
2024-09-12 00:00:00-04:00,128.32972680761472,129.48092098468277,127.57774266074361,129.2395477294922,6591500,0.0,0.0
2024-09-13 00:00:00-04:00,129.85227106661134,131.39338247741247,129.70374130153874,130.53927612304688,5900700,0.0,0.0
2024-09-16 00:00:00-04:00,131.54192338991507,132.91591930532803,130.96633337790328,131.91326904296875,6864300,0.0,0.0
2024-09-17 00:00:00-04:00,131.64405839598857,133.81646042646832,131.58835795919626,133.1387481689453,7338800,0.0,0.0
2024-09-18 00:00:00-04:00,133.05517626112436,135.17187751671543,132.93448255673252,133.6493377685547,6180300,0.0,0.0
2024-09-19 00:00:00-04:00,135.3668690956232,136.26739738904664,134.54989146878168,134.60560607910156,7247400,0.0,0.0
2024-09-20 00:00:00-04:00,134.82837213819982,135.45967672786037,133.16658126849293,135.2461395263672,23162900,0.0,0.0
2024-09-23 00:00:00-04:00,135.77534423546317,137.78992371155803,135.4968278756402,136.9729461669922,6960600,0.0,0.0
2024-09-24 00:00:00-04:00,138.21696207847785,138.421206432198,136.38805574393814,136.88937377929688,6014200,0.0,0.0
2024-09-25 00:00:00-04:00,136.42519385013404,136.85225411835438,133.22229141923376,133.65863037109375,7888400,0.0,0.0
2024-09-26 00:00:00-04:00,130.80849149824948,132.96233586653884,130.55783956688416,131.8204345703125,8046200,0.0,0.0
2024-09-27 00:00:00-04:00,132.73952459791025,135.3297079728123,132.60955220330098,135.06976318359375,8049200,0.0,0.0
2024-09-30 00:00:00-04:00,134.95834752912916,136.91722628831837,133.94641859251513,136.72227478027344,7491700,0.0,0.0
2024-10-01 00:00:00-04:00,135.86816696900104,139.73950269739143,135.03261801729258,138.9782257080078,9489100,0.0,0.0
2024-10-02 00:00:00-04:00,140.81642992176475,141.3734626321298,138.5697558775716,140.1387176513672,8105400,0.0,0.0
2024-10-03 00:00:00-04:00,140.47292150205448,141.27132742485446,139.27531970081895,140.41722106933594,6553300,0.0,0.0
2024-10-04 00:00:00-04:00,141.55912534929237,141.57769688255684,139.38672343301582,139.94375610351562,7892400,0.0,0.0
2024-10-07 00:00:00-04:00,140.64931233465944,141.80978520870778,139.8973281788247,140.29652404785156,5895900,0.0,0.0
2024-10-08 00:00:00-04:00,138.51401978367392,138.88537955029923,137.14930274392,138.09625244140625,5892700,0.0,0.0
2024-10-09 00:00:00-04:00,136.94509449483908,139.60025732058062,136.80584339937008,138.93182373046875,4973500,0.0,0.0
2024-10-10 00:00:00-04:00,139.88802159292825,140.69572026678307,139.1174801462429,139.8323211669922,4420900,0.0,0.0
2024-10-11 00:00:00-04:00,139.60952035625562,141.419855040394,139.48882665533728,140.5750274658203,5051300,0.0,0.0
2024-10-14 00:00:00-04:00,139.73951956575243,141.020672114205,139.4238601462855,140.90927124023438,4214700,0.0,0.0
2024-10-15 00:00:00-04:00,138.14269409198474,139.2196163215133,136.9914998984271,137.14932250976562,6704600,0.0,0.0
2024-10-16 00:00:00-04:00,137.72492363999012,138.35621407136617,137.5949512472993,138.07769775390625,4303700,0.0,0.0
2024-10-17 00:00:00-04:00,138.56973250257528,140.49148227982204,138.30050904306935,140.37078857421875,6593100,0.0,0.0
2024-10-18 00:00:00-04:00,140.01802673010437,140.25939999651442,138.6811596664475,139.95303344726562,5208200,0.0,0.0
2024-10-21 00:00:00-04:00,141.11350969127247,141.5591273343636,139.71166347762667,140.07373046875,5074000,0.0,0.0
2024-10-22 00:00:00-04:00,140.4172216496862,140.81641752977163,139.46099310825525,140.11085510253906,4416400,0.0,0.0
2024-10-23 00:00:00-04:00,139.59097644470967,140.18513805260002,138.5976047595249,139.70237731933594,5248600,0.0,0.0
2024-10-24 00:00:00-04:00,140.30580406374065,140.6028777260418,138.6811421886753,139.67449951171875,5474300,0.0,0.0
2024-10-25 00:00:00-04:00,140.54720445438574,141.22491671532043,139.68381934789866,140.0087432861328,6839900,0.0,0.0
2024-10-28 00:00:00-04:00,137.6320616374423,139.90658528662956,137.5485110032183,139.75804138183594,8892000,0.0,0.0
2024-10-29 00:00:00-04:00,139.29386089080586,139.64664914495734,137.27928186785206,137.8827362060547,6014700,0.0,0.0
2024-10-30 00:00:00-04:00,138.40263965538836,138.93180792389626,137.0843441598559,137.4464111328125,5784000,0.0,0.0
2024-10-31 00:00:00-04:00,138.10552503704,138.85752321909322,137.2978405998554,138.16123962402344,8400900,0.0,0.0
2024-11-01 00:00:00-04:00,141.55911859788569,144.7620208856797,140.83498466032975,142.10687255859375,11728000,0.0,0.0
2024-11-04 00:00:00-05:00,143.360196050901,143.360196050901,141.68911203683504,142.9424285888672,6130000,0.0,0.0
2024-11-05 00:00:00-05:00,143.46231038373426,143.59228279070985,141.62412515195692,142.4225311279297,5978900,0.0,0.0
2024-11-06 00:00:00-05:00,145.8482229073319,147.25006890902296,144.93840205925733,146.42381286621094,12118900,0.0,0.0
2024-11-07 00:00:00-05:00,146.62807102872182,146.69305014346557,145.19836051321505,145.5418701171875,8143200,0.0,0.0
2024-11-08 00:00:00-05:00,145.38403157160124,146.29383823979762,144.5206324805946,145.6903839111328,6041500,0.0,0.0
2024-11-11 00:00:00-05:00,145.88536025448659,146.6280657009909,144.73416610410848,145.29119873046875,7771700,0.0,0.0
2024-11-12 00:00:00-05:00,146.03389595680585,146.19171855334093,144.0100240831524,144.1678466796875,5681900,0.0,0.0
2024-11-13 00:00:00-05:00,144.8920065662262,147.6307196894153,143.46229606624956,147.35220336914062,8824000,0.0,0.0
2024-11-14 00:00:00-05:00,148.39198122067612,150.2394591019093,148.24343729570768,150.21160888671875,10111200,0.0,0.0
2024-11-15 00:00:00-05:00,149.95165391308416,150.75005974813445,149.24607740038596,149.8588104248047,9022800,0.0,0.0
2024-11-18 00:00:00-05:00,150.5809573264577,151.4812982096917,149.1835721787818,150.76852416992188,6075400,1.63,0.0
2024-11-19 00:00:00-05:00,150.0370062610196,150.45903524429224,148.88345655729225,149.68063354492188,4657400,0.0,0.0
2024-11-20 00:00:00-05:00,149.9713423055044,151.40624922440972,149.84941743316898,151.30308532714844,6391300,0.0,0.0
2024-11-21 00:00:00-05:00,151.9502330350793,152.54106791753654,151.26559325872063,151.58447265625,7945200,0.0,0.0
2024-11-22 00:00:00-05:00,151.4719269449409,152.5035661611979,151.13430086602352,152.26910400390625,7005900,0.0,0.0
2024-11-25 00:00:00-05:00,152.0721293682537,153.0287388503168,149.8963282779831,150.3933868408203,10702400,0.0,0.0
2024-11-26 00:00:00-05:00,152.22220000058542,152.81304918249245,151.3687543623716,152.42852783203125,7369500,0.0,0.0
2024-11-27 00:00:00-05:00,152.64420267839154,154.4448699156365,151.56568272669358,152.03460693359375,7674500,0.0,0.0
2024-11-29 00:00:00-05:00,152.16591733567375,152.63484158015967,150.67474167271234,151.8657989501953,5077000,0.0,0.0
2024-12-02 00:00:00-05:00,152.2034332587683,152.8224167296672,150.15893031059284,152.12841796875,6229600,0.0,0.0
2024-12-03 00:00:00-05:00,152.85056255007572,153.05689038924436,151.35938669371217,151.8564453125,5900100,0.0,0.0
2024-12-04 00:00:00-05:00,151.77203745666526,151.78141079071148,148.048777448298,148.48019409179688,7862700,0.0,0.0
2024-12-05 00:00:00-05:00,149.38989198389615,150.68412758606786,148.82719142979403,149.4274139404297,6358400,0.0,0.0
2024-12-06 00:00:00-05:00,148.8834414180569,148.95847101129888,145.52594225024356,145.5915985107422,9701700,0.0,0.0
2024-12-09 00:00:00-05:00,147.24221588544057,150.1307910098718,147.0734100228598,147.31724548339844,9404500,0.0,0.0
2024-12-10 00:00:00-05:00,149.17418368406308,149.6056003009598,146.96086059877007,147.24221801757812,9126200,0.0,0.0
2024-12-11 00:00:00-05:00,147.11090802245891,147.40163875146584,146.11679095794562,146.50131225585938,13764700,0.0,0.0
2024-12-12 00:00:00-05:00,146.18245218224948,146.80143567361276,144.68190305491146,145.0945587158203,7621500,0.0,0.0
2024-12-13 00:00:00-05:00,145.2446113160615,145.32902856785898,143.5564952470607,144.3067626953125,5816200,0.0,0.0
2024-12-16 00:00:00-05:00,144.3254938553562,144.3254938553562,139.97387772659164,140.07704162597656,11961200,0.0,0.0
2024-12-17 00:00:00-05:00,138.80159072179913,139.41118657849842,137.7793391976089,138.90475463867188,11909300,0.0,0.0
2024-12-18 00:00:00-05:00,138.57650488321676,139.42995054925737,135.0314382970539,135.12522888183594,10174500,0.0,0.0
2024-12-19 00:00:00-05:00,135.58477402409292,135.76295323082738,132.18975248486782,132.3773193359375,16544300,0.0,0.0
2024-12-20 00:00:00-05:00,132.06784815368192,133.9716796875,131.81462502201344,133.9716796875,32209200,0.0,0.0
2024-12-23 00:00:00-05:00,133.62466229872265,134.44060029824763,132.74308233971507,134.08421325683594,8156500,0.0,0.0
2024-12-24 00:00:00-05:00,134.20614764152396,135.08771335243108,133.41834389899276,134.900146484375,3556100,0.0,0.0
2024-12-26 00:00:00-05:00,134.74068711249396,135.34090955706728,134.01853978825625,135.0314178466797,4492600,0.0,0.0
2024-12-27 00:00:00-05:00,135.32217121949844,136.65392885442188,134.47811318482206,135.05020141601562,5296500,0.0,0.0
2024-12-30 00:00:00-05:00,134.8532315389334,135.0314250462725,133.50274169946206,134.17799377441406,6194800,0.0,0.0
2024-12-31 00:00:00-05:00,134.60002951830253,136.3069064583621,134.41246266813812,135.83798217773438,6137800,0.0,0.0
2025-01-02 00:00:00-05:00,136.4382023433598,138.86724095126058,136.4382023433598,137.59176635742188,7170300,0.0,0.0
2025-01-03 00:00:00-05:00,138.37015888018163,139.27049972041894,138.14508440294645,138.66090393066406,5809000,0.0,0.0
2025-01-06 00:00:00-05:00,139.1767058771391,140.98676084814946,137.74179887675797,138.10755920410156,5888700,0.0,0.0
2025-01-07 00:00:00-05:00,139.27989216788265,141.14621605686932,138.45459512070516,140.2927703857422,7736000,0.0,0.0
2025-01-08 00:00:00-05:00,138.83910166832413,141.78394572580297,138.82972833399793,140.95864868164062,7640900,0.0,0.0
2025-01-10 00:00:00-05:00,143.87535447184567,144.74754678453837,141.49321105851877,143.62213134765625,11074700,0.0,0.0
2025-01-13 00:00:00-05:00,144.5224677510551,147.57047554850718,144.42867717157557,145.6947784423828,11774100,0.0,0.0
2025-01-14 00:00:00-05:00,145.56348540955435,147.15782514454276,144.86009896966823,147.1484375,6830200,0.0,0.0
2025-01-15 00:00:00-05:00,147.12968544966688,148.8271890394933,146.66076117356306,148.48956298828125,7900000,0.0,0.0
2025-01-16 00:00:00-05:00,148.20821808139206,149.96199044284305,148.20821808139206,149.4743194580078,5578900,0.0,0.0
2025-01-17 00:00:00-05:00,149.23984035198018,151.71575988538686,148.93034862150023,151.4344024658203,9260400,0.0,0.0
2025-01-21 00:00:00-05:00,151.13429515784497,151.36875730628125,147.70178018066775,148.40516662597656,10131400,0.0,0.0
2025-01-22 00:00:00-05:00,147.8799458512829,148.5927198759378,146.55759033112076,146.6888885498047,7232200,0.0,0.0
2025-01-23 00:00:00-05:00,147.83307564523676,148.12380641418838,145.94799084840372,146.31375122070312,5979800,0.0,0.0
2025-01-24 00:00:00-05:00,146.73578933571795,147.68301121240074,145.61974727986842,145.9761199951172,8003800,0.0,0.0
2025-01-27 00:00:00-05:00,146.61385833043727,148.07689970683708,145.85420333195523,147.45791625976562,7141000,0.0,0.0
2025-01-28 00:00:00-05:00,147.90808492687214,149.04287353431405,145.53531518950018,146.50131225585938,6425400,0.0,0.0
2025-01-29 00:00:00-05:00,146.0417756687632,146.84832598489086,145.18833006358898,146.01364135742188,5630600,0.0,0.0
2025-01-30 00:00:00-05:00,146.82956668079586,147.66425131777885,145.85421048550296,146.6044921875,6931900,0.0,0.0
2025-01-31 00:00:00-05:00,144.2035779338274,144.7756660822216,139.4111716019972,139.91761779785156,16726800,0.0,0.0
2025-02-03 00:00:00-05:00,139.7394235255099,141.48382227079594,138.61400821155192,140.05828857421875,7605000,0.0,0.0
2025-02-04 00:00:00-05:00,139.47684025513635,143.85659135287295,139.47684025513635,143.69715881347656,8458100,0.0,0.0
2025-02-05 00:00:00-05:00,143.48146057128906,144.24111563758947,142.8249551116101,143.48146057128906,6533700,0.0,0.0
2025-02-06 00:00:00-05:00,144.63499814832576,145.61035430072798,141.6713934264984,142.4591827392578,6420500,0.0,0.0
2025-02-07 00:00:00-05:00,143.00313171732265,144.25047190855955,142.4779388600507,143.13442993164062,4724900,0.0,0.0
2025-02-10 00:00:00-05:00,144.7006275881869,146.11678787244475,144.48492645677405,146.08865356445312,5653800,0.0,0.0
2025-02-11 00:00:00-05:00,146.63261007978926,148.84593298210262,146.41689463395812,147.6548614501953,6011800,0.0,0.0
2025-02-12 00:00:00-05:00,147.00776114842242,147.68301325355606,144.96325816541406,145.27273559570312,6693500,0.0,0.0
2025-02-13 00:00:00-05:00,145.1601943884947,146.69826540591237,143.7909435479718,146.19183349609375,7836400,0.0,0.0
2025-02-14 00:00:00-05:00,147.05472954263828,149.30207921287536,146.8650822845402,147.30126953125,5828800,1.71,0.0
2025-02-18 00:00:00-05:00,147.3012999519714,149.1693554918038,146.77028173196732,148.07887268066406,5981500,0.0,0.0
2025-02-19 00:00:00-05:00,148.42022534893923,150.16500341983402,147.92713086137,149.09347534179688,4945800,0.0,0.0
2025-02-20 00:00:00-05:00,149.34950147797605,150.72446224854465,148.9417605778674,150.57273864746094,6256200,0.0,0.0
2025-02-21 00:00:00-05:00,149.94690461242362,150.72446274953396,148.70469837138455,148.7995147705078,6689800,0.0,0.0
2025-02-24 00:00:00-05:00,148.96071105989822,150.13654723206665,148.6383092683735,149.7193145751953,5925000,0.0,0.0
2025-02-25 00:00:00-05:00,149.81413901897713,150.76238975516347,147.41506581395834,148.32537841796875,6810900,0.0,0.0
2025-02-26 00:00:00-05:00,148.51504047889793,148.58142498224558,146.4099224771432,147.11163330078125,6005200,0.0,0.0
2025-02-27 00:00:00-05:00,147.63317247145662,150.09861592180394,146.79870711977884,148.5624542236328,7517200,0.0,0.0
2025-02-28 00:00:00-05:00,148.59090490891006,150.45896023601145,146.9030195578986,150.4115447998047,8828500,0.0,0.0
2025-03-03 00:00:00-05:00,151.20809258990354,151.8054808088251,143.90654919518028,145.167724609375,9059800,0.0,0.0
2025-03-04 00:00:00-05:00,143.38501297388729,146.17285823283447,142.28503854920487,144.13412475585938,8826300,0.0,0.0
2025-03-05 00:00:00-05:00,142.37985776045343,143.53672494215337,140.09458423386474,143.00570678710938,9288300,0.0,0.0
2025-03-06 00:00:00-05:00,142.72123861937334,145.39531311885733,141.73506404379745,145.03497314453125,7314700,0.0,0.0
2025-03-07 00:00:00-05:00,145.9832231640498,149.30210131411533,145.75565220830802,148.24954223632812,8562600,0.0,0.0
2025-03-10 00:00:00-04:00,149.0555383791443,152.0709688325346,148.08831855842215,149.41587829589844,11750300,0.0,0.0
2025-03-11 00:00:00-04:00,150.23137355926445,150.62015987606415,145.8314902426783,146.1064910888672,10466300,0.0,0.0
2025-03-12 00:00:00-04:00,145.68927479015753,146.7797575905838,144.34276018290134,144.76947021484375,9710200,0.0,0.0
2025-03-13 00:00:00-04:00,144.38068307860814,146.4383858844334,144.05828123124257,145.66082763671875,9022800,0.0,0.0
2025-03-14 00:00:00-04:00,146.02116427530723,149.10297976310403,145.0918679565758,148.8943634033203,6671500,0.0,0.0
2025-03-17 00:00:00-04:00,149.08400187894125,151.19859725264163,148.64780011541225,150.50637817382812,7615200,0.0,0.0
2025-03-18 00:00:00-04:00,151.47358414981318,152.75371401577164,150.601195172292,152.4882049560547,9289500,0.0,0.0
2025-03-19 00:00:00-04:00,152.6399626147905,156.02521111618768,152.57357810046813,155.56057739257812,11503900,0.0,0.0
2025-03-20 00:00:00-04:00,154.68815542181994,156.75533519105937,154.00541369805163,156.2432861328125,9545900,0.0,0.0
2025-03-21 00:00:00-04:00,155.97779469336461,156.35708926313123,154.66920383009716,156.22433471679688,21625500,0.0,0.0
2025-03-24 00:00:00-04:00,156.1674374164378,157.81738466280234,155.81658922619428,156.48036193847656,8068000,0.0,0.0
2025-03-25 00:00:00-04:00,157.48550722942642,159.13546896263787,156.56570272213244,157.35275268554688,7869200,0.0,0.0
2025-03-26 00:00:00-04:00,158.7087384106639,160.2164682423501,158.5949529400308,159.27769470214844,10076100,0.0,0.0
2025-03-27 00:00:00-04:00,158.59495728362964,159.5147617808642,157.2674118593529,158.0260009765625,6862700,0.0,0.0
2025-03-28 00:00:00-04:00,158.07342876922607,158.4811841972997,156.74588324118395,157.4949951171875,4923000,0.0,0.0
2025-03-31 00:00:00-04:00,157.5898063131803,160.1785270040677,157.53291357896555,158.63287353515625,10675300,0.0,0.0
2025-04-01 00:00:00-04:00,158.63288192475994,159.87510272050335,157.56136827900755,159.7897491455078,6378600,0.0,0.0
2025-04-02 00:00:00-04:00,158.7371978291279,159.28718509767174,157.2674204820788,157.85533142089844,7044900,0.0,0.0
2025-04-03 00:00:00-04:00,151.83392762600369,153.00028663657355,147.73749131192992,148.04092407226562,15501000,0.0,0.0
2025-04-04 00:00:00-04:00,143.90655049430902,144.5703376955746,135.3628151464995,135.86538696289062,20374700,0.0,0.0
2025-04-07 00:00:00-04:00,131.5508396219806,138.62479750432794,130.18535604915084,132.89735412597656,17817000,0.0,0.0
2025-04-08 00:00:00-04:00,136.69035101483917,137.01276729279363,127.89058449198879,129.84397888183594,12904400,0.0,0.0
2025-04-09 00:00:00-04:00,128.03284586423004,139.8385671636297,126.95184037229092,138.47308349609375,16846800,0.0,0.0
2025-04-10 00:00:00-04:00,135.8084800682871,136.1972663669808,126.5440657463035,127.99488830566406,20991200,0.0,0.0
2025-04-11 00:00:00-04:00,128.02334172530445,130.02415159250256,125.2070355504057,128.61126708984375,17224400,0.0,0.0
2025-04-14 00:00:00-04:00,131.3137680807568,131.37066081427545,127.1604393731451,128.3173065185547,9628200,0.0,0.0
2025-04-15 00:00:00-04:00,127.36905773709637,129.5595148274008,127.3026732341614,127.5776596069336,9334800,0.0,0.0
2025-04-16 00:00:00-04:00,128.3931482736872,130.43189610755968,127.82420649405367,128.355224609375,8637200,0.0,0.0
2025-04-17 00:00:00-04:00,129.61640727805127,132.9827005926791,129.38882187169168,130.73533630371094,8434400,0.0,0.0
2025-04-21 00:00:00-04:00,128.9810804195924,129.23709772286392,125.48203258328915,126.80957794189453,9967500,0.0,0.0
2025-04-22 00:00:00-04:00,128.2604147489754,131.0862129197984,127.95698197731194,130.19485473632812,7984700,0.0,0.0
2025-04-23 00:00:00-04:00,130.10951991156543,131.3801727187603,128.15611079002602,129.60693359375,10002000,0.0,0.0
2025-04-24 00:00:00-04:00,130.78274814158235,132.18615526930185,130.11897547773927,131.8732452392578,7745800,0.0,0.0
2025-04-25 00:00:00-04:00,131.17154771576273,131.85428951599934,130.14743501540784,131.55084228515625,6878500,0.0,0.0
2025-04-28 00:00:00-04:00,131.77841701647836,133.19131594078064,131.50341617719388,132.84994506835938,6715500,0.0,0.0
2025-04-29 00:00:00-04:00,131.5129207375063,132.7646044120259,131.39913525868468,132.0913543701172,7343800,0.0,0.0
2025-04-30 00:00:00-04:00,130.85860599755875,131.00083782511012,127.19835745393317,129.0189971923828,13858000,0.0,0.0
2025-05-01 00:00:00-04:00,128.4121366476867,130.8112102952896,128.12765848051833,129.2086639404297,10199800,0.0,0.0
2025-05-02 00:00:00-04:00,130.74483749075432,132.5465083961217,128.28885668632321,131.33274841308594,12393200,0.0,0.0
2025-05-05 00:00:00-04:00,129.69227397472622,129.9103676208271,128.1845441130763,128.4879913330078,9665000,0.0,0.0
2025-05-06 00:00:00-04:00,129.2940128647711,130.20432560394846,128.05179206182433,128.58282470703125,9916200,0.0,0.0
2025-05-07 00:00:00-04:00,129.02850879700674,129.24660245583442,127.65353339655051,128.7629852294922,8422100,0.0,0.0
2025-05-08 00:00:00-04:00,129.61640885336342,131.70255779495662,129.40779251228815,129.9482879638672,8669300,0.0,0.0
2025-05-09 00:00:00-04:00,131.71204457856766,132.1577236603059,130.57414638932215,131.32327270507812,5965700,0.0,0.0
2025-05-12 00:00:00-04:00,135.07832493267526,136.2731302130241,133.2956232496688,134.29127502441406,8028200,0.0,0.0
2025-05-13 00:00:00-04:00,134.20594782977028,135.81797145525152,133.62751420583848,134.9835205078125,8536800,0.0,0.0
2025-05-14 00:00:00-04:00,134.42403844672788,134.8697175142363,133.44734120580347,134.3386993408203,6453600,0.0,0.0
2025-05-15 00:00:00-04:00,132.75512109586126,135.0878245901189,132.29047296312817,134.89816284179688,7545400,0.0,0.0
2025-05-16 00:00:00-04:00,135.31538650164316,135.59986463597,133.41888489834287,134.74644470214844,8200100,0.0,0.0
2025-05-19 00:00:00-04:00,133.86343711606662,133.9114300917317,131.60789906840765,132.92283630371094,7713600,1.71,0.0
2025-05-20 00:00:00-04:00,132.7308632280507,133.17237809670763,131.52151933713807,131.7518768310547,6503900,0.0,0.0
2025-05-21 00:00:00-04:00,131.12798222035977,131.617490007428,130.04341726190665,130.110595703125,9073200,0.0,0.0
2025-05-22 00:00:00-04:00,129.56352713840724,130.52332802636977,128.392568883461,129.85145568847656,8877600,0.0,0.0
2025-05-23 00:00:00-04:00,128.98764241840215,131.29115872119274,128.67090636382352,131.05120849609375,7025900,0.0,0.0
2025-05-27 00:00:00-04:00,131.85746017416227,132.4237392239605,130.92645207413452,132.28936767578125,8348900,0.0,0.0
2025-05-28 00:00:00-04:00,133.20115369721967,133.21074643286522,130.20657989123498,130.55210876464844,6876300,0.0,0.0
2025-05-29 00:00:00-04:00,131.01281197202502,132.39492749653206,130.62889750206116,132.3661346435547,7554300,0.0,0.0
2025-05-30 00:00:00-04:00,131.37754471740905,131.9246235849812,129.7746790592259,131.20477294921875,12858900,0.0,0.0
2025-06-02 00:00:00-04:00,132.9228448872348,133.11480215689082,130.94564253811504,132.29896545410156,9076600,0.0,0.0
2025-06-03 00:00:00-04:00,132.11658560070188,134.93840253814705,131.10880639052795,133.94021606445312,9001300,0.0,0.0
2025-06-04 00:00:00-04:00,133.81544953261223,134.9768151507455,131.80946901941894,131.8478546142578,8735600,0.0,0.0
2025-06-05 00:00:00-04:00,132.5964795599437,132.73085109109147,131.2047712776137,131.396728515625,6342600,0.0,0.0
2025-06-06 00:00:00-04:00,132.5389119434068,134.9576144795952,132.5389119434068,134.57369995117188,6563500,0.0,0.0
2025-06-09 00:00:00-04:00,134.90001252273478,136.42609236076626,134.07458320514692,135.1015625,7159500,0.0,0.0
2025-06-10 00:00:00-04:00,136.50288368715738,139.11354327843654,136.20534775465265,137.58746337890625,9841500,0.0,0.0
2025-06-11 00:00:00-04:00,138.3936819710833,139.28628969997084,136.87719492469765,138.9599609375,9256700,0.0,0.0
2025-06-12 00:00:00-04:00,138.6912264016098,139.36308408485613,137.664232435834,139.142333984375,6999400,0.0,0.0
2025-06-13 00:00:00-04:00,141.16750560116498,141.66660612558286,138.72960333009937,140.04454040527344,14148000,0.0,0.0
2025-06-16 00:00:00-04:00,139.871785795071,140.965958272325,137.96179131241703,140.15972900390625,10105100,0.0,0.0
2025-06-17 00:00:00-04:00,141.40747722396102,143.95094391033533,140.61084066954558,142.8663787841797,11330300,0.0,0.0
2025-06-18 00:00:00-04:00,143.43264599870088,144.13329654111322,141.76258719343116,142.23289489746094,9841900,0.0,0.0
2025-06-20 00:00:00-04:00,142.54962954055614,143.87414478439814,141.9545430413353,143.53822326660156,23705900,0.0,0.0
2025-06-23 00:00:00-04:00,146.0049072928268,146.03370014801172,140.4380738245535,140.95635986328125,10540600,0.0,0.0
2025-06-24 00:00:00-04:00,138.72959707731346,140.50523436285854,137.40508197143092,137.77940368652344,10778400,0.0,0.0
2025-06-25 00:00:00-04:00,137.64504655282136,138.4032827976399,136.7812169808798,137.47227478027344,7386100,0.0,0.0
2025-06-26 00:00:00-04:00,137.92339375717248,139.24792375634513,137.6354505427349,138.63365173339844,7415700,0.0,0.0
2025-06-27 00:00:00-04:00,138.73923902497364,138.85441045972863,136.83883712451083,138.00978088378906,9213500,0.0,0.0
2025-06-30 00:00:00-04:00,137.28990475475445,138.30730594021307,136.67563280724275,137.4338836669922,6980300,0.0,0.0
2025-07-01 00:00:00-04:00,137.5778495147867,140.3900736043508,136.78121305652516,139.7182159423828,8508200,0.0,0.0
2025-07-02 00:00:00-04:00,141.10033345257253,142.06013440981977,139.62224642238795,142.03134155273438,8228700,0.0,0.0
2025-07-03 00:00:00-04:00,141.89694639735902,142.9911187207691,141.43624611523842,142.4056396484375,5173300,0.0,0.0
2025-07-07 00:00:00-04:00,141.47463989257812,142.2136906501966,139.72780995549658,141.47463989257812,9460900,0.0,0.0
2025-07-08 00:00:00-04:00,141.3978607861923,147.0798797607422,141.3402604360986,147.0798797607422,14082100,0.0,0.0
2025-07-09 00:00:00-04:00,146.7919428130474,147.7709437705602,146.35042798267148,146.8687286376953,9495900,0.0,0.0
2025-07-10 00:00:00-04:00,146.64797372761507,149.03788325172448,145.582594138,147.97250366210938,8395100,0.0,0.0
2025-07-11 00:00:00-04:00,148.08766469497425,149.62335189231518,147.3966215661092,149.06666564941406,8333200,0.0,0.0
2025-07-14 00:00:00-04:00,148.67315545516863,148.67315545516863,145.06430929731164,145.55380249023438,10706300,0.0,0.0
2025-07-15 00:00:00-04:00,145.50580749896756,146.18725786723448,144.21007055759537,144.63238525390625,7346300,0.0,0.0
2025-07-16 00:00:00-04:00,144.69957026013907,145.3906280408409,143.2214834013815,143.89334106445312,7923400,0.0,0.0
2025-07-17 00:00:00-04:00,143.16390334192658,145.7361626807086,142.62641719026462,145.29466247558594,8359600,0.0,0.0
2025-07-18 00:00:00-04:00,148.78833322560627,149.64255540408624,140.6396186623947,144.00851440429688,45782600,0.0,0.0
2025-07-21 00:00:00-04:00,145.12188046717955,145.57298802238444,143.13510039343305,143.66297912597656,17982200,0.0,0.0
2025-07-22 00:00:00-04:00,143.25987090609638,144.8723439644197,142.51122740789592,144.00851440429688,26196500,0.0,0.0
2025-07-23 00:00:00-04:00,144.8435396337418,146.98389127847494,144.42122494608554,146.96469116210938,13162800,0.0,0.0
2025-07-24 00:00:00-04:00,146.55199135474234,149.72892976482194,146.08168367480428,149.56576538085938,15701000,0.0,0.0
2025-07-25 00:00:00-04:00,149.56576288959397,149.92088450492687,147.77094005050301,148.6155548095703,7875500,0.0,0.0
2025-07-28 00:00:00-04:00,149.15303602852555,150.256815717757,148.72112860465137,149.99766540527344,8755400,0.0,0.0
2025-07-29 00:00:00-04:00,150.3815779097658,150.89028579263265,149.20102706105374,150.71751403808594,6446000,0.0,0.0
2025-07-30 00:00:00-04:00,149.86329649116604,150.02646086989793,146.56157939226756,147.3870086669922,9191700,0.0,0.0
2025-07-31 00:00:00-04:00,145.88973361418468,147.7421422809416,145.0643042723937,145.54420471191406,10237100,0.0,0.0
2025-08-01 00:00:00-04:00,146.4080151561818,148.43319553468382,144.3060635976615,145.3138427734375,10706500,0.0,0.0
2025-08-04 00:00:00-04:00,145.1698721086316,145.9665085361631,143.79736398394107,144.9683074951172,10116600,0.0,0.0
2025-08-05 00:00:00-04:00,144.95872964582898,146.94552455082533,143.8741499356387,146.88792419433594,8604100,0.0,0.0
2025-08-06 00:00:00-04:00,148.27002514846382,148.9226973154007,146.10088058844607,146.63836669921875,7840900,0.0,0.0
2025-08-07 00:00:00-04:00,147.6077620936697,148.91309179848685,146.68636150520953,147.0030975341797,6510400,0.0,0.0
2025-08-08 00:00:00-04:00,147.79974592607678,149.48899023844996,147.32943821253335,148.7787322998047,6332800,0.0,0.0
2025-08-11 00:00:00-04:00,149.0954560719845,149.6617350416792,146.8399329290756,147.28143310546875,6169700,0.0,0.0
2025-08-12 00:00:00-04:00,147.89572274970428,149.7769390287028,147.19507216696402,148.23165893554688,6641600,0.0,0.0
2025-08-13 00:00:00-04:00,148.3564270830147,149.73852802974184,148.0012908032552,149.60415649414062,6581900,0.0,0.0
2025-08-14 00:00:00-04:00,149.44100028612266,149.44100028612266,147.90532760165846,148.92271423339844,7337300,0.0,0.0
2025-08-15 00:00:00-04:00,149.22984193026318,152.16683038230914,149.04747741343425,150.2568359375,11617000,0.0,0.0
2025-08-18 00:00:00-04:00,149.85373038907886,150.1992593246862,148.52920036168396,149.0762939453125,8174300,0.0,0.0
2025-08-19 00:00:00-04:00,148.93069386593294,149.39652270489788,147.36821180198183,147.51377868652344,8567500,1.71,0.0
2025-08-20 00:00:00-04:00,147.9213930886177,148.95981964625366,147.44584987879844,148.69778442382812,8076300,0.0,0.0
2025-08-21 00:00:00-04:00,148.30959375722065,151.0754684080211,148.22223881220563,150.95901489257812,7533600,0.0,0.0
2025-08-22 00:00:00-04:00,150.73582383819542,154.10339509760348,150.73582383819542,153.5113983154297,9084300,0.0,0.0
2025-08-25 00:00:00-04:00,153.23964364531543,153.6472605577927,152.53119342698278,153.53079223632812,7030000,0.0,0.0
2025-08-26 00:00:00-04:00,152.86115832519732,155.27767243347915,151.92950058331883,152.71559143066406,10270000,0.0,0.0
2025-08-27 00:00:00-04:00,152.75441079352828,155.26797947676093,152.5700309887991,154.5401153564453,7483000,0.0,0.0
2025-08-28 00:00:00-04:00,154.3168891406319,154.81184620736653,153.1911372506656,154.6177520751953,6502000,0.0,0.0
2025-08-29 00:00:00-04:00,154.9865242976735,156.34521282057355,154.74390293377343,155.85997009277344,6934800,0.0,0.0
2025-09-02 00:00:00-04:00,155.74350385514472,157.08277854051627,154.67597872474062,157.0536651611328,8947300,0.0,0.0
2025-09-03 00:00:00-04:00,155.27767212234835,157.07307612963612,152.3856296254308,153.39492797851562,9556100,0.0,0.0
2025-09-04 00:00:00-04:00,153.39493304423942,154.93800140788977,152.85146354321287,153.03585815429688,7243000,0.0,0.0
2025-09-05 00:00:00-04:00,151.45394535514907,152.09446925710404,148.9598056401038,149.12478637695312,11011700,0.0,0.0
2025-09-08 00:00:00-04:00,149.36741755489416,150.45435650848978,148.3678187368341,149.4547576904297,9462000,0.0,0.0
2025-09-09 00:00:00-04:00,150.33790510256674,152.3565166221451,150.03705698143733,150.27967834472656,7769200,0.0,0.0
2025-09-10 00:00:00-04:00,150.47376820512457,153.25905663797516,150.42524097215676,153.1328887939453,7440800,0.0,0.0
2025-09-11 00:00:00-04:00,151.8809657285187,154.2295386292258,151.40542254951527,153.57931518554688,6417400,0.0,0.0
2025-09-12 00:00:00-04:00,154.16162677660492,155.06417117874577,152.4632771606581,152.4729766845703,5546300,0.0,0.0
2025-09-15 00:00:00-04:00,152.73500957308968,153.64726829359117,151.88097761203585,152.6670684814453,5030500,0.0,0.0
2025-09-16 00:00:00-04:00,153.57931811362948,155.37472206866255,153.45315027000368,154.83123779296875,8011000,0.0,0.0
2025-09-17 00:00:00-04:00,154.50128924589382,155.9279041211787,153.92870635266618,155.36502075195312,5736800,0.0,0.0
2025-09-18 00:00:00-04:00,155.30679664251363,155.55911754677751,153.42405236361762,154.15191650390625,6244200,0.0,0.0
2025-09-19 00:00:00-04:00,154.3071808711976,154.3071808711976,150.95900915360335,151.5995330810547,16734000,0.0,0.0
2025-09-22 00:00:00-04:00,151.02694319358156,152.48267138981868,150.57081384075263,151.4442596435547,5244000,0.0,0.0
2025-09-23 00:00:00-04:00,152.48265514102874,155.1126769843484,152.35650211386567,152.7738037109375,7181400,0.0,0.0
2025-09-24 00:00:00-04:00,153.64726925670186,155.75322098438022,153.5793281646316,154.48187255859375,6285200,0.0,0.0
2025-09-25 00:00:00-04:00,154.7341898226978,156.25784415380963,154.6468496933872,155.97640991210938,6311000,0.0,0.0
2025-09-26 00:00:00-04:00,155.83085546849964,156.53930569906524,154.80212845470055,155.43295288085938,7015200,0.0,0.0
2025-09-29 00:00:00-04:00,154.43335228131014,154.43335228131014,150.96871216423136,151.49278259277344,8315100,0.0,0.0
2025-09-30 00:00:00-04:00,150.31847681843408,151.13368096681256,149.38680435712197,150.7066650390625,7755700,0.0,0.0
2025-10-01 00:00:00-04:00,150.26026051703155,150.51258139714622,148.6686650082668,150.01763916015625,6768400,0.0,0.0
2025-10-02 00:00:00-04:00,149.41593564138338,151.97801645260404,148.7948255904339,148.8433380126953,7562400,0.0,0.0
2025-10-03 00:00:00-04:00,149.04714926594983,149.7264860831556,147.7369880547136,149.01803588867188,7249300,0.0,0.0
2025-10-06 00:00:00-04:00,149.42563963797116,150.0855626081743,148.4066269966331,149.4741668701172,4778900,0.0,0.0
2025-10-07 00:00:00-04:00,149.11508472906,150.38643311838564,146.81503893182446,150.33790588378906,5479600,0.0,0.0
2025-10-08 00:00:00-04:00,149.80413459455357,150.1146822380446,148.3289925647811,149.2024383544922,5678000,0.0,0.0
2025-10-09 00:00:00-04:00,149.58092756035893,150.39613178658678,147.08677283892206,147.16441345214844,6178600,0.0,0.0
2025-10-10 00:00:00-04:00,146.25214089314105,146.8829652626434,144.49556475965505,144.50526428222656,7796600,0.0,0.0
2025-10-13 00:00:00-04:00,145.57280713911265,147.49436404698807,145.0196233639368,147.45555114746094,5978800,0.0,0.0
2025-10-14 00:00:00-04:00,145.38841878204207,148.9306994593889,145.24285189203334,147.89227294921875,6419400,0.0,0.0
2025-10-15 00:00:00-04:00,148.38720609595075,149.65855436070558,146.58210272823126,147.6205291748047,5824900,0.0,0.0
2025-10-16 00:00:00-04:00,147.64964719226185,148.2222300204711,145.7960165364334,147.2323455810547,5276800,0.0,0.0
2025-10-17 00:00:00-04:00,147.76611495841848,149.63915964920605,147.70788819853252,148.56192016601562,7735500,0.0,0.0
2025-10-20 00:00:00-04:00,148.90158054292124,150.15351510866577,148.65895917218057,149.92059326171875,5676500,0.0,0.0
2025-10-21 00:00:00-04:00,150.1729343925963,150.7066895807714,148.68809273466928,149.25096130371094,6304900,0.0,0.0
2025-10-22 00:00:00-04:00,150.08556445341137,151.3763118405178,149.0762661311529,150.97842407226562,6036700,0.0,0.0
2025-10-23 00:00:00-04:00,153.5307892088471,153.90927792717042,151.51217777497868,151.93919372558594,9810900,0.0,0.0
2025-10-24 00:00:00-04:00,152.77382307452967,152.97763154182732,150.84255163083603,150.96871948242188,4979900,0.0,0.0
2025-10-27 00:00:00-04:00,151.20163227569935,151.88096911195774,150.29907312947347,150.6969757080078,4884400,0.0,0.0
2025-10-28 00:00:00-04:00,150.32818044392482,151.61892778496832,149.3479955346054,149.58091735839844,5066500,0.0,0.0
2025-10-29 00:00:00-04:00,149.31888585077357,151.5412909250921,149.31888585077357,150.5222930908203,7344400,0.0,0.0
2025-10-30 00:00:00-04:00,150.64845928209323,150.64845928209323,148.71720262393293,148.9889373779297,8971200,0.0,0.0
2025-10-31 00:00:00-04:00,151.13370047707494,154.4818724396216,150.5320042148969,153.06497192382812,11136100,0.0,0.0
2025-11-03 00:00:00-05:00,152.76410657759973,153.0649546747859,149.0374462880903,149.49356079101562,8512200,0.0,0.0
2025-11-04 00:00:00-05:00,148.90157535342703,149.221837328655,147.6593551632031,148.86276245117188,6976800,0.0,0.0
2025-11-05 00:00:00-05:00,148.99862973535258,149.84294733691607,148.15431213378906,148.15431213378906,5894700,0.0,0.0
2025-11-06 00:00:00-05:00,148.39692727185243,150.22142976891945,148.17370496597056,148.42604064941406,6466300,0.0,0.0
2025-11-07 00:00:00-05:00,148.90157327506788,151.56070869962986,148.90157327506788,150.4446563720703,9835900,0.0,0.0
2025-11-10 00:00:00-05:00,150.83285327438753,151.37632278014294,147.87286956436233,151.05606079101562,8436800,0.0,0.0
2025-11-11 00:00:00-05:00,152.12358908211414,153.3269963299716,151.2986705544682,151.62864685058594,6361400,0.0,0.0
2025-11-12 00:00:00-05:00,150.9881220200856,151.19191566367317,147.59142308159247,148.79483032226562,11670900,0.0,0.0
2025-11-13 00:00:00-05:00,149.45474476443962,151.5898095851025,149.38680368149966,150.9881134033203,7998700,0.0,0.0
2025-11-14 00:00:00-05:00,151.61893659334842,153.28817273976085,150.24084904148376,152.96791076660156,8484800,0.0,0.0
2025-11-17 00:00:00-05:00,153.06496645866065,153.22994720825648,149.88177536525592,150.2505645751953,8745000,0.0,0.0
2025-11-18 00:00:00-05:00,149.65195914832074,151.39871524408073,148.92577375925504,150.75103759765625,10813400,1.71,0.0
2025-11-19 00:00:00-05:00,148.33698903429723,149.1220514915678,147.4439803019792,148.8668975830078,7539900,0.0,0.0
2025-11-20 00:00:00-05:00,149.69118690852028,150.18184900861533,147.24769923329103,147.50283813476562,7623400,0.0,0.0
2025-11-21 00:00:00-05:00,147.6304318852584,148.18977895668198,145.9719914022551,147.17901611328125,9248400,0.0,0.0
2025-11-24 00:00:00-05:00,147.022007991182,147.31639329046757,144.9808517311558,146.95330810546875,14181100,0.0,0.0
2025-11-25 00:00:00-05:00,146.11917343423175,147.10049767482113,145.50094934485776,145.75608825683594,11447900,0.0,0.0
2025-11-26 00:00:00-05:00,145.49113333806164,147.6500587475981,145.43225627667798,146.71778869628906,7578900,0.0,0.0
2025-11-28 00:00:00-05:00,146.66873116860916,148.69025675777766,146.47245433664253,148.3075408935547,3848600,0.0,0.0
2025-12-01 00:00:00-05:00,148.91595306766794,151.0748633957961,148.6706220082484,149.69119262695312,8209000,0.0,0.0
2025-12-02 00:00:00-05:00,149.18091785544516,149.61270292466523,146.47245332081732,147.4439697265625,9196300,0.0,0.0
2025-12-03 00:00:00-05:00,148.21921031019318,149.6519503247337,148.1603332501389,148.75894165039062,8060200,0.0,0.0
2025-12-04 00:00:00-05:00,148.91595762634324,150.08373590073995,148.39585696235784,149.4164276123047,7254700,0.0,0.0
2025-12-05 00:00:00-05:00,149.16128743489583,149.77952650996545,147.03181558876918,147.19863891601562,12659800,0.0,0.0
2025-12-08 00:00:00-05:00,146.46264777686605,147.26734086833338,144.90234577617605,145.9327392578125,10237200,0.0,0.0
2025-12-09 00:00:00-05:00,146.26639714954564,147.29679071031137,145.45189614337164,145.71685791015625,8916700,0.0,0.0
2025-12-10 00:00:00-05:00,146.39394208457702,148.9650217606251,145.92291064478525,148.58230590820312,10976300,0.0,0.0
2025-12-11 00:00:00-05:00,148.0131434136462,149.10241396681656,147.29678087966826,147.9051971435547,8414200,0.0,0.0
2025-12-12 00:00:00-05:00,148.32715224804602,148.7196909266482,146.83555019081624,147.18882751464844,5848100,0.0,0.0
2025-12-15 00:00:00-05:00,147.0416267538749,147.2967806503231,145.65795592317124,147.00238037109375,7503000,0.0,0.0
2025-12-16 00:00:00-05:00,145.76588681024012,146.04067135599064,143.75418422441436,144.0093231201172,11290500,0.0,0.0
2025-12-17 00:00:00-05:00,144.74533605308247,147.0710698814314,144.5981433957771,146.7276153564453,8805300,0.0,0.0
2025-12-18 00:00:00-05:00,146.07013303348702,146.4822874567055,144.3331847704926,144.93179321289062,6998800,0.0,0.0
2025-12-19 00:00:00-05:00,145.1967310268328,146.22710942801768,144.4411072219878,144.9906463623047,21701400,0.0,0.0
2025-12-22 00:00:00-05:00,146.03086394178305,147.67949652117514,145.92291767185964,147.00238037109375,8143600,0.0,0.0
2025-12-23 00:00:00-05:00,147.2378883291388,148.2584739653067,147.05144929401558,147.69911193847656,4663700,0.0,0.0
2025-12-24 00:00:00-05:00,147.57156166462755,148.17017012162358,147.29679204244786,147.68931579589844,2227600,0.0,0.0
2025-12-26 00:00:00-05:00,147.57153903220342,148.31734003890773,146.8551615799829,147.21826171875,3706900,0.0,0.0
2025-12-29 00:00:00-05:00,148.1799586085529,148.8080055162854,147.28694996626814,148.17015075683594,5589100,0.0,0.0
2025-12-30 00:00:00-05:00,148.67061442298714,149.81876192563314,148.64117589526433,149.46548461914062,5150500,0.0,0.0
2025-12-31 00:00:00-05:00,149.54399847316552,149.70101394332772,148.83744383125492,149.56362915039062,4953100,0.0,0.0
