Date,Open,High,Low,Close,Volume,Dividends,Stock Splits
2000-01-03 00:00:00-05:00,21.942832019391503,22.45858240661823,21.567740960539346,22.41169548034668,8402230,0.0,0.0
2000-01-04 00:00:00-05:00,22.505467024918428,23.91206025506836,22.505467024918428,23.72451400756836,16051191,0.0,0.0
2000-01-05 00:00:00-05:00,23.72451912513922,24.849793951990062,23.72451912513922,24.70913314819336,19823822,0.0,0.0
2000-01-06 00:00:00-05:00,24.709127818233284,24.84978859168831,23.72451400756836,23.72451400756836,7903193,0.0,0.0
2000-01-07 00:00:00-05:00,23.724519305196807,24.099610433513732,23.114994952546493,23.349428176879883,6773543,0.0,0.0
2000-01-10 00:00:00-05:00,25.50619886361403,26.959676233150184,25.50619886361403,26.912792205810547,33965839,0.0,0.0
2000-01-11 00:00:00-05:00,26.91279129759847,27.56919956788518,26.44392493210203,27.194107055664062,20134820,0.0,0.0
2000-01-12 00:00:00-05:00,26.9596757415764,26.9596757415764,24.990447999287824,25.271766662597656,13100963,0.0,0.0
2000-01-13 00:00:00-05:00,25.365538585055454,26.256381536367673,25.365538585055454,26.115720748901367,8732387,0.0,0.0
2000-01-14 00:00:00-05:00,26.11572075419131,26.25638154168611,25.08422281696455,25.177993774414062,8151546,0.0,0.0
2000-01-18 00:00:00-05:00,25.177995162193334,26.11572219365691,24.80290550996011,25.881290435791016,8101774,0.0,0.0
2000-01-19 00:00:00-05:00,25.881288499194543,26.20949409600065,25.553085803268736,26.068836212158203,6551343,0.0,0.0
2000-01-20 00:00:00-05:00,26.068838195767704,26.58458864390125,25.084224231309218,25.224882125854492,7212063,0.0,0.0
2000-01-21 00:00:00-05:00,25.22488215947158,25.22488215947158,24.521586884046886,24.56847381591797,8284136,0.0,0.0
2000-01-24 00:00:00-05:00,24.568471453543204,25.506198397275917,24.28715279024734,24.990447998046875,8343031,0.0,0.0
2000-01-25 00:00:00-05:00,27.38165755219737,28.506929401756963,27.38165755219737,28.131839752197266,29911201,0.0,0.0
2000-01-26 00:00:00-05:00,28.084955813854148,28.084955813854148,27.28788659749385,27.475431442260742,10400710,0.0,0.0
2000-01-27 00:00:00-05:00,27.475428536895727,28.225610737516742,27.475428536895727,27.850521087646484,9818449,0.0,0.0
2000-01-28 00:00:00-05:00,27.850523037987717,28.131841745531098,27.334772557638303,27.569204330444336,7500963,0.0,0.0
2000-01-31 00:00:00-05:00,27.334775007027886,27.334775007027886,26.86591141940232,27.24100112915039,7909072,0.0,0.0
2000-02-01 00:00:00-05:00,27.240998774895207,27.334772644668465,26.959680066456148,27.006567001342773,7237202,0.0,0.0
2000-02-02 00:00:00-05:00,27.006565042294167,28.50692944454601,26.865907148718275,27.944292068481445,9411353,0.0,0.0
2000-02-03 00:00:00-05:00,28.178729434696642,28.882027745226406,28.178729434696642,28.413164138793945,10908160,0.0,0.0
2000-02-04 00:00:00-05:00,28.41315746740522,28.694473244507094,27.756746251819795,28.6007022857666,6272985,0.0,0.0
2000-02-07 00:00:00-05:00,28.600699433153693,28.835131157943472,28.178720007828016,28.506925582885742,6153573,0.0,0.0
2000-02-08 00:00:00-05:00,28.46004298160412,28.46004298160412,27.756747700385166,28.17872428894043,5780233,0.0,0.0
2000-02-09 00:00:00-05:00,28.178729018914648,29.257117038326147,27.85052623978326,28.272502899169922,6158338,0.0,0.0
2000-02-10 00:00:00-05:00,28.272497214667478,28.41315800676896,27.662975818202415,27.70985984802246,5675925,0.0,0.0
2000-02-11 00:00:00-05:00,27.709865828264185,28.97579872598425,27.616094847506336,28.413164138793945,7247035,0.0,0.0
2000-02-14 00:00:00-05:00,28.03805726378536,28.03805726378536,27.475420061654095,27.756738662719727,5201622,0.0,0.0
2000-02-15 00:00:00-05:00,27.756750097709673,27.897410906630533,26.537704258132862,27.662979125976562,7082717,0.0,0.0
2000-02-16 00:00:00-05:00,27.662975818202415,27.944291600644476,27.42854116469995,27.70985984802246,4475215,0.0,0.0
2000-02-17 00:00:00-05:00,27.662977251980468,27.662977251980468,26.77213422513986,27.38165855407715,4756310,0.0,0.0
2000-02-18 00:00:00-05:00,27.287884806174837,27.287884806174837,26.490815642138315,26.631473541259766,6493867,0.0,0.0
2000-02-22 00:00:00-05:00,26.58459168561625,26.58459168561625,24.47470271986744,25.03734016418457,12744146,0.0,0.0
2000-02-23 00:00:00-05:00,25.037341916930057,25.9750691225172,24.474704433225348,25.599979400634766,8371718,0.0,0.0
2000-02-24 00:00:00-05:00,25.553092189573672,25.553092189573672,24.334044804603277,24.89668083190918,8338672,0.0,0.0
2000-02-25 00:00:00-05:00,24.802908252675604,24.802908252675604,23.25565528869629,23.25565528869629,8440649,0.0,0.0
2000-02-28 00:00:00-05:00,24.005836435226005,24.7091317106507,24.005836435226005,24.56847381591797,7943639,0.0,0.0
2000-02-29 00:00:00-05:00,24.568477433141133,25.50620460510254,24.193384823828,25.50620460510254,5506437,0.0,0.0
2000-03-01 00:00:00-05:00,25.506203088671832,26.068840518750342,24.89667872260665,26.021953582763672,7250380,0.0,0.0
2000-03-02 00:00:00-05:00,25.975064299289578,25.975064299289578,25.365539988309944,25.881290435791016,6588241,0.0,0.0
2000-03-03 00:00:00-05:00,26.16260989620257,27.38165855407715,26.16260989620257,27.38165855407715,14559757,0.0,0.0
2000-03-06 00:00:00-05:00,27.381659579555095,27.5692044182209,26.678361358017085,27.006567001342773,7341004,0.0,0.0
2000-03-07 00:00:00-05:00,27.006567001342777,27.287885709781836,26.58459038912454,27.006567001342773,7588140,0.0,0.0
2000-03-08 00:00:00-05:00,26.959673811221588,26.959673811221588,26.162604805728495,26.209491729736328,6294577,0.0,0.0
2000-03-09 00:00:00-05:00,26.209493199793904,27.194107055664062,25.97506146748578,27.194107055664062,5623011,0.0,0.0
2000-03-10 00:00:00-05:00,26.819026122434845,26.819026122434845,26.02195681431913,26.350162506103516,7061936,0.0,0.0
2000-03-13 00:00:00-05:00,26.350152501759837,26.631468244046776,24.756014490773644,26.209491729736328,5247440,0.0,0.0
2000-03-14 00:00:00-05:00,26.068843003428338,26.068843003428338,25.365544698356928,25.599979400634766,5589559,0.0,0.0
2000-03-15 00:00:00-05:00,25.59997323083263,26.20949460721224,25.224880698469498,26.115720748901367,6642980,0.0,0.0
2000-03-16 00:00:00-05:00,26.11571790280168,26.63146826554412,25.31865179754522,26.49081039428711,8335124,0.0,0.0
2000-03-17 00:00:00-05:00,26.490819623614502,27.709865569114275,25.928182140805056,27.6160945892334,8753675,0.0,0.0
2000-03-20 00:00:00-05:00,28.27249801912804,29.63220454372894,28.27249801912804,29.585317611694336,16985606,0.0,0.0
2000-03-21 00:00:00-05:00,29.585322415080167,30.05418600978847,28.97579800143077,29.397777557373047,13362088,0.0,0.0
2000-03-22 00:00:00-05:00,29.819755387134244,31.085688303068398,29.819755387134244,30.38239288330078,13725900,0.0,0.0
2000-03-23 00:00:00-05:00,30.38238940661764,31.460777334055788,29.86663891096294,31.179458618164062,8163811,0.0,0.0
2000-03-24 00:00:00-05:00,31.179459605206553,31.320117517164807,30.80436700518309,31.08568572998047,6630411,0.0,0.0
2000-03-27 00:00:00-05:00,31.08568994615622,31.648327472061933,30.00730183831714,31.32012176513672,5797669,0.0,0.0
2000-03-28 00:00:00-05:00,31.32011368157999,31.882751062271954,30.476160511422563,30.71059226989746,7592600,0.0,0.0
2000-03-29 00:00:00-05:00,30.71058942206299,30.898134231275524,30.194839021068343,30.6168155670166,5162494,0.0,0.0
2000-03-30 00:00:00-05:00,30.61682569988686,30.757483628128004,29.819756370837162,30.194849014282227,5418652,0.0,0.0
2000-03-31 00:00:00-05:00,30.194853438520393,31.132580833209794,30.194853438520393,30.945035934448242,5358236,0.0,0.0
2000-04-03 00:00:00-04:00,30.945037167032584,31.413900883052786,30.80437631169747,31.367013931274414,4870654,0.0,0.0
2000-04-04 00:00:00-04:00,31.36699625732239,31.460770108041604,28.7882443713452,30.851245880126953,7049975,0.0,0.0
2000-04-05 00:00:00-04:00,30.569923302060115,30.569923302060115,29.444648841494573,30.007286071777344,5140193,0.0,0.0
2000-04-06 00:00:00-04:00,30.00730074425016,30.945030886863776,30.00730074425016,30.335506439208984,3615509,0.0,0.0
2000-04-07 00:00:00-04:00,30.38238714726531,31.038795501612398,30.38238714726531,30.757476806640625,3298023,0.0,0.0
2000-04-10 00:00:00-04:00,30.757471582541783,31.03879022973211,30.1948371890412,30.99190330505371,3665585,0.0,0.0
2000-04-11 00:00:00-04:00,31.32010845597906,31.88274574279785,31.32010845597906,31.88274574279785,6923365,0.0,0.0
2000-04-12 00:00:00-04:00,31.882750128518794,32.72670617483972,30.00729321476577,30.054180145263672,8414293,0.0,0.0
2000-04-13 00:00:00-04:00,30.05418846490611,30.569939041392956,29.444664001464847,29.444664001464844,5078459,0.0,0.0
2000-04-14 00:00:00-04:00,29.444655391710914,29.632203110779933,28.27249665193149,29.163339614868164,8248251,0.0,0.0
2000-04-17 00:00:00-04:00,29.069562911987305,29.069562911987305,27.803630436496505,29.069562911987305,6537253,0.0,0.0
2000-04-18 00:00:00-04:00,29.06956855352979,29.8197507993762,28.50693114392482,29.632205963134766,4275520,0.0,0.0
2000-04-19 00:00:00-04:00,30.007294093592243,31.132568854976174,30.007294093592243,30.71059226989746,8579219,0.0,0.0
2000-04-20 00:00:00-04:00,30.71059543589784,31.882754349111917,30.616821562488383,31.695209503173828,5438824,0.0,0.0
2000-04-24 00:00:00-04:00,31.085689328532283,31.085689328532283,30.101075128200655,30.194849014282227,3844197,0.0,0.0
2000-04-25 00:00:00-04:00,30.194848018205644,30.429279824794847,29.77286844564018,30.38239288330078,3749417,0.0,0.0
2000-04-26 00:00:00-04:00,30.569934633771457,31.88275435744275,30.569934633771457,31.78898048400879,6002636,0.0,0.0
2000-04-27 00:00:00-04:00,31.695204742418927,31.695204742418927,30.663703893374038,31.226341247558594,4674810,0.0,0.0
2000-04-28 00:00:00-04:00,31.695202856141666,32.72670364379883,31.695202856141666,32.72670364379883,11731272,0.0,0.0
2000-05-01 00:00:00-04:00,32.72670859155413,32.914253426514605,31.507659912109375,31.507659912109375,8919209,0.0,0.0
2000-05-02 00:00:00-04:00,31.507664482728572,32.30473377303727,30.241731586563244,32.25784683227539,9296604,0.0,0.0
2000-05-03 00:00:00-04:00,31.5076706307329,31.5076706307329,29.725986840294055,30.945035934448242,6513735,0.0,0.0
2000-05-04 00:00:00-04:00,30.945023140329887,31.460773574350057,29.538429728965582,29.77286148071289,7127420,0.0,0.0
2000-05-05 00:00:00-04:00,29.772862456654266,30.335499839642992,29.44465683309742,29.679088592529297,3471363,0.0,0.0
2000-05-08 00:00:00-04:00,29.679079194904435,30.851240521789585,29.679079194904435,30.429264068603516,3582261,0.0,0.0
2000-05-09 00:00:00-04:00,30.429278833301392,31.2263481100858,29.81975441550125,30.569936752319336,3407096,0.0,0.0
2000-05-10 00:00:00-04:00,30.569929599287683,31.320111760571287,30.382384784186865,30.80436134338379,6369894,0.0,0.0
2000-05-11 00:00:00-04:00,30.80435895476735,31.038790680685263,30.429269353650728,30.851245880126953,3334516,0.0,0.0
2000-05-12 00:00:00-04:00,30.851247303752327,31.038792112964856,30.054178238498753,30.6168155670166,3104612,0.0,0.0
2000-05-15 00:00:00-04:00,30.616815567016598,30.851247303752327,30.147952093545147,30.6168155670166,3892043,0.0,0.0
2000-05-16 00:00:00-04:00,30.94501651042774,31.976517157471328,30.94501651042774,31.648311614990234,5938773,0.0,0.0
2000-05-17 00:00:00-04:00,31.6483225664691,32.16407306845946,31.554548693059647,31.695209503173828,4089812,0.0,0.0
2000-05-18 00:00:00-04:00,31.695207209932246,32.1171838079819,30.75747724632769,30.89813804626465,4393614,0.0,0.0
2000-05-19 00:00:00-04:00,30.898135201374366,30.945022130369658,29.819747438004075,30.80436134338379,4461328,0.0,0.0
2000-05-22 00:00:00-04:00,30.804357974482322,31.132563540674987,30.007288971374432,30.663700103759766,4200507,0.0,0.0
2000-05-23 00:00:00-04:00,30.52304364848182,30.52304364848182,29.8197483936546,30.054180145263672,4224430,0.0,0.0
2000-05-24 00:00:00-04:00,30.054182124782812,30.616819526054886,28.64759152248326,29.491544723510742,4405879,0.0,0.0
2000-05-25 00:00:00-04:00,29.49153807100188,30.335493982535915,29.303993279843198,29.86663055419922,3919007,0.0,0.0
2000-05-26 00:00:00-04:00,29.86663769346811,30.147956397892056,29.444658186391862,29.913524627685547,3368170,0.0,0.0
2000-05-30 00:00:00-04:00,30.47615445435151,31.50765224610475,30.47615445435151,31.413881301879883,7346782,0.0,0.0
2000-05-31 00:00:00-04:00,31.413879913469405,31.835856396030938,31.2263351324287,31.648311614990234,5180943,0.0,0.0
2000-06-01 00:00:00-04:00,31.648327472061933,31.92964623501479,30.851258127175715,31.32012176513672,3898530,0.0,0.0
2000-06-02 00:00:00-04:00,31.320120623204293,31.50766549137455,30.19484851330158,30.335506439208984,5836898,0.0,0.0
2000-06-05 00:00:00-04:00,30.335501154502868,30.757477759594273,30.007295516720298,30.47616195678711,4218956,0.0,0.0
2000-06-06 00:00:00-04:00,30.47615530916968,31.179450464542516,30.3354945375671,30.663700103759766,3841967,0.0,0.0
2000-06-07 00:00:00-04:00,30.66371121043407,30.710598151284472,30.10107372199139,30.147960662841797,3373644,0.0,0.0
2000-06-08 00:00:00-04:00,30.147961571038724,30.851257002338066,30.10107462877587,30.335506439208984,3073391,0.0,0.0
2000-06-09 00:00:00-04:00,30.38238940661764,31.507661369303754,30.38238940661764,31.179458618164062,4017537,0.0,0.0
2000-06-12 00:00:00-04:00,31.179446314597566,31.2732172489718,30.28860358232467,30.546480178833008,3474506,0.0,0.0
2000-06-13 00:00:00-04:00,30.5464953087486,31.132574817175943,30.147960662841793,30.147960662841797,5000405,0.0,0.0
2000-06-14 00:00:00-04:00,30.335504953368748,30.804368551269924,30.335504953368748,30.569936752319336,2941105,0.0,0.0
2000-06-15 00:00:00-04:00,30.66370670434689,31.507659912109375,30.66370670434689,31.507659912109375,4222200,0.0,0.0
2000-06-16 00:00:00-04:00,31.507659476682967,31.695207209932246,30.804364179640007,30.89813804626465,4973543,0.0,0.0
2000-06-19 00:00:00-04:00,30.89813423213544,31.50765558731319,30.85124730461094,31.460771560668945,2712012,0.0,0.0
2000-06-20 00:00:00-04:00,31.460782597053786,31.554553584117222,31.179463834100925,31.32012176513672,3295895,0.0,0.0
2000-06-21 00:00:00-04:00,31.32012176513672,31.554553584117222,31.132576890128572,31.32012176513672,2932286,0.0,0.0
2000-06-22 00:00:00-04:00,31.320120858347828,31.3670078009627,30.804370291346622,31.13257598876953,2864369,0.0,0.0
2000-06-23 00:00:00-04:00,30.991909665700792,30.991909665700792,29.5384321076453,29.725976943969727,5519108,0.0,0.0
2000-06-26 00:00:00-04:00,29.725981504146116,30.38239288330078,29.67909456265205,30.38239288330078,3821997,0.0,0.0
2000-06-27 00:00:00-04:00,30.38237852559244,30.38237852559244,29.6790805372991,30.007286071777344,3376787,0.0,0.0
2000-06-28 00:00:00-04:00,30.00729885650452,30.147959674444177,28.975797795137623,29.374332427978516,3165332,0.0,0.0
2000-06-29 00:00:00-04:00,29.374329275032206,30.101069504178685,28.553818078205346,29.632205963134766,4801723,0.0,0.0
2000-06-30 00:00:00-04:00,29.585310860320742,29.585310860320742,28.319378488675063,29.11644744873047,6610542,0.0,0.0
2000-07-03 00:00:00-04:00,29.022679348283987,29.022679348283987,28.506928913315956,28.928905487060547,2323568,0.0,0.0
2000-07-05 00:00:00-04:00,28.92891128199012,29.16334598200979,28.41316364458993,28.553821563720703,4211353,0.0,0.0
2000-07-06 00:00:00-04:00,28.55381633317205,29.397772396002114,28.084952820782178,28.131839752197266,3873087,0.0,0.0
2000-07-07 00:00:00-04:00,28.131835983574142,28.600699433153693,27.38165388407084,28.506925582885742,9323974,0.0,0.0
2000-07-10 00:00:00-04:00,28.506927951516655,28.835133553844877,28.08495139200919,28.366270065307617,4125190,0.0,0.0
2000-07-11 00:00:00-04:00,28.319386673764825,28.319386673764825,27.006567001342777,27.006567001342773,3834972,0.0,0.0
2000-07-12 00:00:00-04:00,27.053447723388672,28.600698814035997,27.053447723388672,27.053447723388672,4153269,0.0,0.0
2000-07-13 00:00:00-04:00,27.194109849052783,28.27249766897065,27.194109849052783,27.850521087646484,5091232,0.0,0.0
2000-07-14 00:00:00-04:00,27.85051965641519,28.131838329801237,27.194108451554296,28.084951400756836,4110492,0.0,0.0
2000-07-17 00:00:00-04:00,28.084956317956323,28.084956317956323,27.10034223915611,27.428544998168945,4453928,0.0,0.0
2000-07-18 00:00:00-04:00,27.147228787516248,27.147228787516248,26.53770441371402,26.81902313232422,4697415,0.0,0.0
2000-07-19 00:00:00-04:00,27.33476221156108,28.178715113878372,27.33476221156108,27.756738662719727,5997669,0.0,0.0
2000-07-20 00:00:00-04:00,28.13184250142345,29.49154624005705,28.13184250142345,28.97579574584961,5472884,0.0,0.0
2000-07-21 00:00:00-04:00,28.975791449079033,29.02267837812343,27.89740658545959,28.084951400756836,3783376,0.0,0.0
2000-07-24 00:00:00-04:00,27.944295004618375,27.944295004618375,27.42854450584882,27.475431442260742,2980639,0.0,0.0
2000-07-25 00:00:00-04:00,27.475428514147048,28.225610714146942,27.24099675795211,28.131839752197266,3741409,0.0,0.0
2000-07-26 00:00:00-04:00,28.131844905447352,28.69447948285148,27.803639226300845,28.553821563720703,4708971,0.0,0.0
2000-07-27 00:00:00-04:00,28.553812508019718,28.882018083077448,28.178720007828016,28.506925582885742,2734009,0.0,0.0
2000-07-28 00:00:00-04:00,28.506935119551795,28.647595942010177,27.897413591542026,28.413164138793945,2513229,0.0,0.0
2000-07-31 00:00:00-04:00,28.506928913315956,29.069566278895707,28.506928913315956,28.928905487060547,4192296,0.0,0.0
2000-08-01 00:00:00-04:00,29.257113389771227,30.241727406139596,29.257113389771227,29.632205963134766,8352357,0.0,0.0
2000-08-02 00:00:00-04:00,29.679087122573595,30.14795351909572,29.679087122573595,30.10106658935547,4612063,0.0,0.0
2000-08-03 00:00:00-04:00,30.101062935125032,32.25783533342369,29.58531257235448,31.88274574279785,4451698,0.0,0.0
2000-08-04 00:00:00-04:00,31.8827500437766,32.11718179476257,30.710591288846754,31.83586311340332,14958844,0.0,0.0
2000-08-07 00:00:00-04:00,31.5076565756721,31.5076565756721,30.429271713182157,30.80436134338379,6137658,0.0,0.0
2000-08-08 00:00:00-04:00,31.038795471191406,31.601432860583515,31.038795471191406,31.038795471191406,5025139,0.0,0.0
2000-08-09 00:00:00-04:00,31.038795035742083,31.320113726491464,30.241725895432264,30.52304458618164,3653827,0.0,0.0
2000-08-10 00:00:00-04:00,30.52305080690186,30.569937748395922,29.67909456265205,30.38239288330078,3669437,0.0,0.0
2000-08-11 00:00:00-04:00,30.382388088597615,31.038796463282097,30.28861422040812,30.47616195678711,4936645,0.0,0.0
2000-08-14 00:00:00-04:00,30.476160511422563,30.757476300888023,30.288612783938227,30.71059226989746,2838216,0.0,0.0
2000-08-15 00:00:00-04:00,30.710598572878116,30.85125649647919,30.007300252229385,30.38239288330078,2917182,0.0,0.0
2000-08-16 00:00:00-04:00,30.288614299663696,30.288614299663696,29.444658186391862,29.913524627685547,2645920,0.0,0.0
2000-08-17 00:00:00-04:00,29.91352885947086,30.147960662841793,29.491549292698313,30.147960662841797,2357223,0.0,0.0
2000-08-18 00:00:00-04:00,30.007295676769534,30.007295676769534,29.069568593395697,29.350887298583984,4544957,0.0,0.0
2000-08-21 00:00:00-04:00,29.350892706682355,29.444663691769264,28.600710321581026,28.835142135620117,3069032,0.0,0.0
2000-08-22 00:00:00-04:00,28.835137442785893,28.835137442785893,28.272500020307188,28.460044860839844,3705220,0.0,0.0
2000-08-23 00:00:00-04:00,28.460041031351334,28.78824663378178,28.084951400756836,28.084951400756836,3304714,0.0,0.0
2000-08-24 00:00:00-04:00,28.225616375516104,28.78825386358748,28.225616375516104,28.413164138793945,5504410,0.0,0.0
2000-08-25 00:00:00-04:00,28.506928426145713,28.788247104127983,28.506928426145713,28.6007022857666,2227572,0.0,0.0
2000-08-28 00:00:00-04:00,28.60070850372464,28.83514030286328,28.319389764582063,28.553821563720703,3043284,0.0,0.0
2000-08-29 00:00:00-04:00,28.553823378596967,28.882029078604177,28.225617678589757,28.835142135620117,3609427,0.0,0.0
2000-08-30 00:00:00-04:00,28.83514072486982,29.163346408819667,28.60070892230023,28.788253784179688,3230613,0.0,0.0
2000-08-31 00:00:00-04:00,28.788243925294985,29.866631588336734,28.74135700066185,29.221942901611328,4498327,0.0,0.0
2000-09-01 00:00:00-04:00,29.221949933683458,29.538433125016628,28.600706010216346,29.25711441040039,1997263,0.0,0.0
2000-09-05 00:00:00-04:00,29.25711446095192,29.585320112051413,28.928908809852427,28.97579574584961,3262240,0.0,0.0
2000-09-06 00:00:00-04:00,29.116446207896075,30.007286071777344,29.116446207896075,30.007286071777344,4412468,0.0,0.0
2000-09-07 00:00:00-04:00,30.007300969537376,31.13257598876953,29.725982214729335,31.13257598876953,4183781,0.0,0.0
2000-09-08 00:00:00-04:00,30.523051813805292,30.523051813805292,29.772869427796376,30.194849014282227,3328434,0.0,0.0
2000-09-11 00:00:00-04:00,30.14795498516135,30.14795498516135,29.397772775477865,29.960407257080078,2501064,0.0,0.0
2000-09-12 00:00:00-04:00,29.819751891156546,29.819751891156546,28.928908809852427,28.97579574584961,3294982,0.0,0.0
2000-09-13 00:00:00-04:00,29.116446207896075,30.007286071777344,29.116446207896075,30.007286071777344,3564521,0.0,0.0
2000-09-14 00:00:00-04:00,29.58532001078787,29.58532001078787,28.88202467587969,29.538433074951172,3105220,0.0,0.0
2000-09-15 00:00:00-04:00,29.538435475433136,29.86664115208135,29.116458820371864,29.397777557373047,5008008,0.0,0.0
2000-09-18 00:00:00-04:00,29.304005763698296,29.304005763698296,28.506936435612907,28.835142135620117,2673594,0.0,0.0
2000-09-19 00:00:00-04:00,28.835129741658186,28.882016664489235,28.131834601832367,28.741355895996094,3023619,0.0,0.0
2000-09-20 00:00:00-04:00,28.74135871459313,28.835132569451403,27.75674484210224,27.89740562438965,4411049,0.0,0.0
2000-09-21 00:00:00-04:00,27.89740801910039,28.319384600424556,27.756747224738668,27.850521087646484,3111505,0.0,0.0
2000-09-22 00:00:00-04:00,27.85051965641519,28.366270074142886,27.616087912073542,28.084951400756836,3798885,0.0,0.0
2000-09-25 00:00:00-04:00,28.084953325306227,28.600703778376236,27.991179460791482,28.17872428894043,2627471,0.0,0.0
2000-09-26 00:00:00-04:00,28.178729018914648,28.647595519309977,28.131844979668045,28.272502899169922,3172428,0.0,0.0
2000-09-27 00:00:00-04:00,28.272498153455174,28.788248606525183,28.1318402575636,28.17872428894043,2633958,0.0,0.0
2000-09-28 00:00:00-04:00,28.319378488675063,29.585310860320742,28.319378488675063,29.11644744873047,4137557,0.0,0.0
2000-09-29 00:00:00-04:00,29.11645466973809,29.397773366636486,28.46004341001496,28.694475173950195,4846021,0.0,0.0
2000-10-02 00:00:00-04:00,28.88202371728836,29.913524667937253,28.88202371728836,29.632205963134766,3629904,0.0,0.0
2000-10-03 00:00:00-04:00,29.632205524269075,30.101069058368925,29.44465778992463,29.491544723510742,4723568,0.0,0.0
2000-10-04 00:00:00-04:00,29.725976890815808,30.147956397892056,29.725976890815808,29.913524627685547,4143639,0.0,0.0
2000-10-05 00:00:00-04:00,30.007305638877202,31.132580833209794,30.007305638877202,30.945035934448242,5604257,0.0,0.0
2000-10-06 00:00:00-04:00,30.945024072745973,30.991908103803766,29.91352317362509,30.52304458618164,4213178,0.0,0.0
2000-10-09 00:00:00-04:00,30.523044542413125,30.80436323275911,30.429273579551477,30.71059226989746,3032742,0.0,0.0
2000-10-10 00:00:00-04:00,30.851250641687557,31.46077496367577,30.851250641687557,31.038795471191406,4949518,0.0,0.0
2000-10-11 00:00:00-04:00,31.038798977870908,31.1794597915507,30.054184885635966,30.241729736328125,5266396,0.0,0.0
2000-10-12 00:00:00-04:00,30.194844426081445,30.194844426081445,29.069569567616487,29.25711441040039,5238925,0.0,0.0
2000-10-13 00:00:00-04:00,29.257118054880507,30.054187362101825,28.553822631172686,29.81975555419922,5812570,0.0,0.0
2000-10-16 00:00:00-04:00,29.350886433673324,29.350886433673324,28.13184068103399,28.694475173950195,5116168,0.0,0.0
2000-10-17 00:00:00-04:00,28.413154986608625,28.413154986608625,25.69374230384296,26.584585189819336,8387937,0.0,0.0
2000-10-18 00:00:00-04:00,26.584589508806356,26.9596791737173,25.13110907985476,26.631473541259766,9473492,0.0,0.0
2000-10-19 00:00:00-04:00,26.631468244046776,27.006560735229424,25.834402139433717,26.209491729736328,5555601,0.0,0.0
2000-10-20 00:00:00-04:00,26.209492272841562,27.897404166819825,25.74062882480763,27.287879943847656,6058794,0.0,0.0
2000-10-23 00:00:00-04:00,27.287886146999654,27.522317924308247,26.81902259238246,27.147228240966797,3605778,0.0,0.0
2000-10-24 00:00:00-04:00,27.147228240966797,27.616091795583987,26.67836178546885,27.147228240966797,4140091,0.0,0.0
2000-10-25 00:00:00-04:00,26.772131955316762,26.772131955316762,25.740631117418587,26.115720748901367,3745261,0.0,0.0
2000-10-26 00:00:00-04:00,26.115727797056714,26.631478355197405,25.92818293070041,26.350162506103516,5493462,0.0,0.0
2000-10-27 00:00:00-04:00,26.11572654022273,26.11572654022273,25.412431149572217,25.740636825561523,4566650,0.0,0.0
2000-10-30 00:00:00-05:00,25.74062876359352,27.2409929540861,25.36553626553033,26.16260528564453,4315560,0.0,0.0
2000-10-31 00:00:00-05:00,26.16260948492468,26.91279460146097,25.553088066449707,26.865907669067383,5288799,0.0,0.0
2000-11-01 00:00:00-05:00,26.865909971548138,27.75675015985148,26.11572479071896,27.475431442260742,5135935,0.0,0.0
2000-11-02 00:00:00-05:00,27.475433693589146,28.225616035007224,27.475433693589146,27.99118423461914,4406386,0.0,0.0
2000-11-03 00:00:00-05:00,27.991184085435552,28.69447948285148,27.75675228629691,28.553821563720703,4422504,0.0,0.0
2000-11-06 00:00:00-05:00,28.55382171590296,28.600708656156787,27.756752434231053,27.99118423461914,2929448,0.0,0.0
2000-11-07 00:00:00-05:00,27.89740801910039,27.89740801910039,27.38165757486841,27.850521087646484,2616929,0.0,0.0
2000-11-08 00:00:00-05:00,27.85052397032358,28.50693237597854,27.616092189669608,27.662979125976562,3870046,0.0,0.0
2000-11-09 00:00:00-05:00,25.131109948555007,25.131109948555007,23.114994952546493,23.349428176879883,25795236,0.0,0.0
2000-11-10 00:00:00-05:00,23.396307964240346,24.14649148863996,23.396307964240346,23.771400451660156,13461632,0.0,0.0
2000-11-13 00:00:00-05:00,23.490087117470623,23.490087117470623,22.505471653849703,22.833677291870117,11857577,0.0,0.0
2000-11-14 00:00:00-05:00,22.974331406240225,23.818285875074356,22.974331406240225,23.208763122558594,7006994,0.0,0.0
2000-11-15 00:00:00-05:00,23.349428570455395,24.38092810288352,23.349428570455395,23.86517906188965,6091130,0.0,0.0
2000-11-16 00:00:00-05:00,23.86517329241702,24.099605013587084,22.78678563450669,23.161876678466797,4125900,0.0,0.0
2000-11-17 00:00:00-05:00,23.161882000765832,23.396313775805268,22.27104038535176,22.64613151550293,6240345,0.0,0.0
2000-11-20 00:00:00-05:00,22.646127210824265,22.880558941301853,22.17726374986909,22.41169548034668,4915661,0.0,0.0
2000-11-21 00:00:00-05:00,22.13038015854366,22.13038015854366,21.427084861127543,22.03660774230957,5934921,0.0,0.0
2000-11-22 00:00:00-05:00,21.989716502896048,21.989716502896048,21.380193741072155,21.80217170715332,4973847,0.0,0.0
2000-11-24 00:00:00-05:00,21.802172216169314,22.45858191747412,21.427081165486577,22.317922592163086,3157121,0.0,0.0
2000-11-27 00:00:00-05:00,22.317926389889433,22.92744926966324,22.224153973871996,22.458585739135742,4937557,0.0,0.0
2000-11-28 00:00:00-05:00,22.45858240661823,22.833673465470387,22.17726374986909,22.41169548034668,4968069,0.0,0.0
2000-11-29 00:00:00-05:00,22.411696933802602,22.411696933802602,21.28642368426928,21.614627838134766,5100456,0.0,0.0
2000-11-30 00:00:00-05:00,21.614626871885797,21.89594553430325,20.91133166628228,21.70840072631836,5963507,0.0,0.0
2000-12-01 00:00:00-05:00,21.84906379262721,23.068109604245382,21.84906379262721,22.50547218322754,5580030,0.0,0.0
2000-12-04 00:00:00-05:00,22.411700296865266,22.411700296865266,21.89594979879814,22.08349609375,4151951,0.0,0.0
2000-12-05 00:00:00-05:00,22.083494121210116,23.349426785128383,21.802175429130443,23.021221160888672,5057577,0.0,0.0
2000-12-06 00:00:00-05:00,23.510308024976098,24.171240590238984,23.510308024976098,23.746355056762695,5313431,0.207165,0.0
2000-12-07 00:00:00-05:00,23.746359719156924,23.746359719156924,22.707751407026844,23.13263702392578,4134110,0.0,0.0
2000-12-08 00:00:00-05:00,23.132635795728323,23.65193992422158,22.991007264281595,23.368682861328125,2896300,0.0,0.0
2000-12-11 00:00:00-05:00,23.368679788967302,23.463098310706847,22.84937572874874,22.94379425048828,3238317,0.0,0.0
2000-12-12 00:00:00-05:00,22.943801191893122,23.085429747567687,22.471706979934236,22.896591186523438,5851698,0.0,0.0
2000-12-13 00:00:00-05:00,22.896586698999347,23.179843754832653,22.377284043883893,22.471702575683594,5113837,0.0,0.0
2000-12-14 00:00:00-05:00,22.471701696309005,22.56612022441387,21.62193202249693,21.905187606811523,7113026,0.0,0.0
2000-12-15 00:00:00-05:00,21.905190865384995,22.47170503915602,21.338678152048335,22.188447952270508,9256665,0.0,0.0
2000-12-18 00:00:00-05:00,22.188445347312346,22.613330927758383,21.763559766866308,22.1412353515625,5140598,0.0,0.0
2000-12-19 00:00:00-05:00,22.141239903726746,22.377288470572573,21.952402802771473,21.99961280822754,5936239,0.0,0.0
2000-12-20 00:00:00-05:00,20.960998328196574,20.960998328196574,20.252855752699695,20.441694259643555,9131779,0.0,0.0
2000-12-21 00:00:00-05:00,20.4416919119587,20.913785934448242,20.016806415457765,20.913785934448242,6423720,0.0,0.0
2000-12-22 00:00:00-05:00,20.724953318779313,20.724953318779313,19.639135083529062,19.969600677490234,7755398,0.0,0.0
2000-12-26 00:00:00-05:00,20.205648599539707,20.488907129967423,20.205648599539707,20.347278594970703,4882818,0.0,0.0
2000-12-27 00:00:00-05:00,20.347280239468827,21.57472569473203,20.347280239468827,21.385887145996094,8588343,0.0,0.0
2000-12-28 00:00:00-05:00,21.385885394652046,21.810770999187152,20.866582714132615,21.716352462768555,4713735,0.0,0.0
2000-12-29 00:00:00-05:00,21.71634840507039,21.99960542183391,21.480301377912127,21.85797691345215,4627876,0.0,0.0
2001-01-02 00:00:00-05:00,21.480300411740878,21.480300411740878,20.86657787664747,21.102624893188477,6545261,0.0,0.0
2001-01-03 00:00:00-05:00,21.149836948634825,23.69914894970421,21.149836948634825,23.46310043334961,10278966,0.0,0.0
2001-01-04 00:00:00-05:00,23.46310219901699,25.257063171968202,23.321473662719942,24.124034881591797,10500253,0.0,0.0
2001-01-05 00:00:00-05:00,24.124033246137518,24.643337357209795,23.65193913077516,23.793567657470703,6497415,0.0,0.0
2001-01-08 00:00:00-05:00,23.793571302390802,23.840779844898364,22.33007727596801,22.754962921142578,5067005,0.0,0.0
2001-01-09 00:00:00-05:00,22.754962921142578,23.415894199723798,22.566124369809074,22.754962921142578,4768779,0.0,0.0
2001-01-10 00:00:00-05:00,22.754957207009195,23.08542276331462,22.56611870309606,22.94379425048828,3361987,0.0,0.0
2001-01-11 00:00:00-05:00,22.94379821143838,23.699150897058754,22.14123698701532,22.282865524291992,5959655,0.0,0.0
2001-01-12 00:00:00-05:00,22.471704416089196,24.076826890312727,22.471704416089196,23.840778350830078,8352762,0.0,0.0
2001-01-16 00:00:00-05:00,24.0296092744522,25.115425786025714,24.0296092744522,24.973798751831055,6504714,0.0,0.0
2001-01-17 00:00:00-05:00,24.973805153880875,25.681946348122036,24.596128097764502,25.20985221862793,6341814,0.0,0.0
2001-01-18 00:00:00-05:00,25.209852234982783,25.257062232136516,24.218452517794056,25.021015167236328,4830309,0.0,0.0
2001-01-19 00:00:00-05:00,25.02101500011563,25.257062063439207,24.454500879791652,24.690547943115234,5077750,0.0,0.0
2001-01-22 00:00:00-05:00,23.651939656552905,23.651939656552905,23.03821554041784,23.510311126708984,6229295,0.0,0.0
2001-01-23 00:00:00-05:00,23.510314751865888,23.60473329950923,22.566124894129118,22.66054344177246,8182869,0.0,0.0
2001-01-24 00:00:00-05:00,22.660536290686686,23.463097343473475,22.566117772839416,23.038211822509766,8365940,0.0,0.0
2001-01-25 00:00:00-05:00,23.03821592191992,23.227054451650304,22.66054032289341,22.70775032043457,5866295,0.0,0.0
2001-01-26 00:00:00-05:00,22.613325608939867,22.613325608939867,22.141230143784266,22.518905639648438,9084947,0.0,0.0
2001-01-29 00:00:00-05:00,22.335734870990233,23.415886410328042,22.335734870990233,23.279924392700195,5214901,0.0,0.0
2001-01-30 00:00:00-05:00,23.279926093362203,23.642494907868937,22.62277020834587,23.34035301208496,4832337,0.0,0.0
2001-01-31 00:00:00-05:00,23.340359394119677,23.35546758836549,22.909810178323287,23.000452041625977,5115560,0.0,0.0
2001-02-01 00:00:00-05:00,23.000448200062475,23.944637891221397,22.8569313319559,23.793567657470703,5894881,0.0,0.0
2001-02-02 00:00:00-05:00,23.604734074044917,23.604734074044917,23.075988145284377,23.22705841064453,5300558,0.0,0.0
2001-02-05 00:00:00-05:00,23.227056040934453,23.264822873204132,22.51702498992102,22.98534393310547,6053827,0.0,0.0
2001-02-06 00:00:00-05:00,23.415888191575092,24.246775851728497,23.415888191575092,23.87665367126465,9262240,0.0,0.0
2001-02-07 00:00:00-05:00,23.876653305268256,24.81328805914823,23.4158878326416,23.4158878326416,8180233,0.0,0.0
2001-02-08 00:00:00-05:00,23.476322044298797,24.548920551011484,23.476322044298797,24.269441604614258,7135530,0.0,0.0
2001-02-09 00:00:00-05:00,24.269435930945356,24.269435930945356,23.60472667950409,24.133472442626953,4971313,0.0,0.0
2001-02-12 00:00:00-05:00,24.133478839314126,24.91149169071455,24.073050443996458,24.556474685668945,5408008,0.0,0.0
2001-02-13 00:00:00-05:00,24.556470731434086,24.851057833291353,23.642497423720013,23.793567657470703,6161683,0.0,0.0
2001-02-14 00:00:00-05:00,23.793567515881417,24.10326134718401,23.227053412470404,23.529193878173828,5477750,0.0,0.0
2001-02-15 00:00:00-05:00,23.604726308076582,24.548914425721875,23.604726308076582,24.480934143066406,4727826,0.0,0.0
2001-02-16 00:00:00-05:00,24.480941100064015,24.903938408287374,23.604733016073247,24.178800582885742,4744045,0.0,0.0
2001-02-20 00:00:00-05:00,24.178796463609867,24.246778214436556,23.514087146975495,23.529193878173828,4908059,0.0,0.0
2001-02-21 00:00:00-05:00,23.529195641717237,24.171244909676524,23.491427350456437,23.801122665405273,3858591,0.0,0.0
2001-02-22 00:00:00-05:00,23.80111819736071,23.944635048428452,23.113747401011416,23.4158878326416,6011252,0.0,0.0
2001-02-23 00:00:00-05:00,23.415889890567225,23.430998081823745,22.35839828692301,22.887144088745117,5774658,0.0,0.0
2001-02-26 00:00:00-05:00,22.88714508047046,23.718032836914062,22.585004609194318,23.718032836914062,4354790,0.0,0.0
2001-02-27 00:00:00-05:00,23.506538839691167,23.506538839691167,22.743632685231336,23.22705841064453,3988951,0.0,0.0
2001-02-28 00:00:00-05:00,23.22705589540828,23.597178151503915,22.856933639312647,23.37812614440918,3658794,0.0,0.0
2001-03-01 00:00:00-05:00,23.37812438450922,23.415891213699197,22.600113098853413,22.917360305786133,6341814,0.0,0.0
2001-03-02 00:00:00-05:00,22.811610129022696,22.811610129022696,21.66347662188655,22.652986526489258,6720324,0.0,0.0
2001-03-05 00:00:00-05:00,22.65298741527211,22.660540781362037,22.131794932027322,22.305526733398438,4323467,0.0,0.0
2001-03-06 00:00:00-05:00,22.305526135891437,22.58500505503499,21.98072410055386,22.45659637451172,7374861,0.0,0.0
2001-03-07 00:00:00-05:00,22.585001233894925,22.96267676654698,22.585001233894925,22.645429611206055,6147694,0.0,0.0
2001-03-08 00:00:00-05:00,22.645438356567137,22.94002553184471,22.471707982585077,22.547243118286133,4975672,0.0,0.0
2001-03-09 00:00:00-05:00,22.54723466067588,22.788946712164627,22.20732594730576,22.449039459228516,3593614,0.0,0.0
2001-03-12 00:00:00-05:00,22.199775052965666,22.199775052965666,20.39448563995283,20.779714584350586,7217942,0.0,0.0
2001-03-13 00:00:00-05:00,20.779714747643368,21.285800465428203,20.334057415038455,21.16494369506836,8567055,0.0,0.0
2001-03-14 00:00:00-05:00,21.16493937975548,21.18760093234886,19.8657359352352,20.46246337890625,6014698,0.0,0.0
2001-03-15 00:00:00-05:00,20.462468063780605,21.240479343720757,20.394486311303847,21.149837493896484,5260112,0.0,0.0
2001-03-16 00:00:00-05:00,21.142281222750622,21.142281222750622,20.4398051576037,20.78726577758789,8240953,0.0,0.0
2001-03-19 00:00:00-05:00,20.787264625644006,21.300903622846047,20.628641053931222,21.157386779785156,3868525,0.0,0.0
2001-03-20 00:00:00-05:00,21.157393992231896,21.32357098491951,20.122562280733064,20.326507568359375,4354384,0.0,0.0
2001-03-21 00:00:00-05:00,20.32650308645463,21.074300849097213,19.994149174361976,20.6815185546875,7496300,0.0,0.0
2001-03-22 00:00:00-05:00,20.68151613736629,20.772157970030317,19.684453057194112,20.371822357177734,9117385,0.0,0.0
2001-03-23 00:00:00-05:00,20.37182812605452,21.14228611252729,20.0545794312413,21.01387596130371,7512519,0.0,0.0
2001-03-26 00:00:00-05:00,21.013877558120186,21.527516741610906,20.583328333218162,21.089412689208984,5301064,0.0,0.0
2001-03-27 00:00:00-05:00,21.08940751510933,22.479254462417238,21.0591940542602,22.056257247924805,8221085,0.0,0.0
2001-03-28 00:00:00-05:00,21.53506823770017,21.53506823770017,20.764610259619047,21.42176628112793,9149316,0.0,0.0
2001-03-29 00:00:00-05:00,21.421758428356107,21.504846888833068,20.658854096349064,21.225366592407227,3528941,0.0,0.0
2001-03-30 00:00:00-05:00,21.22537085716755,21.791884927487764,20.87035539257267,21.603046417236328,3837202,0.0,0.0
2001-04-02 00:00:00-04:00,21.603047066651758,21.88252742763442,21.06674790127566,21.12717628479004,3988748,0.0,0.0
2001-04-03 00:00:00-04:00,20.945891074698284,20.945891074698284,19.99414951368062,20.470020294189453,7319615,0.0,0.0
2001-04-04 00:00:00-04:00,20.470020294189453,20.772160750468228,20.281183239232288,20.470020294189453,6380335,0.0,0.0
2001-04-05 00:00:00-04:00,20.522904057770223,21.36889740377439,20.522904057770223,21.21027374267578,5383984,0.0,0.0
2001-04-06 00:00:00-04:00,21.210262794978973,21.519956588745117,20.825033893942212,21.519956588745117,4025038,0.0,0.0
2001-04-09 00:00:00-04:00,21.519957940064607,21.82965175327759,21.18760403137772,21.603046417236328,3349721,0.0,0.0
2001-04-10 00:00:00-04:00,21.64836923462359,22.388613664315606,21.64836923462359,22.094026565551758,4737253,0.0,0.0
2001-04-11 00:00:00-04:00,22.094026969884432,22.094026969884432,21.391549355160688,21.625709533691406,4505220,0.0,0.0
2001-04-12 00:00:00-04:00,21.625708676478922,22.048704441252617,21.300906661952343,21.973169326782227,3113026,0.0,0.0
2001-04-16 00:00:00-04:00,21.973173631659783,22.396170939739203,21.83721010688894,22.02604866027832,3461733,0.0,0.0
2001-04-17 00:00:00-04:00,22.026048932253104,22.66054344177246,21.77678344071828,22.66054344177246,5099848,0.0,0.0
2001-04-18 00:00:00-04:00,22.66053832922786,24.15613386187777,22.43393298974861,24.095706939697266,7604257,0.0,0.0
2001-04-19 00:00:00-04:00,24.095705113662433,24.17124022109794,23.57451272631404,24.080596923828125,5263457,0.0,0.0
2001-04-20 00:00:00-04:00,23.921975326280624,23.921975326280624,23.045768883692233,23.687816619873047,5262646,0.0,0.0
2001-04-23 00:00:00-04:00,23.68781943700498,23.68781943700498,22.585006061746075,22.683202743530273,5707146,0.0,0.0
2001-04-24 00:00:00-04:00,22.65298317407239,22.65298317407239,21.58793830871582,21.58793830871582,6281196,0.0,0.0
2001-04-25 00:00:00-04:00,21.791888024137876,23.37057223560145,21.791888024137876,23.272377014160156,9158236,0.0,0.0
2001-04-26 00:00:00-04:00,23.415886339524754,24.14857727763804,23.415886339524754,23.808670043945312,6729143,0.0,0.0
2001-04-27 00:00:00-04:00,23.80867539024268,24.095709138529568,23.038215997358336,23.363018035888672,4785200,0.0,0.0
2001-04-30 00:00:00-04:00,23.36301768658066,23.755800012894927,22.84937858581543,22.84937858581543,3923974,0.0,0.0
2001-05-01 00:00:00-04:00,22.872037796173075,23.79356737963918,22.872037796173075,23.07598304748535,4180436,0.0,0.0
2001-05-02 00:00:00-04:00,23.189290454716208,24.05794522351407,23.189290454716208,23.604734420776367,3778104,0.0,0.0
2001-05-03 00:00:00-04:00,23.604733174814562,23.718036599735594,23.091094000070395,23.38568115234375,4089610,0.0,0.0
2001-05-04 00:00:00-04:00,23.385674844516718,23.41588830411447,22.887142538115484,23.34790802001953,2957831,0.0,0.0
2001-05-07 00:00:00-04:00,23.347909715819878,23.544300138337547,22.924912488124026,23.408336639404297,3060720,0.0,0.0
2001-05-08 00:00:00-04:00,23.400781405952724,23.400781405952724,22.932464022952715,23.083534240722656,2678966,0.0,0.0
2001-05-09 00:00:00-04:00,22.909812061738112,22.909812061738112,22.547243118286133,22.547243118286133,3529954,0.0,0.0
2001-05-10 00:00:00-04:00,22.834270613624,23.604728492698865,22.834270613624,23.476318359375,5179321,0.0,0.0
2001-05-11 00:00:00-04:00,23.476316141908676,23.944634977903323,23.317692561813427,23.61983299255371,4334820,0.0,0.0
2001-05-14 00:00:00-04:00,23.619838250723745,23.929532115132155,23.22705589540828,23.37812614440918,2824227,0.0,0.0
2001-05-15 00:00:00-04:00,23.378116926641333,23.71802558308779,23.083529911198987,23.491418838500977,4712114,0.0,0.0
2001-05-16 00:00:00-04:00,23.491428300284074,24.548920052263927,22.88714729915273,24.21656608581543,7950431,0.0,0.0
2001-05-17 00:00:00-04:00,24.21656733521301,25.115435516814337,24.171247134050578,24.556474685668945,9518702,0.0,0.0
2001-05-18 00:00:00-04:00,24.55647128509282,24.684881424806346,24.261885637027916,24.624454498291016,8055550,0.0,0.0
2001-05-21 00:00:00-04:00,25.304269827461,26.142710982008126,25.304269827461,25.893444061279297,10705018,0.0,0.0
2001-05-22 00:00:00-04:00,25.893448622806027,26.286232488169286,25.425131083835826,26.05962562561035,6933908,0.0,0.0
2001-05-23 00:00:00-04:00,25.95387286340785,25.95387286340785,25.002128335934803,25.009681701660156,6140598,0.0,0.0
2001-05-24 00:00:00-04:00,25.009685167347016,25.629075846999132,25.00213180057497,25.153202056884766,6037304,0.0,0.0
2001-05-25 00:00:00-04:00,24.934147265478757,24.934147265478757,24.292098054973348,24.654666900634766,6429498,0.0,0.0
2001-05-29 00:00:00-04:00,24.654663613730406,24.813287188728534,24.17123952425364,24.639556884765625,4457577,0.0,0.0
2001-05-30 00:00:00-04:00,24.51115166238814,24.51115166238814,23.90687069965487,24.00506591796875,5693969,0.0,0.0
2001-05-31 00:00:00-04:00,24.00506206875754,24.209007299107682,23.672708176720885,23.884206771850586,5025748,0.0,0.0
2001-06-01 00:00:00-04:00,23.88420458374898,24.020168058193065,23.559402625813913,23.959739685058594,3542119,0.0,0.0
2001-06-04 00:00:00-04:00,23.95974188008019,23.982401974418863,23.574512974152604,23.884206771850586,2927015,0.0,0.0
2001-06-05 00:00:00-04:00,23.884210690446444,23.891764056465256,23.514088453353363,23.680265426635742,3700862,0.0,0.0
2001-06-06 00:00:00-04:00,23.687819216378905,24.08060155855446,23.687819216378905,23.869104385375977,4085150,0.0,0.0
2001-06-07 00:00:00-04:00,23.86909972423028,24.480933946693852,23.823778075722828,24.284542083740234,4908971,0.0,0.0
2001-06-08 00:00:00-04:00,24.284546802468498,24.360081924368803,23.710479291852455,24.057941436767578,2948606,0.0,0.0
2001-06-11 00:00:00-04:00,23.9824063742411,23.9824063742411,23.468767251960532,23.801122665405273,3151647,0.0,0.0
2001-06-12 00:00:00-04:00,23.801120841143046,23.96729780491146,23.17417835356704,23.786012649536133,3523467,0.0,0.0
2001-06-13 00:00:00-04:00,23.740692351767628,23.740692351767628,23.0382147509785,23.264820098876953,3502484,0.0,0.0
2001-06-14 00:00:00-04:00,23.26482393449246,23.27993212852388,22.39617068788604,22.554794311523438,4397871,0.0,0.0
2001-06-15 00:00:00-04:00,22.509472199661147,22.509472199661147,22.101583098535798,22.433937072753906,6663153,0.0,0.0
2001-06-18 00:00:00-04:00,22.32063111337307,22.32063111337307,21.8296521462286,21.92784881591797,6174861,0.0,0.0
2001-06-19 00:00:00-04:00,21.927848872486344,22.358397997521816,21.784332010663146,21.791885375976562,5340699,0.0,0.0
2001-06-20 00:00:00-04:00,21.791886101223113,22.313078548233445,21.37644223255414,22.094026565551758,6074404,0.0,0.0
2001-06-21 00:00:00-04:00,22.094032248063847,22.87959707318933,21.859873474027705,22.736080169677734,4577293,0.0,0.0
2001-06-22 00:00:00-04:00,22.660540380625797,22.660540380625797,21.71635211087113,22.0487060546875,6095793,0.0,0.0
2001-06-25 00:00:00-04:00,22.048706657701352,22.048706657701352,21.36889055912925,21.89763641357422,5969589,0.0,0.0
2001-06-26 00:00:00-04:00,21.89008043234904,21.89008043234904,21.11206920616842,21.338674545288086,6466802,0.0,0.0
2001-06-27 00:00:00-04:00,21.338676752934642,21.429318605873267,20.658860665243555,21.263141632080078,8033249,0.0,0.0
2001-06-28 00:00:00-04:00,21.2631412991872,21.822100600586285,21.22537300913408,21.406658172607422,5153066,0.0,0.0
2001-06-29 00:00:00-04:00,21.40665353303376,21.897630974272566,20.968549641801825,21.82209587097168,5453725,0.0,0.0
2001-07-02 00:00:00-04:00,21.82209939788032,21.920294609911696,21.2027117427938,21.708797454833984,4309681,0.0,0.0
2001-07-03 00:00:00-04:00,21.70124115064819,21.70124115064819,21.338672353215753,21.414207458496094,2848860,0.0,0.0
2001-07-05 00:00:00-04:00,21.414206969589426,21.655919008881213,21.225368480482945,21.293350219726562,3558439,0.0,0.0
2001-07-06 00:00:00-04:00,21.240474174212874,21.240474174212874,20.598426555487833,20.9307804107666,4528738,0.0,0.0
2001-07-09 00:00:00-04:00,20.93078666404224,21.26314207904928,20.704181296715106,20.915679931640625,3619970,0.0,0.0
2001-07-10 00:00:00-04:00,20.91567761324406,20.99876609267731,20.402038545483315,20.470020294189453,4019361,0.0,0.0
2001-07-11 00:00:00-04:00,20.47002142956311,21.300907730415013,20.47002142956311,21.149837493896484,8325596,0.0,0.0
2001-07-12 00:00:00-04:00,21.1498342962195,21.21781603841799,20.250966378792103,20.86280059814453,7298023,0.0,0.0
2001-07-13 00:00:00-04:00,20.862799691328295,21.376438687594554,20.794817952084678,21.293350219726562,8039027,0.0,0.0
2001-07-16 00:00:00-04:00,21.293353632777063,21.618154191998194,20.75705445761239,20.84769630432129,5782159,0.0,0.0
2001-07-17 00:00:00-04:00,20.847696149842566,21.376441955566406,20.7117326505696,21.376441955566406,5351140,0.0,0.0
2001-07-18 00:00:00-04:00,20.96099733577741,20.96099733577741,20.31894819508763,20.402036666870117,5845717,0.0,0.0
2001-07-19 00:00:00-04:00,20.40204146805838,20.961002268505254,20.22075775249603,20.50779151916504,6124278,0.0,0.0
2001-07-20 00:00:00-04:00,20.50778887658506,20.696625934259927,20.26607533973604,20.394485473632812,4467410,0.0,0.0
2001-07-23 00:00:00-04:00,20.394488217549373,20.605986860530653,20.213204500956483,20.30384635925293,4679878,0.0,0.0
2001-07-24 00:00:00-04:00,20.303844991544704,20.303844991544704,19.661795739362105,19.752437591552734,5225849,0.0,0.0
2001-07-25 00:00:00-04:00,19.752438504828554,20.130114123446962,19.69201157419707,19.994152069091797,6284947,0.0,0.0
2001-07-26 00:00:00-04:00,19.99414821446359,20.470018964050404,19.865738090758942,20.31894874572754,9371820,0.0,0.0
2001-07-27 00:00:00-04:00,20.318955262164945,20.65886409261966,20.26608023066432,20.417150497436523,4067816,0.0,0.0
2001-07-30 00:00:00-04:00,20.59843388615936,20.696629112813582,19.941277845240208,20.092348098754883,6548099,0.0,0.0
2001-07-31 00:00:00-04:00,20.107456343064587,20.273633342331806,19.775102344530154,19.90351104736328,7955195,0.0,0.0
2001-08-01 00:00:00-04:00,20.054580294883923,20.288740507940716,19.835529736329462,20.14522361755371,6647846,0.0,0.0
2001-08-02 00:00:00-04:00,20.43225331806556,20.52289516220001,19.941274349983246,20.016809463500977,7907653,0.0,0.0
2001-08-03 00:00:00-04:00,20.47002373254157,20.77216423957092,20.092348098754883,20.092348098754883,9633452,0.0,0.0
2001-08-06 00:00:00-04:00,20.16787802559233,20.409590076807884,20.10744964767994,20.26607322692871,5336949,0.0,0.0
2001-08-07 00:00:00-04:00,20.266078220174172,20.8854674208415,20.21320465435337,20.62109375,6086974,0.0,0.0
2001-08-08 00:00:00-04:00,20.59843788799707,20.689079765628783,20.250975653235052,20.40959930419922,5405474,0.0,0.0
2001-08-09 00:00:00-04:00,20.409592461091826,21.134730159884338,20.24341549774518,20.575769424438477,5464369,0.0,0.0
2001-08-10 00:00:00-04:00,20.43225448106501,20.78726851250177,20.296290976907255,20.696626663208008,4685555,0.0,0.0
2001-08-13 00:00:00-04:00,20.696626194381953,20.840143061027018,20.50778913433372,20.575769424438477,3521237,0.0,0.0
2001-08-14 00:00:00-04:00,20.57577132101538,20.757056492640604,20.4020409760879,20.45491600036621,3733806,0.0,0.0
2001-08-15 00:00:00-04:00,20.394484196943854,20.605982798229913,20.06213029523295,20.107450485229492,4947795,0.0,0.0
2001-08-16 00:00:00-04:00,20.01681034185589,20.05457717005493,19.752436702725824,19.979042053222656,7465585,0.0,0.0
2001-08-17 00:00:00-04:00,19.979044497352255,20.167883042751544,18.959321025586092,19.37476348876953,6877141,0.0,0.0
2001-08-20 00:00:00-04:00,19.41253408479234,19.624032754971733,19.26146381472628,19.5636043548584,4232438,0.0,0.0
2001-08-21 00:00:00-04:00,19.624029230330663,19.89595479134872,19.374762307187925,19.488065719604492,4127015,0.0,0.0
2001-08-22 00:00:00-04:00,19.48806833463468,19.933725757130276,19.35210480566408,19.722227096557617,3579219,0.0,0.0
2001-08-23 00:00:00-04:00,19.563600521191784,19.873294368096406,19.54849378923239,19.752437591552734,2965737,0.0,0.0
2001-08-24 00:00:00-04:00,19.76754243956592,20.2811814623249,19.67689914227656,20.130109786987305,3809934,0.0,0.0
2001-08-27 00:00:00-04:00,20.24341510145406,20.34161031233948,19.93372127752501,19.941274642944336,3276229,0.0,0.0
2001-08-28 00:00:00-04:00,19.941280988312784,20.1150113691071,19.374766718123634,19.457855224609375,3233857,0.0,0.0
2001-08-29 00:00:00-04:00,19.548495064337818,19.548495064337818,19.14815787869519,19.193479537963867,3424633,0.0,0.0
2001-08-30 00:00:00-04:00,19.155711242790268,19.374763251765362,18.445681650564836,18.604305267333984,5244703,0.0,0.0
2001-08-31 00:00:00-04:00,18.551426046131237,19.27656366774157,18.551426046131237,19.208581924438477,4093969,0.0,0.0
2001-09-04 00:00:00-04:00,18.959318041798586,19.67690089634133,18.883782927613343,19.420082092285156,5390167,0.0,0.0
2001-09-05 00:00:00-04:00,19.23124151171456,19.51827520688603,18.95931600610526,19.15570640563965,4705626,0.0,0.0
2001-09-06 00:00:00-04:00,18.898891850574163,19.185925609859908,18.302164233248842,18.49855613708496,6541206,0.0,0.0
2001-09-07 00:00:00-04:00,18.203965876382604,18.430571206196884,17.486381601753692,18.211519241333008,8813583,0.0,0.0
2001-09-10 00:00:00-04:00,17.75075510287915,18.1208772852448,17.56191659902833,17.811182022094727,7357628,0.0,0.0
2001-09-17 00:00:00-04:00,14.351675465453184,15.862377838567365,14.238373517686734,14.54051399230957,46866396,0.0,0.0
2001-09-18 00:00:00-04:00,15.099475796220377,15.107029163298145,13.407487980807625,13.898467063903809,23455449,0.0,0.0
2001-09-19 00:00:00-04:00,13.785161968484713,14.125069251573382,12.69745544964587,13.9739990234375,25406386,0.0,0.0
2001-09-20 00:00:00-04:00,13.520789517106119,13.84559009776814,11.707945891304059,12.82586669921875,61903294,0.0,0.0
2001-09-21 00:00:00-04:00,12.463299101569522,13.747396283823532,12.100730193316801,13.498130798339844,44317993,0.0,0.0
2001-09-24 00:00:00-04:00,13.596326183006068,13.974001829176546,13.226203903715556,13.520791053771973,24310086,0.0,0.0
2001-09-25 00:00:00-04:00,13.513238089096593,13.566113119264548,13.029812371349161,13.188437461853027,16898327,0.0,0.0
2001-09-26 00:00:00-04:00,13.520788608110696,13.528341973624396,13.067577914683577,13.17332649230957,14167359,0.0,0.0
2001-09-27 00:00:00-04:00,13.029812825799027,13.437703426290438,12.939170956945777,13.256418228149414,7822605,0.0,0.0
2001-09-28 00:00:00-04:00,13.596320813598965,14.200601608831466,13.415037159202758,14.064638137817383,12816320,0.0,0.0
2001-10-01 00:00:00-04:00,14.064642822894008,14.291248196590766,13.611432075500488,13.611432075500488,7872174,0.0,0.0
2001-10-02 00:00:00-04:00,13.709630007564005,14.351677894592285,13.671861711626443,14.351677894592285,9593208,0.0,0.0
2001-10-03 00:00:00-04:00,14.351674060099173,15.144793458536876,13.981551868886124,15.039043426513672,13098226,0.0,0.0
2001-10-04 00:00:00-04:00,15.091919534734647,15.280758056765798,14.578280448913574,14.578280448913574,13177699,0.0,0.0
2001-10-05 00:00:00-04:00,14.910637123762038,14.918190490042129,14.208159455370453,14.50274658203125,9441967,0.0,0.0
2001-10-08 00:00:00-04:00,14.502741011854202,14.585829469457105,13.906013621442103,14.13261890411377,6043994,0.0,0.0
2001-10-09 00:00:00-04:00,14.011768378969643,14.427210807800293,13.974000088839086,14.427210807800293,6613178,0.0,0.0
2001-10-10 00:00:00-04:00,14.20060486528546,14.714243951106534,14.079748094350787,14.578280448913574,6645920,0.0,0.0
2001-10-11 00:00:00-04:00,14.80488629464601,15.47714900204974,14.774672831118119,14.993724822998047,13604663,0.0,0.0
2001-10-12 00:00:00-04:00,14.653814424442196,15.023936613617112,14.4272090919127,14.812438011169434,8587228,0.0,0.0
2001-10-15 00:00:00-04:00,14.404549833805909,14.638708544982748,14.276139699780682,14.464978218078613,5495489,0.0,0.0
2001-10-16 00:00:00-04:00,14.65381500773043,14.797331870088472,14.238372611773569,14.47253131866455,6478662,0.0,0.0
2001-10-17 00:00:00-04:00,14.91063531414046,15.031490620388684,13.906017274732937,13.9739990234375,9042169,0.0,0.0
2001-10-18 00:00:00-04:00,13.974001829176546,13.989108562936478,13.452809291417843,13.520791053771973,6889002,0.0,0.0
2001-10-19 00:00:00-04:00,13.596327424463091,13.966449737548828,13.520792288332014,13.966449737548828,6913127,0.0,0.0
2001-10-22 00:00:00-04:00,13.79271353182035,14.094853948617258,13.679410145304535,14.011765480041504,8643386,0.0,0.0
2001-10-23 00:00:00-04:00,14.238375025904029,14.313910152560888,13.898466225730969,13.989108085632324,6825646,0.0,0.0
2001-10-24 00:00:00-04:00,14.011767499886332,14.238372845149959,13.860697269710581,13.928677558898926,5263457,0.0,0.0
2001-10-25 00:00:00-04:00,13.618987080237833,14.427213448447173,13.596326978272517,14.366785049438477,9178206,0.0,0.0
2001-10-26 00:00:00-04:00,14.162833818063579,14.646257836922967,14.004208805803032,14.13261890411377,5991080,0.0,0.0
2001-10-29 00:00:00-05:00,14.125072186790927,14.200607316555216,13.709629703304557,13.785164833068848,5995337,0.0,0.0
2001-10-30 00:00:00-05:00,13.860698078837782,14.20060538635845,13.60387779628646,13.717181205749512,7849671,0.0,0.0
2001-10-31 00:00:00-05:00,13.936232168103132,14.31390773767001,13.822928767016,14.041980743408203,5916776,0.0,0.0
2001-11-01 00:00:00-05:00,14.079747829095549,14.419656578174239,13.943785789898234,14.223264694213867,5531678,0.0,0.0
2001-11-02 00:00:00-05:00,14.389446348778847,14.427213184697278,14.125072655611868,14.253482818603516,6930563,0.0,0.0
2001-11-05 00:00:00-05:00,14.540513067172789,14.729350121580234,14.35167455233121,14.47253131866455,7297922,0.0,0.0
2001-11-06 00:00:00-05:00,14.087301917157188,14.16283702850342,13.860696583118497,14.162837028503418,11325494,0.0,0.0
2001-11-07 00:00:00-05:00,13.973999129101413,14.034427512899521,13.807822168982229,13.943785667419434,9948201,0.0,0.0
2001-11-08 00:00:00-05:00,14.125068716524268,14.767117891998405,14.011766779931232,14.230818748474121,8400203,0.0,0.0
2001-11-09 00:00:00-05:00,13.747395375110333,14.427211485484921,13.63409342026506,14.313909530639648,11350329,0.0,0.0
2001-11-12 00:00:00-05:00,14.351670823406424,14.351670823406424,13.747390069615312,14.13261890411377,16017841,0.0,0.0
2001-11-13 00:00:00-05:00,14.313908858277117,14.714244555229241,14.28369393408582,14.427210807800293,11777395,0.0,0.0
2001-11-14 00:00:00-05:00,14.76711360940949,14.993718877312181,14.389438162905007,14.593381881713867,15731069,0.0,0.0
2001-11-15 00:00:00-05:00,14.540517142693444,15.40161709776285,14.351678574922833,15.333635330200195,14154384,0.0,0.0
2001-11-16 00:00:00-05:00,15.48470321827217,16.12675249740606,15.409168094870202,15.681095123291016,13948708,0.0,0.0
2001-11-19 00:00:00-05:00,16.051219883762933,16.3307003221799,15.877489510904327,16.24005699157715,17443183,0.0,0.0
2001-11-20 00:00:00-05:00,16.202287749297433,16.549749903875703,16.051217501295458,16.06632423400879,11897415,0.0,0.0
2001-11-21 00:00:00-05:00,16.073876461651658,16.104091385372147,15.416720491267355,15.749075889587402,6352560,0.0,0.0
2001-11-23 00:00:00-05:00,16.051218580689426,16.08143204814785,15.749078064367481,15.862380027770996,2975063,0.0,0.0
2001-11-26 00:00:00-05:00,15.975683437625221,16.2400556589583,15.869933380744447,16.156967163085938,5084643,0.0,0.0
2001-11-27 00:00:00-05:00,15.862380516454198,16.088985910676843,15.7113102536391,15.915255546569824,7919919,0.0,0.0
2001-11-28 00:00:00-05:00,15.86237835194276,15.86237835194276,15.227883918873502,15.265650749206543,6045819,0.0,0.0
2001-11-29 00:00:00-05:00,15.454487429905006,15.477147525388945,14.918188280413087,15.303417205810547,7255651,0.0,0.0
2001-11-30 00:00:00-05:00,15.499807727249845,15.673539508454684,15.22032883306087,15.462040901184082,6914648,0.0,0.0
2001-12-03 00:00:00-05:00,15.462040442681035,15.462040442681035,14.955954765368237,15.084364891052246,7022605,0.0,0.0
2001-12-04 00:00:00-05:00,15.182558340727082,15.2203266217397,14.729347731179043,15.107023239135742,8421591,0.0,0.0
2001-12-05 00:00:00-05:00,15.649015708393485,16.717728774693143,15.557412026468365,16.526887893676758,13074202,0.207165,0.0
2001-12-06 00:00:00-05:00,16.717730010419007,17.2673550944592,16.412383397477345,17.20628547668457,12057881,0.0,0.0
2001-12-07 00:00:00-05:00,17.1757525977135,17.48109923184539,16.939107627922844,17.061246871948242,8546680,0.0,0.0
2001-12-10 00:00:00-05:00,16.794066048696276,17.06124506320253,16.259709495615212,16.511621475219727,7548099,0.0,0.0
2001-12-11 00:00:00-05:00,16.595592321564812,17.290255721375985,16.526889185766837,17.099414825439453,10316371,0.0,0.0
2001-12-12 00:00:00-05:00,17.099415086322196,17.2444534019624,16.80170198529932,16.977275848388672,7320628,0.0,0.0
2001-12-13 00:00:00-05:00,16.794068493750306,16.92384126117166,16.259711862872084,16.48872184753418,8161581,0.0,0.0
2001-12-14 00:00:00-05:00,16.259709654697282,16.40474943954576,15.549779241437475,16.00779914855957,9191485,0.0,0.0
2001-12-17 00:00:00-05:00,16.221542958174442,16.252077029954005,15.748255990001963,15.870393753051758,6157425,0.0,0.0
2001-12-18 00:00:00-05:00,16.030699701136236,16.206275032018397,15.801689747575189,16.00779914855957,12772022,0.0,0.0
2001-12-19 00:00:00-05:00,15.954363407418322,15.954363407418322,15.580313660627942,15.801690101623535,9295895,0.0,0.0
2001-12-20 00:00:00-05:00,15.80932400319251,15.992532860153718,15.656650693690601,15.687186241149902,6937760,0.0,0.0
2001-12-21 00:00:00-05:00,15.839861698867313,15.87039577453614,15.649019298141955,15.786425590515137,12465890,0.0,0.0
2001-12-24 00:00:00-05:00,15.992531133992577,15.992531133992577,15.603214384376946,15.763521194458008,2785200,0.0,0.0
2001-12-26 00:00:00-05:00,15.649022283346925,15.87039880197086,15.649022283346925,15.725358963012695,4271668,0.0,0.0
2001-12-27 00:00:00-05:00,15.839863551180452,16.030704498291016,15.694823722929112,16.030704498291016,6157527,0.0,0.0
2001-12-28 00:00:00-05:00,16.030703187052904,16.145208926698718,15.885663370665155,15.992535591125488,7469742,0.0,0.0
2001-12-31 00:00:00-05:00,15.99253421277531,16.22154419639745,15.687187567945788,15.816960334777832,7562696,0.0,0.0
2002-01-02 00:00:00-05:00,15.954363742005558,16.420018662783498,15.900929117008825,16.374216079711914,8711404,0.0,0.0
2002-01-03 00:00:00-05:00,16.87040501002457,16.946741670921224,16.717731688231254,16.88567352294922,12440750,0.0,0.0
2002-01-04 00:00:00-05:00,17.160484527240715,17.366593953367698,16.962010095502116,17.328426361083984,9727927,0.0,0.0
2002-01-07 00:00:00-05:00,17.519265794681008,18.01545478398245,17.41239506938131,17.748275756835938,13697719,0.0,0.0
2002-01-08 00:00:00-05:00,17.74827441663495,17.74827441663495,17.29025452691091,17.397125244140625,6347086,0.0,0.0
2002-01-09 00:00:00-05:00,17.458200310766486,17.473467350006104,16.526893205967276,16.64139747619629,9389458,0.0,0.0
2002-01-10 00:00:00-05:00,16.962007274221797,17.084145025146228,16.488718877104017,17.01544189453125,6213887,0.0,0.0
2002-01-11 00:00:00-05:00,16.67955909368409,17.05360876749641,16.58795542326563,16.694826126098633,5681906,0.0,0.0
2002-01-14 00:00:00-05:00,16.458186383484563,16.641393765370747,16.183373834723746,16.313146591186523,6433654,0.0,0.0
2002-01-15 00:00:00-05:00,16.374220869174913,16.50399366256003,16.16811139896301,16.39712142944336,7068525,0.0,0.0
2002-01-16 00:00:00-05:00,16.397111856968554,16.412378888234773,15.649012565612793,15.649012565612793,6977091,0.0,0.0
2002-01-17 00:00:00-05:00,15.916197923264015,16.29024771950865,15.84749477897976,16.213911056518555,6574962,0.0,0.0
2002-01-18 00:00:00-05:00,16.18337631225586,16.267346498136416,16.030702978667254,16.18337631225586,5676432,0.0,0.0
2002-01-22 00:00:00-05:00,16.33604430132697,16.39711390996917,16.023064217458398,16.114667892456055,5556918,0.0,0.0
2002-01-23 00:00:00-05:00,16.07650001720572,16.412380644733844,15.885657678160195,16.343677520751953,7454435,0.0,0.0
2002-01-24 00:00:00-05:00,16.565059646227375,16.725367974834,15.878029645078644,16.18337631225586,7931678,0.0,0.0
2002-01-25 00:00:00-05:00,16.374218594634684,16.717732854671716,16.221545262188947,16.626129150390625,5595438,0.0,0.0
2002-01-28 00:00:00-05:00,17.252085265097403,17.252085265097403,16.64139066218194,16.900936126708984,5216320,0.0,0.0
2002-01-29 00:00:00-05:00,16.931472872944088,16.97727545509097,16.0459685842001,16.603225708007812,7704105,0.0,0.0
2002-01-30 00:00:00-05:00,16.221543874646628,16.603227173112924,15.282601927267402,16.336048126220703,10943740,0.0,0.0
2002-01-31 00:00:00-05:00,16.336049739222236,16.984912148648633,15.878029735838348,16.076505661010742,10336847,0.0,0.0
2002-02-01 00:00:00-05:00,17.137582778930664,17.252088499674397,16.67956284781881,17.137582778930664,15985707,0.0,0.0
2002-02-04 00:00:00-05:00,17.14521758647781,17.14521758647781,16.526890780560915,16.54979133605957,7700355,0.0,0.0
2002-02-05 00:00:00-05:00,16.412387459806393,16.778803781216602,16.374219861707342,16.64139747619629,6495489,0.0,0.0
2002-02-06 00:00:00-05:00,16.52688454104782,16.90856770158408,16.183368958599637,16.35131072998047,6953573,0.0,0.0
2002-02-07 00:00:00-05:00,16.511623613452127,17.24445466701932,16.435286953126482,17.21392059326172,10490725,0.0,0.0
2002-02-08 00:00:00-05:00,17.213918631200816,18.007820693656683,17.045978292812748,17.878047943115234,10158236,0.0,0.0
2002-02-11 00:00:00-05:00,17.755907900620716,18.351334051333247,17.641403666369833,18.282630920410156,7725900,0.0,0.0
2002-02-12 00:00:00-05:00,17.939116263418608,18.09178955563669,17.671937264071286,17.86277961730957,9804359,0.0,0.0
2002-02-13 00:00:00-05:00,17.74827822093879,18.32080394377915,17.610871929382565,18.22156524658203,7262038,0.0,0.0
2002-02-14 00:00:00-05:00,18.320798085920142,18.618511130457822,18.28262902783342,18.504005432128906,6929346,0.0,0.0
2002-02-15 00:00:00-05:00,18.46583938967301,18.54980955334781,18.137590776110017,18.244462966918945,6691232,0.0,0.0
2002-02-19 00:00:00-05:00,18.09179026132399,18.236830042181715,17.442928006121978,17.4505615234375,7596351,0.0,0.0
2002-02-20 00:00:00-05:00,17.710110014000776,18.656684032546,17.595604283020677,18.57271385192871,10832438,0.0,0.0
2002-02-21 00:00:00-05:00,18.397134887442597,18.58797575175548,17.992549657460263,18.114688873291016,6379625,0.0,0.0
2002-02-22 00:00:00-05:00,17.931482926936706,18.511640557647674,17.763541123060868,18.06888771057129,4360973,0.0,0.0
2002-02-25 00:00:00-05:00,18.259729085334993,18.626145265860263,18.191025959240797,18.488739013671875,6487988,0.0,0.0
2002-02-26 00:00:00-05:00,18.679581134740864,18.778819810157366,18.000184820875237,18.23682975769043,6648657,0.0,0.0
2002-02-27 00:00:00-05:00,18.358965363406664,18.702480976761482,18.32079778188459,18.511638641357422,7924785,0.0,0.0
2002-02-28 00:00:00-05:00,18.1299562545503,18.13758977119495,17.450559989794954,17.557432174682617,15552357,0.0,0.0
2002-03-01 00:00:00-05:00,17.51926184845517,18.320797273416776,17.404757631135617,18.31316375732422,9413482,0.0,0.0
2002-03-04 00:00:00-05:00,18.320802688718217,18.320802688718217,17.748277005098554,17.984920501708984,9676736,0.0,0.0
2002-03-05 00:00:00-05:00,17.939120047296516,18.51927779453841,17.893317459597462,18.351337432861328,11560872,0.0,0.0
2002-03-06 00:00:00-05:00,18.320798509331034,18.442936250982513,18.160491708710712,18.435302734375,9077141,0.0,0.0
2002-03-07 00:00:00-05:00,18.435303471649604,18.435303471649604,17.9772836012938,18.137590408325195,7984693,0.0,0.0
2002-03-08 00:00:00-05:00,18.320797625523337,18.39713426384721,17.832242254691817,18.129955291748047,10421896,0.0,0.0
2002-03-11 00:00:00-05:00,18.01545053782334,18.38186521016376,17.939113901763893,18.259727478027344,3669843,0.0,0.0
2002-03-12 00:00:00-05:00,18.18339453129204,18.297898770647993,17.89331496022414,18.099424362182617,5884440,0.0,0.0
2002-03-13 00:00:00-05:00,18.099424749803664,18.244464538443818,17.824612207973587,17.916215896606445,4123264,0.0,0.0
2002-03-14 00:00:00-05:00,17.8551548567281,17.97729266484196,17.694846492943256,17.939125061035156,5966143,0.0,0.0
2002-03-15 00:00:00-05:00,18.297901583248656,18.626150268511836,18.16813028882208,18.565080642700195,11480588,0.0,0.0
2002-03-18 00:00:00-05:00,18.687216787689987,19.084167075577586,18.465840353382553,18.71011734008789,7752154,0.0,0.0
2002-03-19 00:00:00-05:00,19.02309538915628,19.02309538915628,18.290263032881406,18.549808502197266,7498936,0.0,0.0
2002-03-20 00:00:00-05:00,18.435305020493363,18.610880352032677,18.18339451341279,18.32080078125,5090928,0.0,0.0
2002-03-21 00:00:00-05:00,18.32080092916615,18.397137581255198,17.694839201290765,18.038354873657227,4549012,0.0,0.0
2002-03-22 00:00:00-05:00,18.053624713392875,18.122327858538718,17.755911576404788,17.900951385498047,4039838,0.0,0.0
2002-03-25 00:00:00-05:00,18.091789117293555,18.091789117293555,17.595600191641193,17.710105895996094,4639838,0.0,0.0
2002-03-26 00:00:00-05:00,17.595601304295226,18.053621198814966,17.290254707948733,17.4505615234375,7751140,0.0,0.0
2002-03-27 00:00:00-05:00,17.38185936960023,17.595602294254615,17.290255680728784,17.47346305847168,5331374,0.0,0.0
2002-03-28 00:00:00-05:00,17.671941586029675,17.771178807462082,17.45056511057913,17.618505477905273,6052306,0.0,0.0
2002-04-01 00:00:00-05:00,17.290253915761742,17.549797920392173,16.870401627055962,17.481096267700195,6293563,0.0,0.0
2002-04-02 00:00:00-05:00,17.404761162952845,17.48109781530003,17.175751205911286,17.374225616455078,4508566,0.0,0.0
2002-04-03 00:00:00-05:00,17.374224640963057,17.397125192601994,16.94673882144781,17.129947662353516,5709782,0.0,0.0
2002-04-04 00:00:00-05:00,17.129944415320935,17.389488379159094,16.98490466390425,17.221548080444336,5067917,0.0,0.0
2002-04-05 00:00:00-05:00,17.336058716875772,18.03072213323566,17.183385406116862,17.740642547607422,8132387,0.0,0.0
2002-04-08 00:00:00-04:00,17.36659225580208,17.694839421082786,17.35132522038093,17.649038314819336,5160872,0.0,0.0
2002-04-09 00:00:00-04:00,17.710107131592434,17.91621505232084,17.57270086715254,17.610868453979492,4568677,0.0,0.0
2002-04-10 00:00:00-04:00,17.900946957016757,18.504006600604722,17.748273666891482,18.358966827392578,10192904,0.0,0.0
2002-04-11 00:00:00-04:00,18.244464538443818,18.389504327083973,17.76354259024118,17.916215896606445,7707146,0.0,0.0
2002-04-12 00:00:00-04:00,17.92384901284662,18.358968369020634,17.862780872413612,18.32080078125,4891637,0.0,0.0
2002-04-15 00:00:00-04:00,18.32080061608265,18.32080061608265,17.893314781316672,18.045988082885742,4155195,0.0,0.0
2002-04-16 00:00:00-04:00,18.39713626013338,18.427670328403714,18.1452242931776,18.244462966918945,5324480,0.0,0.0
2002-04-17 00:00:00-04:00,18.32079973323746,18.511640613036803,18.168126439025432,18.404769897460938,6612671,0.0,0.0
2002-04-18 00:00:00-04:00,18.42003692661947,18.679580936335835,17.748274137085403,18.62614631652832,11072377,0.0,0.0
2002-04-19 00:00:00-04:00,18.89331864541663,19.213933655710804,18.89331864541663,19.045991897583008,16929143,0.0,0.0
2002-04-22 00:00:00-04:00,19.084171962836827,19.191042710660327,18.687221573294334,18.733022689819336,5922960,0.0,0.0
2002-04-23 00:00:00-04:00,18.84752007268543,19.160500133836443,18.549807043603998,18.70248031616211,5510086,0.0,0.0
2002-04-24 00:00:00-04:00,18.85515489195357,19.08416481661948,18.702481608842966,18.717748641967773,6497010,0.0,0.0
2002-04-25 00:00:00-04:00,18.511640000794667,19.198669802026405,18.07652068390183,19.084165573120117,9200710,0.0,0.0
2002-04-26 00:00:00-04:00,18.70248522077253,18.98492981592255,18.145226596645994,18.397138595581055,11017233,0.0,0.0
2002-04-29 00:00:00-04:00,18.2444593374847,18.31316245335698,17.38948788482124,17.572696685791016,6548606,0.0,0.0
2002-04-30 00:00:00-04:00,17.572701717848684,17.93911794878283,17.36659231121107,17.694839477539062,7835580,0.0,0.0
2002-05-01 00:00:00-04:00,17.885682309083702,18.549811652500793,17.56506865223805,18.450572967529297,8371515,0.0,0.0
2002-05-02 00:00:00-04:00,18.66431403376786,18.855156390792242,18.152858051911167,18.343700408935547,5764116,0.0,0.0
2002-05-03 00:00:00-04:00,18.16812278745233,18.290260512714916,17.633766365109416,18.01544952392578,4675621,0.0,0.0
2002-05-06 00:00:00-04:00,17.839879289888977,18.000186114396886,17.47346305847168,17.47346305847168,4016523,0.0,0.0
2002-05-07 00:00:00-04:00,17.48109805214818,17.809345218908994,17.389492887345227,17.47346305847168,5323061,0.0,0.0
2002-05-08 00:00:00-04:00,17.55743481088221,18.244464695437816,17.519265745996698,18.191028594970703,6028789,0.0,0.0
2002-05-09 00:00:00-04:00,18.015456360812856,18.16812968227911,17.755910828761234,17.97728729248047,4736036,0.0,0.0
2002-05-10 00:00:00-04:00,17.977284538663437,17.977284538663437,17.595601293465243,17.671937942504883,5033147,0.0,0.0
2002-05-13 00:00:00-04:00,17.900951385498047,18.015457119385022,17.755911576404788,17.900951385498047,3536543,0.0,0.0
2002-05-14 00:00:00-04:00,18.320799728188415,18.694849446497937,18.168126434018465,18.62614631652832,6098327,0.0,0.0
2002-05-15 00:00:00-04:00,18.397133771045887,19.06889646548781,18.3895002550111,18.70248031616211,6484339,0.0,0.0
2002-05-16 00:00:00-04:00,18.816985524372935,18.870421615364,18.542174504843,18.72538185119629,4484440,0.0,0.0
2002-05-17 00:00:00-04:00,18.54981272972788,18.984930656744538,18.54981272972788,18.969663619995117,4386214,0.0,0.0
2002-05-20 00:00:00-04:00,18.77882444247407,18.816992037871355,18.44294222331913,18.649051666259766,3584693,0.0,0.0
2002-05-21 00:00:00-04:00,18.687221183152847,18.725388779460175,17.969655613257135,18.198665618896484,5971515,0.0,0.0
2002-05-22 00:00:00-04:00,18.12996137734029,18.168130447279854,17.610871767311526,17.900951385498047,6117182,0.0,0.0
2002-05-23 00:00:00-04:00,18.091791387758793,18.191028594970703,17.786444772400746,18.191028594970703,6812772,0.0,0.0
2002-05-24 00:00:00-04:00,18.28263362104215,18.30553417608882,17.832247182867956,17.984920501708984,3359047,0.0,0.0
2002-05-28 00:00:00-04:00,18.168129994946444,18.2444666569933,17.908584458428134,17.969654083251953,4680385,0.0,0.0
2002-05-29 00:00:00-04:00,17.97728529681734,18.053621949076312,17.44292873100451,17.59560203552246,6389863,0.0,0.0
2002-05-30 00:00:00-04:00,17.36658935511785,17.786441614661907,17.252085132652994,17.73300552368164,5042980,0.0,0.0
2002-05-31 00:00:00-04:00,17.557432604343123,17.878046214989496,17.404759315851393,17.48872947692871,5917486,0.0,0.0
2002-06-03 00:00:00-04:00,17.557435933369966,17.83224701920261,17.023077846399115,17.175752639770508,7060517,0.0,0.0
2002-06-04 00:00:00-04:00,16.984909366268074,17.137582675719216,16.78643347360898,16.977275848388672,9560365,0.0,0.0
2002-06-05 00:00:00-04:00,16.97727722083888,17.30552441991501,16.816970380549062,16.88567352294922,6857679,0.0,0.0
2002-06-06 00:00:00-04:00,17.099415836985404,17.099415836985404,16.442919987152766,16.5650577545166,5631728,0.0,0.0
2002-06-07 00:00:00-04:00,16.221541303305425,16.65666063736399,16.10703559395048,16.526887893676758,7702585,0.0,0.0
2002-06-10 00:00:00-04:00,16.603223315931665,17.015440592138273,16.450550032013474,16.778797149658203,5431424,0.0,0.0
2002-06-11 00:00:00-04:00,16.79406912445853,17.076515225595326,16.389485245807347,16.47345542907715,6667309,0.0,0.0
2002-06-12 00:00:00-04:00,16.44291955773347,16.526889731831787,15.267334168493962,16.145206451416016,11379524,0.0,0.0
2002-06-13 00:00:00-04:00,16.0307074963688,16.168113830508133,15.870400598516975,16.061243057250977,6980030,0.0,0.0
2002-06-14 00:00:00-04:00,15.649016921861286,16.183373496446592,15.038323693763791,16.05360221862793,6869235,0.0,0.0
2002-06-17 00:00:00-04:00,16.03069840905521,16.626124535508627,15.916194179469503,16.435283660888672,5371110,0.0,0.0
2002-06-18 00:00:00-04:00,16.603228009591646,16.93910873879117,16.42765412623114,16.755901336669922,5546984,0.0,0.0
2002-06-19 00:00:00-04:00,16.221542167744506,16.37421547106607,15.839858909440604,15.923829078674316,8544653,0.0,0.0
2002-06-20 00:00:00-04:00,15.83985703889268,15.847490555564159,14.87801475117938,14.931450843811035,11775570,0.0,0.0
2002-06-21 00:00:00-04:00,14.732975591220832,14.916184426699127,14.618471360486838,14.694808006286621,13331475,0.0,0.0
2002-06-24 00:00:00-04:00,14.694812557754522,14.88565349339803,14.351296807291666,14.5039701461792,14242271,0.0,0.0
2002-06-25 00:00:00-04:00,15.000154777606037,15.000154777606037,14.641372095068077,14.679539680480957,8696097,0.0,0.0
2002-06-26 00:00:00-04:00,14.236792868034646,14.64901030212468,14.198623794470317,14.519237518310547,9995641,0.0,0.0
2002-06-27 00:00:00-04:00,14.809315684195077,14.809315684195077,14.08411811825809,14.54213809967041,12781450,0.0,0.0
2002-06-28 00:00:00-04:00,14.351296617090403,14.488702915454468,14.114653092544206,14.427633285522461,14430005,0.0,0.0
2002-07-01 00:00:00-04:00,14.427633572689869,14.572673393190827,13.923810960637493,14.015416145324707,7887886,0.0,0.0
2002-07-02 00:00:00-04:00,13.87037154691327,14.274955315509978,13.435252235295428,14.122282028198242,11426153,0.0,0.0
2002-07-03 00:00:00-04:00,14.12228365761347,14.511600437584255,14.023046452190346,14.465799331665039,6261531,0.0,0.0
2002-07-05 00:00:00-04:00,14.580302148337944,15.26733195340746,14.542134563799754,15.107025146484375,3883629,0.0,0.0
2002-07-08 00:00:00-04:00,14.961990162841795,15.107029982378133,14.389465879979458,14.5039701461792,6650076,0.0,0.0
2002-07-09 00:00:00-04:00,14.503971015221309,14.786417151866262,14.267327473359718,14.32076358795166,6657172,0.0,0.0
2002-07-10 00:00:00-04:00,14.389462854377337,14.58030374989366,13.839837769203752,13.961977005004883,6413279,0.0,0.0
2002-07-11 00:00:00-04:00,13.740603817551015,14.2749605178833,13.595563994153354,14.2749605178833,8003852,0.0,0.0
2002-07-12 00:00:00-04:00,13.969611212025159,14.450531709349622,13.740601240547093,14.08411693572998,6087886,0.0,0.0
2002-07-15 00:00:00-04:00,13.778766440579316,13.939073228036493,13.190973902615557,13.725330352783203,9406792,0.0,0.0
2002-07-16 00:00:00-04:00,13.16807356116188,13.839836336672386,13.129905976381862,13.473420143127441,9288089,0.0,0.0
2002-07-17 00:00:00-04:00,13.778771475600012,13.939078321636307,13.511592414918383,13.84747314453125,7670755,0.0,0.0
2002-07-18 00:00:00-04:00,13.740602182488907,13.855107914043293,13.397086463757427,13.481058120727539,5592296,0.0,0.0
2002-07-19 00:00:00-04:00,12.992503685993904,13.129909985015576,12.496316076776736,12.702424049377441,10934921,0.0,0.0
2002-07-22 00:00:00-04:00,12.633716822237817,12.786390110556134,11.954321279593831,12.137529373168945,13551850,0.0,0.0
2002-07-23 00:00:00-04:00,12.17569803718173,12.442876299242021,11.70241038732409,11.93142032623291,14082919,0.0,0.0
2002-07-24 00:00:00-04:00,11.565005994991097,12.679521801231514,11.374164348438395,12.5344820022583,13194627,0.0,0.0
2002-07-25 00:00:00-04:00,12.54211541416981,12.977234807399629,11.832184199827674,12.618452072143555,10289103,0.0,0.0
2002-07-26 00:00:00-04:00,12.442879085029606,12.847462958236482,12.160432987693563,12.213869094848633,7683832,0.0,0.0
2002-07-29 00:00:00-04:00,12.59554975102235,13.320747162099178,12.458143490754331,13.244410514831543,10302686,0.0,0.0
2002-07-30 00:00:00-04:00,13.244411033435586,13.542124117029884,12.710054481638648,13.313114166259766,8972022,0.0,0.0
2002-07-31 00:00:00-04:00,13.435255276241122,13.534492492675781,12.977235310637333,13.534492492675781,7819361,0.0,0.0
2002-08-01 00:00:00-04:00,13.313114165718982,13.397084333404802,12.82456019446849,12.847460746765137,8656868,0.0,0.0
2002-08-02 00:00:00-04:00,11.572639300950815,11.68714427947998,11.374163414461,11.68714427947998,30988140,0.0,0.0
2002-08-05 00:00:00-04:00,11.496302531010343,11.56500492705254,10.57262845661677,10.893242835998535,15891536,0.0,0.0
2002-08-06 00:00:00-04:00,11.221491843312249,11.427601279285094,10.923778705550934,10.977214813232422,12413077,0.0,0.0
2002-08-07 00:00:00-04:00,11.106985170451125,11.22149014938467,10.496291949472216,10.610796928405762,14050279,0.0,0.0
2002-08-08 00:00:00-04:00,10.648965538076977,11.335995429959537,10.290183556391279,11.068817138671875,19417537,0.0,0.0
2002-08-09 00:00:00-04:00,10.954311992295812,11.183321952819824,10.6871337050178,11.183321952819824,10839027,0.0,0.0
2002-08-12 00:00:00-04:00,11.145152430557753,11.152785947496577,10.64896423598039,10.862707138061523,9579017,0.0,0.0
2002-08-13 00:00:00-04:00,10.687133121381224,10.763469770720397,10.496291498033294,10.511558532714844,14143234,0.0,0.0
2002-08-14 00:00:00-04:00,10.534460556096551,11.129886757581076,10.320717627880114,11.068817138671875,16333300,0.0,0.0
2002-08-15 00:00:00-04:00,11.068817051106047,11.626074920855276,11.053550015482408,11.5650053024292,15124987,0.0,0.0
2002-08-16 00:00:00-04:00,11.755847325660753,12.381808352313339,11.511570319823411,12.106996536254883,14678155,0.0,0.0
2002-08-19 00:00:00-04:00,12.366542067464113,12.85509610881889,12.213868745049288,12.71005630493164,13068626,0.0,0.0
2002-08-20 00:00:00-04:00,12.710052040106602,12.778755159733285,12.381804949836686,12.557378768920898,7776381,0.0,0.0
2002-08-21 00:00:00-04:00,12.671889882317718,12.923800444782149,12.565017661200596,12.900899887084961,8487278,0.0,0.0
2002-08-22 00:00:00-04:00,12.916164123711871,13.320747934923485,12.824560436862456,13.259679794311523,7196553,0.0,0.0
2002-08-23 00:00:00-04:00,13.015401082136778,13.122273278050692,12.40470788010794,12.847460746765137,7131171,0.0,0.0
2002-08-26 00:00:00-04:00,12.847462401313605,12.885631469321696,12.37417540397572,12.725324630737305,7192195,0.0,0.0
2002-08-27 00:00:00-04:00,12.755859257350432,12.862729995728873,12.160432987693563,12.213869094848633,9179219,0.0,0.0
2002-08-28 00:00:00-04:00,12.175697338421907,12.175697338421907,11.64134010700225,11.755845069885254,7677648,0.0,0.0
2002-08-29 00:00:00-04:00,11.5268368648208,12.190966191461408,11.343629487231702,12.03829288482666,8817537,0.0,0.0
2002-08-30 00:00:00-04:00,12.061194617183771,12.175699601348207,11.84745168489051,11.969590187072754,4173137,0.0,0.0
2002-09-03 00:00:00-04:00,11.893250971279436,11.893250971279436,11.198587697781504,11.244389533996582,9282311,0.0,0.0
2002-09-04 00:00:00-04:00,11.435230537691115,11.6260721269536,11.24438894842863,11.481032371520996,6633046,0.0,0.0
2002-09-05 00:00:00-04:00,11.481035165591175,11.481035165591175,11.09935189417825,11.267292976379395,5573948,0.0,0.0
2002-09-06 00:00:00-04:00,11.427601939044695,11.847453616085582,11.381800085506141,11.72531509399414,6241865,0.0,0.0
2002-09-09 00:00:00-04:00,11.702410058682341,12.366539305646423,11.488667159850431,12.137529373168945,7240649,0.0,0.0
2002-09-10 00:00:00-04:00,12.137532236361547,12.458145922275165,12.04592779898206,12.404709815979004,6856969,0.0,0.0
2002-09-11 00:00:00-04:00,12.51921365720031,12.702421028369253,12.290203705273408,12.351272583007812,3750735,0.0,0.0
2002-09-12 00:00:00-04:00,12.290203519097604,12.290203519097604,11.732945682664027,11.832182884216309,5731069,0.0,0.0
2002-09-13 00:00:00-04:00,11.832182884216309,12.030658763252298,11.626074225790582,11.832182884216309,6623315,0.0,0.0
2002-09-16 00:00:00-04:00,11.832184981238663,12.145165889973267,11.702412949299326,12.076462745666504,6129143,0.0,0.0
2002-09-17 00:00:00-04:00,12.305472240565686,12.404709455720782,12.023026893938189,12.198600769042969,7342727,0.0,0.0
2002-09-18 00:00:00-04:00,11.954324368811855,12.213869173617297,11.725314377153971,12.015393257141113,8553371,0.0,0.0
2002-09-19 00:00:00-04:00,11.641342589247971,11.824550716518779,11.305461883544922,11.305461883544922,6633147,0.0,0.0
2002-09-20 00:00:00-04:00,11.41233343524356,11.671878239375705,11.335996771555628,11.633709907531738,10048150,0.0,0.0
2002-09-23 00:00:00-04:00,11.374164009015429,11.565005649873116,11.221490696329282,11.503936767578125,7283021,0.0,0.0
2002-09-24 00:00:00-04:00,11.183322158564161,11.60317376058237,11.137520313209873,11.259658813476562,12966447,0.0,0.0
2002-09-25 00:00:00-04:00,11.526837252658497,11.83218387620184,11.229124147110584,11.778748512268066,8045210,0.0,0.0
2002-09-26 00:00:00-04:00,11.809281508098296,12.198598245716875,11.633706931345966,12.137529373168945,8749417,0.0,0.0
2002-09-27 00:00:00-04:00,12.023027482712878,12.137532478244779,11.565006762619428,11.633709907531738,11017841,0.0,0.0
2002-09-30 00:00:00-04:00,11.488668007123234,11.748212763998561,11.145153083073284,11.557371139526367,11420679,0.0,0.0
2002-10-01 00:00:00-04:00,11.641342806603253,12.06119517250272,11.465768932246851,11.984858512878418,11155702,0.0,0.0
2002-10-02 00:00:00-04:00,11.984858912028237,12.748225533694791,11.855086143565421,12.404709815979004,15243588,0.0,0.0
2002-10-03 00:00:00-04:00,12.6337200055479,12.710056668941558,12.068829286807512,12.213869094848633,13382463,0.0,0.0
2002-10-04 00:00:00-04:00,12.252037740590183,12.366542738615667,11.267294609977853,11.488670349121094,14939483,0.0,0.0
2002-10-07 00:00:00-04:00,11.488668807885755,11.755847100769207,10.763470584344956,10.794005393981934,12637101,0.0,0.0
2002-10-08 00:00:00-04:00,10.801638685279805,11.412331913343836,10.610797051509795,11.183321952819824,11847238,0.0,0.0
2002-10-09 00:00:00-04:00,10.931410979842822,11.213856290771862,10.687133256098779,10.83980655670166,7981551,0.0,0.0
2002-10-10 00:00:00-04:00,10.916144806916192,11.77874937693547,10.67950130389147,11.61844253540039,9242777,0.0,0.0
2002-10-11 00:00:00-04:00,12.099364099758146,12.32837408993912,11.83981929662654,12.213869094848633,8960061,0.0,0.0
2002-10-14 00:00:00-04:00,11.717677887010225,12.389440696355438,11.710044369669744,12.274935722351074,8011252,0.0,0.0
2002-10-15 00:00:00-04:00,12.519214651413826,12.786392211914062,12.297838199377395,12.786392211914062,11610340,0.0,0.0
2002-10-16 00:00:00-04:00,12.519214630126953,12.72532404565833,12.259669850179547,12.519214630126953,8257070,0.0,0.0
2002-10-17 00:00:00-04:00,12.786392211914062,12.900897934936713,12.595551308118404,12.786392211914062,7907957,0.0,0.0
2002-10-18 00:00:00-04:00,12.404708928391175,12.801660724000234,12.14516488596824,12.786392211914062,8332894,0.0,0.0
2002-10-21 00:00:00-04:00,12.786392914087577,13.282581947881674,12.61081903680476,13.267314910888672,8857780,0.0,0.0
2002-10-22 00:00:00-04:00,13.129906132280826,13.351282554427524,12.702420322080712,13.061203002929688,8430005,0.0,0.0
2002-10-23 00:00:00-04:00,12.977236387499403,13.702435464515528,12.923800277631958,13.587929725646973,12747491,0.0,0.0
2002-10-24 00:00:00-04:00,13.702429747414726,13.82456747852533,13.076468156239649,13.282577514648438,12050887,0.0,0.0
2002-10-25 00:00:00-04:00,13.244408514480508,13.763497932686738,13.091735243004038,13.725330352783203,7019868,0.0,0.0
2002-10-28 00:00:00-05:00,13.740601913261617,13.85510764257243,13.12990862608836,13.267314910888672,8036695,0.0,0.0
2002-10-29 00:00:00-05:00,13.07647180257777,13.290214736536901,12.610818344273005,12.786392211914062,8377395,0.0,0.0
2002-10-30 00:00:00-05:00,12.786391131375964,13.038303110364872,12.71005448112236,12.847460746765137,6102078,0.0,0.0
2002-10-31 00:00:00-05:00,12.778755461986796,12.8474585832385,12.610815154896493,12.748221397399902,7432641,0.0,0.0
2002-11-01 00:00:00-05:00,12.786393421252287,13.053572482953912,12.618453055804716,13.000136375427246,6311607,0.0,0.0
2002-11-04 00:00:00-05:00,13.855109022626236,14.19098977365465,13.618464021936818,13.778772354125977,12663153,0.0,0.0
2002-11-05 00:00:00-05:00,13.893275134536543,14.313127504396334,13.839839029516,14.221522331237793,8014901,0.0,0.0
2002-11-06 00:00:00-05:00,14.274960232640268,14.496336723090414,13.809306693534321,14.397099494934082,10419868,0.0,0.0
2002-11-07 00:00:00-05:00,14.274956130868874,14.389461840858688,13.70243200871401,13.939075469970703,9328434,0.0,0.0
2002-11-08 00:00:00-05:00,13.02303570877743,13.73296609336519,13.02303570877743,13.496322631835938,10702484,0.0,0.0
2002-11-11 00:00:00-05:00,13.43525365043386,13.511590302130285,13.053570391951732,13.259679794311523,4547998,0.0,0.0
2002-11-12 00:00:00-05:00,13.259681335217469,13.557394459023882,13.152809124863984,13.397086143493652,5589660,0.0,0.0
2002-11-13 00:00:00-05:00,13.389453055380976,13.740602295650433,13.02303825362534,13.664265632629395,6782159,0.0,0.0
2002-11-14 00:00:00-05:00,13.878006446180063,13.961976614973297,13.694797597596354,13.83220386505127,5738875,0.0,0.0
2002-11-15 00:00:00-05:00,13.93144118759766,14.267321830048063,13.702431256127479,14.145182609558105,5953269,0.0,0.0
2002-11-18 00:00:00-05:00,14.236795718781272,14.420003175965958,13.946716014962062,13.977250099182129,5334212,0.0,0.0
2002-11-19 00:00:00-05:00,13.893273015999839,14.091748893002933,13.74059971859174,13.878005981445312,4764927,0.0,0.0
2002-11-20 00:00:00-05:00,13.740596811019772,14.221517153310955,13.687160725454829,14.160449028015137,5151546,0.0,0.0
2002-11-21 00:00:00-05:00,14.160451192395604,15.00015427880121,14.084114548176911,14.92381763458252,9089610,0.0,0.0
2002-11-22 00:00:00-05:00,14.92382259180896,15.114663527781406,14.465802574356907,14.908554077148438,8549924,0.0,0.0
2002-11-25 00:00:00-05:00,14.923818156219387,15.3436689761317,14.83221299920999,14.992521286010742,7328839,0.0,0.0
2002-11-26 00:00:00-05:00,14.542135085367532,14.824579648874318,14.40472882423915,14.51159954071045,6910897,0.0,0.0
2002-11-27 00:00:00-05:00,14.847482287286649,15.420006430970973,14.748243607981955,15.18336296081543,7174151,0.0,0.0
2002-11-29 00:00:00-05:00,15.07649776152603,15.381844476902153,15.07649776152603,15.129932403564453,3941814,0.0,0.0
2002-12-02 00:00:00-05:00,15.190999316905758,15.450544863978084,14.618475066239379,14.801682472229004,8459402,0.0,0.0
2002-12-03 00:00:00-05:00,14.503967895124317,14.572671034553975,14.084117016311499,14.15281867980957,7300456,0.0,0.0
2002-12-04 00:00:00-05:00,13.3131137908275,13.664262962478452,12.862727419420771,13.496322631835938,17365433,0.0,0.0
2002-12-05 00:00:00-05:00,13.534491981084376,13.587928084497811,13.206244794255266,13.465788841247559,6465585,0.0,0.0
2002-12-06 00:00:00-05:00,13.168077086015856,13.313116898867145,12.862730422314565,13.107008934020996,9730056,0.0,0.0
2002-12-09 00:00:00-05:00,13.076472009919051,13.152808667834027,12.801660926984095,12.8627290725708,6268221,0.0,0.0
2002-12-10 00:00:00-05:00,12.71005272745324,13.114637951126724,12.595548505837272,13.007765769958496,9682717,0.0,0.0
2002-12-11 00:00:00-05:00,12.868646333935162,13.255092102476114,12.845460036126992,13.030953407287598,5457375,0.207165,0.0
2002-12-12 00:00:00-05:00,12.922750356765663,13.177804138729881,12.783629568658721,13.038684844970703,5727217,0.0,0.0
2002-12-13 00:00:00-05:00,12.768172264099121,12.945936888560087,12.675425568482433,12.768172264099121,6079169,0.0,0.0
2002-12-16 00:00:00-05:00,12.868647308594836,13.177803946842841,12.791358149032835,13.04641342163086,5966548,0.0,0.0
2002-12-17 00:00:00-05:00,13.023226992914232,13.324654896238815,12.953666592581797,13.162347793579102,5401723,0.0,0.0
2002-12-18 00:00:00-05:00,13.17007639512352,13.17007639512352,12.675426326039501,12.775901794433594,7355601,0.0,0.0
2002-12-19 00:00:00-05:00,12.690882212654833,12.86864682465812,12.358538540166752,12.520846366882324,7231424,0.0,0.0
2002-12-20 00:00:00-05:00,12.791358337178963,12.907292825401099,12.528575788542028,12.721797943115234,7646224,0.0,0.0
2002-12-23 00:00:00-05:00,12.752714011658693,13.115973501223172,12.729527712648526,12.853189468383789,5789762,0.0,0.0
2002-12-24 00:00:00-05:00,12.598136178831663,12.860918727389876,12.598136178831663,12.683154106140137,2394627,0.0,0.0
2002-12-26 00:00:00-05:00,12.71406864694675,13.100514434345692,12.71406864694675,12.799086570739746,4174557,0.0,0.0
2002-12-27 00:00:00-05:00,12.675424592935222,12.884105762772743,12.319893877028449,12.37399673461914,5561885,0.0,0.0
2002-12-30 00:00:00-05:00,12.103485064185431,12.412641698283126,11.979821812807264,12.397183418273926,7651090,0.0,0.0
2002-12-31 00:00:00-05:00,12.327621839878763,12.71406682471705,12.227145650686136,12.605862617492676,6074404,0.0,0.0
2003-01-02 00:00:00-05:00,12.984581021929115,13.43285841956505,12.814545179887249,13.34011173248291,10537050,0.0,0.0
2003-01-03 00:00:00-05:00,13.340112156366143,13.486960210542842,13.200991374148533,13.417401313781738,4636695,0.0,0.0
2003-01-06 00:00:00-05:00,13.502423070944491,14.136194042815218,13.486964039594277,14.105278968811035,7952661,0.0,0.0
2003-01-07 00:00:00-05:00,14.066633782996316,14.198025837621143,13.912055422619392,13.950700759887695,6151140,0.0,0.0
2003-01-08 00:00:00-05:00,13.958423404711386,13.958423404711386,13.579706438501669,13.664724349975586,6415408,0.0,0.0
2003-01-09 00:00:00-05:00,13.757470861957628,14.143916588734669,13.72655580155445,13.973880767822266,7355195,0.0,0.0
2003-01-10 00:00:00-05:00,13.973885565210756,14.267584717260947,13.87341009005863,14.02798843383789,6770096,0.0,0.0
2003-01-13 00:00:00-05:00,14.221208149571892,14.329412373709037,14.02798600053819,14.143918991088867,5743234,0.0,0.0
2003-01-14 00:00:00-05:00,14.027987390916403,14.306227492424311,13.997070827850278,14.275312423706055,5470147,0.0,0.0
2003-01-15 00:00:00-05:00,14.143918863914834,14.259853347770814,13.742015542286337,13.904322624206543,7518297,0.0,0.0
2003-01-16 00:00:00-05:00,14.066633782996316,14.252127217709369,13.83476624243093,13.950700759887695,6179017,0.0,0.0
2003-01-17 00:00:00-05:00,13.950699533627255,14.12846418413084,13.687915447476207,13.757475852966309,6718905,0.0,0.0
2003-01-21 00:00:00-05:00,13.91204919835301,13.981609578836048,13.231904418122456,13.255090713500977,6457172,0.0,0.0
2003-01-22 00:00:00-05:00,13.25509119186216,13.633808168449509,13.170073278058574,13.386483192443848,6217233,0.0,0.0
2003-01-23 00:00:00-05:00,13.38648282562641,13.757471026642817,13.262821088185932,13.664724349975586,4474709,0.0,0.0
2003-01-24 00:00:00-05:00,13.602895548918806,13.602895548918806,12.884106788074986,13.216449737548828,8227876,0.0,0.0
2003-01-27 00:00:00-05:00,13.061871649360013,13.131432046100109,12.737257460804782,12.945937156677246,8106031,0.0,0.0
2003-01-28 00:00:00-05:00,12.984582902074477,13.123703700015966,12.81454703541171,13.023226737976074,6468626,0.0,0.0
2003-01-29 00:00:00-05:00,13.030955603096393,13.394215135040994,12.636781002198157,13.185535430908203,6990167,0.0,0.0
2003-01-30 00:00:00-05:00,13.185534161016038,13.185534161016038,12.559490625867964,12.63677978515625,7051495,0.0,0.0
2003-01-31 00:00:00-05:00,12.984583859782212,13.664728870946803,12.953667294432744,13.52560806274414,12429498,0.0,0.0
2003-02-03 00:00:00-05:00,13.649270919273304,13.7574751588273,13.378758078866415,13.48696231842041,6312620,0.0,0.0
2003-02-04 00:00:00-05:00,13.239636155124925,13.286010250638947,12.938208270153302,13.061871528625488,5598479,0.0,0.0
2003-02-05 00:00:00-05:00,13.177804525888833,13.363299413597113,12.83773280661203,13.061871528625488,5880284,0.0,0.0
2003-02-06 00:00:00-05:00,13.061871944505324,13.216450275343307,12.83000444824835,13.139161109924316,5118905,0.0,0.0
2003-02-07 00:00:00-05:00,12.907292589839116,13.123702534715862,12.582678419697865,12.63677978515625,6867511,0.0,0.0
2003-02-10 00:00:00-05:00,12.621322482511077,12.783629570543857,12.428099580763988,12.721797943115234,6213279,0.0,0.0
2003-02-11 00:00:00-05:00,12.752714537094505,12.984582019792667,12.582678681985405,12.73725700378418,6270046,0.0,0.0
2003-02-12 00:00:00-05:00,12.574950600626401,12.737257697925576,12.319895309715255,12.598136901855469,6505018,0.0,0.0
2003-02-13 00:00:00-05:00,12.48220174882448,12.605864249644862,12.273520578214612,12.466743469238281,7127116,0.0,0.0
2003-02-14 00:00:00-05:00,12.327623138850461,12.9304780960083,12.31989362565676,12.9304780960083,5402838,0.0,0.0
2003-02-18 00:00:00-05:00,13.023225043205164,13.371026992797852,12.96139491380884,13.371026992797852,5771921,0.0,0.0
2003-02-19 00:00:00-05:00,13.33238340258033,13.33238340258033,12.853190871313307,13.023226737976074,4336036,0.0,0.0
2003-02-20 00:00:00-05:00,12.961396600533519,13.154618768737244,12.868648405673946,13.023226737976074,4930664,0.0,0.0
2003-02-21 00:00:00-05:00,13.13143196259465,13.371028219021195,12.775901214222593,13.154618263244629,6575063,0.0,0.0
2003-02-24 00:00:00-05:00,13.046413495364597,13.092786094755233,12.79135822132509,12.837732315063477,5079067,0.0,0.0
2003-02-25 00:00:00-05:00,12.598135554774974,13.015496404010314,12.350809804559903,12.953664779663086,7551951,0.0,0.0
2003-02-26 00:00:00-05:00,12.83000282511997,12.992309902531538,12.706339578355122,12.884105682373047,5610238,0.0,0.0
2003-02-27 00:00:00-05:00,12.907290543829324,13.08505513370956,12.644506547295935,12.75271224975586,8509985,0.0,0.0
2003-02-28 00:00:00-05:00,12.94593766912602,13.216450499861837,12.853190967917236,13.185535430908203,11207907,0.0,0.0
2003-03-03 00:00:00-05:00,13.216449428730787,13.286009822586802,12.907292786858617,12.98458194732666,5823112,0.0,0.0
2003-03-04 00:00:00-05:00,12.984583634801009,12.984583634801009,12.366270270700765,12.404914855957031,10950127,0.0,0.0
2003-03-05 00:00:00-05:00,12.211689616493173,12.428098804630858,12.134400460621034,12.319893836975098,10247035,0.0,0.0
2003-03-06 00:00:00-05:00,12.203961527149348,12.281250692039738,11.987552313760604,12.103486061096191,7593208,0.0,0.0
2003-03-07 00:00:00-05:00,11.910260361725785,12.173043610293453,11.825241702502606,12.149856567382812,9773137,0.0,0.0
2003-03-10 00:00:00-05:00,11.979822232340936,12.041653860195364,11.670665587416567,11.732497215270996,6010441,0.0,0.0
2003-03-11 00:00:00-05:00,11.84070368701093,11.917992858010829,11.523818235346138,11.60883617401123,7511303,0.0,0.0
2003-03-12 00:00:00-05:00,11.601105940047693,11.778870562574873,11.469713917650505,11.732497215270996,6848251,0.0,0.0
2003-03-13 00:00:00-05:00,11.902532366464682,12.636779354691694,11.840701489444607,12.520846366882324,9527927,0.0,0.0
2003-03-14 00:00:00-05:00,12.582678457213177,12.768171842319017,12.404913091450567,12.690882682800293,8423315,0.0,0.0
2003-03-17 00:00:00-05:00,12.513118091025254,13.216450083888693,12.389455577581037,13.146889686584473,9675520,0.0,0.0
2003-03-18 00:00:00-05:00,13.146891496364404,13.278283542064909,12.683156446731138,12.81454849243164,8201723,0.0,0.0
2003-03-19 00:00:00-05:00,12.868646972969112,13.139159771554773,12.675424826277384,13.115973472595215,9075418,0.0,0.0
2003-03-20 00:00:00-05:00,12.806818734481785,13.30919758557958,12.559492198315812,13.247365951538086,11861024,0.0,0.0
2003-03-21 00:00:00-05:00,13.471502844055307,14.483990669250488,13.363298620078217,14.483990669250488,16745160,0.0,0.0
2003-03-24 00:00:00-05:00,13.842486225065416,13.919775356197777,13.386480201949771,13.448311805725098,13094374,0.0,0.0
2003-03-25 00:00:00-05:00,13.517875579098298,13.904321332127699,13.100513269218006,13.672453880310059,8780740,0.0,0.0
2003-03-26 00:00:00-05:00,13.796120216758222,13.842494320296561,13.479234743232423,13.626084327697754,9531171,0.0,0.0
2003-03-27 00:00:00-05:00,13.409670574274077,13.734286219305861,13.216448434808814,13.58743667602539,9653725,0.0,0.0
2003-03-28 00:00:00-05:00,13.587435964078349,13.811574650270156,13.425128897240757,13.672453880310059,7973644,0.0,0.0
2003-03-31 00:00:00-05:00,13.371028219021195,13.371028219021195,13.054142799413578,13.154618263244629,7778307,0.0,0.0
2003-04-01 00:00:00-05:00,13.154615073754018,13.332379657665033,13.100512224340793,13.224175453186035,8339787,0.0,0.0
2003-04-02 00:00:00-05:00,13.417399720010941,13.950694992266435,13.417399720010941,13.896592140197754,9324683,0.0,0.0
2003-04-03 00:00:00-05:00,13.912050447414138,13.966153302502327,13.618351368860552,13.6415376663208,7759655,0.0,0.0
2003-04-04 00:00:00-05:00,13.6028941251716,13.726557369605894,13.216448354248977,13.479230880737305,8710492,0.0,0.0
2003-04-07 00:00:00-04:00,13.912053977335296,14.143921493812618,13.57971098535553,13.711101531982422,6927724,0.0,0.0
2003-04-08 00:00:00-04:00,13.711101162923388,13.726560192417491,13.077330267147392,13.23963737487793,24300355,0.0,0.0
2003-04-09 00:00:00-04:00,13.293738899822824,13.432859690785575,13.193263437170968,13.216449737548828,21106741,0.0,0.0
2003-04-10 00:00:00-04:00,13.293739922691323,13.417403189583933,13.139161586249514,13.401944160461426,7288089,0.0,0.0
2003-04-11 00:00:00-04:00,13.525606646884086,13.888866164865492,13.525606646884086,13.788389205932617,12927826,0.0,0.0
2003-04-14 00:00:00-04:00,13.602893550596363,14.105273778749456,13.579707253624667,14.066628456115723,9727522,0.0,0.0
2003-04-15 00:00:00-04:00,13.9507013556578,14.16710987394879,13.83476683325001,14.151652336120605,8181652,0.0,0.0
2003-04-16 00:00:00-04:00,14.151647630258871,14.21347925535888,13.850219765450571,13.904322624206543,8687785,0.0,0.0
2003-04-17 00:00:00-04:00,13.904325027468595,14.228939247416228,13.873409956748997,14.221210479736328,5776280,0.0,0.0
2003-04-21 00:00:00-04:00,14.221208988017624,14.33714347975122,14.020256566375037,14.259854316711426,6378713,0.0,0.0
2003-04-22 00:00:00-04:00,14.105278163119225,14.684946228023936,14.043446524294552,14.584470748901367,9817131,0.0,0.0
2003-04-23 00:00:00-04:00,14.545821035864975,14.901351731328669,14.499448441465963,14.870436668395996,9211151,0.0,0.0
2003-04-24 00:00:00-04:00,14.646301950899431,14.677217022215705,14.259856087706043,14.414434432983398,6331678,0.0,0.0
2003-04-25 00:00:00-04:00,14.453075971215707,14.47626227101168,13.912051848875379,14.035715103149414,7079878,0.0,0.0
2003-04-28 00:00:00-04:00,14.120733524370236,14.329413218534212,14.089816962545633,14.259854316711426,7195540,0.0,0.0
2003-04-29 00:00:00-04:00,14.329414691727711,14.530367134030026,14.058903340451323,14.167107582092285,7337456,0.0,0.0
2003-04-30 00:00:00-04:00,14.221208684935036,14.453076169112853,14.043444062036375,14.422161102294922,8598175,0.0,0.0
2003-05-01 00:00:00-04:00,14.453077888031462,14.569012391082463,14.337144879328417,14.468535423278809,7917689,0.0,0.0
2003-05-02 00:00:00-04:00,14.468535859957752,14.677217075139048,13.680186595070197,14.59992790222168,11942828,0.0,0.0
2003-05-05 00:00:00-04:00,14.599930130579066,14.599930130579066,14.236670514119465,14.290773391723633,7730360,0.0,0.0
2003-05-06 00:00:00-04:00,14.29076632799766,14.445344621019487,14.15937433062486,14.267580032348633,9109275,0.0,0.0
2003-05-07 00:00:00-04:00,14.267584389535692,14.360331094803268,14.089818252229229,14.190295219421387,6549417,0.0,0.0
2003-05-08 00:00:00-04:00,14.113005031002519,14.22120926361604,13.950697934908321,14.043444633483887,7184187,0.0,0.0
2003-05-09 00:00:00-04:00,14.105275690020015,14.453076169112853,14.004798734166183,14.422161102294922,7044298,0.0,0.0
2003-05-12 00:00:00-04:00,14.422157513055389,14.74677161124813,14.174831062672913,14.715856552124023,7224633,0.0,0.0
2003-05-13 00:00:00-04:00,14.483990581230746,14.530364673709236,14.259853368236557,14.298497200012207,8581652,0.0,0.0
2003-05-14 00:00:00-04:00,14.499449717849867,14.499449717849867,14.02798600053819,14.143918991088867,9387126,0.0,0.0
2003-05-15 00:00:00-04:00,14.205748416270405,14.29076632799766,14.09754271454663,14.267580032348633,6893969,0.0,0.0
2003-05-16 00:00:00-04:00,14.089816742291065,14.298497927540708,14.089816742291065,14.252123832702637,7268018,0.0,0.0
2003-05-19 00:00:00-04:00,14.105274558638024,14.105274558638024,13.734286314840872,13.772930145263672,7527623,0.0,0.0
2003-05-20 00:00:00-04:00,13.834763111114214,13.989341436504365,13.610624389863712,13.796117782592773,8135124,0.0,0.0
2003-05-21 00:00:00-04:00,14.143919600671435,14.182564928752367,13.4869609780779,13.819305419921875,8923467,0.0,0.0
2003-05-22 00:00:00-04:00,13.873408359382045,14.205751308744025,13.850220564664195,14.004798889160156,10425748,0.0,0.0
2003-05-23 00:00:00-04:00,14.10527588493838,14.18256504739903,14.066630556534156,14.097545623779297,6126508,0.0,0.0
2003-05-27 00:00:00-04:00,14.035717756234973,14.638573619666461,14.027988988175395,14.584470748901367,11726609,0.0,0.0
2003-05-28 00:00:00-04:00,14.684941715459404,15.086845002796068,14.607652564265909,15.025014877319336,14963507,0.0,0.0
2003-05-29 00:00:00-04:00,15.341898583684417,15.341898583684417,14.82406087855215,14.901350021362305,12741105,0.0,0.0
2003-05-30 00:00:00-04:00,14.955449518063105,15.318707361820241,14.916804208144873,15.18731689453125,8098733,0.0,0.0
2003-06-02 00:00:00-04:00,15.38054796389661,15.596957940809228,15.318716328443298,15.511940002441406,15864977,0.0,0.0
2003-06-03 00:00:00-04:00,15.45783222022689,15.527392601203532,15.195049721029841,15.2723388671875,8664572,0.0,0.0
2003-06-04 00:00:00-04:00,15.457831443505635,16.13797619438679,15.457831443505635,16.022043228149414,14953877,0.0,0.0
2003-06-05 00:00:00-04:00,15.84427596302555,16.30028201757517,15.774715590776687,16.184349060058594,10848758,0.0,0.0
2003-06-06 00:00:00-04:00,16.26937131219326,16.655817097854165,16.26937131219326,16.44713592529297,14813786,0.0,0.0
2003-06-09 00:00:00-04:00,16.42395137872579,16.447137680034878,15.535125229703176,15.705161094665527,11444501,0.0,0.0
2003-06-10 00:00:00-04:00,15.898384509296951,16.006588741413022,15.80563781114777,15.937029838562012,6301774,0.0,0.0
2003-06-11 00:00:00-04:00,16.114792403782875,16.114792403782875,15.341900860957274,16.076147079467773,6575874,0.0,0.0
2003-06-12 00:00:00-04:00,16.037503249500315,16.153436233750334,15.689701308054975,16.076147079467773,8596351,0.0,0.0
2003-06-13 00:00:00-04:00,16.19208568318031,16.199814451142792,15.566043523435097,15.728350639343262,7049164,0.0,0.0
2003-06-16 00:00:00-04:00,15.72061988200705,16.060691606713796,15.67424578575257,15.97567367553711,7311809,0.0,0.0
2003-06-17 00:00:00-04:00,16.21526310693483,16.40848668322391,15.975666948266356,16.338926315307617,9026964,0.0,0.0
2003-06-18 00:00:00-04:00,16.230725296644117,16.261641854791648,15.813364463607343,15.92929744720459,9641054,0.0,0.0
2003-06-19 00:00:00-04:00,15.983399474557515,15.9911282401068,15.473290487871912,15.527393341064453,8315864,0.0,0.0
2003-06-20 00:00:00-04:00,15.75926513843816,15.867470874676318,15.589229260747299,15.712892532348633,10062139,0.0,0.0
2003-06-23 00:00:00-04:00,15.59695342433267,15.712887894029485,15.179592620988688,15.349628448486328,8795844,0.0,0.0
2003-06-24 00:00:00-04:00,15.349628692302842,15.40373154531057,15.063658390565978,15.171862602233887,7900456,0.0,0.0
2003-06-25 00:00:00-04:00,15.233696318430859,15.264612879127123,14.684943430310547,14.7699613571167,13572529,0.0,0.0
2003-06-26 00:00:00-04:00,14.793149644023703,15.048203432938662,14.569010922487113,14.994100570678711,8247745,0.0,0.0
2003-06-27 00:00:00-04:00,15.110030431362654,15.210505863898055,14.862703990741137,14.947723388671875,6626457,0.0,0.0
2003-06-30 00:00:00-04:00,15.457835308372362,15.589227331393948,15.102306061628463,15.264613151550293,14831424,0.0,0.0
2003-07-01 00:00:00-04:00,15.272340632500867,15.411461410534972,14.994099076432658,15.37281608581543,8451698,0.0,0.0
2003-07-02 00:00:00-04:00,15.45783772871973,15.674247713949663,15.349633483278769,15.620144844055176,9345971,0.0,0.0
2003-07-03 00:00:00-04:00,15.426922064073585,15.898385856089664,15.403735761159076,15.511940002441406,5196858,0.0,0.0
2003-07-07 00:00:00-04:00,15.651053256815347,15.998853610107222,15.61240794292334,15.906106948852539,6851901,0.0,0.0
2003-07-08 00:00:00-04:00,15.666520738502312,16.284834198847708,15.666520738502312,15.921574592590332,12726913,0.0,0.0
2003-07-09 00:00:00-04:00,15.821091903745797,16.331200874130268,15.797905607838892,16.168893814086914,9985808,0.0,0.0
2003-07-10 00:00:00-04:00,15.929297439961793,16.052960683800418,15.774719132337326,15.890653610229492,7509782,0.0,0.0
2003-07-11 00:00:00-04:00,15.890653367222688,16.137978356770105,15.890653367222688,16.10706329345703,5254840,0.0,0.0
2003-07-14 00:00:00-04:00,16.1920834709431,16.655818451422533,16.1920834709431,16.47032356262207,10427167,0.0,0.0
2003-07-15 00:00:00-04:00,16.6944580745301,16.709917098791234,16.369843968952793,16.501235961914062,10918196,0.0,0.0
2003-07-16 00:00:00-04:00,16.570795004413746,16.578523768747253,16.21526437333569,16.269367218017578,6858084,0.0,0.0
2003-07-17 00:00:00-04:00,16.269372675480795,16.3466618390894,16.006588622602848,16.09160804748535,5902585,0.0,0.0
2003-07-18 00:00:00-04:00,16.207534042333986,16.26936564537256,16.029769491151868,16.238449096679688,5585099,0.0,0.0
2003-07-21 00:00:00-04:00,16.076150005300324,16.107066569248694,15.658789093954566,15.7747220993042,6987329,0.0,0.0
2003-07-22 00:00:00-04:00,15.844281528459561,16.261643908554717,15.728348530220565,16.09160804748535,7360061,0.0,0.0
2003-07-23 00:00:00-04:00,16.099334781146922,16.168895169044323,15.68970121971249,15.92929744720459,5912114,0.0,0.0
2003-07-24 00:00:00-04:00,16.11479377746582,16.416221654297363,15.967944222376207,16.11479377746582,7500152,0.0,0.0
2003-07-25 00:00:00-04:00,16.207539500849744,16.485781061058347,16.083876253124217,16.454864501953125,7739483,0.0,0.0
2003-07-28 00:00:00-04:00,16.771750563557998,17.13501006071879,16.7176491980696,16.934059143066406,13584085,0.0,0.0
2003-07-29 00:00:00-04:00,16.99588703642763,17.181381890998477,16.864496528914263,17.042261123657227,8500558,0.0,0.0
2003-07-30 00:00:00-04:00,17.04226247657073,17.08863656748177,16.71764832323642,16.764020919799805,7952661,0.0,0.0
2003-07-31 00:00:00-04:00,17.003617851020476,17.08863727024505,16.771750375625135,16.941787719726562,8677851,0.0,0.0
2003-08-01 00:00:00-04:00,17.29731568230558,18.394822847423168,17.29731568230558,17.405521392822266,15771313,0.0,0.0
2003-08-04 00:00:00-04:00,17.305046767000626,17.428710025776788,16.872228349979686,17.088638305664062,8144247,0.0,0.0
2003-08-05 00:00:00-04:00,17.080906647229202,17.080906647229202,16.62490196686905,16.65581703186035,6802027,0.0,0.0
2003-08-06 00:00:00-04:00,16.655816952219812,16.810395265132577,16.478052340674434,16.547611236572266,7036695,0.0,0.0
2003-08-07 00:00:00-04:00,16.62490238859709,16.849039604165153,16.501239136799505,16.73310661315918,7010542,0.0,0.0
2003-08-08 00:00:00-04:00,16.787214295474076,16.887689782458253,16.671279776813126,16.879961013793945,5926812,0.0,0.0
2003-08-11 00:00:00-04:00,16.879954059874947,17.073176185578596,16.849037503606038,17.042261123657227,6715155,0.0,0.0
2003-08-12 00:00:00-04:00,17.057720353950323,17.382334513853746,17.00361749585052,17.35141944885254,6959858,0.0,0.0
2003-08-13 00:00:00-04:00,17.382337792143307,17.420983125030972,17.158199045569177,17.39006805419922,5716067,0.0,0.0
2003-08-14 00:00:00-04:00,17.390065008685106,17.536913063766477,17.14273850795336,17.436437606811523,6424227,0.0,0.0
2003-08-15 00:00:00-04:00,17.490540230053348,17.490540230053348,17.274130292001836,17.35141944885254,3035175,0.0,0.0
2003-08-18 00:00:00-04:00,17.374606698939644,17.413252026654842,17.28958877118353,17.312776565551758,7268221,0.0,0.0
2003-08-19 00:00:00-04:00,17.312773222358206,17.351417048263293,16.964971317474994,17.181381225585938,8053117,0.0,0.0
2003-08-20 00:00:00-04:00,16.849038404904324,17.073177098866637,16.818123341329226,16.9881591796875,7175367,0.0,0.0
2003-08-21 00:00:00-04:00,16.980432167504436,17.011348728620163,16.57080006109018,16.694461822509766,13794323,0.0,0.0
2003-08-22 00:00:00-04:00,16.810395265132577,16.849039096186928,16.47032208011588,16.547611236572266,9761987,0.0,0.0
2003-08-25 00:00:00-04:00,16.385301062512717,16.485777992970817,16.308011920655087,16.423946380615234,6173036,0.0,0.0
2003-08-26 00:00:00-04:00,16.331203726774078,16.416221654297363,16.11479377746582,16.11479377746582,11138875,0.0,0.0
2003-08-27 00:00:00-04:00,16.122522694677226,16.184354322820962,15.952486838042788,16.014318466186523,10698733,0.0,0.0
2003-08-28 00:00:00-04:00,16.076149777617367,16.09933757383722,15.573770937637514,15.689703941345215,16045616,0.0,0.0
2003-08-29 00:00:00-04:00,15.705157570241408,15.998856631638374,15.627868422207865,15.844278335571289,9273087,0.0,0.0
2003-09-02 00:00:00-04:00,16.022047499303092,16.261643754789432,15.890655474106522,16.19208335876465,12159655,0.0,0.0
2003-09-03 00:00:00-04:00,16.385305853802926,16.59398704614402,16.099336991351613,16.47805404663086,11591485,0.0,0.0
2003-09-04 00:00:00-04:00,16.369847979713896,16.609444235121707,16.36211921286343,16.586257934570312,8392803,0.0,0.0
2003-09-05 00:00:00-04:00,16.563069787428326,16.648087707652724,16.331202324721517,16.377574920654297,7580030,0.0,0.0
2003-09-08 00:00:00-04:00,16.323474964866357,16.539883419889748,16.215269243006894,16.508968353271484,6990877,0.0,0.0
2003-09-09 00:00:00-04:00,16.192085508773005,16.39303646232911,16.176627973014536,16.369850158691406,6559047,0.0,0.0
2003-09-10 00:00:00-04:00,16.13025583376136,16.184358709846038,15.813370334769163,15.921574592590332,9731982,0.0,0.0
2003-09-11 00:00:00-04:00,15.890656503280972,16.068421141108633,15.828824870104599,15.983403205871582,6545565,0.0,0.0
2003-09-12 00:00:00-04:00,15.790179171459187,15.79790793790142,15.511937602147931,15.643329620361328,9369894,0.0,0.0
2003-09-15 00:00:00-04:00,15.45783656454264,15.805638567173146,15.45783656454264,15.535125732421875,11565940,0.0,0.0
2003-09-16 00:00:00-04:00,15.612412952903272,15.84428042761923,15.496479962719151,15.797907829284668,11421186,0.0,0.0
2003-09-17 00:00:00-04:00,15.736074782232981,15.882924319054858,15.612411542483741,15.66651439666748,7859503,0.0,0.0
2003-09-18 00:00:00-04:00,15.68970192280465,15.805636405944824,15.527394841886567,15.805636405944824,7964420,0.0,0.0
2003-09-19 00:00:00-04:00,15.728349526198917,15.844282531779228,15.620143793686184,15.828824996948242,8937050,0.0,0.0
2003-09-22 00:00:00-04:00,15.573769494849408,15.635601121794314,15.357359547716117,15.465563774108887,10300456,0.0,0.0
2003-09-23 00:00:00-04:00,15.550576079731455,15.689696816482765,15.473286947574863,15.612407684326172,8871769,0.0,0.0
2003-09-24 00:00:00-04:00,15.558306260285336,15.581492551512543,15.287793551912442,15.310979843139648,9742828,0.0,0.0
2003-09-25 00:00:00-04:00,15.705161285202168,15.960216580087906,15.573770748508773,15.697432518005371,14077243,0.0,0.0
2003-09-26 00:00:00-04:00,15.712886457435177,15.766987810289635,15.434644951079841,15.519662857055664,7967866,0.0,0.0
2003-09-29 00:00:00-04:00,15.473291526193185,15.689701459137785,15.33417224262305,15.674243927001953,7068829,0.0,0.0
2003-09-30 00:00:00-04:00,15.573768237142001,15.828821996550866,15.349629541535071,15.589225769042969,12520730,0.0,0.0
2003-10-01 00:00:00-04:00,15.782444102764673,16.114788430275148,15.736071518238052,16.09933090209961,11393715,0.0,0.0
2003-10-02 00:00:00-04:00,16.099331159387155,16.230721645326305,15.96793917910071,16.184349060058594,7591586,0.0,0.0
2003-10-03 00:00:00-04:00,16.462593457849866,16.733106254986346,16.423949626457624,16.44713592529297,10505119,0.0,0.0
2003-10-06 00:00:00-04:00,16.423949010934713,16.5398819951143,16.238454144160684,16.377574920654297,4998074,0.0,0.0
2003-10-07 00:00:00-04:00,16.28482859494742,16.686731907000187,16.238454503640394,16.663545608520508,8213381,0.0,0.0
2003-10-08 00:00:00-04:00,16.71764995972382,16.75629379397614,16.47032344311774,16.586257934570312,5638723,0.0,0.0
2003-10-09 00:00:00-04:00,16.964976279524976,17.073180518055135,16.65581960446976,16.910873413085938,10137456,0.0,0.0
2003-10-10 00:00:00-04:00,16.69446680352919,16.849045172185047,16.640365420543393,16.740840911865234,5989965,0.0,0.0
2003-10-13 00:00:00-04:00,16.81040167525143,16.9108771686536,16.52443123901266,16.617177963256836,7424531,0.0,0.0
2003-10-14 00:00:00-04:00,16.586256436500943,17.049991371731135,16.547611111391255,16.96497344970703,7372631,0.0,0.0
2003-10-15 00:00:00-04:00,16.964974515916293,17.003618349106983,16.733107033728864,16.810396194458008,6542423,0.0,0.0
2003-10-16 00:00:00-04:00,16.733110281601757,16.957249040656063,16.733110281601757,16.926332473754883,4460010,0.0,0.0
2003-10-17 00:00:00-04:00,16.988161321304823,16.995890088172928,16.640360834848938,16.679004669189453,5574455,0.0,0.0
2003-10-20 00:00:00-04:00,16.771750019925424,16.77948028052094,16.524425016951938,16.65581703186035,4933604,0.0,0.0
2003-10-21 00:00:00-04:00,16.771750110146325,16.92632842462974,16.6249020563,16.841310501098633,6410137,0.0,0.0
2003-10-22 00:00:00-04:00,16.77174910243028,16.910869875975944,16.63262982323222,16.709918975830078,5749012,0.0,0.0
2003-10-23 00:00:00-04:00,16.709919262685766,16.887683868408203,16.632630108761102,16.887683868408203,4655651,0.0,0.0
2003-10-24 00:00:00-04:00,16.887684403118556,16.887684403118556,16.624901869193334,16.84903907775879,4698733,0.0,0.0
2003-10-27 00:00:00-05:00,16.879954672428795,17.25867166644649,16.864497140907176,17.1118221282959,7804257,0.0,0.0
2003-10-28 00:00:00-05:00,17.235483686863162,17.467352634549325,17.1581945357503,17.420978546142578,9312418,0.0,0.0
2003-10-29 00:00:00-05:00,17.420980724585085,17.652848206918016,17.25867363638681,17.598745346069336,6549924,0.0,0.0
2003-10-30 00:00:00-05:00,17.660577203797082,17.737866365582324,17.31277672293739,17.68376350402832,6243893,0.0,0.0
2003-10-31 00:00:00-05:00,17.660577124374345,17.683763424501308,17.31277664507877,17.49827003479004,5981855,0.0,0.0
2003-11-03 00:00:00-05:00,17.660578759047723,17.768782997336782,17.5446457533343,17.71468162536621,6611556,0.0,0.0
2003-11-04 00:00:00-05:00,17.621935432687522,17.776513774351063,17.45962682902764,17.583290100097656,6046731,0.0,0.0
2003-11-05 00:00:00-05:00,17.583284343390464,17.83060931020919,17.467351372272848,17.79196548461914,5678054,0.0,0.0
2003-11-06 00:00:00-05:00,17.69922088355715,18.11658172059004,17.390064265207556,18.08566665649414,7442169,0.0,0.0
2003-11-07 00:00:00-05:00,18.124310486614014,18.363906716400187,18.000648735882766,18.08566665649414,7917892,0.0,0.0
2003-11-10 00:00:00-05:00,18.008377180231104,18.09339509932384,17.85379887381747,17.89244270324707,4089103,0.0,0.0
2003-11-11 00:00:00-05:00,17.81515791914627,17.946549960125587,17.784242848020774,17.869260787963867,3679372,0.0,0.0
2003-11-12 00:00:00-05:00,17.869261219885676,18.070212175754584,17.799700813823968,18.039297103881836,6573036,0.0,0.0
2003-11-13 00:00:00-05:00,18.08566776218386,18.10885406167331,17.954275743048175,18.023836135864258,6271566,0.0,0.0
2003-11-14 00:00:00-05:00,17.985190498573992,18.070208422915464,17.71467919282344,17.830612182617188,4850177,0.0,0.0
2003-11-17 00:00:00-05:00,17.62966579830135,17.892448405208988,17.506002516022406,17.799701690673828,7606183,0.0,0.0
2003-11-18 00:00:00-05:00,17.89244260710452,17.89244260710452,17.382333600941482,17.405521392822266,8180537,0.0,0.0
2003-11-19 00:00:00-05:00,17.58329124148659,17.683766721785695,17.459627962389185,17.614206314086914,5800101,0.0,0.0
2003-11-20 00:00:00-05:00,17.44416831506887,17.838342914761906,17.44416831506887,17.529186248779297,8093158,0.0,0.0
2003-11-21 00:00:00-05:00,17.575563770401406,17.60647884528324,17.297322119072227,17.451900482177734,10379118,0.0,0.0
2003-11-24 00:00:00-05:00,17.482807852258816,17.660572427989077,17.428705005335413,17.64511489868164,7255651,0.0,0.0
2003-11-25 00:00:00-05:00,17.621929814441117,17.962001459939643,17.560098198619347,17.76877784729004,5698632,0.0,0.0
2003-11-26 00:00:00-05:00,17.931090860608908,17.931090860608908,17.69922336434729,17.838342666625977,4756817,0.0,0.0
2003-11-28 00:00:00-05:00,17.830611803539988,17.884714661278963,17.78423920634745,17.8460693359375,1977192,0.0,0.0
2003-12-01 00:00:00-05:00,17.84607203796515,18.03929570523259,17.745596567820908,17.90790367126465,12497314,0.0,0.0
2003-12-02 00:00:00-05:00,17.660581720674617,17.815160083780125,17.343696225743145,17.451900482177734,14352357,0.0,0.0
2003-12-03 00:00:00-05:00,17.436436711838557,17.467353270017,16.84130977831435,16.887683868408203,17242271,0.0,0.0
2003-12-04 00:00:00-05:00,17.011345554164325,17.158193588256836,16.926326147722218,17.158193588256836,10830816,0.0,0.0
2003-12-05 00:00:00-05:00,17.003617536390614,17.02680532954449,16.663545843175786,16.748563766479492,9604967,0.0,0.0
2003-12-08 00:00:00-05:00,16.69445943674723,16.84130897160467,16.69445943674723,16.825851440429688,6726812,0.0,0.0
2003-12-09 00:00:00-05:00,16.988160072265906,17.27413040275126,16.94178747446679,17.235485076904297,13539179,0.0,0.0
2003-12-10 00:00:00-05:00,17.282303734504268,17.71923833247881,17.188675323096614,17.485166549682617,13185302,0.207165,0.0
2003-12-11 00:00:00-05:00,17.461755478847564,17.719235454085034,17.375929323286368,17.672420501708984,7582565,0.0,0.0
2003-12-12 00:00:00-05:00,17.664614209274486,17.875279183814904,17.60999702878915,17.805057525634766,6287988,0.0,0.0
2003-12-15 00:00:00-05:00,17.929897504796113,18.00792141335128,17.68022129913032,17.812862396240234,7824633,0.0,0.0
2003-12-16 00:00:00-05:00,17.859679183296876,17.984518063802515,17.828470217447485,17.906494140625,5938571,0.0,0.0
2003-12-17 00:00:00-05:00,17.85188002664766,17.89869499206543,17.703634396138064,17.89869499206543,4612975,0.0,0.0
2003-12-18 00:00:00-05:00,17.89869115851531,18.085947962971055,17.844073961984897,18.054738998413086,4434769,0.0,0.0
2003-12-19 00:00:00-05:00,17.6958276490031,18.148366668152462,17.6958276490031,18.12495994567871,9114344,0.0,0.0
2003-12-22 00:00:00-05:00,18.000126237358522,18.29661750793457,17.90649781205933,18.29661750793457,7836189,0.0,0.0
2003-12-23 00:00:00-05:00,18.21858669195577,18.327821070701738,18.148365022348727,18.304412841796875,5654131,0.0,0.0
2003-12-24 00:00:00-05:00,18.2029829328268,18.29661132649399,18.14836574129017,18.23419189453125,4251191,0.0,0.0
2003-12-26 00:00:00-05:00,18.23419329144908,18.304414969217603,18.062540971816674,18.109355926513672,2650684,0.0,0.0
2003-12-29 00:00:00-05:00,18.070346301901775,18.335628576277234,18.070346301901775,18.320022583007812,4672478,0.0,0.0
2003-12-30 00:00:00-05:00,18.28101326553876,18.382443935252326,18.148372114606463,18.179582595825195,4090826,0.0,0.0
2003-12-31 00:00:00-05:00,18.187379374557384,18.29661225461781,18.09374946758684,18.202983856201172,4741206,0.0,0.0
2004-01-02 00:00:00-05:00,18.32782178992706,18.663324162340324,18.304413560103605,18.468263626098633,6756006,0.0,0.0
2004-01-05 00:00:00-05:00,18.468263358934056,18.88179114670491,18.42144991707202,18.834976196289062,10508667,0.0,0.0
2004-01-06 00:00:00-05:00,18.72574423754905,18.936407753320065,18.72574423754905,18.881792068481445,9587937,0.0,0.0
2004-01-07 00:00:00-05:00,19.100257415774568,19.22509476285411,18.92860361214038,19.193885803222656,9880791,0.0,0.0
2004-01-08 00:00:00-05:00,19.19389384894222,19.49038512393952,19.154881124495773,19.47477912902832,9703092,0.0,0.0
2004-01-09 00:00:00-05:00,19.31092405701243,19.498182370975144,19.279715092295632,19.404552459716797,7512215,0.0,0.0
2004-01-12 00:00:00-05:00,19.334329606106298,19.46696919630045,19.19388626726188,19.412353515625,6523974,0.0,0.0
2004-01-13 00:00:00-05:00,19.35774015916848,19.49818352582025,19.193890067592772,19.256309509277344,11992803,0.0,0.0
2004-01-14 00:00:00-05:00,19.412354960784008,19.52939007949789,19.264109370806906,19.427959442138672,13034871,0.0,0.0
2004-01-15 00:00:00-05:00,19.451365704758715,19.568402329262252,19.279713396803785,19.36553955078125,9030309,0.0,0.0
2004-01-16 00:00:00-05:00,19.451365966541484,19.459168207139545,19.32652709986477,19.388946533203125,8133401,0.0,0.0
2004-01-20 00:00:00-05:00,19.349936811286355,19.38114577606738,18.967619449948863,19.092456817626953,9000304,0.0,0.0
2004-01-21 00:00:00-05:00,18.967622435015805,19.193891990949815,18.928609714345836,19.178287506103516,7283933,0.0,0.0
2004-01-22 00:00:00-05:00,19.17828132628299,19.342131381480147,19.100257418638922,19.271909713745117,4894273,0.0,0.0
2004-01-23 00:00:00-05:00,19.27191144864196,19.38114432575552,18.530683505019628,18.764755249023438,10101673,0.0,0.0
2004-01-26 00:00:00-05:00,18.663321054118352,19.069045031324336,18.663321054118352,19.0378360748291,6054638,0.0,0.0
2004-01-27 00:00:00-05:00,19.061243295673446,19.100256000876534,18.78035664558281,18.85057830810547,4783071,0.0,0.0
2004-01-28 00:00:00-05:00,18.780359277242272,18.827174228335352,18.343426270773477,18.468263626098633,7406488,0.0,0.0
2004-01-29 00:00:00-05:00,18.56969063056313,19.232892951461523,17.929893515904414,19.076845169067383,15629194,0.0,0.0
2004-01-30 00:00:00-05:00,18.507278867401247,18.866189518714386,18.491674384421117,18.725746154785156,17266092,0.0,0.0
2004-02-02 00:00:00-05:00,18.569698333740234,18.749152905369733,18.413650486613527,18.569698333740234,9368779,0.0,0.0
2004-02-03 00:00:00-05:00,18.281008041126228,18.63211491747725,18.023529564565216,18.148366928100586,10141510,0.0,0.0
2004-02-04 00:00:00-05:00,17.992319357776847,18.507277827051993,17.98451711672537,18.09375,9086163,0.0,0.0
2004-02-05 00:00:00-05:00,18.179574963366164,18.35122725806293,18.054736108011934,18.101551055908203,7445413,0.0,0.0
2004-02-06 00:00:00-05:00,18.023526955735193,18.359029301650974,17.867479142487795,18.218585968017578,10139280,0.0,0.0
2004-02-09 00:00:00-05:00,18.218591151965224,18.710141450994925,18.163973949221653,18.54629135131836,10452712,0.0,0.0
2004-02-10 00:00:00-05:00,18.608705788655573,18.959814128163973,18.530681880826343,18.78816032409668,7386721,0.0,0.0
2004-02-11 00:00:00-05:00,21.78428125207734,21.846700685673863,21.277126559782563,21.534605026245117,116588748,0.0,0.0
2004-02-12 00:00:00-05:00,21.807687561271546,22.1665966328625,21.54240536899607,21.846698760986328,58656462,0.0,0.0
2004-02-13 00:00:00-05:00,21.534604583586486,21.651641207743435,20.949425988463272,21.00404167175293,43279372,0.0,0.0
2004-02-17 00:00:00-05:00,21.378557227437824,21.46438338304942,20.668539752066337,20.98843765258789,28662443,0.0,0.0
2004-02-18 00:00:00-05:00,20.910416385368528,20.957231343699945,20.723159569150994,20.840194702148438,11731272,0.0,0.0
2004-02-19 00:00:00-05:00,21.06646156311035,21.105474274864044,20.83238981824981,21.06646156311035,9971617,0.0,0.0
2004-02-20 00:00:00-05:00,21.058659140038678,21.058659140038678,20.590515654373135,20.71535301208496,13148606,0.0,0.0
2004-02-23 00:00:00-05:00,20.71535679080702,20.87140464782715,20.30183042226993,20.87140464782715,13657273,0.0,0.0
2004-02-24 00:00:00-05:00,20.590514878390632,20.62172383950397,20.130173650646068,20.25501251220703,15822301,0.0,0.0
2004-02-25 00:00:00-05:00,20.286224329830585,20.590517777748513,20.21600264888383,20.520296096801758,12067005,0.0,0.0
2004-02-26 00:00:00-05:00,20.715351568989494,21.0508554329986,20.6217231800896,20.85579490661621,11430512,0.0,0.0
2004-02-27 00:00:00-05:00,20.972833453263153,20.972833453263153,20.69194675217342,20.699748992919922,9962088,0.0,0.0
2004-03-01 00:00:00-05:00,20.910413477799498,21.09767026797919,20.785574611977133,20.965030670166016,10602534,0.0,0.0
2004-03-02 00:00:00-05:00,20.832385040033493,21.105469434011777,20.832385040033493,20.879199981689453,8528434,0.0,0.0
2004-03-03 00:00:00-05:00,20.832389634016103,20.988437462543104,20.738761238610675,20.793376922607422,10618956,0.0,0.0
2004-03-04 00:00:00-05:00,20.801182761890697,21.058661252266216,20.801182761890697,20.910415649414062,7669336,0.0,0.0
2004-03-05 00:00:00-05:00,20.879205260034308,20.949426935993795,20.606120797019205,20.660737991333008,8566346,0.0,0.0
2004-03-08 00:00:00-05:00,20.715352292261173,20.793376203827563,20.44226935605571,20.473478317260742,6776685,0.0,0.0
2004-03-09 00:00:00-05:00,20.47347759402955,20.606118691572973,20.270616336255348,20.465675354003906,8949924,0.0,0.0
2004-03-10 00:00:00-05:00,20.403253477796998,20.489081124891218,19.833679464371425,19.857086181640625,13667917,0.0,0.0
2004-03-11 00:00:00-05:00,19.8570861251735,19.911703307199897,19.310918830570248,19.46696662902832,13086265,0.0,0.0
2004-03-12 00:00:00-05:00,19.64642665114094,20.364246368408203,19.4279593871325,20.364246368408203,15635378,0.0,0.0
2004-03-15 00:00:00-05:00,19.818079260612095,19.88830093611888,19.584007511774097,19.76346206665039,11247339,0.0,0.0
2004-03-16 00:00:00-05:00,19.77906628285772,19.89610290998361,19.677635645621457,19.818078994750977,9534921,0.0,0.0
2004-03-17 00:00:00-05:00,19.864892420165823,20.247209755303295,19.786868505006215,20.13017463684082,6608211,0.0,0.0
2004-03-18 00:00:00-05:00,20.169186106457257,20.33303768815442,19.95852258873243,20.075557708740234,7416523,0.0,0.0
2004-03-19 00:00:00-05:00,20.083360904211865,20.239408744009626,19.779067465750842,19.810277938842773,8135834,0.0,0.0
2004-03-22 00:00:00-05:00,19.584007272793105,19.716648381415542,19.40455121155279,19.427959442138672,8648657,0.0,0.0
2004-03-23 00:00:00-05:00,19.58400535583496,19.779064370782933,19.435759780368713,19.58400535583496,7539888,0.0,0.0
2004-03-24 00:00:00-05:00,19.58400467693567,19.58400467693567,19.15487244524046,19.32652473449707,8691333,0.0,0.0
2004-03-25 00:00:00-05:00,19.4903843761405,19.630826256517953,19.357743230087806,19.545000076293945,7136036,0.0,0.0
2004-03-26 00:00:00-05:00,19.505981448145025,19.693238223179378,19.435759780368713,19.58400535583496,5351951,0.0,0.0
2004-03-29 00:00:00-05:00,19.62301465466583,19.7166445416675,19.55279299369137,19.66202735900879,4739280,0.0,0.0
2004-03-30 00:00:00-05:00,19.623020828497694,19.685440269952803,19.544996903817328,19.64642906188965,4771515,0.0,0.0
2004-03-31 00:00:00-05:00,19.685437175782408,19.708843896941215,19.42795871737405,19.498180389404297,8251495,0.0,0.0
2004-04-01 00:00:00-05:00,19.584005165415427,19.802472406533788,18.952011670127334,19.779064178466797,8350431,0.0,0.0
2004-04-02 00:00:00-05:00,20.192595767086477,20.27842193011703,19.93511576944081,20.247211456298828,9080791,0.0,0.0
2004-04-05 00:00:00-04:00,20.145773511318875,20.73875570491844,20.059947379385275,20.67633628845215,8187836,0.0,0.0
2004-04-06 00:00:00-04:00,20.52029534777731,20.793378311665364,20.465678151578114,20.746564865112305,6810846,0.0,0.0
2004-04-07 00:00:00-04:00,20.55149810300953,20.652930223670488,20.29401969909668,20.29401969909668,6403345,0.0,0.0
2004-04-08 00:00:00-04:00,20.66853958001911,20.66853958001911,20.223802815826065,20.481281280517578,4120426,0.0,0.0
2004-04-12 00:00:00-04:00,20.1691858448079,20.208198556673665,19.90390513662543,20.05215072631836,6510694,0.0,0.0
2004-04-13 00:00:00-04:00,20.013136090946567,20.083357758712683,19.474770977108818,19.5059814453125,10035783,0.0,0.0
2004-04-14 00:00:00-04:00,19.427957537633894,19.615214312641054,19.349933629955288,19.5059814453125,9546376,0.0,0.0
2004-04-15 00:00:00-04:00,19.62301654386654,19.646424772147373,19.217292525828153,19.271909713745117,7704410,0.0,0.0
2004-04-16 00:00:00-04:00,19.27191161148424,19.427959442138672,19.061246587534587,19.427959442138672,11856868,0.0,0.0
2004-04-19 00:00:00-04:00,19.209498335299056,19.57621130745647,19.186091605763806,19.47477912902832,5867816,0.0,0.0
2004-04-20 00:00:00-04:00,19.552798733729954,19.732254812704053,19.303122481720724,19.349937438964844,8467511,0.0,0.0
2004-04-21 00:00:00-04:00,19.271909722276686,19.53719040496245,19.232897014160514,19.5059814453125,8370907,0.0,0.0
2004-04-22 00:00:00-04:00,19.584005814855388,19.701040924856557,19.412353515625,19.412353515625,7473188,0.0,0.0
2004-04-23 00:00:00-04:00,19.41236054708657,19.4591740046221,19.162682739346494,19.2329044342041,8110289,0.0,0.0
2004-04-26 00:00:00-04:00,19.287516585832957,19.396749466661532,18.803768600150264,19.022235870361328,9158135,0.0,0.0
2004-04-27 00:00:00-04:00,19.11585655285209,19.147065503760874,18.866180419921875,18.866180419921875,9646629,0.0,0.0
2004-04-28 00:00:00-04:00,18.530681617709604,18.686729431152344,18.413646511904407,18.686729431152344,28449062,0.0,0.0
2004-04-29 00:00:00-04:00,18.881792093721618,19.03783992486261,18.476066525911932,18.49167251586914,17104815,0.0,0.0
2004-04-30 00:00:00-04:00,18.49167674579994,18.530687958231972,17.867485278453533,17.968915939331055,16997364,0.0,0.0
2004-05-03 00:00:00-04:00,18.085945327821083,18.14056251639369,17.906490790651635,18.046934127807617,9411252,0.0,0.0
2004-05-04 00:00:00-04:00,17.906490067660933,18.148364023639804,17.836268401918204,17.96110725402832,10831221,0.0,0.0
2004-05-05 00:00:00-04:00,17.945505142211914,18.226390333686453,17.828468514348774,17.945505142211914,10128839,0.0,0.0
2004-05-06 00:00:00-04:00,17.797261276974954,17.922098649104562,17.53197903266072,17.750446319580078,9461632,0.0,0.0
2004-05-07 00:00:00-04:00,17.594396595627444,17.883085533558123,17.422744284418776,17.516372680664062,7841764,0.0,0.0
2004-05-10 00:00:00-04:00,17.251095605696424,17.63341302037526,16.689322092826828,17.2432918548584,12047035,0.0,0.0
2004-05-11 00:00:00-04:00,17.63340954174004,18.10155303774212,17.6256057924415,17.929899215698242,14412570,0.0,0.0
2004-05-12 00:00:00-04:00,17.937701392941,18.101552973660176,17.67242068290051,17.945505142211914,10148201,0.0,0.0
2004-05-13 00:00:00-04:00,18.242000541153935,18.398048421584512,18.02353471539462,18.179582595825195,18058692,0.0,0.0
2004-05-14 00:00:00-04:00,18.218590986355824,18.296614914471327,17.992321443965444,18.13276481628418,7104004,0.0,0.0
2004-05-17 00:00:00-04:00,17.90649243528593,17.937701398163114,17.703629650922576,17.867481231689453,6658692,0.0,0.0
2004-05-18 00:00:00-04:00,18.015722456298814,18.179574011075946,17.820663452148438,17.820663452148438,5236087,0.0,0.0
2004-05-19 00:00:00-04:00,18.00792306794811,18.265403045825465,17.828468514348774,17.945505142211914,8089508,0.0,0.0
2004-05-20 00:00:00-04:00,17.87528326643348,18.085946780534783,17.83627055473265,17.984516143798828,4251495,0.0,0.0
2004-05-21 00:00:00-04:00,18.101551103472715,18.22638845060124,17.695825576782227,17.695825576782227,7053624,0.0,0.0
2004-05-24 00:00:00-04:00,17.86747933353432,18.14056225536032,17.805059905857203,18.101551055908203,5979118,0.0,0.0
2004-05-25 00:00:00-04:00,18.10155460394988,18.530685424804688,17.96891348270656,18.530685424804688,5405170,0.0,0.0
2004-05-26 00:00:00-04:00,18.460464477539062,18.608710087516695,18.35903382649535,18.460464477539062,5470857,0.0,0.0
2004-05-27 00:00:00-04:00,18.608706443158695,18.671125873328236,18.42144966120387,18.499473571777344,5804866,0.0,0.0
2004-05-28 00:00:00-04:00,18.569701575799602,18.624317275841403,18.31222152709961,18.31222152709961,3879980,0.0,0.0
2004-06-01 00:00:00-04:00,18.569695503474613,18.678928376393166,18.28100657772398,18.60090446472168,7336138,0.0,0.0
2004-06-02 00:00:00-04:00,18.686731062520497,19.076850630185127,18.24199430281666,19.053443908691406,8753472,0.0,0.0
2004-06-03 00:00:00-04:00,18.92080454472692,19.131469583223108,18.694535023798565,18.70233726501465,6509478,0.0,0.0
2004-06-04 00:00:00-04:00,18.842777974556604,19.02223402295541,18.733545104336535,18.77255630493164,4915560,0.0,0.0
2004-06-07 00:00:00-04:00,18.9207994708648,19.131464452868393,18.710134488861208,19.0378360748291,6578611,0.0,0.0
2004-06-08 00:00:00-04:00,19.076849187497245,19.20168804313052,18.983220800049153,19.193885803222656,5967157,0.0,0.0
2004-06-09 00:00:00-04:00,19.193891990949815,19.404555553483306,19.092459822340423,19.178287506103516,7252712,0.0,0.0
2004-06-10 00:00:00-04:00,19.131465921348994,19.388944357858804,19.123663681626304,19.287513732910156,5602737,0.0,0.0
2004-06-14 00:00:00-04:00,19.15487264051706,19.342130919522674,19.139268161071683,19.287513732910156,7386822,0.0,0.0
2004-06-15 00:00:00-04:00,19.287514193563183,19.427957529033247,19.17828132628299,19.271909713745117,6138976,0.0,0.0
2004-06-16 00:00:00-04:00,19.23290013666646,19.45916965652517,19.16267845749969,19.404552459716797,6154891,0.0,0.0
2004-06-17 00:00:00-04:00,19.32652591946382,19.505981967920242,19.27191023861314,19.396747589111328,4896300,0.0,0.0
2004-06-18 00:00:00-04:00,19.404552643271767,19.521589279174805,19.295319757175726,19.521589279174805,7328332,0.0,0.0
2004-06-21 00:00:00-04:00,19.427955433690588,19.51378157198717,19.326523308705344,19.46696662902832,6366346,0.0,0.0
2004-06-22 00:00:00-04:00,19.326528732685734,19.46697209242407,19.31092425017125,19.443565368652344,6760365,0.0,0.0
2004-06-23 00:00:00-04:00,19.35774333807414,19.46697624754469,18.959821406250573,19.2329044342041,8469437,0.0,0.0
2004-06-24 00:00:00-04:00,19.271912550893653,19.841486707980067,19.16267815897859,19.771265029907227,17934516,0.0,0.0
2004-06-25 00:00:00-04:00,19.662033545114912,19.83368587770091,19.576207378821913,19.64642906188965,7792904,0.0,0.0
2004-06-28 00:00:00-04:00,19.654229914079444,19.950721108615706,19.607414959159104,19.693241119384766,5432843,0.0,0.0
2004-06-29 00:00:00-04:00,19.70104731534381,19.9507251136354,19.630825623143583,19.8883056640625,5302990,0.0,0.0
2004-06-30 00:00:00-04:00,19.89610790668983,19.974131841517387,19.771269007544035,19.8883056640625,6251799,0.0,0.0
2004-07-01 00:00:00-04:00,19.77126451017881,19.896103380927535,19.591809953462196,19.724451065063477,6081500,0.0,0.0
2004-07-02 00:00:00-04:00,19.779062199566503,19.83367938152006,19.6152121622594,19.716644287109375,4260416,0.0,0.0
2004-07-06 00:00:00-04:00,19.716646439882403,19.716646439882403,19.25630523392705,19.271909713745117,5905525,0.0,0.0
2004-07-07 00:00:00-04:00,19.310921176197503,19.40454956493433,19.271909976121222,19.295316696166992,4479676,0.0,0.0
2004-07-08 00:00:00-04:00,19.23289872444141,19.310922639058273,18.99102473998452,18.99882698059082,4897415,0.0,0.0
2004-07-09 00:00:00-04:00,19.193885803222656,19.23289700276197,18.97541856014129,19.193885803222656,5809529,0.0,0.0
2004-07-12 00:00:00-04:00,19.170479291037143,19.29531815784567,18.95981577755932,18.99882698059082,5897314,0.0,0.0
2004-07-13 00:00:00-04:00,18.842777714908866,19.08465168092689,18.842777714908866,18.905197143554688,3802331,0.0,0.0
2004-07-14 00:00:00-04:00,18.780357305519885,19.037837246668627,18.741346107499574,18.873987197875977,4425139,0.0,0.0
2004-07-15 00:00:00-04:00,18.84278063432402,18.89739783142047,18.616511113271834,18.624313354492188,4518398,0.0,0.0
2004-07-16 00:00:00-04:00,18.795971623787484,18.795971623787484,18.26540853568629,18.29661750793457,6910390,0.0,0.0
2004-07-19 00:00:00-04:00,18.25760195946905,18.390241568598665,18.023530197497166,18.327823638916016,7623822,0.0,0.0
2004-07-20 00:00:00-04:00,18.281005611525043,18.67892738916302,18.25759889182685,18.64771842956543,7143031,0.0,0.0
2004-07-21 00:00:00-04:00,18.647719417469414,18.67892837872037,18.10155203570098,18.444856643676758,6014597,0.0,0.0
2004-07-22 00:00:00-04:00,18.06254096360354,18.296612719874194,17.90649312608977,18.187379837036133,6907248,0.0,0.0
2004-07-23 00:00:00-04:00,18.163969498535216,18.281006117372133,17.851873859708466,17.91429328918457,5998885,0.0,0.0
2004-07-26 00:00:00-04:00,17.90649415333544,18.05473975833335,17.70363134950829,17.82847023010254,5296503,0.0,0.0
2004-07-27 00:00:00-04:00,17.906494140625,18.01572702965191,17.820667975985135,17.906494140625,5879372,0.0,0.0
2004-07-28 00:00:00-04:00,17.867478397592425,18.039130683297632,17.609998460480966,17.820663452148438,5680791,0.0,0.0
2004-07-29 00:00:00-04:00,17.867481226487783,18.117157455094226,17.867481226487783,17.945505142211914,4120426,0.0,0.0
2004-07-30 00:00:00-04:00,17.867480109221365,18.06253913205757,17.79725843860527,18.015724182128906,4828180,0.0,0.0
2004-08-02 00:00:00-04:00,18.023527145385742,18.085945064498514,17.86747933049635,18.023527145385742,5220274,0.0,0.0
2004-08-03 00:00:00-04:00,17.961108967861836,18.00792241045476,17.70362899938542,17.766048431396484,4811961,0.0,0.0
2004-08-04 00:00:00-04:00,17.633416045342756,17.805068422142018,17.438355429122172,17.547588348388672,6764420,0.0,0.0
2004-08-05 00:00:00-04:00,17.672420784445258,17.750444700617713,17.360325119755448,17.383731842041016,6140902,0.0,0.0
2004-08-06 00:00:00-04:00,17.188673546676885,17.3603258679433,17.048230189802922,17.15746307373047,6308059,0.0,0.0
2004-08-09 00:00:00-04:00,17.157463278098795,17.297906636645624,17.04042815167909,17.118452072143555,5256665,0.0,0.0
2004-08-10 00:00:00-04:00,17.149657251717493,17.625602910646872,17.126250533310564,17.508567810058594,9327116,0.0,0.0
2004-08-11 00:00:00-04:00,17.336920372171573,17.336920372171573,16.790752896755095,16.993614196777344,12018348,0.0,0.0
2004-08-12 00:00:00-04:00,16.775143387450445,16.84536505613516,16.385023843954098,16.548873901367188,13046731,0.0,0.0
2004-08-13 00:00:00-04:00,16.50206285343013,16.69712189917732,16.29139781683783,16.2992000579834,10860314,0.0,0.0
2004-08-16 00:00:00-04:00,16.385025198366296,16.962403075600115,16.35381623572831,16.814157485961914,11471972,0.0,0.0
2004-08-17 00:00:00-04:00,16.814157723166662,17.219881785953636,16.814157723166662,17.149660110473633,6826863,0.0,0.0
2004-08-18 00:00:00-04:00,17.12625570794411,17.422746931563466,16.97020785430804,17.36812973022461,4774658,0.0,0.0
2004-08-19 00:00:00-04:00,17.321310448477757,17.49296425148747,17.25889252944193,17.477359771728516,4994627,0.0,0.0
2004-08-20 00:00:00-04:00,17.360322243040766,17.563184994895067,17.344717764102818,17.508567810058594,6499442,0.0,0.0
2004-08-23 00:00:00-04:00,17.438352158931938,17.656819465050514,17.282304298640693,17.297908782958984,4154992,0.0,0.0
2004-08-24 00:00:00-04:00,17.477362409880296,17.633410248132247,17.321313063074392,17.407140731811523,5287278,0.0,0.0
2004-08-25 00:00:00-04:00,17.32911608280902,17.703629671996584,17.32911608280902,17.55538558959961,4876026,0.0,0.0
2004-08-26 00:00:00-04:00,17.609999429208322,17.773849484445208,17.539777761456268,17.695825576782227,2889306,0.0,0.0
2004-08-27 00:00:00-04:00,17.633411921528683,17.750447057047207,17.46956031811619,17.680225372314453,3743639,0.0,0.0
2004-08-30 00:00:00-04:00,17.555383679077032,17.66461654594346,17.46175378341583,17.477359771728516,3714850,0.0,0.0
2004-08-31 00:00:00-04:00,17.578792114345543,17.625605558191246,17.422744284418776,17.516372680664062,5101166,0.0,0.0
2004-09-01 00:00:00-04:00,17.524177087224018,17.57879428701502,17.391535962826186,17.53978157043457,4670654,0.0,0.0
2004-09-02 00:00:00-04:00,17.438346153501872,17.617800678469873,17.344717771281765,17.586591720581055,5099645,0.0,0.0
2004-09-03 00:00:00-04:00,17.555388768953055,17.70363287819765,17.39933940045853,17.453956604003906,4262443,0.0,0.0
2004-09-07 00:00:00-04:00,17.446157605231093,17.781660113909,17.446157605231093,17.703636169433594,5705423,0.0,0.0
2004-09-08 00:00:00-04:00,17.836269640395706,18.007921942550677,17.76604796977707,17.859676361083984,6231627,0.0,0.0
2004-09-09 00:00:00-04:00,17.851879585943944,17.976718484939944,17.79726388761817,17.836275100708008,6004663,0.0,0.0
2004-09-10 00:00:00-04:00,17.96111203168969,18.249801011139635,17.867483621978764,18.070344924926758,6513634,0.0,0.0
2004-09-13 00:00:00-04:00,18.109354738757297,18.320018249691913,18.10155249824519,18.195180892944336,4227674,0.0,0.0
2004-09-14 00:00:00-04:00,18.19518689705102,18.242000355571324,17.94551059261302,18.14056968688965,6719513,0.0,0.0
2004-09-15 00:00:00-04:00,18.14056298007867,18.17957568964308,17.890886767949336,17.953306198120117,6505626,0.0,0.0
2004-09-16 00:00:00-04:00,17.890884190172883,18.3980387815612,17.890884190172883,18.257596969604492,5066396,0.0,0.0
2004-09-17 00:00:00-04:00,18.45265935232202,18.45265935232202,18.24979808193451,18.273204803466797,5720831,0.0,0.0
2004-09-20 00:00:00-04:00,18.148364756396383,18.281005853549672,17.94550349921885,18.046934127807617,6167359,0.0,0.0
2004-09-21 00:00:00-04:00,18.17957948620642,18.273207896738747,17.945507705598555,18.265405654907227,5220882,0.0,0.0
2004-09-22 00:00:00-04:00,18.163976600938646,18.335630476255773,18.109360898776,18.179582595825195,4663558,0.0,0.0
2004-09-23 00:00:00-04:00,18.101553482482547,18.3278229952982,18.070343010183255,18.148366928100586,5380841,0.0,0.0
2004-09-24 00:00:00-04:00,18.101551581646547,18.40584498042581,18.101551581646547,18.304412841796875,3956006,0.0,0.0
2004-09-27 00:00:00-04:00,18.14836574589299,18.218587418299652,18.031330630917775,18.078144073486328,4818449,0.0,0.0
2004-09-28 00:00:00-04:00,18.062540282834206,18.156168680102862,17.438348956304633,17.63340950012207,13157932,0.0,0.0
2004-09-29 00:00:00-04:00,17.64120983889501,17.78945541381836,17.165262646031046,17.78945541381836,11477750,0.0,0.0
2004-09-30 00:00:00-04:00,17.594396591186523,17.75824666171288,17.469557723855072,17.594396591186523,9099037,0.0,0.0
2004-10-01 00:00:00-04:00,17.602200929228577,18.07814671624136,17.563189721385264,18.007925033569336,6009427,0.0,0.0
2004-10-04 00:00:00-04:00,18.522886327187955,18.522886327187955,18.09375392494448,18.366838455200195,7265079,0.0,0.0
2004-10-05 00:00:00-04:00,18.39804642979265,18.717945907741605,18.351232975864168,18.632118225097656,8125697,0.0,0.0
2004-10-06 00:00:00-04:00,18.702335091670683,18.998826257643394,18.55408950868433,18.991024017333984,9217233,0.0,0.0
2004-10-07 00:00:00-04:00,19.014431445677264,19.47477269238173,18.944211280280125,19.310922622680664,13850988,0.0,0.0
2004-10-08 00:00:00-04:00,19.310922618668645,19.54499436227209,19.162677030197745,19.388946533203125,10226356,0.0,0.0
2004-10-11 00:00:00-04:00,19.388946730198125,19.513785598143222,19.33433104545679,19.427959442138672,5527116,0.0,0.0
2004-10-12 00:00:00-04:00,19.23289987976238,19.396749959444882,19.178284192237516,19.381145477294922,9507045,0.0,0.0
2004-10-13 00:00:00-04:00,19.373341067831092,19.584006078938458,19.373341067831092,19.513784408569336,9925900,0.0,0.0
2004-10-14 00:00:00-04:00,19.513785399879843,19.529389881075964,19.248503185330286,19.388946533203125,8902889,0.0,0.0
2004-10-15 00:00:00-04:00,19.365536927220223,19.513782493612304,19.193884642520015,19.435758590698242,8775063,0.0,0.0
2004-10-18 00:00:00-04:00,19.5059819073378,19.623017017350975,19.490377427143216,19.568401336669922,6602838,0.0,0.0
2004-10-19 00:00:00-04:00,19.54499575323766,19.59181070871159,19.357738948449885,19.42015838623047,6308262,0.0,0.0
2004-10-20 00:00:00-04:00,19.33433395007309,19.427962360820864,19.217297305222793,19.303123474121094,5586518,0.0,0.0
2004-10-21 00:00:00-04:00,19.287512346814808,19.74005126953125,19.11586006814404,19.74005126953125,7961176,0.0,0.0
2004-10-22 00:00:00-04:00,19.58400487175278,19.607411590915063,19.15487263578866,19.209489822387695,5831526,0.0,0.0
2004-10-25 00:00:00-04:00,19.045641403198502,19.193886987703806,18.936407020639948,19.186084747314453,5799493,0.0,0.0
2004-10-26 00:00:00-04:00,19.115865010424496,19.45136741534597,19.00663061680775,19.404552459716797,5979219,0.0,0.0
2004-10-27 00:00:00-04:00,19.318726288450737,19.490380119968503,19.115865000785888,19.482576370239258,5271668,0.0,0.0
2004-10-28 00:00:00-04:00,19.482578449816433,19.66203454166467,19.334334343108793,19.5996150970459,4965129,0.0,0.0
2004-10-29 00:00:00-04:00,19.505982885019513,19.70884415482453,19.427958971582083,19.677635192871094,6362899,0.0,0.0
2004-11-01 00:00:00-05:00,19.6074104402482,19.83367990453271,19.342129779649262,19.685434341430664,5372428,0.0,0.0
2004-11-02 00:00:00-05:00,19.482571872795408,20.17698475407843,19.482571872795408,19.86488914489746,8445717,0.0,0.0
2004-11-03 00:00:00-05:00,20.20819762768363,20.231604348594733,19.86489151155174,20.005334854125977,6032134,0.0,0.0
2004-11-04 00:00:00-05:00,20.07555137542257,20.59050966324101,20.036540183911626,20.535892486572266,6877547,0.0,0.0
2004-11-05 00:00:00-05:00,20.53590272442991,20.80898723536229,20.403261590059657,20.621728897094727,7302788,0.0,0.0
2004-11-08 00:00:00-05:00,20.40325856349806,20.520295196123676,20.255014475288338,20.317432403564453,5572225,0.0,0.0
2004-11-09 00:00:00-05:00,20.286227849684487,20.66854528626186,20.286227849684487,20.49689292907715,5872884,0.0,0.0
2004-11-10 00:00:00-05:00,20.598319001769045,20.957229630153098,20.567110037802582,20.80118179321289,7939483,0.0,0.0
2004-11-11 00:00:00-05:00,20.91041494515593,20.91041494515593,20.55930655323819,20.746564865112305,6623112,0.0,0.0
2004-11-12 00:00:00-05:00,20.715355089878177,21.035254528201353,20.652937159038544,20.910415649414062,5176381,0.0,0.0
2004-11-15 00:00:00-05:00,20.95722704409871,21.043053192969754,20.77777099777401,20.85579490661621,4972225,0.0,0.0
2004-11-16 00:00:00-05:00,20.71535347441293,20.879205055751207,20.61392283615448,20.699748992919922,5974557,0.0,0.0
2004-11-17 00:00:00-05:00,20.71534841325074,20.972828329193618,20.652930502528612,20.72315216064453,6225038,0.0,0.0
2004-11-18 00:00:00-05:00,20.652944604528454,20.82459699332701,20.53590792490381,20.574920654296875,6066194,0.0,0.0
2004-11-19 00:00:00-05:00,20.98843859411956,21.128881949076536,20.676342920239147,20.80118179321289,9298125,0.0,0.0
2004-11-22 00:00:00-05:00,20.816786490783887,21.23811505146433,20.67634313437242,21.21470832824707,6695084,0.0,0.0
2004-11-23 00:00:00-05:00,21.222510818668347,21.355151935565832,21.152289139637563,21.316139221191406,6170198,0.0,0.0
2004-11-24 00:00:00-05:00,21.37855437180944,21.41756707836027,21.230308802312898,21.33173942565918,3396249,0.0,0.0
2004-11-26 00:00:00-05:00,21.245919476668828,21.33174564584254,20.988440969147696,21.160093307495117,1487481,0.0,0.0
2004-11-29 00:00:00-05:00,21.331745126931494,21.409769052332706,20.83239260778538,21.113279342651367,5664369,0.0,0.0
2004-11-30 00:00:00-05:00,21.050857550112028,21.261522577738972,20.97283363342285,20.97283363342285,4970502,0.0,0.0
2004-12-01 00:00:00-05:00,21.043053402805594,21.675046919874145,21.03525116269895,21.597023010253906,7988140,0.0,0.0
2004-12-02 00:00:00-05:00,21.597023996742177,21.838897976757625,21.542406804947127,21.550209045410156,5921338,0.0,0.0
2004-12-03 00:00:00-05:00,21.47218533940686,21.651641397449605,21.284928549379657,21.35515022277832,5587126,0.0,0.0
2004-12-06 00:00:00-05:00,21.355151935565832,21.456582579252977,21.222510818668347,21.316139221191406,3898936,0.0,0.0
2004-12-07 00:00:00-05:00,21.253722185527366,21.440980520292335,21.058663117270605,21.144489288330078,5969488,0.0,0.0
2004-12-08 00:00:00-05:00,21.30979914123594,21.41213607788086,21.002786809268116,21.41213607788086,6281703,0.23676,0.0
2004-12-09 00:00:00-05:00,21.41213533389683,21.758507428680357,21.372775560413704,21.74276351928711,7443994,0.0,0.0
2004-12-10 00:00:00-05:00,21.26256856013902,22.026163508487436,21.26256856013902,21.750638961791992,4061835,0.0,0.0
2004-12-13 00:00:00-05:00,21.758509932111235,21.87659231021262,21.71915015409956,21.82935905456543,5121034,0.0,0.0
2004-12-14 00:00:00-05:00,21.829361354935262,21.83723483340048,21.71128048642374,21.77425765991211,5528231,0.0,0.0
2004-12-15 00:00:00-05:00,21.648301092741807,21.81361520492376,21.632557181492707,21.727022171020508,6935124,0.0,0.0
2004-12-16 00:00:00-05:00,21.72702190226969,21.931697312075862,21.5931956142413,21.68766212463379,6128941,0.0,0.0
2004-12-17 00:00:00-05:00,21.69553348231468,21.845103677275844,21.530219376732997,21.545963287353516,8173948,0.0,0.0
2004-12-20 00:00:00-05:00,21.5931952891489,21.750637441388488,21.435753136909312,21.585323333740234,4614192,0.0,0.0
2004-12-21 00:00:00-05:00,21.545963882445562,21.766383203320085,21.48298671619096,21.632556915283203,4382159,0.0,0.0
2004-12-22 00:00:00-05:00,21.70340722603843,21.766384395743096,21.55383701875232,21.750638961791992,4294475,0.0,0.0
2004-12-23 00:00:00-05:00,21.695536581257507,21.79000158050691,21.66404723348548,21.719152450561523,2940699,0.0,0.0
2004-12-27 00:00:00-05:00,21.77425509595167,21.923825294611866,21.71914988538392,21.845104217529297,2946984,0.0,0.0
2004-12-28 00:00:00-05:00,21.860848659621542,22.034034729003906,21.7978714920189,22.034034729003906,3352053,0.0,0.0
2004-12-29 00:00:00-05:00,21.947441100010508,22.026162176873864,21.90020784507923,22.002546310424805,3597669,0.0,0.0
2004-12-30 00:00:00-05:00,22.02616217794139,22.0655219553584,21.94744110107422,21.94744110107422,3949012,0.0,0.0
2004-12-31 00:00:00-05:00,22.026160589113715,22.041904498944852,21.85297453690511,21.884462356567383,2451799,0.0,0.0
2005-01-03 00:00:00-05:00,21.892336872272676,22.246582495075312,21.892336872272676,21.923826217651367,5698936,0.0,0.0
2005-01-04 00:00:00-05:00,22.215092277153836,22.215092277153836,21.664044736019086,21.68766212463379,5893969,0.0,0.0
2005-01-05 00:00:00-05:00,21.8451026822176,21.8451026822176,21.56170621582468,21.569578170776367,5454638,0.0,0.0
2005-01-06 00:00:00-05:00,21.593196540839124,21.931698253199325,21.538092849784277,21.6010684967041,5606893,0.0,0.0
2005-01-07 00:00:00-05:00,21.64829642546326,21.679784241172833,21.294052410599175,21.388517379760742,6624430,0.0,0.0
2005-01-10 00:00:00-05:00,21.37277787820056,21.553835899923918,21.33341657841586,21.475114822387695,4510289,0.0,0.0
2005-01-11 00:00:00-05:00,21.3806517391266,21.601069558244422,21.341290435834146,21.420011520385742,7641967,0.0,0.0
2005-01-12 00:00:00-05:00,21.427880157617757,21.947439843995664,21.380648427422628,21.82148551940918,7918297,0.0,0.0
2005-01-13 00:00:00-05:00,21.94744116112669,21.94744116112669,21.750637707403687,21.845104217529297,6743436,0.0,0.0
2005-01-14 00:00:00-05:00,22.10488626886225,22.435514532379695,22.081270399191965,22.278072357177734,12502889,0.0,0.0
2005-01-18 00:00:00-05:00,22.285943235812855,22.71103800151728,22.238711498756782,22.62444496154785,9677344,0.0,0.0
2005-01-19 00:00:00-05:00,22.64805799158958,22.781884273875896,22.4040228146183,22.435510635375977,8632032,0.0,0.0
2005-01-20 00:00:00-05:00,22.356792708086747,22.600827919405102,22.23871184159291,22.451257705688477,5963811,0.0,0.0
2005-01-21 00:00:00-05:00,22.451255321491974,22.506360531755004,22.159988403320312,22.159988403320312,6256868,0.0,0.0
2005-01-24 00:00:00-05:00,22.15998846415152,22.254453451980922,21.96318501097655,22.002546310424805,6121439,0.0,0.0
2005-01-25 00:00:00-05:00,22.183600623119865,22.71103220656621,22.002542633203785,22.67167091369629,10043690,0.0,0.0
2005-01-26 00:00:00-05:00,22.758270414859343,22.758270414859343,22.285943898063163,22.498491287231445,7490623,0.0,0.0
2005-01-27 00:00:00-05:00,22.372537357892238,22.48274779375363,22.089142355748727,22.278072357177734,7241764,0.0,0.0
2005-01-28 00:00:00-05:00,22.199349372826013,22.34104762280751,22.010419387539507,22.222965240478516,7795540,0.0,0.0
2005-01-31 00:00:00-05:00,22.514232038323037,22.71103548703386,22.39615118672304,22.53784942626953,6912722,0.0,0.0
2005-02-01 00:00:00-05:00,22.632311142859272,22.80549717860795,22.380402521370755,22.67167091369629,10887582,0.0,0.0
2005-02-02 00:00:00-05:00,22.74252133955456,22.750393294177588,22.57720724840504,22.695289611816406,7762088,0.0,0.0
2005-02-03 00:00:00-05:00,22.71890416073361,22.71890416073361,22.45125163091029,22.67167091369629,5205981,0.0,0.0
2005-02-04 00:00:00-05:00,22.648053710036944,23.112508110607408,22.569332650991658,23.07314682006836,9378814,0.0,0.0
2005-02-07 00:00:00-05:00,23.159740721022885,23.537602123338324,23.033787934939653,23.52185821533203,9398479,0.0,0.0
2005-02-08 00:00:00-05:00,23.521863341673857,23.60845637661339,23.317189448919763,23.490375518798828,6019159,0.0,0.0
2005-02-09 00:00:00-05:00,23.419527195686634,23.482504365622212,23.104642868041992,23.104642868041992,6622504,0.0,0.0
2005-02-10 00:00:00-05:00,23.24634111988873,23.277828943839893,23.002304396134203,23.104642868041992,5475418,0.0,0.0
2005-02-11 00:00:00-05:00,23.01804445466131,23.254207645242804,22.813369080677525,23.096765518188477,6097516,0.0,0.0
2005-02-14 00:00:00-05:00,23.01805042173615,23.175492589604936,22.82911890707363,23.136131286621094,5146680,0.0,0.0
2005-02-15 00:00:00-05:00,23.073158146040512,23.28570556640625,23.018054443082907,23.28570556640625,5094374,0.0,0.0
2005-02-16 00:00:00-05:00,23.22272055324926,23.22272055324926,23.041662546230548,23.088895797729492,4131069,0.0,0.0
2005-02-17 00:00:00-05:00,23.01804983014304,23.199107861928734,22.94720070421967,23.104642868041992,4824531,0.0,0.0
2005-02-18 00:00:00-05:00,23.11251363643065,23.120385592013953,22.87635040283203,22.87635040283203,5194425,0.0,0.0
2005-02-22 00:00:00-05:00,22.703161264087402,22.829114058411413,22.372531564158567,22.380403518676758,7571110,0.0,0.0
2005-02-23 00:00:00-05:00,22.380408889521423,22.703166712387404,22.120629761980513,22.55359649658203,6045109,0.0,0.0
2005-02-24 00:00:00-05:00,22.467000754447948,22.648058774126707,22.112755148518694,22.159988403320312,8553776,0.0,0.0
2005-02-25 00:00:00-05:00,22.120624913922178,22.43550918933603,21.656170455483444,21.955310821533203,10205170,0.0,0.0
2005-02-28 00:00:00-05:00,21.837232526544906,21.994674682617188,21.7270221040744,21.994674682617188,6596148,0.0,0.0
2005-03-01 00:00:00-05:00,22.01829191640303,22.443385155376433,21.963186701746622,22.419769287109375,7574962,0.0,0.0
2005-03-02 00:00:00-05:00,22.356791719186806,22.711037347065723,22.278070637661852,22.5850830078125,4694475,0.0,0.0
2005-03-03 00:00:00-05:00,22.58508465975659,22.64806183398955,22.364665310957903,22.490619659423828,6930056,0.0,0.0
2005-03-04 00:00:00-05:00,22.63231652236663,22.805502599280153,22.522106093761106,22.73465347290039,6135732,0.0,0.0
2005-03-07 00:00:00-05:00,22.726781184714277,22.829118133752402,22.632316191599603,22.797630310058594,4111911,0.0,0.0
2005-03-08 00:00:00-05:00,22.63231116943514,22.640183123611788,22.38040254765082,22.459123611450195,6433452,0.0,0.0
2005-03-09 00:00:00-05:00,22.341047421863763,22.451256325284092,21.797871816509044,22.02616310119629,9296300,0.0,0.0
2005-03-10 00:00:00-05:00,21.947437569480773,22.207216624731085,21.892332367930862,22.041902542114258,4978104,0.0,0.0
2005-03-11 00:00:00-05:00,22.13637375176583,22.207222881711218,21.62468745131212,21.719152450561523,6969184,0.0,0.0
2005-03-14 00:00:00-05:00,22.0419057017365,22.12062677722092,21.750637265834214,22.057649612426758,7984795,0.0,0.0
2005-03-15 00:00:00-05:00,22.278063741976407,22.805495281548726,22.278063741976407,22.51422691345215,10863457,0.0,0.0
2005-03-16 00:00:00-05:00,22.39615432436936,22.766142363645805,22.356793020299524,22.55359649658203,9857881,0.0,0.0
2005-03-17 00:00:00-05:00,22.711037151654914,22.742524975180668,22.293814357739258,22.333175659179688,6478763,0.0,0.0
2005-03-18 00:00:00-05:00,22.38827548475982,22.38827548475982,21.90020368332995,22.112751007080078,11746376,0.0,0.0
2005-03-21 00:00:00-05:00,22.215089197137615,22.34891546661163,21.963182089094083,22.18360137939453,4423213,0.0,0.0
2005-03-22 00:00:00-05:00,22.104882321583318,22.364661407667676,21.86871910095215,21.86871910095215,5136746,0.0,0.0
2005-03-23 00:00:00-05:00,21.97105603994906,22.06552102379491,21.82935780316374,21.86871910095215,5259807,0.0,0.0
2005-03-24 00:00:00-05:00,21.884463995054002,22.15998852585958,21.845104217529297,21.845104217529297,4841358,0.0,0.0
2005-03-28 00:00:00-05:00,21.98680394954231,22.37253743227288,21.971060036376443,22.175735473632812,5191181,0.0,0.0
2005-03-29 00:00:00-05:00,22.12062458470456,22.238706947243855,21.88446138165895,21.96318244934082,6244197,0.0,0.0
2005-03-30 00:00:00-05:00,22.041900316276315,22.396145830420558,22.018284456010953,22.317424774169922,4923771,0.0,0.0
2005-03-31 00:00:00-05:00,22.356788917146396,22.7110345006267,22.238708070674996,22.61656951904297,6443588,0.0,0.0
2005-04-01 00:00:00-05:00,22.663805415906776,22.74252650203947,22.443386070328557,22.498491287231445,5260720,0.0,0.0
2005-04-04 00:00:00-04:00,22.55359108417585,22.56933499321223,22.2938104969437,22.380403518676758,4672985,0.0,0.0
2005-04-05 00:00:00-04:00,22.333172777173893,22.561464034375252,22.28593952594729,22.466999053955078,4473898,0.0,0.0
2005-04-06 00:00:00-04:00,22.553597513501362,22.56934142702584,22.309562287771747,22.364665985107422,3758540,0.0,0.0
2005-04-07 00:00:00-04:00,22.36465957415862,22.600822775428554,22.31742784712441,22.59295082092285,4779726,0.0,0.0
2005-04-08 00:00:00-04:00,22.545722041539367,22.829117006894858,22.278069465220486,22.35679054260254,4549417,0.0,0.0
2005-04-11 00:00:00-04:00,22.34891865094808,22.404023861882976,22.081267595897334,22.144243240356445,4415915,0.0,0.0
2005-04-12 00:00:00-04:00,22.120629335805464,22.207222376650805,21.821488909957946,22.152118682861328,6181652,0.0,0.0
2005-04-13 00:00:00-04:00,22.065521353763046,22.27806871211946,21.805742263793945,21.805742263793945,4380639,0.0,0.0
2005-04-14 00:00:00-04:00,21.758510917750918,21.947442426864917,21.664045924210544,21.750638961791992,5631221,0.0,0.0
2005-04-15 00:00:00-04:00,21.69553348231468,21.845103677275844,21.51447394407936,21.545963287353516,7607197,0.0,0.0
2005-04-18 00:00:00-04:00,21.254697477868014,21.490860732443213,21.20746421813965,21.20746421813965,6055347,0.0,0.0
2005-04-19 00:00:00-04:00,21.136618478109952,21.482990673260705,21.136618478109952,21.37278175354004,6150938,0.0,0.0
2005-04-20 00:00:00-04:00,21.215333650725874,21.435751428669434,20.93980914524689,20.95555305480957,5368474,0.0,0.0
2005-04-21 00:00:00-04:00,21.10512734649193,21.845106460257966,21.026406261327455,21.782129287719727,7220578,0.0,0.0
2005-04-22 00:00:00-04:00,21.727023231716966,21.813616269847625,21.207463480899776,21.490859985351562,4962696,0.0,0.0
2005-04-25 00:00:00-04:00,21.522344969495926,21.58532213129013,21.29405523129565,21.41213607788086,4361683,0.0,0.0
2005-04-26 00:00:00-04:00,21.3412909222559,21.349162878687153,21.09725570678711,21.09725570678711,5807603,0.0,0.0
2005-04-27 00:00:00-04:00,21.018533312803218,21.17597547569987,20.86896310584807,21.128742218017578,5511100,0.0,0.0
2005-04-28 00:00:00-04:00,20.93981096453532,21.010660085755898,20.325786261979065,20.388763427734375,9948099,0.0,0.0
2005-04-29 00:00:00-04:00,20.506843191529647,20.782367706298828,20.239192153840303,20.782367706298828,8371313,0.0,0.0
2005-05-02 00:00:00-04:00,20.916193984151757,21.03427483187502,20.55407644186982,20.727262496948242,6490218,0.0,0.0
2005-05-03 00:00:00-04:00,20.727264736343965,20.821729729135285,20.483229537452537,20.664287567138672,7073492,0.0,0.0
2005-05-04 00:00:00-04:00,20.664287423965348,21.112998039156757,20.609183733071585,21.08938217163086,5219260,0.0,0.0
2005-05-05 00:00:00-04:00,21.018537191775643,21.22321265012746,20.963431967982167,21.026409149169922,4437608,0.0,0.0
2005-05-06 00:00:00-04:00,21.215335519285468,21.372777672845167,21.105125098573787,21.168102264404297,5810137,0.0,0.0
2005-05-09 00:00:00-04:00,21.215338337468303,21.396396381503223,21.215338337468303,21.301931381225586,5957932,0.0,0.0
2005-05-10 00:00:00-04:00,21.175976449744585,21.30980275097241,21.002790366998767,21.2153377532959,5368880,0.0,0.0
2005-05-11 00:00:00-04:00,21.238950180511434,21.868718759014197,20.664285287204518,20.994915008544922,10819260,0.0,0.0
2005-05-12 00:00:00-04:00,21.215339364529648,21.325548283183355,20.955558698648133,21.05789566040039,7838419,0.0,0.0
2005-05-13 00:00:00-04:00,21.183844868052425,21.33341505690715,21.065764021186254,21.25469398498535,7178104,0.0,0.0
2005-05-16 00:00:00-04:00,21.29405528435642,21.388520266266585,21.19958878041319,21.309799194335938,6104815,0.0,0.0
2005-05-17 00:00:00-04:00,21.215335723128113,21.56957981102453,21.183846378893723,21.475114822387695,6307755,0.0,0.0
2005-05-18 00:00:00-04:00,21.601068820316357,21.72702316010942,21.380651008728368,21.64830207824707,7473999,0.0,0.0
2005-05-19 00:00:00-04:00,21.797871226510246,22.05765032741956,21.76638340410906,21.994674682617188,6661227,0.0,0.0
2005-05-20 00:00:00-04:00,22.041909268625766,22.041909268625766,21.884467092179154,21.908082962036133,6157121,0.0,0.0
2005-05-23 00:00:00-04:00,21.86084819029808,21.90807992346116,21.671916691546265,21.68766212463379,8412671,0.0,0.0
2005-05-24 00:00:00-04:00,21.608943530775974,21.83723483340048,21.585326139446998,21.77425765991211,6050380,0.0,0.0
2005-05-25 00:00:00-04:00,21.577454508786932,21.845107119645135,21.490861464695563,21.766386032104492,6817841,0.0,0.0
2005-05-26 00:00:00-04:00,21.884462356567383,21.986799292502823,21.83723062707397,21.884462356567383,5110289,0.0,0.0
2005-05-27 00:00:00-04:00,21.85297611324024,22.041906088908195,21.82935872475688,21.94744110107422,3821997,0.0,0.0
2005-05-31 00:00:00-04:00,21.79000000356326,21.821487827023173,21.585324584974146,21.6010684967041,6227268,0.0,0.0
2005-06-01 00:00:00-04:00,21.656173702336172,21.89233694430389,21.538092842368926,21.711278915405273,5881804,0.0,0.0
2005-06-02 00:00:00-04:00,21.711278922880254,21.727022834610207,21.56170871737921,21.6010684967041,5425038,0.0,0.0
2005-06-03 00:00:00-04:00,21.530222539748973,21.60107014794956,21.451501453048305,21.50660514831543,5510593,0.0,0.0
2005-06-06 00:00:00-04:00,21.467242929450578,21.616813129408968,21.301928818345658,21.317672729492188,6628180,0.0,0.0
2005-06-07 00:00:00-04:00,21.372775654575378,21.64829863627014,21.372775654575378,21.48298454284668,7212164,0.0,0.0
2005-06-08 00:00:00-04:00,21.56957784375165,21.742763894129112,21.538090024422303,21.577449798583984,5916168,0.0,0.0
2005-06-09 00:00:00-04:00,21.53021997002386,21.774255157465934,21.514474536936337,21.68766212463379,4983274,0.0,0.0
2005-06-10 00:00:00-04:00,21.687664632556718,21.81361745758972,21.018534637070935,21.664047241210938,6142220,0.0,0.0
2005-06-13 00:00:00-04:00,21.56958312850312,21.947444663200066,21.490862038859312,21.85297966003418,5971211,0.0,0.0
2005-06-14 00:00:00-04:00,21.923826228343614,22.034035132139724,21.727022766238782,21.75851058959961,6907957,0.0,0.0
2005-06-15 00:00:00-04:00,21.88446905868136,21.88446905868136,21.238956381652226,21.28618812561035,10490522,0.0,0.0
2005-06-16 00:00:00-04:00,21.309803760895484,21.412140719725592,21.073640494495205,21.081512451171875,6875013,0.0,0.0
2005-06-17 00:00:00-04:00,21.396395209104327,21.396395209104327,20.939812623741574,21.01853370666504,9602433,0.0,0.0
2005-06-20 00:00:00-04:00,20.884708724541536,21.01853503055067,20.790243723490004,20.931941986083984,5527319,0.0,0.0
2005-06-21 00:00:00-04:00,21.002785003923172,21.168099088152328,20.91619198466185,21.042144775390625,3888697,0.0,0.0
2005-06-22 00:00:00-04:00,21.175976203376322,21.25469728752977,20.939812950915993,21.010662078857422,4638824,0.0,0.0
2005-06-23 00:00:00-04:00,20.9949209227532,21.097257888978003,20.664291108275336,20.680036544799805,4407501,0.0,0.0
2005-06-24 00:00:00-04:00,20.475357978288443,20.695777313761216,20.215578862570496,20.498973846435547,6235986,0.0,0.0
2005-06-27 00:00:00-04:00,20.498974326539642,20.585567367140378,20.050265211069167,20.176218032836914,6917587,0.0,0.0
2005-06-28 00:00:00-04:00,20.27855772883718,20.506849056585075,20.231325985048066,20.35727882385254,6326711,0.0,0.0
2005-06-29 00:00:00-04:00,20.27855313062789,20.341530296766663,19.971542299513565,20.018774032592773,8079473,0.0,0.0
2005-06-30 00:00:00-04:00,20.215581165464144,20.270684864084622,19.774742444299676,19.821975708007812,7739584,0.0,0.0
2005-07-01 00:00:00-04:00,19.853462291608693,20.066009681925166,19.648786857744682,19.75112533569336,5244805,0.0,0.0
2005-07-05 00:00:00-04:00,19.743250818368118,19.87707558273505,19.5779351882093,19.711761474609375,5697314,0.0,0.0
2005-07-06 00:00:00-04:00,19.625164395976732,19.727501317515436,19.483466183364474,19.514955520629883,7361987,0.0,0.0
2005-07-07 00:00:00-04:00,19.263046916654407,19.412617083121525,19.168581948894342,19.247303009033203,10409225,0.0,0.0
2005-07-08 00:00:00-04:00,19.21581856746459,19.884946935105695,19.192202701886607,19.680273056030273,10447238,0.0,0.0
2005-07-11 00:00:00-04:00,19.955800498119558,20.050267025535828,19.703893309754193,19.821975708007812,8896706,0.0,0.0
2005-07-12 00:00:00-04:00,19.87707644057303,20.247065971982213,19.719634281084,20.00303077697754,10275824,0.0,0.0
2005-07-13 00:00:00-04:00,20.144726077830928,20.37301732789524,19.99515589599455,20.23919105529785,7599797,0.0,0.0
2005-07-14 00:00:00-04:00,20.404506251929437,20.8610887767966,20.34940104457428,20.727262496948242,12597770,0.0,0.0
2005-07-15 00:00:00-04:00,20.782368361273313,20.837473570370452,20.664285987784176,20.766624450683594,7714242,0.0,0.0
2005-07-18 00:00:00-04:00,20.727264806187808,20.821729799297444,20.475357650551032,20.506845474243164,7284744,0.0,0.0
2005-07-19 00:00:00-04:00,20.483234197048265,20.569827253641563,20.160477843736818,20.2785587310791,8686569,0.0,0.0
2005-07-20 00:00:00-04:00,20.286424582671813,20.365145651977063,20.12110896730108,20.333656311035156,6153573,0.0,0.0
2005-07-21 00:00:00-04:00,20.349404120426584,20.349404120426584,20.073881086071083,20.121112823486328,5524278,0.0,0.0
2005-07-22 00:00:00-04:00,20.097493103119408,20.35727217521683,20.08174919366496,20.333656311035156,4499341,0.0,0.0
2005-07-25 00:00:00-04:00,20.333657949229394,20.41237902487686,20.144727976488735,20.1840877532959,3796959,0.0,0.0
2005-07-26 00:00:00-04:00,20.247065836557095,20.58556602058444,20.199832580213027,20.37302017211914,6003041,0.0,0.0
2005-07-27 00:00:00-04:00,20.61705276934726,20.61705276934726,20.16047026297021,20.333656311035156,5697922,0.0,0.0
2005-07-28 00:00:00-04:00,20.231321540830955,20.554077807290668,20.231321540830955,20.428123474121094,4331576,0.0,0.0
2005-07-29 00:00:00-04:00,20.380891203431126,20.451740323717157,20.176215797934468,20.1840877532959,3809529,0.0,0.0
2005-08-01 00:00:00-04:00,20.18408873710843,20.30217111735176,20.08962374613369,20.160472869873047,5378510,0.0,0.0
2005-08-02 00:00:00-04:00,20.136858257991378,20.191961951642497,20.03451978285841,20.121112823486328,4827369,0.0,0.0
2005-08-03 00:00:00-04:00,20.207707367219776,20.585567354321018,20.089624979725663,20.286428451538086,7814597,0.0,0.0
2005-08-04 00:00:00-04:00,20.27067760868297,20.333654763741514,20.121107436181266,20.1683406829834,4038925,0.0,0.0
2005-08-05 00:00:00-04:00,20.073881806713704,20.144730937413325,19.91643963227752,20.058137893676758,3974252,0.0,0.0
2005-08-08 00:00:00-04:00,20.03451860006206,20.278553795066735,19.90856578569076,20.00303077697754,4148910,0.0,0.0
2005-08-09 00:00:00-04:00,20.184090416387935,20.672162367425006,20.184090416387935,20.577695846557617,10838824,0.0,0.0
2005-08-10 00:00:00-04:00,20.152599390152844,20.42812238649641,19.89282030410896,20.050262451171875,12615408,0.0,0.0
2005-08-11 00:00:00-04:00,19.9951586874662,20.388764083556097,19.9951586874662,20.37302017211914,8425342,0.0,0.0
2005-08-12 00:00:00-04:00,20.333663956923413,20.373025267393228,20.089628702518016,20.2785587310791,6488596,0.0,0.0
2005-08-15 00:00:00-04:00,20.349405835762127,20.67216367880607,20.247068874036053,20.601314544677734,9071870,0.0,0.0
2005-08-16 00:00:00-04:00,20.62492974774247,20.750884098123105,20.53046474597369,20.672163009643555,8494171,0.0,0.0
2005-08-17 00:00:00-04:00,20.601309098515266,20.837472309166465,20.5225880282982,20.69577407836914,5834161,0.0,0.0
2005-08-18 00:00:00-04:00,20.601313302218728,20.672162432074174,20.475358955357194,20.53046417236328,6346275,0.0,0.0
2005-08-19 00:00:00-04:00,20.546205580161917,20.624926656844146,20.404507337727267,20.44386863708496,5775773,0.0,0.0
2005-08-22 00:00:00-04:00,20.396638295633224,20.443871557202424,20.073881987338222,20.254940032958984,9462848,0.0,0.0
2005-08-23 00:00:00-04:00,20.17621514672109,20.349401203149082,20.113237983829166,20.310041427612305,7162494,0.0,0.0
2005-08-24 00:00:00-04:00,20.2391943481773,20.31004347331276,19.995159149169922,19.995159149169922,7804055,0.0,0.0
2005-08-25 00:00:00-04:00,20.06600448568079,20.06600448568079,19.79835194747441,19.83771324157715,7690928,0.0,0.0
2005-08-26 00:00:00-04:00,19.877078671896143,20.058138241056817,19.806229539969515,19.94005584716797,6527217,0.0,0.0
2005-08-29 00:00:00-04:00,19.78260923642703,20.04238831391539,19.758993371755285,19.955795288085938,6098429,0.0,0.0
2005-08-30 00:00:00-04:00,19.790483142175372,19.96366921090619,19.78261118650881,19.908565521240234,10779422,0.0,0.0
2005-08-31 00:00:00-04:00,19.87707525292286,19.87707525292286,19.61729616189766,19.829843521118164,9612266,0.0,0.0
2005-09-01 00:00:00-04:00,19.751121622234685,19.814098784047218,19.40474799328228,19.436237335205078,10264774,0.0,0.0
2005-09-02 00:00:00-04:00,19.436240757395,19.625170754064946,19.326030324309766,19.491344451904297,6454131,0.0,0.0
2005-09-06 00:00:00-04:00,19.522833700923634,19.884949779720536,19.522833700923634,19.814102172851562,7265180,0.0,0.0
2005-09-07 00:00:00-04:00,19.71176206580833,19.947925301932795,19.703890110140833,19.85346031188965,7044197,0.0,0.0
2005-09-08 00:00:00-04:00,19.711756390238865,19.79834939968195,19.60154752059296,19.640907287597656,9233857,0.0,0.0
2005-09-09 00:00:00-04:00,19.640912353693636,19.91643688192519,19.554319321915102,19.711761474609375,8595033,0.0,0.0
2005-09-12 00:00:00-04:00,19.735382342368553,19.80622995374188,19.609427989193584,19.774742126464844,5971110,0.0,0.0
2005-09-13 00:00:00-04:00,19.774735833430217,19.782607787744336,19.514956774965512,19.53070068359375,5969691,0.0,0.0
2005-09-14 00:00:00-04:00,19.530703762572855,19.6645300510762,18.774980808949852,18.979656219482422,13312620,0.0,0.0
2005-09-15 00:00:00-04:00,18.90881032004344,18.979659454147342,18.814345315249376,18.89306640625,14430917,0.0,0.0
2005-09-16 00:00:00-04:00,18.971784263927304,19.081993163732125,18.90880709745319,18.979656219482422,11912722,0.0,0.0
2005-09-19 00:00:00-04:00,18.89305974733719,18.94029147207055,18.735617620826872,18.81433868408203,8084237,0.0,0.0
2005-09-20 00:00:00-04:00,18.814340914821607,19.03476022247685,18.688386589866305,18.696258544921875,10527724,0.0,0.0
2005-09-21 00:00:00-04:00,18.570308438124098,18.633284087711775,18.357761054665797,18.365633010864258,11679878,0.0,0.0
2005-09-22 00:00:00-04:00,18.286909103393555,18.38137408522321,18.027130022853736,18.286909103393555,11440142,0.0,0.0
2005-09-23 00:00:00-04:00,18.20031830144774,18.32627111860672,18.082235918200876,18.27903938293457,10055449,0.0,0.0
2005-09-26 00:00:00-04:00,18.420738232395244,18.452226057199525,18.208190848866465,18.310527801513672,7323872,0.0,0.0
2005-09-27 00:00:00-04:00,18.34201996452614,18.4915901993776,18.18457777226498,18.389251708984375,8805271,0.0,0.0
2005-09-28 00:00:00-04:00,18.37350365518553,18.554561678889062,18.279038665515564,18.397119522094727,8470552,0.0,0.0
2005-09-29 00:00:00-04:00,18.397117794493482,18.89306160724674,18.326268678385876,18.861572265625,11694475,0.0,0.0
2005-09-30 00:00:00-04:00,18.924550355513293,19.168585535400265,18.90880644494635,18.995399475097656,8197162,0.0,0.0
2005-10-03 00:00:00-04:00,18.99539536968144,19.066244473953404,18.861569114719643,18.900930404663086,5863254,0.0,0.0
2005-10-04 00:00:00-04:00,19.381133707375987,19.680274108832158,18.940295060805504,19.333900451660156,15716168,0.0,0.0
2005-10-05 00:00:00-04:00,19.20794776559667,19.341772533940425,19.0662495195544,19.074121475219727,9093360,0.0,0.0
2005-10-06 00:00:00-04:00,19.08986769915254,19.365392268949606,18.830088564626767,18.96391487121582,9974252,0.0,0.0
2005-10-07 00:00:00-04:00,18.971782684326172,19.042631800456466,18.908805523095573,18.971782684326172,5812570,0.0,0.0
2005-10-10 00:00:00-04:00,18.92455551344362,18.987532694909085,18.767113320796728,18.798601150512695,6800811,0.0,0.0
2005-10-11 00:00:00-04:00,18.751366919192893,18.96391430768891,18.65690192053911,18.712005615234375,8460314,0.0,0.0
2005-10-12 00:00:00-04:00,18.696264806881015,18.861578962483023,18.263299523645667,18.37350845336914,12674911,0.0,0.0
2005-10-13 00:00:00-04:00,18.223933775826808,18.467968970963902,18.168828563365782,18.444353103637695,8466700,0.0,0.0
2005-10-14 00:00:00-04:00,18.428610505079746,18.530947459484434,18.26329637795166,18.412866592407227,6541510,0.0,0.0
2005-10-17 00:00:00-04:00,18.294783221238568,18.53881842066283,18.208190184154684,18.491586685180664,7324886,0.0,0.0
2005-10-18 00:00:00-04:00,18.49158767780314,18.530947459484434,18.25542289958208,18.412866592407227,9321541,0.0,0.0
2005-10-19 00:00:00-04:00,18.279036773951308,18.48371064338383,18.027129653555036,18.45222282409668,8650177,0.0,0.0
2005-10-20 00:00:00-04:00,18.365630224432433,18.452223251510897,18.019256594085505,18.07436180114746,7724480,0.0,0.0
2005-10-21 00:00:00-04:00,18.18457539207872,18.412866693179623,18.027133220425227,18.09010887145996,8882311,0.0,0.0
2005-10-24 00:00:00-04:00,18.090109427427187,18.38137791054777,18.082237470805914,18.342018127441406,8425241,0.0,0.0
2005-10-25 00:00:00-04:00,18.239678917104257,18.586052604740654,18.22393500449199,18.51520347595215,8796959,0.0,0.0
2005-10-26 00:00:00-04:00,18.538819281309056,18.77498253578327,18.4915875436342,18.562435150146484,6936138,0.0,0.0
2005-10-27 00:00:00-04:00,18.70413060801613,18.73561995045338,18.381374360741066,18.436479568481445,6264166,0.0,0.0
2005-10-28 00:00:00-04:00,18.523068723283497,18.893058145829734,18.499452862918663,18.751359939575195,8803447,0.0,0.0
2005-10-31 00:00:00-05:00,18.893059309996243,19.28666461716078,18.877313880083378,19.184326171875,10385910,0.0,0.0
2005-11-01 00:00:00-05:00,19.113483558152424,19.530704835663222,19.113483558152424,19.412622451782227,12009630,0.0,0.0
2005-11-02 00:00:00-05:00,19.36538816576126,19.577933993505145,19.33389882392409,19.53857421875,7455449,0.0,0.0
2005-11-03 00:00:00-05:00,19.664530129983657,19.680274041157066,19.389005596316263,19.601552963256836,9572833,0.0,0.0
2005-11-04 00:00:00-05:00,19.680270859627864,19.719630631198456,19.35751464461728,19.53070068359375,6894273,0.0,0.0
2005-11-07 00:00:00-05:00,19.680272024484196,19.837714164151276,19.57793356827748,19.806224822998047,7903903,0.0,0.0
2005-11-08 00:00:00-05:00,19.81409829981112,19.88494589283159,19.73537722997758,19.806224822998047,7530765,0.0,0.0
2005-11-09 00:00:00-05:00,19.806228879830506,20.10536931087633,19.806228879830506,20.01090431213379,8767968,0.0,0.0
2005-11-10 00:00:00-05:00,19.99515589599455,20.310040168906294,19.987283941375058,20.23919105529785,7589356,0.0,0.0
2005-11-11 00:00:00-05:00,20.23919794234625,20.46748927009415,20.176220761927265,20.35727882385254,8285251,0.0,0.0
2005-11-14 00:00:00-05:00,20.310037266169697,20.617049540583356,20.2706759766648,20.475351333618164,10538773,0.0,0.0
2005-11-15 00:00:00-05:00,20.41238243588191,20.554080700132417,20.23132438824703,20.514720916748047,10909072,0.0,0.0
2005-11-16 00:00:00-05:00,20.483227756671457,20.5934381737075,20.160471504841667,20.349401473999023,8954688,0.0,0.0
2005-11-17 00:00:00-05:00,20.26281033528321,20.546206837495063,20.231322511496668,20.459613800048828,9867207,0.0,0.0
2005-11-18 00:00:00-05:00,20.073876440094747,20.215574663611896,19.69601501806,19.83771324157715,20652813,0.0,0.0
2005-11-21 00:00:00-05:00,19.71963882446289,19.814105359547842,19.49134748840245,19.71963882446289,9386619,0.0,0.0
2005-11-22 00:00:00-05:00,19.617297470184404,19.680274638823764,19.467727265428376,19.633041381835938,9305626,0.0,0.0
2005-11-23 00:00:00-05:00,19.782616687105744,19.7983606028165,19.609430570220177,19.64879035949707,7699037,0.0,0.0
2005-11-25 00:00:00-05:00,19.696022951708432,19.829849274717482,19.648789684165955,19.71963882446289,2120324,0.0,0.0
2005-11-28 00:00:00-05:00,19.829844509846353,19.837716465539636,19.554319972448642,19.69601821899414,5972022,0.0,0.0
2005-11-29 00:00:00-05:00,19.727506366857877,19.869204615738425,19.68027463191984,19.74325180053711,7616827,0.0,0.0
2005-11-30 00:00:00-05:00,19.758997969724668,19.758997969724668,19.522834701952263,19.625171661376953,9724785,0.0,0.0
2005-12-01 00:00:00-05:00,19.719639502229096,19.766872771394986,19.601558612364794,19.64879035949707,7982666,0.0,0.0
2005-12-02 00:00:00-05:00,19.593679755376552,19.680272783329055,19.538574547758387,19.58580780029297,5777800,0.0,0.0
2005-12-05 00:00:00-05:00,19.53857449359824,19.727504459146708,19.530702538536477,19.68814468383789,9765433,0.0,0.0
2005-12-06 00:00:00-05:00,19.7983578243485,20.13685957479311,19.719636734808677,20.08962631225586,10446224,0.0,0.0
2005-12-07 00:00:00-05:00,20.073880157529846,20.231322319031257,19.940053863643673,20.207706451416016,8543943,0.0,0.0
2005-12-08 00:00:00-05:00,20.15201499435437,20.29521948483981,19.865606013383488,19.92925262451172,7986011,0.266355,0.0
2005-12-09 00:00:00-05:00,19.95312064365006,20.088367958952215,19.913340935705456,20.040634155273438,5618855,0.0,0.0
2005-12-12 00:00:00-05:00,20.12019007683265,20.24748174581284,20.008808135986328,20.008808135986328,4490623,0.0,0.0
2005-12-13 00:00:00-05:00,19.969032039048255,20.112236527423548,19.921296696852394,19.99289894104004,6894678,0.0,0.0
2005-12-14 00:00:00-05:00,19.929249217850003,19.992895818098624,19.762177853579903,19.88947105407715,8764116,0.0,0.0
2005-12-15 00:00:00-05:00,19.889475933899835,19.961078184470423,19.658757912775144,19.68262481689453,8148403,0.0,0.0
2005-12-16 00:00:00-05:00,19.809916462772403,19.817872096841988,19.52350748341805,19.650800704956055,16276939,0.0,0.0
2005-12-19 00:00:00-05:00,19.348482930917566,19.770139281570547,19.348482930917566,19.523509979248047,6916675,0.0,0.0
2005-12-20 00:00:00-05:00,19.507596025969875,19.634889246272575,19.268922391561528,19.308700561523438,9194222,0.0,0.0
2005-12-21 00:00:00-05:00,19.308703528884195,19.3962185926743,19.05411858736648,19.1734561920166,7954688,0.0,0.0
2005-12-22 00:00:00-05:00,19.189361370608534,19.260963603025314,19.0620681711538,19.245052337646484,6688191,0.0,0.0
2005-12-23 00:00:00-05:00,19.05411565913033,19.39621561186423,19.05411565913033,19.308700561523438,3355195,0.0,0.0
2005-12-27 00:00:00-05:00,19.3643864819415,19.412121811645132,19.173448239550755,19.205270767211914,4646325,0.0,0.0
2005-12-28 00:00:00-05:00,19.181409669470238,19.332569797976017,19.181409669470238,19.19732093811035,4596148,0.0,0.0
2005-12-29 00:00:00-05:00,19.237094590681213,19.31665244704351,19.173447997949,19.229137420654297,4937354,0.0,0.0
2005-12-30 00:00:00-05:00,19.213232803688673,19.24505688017,19.05411703591925,19.07002830505371,7336036,0.0,0.0
2006-01-03 00:00:00-05:00,19.157543869642645,19.47577697738304,19.093898786307136,19.41213035583496,9789559,0.0,0.0
2006-01-04 00:00:00-05:00,19.491682477195322,19.6428425817874,18.91090895801141,19.0859375,13337658,0.0,0.0
2006-01-05 00:00:00-05:00,19.197319730697128,19.642844453873185,19.17345282923807,19.420082092285156,8816219,0.0,0.0
2006-01-06 00:00:00-05:00,19.611022566323943,19.72240452863927,19.443951161063378,19.68262481689453,6500253,0.0,0.0
2006-01-09 00:00:00-05:00,19.770133486334473,19.91333795234086,19.666708722312997,19.88947105407715,6680487,0.0,0.0
2006-01-10 00:00:00-05:00,19.905378948638898,20.152008136900463,19.889467685824307,20.144052505493164,11957628,0.0,0.0
2006-01-11 00:00:00-05:00,20.191796122135816,20.517983296602242,20.088369794954442,20.334999084472656,12363406,0.0,0.0
2006-01-12 00:00:00-05:00,20.4065991274654,20.517981077272715,20.303174349683406,20.398643493652344,10032438,0.0,0.0
2006-01-13 00:00:00-05:00,20.37477456513103,20.47819933262332,20.28726106368185,20.44637680053711,8184085,0.0,0.0
2006-01-17 00:00:00-05:00,20.54980698974272,20.54980698974272,20.191797256469727,20.191797256469727,9454435,0.0,0.0
2006-01-18 00:00:00-05:00,20.072454698542476,20.16792383463546,19.881516426356512,20.048587799072266,8039027,0.0,0.0
2006-01-19 00:00:00-05:00,19.8178724731805,20.923727164825376,19.8178724731805,20.875991821289062,26900051,0.0,0.0
2006-01-20 00:00:00-05:00,20.764608108080147,21.082839579244038,20.36681876912528,20.46228790283203,19239838,0.0,0.0
2006-01-23 00:00:00-05:00,20.48615570773381,20.525935412494658,20.088366351186174,20.303173065185547,11466295,0.0,0.0
2006-01-24 00:00:00-05:00,20.3668195629092,20.78847581717151,20.3668195629092,20.677095413208008,22468525,0.0,0.0
2006-01-25 00:00:00-05:00,20.836213524659602,20.844169158832337,20.167926410238916,20.23952865600586,33507755,0.0,0.0
2006-01-26 00:00:00-05:00,20.287258155104535,20.35090474836407,19.809911012975853,19.953115463256836,32957324,0.0,0.0
2006-01-27 00:00:00-05:00,20.016760518304483,20.11223117729973,19.881513238116344,19.953115463256836,11889407,0.0,0.0
2006-01-30 00:00:00-05:00,20.06449768455782,20.35090661133839,20.03267515412088,20.255435943603516,20834364,0.0,0.0
2006-01-31 00:00:00-05:00,20.287266636445157,20.295222271652065,20.07245987122108,20.136106491088867,16210846,0.0,0.0
2006-02-01 00:00:00-05:00,20.008809789412233,20.159969908614674,20.008809789412233,20.104280471801758,12136746,0.0,0.0
2006-02-02 00:00:00-05:00,20.00881045807907,20.02472326448395,19.889474408422515,19.969032287597656,10782463,0.0,0.0
2006-02-03 00:00:00-05:00,19.873565422241107,19.976990215581,19.809918803950215,19.897432327270508,12187836,0.0,0.0
2006-02-06 00:00:00-05:00,20.0485905938511,20.16792664604977,19.857650756835938,19.857650756835938,12514344,0.0,0.0
2006-02-07 00:00:00-05:00,20.342956860411302,21.385165030307157,20.287265877832905,21.241960525512695,48682615,0.0,0.0
2006-02-08 00:00:00-05:00,21.210137057267737,21.512455785227118,21.162401711688673,21.40107536315918,24842879,0.0,0.0
2006-02-09 00:00:00-05:00,21.369255509428964,21.369255509428964,21.1385374635356,21.25787353515625,14052205,0.0,0.0
2006-02-10 00:00:00-05:00,21.17035653785554,21.289694128140066,21.058976120040683,21.22604751586914,10365535,0.0,0.0
2006-02-13 00:00:00-05:00,21.22604673719778,21.289693347133845,20.88394678562103,21.011240005493164,9759250,0.0,0.0
2006-02-14 00:00:00-05:00,21.130579682733288,21.28173828125,21.074888701250853,21.28173828125,12130461,0.0,0.0
2006-02-15 00:00:00-05:00,21.281737934338185,21.409031164733776,21.17831314602453,21.385164260864258,12259605,0.0,0.0
2006-02-16 00:00:00-05:00,21.40107485307128,21.56019061692581,21.321516971144014,21.52041244506836,11117283,0.0,0.0
2006-02-17 00:00:00-05:00,21.52041095688128,21.631791368592282,21.345382398175037,21.409029006958008,8212671,0.0,0.0
2006-02-21 00:00:00-05:00,21.09080028818196,21.703396479071262,21.09080028818196,21.607927322387695,10791384,0.0,0.0
2006-02-22 00:00:00-05:00,21.66361159116715,21.918197999120533,21.599966527390905,21.846595764160156,11107349,0.0,0.0
2006-02-23 00:00:00-05:00,21.846596358754358,22.101181235424622,21.774994121845197,22.045490264892578,13015712,0.0,0.0
2006-02-24 00:00:00-05:00,22.045491056824652,22.268253408742897,21.96593318386901,22.260297775268555,11974557,0.0,0.0
2006-02-27 00:00:00-05:00,22.276207250010458,22.666040949950713,22.26029598434189,22.578527450561523,14870958,0.0,0.0
2006-02-28 00:00:00-05:00,22.642173850012483,22.642173850012483,22.133002585663654,22.268251419067383,11006994,0.0,0.0
2006-03-01 00:00:00-05:00,22.27620850747677,22.419412983001745,22.220517536281022,22.347810745239258,9220476,0.0,0.0
2006-03-02 00:00:00-05:00,22.27620863102338,22.331899602527997,22.06935908808423,22.30007553100586,9710492,0.0,0.0
2006-03-03 00:00:00-05:00,22.228475904501956,22.62626528114723,22.20460746515467,22.451236724853516,7980132,0.0,0.0
2006-03-06 00:00:00-05:00,22.395549005107327,22.451238445356736,22.180742263793945,22.180742263793945,7479676,0.0,0.0
2006-03-07 00:00:00-05:00,22.12504868456316,22.323944133853967,22.07731488424614,22.284164428710938,7846427,0.0,0.0
2006-03-08 00:00:00-05:00,22.26825129876557,22.395544498718102,22.2046046987893,22.31598663330078,7360061,0.0,0.0
2006-03-09 00:00:00-05:00,22.379633278372737,22.491015220764233,22.14095966523516,22.347810745239258,7101368,0.0,0.0
2006-03-10 00:00:00-05:00,22.308034273105324,22.51488383060737,22.22847639601709,22.40350341796875,8194323,0.0,0.0
2006-03-13 00:00:00-05:00,22.49101700247891,22.769468804091993,22.403503491216952,22.72173500061035,10551749,0.0,0.0
2006-03-14 00:00:00-05:00,22.642180456013566,22.80129623413086,22.6103563774626,22.80129623413086,5684237,0.0,0.0
2006-03-15 00:00:00-05:00,22.75355860373071,22.952454075538753,22.713780432296513,22.872896194458008,6735834,0.0,0.0
2006-03-16 00:00:00-05:00,22.920628297988987,22.9524523709853,22.681954672471736,22.817203521728516,6096706,0.0,0.0
2006-03-17 00:00:00-05:00,22.904717362520536,22.912672996331843,22.705823440813344,22.785381317138672,8086265,0.0,0.0
2006-03-20 00:00:00-05:00,22.8172038523839,22.920628630143153,22.689910634978467,22.785381317138672,6354486,0.0,0.0
2006-03-21 00:00:00-05:00,22.72969262889397,22.777427974776334,22.30803630341404,22.355770111083984,7787633,0.0,0.0
2006-03-22 00:00:00-05:00,22.363725313407357,22.43532756174063,22.07731785828666,22.109140396118164,13208718,0.0,0.0
2006-03-23 00:00:00-05:00,22.196657004793774,22.196657004793774,21.806823171002033,21.894336700439453,12652509,0.0,0.0
2006-03-24 00:00:00-05:00,21.870466565275965,22.02162669513923,21.75908614558258,21.83864402770996,7011556,0.0,0.0
2006-03-27 00:00:00-05:00,21.798862583806827,21.910242994641774,21.719304708006938,21.751127243041992,8442271,0.0,0.0
2006-03-28 00:00:00-05:00,21.806819560250652,21.830686462996475,21.528367746912384,21.552234649658203,13007299,0.0,0.0
2006-03-29 00:00:00-05:00,21.655657930092165,22.37167880668247,21.60792412791349,22.16482925415039,13031323,0.0,0.0
2006-03-30 00:00:00-05:00,22.021624689203662,22.347811822392522,21.99775778820318,22.17278480529785,7445413,0.0,0.0
2006-03-31 00:00:00-05:00,22.156869563935846,22.315985285158067,22.02957637167329,22.188692092895508,8013989,0.0,0.0
2006-04-03 00:00:00-04:00,22.172790305031008,22.33190609425906,22.125054952977546,22.22848129272461,7124075,0.0,0.0
2006-04-04 00:00:00-04:00,22.16482884214487,22.47510470338774,22.101182235544144,22.204607009887695,7559655,0.0,0.0
2006-04-05 00:00:00-04:00,22.17278700999356,22.22847798941108,21.981847168367374,22.109140396118164,7691840,0.0,0.0
2006-04-06 00:00:00-04:00,22.021625518798828,22.14096156650908,21.782951885166028,22.021625518798828,6580841,0.0,0.0
2006-04-07 00:00:00-04:00,22.077320847999736,22.276214812805655,21.775000544810656,21.902292251586914,6067917,0.0,0.0
2006-04-10 00:00:00-04:00,21.918202092704366,22.276211796158336,21.918202092704366,22.109140396118164,6749823,0.0,0.0
2006-04-11 00:00:00-04:00,22.125049921798816,22.31598974838083,21.973889802584317,22.09322738647461,5957121,0.0,0.0
2006-04-12 00:00:00-04:00,22.093230314240138,22.27621299302746,22.061406236486388,22.212566375732422,4979828,0.0,0.0
2006-04-13 00:00:00-04:00,22.133006919653518,22.276211413862438,22.093228748046794,22.180742263793945,3667005,0.0,0.0
2006-04-17 00:00:00-04:00,22.196658566972822,22.196658566972822,21.918206687931608,21.997764587402344,5925900,0.0,0.0
2006-04-18 00:00:00-04:00,22.069358965684835,22.427368616285115,22.037534894339196,22.347810745239258,7355499,0.0,0.0
2006-04-19 00:00:00-04:00,22.34781165307674,22.355767286683292,21.854553140197158,21.86250877380371,7730765,0.0,0.0
2006-04-20 00:00:00-04:00,21.84659792457166,21.910242994641774,21.711349074248172,21.751127243041992,8012063,0.0,0.0
2006-04-21 00:00:00-04:00,21.910248448468618,21.910248448468618,21.409034167632374,21.49654769897461,7737760,0.0,0.0
2006-04-24 00:00:00-04:00,21.329469656115982,21.751125910560926,21.28173431827543,21.695436477661133,6906842,0.0,0.0
2006-04-25 00:00:00-04:00,21.82273121355421,21.91024473004438,21.37720799671447,21.480632781982422,8157628,0.0,0.0
2006-04-26 00:00:00-04:00,21.48063186223926,21.83068591321156,21.464720594142758,21.639747619628906,6620476,0.0,0.0
2006-04-27 00:00:00-04:00,21.480631356205492,22.15687407828694,21.480631356205492,22.08527183532715,9712823,0.0,0.0
2006-04-28 00:00:00-04:00,22.045489329711884,22.39554486621959,21.997755532605428,22.244384765625,11729042,0.0,0.0
2006-05-01 00:00:00-04:00,22.284168068953395,22.41941693503631,21.981847798044498,22.013671875,8388444,0.0,0.0
2006-05-02 00:00:00-04:00,22.196647725135424,22.30007248246628,22.101178600044484,22.188692092895508,6899240,0.0,0.0
2006-05-03 00:00:00-04:00,22.236432074215347,22.40350346261234,22.188696732582375,22.363723754882812,8559351,0.0,0.0
2006-05-04 00:00:00-04:00,22.40350218102036,22.618307360550123,22.40350218102036,22.594440460205078,7910492,0.0,0.0
2006-05-05 00:00:00-04:00,22.674004644183206,23.19113172975283,22.674004644183206,23.143396377563477,52736138,0.0,0.0
2006-05-08 00:00:00-04:00,23.310463601954005,23.326374870412096,22.76151407266353,22.88880729675293,27962190,0.0,0.0
2006-05-09 00:00:00-04:00,22.952457666589787,23.549141098943952,22.896766679656366,23.53322982788086,18452103,0.0,0.0
2006-05-10 00:00:00-04:00,23.708256174078247,24.018532103341844,23.53322912121482,23.954885482788086,21400405,0.0,0.0
2006-05-11 00:00:00-04:00,23.748033571267477,23.819635820126475,23.485493017592738,23.708253860473633,14666194,0.0,0.0
2006-05-12 00:00:00-04:00,23.70825339747527,23.85145789239663,23.557093268192986,23.787811279296875,12967461,0.0,0.0
2006-05-15 00:00:00-04:00,23.668474848925037,23.867368781206945,23.64460794622217,23.859413146972656,11148099,0.0,0.0
2006-05-16 00:00:00-04:00,23.84349473248446,24.22537275234121,23.76393687577313,24.145814895629883,14396553,0.0,0.0
2006-05-17 00:00:00-04:00,24.090128466267807,24.1060397329609,23.58891433616234,23.676427841186523,15452610,0.0,0.0
2006-05-18 00:00:00-04:00,23.67642842121743,23.811677267846427,23.214992446540325,23.549135208129883,13824126,0.0,0.0
2006-05-19 00:00:00-04:00,23.62869267836654,24.1855977842457,23.573003244527154,23.986703872680664,14111404,0.0,0.0
2006-05-22 00:00:00-04:00,23.946928492104856,24.121957073274253,23.748034544620822,23.86737060546875,12137658,0.0,0.0
2006-05-23 00:00:00-04:00,23.946925778900237,24.22537911968386,23.827589731573177,24.050352096557617,10522352,0.0,0.0
2006-05-24 00:00:00-04:00,24.113995628105002,24.14581970004886,23.851455110182133,23.978748321533203,12651799,0.0,0.0
2006-05-25 00:00:00-04:00,24.10603991197725,24.12990835040631,23.87532192857752,23.986703872680664,8432945,0.0,0.0
2006-05-26 00:00:00-04:00,24.12991066660937,24.289026426419614,24.066264055042804,24.273115158081055,7595438,0.0,0.0
2006-05-30 00:00:00-04:00,24.233330784290327,24.241286416928208,23.994657190517813,24.026479721069336,8308971,0.0,0.0
2006-05-31 00:00:00-04:00,24.14581975227226,24.273112963898644,23.970792739945125,24.265155792236328,14483122,0.0,0.0
2006-06-01 00:00:00-04:00,24.26515364398087,24.440182179024475,24.20150858201453,24.360624313354492,10212367,0.0,0.0
2006-06-02 00:00:00-04:00,24.3526686806087,24.416313742575042,24.225375480251905,24.360624313354492,8780132,0.0,0.0
2006-06-05 00:00:00-04:00,24.360629405401287,24.654992493161828,24.22538054402794,24.456098556518555,10158236,0.0,0.0
2006-06-06 00:00:00-04:00,24.575429843470292,24.64703207747121,24.16968487627316,24.28902244567871,16524480,0.0,0.0
2006-06-07 00:00:00-04:00,24.289027536236905,24.68681695393836,24.201514018163824,24.384496688842773,13680385,0.0,0.0
2006-06-08 00:00:00-04:00,24.22538065290966,24.24924755624315,23.628695763873264,23.763944625854492,20901774,0.0,0.0
2006-06-09 00:00:00-04:00,23.803723150569326,23.867368222954994,23.270684901853198,23.334331512451172,15250988,0.0,0.0
2006-06-12 00:00:00-04:00,22.59444010445481,23.07974296643603,22.51488223301179,22.992229461669922,19011556,0.0,0.0
2006-06-13 00:00:00-04:00,22.689910223520332,22.856983145164865,22.451236598872445,22.498971939086914,13736036,0.0,0.0
2006-06-14 00:00:00-04:00,22.27621330530344,22.912676410751036,22.236435130319208,22.825162887573242,15075621,0.0,0.0
2006-06-15 00:00:00-04:00,22.785382410018737,23.270685325059137,22.674000454893584,23.222949981689453,11960365,0.0,0.0
2006-06-16 00:00:00-04:00,23.382066595805153,23.501404189480997,23.111570408732234,23.42980194091797,12722048,0.0,0.0
2006-06-19 00:00:00-04:00,23.41389045213451,23.42980172095194,23.07179048149791,23.12748146057129,12419159,0.0,0.0
2006-06-20 00:00:00-04:00,23.087704947965438,23.342291437154064,23.000191419136566,23.254777908325195,13811556,0.0,0.0
2006-06-21 00:00:00-04:00,23.20703730229278,23.668473286698738,23.103612525861184,23.175214767456055,11726812,0.0,0.0
2006-06-22 00:00:00-04:00,23.17521959535227,23.477538353917378,23.127484244940646,23.2945556640625,9550735,0.0,0.0
2006-06-23 00:00:00-04:00,23.230903916058356,23.29455052315675,22.960407758655457,23.16725730895996,8750025,0.0,0.0
2006-06-26 00:00:00-04:00,23.127484342281512,23.66847831696917,23.119528706881518,23.60483169555664,9528434,0.0,0.0
2006-06-27 00:00:00-04:00,23.53322477304145,23.588915748012678,23.32637367901421,23.39797592163086,9016118,0.0,0.0
2006-06-28 00:00:00-04:00,23.397979988502247,23.580964212866377,23.262732651796185,23.374113082885742,8398277,0.0,0.0
2006-06-29 00:00:00-04:00,23.533222753469087,23.92305646838845,23.461620516997193,23.771896362304688,11240851,0.0,0.0
2006-06-30 00:00:00-04:00,23.771901449147915,24.002619474213866,23.72416764009373,23.86737060546875,12560568,0.0,0.0
2006-07-03 00:00:00-04:00,24.01852711048811,24.11399625236682,23.83554446036957,23.88327980041504,5875215,0.0,0.0
2006-07-05 00:00:00-04:00,23.72416553367631,24.225379713518304,23.628694847619652,23.923059463500977,11341814,0.0,0.0
2006-07-06 00:00:00-04:00,23.91510407849635,24.22537996588192,23.819634929657482,23.899192810058594,10917993,0.0,0.0
2006-07-07 00:00:00-04:00,23.7878099513336,23.93101443826052,23.604827294822694,23.732120513916016,9477344,0.0,0.0
2006-07-10 00:00:00-04:00,23.98670503521397,24.13786515367133,23.748031406841122,23.803722381591797,11878256,0.0,0.0
2006-07-11 00:00:00-04:00,23.787811745264882,24.082176375234695,23.732122303647543,24.066265106201172,10149214,0.0,0.0
2006-07-12 00:00:00-04:00,24.066264550619284,24.106042722284798,23.716208948900942,23.795766830444336,8530157,0.0,0.0
2006-07-13 00:00:00-04:00,23.310463818829945,23.334332259951488,22.6342225973708,22.83311653137207,17884440,0.0,0.0
2006-07-14 00:00:00-04:00,22.71378148873172,22.833117546797073,22.395549949607542,22.666046142578125,10685150,0.0,0.0
2006-07-17 00:00:00-04:00,22.403501287240797,22.753555297851562,22.395545654109835,22.753555297851562,10588444,0.0,0.0
2006-07-18 00:00:00-04:00,22.650132056342528,23.18317027954706,22.53079447490637,23.15134620666504,10974962,0.0,0.0
2006-07-19 00:00:00-04:00,23.10361182698968,23.50140119147704,23.032009587560736,23.27863883972168,11712114,0.0,0.0
2006-07-20 00:00:00-04:00,23.262727988713664,23.668472993924123,23.16725730895996,23.16725730895996,9347795,0.0,0.0
2006-07-21 00:00:00-04:00,23.000181373310518,23.063827967808653,22.618303344533647,22.650127410888672,11008414,0.0,0.0
2006-07-24 00:00:00-04:00,22.721735062582987,23.397976252782236,22.66604408682356,23.366153717041016,9340294,0.0,0.0
2006-07-25 00:00:00-04:00,23.23090999502779,23.565054385178843,23.039971661980868,23.453672409057617,8081196,0.0,0.0
2006-07-26 00:00:00-04:00,23.429798661530878,23.58891440535287,23.246814479387066,23.34228515625,8281703,0.0,0.0
2006-07-27 00:00:00-04:00,23.58096104289536,23.58096104289536,23.20703854744025,23.238861083984375,10630005,0.0,0.0
2006-07-28 00:00:00-04:00,23.374115291082884,23.700302518174105,23.278646121385176,23.628700256347656,14853827,0.0,0.0
2006-07-31 00:00:00-04:00,23.50935666976926,23.65256114768191,23.39001909210466,23.620737075805664,9415915,0.0,0.0
2006-08-01 00:00:00-04:00,23.588914322290012,23.668472193920866,23.326372269159688,23.35024070739746,9992701,0.0,0.0
2006-08-02 00:00:00-04:00,23.334332885358446,23.803724551093897,23.318420078113473,23.708253860473633,8592195,0.0,0.0
2006-08-03 00:00:00-04:00,23.477534967184063,23.946926615371858,23.382065818345193,23.899192810058594,8253523,0.0,0.0
2006-08-04 00:00:00-04:00,23.931015774218235,23.9628398498743,23.54913763383206,23.787811279296875,10043082,0.0,0.0
2006-08-07 00:00:00-04:00,23.78781177867127,23.78781177867127,23.21499532517313,23.38206672668457,10644703,0.0,0.0
2006-08-08 00:00:00-04:00,23.469578338459947,23.620738458637998,22.888806297605292,23.055877685546875,12581450,0.0,0.0
2006-08-09 00:00:00-04:00,23.867370615624747,23.907150328065956,22.9047203407395,22.93654441833496,18942828,0.0,0.0
2006-08-10 00:00:00-04:00,22.87289977306173,23.65256743727925,22.825164421659853,23.53322982788086,17259605,0.0,0.0
2006-08-11 00:00:00-04:00,23.565050971308544,23.61278477854876,23.246817898645077,23.413890838623047,6915459,0.0,0.0
2006-08-14 00:00:00-04:00,23.493450248704406,23.708255471666998,23.421847994979377,23.48549461364746,8793817,0.0,0.0
2006-08-15 00:00:00-04:00,23.588916861615278,23.676430376008746,23.453668003819764,23.580961227416992,7611049,0.0,0.0
2006-08-16 00:00:00-04:00,23.636648178100586,23.676427883115934,23.517312139478875,23.636648178100586,9914242,0.0,0.0
2006-08-17 00:00:00-04:00,23.54913763383206,23.86736916111848,23.517315096388366,23.787811279296875,6190775,0.0,0.0
2006-08-18 00:00:00-04:00,23.843502174655313,23.843502174655313,23.58096162702583,23.795766830444336,6821490,0.0,0.0
2006-08-21 00:00:00-04:00,23.7878129693309,23.843503952026367,23.612785924530836,23.843503952026367,6809934,0.0,0.0
2006-08-22 00:00:00-04:00,23.8435017705974,23.907148382396013,23.47753490641462,23.580961227416992,14945869,0.0,0.0
2006-08-23 00:00:00-04:00,23.565049943045466,23.70825289672985,23.07974548979273,23.222949981689453,9195236,0.0,0.0
2006-08-24 00:00:00-04:00,23.207038055814003,23.31841846957125,22.928584714102453,23.032011032104492,10489711,0.0,0.0
2006-08-25 00:00:00-04:00,22.91267344616746,23.127480177926746,22.8331155682802,23.032011032104492,5944045,0.0,0.0
2006-08-28 00:00:00-04:00,23.016099671038432,23.429800326735744,23.00814249889084,23.366153717041016,5185200,0.0,0.0
2006-08-29 00:00:00-04:00,23.39002552703322,23.493451866319848,23.071793949993825,23.1593074798584,9098733,0.0,0.0
2006-08-30 00:00:00-04:00,23.254770511381867,23.55708917925895,23.254770511381867,23.525266647338867,7928028,0.0,0.0
2006-08-31 00:00:00-04:00,23.46957539418716,23.636646761169533,23.318415292972233,23.588912963867188,5312418,0.0,0.0
2006-09-01 00:00:00-04:00,23.724168190309936,23.86737115900615,23.588919318428097,23.779857635498047,6010948,0.0,0.0
2006-09-05 00:00:00-04:00,23.724162809195175,23.89918981651175,23.66847183842639,23.748029708862305,5984187,0.0,0.0
2006-09-06 00:00:00-04:00,23.644609633220508,23.684387807230053,23.525272034766974,23.55709457397461,4957729,0.0,0.0
2006-09-07 00:00:00-04:00,23.40593316670285,23.620739909339953,23.31046401604604,23.461624145507812,6719716,0.0,0.0
2006-09-08 00:00:00-04:00,23.907152388926526,23.907152388926526,23.46958320541589,23.53322982788086,7524278,0.0,0.0
2006-09-11 00:00:00-04:00,23.39002069032758,23.732120641652614,23.39002069032758,23.684385299682617,6632337,0.0,0.0
2006-09-12 00:00:00-04:00,23.668473775878986,24.09013006224159,23.596871532804236,24.034439086914062,12782362,0.0,0.0
2006-09-13 00:00:00-04:00,24.066267972831945,24.27311910954385,23.86737247158443,24.225383758544922,10920527,0.0,0.0
2006-09-14 00:00:00-04:00,24.08217748016904,24.193559444938924,23.907150436344903,24.17764663696289,5863153,0.0,0.0
2006-09-15 00:00:00-04:00,24.26516046149856,24.328807079559052,23.962841717583068,24.11400032043457,17190370,0.0,0.0
2006-09-18 00:00:00-04:00,23.962837344391726,24.129908724927375,23.859411032088932,23.915102005004883,6675013,0.0,0.0
2006-09-19 00:00:00-04:00,23.962835465127302,24.352669168542185,23.91510012948406,24.241287231445312,7702382,0.0,0.0
2006-09-20 00:00:00-04:00,24.35267248151708,24.7027265298158,24.344715309317294,24.68681526184082,11413583,0.0,0.0
2006-09-21 00:00:00-04:00,24.58338665830177,24.766370837640665,24.27311234699596,24.432228088378906,9315661,0.0,0.0
2006-09-22 00:00:00-04:00,24.320844900183936,24.424269665319297,23.867364599017076,23.931011199951172,11380132,0.0,0.0
2006-09-25 00:00:00-04:00,24.098088027098747,24.185601546385804,23.660520430663453,23.99466323852539,8469944,0.0,0.0
2006-09-26 00:00:00-04:00,24.082172592027458,24.74250245888293,24.07421695876049,24.71863555908203,13983071,0.0,0.0
2006-09-27 00:00:00-04:00,24.591347932645984,25.028915525347923,24.583390759858307,24.694772720336914,13151343,0.0,0.0
2006-09-28 00:00:00-04:00,24.662949193634592,24.845933407582315,24.519746229874887,24.60725975036621,9662240,0.0,0.0
2006-09-29 00:00:00-04:00,24.623169277481328,24.901622626969026,24.527700128992983,24.591346740722656,8328434,0.0,0.0
2006-10-02 00:00:00-04:00,24.49587197660395,24.67885614714499,24.185596142004012,24.28902244567871,6693462,0.0,0.0
2006-10-03 00:00:00-04:00,24.249249795370964,24.70273022985512,24.249249795370964,24.66295051574707,8015104,0.0,0.0
2006-10-04 00:00:00-04:00,24.543611714318686,24.87775450744904,24.503832004644316,24.81410789489746,10070248,0.0,0.0
2006-10-05 00:00:00-04:00,24.710679925815064,24.790237796696886,24.61521078839931,24.71863555908203,5071972,0.0,0.0
2006-10-06 00:00:00-04:00,24.718640131575413,24.973225057848335,24.55156872563967,24.933446884155273,7449671,0.0,0.0
2006-10-09 00:00:00-04:00,24.901620124683237,25.13233656942429,24.84592915273944,24.973220825195312,5295692,0.0,0.0
2006-10-10 00:00:00-04:00,24.90162663939855,24.97322735864267,24.710686773443157,24.861846923828125,6374455,0.0,0.0
2006-10-11 00:00:00-04:00,24.822061369987175,24.981178656631126,24.78228320198535,24.909576416015625,4519311,0.0,0.0
2006-10-12 00:00:00-04:00,24.941404764188068,25.005051386039053,24.75842207230249,24.901626586914062,5928637,0.0,0.0
2006-10-13 00:00:00-04:00,24.80615292726123,24.853888272510872,24.487921394163326,24.750463485717773,5464470,0.0,0.0
2006-10-16 00:00:00-04:00,24.70272852192917,24.774330771803125,24.59134809890992,24.678861618041992,4522352,0.0,0.0
2006-10-17 00:00:00-04:00,24.678859049464755,24.837974801910004,24.639079342247314,24.742504119873047,6750836,0.0,0.0
2006-10-18 00:00:00-04:00,24.84593776858392,25.132345284586513,24.822069321924168,25.1243896484375,12997364,0.0,0.0
2006-10-19 00:00:00-04:00,25.013003424664802,25.259632702936475,24.981180887421626,25.132339477539062,6277952,0.0,0.0
2006-10-20 00:00:00-04:00,25.259633505671758,25.29145604392623,24.957313239404623,25.020959854125977,8245616,0.0,0.0
2006-10-23 00:00:00-04:00,24.822070760873327,24.9254971132316,24.710690310117652,24.885717391967773,8408515,0.0,0.0
2006-10-24 00:00:00-04:00,24.77433078115081,25.013004434749906,24.686817261985716,24.965269088745117,6997263,0.0,0.0
2006-10-25 00:00:00-04:00,25.028912628348344,25.10051486945051,24.662945789183087,24.82206153869629,7588951,0.0,0.0
2006-10-26 00:00:00-04:00,24.941401315410772,25.442615509033203,24.901623143637103,25.442615509033203,10390775,0.0,0.0
2006-10-27 00:00:00-04:00,25.331236436415907,25.450572496292963,25.12438531755991,25.243722915649414,6836999,0.0,0.0
2006-10-30 00:00:00-05:00,25.211896226930417,25.386924788546757,24.981179765851074,25.347145080566406,4642575,0.0,0.0
2006-10-31 00:00:00-05:00,25.323281965776825,25.363060141493673,24.925492517545745,25.02891731262207,7538368,0.0,0.0
2006-11-01 00:00:00-05:00,25.100518413226986,25.34714770597119,25.028916162015772,25.243722915649414,8549113,0.0,0.0
2006-11-02 00:00:00-05:00,25.219852447509766,25.307365955909763,24.973221651404412,25.219852447509766,5225849,0.0,0.0
2006-11-03 00:00:00-05:00,25.323285545794846,25.43466599176068,25.21190356161628,25.37101936340332,8646528,0.0,0.0
2006-11-06 00:00:00-05:00,25.458529958769148,25.840406585287965,25.410794611348063,25.824495315551758,11381855,0.0,0.0
2006-11-07 00:00:00-05:00,25.84836045119639,26.270018299624056,25.79267101093083,26.134769439697266,11923771,0.0,0.0
2006-11-08 00:00:00-05:00,26.015434292090816,26.445047815196446,25.832451609034255,26.33366584777832,7121338,0.0,0.0
2006-11-09 00:00:00-05:00,26.564379821323314,26.93034511033792,26.25410396607308,26.715539932250977,19937253,0.0,0.0
2006-11-10 00:00:00-05:00,26.055215387326818,26.134771737558204,25.25167932965239,25.776762008666992,25368880,0.0,0.0
2006-11-13 00:00:00-05:00,25.697196917896242,25.73697508186304,25.219849721022285,25.665372848510742,11938773,0.0,0.0
2006-11-14 00:00:00-05:00,25.832446557794892,25.935872869918253,25.386923389876852,25.88018035888672,12770502,0.0,0.0
2006-11-15 00:00:00-05:00,25.800625340909576,26.0711230470882,25.729023097404195,26.007474899291992,10721237,0.0,0.0
2006-11-16 00:00:00-05:00,26.206368419416595,26.333658545253062,26.007471444948802,26.301836013793945,8678966,0.0,0.0
2006-11-17 00:00:00-05:00,26.30183508367709,26.421172648852778,26.166586253334522,26.20636749267578,10251191,0.0,0.0
2006-11-20 00:00:00-05:00,26.25410742939204,26.34957504272461,26.150681105190326,26.34957504272461,11202331,0.0,0.0
2006-11-21 00:00:00-05:00,26.29388163055068,26.54846804717119,26.25410346433632,26.43708610534668,5803447,0.0,0.0
2006-11-22 00:00:00-05:00,26.437091188775224,26.47686936263829,26.07112583638524,26.246152877807617,8421591,0.0,0.0
2006-11-24 00:00:00-05:00,26.047256965657844,26.30184033558686,25.967697547513072,26.18250274658203,2679473,0.0,0.0
2006-11-27 00:00:00-05:00,26.134765107672976,26.166587639692768,25.824489267631584,25.927915573120117,10124480,0.0,0.0
2006-11-28 00:00:00-05:00,25.82449321987041,26.238195428714253,25.80062631720292,26.16659164428711,10554080,0.0,0.0
2006-11-29 00:00:00-05:00,26.206372975050908,26.25410678053748,26.07907975066203,26.15863609313965,9573441,0.0,0.0
2006-11-30 00:00:00-05:00,26.246152376967583,26.445046318912425,26.10294787736834,26.293886184692383,9076837,0.0,0.0
2006-12-01 00:00:00-05:00,26.29388204111658,26.357530184477692,26.063165597046464,26.32570457458496,8489407,0.0,0.0
2006-12-04 00:00:00-05:00,26.429131387658508,26.65189220260008,26.325705075493985,26.604158401489258,7916472,0.0,0.0
2006-12-05 00:00:00-05:00,26.60415889780142,27.208799362182617,26.556425095800105,27.208799362182617,13714648,0.0,0.0
2006-12-06 00:00:00-05:00,27.073548696730782,27.200841903283788,26.946255490177773,27.12923812866211,8218753,0.0,0.0
2006-12-07 00:00:00-05:00,27.089460372245796,27.328135522691458,27.04968220597962,27.16106414794922,6590573,0.0,0.0
2006-12-08 00:00:00-05:00,27.0576403119308,27.439516895832984,27.0576403119308,27.359960556030273,6307552,0.0,0.0
2006-12-11 00:00:00-05:00,27.280400803504875,27.558854142230913,27.248578267976082,27.46338653564453,7158642,0.0,0.0
2006-12-12 00:00:00-05:00,27.399738223171997,27.590676511619552,27.272445005398787,27.479297637939453,9484744,0.0,0.0
2006-12-13 00:00:00-05:00,27.647880901448467,27.744216203489398,27.5836594362784,27.655908584594727,8572833,0.305815,0.0
2006-12-14 00:00:00-05:00,27.696046356889962,27.88871695649569,27.599714161372855,27.872661590576172,8705322,0.0,0.0
2006-12-15 00:00:00-05:00,27.95293499695592,27.96899036090924,27.41507099166358,27.535486221313477,14119108,0.0,0.0
2006-12-18 00:00:00-05:00,27.374932953413712,27.848575563033314,27.374932953413712,27.688018798828125,7993411,0.0,0.0
2006-12-19 00:00:00-05:00,27.655908636001623,28.00913290366523,27.559576438067456,27.977022171020508,8790775,0.0,0.0
2006-12-20 00:00:00-05:00,27.90478309548891,27.936893839724796,27.71211552578664,27.784364700317383,5742017,0.0,0.0
2006-12-21 00:00:00-05:00,27.880689942334318,27.9368837244006,27.63985323919288,27.728160858154297,6377496,0.0,0.0
2006-12-22 00:00:00-05:00,27.784353358938002,27.784353358938002,27.407046059606643,27.4231014251709,6807907,0.0,0.0
2006-12-26 00:00:00-05:00,27.390995383467438,27.80041348402098,27.246493964364358,27.720136642456055,6653928,0.0,0.0
2006-12-27 00:00:00-05:00,27.688019338106837,27.856603788591514,27.551548724517293,27.728160858154297,7627065,0.0,0.0
2006-12-28 00:00:00-05:00,27.728160163265574,27.944910707232275,27.6719632783218,27.71210479736328,7204663,0.0,0.0
2006-12-29 00:00:00-05:00,27.63182620657859,27.784355294349616,27.51140785217285,27.51140785217285,9827876,0.0,0.0
2007-01-03 00:00:00-05:00,27.46323932203529,27.728159057429263,27.28662719986785,27.455211639404297,13562595,0.0,0.0
2007-01-04 00:00:00-05:00,27.455214090711024,27.736189216453514,27.43113104066782,27.671964645385742,9806285,0.0,0.0
2007-01-05 00:00:00-05:00,27.511410804677467,27.647884540412115,27.286632542711498,27.447189331054688,10551445,0.0,0.0
2007-01-08 00:00:00-05:00,27.44718554894122,27.80040981376608,27.350850247495437,27.696046829223633,9479676,0.0,0.0
2007-01-09 00:00:00-05:00,27.69604700032602,27.84857608439076,27.254518218710142,27.655908584594727,11588444,0.0,0.0
2007-01-10 00:00:00-05:00,27.415074472679336,27.73618800108972,27.27860075746206,27.688018798828125,7305525,0.0,0.0
2007-01-11 00:00:00-05:00,27.768299155908924,28.12152342168183,27.655908487968155,28.089412689208984,12361379,0.0,0.0
2007-01-12 00:00:00-05:00,28.089411510389628,28.330245098114784,27.977020847165523,28.266023635864258,12022301,0.0,0.0
2007-01-16 00:00:00-05:00,28.105465631242165,28.21785628948881,28.009130337847104,28.12152099609375,11147897,0.0,0.0
2007-01-17 00:00:00-05:00,28.09744246758775,28.338276083379146,28.017162526133255,28.298137664794922,9946173,0.0,0.0
2007-01-18 00:00:00-05:00,28.338274248390864,28.844030706947034,28.29813583240572,28.77980613708496,16723872,0.0,0.0
2007-01-19 00:00:00-05:00,28.844030482936937,28.87614121547567,28.48277542901872,28.498830795288086,12621186,0.0,0.0
2007-01-22 00:00:00-05:00,28.45869287067039,28.482775920489996,28.13757933117059,28.217859268188477,8841662,0.0,0.0
2007-01-23 00:00:00-05:00,28.11349547518653,28.611221136710178,28.097440109100518,28.56305503845215,11278865,0.0,0.0
2007-01-24 00:00:00-05:00,28.56305588112353,28.699529601166667,28.31419149087678,28.378416061401367,10761683,0.0,0.0
2007-01-25 00:00:00-05:00,28.37841566300449,28.43460944517447,28.001105241291402,28.049274444580078,9584693,0.0,0.0
2007-01-26 00:00:00-05:00,28.09744857226295,28.153642370489976,27.671971929969587,27.736196517944336,10533604,0.0,0.0
2007-01-29 00:00:00-05:00,27.696048062533695,28.15363533227745,27.64788196180886,27.84054946899414,11190370,0.0,0.0
2007-01-30 00:00:00-05:00,27.808444944790455,28.169696989466008,27.79238957429702,28.129558563232422,6639736,0.0,0.0
2007-01-31 00:00:00-05:00,28.209830372846014,28.3061625679854,28.105467390492603,28.23391342163086,9058895,0.0,0.0
2007-02-01 00:00:00-05:00,28.1696883048258,28.217857505742305,28.00913154510404,28.105466842651367,8158236,0.0,0.0
2007-02-02 00:00:00-05:00,28.113495419307807,28.40249821685312,28.09744005325371,28.241941452026367,7773239,0.0,0.0
2007-02-05 00:00:00-05:00,28.418554457966977,28.4908036074351,28.2178592718252,28.306163787841797,8992296,0.0,0.0
2007-02-06 00:00:00-05:00,28.426581615474394,28.46672003110319,28.16166186375271,28.249969482421875,7906944,0.0,0.0
2007-02-07 00:00:00-05:00,28.378416756651063,28.571084264373273,28.25799840021745,28.482776641845703,12159250,0.0,0.0
2007-02-08 00:00:00-05:00,28.932336563871104,28.972474981717696,28.05730353338553,28.33024787902832,20736442,0.0,0.0
2007-02-09 00:00:00-05:00,28.257997944016537,28.338274777485644,27.230432745610642,27.583660125732422,19246224,0.0,0.0
2007-02-12 00:00:00-05:00,27.720133607450776,27.824493490059087,27.11001726121254,27.230432510375977,18015509,0.0,0.0
2007-02-13 00:00:00-05:00,27.35085214725236,27.79238406109461,27.238464576092753,27.768301010131836,13023822,0.0,0.0
2007-02-14 00:00:00-05:00,27.760275758097343,27.952943286961975,27.71210965195276,27.89674949645996,11996452,0.0,0.0
2007-02-15 00:00:00-05:00,27.856612124656976,27.880698285607544,27.43113858168947,27.832529067993164,11198682,0.0,0.0
2007-02-16 00:00:00-05:00,27.840546041835083,28.025188947122707,27.623795510969284,28.009130477905273,9634871,0.0,0.0
2007-02-20 00:00:00-05:00,27.952935357406663,28.201799710462954,27.832517021918605,28.137575149536133,8818246,0.0,0.0
2007-02-21 00:00:00-05:00,27.96097252238082,28.290113807866323,27.896751043958858,28.209836959838867,8346782,0.0,0.0
2007-02-22 00:00:00-05:00,28.15363314148451,28.290106853871027,28.065328630360455,28.22588539123535,7762392,0.0,0.0
2007-02-23 00:00:00-05:00,28.17772311634142,28.266030753458086,28.081390898708474,28.209836959838867,7243690,0.0,0.0
2007-02-26 00:00:00-05:00,28.209832104218016,28.33024735553271,28.041247648091513,28.185749053955078,8214090,0.0,0.0
2007-02-27 00:00:00-05:00,27.896744916836038,28.097440097111303,26.21089733138076,26.5721492767334,15154283,0.0,0.0
2007-02-28 00:00:00-05:00,26.89326500442035,27.599716691058607,26.756794381596062,27.49535369873047,15819361,0.0,0.0
2007-03-01 00:00:00-05:00,27.07790404169672,27.69604491016638,26.917347286602585,27.60774040222168,13915966,0.0,0.0
2007-03-02 00:00:00-05:00,27.38295760794404,27.48732057963523,27.18226245095522,27.254514694213867,10056462,0.0,0.0
2007-03-05 00:00:00-05:00,26.933405101562375,27.382961573289403,26.82904211475831,27.069875717163086,10660821,0.0,0.0
2007-03-06 00:00:00-05:00,27.174239303980187,27.73618956247577,27.093962469501356,27.59168815612793,11526406,0.0,0.0
2007-03-07 00:00:00-05:00,27.607745602291036,27.79238543978437,27.495354921270067,27.639856338500977,9520831,0.0,0.0
2007-03-08 00:00:00-05:00,27.792383714510606,27.960968173433717,27.615771572033346,27.84857749938965,8292043,0.0,0.0
2007-03-09 00:00:00-05:00,27.993078537093965,28.017161587437617,27.51943590081104,27.59168815612793,11559149,0.0,0.0
2007-03-12 00:00:00-04:00,27.439156274142317,27.59168534841678,27.230430317165283,27.455211639404297,11825950,0.0,0.0
2007-03-13 00:00:00-04:00,27.286625864590693,27.390988837972184,26.901287804302825,26.989595413208008,13893664,0.0,0.0
2007-03-14 00:00:00-04:00,27.6639338795007,27.6639338795007,26.716648724306793,27.077903747558594,10327522,0.0,0.0
2007-03-15 00:00:00-04:00,27.2625456464252,27.36690552634878,27.085933514576414,27.12607192993164,10048049,0.0,0.0
2007-03-16 00:00:00-04:00,27.214373269000454,27.37493001597728,26.893259775046797,26.9815673828125,13816929,0.0,0.0
2007-03-19 00:00:00-04:00,27.19029308257961,27.390991365624963,27.142126984705893,27.366905212402344,7909275,0.0,0.0
2007-03-20 00:00:00-04:00,27.334796420841187,27.63985460426742,27.27057495245081,27.599716186523438,7285555,0.0,0.0
2007-03-21 00:00:00-04:00,27.543517168369874,28.298134885057117,27.503378753728462,28.23391342163086,11937557,0.0,0.0
2007-03-22 00:00:00-04:00,27.655906508006876,28.434607236153106,27.655906508006876,28.36235809326172,11948910,0.0,0.0
2007-03-23 00:00:00-04:00,28.145606471036462,28.346304757563363,27.99307738750464,28.089412689208984,7270958,0.0,0.0
2007-03-26 00:00:00-04:00,28.00913948055723,28.298142350792837,27.936890315141607,28.274059295654297,9948606,0.0,0.0
2007-03-27 00:00:00-04:00,28.09743892135004,28.18574653537589,27.808436135447185,27.824491500854492,12370198,0.0,0.0
2007-03-28 00:00:00-04:00,27.768296597441772,27.77632427982034,27.334792436142397,27.479293823242188,12579625,0.0,0.0
2007-03-29 00:00:00-04:00,27.848573982720083,27.86462934780094,27.487322059829683,27.60774040222168,7857273,0.0,0.0
2007-03-30 00:00:00-04:00,27.63182865444849,27.89674843675285,27.326770451881703,27.639856338500977,10662848,0.0,0.0
2007-04-02 00:00:00-04:00,27.615770861951603,27.704075378776675,27.487324824101957,27.671964645385742,7045920,0.0,0.0
2007-04-03 00:00:00-04:00,27.752250824253597,28.23392124629648,27.71211239848834,28.033226013183594,12224430,0.0,0.0
2007-04-04 00:00:00-04:00,27.968994112768332,27.993077161928895,27.647880582055887,27.80843734741211,10018550,0.0,0.0
2007-04-05 00:00:00-04:00,27.792377558620178,28.105463356456813,27.73618378618781,28.02518653869629,7685048,0.0,0.0
2007-04-09 00:00:00-04:00,28.02518653869629,28.105463356456813,27.936878934874414,28.02518653869629,8176280,0.0,0.0
2007-04-10 00:00:00-04:00,28.073357322972566,28.12152342168183,27.904772873204323,28.089412689208984,7593614,0.0,0.0
2007-04-11 00:00:00-04:00,28.049276146602907,28.161663717762515,27.56760581448937,27.768301010131836,12000101,0.0,0.0
2007-04-12 00:00:00-04:00,27.77633526911094,27.880698285607544,27.63986151039592,27.832529067993164,9242169,0.0,0.0
2007-04-13 00:00:00-04:00,27.832520071491622,27.993076834972555,27.704074039849722,27.872661590576172,9090218,0.0,0.0
2007-04-16 00:00:00-04:00,27.936884640964152,28.209832085669856,27.91280159071705,28.113496780395508,8110390,0.0,0.0
2007-04-17 00:00:00-04:00,28.04124713189217,28.29010841764729,27.864631891309994,28.217859268188477,8993310,0.0,0.0
2007-04-18 00:00:00-04:00,28.13758592017326,28.17772434593852,27.89675226129512,28.033226013183594,7423112,0.0,0.0
2007-04-19 00:00:00-04:00,28.05730906864275,28.113502864714107,27.752250824253597,28.033226013183594,8197567,0.0,0.0
2007-04-20 00:00:00-04:00,28.249970697393696,28.354333686802814,27.864632577927225,28.322219848632812,12246427,0.0,0.0
2007-04-23 00:00:00-04:00,28.258002189037867,28.338279034566458,28.121528447352894,28.161666870117188,6981551,0.0,0.0
2007-04-24 00:00:00-04:00,28.177712492441284,28.290103141591313,28.00912807085889,28.02518653869629,6938976,0.0,0.0
2007-04-25 00:00:00-04:00,28.153631793170018,28.442634569761246,27.98504735753939,28.35433006286621,9223923,0.0,0.0
2007-04-26 00:00:00-04:00,28.23391342163086,28.47474701376507,28.07335665877947,28.23391342163086,7538976,0.0,0.0
2007-04-27 00:00:00-04:00,28.097447658607937,28.201810670494098,27.92886316512206,28.081392288208008,6210340,0.0,0.0
2007-04-30 00:00:00-04:00,28.113503029007866,28.20983835569406,27.856610894035757,28.081392288208008,10169589,0.0,0.0
2007-05-01 00:00:00-04:00,28.169692321402184,28.498833570548125,28.169692321402184,28.474750518798828,11095590,0.0,0.0
2007-05-02 00:00:00-04:00,28.458696193648173,28.900228138087318,28.418557772595403,28.659391403198242,12028383,0.0,0.0
2007-05-03 00:00:00-04:00,28.68348103251613,28.908259321909345,28.59517339122335,28.6513671875,8324886,0.0,0.0
2007-05-04 00:00:00-04:00,28.699529305114677,29.028670524764536,28.667418572326564,28.77980613708496,7428890,0.0,0.0
2007-05-07 00:00:00-04:00,28.884175203643096,29.141067328600755,28.83600909432097,28.948396682739258,8703497,0.0,0.0
2007-05-08 00:00:00-04:00,29.036700533536195,29.357814095707287,28.91628217165051,29.341758728027344,15504815,0.0,0.0
2007-05-09 00:00:00-04:00,28.94036606496316,29.16514742759283,28.659390913819166,28.996562957763672,14108870,0.0,0.0
2007-05-10 00:00:00-04:00,28.771785569522294,28.892203951544587,28.5389795949467,28.6513671875,9787633,0.0,0.0
2007-05-11 00:00:00-04:00,28.691502334719583,29.036698929339444,28.68347465132312,28.956418991088867,7581348,0.0,0.0
2007-05-14 00:00:00-04:00,28.95642542088363,29.100926858392576,28.80389629819566,28.88417625427246,6719108,0.0,0.0
2007-05-15 00:00:00-04:00,29.00459133064631,29.17317580447906,28.811920699734944,28.852062225341797,7869742,0.0,0.0
2007-05-16 00:00:00-04:00,29.004588020525965,29.0447264372658,28.723612894775304,28.908252716064453,8476330,0.0,0.0
2007-05-17 00:00:00-04:00,28.868111700049333,29.084862235214207,28.731637991136036,28.892194747924805,6849569,0.0,0.0
2007-05-18 00:00:00-04:00,28.988536825973664,29.05275830200041,28.76375545130736,28.916284561157227,10987734,0.0,0.0
2007-05-21 00:00:00-04:00,28.90022045173812,29.510336706617622,28.884165087587125,29.25344467163086,12149012,0.0,0.0
2007-05-22 00:00:00-04:00,29.462173553495056,29.462173553495056,28.9805032680545,29.116973876953125,7247238,0.0,0.0
2007-05-23 00:00:00-04:00,29.11697046095266,29.534419234407046,29.100915097083494,29.285554885864258,7884034,0.0,0.0
2007-05-24 00:00:00-04:00,29.349783707043898,29.357811390144054,28.73966737428883,28.771778106689453,8845109,0.0,0.0
2007-05-25 00:00:00-04:00,28.827976574368183,29.02064408362873,28.611222910199835,28.92430877685547,6399899,0.0,0.0
2007-05-29 00:00:00-04:00,28.940364633887963,29.012616891262613,28.4747496677921,28.57108497619629,11589154,0.0,0.0
2007-05-30 00:00:00-04:00,28.386440568267584,28.88416618878022,28.314188322548112,28.827972412109375,12281703,0.0,0.0
2007-05-31 00:00:00-04:00,28.819947255029327,28.860085670454136,28.314190803533517,28.450664520263672,15805373,0.0,0.0
2007-06-01 00:00:00-04:00,28.42657952709975,28.595163964641362,28.201801311806136,28.29010581970215,12744045,0.0,0.0
2007-06-04 00:00:00-04:00,28.563059192671602,28.72361598116891,28.23391793146644,28.659391403198242,12621287,0.0,0.0
2007-06-05 00:00:00-04:00,28.707555682507802,28.811915559322212,28.266023813897405,28.314189910888672,9957729,0.0,0.0
2007-06-06 00:00:00-04:00,28.30615850514342,28.386438427189237,27.896740525994154,28.02518653869629,9045920,0.0,0.0
2007-06-07 00:00:00-04:00,27.91280485135983,28.02519553659453,27.254522317231128,27.50338363647461,13395945,0.0,0.0
2007-06-08 00:00:00-04:00,27.302682565129835,27.51943310045223,27.126070442962394,27.455211639404297,11568474,0.0,0.0
2007-06-11 00:00:00-04:00,27.519432402888338,27.64787842601397,27.39098948404825,27.43915557861328,7646629,0.0,0.0
2007-06-12 00:00:00-04:00,27.374934060770602,27.43915863162212,26.909319115312154,26.94143295288086,9726812,0.0,0.0
2007-06-13 00:00:00-04:00,27.261292131559077,27.30198000642065,26.85440717437163,27.179916381835938,16055000,0.0,1.0136847440446022
2007-06-14 00:00:00-04:00,27.188058067402427,27.64377042670795,27.17992173254272,27.497291564941406,14256200,0.0,0.0
2007-06-15 00:00:00-04:00,27.74955510568647,28.278506834961345,27.6681793493147,27.993688583374023,22308600,0.0,0.0
2007-06-18 00:00:00-04:00,28.075057259112477,28.392426974921136,28.058781491085707,28.107608795166016,13016200,0.0,0.0
2007-06-19 00:00:00-04:00,28.083199587239804,28.368020932094627,28.02623593912604,28.28664207458496,11318200,0.0,0.0
2007-06-20 00:00:00-04:00,28.286640652710627,28.286640652710627,27.79837994933987,27.822792053222656,11218300,0.0,0.0
2007-06-21 00:00:00-04:00,27.773967845457086,27.96113455189207,27.5705253683383,27.822792053222656,10323800,0.0,0.0
2007-06-22 00:00:00-04:00,27.67631543377748,28.026236770737103,27.594939678139184,27.782106399536133,15008200,0.0,0.0
2007-06-25 00:00:00-04:00,27.75769074126424,28.091336263538935,27.603072479339048,27.717002868652344,10094000,0.0,0.0
2007-06-26 00:00:00-04:00,27.83093015367994,27.90416956609564,27.554248273919047,27.717002868652344,9643600,0.0,0.0
2007-06-27 00:00:00-04:00,27.50542272760545,27.944859230272225,27.448459081439673,27.887895584106445,8017900,0.0,0.0
2007-06-28 00:00:00-04:00,27.87161549844516,27.87161549844516,27.44031850016172,27.546106338500977,11961500,0.0,0.0
2007-06-29 00:00:00-04:00,27.578663906154308,28.04251254272198,27.432185062576508,27.782106399536133,12019300,0.0,0.0
2007-07-02 00:00:00-04:00,27.97740991513784,28.254091804161476,27.830931085402632,28.091337203979492,7763800,0.0,0.0
2007-07-03 00:00:00-04:00,28.107608795166016,28.213396630912012,27.912302683130118,28.107608795166016,5158900,0.0,0.0
2007-07-05 00:00:00-04:00,28.07506193237378,28.188989223239705,27.8634831213779,28.18085289001465,7330400,0.0,0.0
2007-07-06 00:00:00-04:00,28.148300796626543,28.164576567043387,28.0180977375776,28.066925048828125,6726000,0.0,0.0
2007-07-09 00:00:00-04:00,28.107612158877625,28.16457580164564,27.977409103367066,28.042509078979492,6021500,0.0,0.0
2007-07-10 00:00:00-04:00,27.80651553988185,28.148300506541656,27.5461094244676,27.57866096496582,11101000,0.0,0.0
2007-07-11 00:00:00-04:00,27.472874661054014,27.67631716717768,27.39963523467804,27.651905059814453,9836700,0.0,0.0
2007-07-12 00:00:00-04:00,27.75769288439888,27.887895949381186,27.635626152852875,27.871620178222656,10820300,0.0,0.0
2007-07-13 00:00:00-04:00,27.749550567414587,28.132023389240253,27.66817482435133,27.969268798828125,8205500,0.0,0.0
2007-07-16 00:00:00-04:00,27.83907151498513,28.14016865612809,27.83907151498513,28.0506534576416,5896500,0.0,0.0
2007-07-17 00:00:00-04:00,28.02623430867472,28.376155614894287,27.952994893319794,28.221540451049805,11371400,0.0,0.0
2007-07-18 00:00:00-04:00,28.12388657871657,28.30291383127051,27.822789505070947,28.156435012817383,10280800,0.0,0.0
2007-07-19 00:00:00-04:00,28.20526864320883,28.343611160220565,27.99368980483861,28.0506534576416,8068900,0.0,0.0
2007-07-20 00:00:00-04:00,28.042508156024272,28.12388700321854,27.896029335360197,27.944856643676758,10748100,0.0,0.0
2007-07-23 00:00:00-04:00,28.03437791588288,28.669117540511852,28.018102142906972,28.506362915039062,11264900,0.0,0.0
2007-07-24 00:00:00-04:00,28.441254178679753,28.791175429307664,28.213396531394046,28.278499603271484,10447200,0.0,0.0
2007-07-25 00:00:00-04:00,28.408717738396764,28.6365724024732,28.27851462974066,28.42499351501465,10207300,0.0,0.0
2007-07-26 00:00:00-04:00,28.28664086791485,28.400571263568263,27.456598286726788,27.733280181884766,15441300,0.0,0.0
2007-07-27 00:00:00-04:00,27.78210631505847,27.97741247399703,27.456600189208984,27.456600189208984,12203200,0.0,0.0
2007-07-30 00:00:00-04:00,27.651895579229233,27.790238050190815,27.318250107749822,27.676307678222656,11459800,0.0,0.0
2007-07-31 00:00:00-04:00,27.6763145451471,27.725141859533984,26.846271930572005,26.854408264160156,15670600,0.0,0.0
2007-08-01 00:00:00-04:00,26.756749082956375,27.619342993616034,26.650958150867606,27.529830932617188,15048300,0.0,0.0
2007-08-02 00:00:00-04:00,27.65189487030525,28.099467597992973,27.415900905135036,27.96112823486328,11475200,0.0,0.0
2007-08-03 00:00:00-04:00,27.782102650473156,28.172711812541074,27.537972312216414,27.58679962158203,12642500,0.0,0.0
2007-08-06 00:00:00-04:00,27.66817927387069,27.985549068855782,27.52983986755867,27.912309646606445,14263800,0.0,0.0
2007-08-07 00:00:00-04:00,27.62749241042507,28.359883555529652,27.54611354700041,28.115753173828125,14309900,0.0,0.0
2007-08-08 00:00:00-04:00,28.156443449403955,28.42498906512821,27.54611589107046,27.904176712036133,13078200,0.0,0.0
2007-08-09 00:00:00-04:00,27.52983881055843,27.830932821895907,26.854408264160156,26.854408264160156,14932200,0.0,0.0
2007-08-10 00:00:00-04:00,26.50448524148509,27.196188410773342,26.097600293836518,26.984609603881836,15404100,0.0,0.0
2007-08-13 00:00:00-04:00,27.131088883932392,27.45659808917116,26.96019794811067,27.049713134765625,8596100,0.0,0.0
2007-08-14 00:00:00-04:00,27.04971563846464,27.261294468453304,26.1464304593913,26.33359718322754,11502700,0.0,0.0
2007-08-15 00:00:00-04:00,26.284771897586445,26.561453837741517,25.739545904003588,25.80464744567871,12764000,0.0,0.0
2007-08-16 00:00:00-04:00,25.511688422764756,26.553314524878832,25.430311116762514,26.51262664794922,19361900,0.0,0.0
2007-08-17 00:00:00-04:00,27.16364134635939,27.301980745490784,26.28476832498602,26.59400177001953,15964200,0.0,0.0
2007-08-20 00:00:00-04:00,26.67537702504686,26.94392258911501,26.463798211408896,26.78116798400879,10782500,0.0,0.0
2007-08-21 00:00:00-04:00,26.618416412330937,27.22060758856376,26.56145275969508,27.090404510498047,9959400,0.0,0.0
2007-08-22 00:00:00-04:00,27.326392000062867,27.407767740212886,26.943919191929663,27.318252563476562,10689800,0.0,0.0
2007-08-23 00:00:00-04:00,27.464733966278583,27.65190066968263,26.829994441318263,26.984609603881836,10962700,0.0,0.0
2007-08-24 00:00:00-04:00,27.07412486229711,27.5786613295463,26.95205813595798,27.56238555908203,7380600,0.0,0.0
2007-08-27 00:00:00-04:00,27.456597656047585,27.733279544850166,27.25315518205409,27.537973403930664,7100200,0.0,0.0
2007-08-28 00:00:00-04:00,27.464735164073918,27.497286706334037,26.911371362795627,27.017162322998047,9712800,0.0,0.0
2007-08-29 00:00:00-04:00,27.098536607617216,27.627488275713155,26.911369906181086,27.57866096496582,8361500,0.0,0.0
2007-08-30 00:00:00-04:00,27.318257009497366,27.45659951541012,27.122953959637723,27.236881256103516,7330700,0.0,0.0
2007-08-31 00:00:00-04:00,27.456597016358614,27.521696992291208,27.220603006995805,27.342666625976562,7075900,0.0,0.0
2007-09-04 00:00:00-04:00,27.269426293742303,27.912305219943818,27.261289961132114,27.77396583557129,9743200,0.0,0.0
2007-09-05 00:00:00-04:00,27.53796907361233,27.74954784740926,27.456593338525508,27.70072364807129,10641700,0.0,0.0
2007-09-06 00:00:00-04:00,27.847210151527413,28.058788983803993,27.56238879142928,28.0018253326416,8150700,0.0,0.0
2007-09-07 00:00:00-04:00,27.611221388125415,27.798388149773988,27.236887864828276,27.33453941345215,9909900,0.0,0.0
2007-09-10 00:00:00-04:00,27.334531733131335,27.56238631732784,27.04157406528675,27.31011962890625,5500100,0.0,0.0
2007-09-11 00:00:00-04:00,27.367085872246534,27.424049523701832,27.09040394905529,27.253158569335938,7714800,0.0,0.0
2007-09-12 00:00:00-04:00,27.28570839662074,27.521702452806572,27.188056861204185,27.440326690673828,8113000,0.0,0.0
2007-09-13 00:00:00-04:00,27.505419560871335,27.586798406228834,27.212461926155402,27.277565002441406,6968700,0.0,0.0
2007-09-14 00:00:00-04:00,27.114813482247897,27.54611054641582,26.854407356227348,27.31011962890625,8797900,0.0,0.0
2007-09-17 00:00:00-04:00,27.1473632987259,27.220602711032328,26.903232959133035,27.163639068603516,7205200,0.0,0.0
2007-09-18 00:00:00-04:00,27.293843866990812,28.237816850197913,27.179916574855007,28.140165328979492,13653100,0.0,0.0
2007-09-19 00:00:00-04:00,28.327336248066768,28.441263557134278,28.107617964456704,28.12389373779297,10549400,0.0,0.0
2007-09-20 00:00:00-04:00,28.21339636683184,28.27849943832955,27.50541753786348,27.70072364807129,10201900,0.0,0.0
2007-09-21 00:00:00-04:00,27.71700166174357,28.392429009690257,27.70072589255038,28.156435012817383,14708900,0.0,0.0
2007-09-24 00:00:00-04:00,28.15643580433176,28.15643580433176,27.830929724174293,27.92858123779297,8089600,0.0,0.0
2007-09-25 00:00:00-04:00,27.830930571728505,27.92858208832103,27.407769860779915,27.725139617919922,9942600,0.0,0.0
2007-09-26 00:00:00-04:00,27.887894729823458,28.140164515319825,27.82279164803634,28.091337203979492,8417300,0.0,0.0
2007-09-27 00:00:00-04:00,28.058789548834422,28.06692898732791,27.765831848793475,27.83907127380371,6974400,0.0,0.0
2007-09-28 00:00:00-04:00,27.879757056952563,28.009960124481477,27.6112145882993,27.98554801940918,8016200,0.0,0.0
2007-10-01 00:00:00-04:00,27.97741951266541,28.408716712459306,27.97741951266541,28.1971378326416,8662100,0.0,0.0
2007-10-02 00:00:00-04:00,28.197136812235748,28.49009145731561,28.156445821489577,28.294788360595703,9403000,0.0,0.0
2007-10-03 00:00:00-04:00,28.15644234427655,28.457539496322752,28.10761812826955,28.25409698486328,5716800,0.0,0.0
2007-10-04 00:00:00-04:00,28.392434292215,28.538913137921092,28.34361007983706,28.40057373046875,5580700,0.0,0.0
2007-10-05 00:00:00-04:00,28.555180838860885,28.970202048195993,28.50635353599812,28.86441421508789,7324700,0.0,0.0
2007-10-08 00:00:00-04:00,28.864422403740942,29.04344968978947,28.587740484262884,28.70166778564453,4791700,0.0,0.0
2007-10-09 00:00:00-04:00,28.612148615660306,28.848142623901367,28.56332130572866,28.848142623901367,7273700,0.0,0.0
2007-10-10 00:00:00-04:00,28.848143215716394,28.929518962986176,28.530773455364177,28.709800720214844,4715700,0.0,0.0
2007-10-11 00:00:00-04:00,28.888826521267237,28.994617459418237,28.400565906283877,28.49007797241211,6109800,0.0,0.0
2007-10-12 00:00:00-04:00,28.64469600863333,28.95392938486033,28.604008141723654,28.86441421508789,5474100,0.0,0.0
2007-10-15 00:00:00-04:00,28.78303957755599,28.880694197533156,28.368018307653024,28.59587287902832,6688100,0.0,0.0
2007-10-16 00:00:00-04:00,28.587732578837006,28.758623483652656,28.433114337473558,28.49007797241211,8072600,0.0,0.0
2007-10-17 00:00:00-04:00,28.69352693570598,28.96207250799596,28.595875411366887,28.791181564331055,9032300,0.0,0.0
2007-10-18 00:00:00-04:00,28.734219595397597,28.807459019002827,28.245955736600667,28.302919387817383,8503300,0.0,0.0
2007-10-19 00:00:00-04:00,28.11575118136435,28.294781563925127,27.48101161306488,27.51356315612793,11195000,0.0,0.0
2007-10-22 00:00:00-04:00,27.407770549010966,28.311055636959807,27.31825536310096,28.221540451049805,9859200,0.0,0.0
2007-10-23 00:00:00-04:00,28.33546190404303,28.449389170175724,28.140158906182748,28.392425537109375,6380800,0.0,0.0
2007-10-24 00:00:00-04:00,28.115746905274822,28.57145912599081,27.961131755669566,28.530771255493164,7848700,0.0,0.0
2007-10-25 00:00:00-04:00,28.465665489245797,28.481941256763893,27.782098774912054,28.03436851501465,10633300,0.0,0.0
2007-10-26 00:00:00-04:00,28.17272007838029,28.254098951199442,27.619356160356407,27.9774169921875,11462400,0.0,0.0
2007-10-29 00:00:00-04:00,28.06692528720532,28.327331407514883,27.83093127058546,28.221540451049805,7164000,0.0,0.0
2007-10-30 00:00:00-04:00,28.058791909270813,28.132031340442293,27.871625163896255,27.904176712036133,4885800,0.0,0.0
2007-10-31 00:00:00-04:00,27.67631331005719,28.262228639408637,27.67631331005719,28.18085289001465,7818200,0.0,0.0
2007-11-01 00:00:00-04:00,28.08319654117722,28.24595113425726,27.11481152399375,27.505420684814453,11121700,0.0,0.0
2007-11-02 00:00:00-04:00,27.87974922689964,27.87974922689964,27.277561372810666,27.60306739807129,8945500,0.0,0.0
2007-11-05 00:00:00-05:00,27.179918809126676,27.879758390387824,27.179918809126676,27.570528030395508,7983900,0.0,0.0
2007-11-06 00:00:00-05:00,27.554249807286702,27.81465593163705,27.358943661881007,27.733280181884766,6594500,0.0,0.0
2007-11-07 00:00:00-05:00,27.285707425517238,27.692592430272512,27.106680134339552,27.261295318603516,7564100,0.0,0.0
2007-11-08 00:00:00-05:00,27.212466224713403,27.52983911531247,26.764893369546655,27.367084503173828,12136700,0.0,0.0
2007-11-09 00:00:00-05:00,26.699793543959462,27.01716333213509,26.08946607307216,26.64282989501953,14932200,0.0,0.0
2007-11-12 00:00:00-05:00,26.04063760483716,26.626552944317485,26.04063760483716,26.056913375854492,13316400,0.0,0.0
2007-11-13 00:00:00-05:00,26.21966538088826,26.911368506939052,26.089462329950972,26.86254119873047,11447600,0.0,0.0
2007-11-14 00:00:00-05:00,26.968338600200788,26.968338600200788,25.837198742490937,25.926713943481445,15313300,0.0,0.0
2007-11-15 00:00:00-05:00,25.877880411456427,26.724201794019752,25.837192540124374,26.36614418029785,10539500,0.0,0.0
2007-11-16 00:00:00-05:00,26.52076067550954,26.61027585954252,26.048772652166825,26.471933364868164,9347700,0.0,0.0
2007-11-19 00:00:00-05:00,26.25221946419217,26.284771010002125,25.348935797969812,25.430313110351562,14612100,0.0,0.0
2007-11-20 00:00:00-05:00,25.609335047299396,25.95111842538605,25.243139568584013,25.674436569213867,9425700,0.0,0.0
2007-11-21 00:00:00-05:00,25.51168954193787,25.796509349368982,25.324522816421997,25.63375473022461,8661400,0.0,0.0
2007-11-23 00:00:00-05:00,25.75581610546928,25.959258573209386,25.625613050287036,25.910432815551758,3548500,0.0,0.0
2007-11-26 00:00:00-05:00,25.967400412389416,26.00808829127609,25.389624461054634,25.42217445373535,7337600,0.0,0.0
2007-11-27 00:00:00-05:00,25.536100380079258,25.8941595931283,24.966462345650733,25.812782287597656,14270700,0.0,0.0
2007-11-28 00:00:00-05:00,25.95112504151737,26.82185870116686,25.772096198645592,26.602140426635742,12798400,0.0,0.0
2007-11-29 00:00:00-05:00,26.569585999551865,26.781164787939982,26.349867774522558,26.69978904724121,7761400,0.0,0.0
2007-11-30 00:00:00-05:00,27.253160519651566,27.253160519651566,26.797448171110887,26.976478576660156,11958400,0.0,0.0
2007-12-03 00:00:00-05:00,26.903231029940972,27.261288628715665,26.716064346198376,26.88695526123047,9049100,0.0,0.0
2007-12-04 00:00:00-05:00,26.781165882601147,26.91136893561245,26.398693056255475,26.650962829589844,9322200,0.0,0.0
2007-12-05 00:00:00-05:00,26.73322168015342,27.13627778766419,26.535805739413057,26.938861846923828,7463500,0.35,0.0
2007-12-06 00:00:00-05:00,26.930636159299656,27.05401836997368,26.52758007366376,26.9141845703125,7927400,0.0,0.0
2007-12-07 00:00:00-05:00,26.914184618192248,27.144500588782627,26.864829851142986,26.971763610839844,8023900,0.0,0.0
2007-12-10 00:00:00-05:00,26.996437229561934,27.119822568239037,26.54402955077839,26.609832763671875,12255800,0.0,0.0
2007-12-11 00:00:00-05:00,26.609838270552288,26.741447861395244,26.08339990718047,26.124528884887695,13925600,0.0,0.0
2007-12-12 00:00:00-05:00,26.544029498231442,26.897730788064813,26.29726039027549,26.55225372314453,10617700,0.0,0.0
2007-12-13 00:00:00-05:00,26.387746094226117,27.05401818565798,26.34661555312857,26.947084426879883,11704100,0.0,0.0
2007-12-14 00:00:00-05:00,27.062246185515185,27.333689563788937,26.774348080159605,27.152725219726562,11888200,0.0,0.0
2007-12-17 00:00:00-05:00,27.037564811037573,27.350138703379955,26.88950365876063,27.136274337768555,12023200,0.0,0.0
2007-12-18 00:00:00-05:00,27.070469445576382,27.39126758019265,26.82370189108846,27.160951614379883,11937200,0.0,0.0
2007-12-19 00:00:00-05:00,27.11159977029117,27.25966094650507,26.387748617489926,26.53580665588379,11035600,0.0,0.0
2007-12-20 00:00:00-05:00,26.675640501259316,26.73321949221698,26.428872948895094,26.593385696411133,9591800,0.0,0.0
2007-12-21 00:00:00-05:00,26.856605979863456,27.185628351073387,26.527580470833723,27.09514617919922,20408900,0.0,0.0
2007-12-24 00:00:00-05:00,27.111596033901726,27.48174892342379,27.10337180872106,27.341915130615234,3458100,0.0,0.0
2007-12-26 00:00:00-05:00,27.169175955195733,27.309012890618586,26.922408399659783,26.99643898010254,5029400,0.0,0.0
2007-12-27 00:00:00-05:00,26.848378996215565,27.062246521456853,26.60161142986164,26.675642013549805,6700400,0.0,0.0
2007-12-28 00:00:00-05:00,26.9553118103469,26.979987624768057,26.544031501622324,26.66741371154785,5621800,0.0,0.0
2007-12-31 00:00:00-05:00,26.66741169884479,26.74966963707319,26.519353685672673,26.55225372314453,5447900,0.0,0.0
2008-01-02 00:00:00-05:00,26.585159230036616,26.84015415417925,26.066946725026856,26.190330505371094,9269900,0.0,0.0
2008-01-03 00:00:00-05:00,26.22323398079855,26.338393543703667,26.04227119467622,26.132753372192383,9681100,0.0,0.0
2008-01-04 00:00:00-05:00,25.499379606196523,26.058721087293517,25.499379606196523,25.606311798095703,9550700,0.0,0.0
2008-01-07 00:00:00-05:00,25.81194608583824,25.902428236881562,25.425343241315066,25.630983352661133,10742900,0.0,0.0
2008-01-08 00:00:00-05:00,25.705019486931977,25.910659642827433,25.055195841225594,25.121002197265625,13014300,0.0,0.0
2008-01-09 00:00:00-05:00,25.145677534421228,25.162129123118863,24.01877038010063,24.808427810668945,24858700,0.0,0.0
2008-01-10 00:00:00-05:00,24.594559980169894,25.450023699992716,24.594559980169894,25.22793197631836,12240900,0.0,0.0
2008-01-11 00:00:00-05:00,25.046972444222977,25.400672206179795,24.84955650739182,24.940038681030273,11671000,0.0,0.0
2008-01-14 00:00:00-05:00,25.088099740946237,25.29373990275727,24.775527385313833,24.9647159576416,8717400,0.0,0.0
2008-01-15 00:00:00-05:00,24.857777055213813,24.907131813458815,24.331338851877273,24.553430557250977,12043800,0.0,0.0
2008-01-16 00:00:00-05:00,24.39714622388395,24.898908670410194,24.12570130028495,24.5369815826416,18819600,0.0,0.0
2008-01-17 00:00:00-05:00,24.594556450092583,24.70971597671501,23.599259086637772,23.665063858032227,20109200,0.0,0.0
2008-01-18 00:00:00-05:00,23.854256889686408,24.10925023093659,23.237336452884172,23.451202392578125,16355300,0.0,0.0
2008-01-22 00:00:00-05:00,22.357199844133614,23.426528115430553,21.633345557084294,23.130407333374023,20538100,0.0,0.0
2008-01-23 00:00:00-05:00,22.291390855178697,23.475878467152803,22.283165061543702,23.459426879882812,22041300,0.0,0.0
2008-01-24 00:00:00-05:00,23.50878151926371,24.109250371377374,23.319592960747322,24.043445587158203,14847200,0.0,0.0
2008-01-25 00:00:00-05:00,24.290216522824622,24.561661474160527,23.525234868448006,23.591039657592773,11966600,0.0,0.0
2008-01-28 00:00:00-05:00,23.648617311906175,24.24086038064898,23.44297716136786,24.158605575561523,10421800,0.0,0.0
2008-01-29 00:00:00-05:00,23.632165957644755,24.01877044859238,23.130405052214847,23.68974494934082,23011500,0.0,0.0
2008-01-30 00:00:00-05:00,23.903612697739224,24.660368579011497,23.903612697739224,24.191509246826172,16609200,0.0,0.0
2008-01-31 00:00:00-05:00,23.887163849409305,24.81665676442138,23.722651079308562,24.545211791992188,15074200,0.0,0.0
2008-02-01 00:00:00-05:00,25.293738067406668,25.33486546922064,24.824878783524213,25.219707489013672,13988600,0.0,0.0
2008-02-04 00:00:00-05:00,25.540507578386965,25.540507578386965,25.186807816446546,25.417123794555664,11835300,0.0,0.0
2008-02-05 00:00:00-05:00,25.491151764685853,25.491151764685853,24.717944392968473,24.73439598083496,19217700,0.0,0.0
2008-02-06 00:00:00-05:00,26.239685659128078,26.47000321680135,25.581637735647313,25.910661697387695,31176300,0.0,0.0
2008-02-07 00:00:00-05:00,25.713248039269917,26.256137983547916,25.58986424628129,26.091625213623047,16612800,0.0,0.0
2008-02-08 00:00:00-05:00,26.001140248003214,26.568705914487722,26.001140248003214,26.420644760131836,15161400,0.0,0.0
2008-02-11 00:00:00-05:00,26.54402923204076,26.54402923204076,25.927108821702152,26.264358520507812,9082000,0.0,0.0
2008-02-12 00:00:00-05:00,26.37129569833402,26.683866487641236,26.13275235558387,26.346616744995117,14314100,0.0,0.0
2008-02-13 00:00:00-05:00,26.379518039273133,27.111596467012006,26.379518039273133,26.96353530883789,14445500,0.0,0.0
2008-02-14 00:00:00-05:00,26.91418287782209,27.021113492784657,26.45354782860793,26.58515739440918,11997100,0.0,0.0
2008-02-15 00:00:00-05:00,26.453553825446082,26.89773738740099,26.346620048422803,26.725000381469727,15225700,0.0,0.0
2008-02-19 00:00:00-05:00,26.757890666904817,26.963530781191682,26.42064100498712,26.478219985961914,10609500,0.0,0.0
2008-02-20 00:00:00-05:00,26.297264312042557,26.873055845322625,26.231459520555976,26.799028396606445,10207100,0.0,0.0
2008-02-21 00:00:00-05:00,26.840151534895874,27.054015896536633,26.486450248558892,26.544029235839844,10305200,0.0,0.0
2008-02-22 00:00:00-05:00,26.527582826483393,26.848381000473374,26.157429880410305,26.790802001953125,8812400,0.0,0.0
2008-02-25 00:00:00-05:00,26.996440932117455,27.218532689504375,26.724997542746735,27.054019927978516,13567800,0.0,0.0
2008-02-26 00:00:00-05:00,26.938861936256394,27.317239091291913,26.914186120264496,27.054019927978516,10340600,0.0,0.0
2008-02-27 00:00:00-05:00,26.947086294936142,27.333690815751627,26.823704076549465,27.226757049560547,10319600,0.0,0.0
2008-02-28 00:00:00-05:00,27.08691902142229,27.30078338266764,26.68386297338135,26.76612091064453,11221100,0.0,0.0
2008-02-29 00:00:00-05:00,26.428871366850696,27.02111282950905,26.428871366850696,26.65918731689453,14575900,0.0,0.0
2008-03-03 00:00:00-05:00,26.82370005456276,26.905954854487135,26.412419779301928,26.65918731689453,8283100,0.0,0.0
2008-03-04 00:00:00-05:00,26.453551471857228,26.52758205892983,25.811953573531326,26.215009689331055,15907700,0.0,0.0
2008-03-05 00:00:00-05:00,26.239685746513366,26.4453274883097,25.927113374046552,26.025819778442383,9692200,0.0,0.0
2008-03-06 00:00:00-05:00,25.951788477660624,26.108075444055025,25.655667703699088,25.705020904541016,10529000,0.0,0.0
2008-03-07 00:00:00-05:00,25.589860324949232,25.705018304904062,25.137451061437034,25.301963806152344,12750400,0.0,0.0
2008-03-10 00:00:00-04:00,25.351321029400236,25.351321029400236,24.907139058360332,25.055198669433594,12622400,0.0,0.0
2008-03-11 00:00:00-04:00,25.499383184621497,25.672120188601756,25.17858499499524,25.655670166015625,14520900,0.0,0.0
2008-03-12 00:00:00-04:00,25.71324228746757,26.173875743743906,25.663889095093957,25.836626052856445,9646200,0.0,0.0
2008-03-13 00:00:00-04:00,25.67211456657345,25.976462666963297,25.351316447199917,25.770822525024414,10556200,0.0,0.0
2008-03-14 00:00:00-04:00,25.770826252953167,25.795503638363108,25.03052194866499,25.318418502807617,11421400,0.0,0.0
2008-03-17 00:00:00-04:00,24.79197949120105,25.375998415700806,24.71794890120939,25.055198669433594,12626300,0.0,0.0
2008-03-18 00:00:00-04:00,25.310193478755043,26.099851009010294,25.310193478755043,26.091625213623047,13788400,0.0,0.0
2008-03-19 00:00:00-04:00,26.06694742983869,26.2396844132092,25.688568715121015,25.696794509887695,11737100,0.0,0.0
2008-03-20 00:00:00-04:00,25.729698321795468,26.305489849435787,25.705020936888463,26.23968505859375,13802300,0.0,0.0
2008-03-24 00:00:00-04:00,26.32193996161967,26.453549535914977,26.157427209295594,26.354843139648438,10536000,0.0,0.0
2008-03-25 00:00:00-04:00,26.313716560962032,26.519358304530005,26.190332769949265,26.38774871826172,8547300,0.0,0.0
2008-03-26 00:00:00-04:00,26.247912680189206,26.354846453317904,25.935340294164707,26.124528884887695,9219700,0.0,0.0
2008-03-27 00:00:00-04:00,26.223230979545217,26.289035764141058,25.754371693186116,25.81195068359375,9569900,0.0,0.0
2008-03-28 00:00:00-04:00,25.98468907632829,26.14097602719806,25.499378204345703,25.499378204345703,11021000,0.0,0.0
2008-03-31 00:00:00-04:00,25.532281525743787,25.894207056566007,25.49115255480275,25.81195068359375,11352000,0.0,0.0
2008-04-01 00:00:00-04:00,25.927117054751225,26.338397458910695,25.927117054751225,26.247915267944336,15649900,0.0,0.0
2008-04-02 00:00:00-04:00,26.321937609996635,26.642735722567352,25.877754159751266,25.960010528564453,13072500,0.0,0.0
2008-04-03 00:00:00-04:00,25.8530768877838,26.07516860036808,25.62275938189162,25.935333251953125,8981100,0.0,0.0
2008-04-04 00:00:00-04:00,25.927112056624974,26.009368435381855,25.548733341907298,25.696794509887695,12519000,0.0,0.0
2008-04-07 00:00:00-04:00,25.836630403997916,26.09984956619879,25.672117643167386,25.927112579345703,9732500,0.0,0.0
2008-04-08 00:00:00-04:00,25.79550056871933,25.82840217644065,25.458250852799274,25.556957244873047,13068800,0.0,0.0
2008-04-09 00:00:00-04:00,25.598087381633135,25.672116394605517,25.17858127393691,25.375995635986328,10508200,0.0,0.0
2008-04-10 00:00:00-04:00,25.326639940944062,25.96001036840566,25.26905938489325,25.787273406982422,12183000,0.0,0.0
2008-04-11 00:00:00-04:00,25.53228325908763,25.90243460922701,24.800203215735657,24.824880599975586,15488300,0.0,0.0
2008-04-14 00:00:00-04:00,24.866004072968114,24.98938783683838,24.53698017967752,24.709718704223633,9476300,0.0,0.0
2008-04-15 00:00:00-04:00,24.734401625351676,24.759079012782912,24.323121248291862,24.619243621826172,10320500,0.0,0.0
2008-04-16 00:00:00-04:00,24.775527492217552,24.989391880783096,24.528758355633574,24.940038681030273,10606400,0.0,0.0
2008-04-17 00:00:00-04:00,24.874234978888712,25.408899111490726,24.874234978888712,25.318418502807617,13438900,0.0,0.0
2008-04-18 00:00:00-04:00,25.3759938290401,25.951785285123112,25.3759938290401,25.770822525024414,11513500,0.0,0.0
2008-04-21 00:00:00-04:00,25.58163725062608,25.910661206128253,25.540508275619572,25.877758026123047,8797300,0.0,0.0
2008-04-22 00:00:00-04:00,25.820175562254256,25.844852943943874,25.639212803259696,25.7379207611084,8461400,0.0,0.0
2008-04-23 00:00:00-04:00,25.88598439812328,26.058722959181,25.589863616025777,26.025819778442383,15000000,0.0,0.0
2008-04-24 00:00:00-04:00,26.198556240688603,26.486452773447578,26.066946666097625,26.272586822509766,12009500,0.0,0.0
2008-04-25 00:00:00-04:00,26.3548438176602,26.69209355658184,26.280813234100822,26.61806297302246,11949900,0.0,0.0
2008-04-28 00:00:00-04:00,26.774348412527402,26.823703180926127,26.494677667240996,26.675642013549805,7648600,0.0,0.0
2008-04-29 00:00:00-04:00,26.585158885087505,27.045793960130315,26.49467671518448,26.947084426879883,10179700,0.0,0.0
2008-04-30 00:00:00-04:00,26.963536984659406,27.16917714625765,26.593387204038446,26.675642013549805,13077000,0.0,0.0
2008-05-01 00:00:00-04:00,26.692086934805037,27.489968428762154,26.667407987861036,27.39126205444336,12246700,0.0,0.0
2008-05-02 00:00:00-04:00,27.555783964671964,27.802551551716945,27.391271194035273,27.54755973815918,8708000,0.0,0.0
2008-05-05 00:00:00-04:00,27.736746532289533,27.736746532289533,27.243208252298885,27.383045196533203,10193300,0.0,0.0
2008-05-06 00:00:00-04:00,27.50642698030468,27.786097726552306,26.97176444100354,27.744970321655273,15123000,0.0,0.0
2008-05-07 00:00:00-04:00,28.139798222275804,28.748494465288932,28.008188647816176,28.54285430908203,30876600,0.0,0.0
2008-05-08 00:00:00-04:00,28.592213515729092,28.625116702518774,28.238515240112097,28.427703857421875,18859600,0.0,0.0
2008-05-09 00:00:00-04:00,28.049321975299904,28.353671729992733,27.991742970427296,28.213834762573242,13434900,0.0,0.0
2008-05-12 00:00:00-04:00,28.09045600664255,28.625118709264385,27.999973805538026,28.60044288635254,9176400,0.0,0.0
2008-05-13 00:00:00-04:00,28.444144541625434,28.608654136838236,28.14802224973136,28.23850440979004,11067300,0.0,0.0
2008-05-14 00:00:00-04:00,28.37834494422704,28.77317371473874,28.238511127467124,28.625112533569336,9867400,0.0,0.0
2008-05-15 00:00:00-04:00,28.501722357816103,28.789617275442822,28.394788615060776,28.78139305114746,11357100,0.0,0.0
2008-05-16 00:00:00-04:00,28.764950019269136,28.80607742861554,28.353669650164665,28.715595245361328,12728900,0.0,0.0
2008-05-19 00:00:00-04:00,28.616889915909066,28.740272148607072,28.353670720768946,28.559310913085938,12365200,0.0,0.0
2008-05-20 00:00:00-04:00,28.3783377901545,28.460592586592426,27.95060594547472,28.041088104248047,12635300,0.0,0.0
2008-05-21 00:00:00-04:00,27.925936545862854,28.0410945424438,27.555783601266896,27.687393188476562,11358100,0.0,0.0
2008-05-22 00:00:00-04:00,27.786098839723152,27.786098839723152,27.43239749536289,27.646265029907227,7735300,0.0,0.0
2008-05-23 00:00:00-04:00,27.57223399030115,27.63803721212825,27.292563237441115,27.333690643310547,8951300,0.0,0.0
2008-05-27 00:00:00-04:00,27.399497010104927,27.753198348750175,27.358366466404835,27.670940399169922,9309100,0.0,0.0
2008-05-28 00:00:00-04:00,27.687393055079426,28.0904491789909,27.687393055079426,27.851905822753906,14201800,0.0,0.0
2008-05-29 00:00:00-04:00,27.851901250198868,28.25495417011952,27.753194860927213,27.810773849487305,12570800,0.0,0.0
2008-05-30 00:00:00-04:00,27.950612584032374,28.008191582778394,27.53933222852074,27.638038635253906,12779000,0.0,0.0
2008-06-02 00:00:00-04:00,27.555774770187394,27.629805335381256,27.185621944218077,27.39126205444336,10323300,0.0,0.0
2008-06-03 00:00:00-04:00,27.539333900160248,27.56400971888634,27.144505111441354,27.292566299438477,11060000,0.0,0.0
2008-06-04 00:00:00-04:00,27.267885084208988,28.452371215947657,27.267885084208988,28.254955291748047,24630200,0.0,0.0
2008-06-05 00:00:00-04:00,28.230278352372803,28.551076470814838,28.04931402388979,28.370115280151367,11640300,0.0,0.0
2008-06-06 00:00:00-04:00,28.08221961720175,28.213829193478077,27.11982517902234,27.152725219726562,16597800,0.0,0.0
2008-06-09 00:00:00-04:00,27.407724303920617,27.424175895678108,27.012895515201723,27.292566299438477,10011900,0.0,0.0
2008-06-10 00:00:00-04:00,27.054012102574042,27.967054684014986,27.054012102574042,27.827220916748047,16606900,0.0,0.0
2008-06-11 00:00:00-04:00,27.76141532662098,27.917700683289297,27.350135099559928,27.366586685180664,12419500,0.0,0.0
2008-06-12 00:00:00-04:00,27.580455314689804,27.72029224531796,27.243205601529617,27.341915130615234,13138800,0.0,0.0
2008-06-13 00:00:00-04:00,27.539333801957017,27.925938362328708,27.432400024824798,27.909486770629883,9153300,0.0,0.0
2008-06-16 00:00:00-04:00,27.7778731920433,27.884806953843267,27.465299270223316,27.679166793823242,10955100,0.0,0.0
2008-06-17 00:00:00-04:00,27.84367266407209,27.851900026544666,27.22675226704403,27.2349796295166,9163100,0.0,0.0
2008-06-18 00:00:00-04:00,27.119824162497906,27.4323949333008,26.95531141386393,27.10337257385254,12078500,0.0,0.0
2008-06-19 00:00:00-04:00,27.111598923839576,27.243208505496273,26.790800764665118,27.054019927978516,13913000,0.0,0.0
2008-06-20 00:00:00-04:00,26.848378319117824,26.922408900938986,26.272586822509766,26.272586822509766,21345000,0.0,0.0
2008-06-23 00:00:00-04:00,26.428873958815725,26.68386574628084,26.354843376495577,26.642738342285156,10850800,0.0,0.0
2008-06-24 00:00:00-04:00,26.52757688887889,26.73321701980043,26.28903358393325,26.502901077270508,17528500,0.0,0.0
2008-06-25 00:00:00-04:00,26.650969787810578,27.012895391355162,26.568711829400257,26.725000381469727,16132100,0.0,0.0
2008-06-26 00:00:00-04:00,26.453545679073464,26.560479423166484,25.927107458645228,25.935333251953125,19848000,0.0,0.0
2008-06-27 00:00:00-04:00,25.935333411344995,26.25613150777629,25.853077046670144,25.96823501586914,20844300,0.0,0.0
2008-06-30 00:00:00-04:00,26.07517306838206,26.44532598611537,25.61453797766729,25.66389274597168,15850700,0.0,0.0
2008-07-01 00:00:00-04:00,25.425352176838263,25.565187564453925,25.005846013991277,25.540510177612305,17144900,0.0,0.0
2008-07-02 00:00:00-04:00,25.589859215398782,25.705017190360483,25.252609515374033,25.260833740234375,13633000,0.0,0.0
2008-07-03 00:00:00-04:00,25.43357538410915,25.663892931128203,25.285514215947615,25.417123794555664,6952000,0.0,0.0
2008-07-07 00:00:00-04:00,24.676817591334448,25.18680584520901,24.46295165060704,24.74262237548828,21977600,0.0,0.0
2008-07-08 00:00:00-04:00,24.67681809167577,24.67681809167577,24.109250836272473,24.635690689086914,26083200,0.0,0.0
2008-07-09 00:00:00-04:00,24.643914879872447,24.660366468448824,24.290215138939352,24.29844093322754,13575400,0.0,0.0
2008-07-10 00:00:00-04:00,24.339567784999506,24.49585473511894,24.05989706116886,24.347793579101562,11366700,0.0,0.0
2008-07-11 00:00:00-04:00,24.06812341474527,24.323116762197188,23.68974472180419,24.018770217895508,14948400,0.0,0.0
2008-07-14 00:00:00-04:00,24.339570348091204,24.56988790047304,23.911838423200642,23.93651580810547,14277500,0.0,0.0
2008-07-15 00:00:00-04:00,23.706197631305454,24.495856669450824,23.484105879741765,24.20796012878418,16665800,0.0,0.0
2008-07-16 00:00:00-04:00,24.265536021999132,25.170352933211554,23.89538315003186,25.030517578125,18261000,0.0,0.0
2008-07-17 00:00:00-04:00,25.08809966703318,25.688568561213952,24.775527312321657,25.66389274597168,17998800,0.0,0.0
2008-07-18 00:00:00-04:00,25.73792351520897,25.73792351520897,25.219709426643593,25.417123794555664,14004500,0.0,0.0
2008-07-21 00:00:00-04:00,25.466475042769048,25.4993782193546,24.98938996464719,25.079872131347656,9782000,0.0,0.0
2008-07-22 00:00:00-04:00,25.022296306051043,25.12922850565925,24.6521433671957,25.014070510864258,21715300,0.0,0.0
2008-07-23 00:00:00-04:00,25.186806560986422,25.6556658575206,25.005842222738245,25.62276268005371,13220100,0.0,0.0
2008-07-24 00:00:00-04:00,25.614537390177368,25.894208128514748,25.25261184437243,25.515830993652344,11780800,0.0,0.0
2008-07-25 00:00:00-04:00,25.68034091314968,25.927110030132567,25.499378149156744,25.581634521484375,12842800,0.0,0.0
2008-07-28 00:00:00-04:00,25.770821808141246,25.770821808141246,25.05519344378072,25.088096618652344,13658900,0.0,0.0
2008-07-29 00:00:00-04:00,25.17035175140278,25.598083590279753,25.01406481625357,25.433570861816406,13298000,0.0,0.0
2008-07-30 00:00:00-04:00,25.696791945239692,26.132749610903794,25.40889543277886,26.050493240356445,18219700,0.0,0.0
2008-07-31 00:00:00-04:00,25.129227145744473,25.392447870746935,24.783751611145536,24.9647159576416,25577400,0.0,0.0
2008-08-01 00:00:00-04:00,25.088097884523357,25.25261062936284,24.536982228893827,24.74262237548828,15120700,0.0,0.0
2008-08-04 00:00:00-04:00,24.76730278012378,25.16213153322586,24.71794800930352,24.981168746948242,11445500,0.0,0.0
2008-08-05 00:00:00-04:00,25.10454959256079,25.828402221706387,25.00584163140421,25.754371643066406,15540000,0.0,0.0
2008-08-06 00:00:00-04:00,25.60630913582143,26.009365184461014,25.36776739304283,25.844852447509766,12841000,0.0,0.0
2008-08-07 00:00:00-04:00,25.598083590279753,25.721467352172432,25.433570861816406,25.433570861816406,10696400,0.0,0.0
2008-08-08 00:00:00-04:00,25.499380275429967,26.420647329372066,25.458252870291638,26.346616744995117,14759800,0.0,0.0
2008-08-11 00:00:00-04:00,26.297266554606225,27.489978698125654,26.190334347662873,26.979991912841797,21907300,0.0,0.0
2008-08-12 00:00:00-04:00,27.029345369308405,27.078697003587894,26.371297430414547,26.45355224609375,14848700,0.0,0.0
2008-08-13 00:00:00-04:00,26.42064460689235,26.486450958588655,25.92710952044828,26.10807228088379,11051300,0.0,0.0
2008-08-14 00:00:00-04:00,26.05049425717214,26.831925885598732,25.869531490032365,26.593385696411133,11535200,0.0,0.0
2008-08-15 00:00:00-04:00,26.708543333156896,27.07869308800974,26.601609577980486,26.733219146728516,11487700,0.0,0.0
2008-08-18 00:00:00-04:00,26.766125886555535,26.81547752026861,26.165655384182703,26.38774871826172,10246000,0.0,0.0
2008-08-19 00:00:00-04:00,26.190327341233125,26.371291661524353,25.976461415649663,26.116296768188477,8781900,0.0,0.0
2008-08-20 00:00:00-04:00,26.20678089273273,26.486451618773817,25.828402205596625,26.173877716064453,12415000,0.0,0.0
2008-08-21 00:00:00-04:00,26.034044846696855,26.321941394480984,25.762599888822667,26.182106018066406,6966700,0.0,0.0
2008-08-22 00:00:00-04:00,26.420647650732118,26.63451518056456,26.223233279629046,26.486454010009766,7954900,0.0,0.0
2008-08-25 00:00:00-04:00,26.297264590027762,26.39597256275605,25.828405249615884,25.992918014526367,8071300,0.0,0.0
2008-08-26 00:00:00-04:00,25.927109625092285,26.215006139286487,25.861304842040166,26.08339500427246,6506600,0.0,0.0
2008-08-27 00:00:00-04:00,25.877759725374595,26.404198088746412,25.836632316577454,26.124528884887695,7317600,0.0,0.0
2008-08-28 00:00:00-04:00,26.231456043350146,26.873052283067675,26.132749653659655,26.807249069213867,9675200,0.0,0.0
2008-08-29 00:00:00-04:00,26.626284351350122,26.938858241597817,26.576932726134885,26.609832763671875,9062800,0.0,0.0
2008-09-02 00:00:00-04:00,26.930639132434102,27.4488501225509,26.568710410399394,26.683868408203125,11843700,0.0,0.0
2008-09-03 00:00:00-04:00,26.585158250182022,26.766122585666295,26.297261727383265,26.741443634033203,9554000,0.0,0.0
2008-09-04 00:00:00-04:00,26.683864196335936,26.683864196335936,25.902432583438493,25.943561553955078,11444300,0.0,0.0
2008-09-05 00:00:00-04:00,25.869530377944525,25.951785179256714,25.392445313348905,25.795499801635742,9012200,0.0,0.0
2008-09-08 00:00:00-04:00,26.313713351357553,27.185627146261123,26.256134360502106,27.078693389892578,20362900,0.0,0.0
2008-09-09 00:00:00-04:00,27.037567568347566,27.391268897322135,26.6756420135498,26.675642013549805,15312400,0.0,0.0
2008-09-10 00:00:00-04:00,26.815468197668828,27.333682136235492,26.71676182673864,26.955305099487305,13883700,0.0,0.0
2008-09-11 00:00:00-04:00,26.807251212163056,27.144500946899623,26.486453066659955,27.09514617919922,14011700,0.0,0.0
2008-09-12 00:00:00-04:00,26.955313048685785,27.514654545273178,26.815476105628996,27.358366012573242,11213500,0.0,0.0
2008-09-15 00:00:00-04:00,26.80725154482535,27.383044623862737,26.52758080002546,26.61806297302246,15191900,0.0,0.0
2008-09-16 00:00:00-04:00,26.108073166567735,27.054017539555222,25.910658811511116,26.741443634033203,18550900,0.0,0.0
2008-09-17 00:00:00-04:00,26.40418941930588,27.144495085866243,26.247904062062744,26.478219985961914,22284700,0.0,0.0
2008-09-18 00:00:00-04:00,26.527581694015407,27.753198476953333,26.371296295820887,27.506427764892578,22442900,0.0,0.0
2008-09-19 00:00:00-04:00,27.975285051660038,28.666236091701865,27.350140366774443,28.287858963012695,28430600,0.0,0.0
2008-09-22 00:00:00-04:00,27.843676689720414,28.008189446943753,27.01289181558133,27.070470809936523,18394300,0.0,0.0
2008-09-23 00:00:00-04:00,27.04579067222754,27.407716170021356,26.445321871474018,26.757892608642578,13450900,0.0,0.0
2008-09-24 00:00:00-04:00,26.807252883723795,26.807252883723795,26.017593809287266,26.132753372192383,13600300,0.0,0.0
2008-09-25 00:00:00-04:00,26.321941169780924,27.045795430539474,26.29726378512667,26.708545684814453,13356400,0.0,0.0
2008-09-26 00:00:00-04:00,26.272588145882487,26.988216616563903,26.272588145882487,26.938861846923828,9546400,0.0,0.0
2008-09-29 00:00:00-04:00,26.486450868859876,27.10337129373478,24.059896570121335,24.45472526550293,26696900,0.0,0.0
2008-09-30 00:00:00-04:00,24.956488247404604,25.375994333569786,24.249085643019022,25.244384765625,16589100,0.0,0.0
2008-10-01 00:00:00-04:00,24.92358636158306,25.33486667493532,24.60278821921946,25.236160278320312,11020900,0.0,0.0
2008-10-02 00:00:00-04:00,25.02229387365181,25.34309201020188,24.59456197897848,24.6439151763916,11783300,0.0,0.0
2008-10-03 00:00:00-04:00,24.81665342210474,25.548731855745338,24.232634578922028,24.29844093322754,17468400,0.0,0.0
2008-10-06 00:00:00-04:00,23.72264860797939,23.878935566402752,21.63334386234144,23.245563507080078,35803300,0.0,0.0
2008-10-07 00:00:00-04:00,22.87541134773226,23.319594853955188,21.559313987591292,21.855436325073242,27859500,0.0,0.0
2008-10-08 00:00:00-04:00,20.983516715207173,22.307839506884648,20.506431729526703,21.12335205078125,28972100,0.0,0.0
2008-10-09 00:00:00-04:00,21.074004114251682,21.625119801287312,19.535815039748986,19.576942443847656,24391800,0.0,0.0
2008-10-10 00:00:00-04:00,18.581648318051705,20.086934496656347,17.479416737116043,18.951801300048828,37801900,0.0,0.0
2008-10-13 00:00:00-04:00,19.502912966163905,22.07752877268363,19.330175976472226,21.97882080078125,20772800,0.0,0.0
2008-10-14 00:00:00-04:00,22.99878882329299,23.03169199350313,20.59691387869508,21.12335205078125,20214300,0.0,0.0
2008-10-15 00:00:00-04:00,20.65449910320649,20.753205505864955,19.149213126930068,19.223243713378906,18089100,0.0,0.0
2008-10-16 00:00:00-04:00,19.223244340547105,20.234993629810102,18.153914484126428,19.96354866027832,21418200,0.0,0.0
2008-10-17 00:00:00-04:00,19.486459897000447,21.2631905620594,19.280819759202792,20.358373641967773,17985900,0.0,0.0
2008-10-20 00:00:00-04:00,20.531113835403566,21.838985443115234,20.22676726216072,21.838985443115234,14070800,0.0,0.0
2008-10-21 00:00:00-04:00,21.46882951896012,21.53463429667938,20.638043219685983,20.819005966186523,14680800,0.0,0.0
2008-10-22 00:00:00-04:00,20.30079668371256,20.30079668371256,18.359553086801533,18.96002197265625,20567900,0.0,0.0
2008-10-23 00:00:00-04:00,18.869540063199818,19.44533152537328,18.00585051657494,19.24791717529297,17445800,0.0,0.0
2008-10-24 00:00:00-04:00,17.882468389829015,19.08340775782517,17.685054021578264,18.59809684753418,16247600,0.0,0.0
2008-10-27 00:00:00-04:00,18.112785275907214,18.548741401535384,17.569895390812217,17.578121185302734,15081300,0.0,0.0
2008-10-28 00:00:00-04:00,18.08810512529625,19.9306404487318,17.70150225684425,19.667421340942383,21845500,0.0,0.0
2008-10-29 00:00:00-04:00,19.535815027122627,20.893039757330218,19.33017486894239,19.716777801513672,17071300,0.0,0.0
2008-10-30 00:00:00-04:00,20.498210930577436,21.016423436353683,19.881290459033867,20.835460662841797,14182600,0.0,0.0
2008-10-31 00:00:00-04:00,20.580465476622244,21.773177340836813,20.514660694933923,21.312543869018555,17466700,0.0,0.0
2008-11-03 00:00:00-05:00,21.263195688583632,21.263195688583632,19.89774496991189,20.596921920776367,19742300,0.0,0.0
2008-11-04 00:00:00-05:00,20.802559590236257,21.583991266339943,20.802559590236257,21.40302848815918,16761900,0.0,0.0
2008-11-05 00:00:00-05:00,21.312547188620677,21.361900390346644,19.823712790455748,19.930644989013672,15063300,0.0,0.0
2008-11-06 00:00:00-05:00,19.848385339826528,19.96354488344522,18.35955118672317,18.762605667114258,23027700,0.0,0.0
2008-11-07 00:00:00-05:00,17.726183169640393,19.90597036734813,17.61102516906477,19.21501922607422,28705700,0.0,0.0
2008-11-10 00:00:00-05:00,19.65920009076941,19.65920009076941,17.816664341540907,18.162139892578125,16363000,0.0,0.0
2008-11-11 00:00:00-05:00,17.907141333713763,18.433579518506637,16.85426339521847,17.915367126464844,23171800,0.0,0.0
2008-11-12 00:00:00-05:00,17.56989419953163,17.857789142630317,16.475888709027295,16.582820892333984,21258600,0.0,0.0
2008-11-13 00:00:00-05:00,16.697974816533527,17.89068797581852,16.105731917313815,17.80843162536621,24066200,0.0,0.0
2008-11-14 00:00:00-05:00,17.38893374156152,18.417134678388194,17.22442253301532,17.339580535888672,16888600,0.0,0.0
2008-11-17 00:00:00-05:00,16.517017388904055,17.059907279232693,16.10573707387267,16.237346649169922,20652300,0.0,0.0
2008-11-18 00:00:00-05:00,16.38540837885177,17.25732223750182,16.336055178640244,17.002328872680664,21954000,0.0,0.0
2008-11-19 00:00:00-05:00,16.911844025132993,17.298448477595173,16.393631582545215,16.401857376098633,22433000,0.0,0.0
2008-11-20 00:00:00-05:00,16.113963572646856,16.57459710631761,15.299628701566244,15.406560897827148,26921200,0.0,0.0
2008-11-21 00:00:00-05:00,15.826063863421433,17.380702709483405,15.44768678574039,17.372478485107422,28131800,0.0,0.0
2008-11-24 00:00:00-05:00,17.569899689228677,18.84486833788765,16.94475327519845,18.26085090637207,24042800,0.0,0.0
2008-11-25 00:00:00-05:00,18.343099987021375,18.655673880567907,17.520539421344907,18.121009826660156,20331500,0.0,0.0
2008-11-26 00:00:00-05:00,17.52053714302537,18.72970202143576,17.224416444747153,18.507610321044922,13904000,0.0,0.0
2008-11-28 00:00:00-05:00,18.441808644232786,18.540516606175643,17.94827197233816,18.524065017700195,7577100,0.0,0.0
2008-12-01 00:00:00-05:00,18.129235634195766,18.203264641765234,16.673303055317096,16.72265625,17969200,0.0,0.0
2008-12-02 00:00:00-05:00,16.985877408811646,17.7261816931088,16.697980862443323,17.652151107788086,20051200,0.0,0.0
2008-12-03 00:00:00-05:00,16.944753953283968,18.096338838303,16.920076562787656,18.046985626220703,16331800,0.0,0.0
2008-12-04 00:00:00-05:00,17.717951516698708,18.5569619203765,17.65214517948299,17.92359161376953,17198700,0.0,0.0
2008-12-05 00:00:00-05:00,17.693281036428676,18.78728671649199,17.166842684792208,18.729707717895508,17945000,0.0,0.0
2008-12-08 00:00:00-05:00,18.918894438892398,21.46883269878596,18.844863856879595,20.498210906982422,34087700,0.0,0.0
2008-12-09 00:00:00-05:00,19.807262358658686,20.465310316523723,19.182116014231855,19.354854583740234,26341900,0.0,0.0
2008-12-10 00:00:00-05:00,19.618069898364656,19.905966411501076,19.16566064374749,19.494686126708984,16276200,0.0,0.0
2008-12-11 00:00:00-05:00,19.544781909961802,19.75350448618303,18.851823020604392,19.052196502685547,14827300,0.35,0.0
2008-12-12 00:00:00-05:00,18.467775033239263,19.08559369414183,18.30914542265861,18.87687110900879,15025300,0.0,0.0
2008-12-15 00:00:00-05:00,19.14403266865728,19.18577654196543,18.651447319973016,19.01045036315918,12908800,0.0,0.0
2008-12-16 00:00:00-05:00,19.235872495253222,20.179297795275698,18.843473051034202,19.85369110107422,22276500,0.0,0.0
2008-12-17 00:00:00-05:00,19.678359358244858,19.987269395222324,19.31935636125873,19.686708450317383,14715400,0.0,0.0
2008-12-18 00:00:00-05:00,19.76185095047216,19.953875312859182,18.785029360052366,19.060543060302734,18351500,0.0,0.0
2008-12-19 00:00:00-05:00,19.202476406871558,19.369455099554216,18.517866633240953,18.72658920288086,21133800,0.0,0.0
2008-12-22 00:00:00-05:00,18.709891945202337,18.810079484277654,17.76646658419976,18.309144973754883,12596900,0.0,0.0
2008-12-23 00:00:00-05:00,18.51786523947318,18.78502985371553,18.167211285173423,18.242351531982422,9381100,0.0,0.0
2008-12-24 00:00:00-05:00,18.292442709175933,18.542909112413938,18.192256784851356,18.359233856201172,3507200,0.0,0.0
2008-12-26 00:00:00-05:00,18.609706489196963,18.71824153299874,18.334191147582633,18.517868041992188,3069100,0.0,0.0
2008-12-29 00:00:00-05:00,18.492822244872183,18.492822244872183,17.657931835691254,17.92509651184082,7411700,0.0,0.0
2008-12-30 00:00:00-05:00,17.933441318195175,18.785029714082665,17.84995197875836,18.76833152770996,11105200,0.0,0.0
2008-12-31 00:00:00-05:00,18.843471305416994,19.16073046890291,18.8017274329499,18.94365882873535,9012100,0.0,0.0
2009-01-02 00:00:00-05:00,19.002106376028,20.06241760420654,18.78503467315803,19.970579147338867,9796600,0.0,0.0
2009-01-05 00:00:00-05:00,19.628264099639715,20.03736000872673,19.444588872833187,19.619915008544922,11675100,0.0,0.0
2009-01-06 00:00:00-05:00,19.87873374856703,20.73032207188067,19.870384656092202,20.296178817749023,12070800,0.0,0.0
2009-01-07 00:00:00-05:00,19.945525855280337,19.945525855280337,19.13568295538896,19.352754592895508,12300700,0.0,0.0
2009-01-08 00:00:00-05:00,19.285966738321143,19.386152685106673,18.79338132141603,19.118988037109375,12600700,0.0,0.0
2009-01-09 00:00:00-05:00,19.30266615846363,19.30266615846363,18.55961264233306,18.62640380859375,11489700,0.0,0.0
2009-01-12 00:00:00-05:00,18.618054424151612,18.768334944007286,18.04198122127418,18.250703811645508,11259800,0.0,0.0
2009-01-13 00:00:00-05:00,17.966839241638382,18.309144129689262,17.55774319475872,17.699674606323242,15502200,0.0,0.0
2009-01-14 00:00:00-05:00,17.47425356078296,17.699674315283527,17.048459333090822,17.3657169342041,15482600,0.0,0.0
2009-01-15 00:00:00-05:00,17.365719808591514,18.041982184028694,16.65606423740202,17.83325958251953,18169700,0.0,0.0
2009-01-16 00:00:00-05:00,18.092073941018825,18.48447183208943,17.34902203939027,17.916746139526367,16294800,0.0,0.0
2009-01-20 00:00:00-05:00,17.916745632428245,18.083724334606778,16.823039751196923,16.89818000793457,19725000,0.0,0.0
2009-01-21 00:00:00-05:00,17.399115178702107,17.791513073476125,17.08185595107462,17.724721908569336,17181900,0.0,0.0
2009-01-22 00:00:00-05:00,17.357367665397952,17.69967251296407,17.090201469254005,17.507646560668945,16007900,0.0,0.0
2009-01-23 00:00:00-05:00,17.056806080780316,17.50764593534383,16.681104874955228,17.20708656311035,15436900,0.0,0.0
2009-01-26 00:00:00-05:00,17.599488752254572,17.883351602486663,17.115252406404597,17.415813446044922,10840400,0.0,0.0
2009-01-27 00:00:00-05:00,17.457552256028727,17.95013755349552,17.40745929478212,17.74141502380371,12696600,0.0,0.0
2009-01-28 00:00:00-05:00,18.067025630087716,18.70154245085292,18.033630846061588,18.601356506347656,13079500,0.0,0.0
2009-01-29 00:00:00-05:00,18.309140559353672,18.384280797436848,17.63288000903164,17.74141502380371,11295500,0.0,0.0
2009-01-30 00:00:00-05:00,17.791509759173415,18.075372555254457,17.12359823452784,17.26552963256836,15484400,0.0,0.0
2009-02-02 00:00:00-05:00,16.764592914729697,17.115246815624925,16.564219484564777,16.86478042602539,16499500,0.0,0.0
2009-02-03 00:00:00-05:00,17.349023086739187,17.357372181831142,16.49743449648476,17.21544075012207,27402700,0.0,0.0
2009-02-04 00:00:00-05:00,16.355494523202267,16.772939505229022,15.620790463076494,15.862909317016602,48826100,0.0,0.0
2009-02-05 00:00:00-05:00,15.754381073814983,16.113382574568174,15.16995721155524,15.620797157287598,34993800,0.0,0.0
2009-02-06 00:00:00-05:00,15.662538512126282,16.397241101571144,15.570700091285739,16.23861312866211,20471300,0.0,0.0
2009-02-09 00:00:00-05:00,16.547526103464147,16.547526103464147,15.946405638496582,16.230268478393555,15404300,0.0,0.0
2009-02-10 00:00:00-05:00,16.09667980410769,16.230262076969474,15.562349120234263,15.66253662109375,22253200,0.0,0.0
2009-02-11 00:00:00-05:00,15.821172088230062,15.846217778498366,15.245097325655601,15.445470809936523,19154300,0.0,0.0
2009-02-12 00:00:00-05:00,15.30353373420685,15.762722600173976,15.053067369575018,15.720978736877441,20367000,0.0,0.0
2009-02-13 00:00:00-05:00,15.629144833631171,15.779425332716617,15.361980209668946,15.462167739868164,11804200,0.0,0.0
2009-02-17 00:00:00-05:00,15.086463074510167,15.119859441153313,14.794251236088282,14.894438743591309,21996100,0.0,0.0
2009-02-18 00:00:00-05:00,14.986279548368962,15.036372513892498,14.635625604850876,14.71911334991455,18669100,0.0,0.0
2009-02-19 00:00:00-05:00,14.844347240615905,15.036371590350782,14.37680761635721,14.769207000732422,19575900,0.0,0.0
2009-02-20 00:00:00-05:00,14.401857885885283,14.927838081919345,14.30167034775042,14.635627746582031,22969800,0.0,0.0
2009-02-23 00:00:00-05:00,14.785907591631958,14.894444230781227,14.126345031707684,14.168088912963867,15134700,0.0,0.0
2009-02-24 00:00:00-05:00,14.284969759966103,15.153254613985307,14.168084066066756,14.961230278015137,16498400,0.0,0.0
2009-02-25 00:00:00-05:00,14.844350204768661,14.861046800633899,14.218182475656105,14.493696212768555,16146500,0.0,0.0
2009-02-26 00:00:00-05:00,14.643977683411016,14.694070659147354,14.059553794254803,14.076251983642578,12636900,0.0,0.0
2009-02-27 00:00:00-05:00,13.925969825924883,14.30166948839515,13.708898166698445,14.001110076904297,18621000,0.0,0.0
2009-03-02 00:00:00-05:00,13.75898830706146,13.817430358598896,13.27475211834581,13.399985313415527,17103200,0.0,0.0
2009-03-03 00:00:00-05:00,13.491825265804142,13.93431763724575,13.349893870619223,13.658803939819336,19551300,0.0,0.0
2009-03-04 00:00:00-05:00,13.792387633842893,14.376809867016485,13.433384563182084,14.143041610717773,15800100,0.0,0.0
2009-03-05 00:00:00-05:00,13.7756877459111,13.859177081038307,13.233009456224167,13.349893569946289,17038600,0.0,0.0
2009-03-06 00:00:00-05:00,13.224660547644607,13.708896787214288,12.790517272878233,13.21631145477295,20629300,0.0,0.0
2009-03-09 00:00:00-04:00,12.924101271301618,13.558618081039345,12.907403879578743,13.015939712524414,14569200,0.0,0.0
2009-03-10 00:00:00-04:00,12.715380240648921,13.87587896405976,12.64024077446796,13.86752986907959,24287100,0.0,0.0
2009-03-11 00:00:00-04:00,13.992763418421681,14.17643873476683,13.675504171866242,13.850831985473633,14956900,0.0,0.0
2009-03-12 00:00:00-04:00,14.026155623356654,14.602230344213885,13.834131247213172,14.55213737487793,16768100,0.0,0.0
2009-03-13 00:00:00-04:00,14.727465298720013,14.727465298720013,14.201485077663001,14.301671028137207,17520000,0.0,0.0
2009-03-16 00:00:00-04:00,14.418556174515736,14.769210171784323,14.293322945297007,14.368461608886719,18963300,0.0,0.0
2009-03-17 00:00:00-04:00,14.360110826493857,14.886090906023833,14.326714457037202,14.877741813659668,11424200,0.0,0.0
2009-03-18 00:00:00-04:00,14.794254284303994,15.336934207084292,14.610579007201373,15.11986255645752,16190600,0.0,0.0
2009-03-19 00:00:00-04:00,15.15325701257584,15.278490225752163,14.59388050745668,14.777557373046875,17370100,0.0,0.0
2009-03-20 00:00:00-04:00,14.86104848561605,15.01132901243054,14.259927970785157,14.568838119506836,17766600,0.0,0.0
2009-03-23 00:00:00-04:00,14.886093908607457,15.796124458312987,14.810953654600441,15.796124458312988,15830500,0.0,0.0
2009-03-24 00:00:00-04:00,15.103165764398508,15.612449360684488,15.061421886065213,15.27014446258545,16570800,0.0,0.0
2009-03-25 00:00:00-04:00,15.311886618641692,15.76272650515307,14.911139698981199,15.470516204833984,16019200,0.0,0.0
2009-03-26 00:00:00-04:00,15.595749206872288,15.979797934903553,15.361979377357594,15.913006782531738,15556800,0.0,0.0
2009-03-27 00:00:00-04:00,15.704287067071233,15.82117279914077,15.361982150323454,15.520611763000488,13962400,0.0,0.0
2009-03-30 00:00:00-04:00,15.128216609536695,15.245100770337546,14.643980181669555,14.902795791625977,13150500,0.0,0.0
2009-03-31 00:00:00-04:00,15.078113651590753,15.437116622985405,14.877740233413212,15.161602973937988,14704500,0.0,0.0
2009-04-01 00:00:00-04:00,14.961233467531583,15.712634380265591,14.89444231067582,15.687588691711426,12933600,0.0,0.0
2009-04-02 00:00:00-04:00,16.071636941220437,17.115249729611374,15.988147599663815,16.873130798339844,25194100,0.0,0.0
2009-04-03 00:00:00-04:00,16.622661355416856,17.02340821139369,16.51412634574972,16.69780158996582,18478000,0.0,0.0
2009-04-06 00:00:00-04:00,16.514128875613828,16.69780414796786,16.155125831644245,16.38054656982422,11280900,0.0,0.0
2009-04-07 00:00:00-04:00,16.1801743384642,16.1801743384642,15.887963988892041,15.963104248046875,11623500,0.0,0.0
2009-04-08 00:00:00-04:00,16.021547417884907,16.322106882711505,15.862917794064678,16.16347885131836,12438100,0.0,0.0
2009-04-09 00:00:00-04:00,16.555870420801178,16.75624385130756,16.36384608228587,16.597614288330078,13841800,0.0,0.0
2009-04-13 00:00:00-04:00,16.36385245941826,16.43899272419426,16.08833868604862,16.305410385131836,14907400,0.0,0.0
2009-04-14 00:00:00-04:00,16.155127611440278,16.188522395353406,15.695936991326523,15.879613876342773,14315900,0.0,0.0
2009-04-15 00:00:00-04:00,15.963097855962893,16.530821730960795,15.896306718173355,16.472379684448242,12706700,0.0,0.0
2009-04-16 00:00:00-04:00,16.614312719363063,17.232131204051168,16.464032246142025,17.12359619140625,15449300,0.0,0.0
2009-04-17 00:00:00-04:00,17.173689997957915,17.282226608377808,16.764594018711446,17.015060424804688,14911100,0.0,0.0
2009-04-20 00:00:00-04:00,16.697804632862407,16.70615372627005,16.054938772314788,16.205219268798828,14272900,0.0,0.0
2009-04-21 00:00:00-04:00,16.04658752865195,16.288706427749172,15.988145475056493,16.25531005859375,11611000,0.0,0.0
2009-04-22 00:00:00-04:00,16.113377663910143,16.480729739446925,15.86291128065977,16.196866989135742,15812000,0.0,0.0
2009-04-23 00:00:00-04:00,16.213566958341943,16.47238246186208,15.996495325818842,16.388893127441406,14190400,0.0,0.0
2009-04-24 00:00:00-04:00,16.5642229633278,17.081854035191718,16.330453116159926,16.91487693786621,16599400,0.0,0.0
2009-04-27 00:00:00-04:00,16.380551721519808,16.823042651451594,16.363853529937842,16.480737686157227,17855500,0.0,0.0
2009-04-28 00:00:00-04:00,16.363846061202054,16.522475623975147,16.121727171052253,16.288705825805664,23172500,0.0,0.0
2009-04-29 00:00:00-04:00,16.430638486678813,17.891696256282902,16.255310726264494,17.54104232788086,28270400,0.0,0.0
2009-04-30 00:00:00-04:00,17.766464712026885,18.843472283353687,17.657928090096952,18.284095764160156,36593300,0.0,0.0
2009-05-01 00:00:00-04:00,18.167211039783954,18.350886311487937,17.632881818516587,18.31749153137207,15718000,0.0,0.0
2009-05-04 00:00:00-04:00,18.375935214917224,19.11898705296468,18.234003803921176,19.08559226989746,17603700,0.0,0.0
2009-05-05 00:00:00-04:00,18.9436567039151,19.48633494725101,18.91860942778828,19.32770538330078,16806900,0.0,0.0
2009-05-06 00:00:00-04:00,20.830512725041125,21.949265806263497,20.58839378410149,21.59861183166504,49777100,0.0,0.0
2009-05-07 00:00:00-04:00,21.540165828707803,21.849075893418195,20.855556141563646,21.147768020629883,23981600,0.0,0.0
2009-05-08 00:00:00-04:00,21.456678837128717,21.707145260860276,20.872255058519496,21.256303787231445,18172900,0.0,0.0
2009-05-11 00:00:00-04:00,20.96409385048267,21.01418681760416,20.605090802520774,20.630136489868164,14656600,0.0,0.0
2009-05-12 00:00:00-04:00,20.788769342812778,20.788769342812778,19.953878994969475,20.304533004760742,15536900,0.0,0.0
2009-05-13 00:00:00-04:00,19.945530388379645,20.029019743691986,19.561481583340676,19.703413009643555,14055900,0.0,0.0
2009-05-14 00:00:00-04:00,19.74515713607169,20.012321802444394,19.42789949286086,19.603225708007812,11893400,0.0,0.0
2009-05-15 00:00:00-04:00,19.578171373924093,20.221035471460652,19.427890917317047,19.544775009155273,20991800,0.0,0.0
2009-05-18 00:00:00-04:00,19.720106615638887,20.254435817560314,19.661662965805426,20.212690353393555,9355300,0.0,0.0
2009-05-19 00:00:00-04:00,20.246086071710543,20.37131927531828,19.828640998067026,19.887083053588867,11906400,0.0,0.0
2009-05-20 00:00:00-04:00,20.03736427249995,20.271134095619374,19.54477894007353,19.661663055419922,10524200,0.0,0.0
2009-05-21 00:00:00-04:00,19.269267509487065,19.452942796962997,19.144034286552255,19.394500732421875,12632300,0.0,0.0
2009-05-22 00:00:00-04:00,19.411198317090825,20.037366004738917,19.244219630080625,19.78689956665039,11099100,0.0,0.0
2009-05-26 00:00:00-04:00,19.594869337626726,20.546645098722387,19.51972910405532,20.488203048706055,16299800,0.0,0.0
2009-05-27 00:00:00-04:00,20.40471633843988,20.638484568465103,19.84533985706624,19.928829193115234,14981300,0.0,0.0
2009-05-28 00:00:00-04:00,20.09580764968114,20.37132136282142,19.611571378330755,20.029016494750977,12314700,0.0,0.0
2009-05-29 00:00:00-04:00,20.154247670193076,20.246086096081708,19.619918484862684,20.221038818359375,11215600,0.0,0.0
2009-06-01 00:00:00-04:00,20.730323947809815,21.089326994581494,20.663532794393692,20.897302627563477,11990000,0.0,0.0
2009-06-02 00:00:00-04:00,20.947394405970414,21.256302875832603,20.772066642934437,20.980789184570312,9792900,0.0,0.0
2009-06-03 00:00:00-04:00,20.75537158280924,21.005838014300725,20.663533148129883,20.93904685974121,10892000,0.0,0.0
2009-06-04 00:00:00-04:00,20.880606426770935,21.055932624001112,20.713627731138217,20.9891414642334,11521800,0.0,0.0
2009-06-05 00:00:00-04:00,21.273001879267916,21.331443938384734,20.747021754789905,20.83051109313965,10980400,0.0,0.0
2009-06-08 00:00:00-04:00,20.822161362701962,21.331443285435725,20.56334426249741,21.147768020629883,10700200,0.0,0.0
2009-06-09 00:00:00-04:00,21.02253481315196,21.28135032092988,20.939045477357805,21.147768020629883,8534800,0.0,0.0
2009-06-10 00:00:00-04:00,21.26465226382387,21.306397728186603,20.721973966521475,20.95574378967285,11791200,0.0,0.0
2009-06-11 00:00:00-04:00,20.99748650206047,21.406582475663814,20.955742632429608,21.06427764892578,9577300,0.0,0.0
2009-06-12 00:00:00-04:00,20.897304240611955,21.19786365797113,20.47151000755739,20.92234992980957,7332400,0.0,0.0
2009-06-15 00:00:00-04:00,20.688578473009798,20.688578473009798,20.070759953616534,20.24608612060547,7871500,0.0,0.0
2009-06-16 00:00:00-04:00,20.29617808487749,20.396365598531197,19.51138252970053,19.611568450927734,13346200,0.0,0.0
2009-06-17 00:00:00-04:00,19.561480060896002,19.995623400789764,19.503037994453937,19.77020263671875,8615100,0.0,0.0
2009-06-18 00:00:00-04:00,19.836990960954864,20.0123171352126,19.628268414975658,19.8035945892334,9313800,0.0,0.0
2009-06-19 00:00:00-04:00,19.945527438105827,20.137553404648493,19.5197332221792,19.644968032836914,13805600,0.0,0.0
2009-06-22 00:00:00-04:00,19.3610999953377,19.47798408847469,18.893560437937065,18.918607711791992,12356600,0.0,0.0
2009-06-23 00:00:00-04:00,18.968704986356087,19.260916878163187,18.826773587045594,19.10228729248047,9802300,0.0,0.0
2009-06-24 00:00:00-04:00,19.269268549714585,19.603224359711206,19.018802090323845,19.118988037109375,10006700,0.0,0.0
2009-06-25 00:00:00-04:00,19.085589979132727,19.811943542251935,19.018798828588128,19.661663055419922,11652800,0.0,0.0
2009-06-26 00:00:00-04:00,19.55312856803293,19.67001268657795,19.327707831616078,19.561477661132812,12086600,0.0,0.0
2009-06-29 00:00:00-04:00,19.619919588244862,19.903782382022115,19.461290005268946,19.753501892089844,7735600,0.0,0.0
2009-06-30 00:00:00-04:00,19.786901223229073,19.828645102263074,19.235873739360336,19.477991104125977,10805200,0.0,0.0
2009-07-01 00:00:00-04:00,19.61992228428945,19.978925372364753,19.528083840616173,19.57817840576172,8102100,0.0,0.0
2009-07-02 00:00:00-04:00,19.352754309198467,19.57817503627692,18.843470798190104,19.068891525268555,15561200,0.0,0.0
2009-07-06 00:00:00-04:00,18.93530974337267,19.319358465989744,18.868518591942458,19.27761459350586,14452200,0.0,0.0
2009-07-07 00:00:00-04:00,19.294311985948116,19.386148820121004,18.78502848197149,18.810075759887695,15263700,0.0,0.0
2009-07-08 00:00:00-04:00,18.935307094785777,19.068889378961313,18.409325457471486,18.567955017089844,14542800,0.0,0.0
2009-07-09 00:00:00-04:00,18.684840962733276,18.901912594060583,18.451072738555094,18.810075759887695,9779600,0.0,0.0
2009-07-10 00:00:00-04:00,18.609708221681167,18.968709764555904,18.559613649945724,18.70989418029785,11076000,0.0,0.0
2009-07-13 00:00:00-04:00,18.7766833112175,19.01880227103238,18.426029309282555,18.952011108398438,8433300,0.0,0.0
2009-07-14 00:00:00-04:00,18.96870328803851,19.37779926297034,18.918610325833495,19.2943115234375,10361500,0.0,0.0
2009-07-15 00:00:00-04:00,19.511387051639776,20.145902279604027,19.511387051639776,20.104158401489258,12112800,0.0,0.0
2009-07-16 00:00:00-04:00,20.4882073704539,20.863907025133948,20.337926871611174,20.696929931640625,15463500,0.0,0.0
2009-07-17 00:00:00-04:00,20.713624060445273,20.730322245534808,20.39636650587704,20.463157653808594,10516600,0.0,0.0
2009-07-20 00:00:00-04:00,20.855561180856967,21.231262486497418,20.68023496650943,21.181169509887695,13801500,0.0,0.0
2009-07-21 00:00:00-04:00,21.197862156481985,21.32309696330673,20.83885910742805,21.039234161376953,13081600,0.0,0.0
2009-07-22 00:00:00-04:00,20.947398697664212,21.373192960929128,20.863909345419277,21.189516067504883,8490700,0.0,0.0
2009-07-23 00:00:00-04:00,21.24795851061288,22.40845550376173,21.131072787200342,22.375059127807617,17220100,0.0,0.0
2009-07-24 00:00:00-04:00,22.233131060310726,22.3917606851083,21.849082233611135,22.191387176513672,8818000,0.0,0.0
2009-07-27 00:00:00-04:00,22.166337260249904,22.274873893125303,21.890823519574745,22.082849502563477,9796800,0.0,0.0
2009-07-28 00:00:00-04:00,22.183035073111824,22.199733261337105,21.782288110266347,22.01605796813965,10791500,0.0,0.0
2009-07-29 00:00:00-04:00,21.857429635000926,22.24147843193842,21.52347381322333,21.615310668945312,11834300,0.0,0.0
2009-07-30 00:00:00-04:00,22.024405686520605,22.29157192347308,21.865777674100347,21.890823364257812,17084100,0.0,0.0
2009-07-31 00:00:00-04:00,21.197859843958764,21.40658237599436,20.905649573050162,20.972440719604492,25054700,0.0,0.0
2009-08-03 00:00:00-04:00,21.306400299072266,21.381540551565163,21.172817981846414,21.306400299072266,18161500,0.0,0.0
2009-08-04 00:00:00-04:00,21.164472118290576,21.42328769836522,21.072633664020476,21.40658950805664,10073700,0.0,0.0
2009-08-05 00:00:00-04:00,21.40658379968476,21.456678357252063,20.86390549878554,21.097675323486328,12043000,0.0,0.0
2009-08-06 00:00:00-04:00,21.164471320208783,21.389892103593056,20.930701441985057,21.181169509887695,9145200,0.0,0.0
2009-08-07 00:00:00-04:00,21.398239179611522,22.400108246404212,21.373193488019243,22.28322410583496,14579100,0.0,0.0
2009-08-10 00:00:00-04:00,22.05779522499029,22.157982731840917,21.824025437289755,22.074493408203125,8199100,0.0,0.0
2009-08-11 00:00:00-04:00,21.9826622290288,22.049453391439513,21.515124092153822,21.623659133911133,8745200,0.0,0.0
2009-08-12 00:00:00-04:00,21.632007813927018,22.099545941846785,21.498425491664225,21.890823364257812,9024000,0.0,0.0
2009-08-13 00:00:00-04:00,21.940917319395034,21.999359384706757,21.4650285180849,21.924219131469727,10621800,0.0,0.0
2009-08-14 00:00:00-04:00,21.899173816273823,22.099547312091833,21.323100612957177,21.59026527404785,8901400,0.0,0.0
2009-08-17 00:00:00-04:00,21.18951265556188,21.323096553100218,20.78041664710413,20.94739532470703,9396100,0.0,0.0
2009-08-18 00:00:00-04:00,21.064279848800528,21.106025315217682,20.830511606571335,21.039234161376953,9701200,0.0,0.0
2009-08-19 00:00:00-04:00,20.872255697305864,21.37319015252655,20.872255697305864,21.27300262451172,11145500,0.0,0.0
2009-08-20 00:00:00-04:00,21.31475122555896,21.698800022496453,21.264656657972097,21.615310668945312,10030200,0.0,0.0
2009-08-21 00:00:00-04:00,21.748886764390498,22.425148901152653,21.598607881980975,22.36670684814453,13723300,0.0,0.0
2009-08-24 00:00:00-04:00,22.53368872873594,22.642225358159948,22.316617062314776,22.375059127807617,9356400,0.0,0.0
2009-08-25 00:00:00-04:00,22.5253371287199,22.79250173692232,22.37505663849937,22.433500289916992,11427900,0.0,0.0
2009-08-26 00:00:00-04:00,22.308264332867918,22.709012816875152,22.199729313558134,22.542034149169922,10588200,0.0,0.0
2009-08-27 00:00:00-04:00,22.625526680677236,22.63387577448513,22.13294129299921,22.550386428833008,9044600,0.0,0.0
2009-08-28 00:00:00-04:00,22.608828368020344,22.608828368020344,22.199732328257,22.40845489501953,9270100,0.0,0.0
2009-08-31 00:00:00-04:00,22.116246911628696,22.516993928815978,21.498428195358198,21.74054718017578,29465600,0.0,0.0
2009-09-01 00:00:00-04:00,21.615309568265204,22.266524581891012,21.364843112792833,21.439983367919922,26083200,0.0,0.0
2009-09-02 00:00:00-04:00,21.39823545688075,21.41493364332188,21.089326969853403,21.20621109008789,14833200,0.0,0.0
2009-09-03 00:00:00-04:00,21.364840067183696,21.39823484668696,21.080977275485992,21.239606857299805,11087600,0.0,0.0
2009-09-04 00:00:00-04:00,21.247959442510975,21.732195768095366,21.164470091390854,21.623659133911133,11638500,0.0,0.0
2009-09-08 00:00:00-04:00,21.965963658952354,22.0077091300011,21.782288363618548,21.94091796875,12399400,0.0,0.0
2009-09-09 00:00:00-04:00,21.949266273090487,22.533688514899808,21.832380550787153,22.500293731689453,19096600,0.0,0.0
2009-09-10 00:00:00-04:00,22.508637060536895,23.68583360469065,22.508637060536895,23.6774845123291,21856400,0.0,0.0
2009-09-11 00:00:00-04:00,23.669137058670824,23.72757911682129,23.385274268431434,23.72757911682129,14221600,0.0,0.0
2009-09-14 00:00:00-04:00,23.535556392836998,23.619045735610953,23.201600614167933,23.44371795654297,12298300,0.0,0.0
2009-09-15 00:00:00-04:00,23.37692632766698,23.68583641195034,23.23499492555193,23.61904525756836,10712200,0.0,0.0
2009-09-16 00:00:00-04:00,23.635744134396553,23.760977361903453,23.460417934372266,23.68583869934082,10020300,0.0,0.0
2009-09-17 00:00:00-04:00,23.635739772290147,23.81941662500012,23.493808382662714,23.76097297668457,13941400,0.0,0.0
2009-09-18 00:00:00-04:00,23.852814896507574,23.94465333631316,23.585650263356957,23.744279861450195,14104800,0.0,0.0
2009-09-21 00:00:00-04:00,23.477115865833312,23.52720883780265,23.093065500930084,23.376928329467773,10935700,0.0,0.0
2009-09-22 00:00:00-04:00,23.485464579167683,23.710885353300228,23.385278630060075,23.69418716430664,9578900,0.0,0.0
2009-09-23 00:00:00-04:00,23.786022828732104,23.877861265026134,23.410323174889445,23.44371795654297,11057300,0.0,0.0
2009-09-24 00:00:00-04:00,23.48545951079091,23.644089087142355,23.08471261599142,23.351877212524414,11950300,0.0,0.0
2009-09-25 00:00:00-04:00,23.376930957365374,23.393629147374554,22.984533046711906,23.059673309326172,13628000,0.0,0.0
2009-09-28 00:00:00-04:00,23.18490566674768,23.694187703219793,23.14316019331424,23.568954467773438,8633100,0.0,0.0
2009-09-29 00:00:00-04:00,23.59400220507114,23.744282727464427,23.32683753967285,23.32683753967285,8057800,0.0,0.0
2009-09-30 00:00:00-04:00,23.318483938274525,23.376925998482456,22.75075833780882,22.926084518432617,18600700,0.0,0.0
2009-10-01 00:00:00-04:00,23.176555681271452,23.176555681271452,22.542038841313616,22.842599868774414,16124900,0.0,0.0
2009-10-02 00:00:00-04:00,22.583782938604955,22.76745983157064,22.40845673251255,22.717365264892578,14635300,0.0,0.0
2009-10-05 00:00:00-04:00,22.675612011228992,23.184895414935006,22.542029740162867,23.10140609741211,10263300,0.0,0.0
2009-10-06 00:00:00-04:00,23.23499264465404,23.65243771666897,23.101410349003388,23.527204513549805,11016400,0.0,0.0
2009-10-07 00:00:00-04:00,23.61905123110346,23.75263357365196,23.343535858116653,23.518863677978516,6861400,0.0,0.0
2009-10-08 00:00:00-04:00,23.602352064537833,24.203472581157822,23.585653874302732,23.936307907104492,10366700,0.0,0.0
2009-10-09 00:00:00-04:00,23.936305980846754,24.011446238430775,23.752630680323,23.911258697509766,7091600,0.0,0.0
2009-10-12 00:00:00-04:00,23.96970076620246,24.33705295967691,23.78602546567871,23.911258697509766,6960000,0.0,0.0
2009-10-13 00:00:00-04:00,23.87786407726332,24.03649368797391,23.677490586462714,23.719234466552734,9426400,0.0,0.0
2009-10-14 00:00:00-04:00,23.953005293883475,24.211820864137795,23.777677487150083,24.136680603027344,9541600,0.0,0.0
2009-10-15 00:00:00-04:00,23.986395904053783,24.420539205444094,23.961350216329514,24.403841018676758,8734100,0.0,0.0
2009-10-16 00:00:00-04:00,24.228516847045356,24.645961996336585,24.05318905628107,24.545774459838867,12048800,0.0,0.0
2009-10-19 00:00:00-04:00,24.545771967082096,25.030008227386016,24.378794879779157,24.93817138671875,12627300,0.0,0.0
2009-10-20 00:00:00-04:00,24.821285903825128,24.821285903825128,24.20346733098611,24.5040283203125,10377800,0.0,0.0
2009-10-21 00:00:00-04:00,24.4873303600867,25.013310503843886,24.378795330952492,24.403841018676758,9611300,0.0,0.0
2009-10-22 00:00:00-04:00,24.270258240185402,24.687703346738097,24.08658296657583,24.57916831970215,7547900,0.0,0.0
2009-10-23 00:00:00-04:00,24.512375435302808,24.604212269408784,23.952998968327933,24.119976043701172,9778300,0.0,0.0
2009-10-26 00:00:00-04:00,24.10328405059255,24.604216964733983,23.727582772559575,23.919607162475586,13255900,0.0,0.0
2009-10-27 00:00:00-04:00,23.90291251469867,24.153380601297457,23.38528133543002,23.518863677978516,11176400,0.0,0.0
2009-10-28 00:00:00-04:00,23.43537148249192,23.510511740144544,22.73406347268539,22.742412567138672,14359600,0.0,0.0
2009-10-29 00:00:00-04:00,22.9260887628132,23.510512657942222,22.692320478703195,23.49381446838379,13171500,0.0,0.0
2009-10-30 00:00:00-04:00,23.493808735914158,23.635740127675668,22.775804276791195,22.85094451904297,12957000,0.0,0.0
2009-11-02 00:00:00-05:00,22.85929110168563,23.260039575082825,22.55038264476405,22.88433837890625,13301400,0.0,0.0
2009-11-03 00:00:00-05:00,22.759112258869106,23.151510169522574,22.625529923649754,23.059673309326172,12044500,0.0,0.0
2009-11-04 00:00:00-05:00,23.477113972472832,23.98639593001387,23.29343710268682,23.401973724365234,12832900,0.0,0.0
2009-11-05 00:00:00-05:00,23.568952782016854,24.29530804353673,23.568952782016854,24.21181869506836,12129800,0.0,0.0
2009-11-06 00:00:00-05:00,24.0364912247832,24.2118174141067,23.660789972766004,23.844465255737305,11862600,0.0,0.0
2009-11-09 00:00:00-05:00,23.936304959821552,24.27026076126816,23.568952782016854,24.21181869506836,12643300,0.0,0.0
2009-11-10 00:00:00-05:00,24.220167555033964,24.462284911582252,24.170074583407914,24.3120059967041,16938200,0.0,0.0
2009-11-11 00:00:00-05:00,24.387142875978903,24.604214527066322,24.303655126844827,24.453935623168945,11551800,0.0,0.0
2009-11-12 00:00:00-05:00,24.54577099428138,24.5958639592443,24.128325903928207,24.253559112548828,18282100,0.0,0.0
2009-11-13 00:00:00-05:00,24.83798212481015,25.48919701933925,24.80458575422715,25.4140567779541,29084900,0.0,0.0
2009-11-16 00:00:00-05:00,25.146890215233142,25.78140528239286,25.071749979727773,25.631126403808594,12891200,0.0,0.0
2009-11-17 00:00:00-05:00,25.272125432329833,25.82315280850681,25.25542724700893,25.773059844970703,10173600,0.0,0.0
2009-11-18 00:00:00-05:00,25.614433917457983,25.69792326352702,25.297174720881017,25.6060848236084,7843500,0.0,0.0
2009-11-19 00:00:00-05:00,25.263776102558893,25.38066021385501,24.97991332447412,25.222030639648438,8148500,0.0,0.0
2009-11-20 00:00:00-05:00,25.10514667429467,25.255427156792766,24.921471413700658,25.0550537109375,9205600,0.0,0.0
2009-11-23 00:00:00-05:00,25.305521149525077,25.68122237105305,25.305521149525077,25.447452545166016,8046300,0.0,0.0
2009-11-24 00:00:00-05:00,25.430753833998573,25.489197483583276,25.130194455410372,25.23872947692871,7829700,0.0,0.0
2009-11-25 00:00:00-05:00,25.247082020431183,25.672876256756414,25.04670854317699,25.555992126464844,10274900,0.0,0.0
2009-11-27 00:00:00-05:00,25.105148849282635,25.4641519013689,24.879728106006134,25.338918685913086,5688000,0.0,0.0
2009-11-30 00:00:00-05:00,25.23873010496846,25.355615814619824,25.00496187051907,25.23038101196289,10260500,0.0,0.0
2009-12-01 00:00:00-05:00,25.414058282053553,25.689571985962843,25.414058282053553,25.65617561340332,9318200,0.0,0.0
2009-12-02 00:00:00-05:00,25.514246153291342,25.773063283010867,25.464153183073,25.70627212524414,11386300,0.0,0.0
2009-12-03 00:00:00-05:00,25.714617671626762,25.856549070144013,25.297172569214467,25.322219848632812,9511700,0.0,0.0
2009-12-04 00:00:00-05:00,25.614432142589667,25.965086097840732,25.39736049482218,25.748014450073242,14406400,0.0,0.0
2009-12-07 00:00:00-05:00,25.823157359772704,26.081972908155876,25.73131891674805,25.88159942626953,12451500,0.0,0.0
2009-12-08 00:00:00-05:00,25.77306288296804,25.864899728205064,25.42240891202879,25.61443328857422,8703000,0.0,0.0
2009-12-09 00:00:00-05:00,25.823150742354994,25.823150742354994,25.480845932797855,25.631126403808594,9267900,0.0,0.0
2009-12-10 00:00:00-05:00,26.053387940991144,26.627660600040393,25.968935795109072,26.433420181274414,13609600,0.35,0.0
2009-12-11 00:00:00-05:00,26.59388101739612,26.881017367651413,26.49253972365356,26.771230697631836,15481000,0.0,0.0
2009-12-14 00:00:00-05:00,26.957022548794278,27.09214695044286,26.864125026032976,26.88101577758789,9230700,0.0,0.0
2009-12-15 00:00:00-05:00,26.7712292210217,27.303276621592094,26.695222449511643,27.176597595214844,15183800,0.0,0.0
2009-12-16 00:00:00-05:00,27.193488922032852,27.522850531682586,27.193488922032852,27.387727737426758,11940200,0.0,0.0
2009-12-17 00:00:00-05:00,27.168150024954503,27.269494532511683,26.729001767741597,26.96546745300293,14592500,0.0,0.0
2009-12-18 00:00:00-05:00,27.092147207854467,27.168150758201534,26.669886468923213,26.982358932495117,15229700,0.0,0.0
2009-12-21 00:00:00-05:00,27.066810993594505,27.438401109094155,27.01614034638584,27.362394332885742,7702900,0.0,0.0
2009-12-22 00:00:00-05:00,27.286388397216797,27.446845720118827,27.210381618667043,27.286388397216797,9162000,0.0,0.0
2009-12-23 00:00:00-05:00,27.28638644713027,27.421509241386097,27.058366127777024,27.387727737426758,6567900,0.0,0.0
2009-12-24 00:00:00-05:00,27.041472805348747,27.311718368171995,26.973911414642934,27.269493103027344,3557400,0.0,0.0
2009-12-28 00:00:00-05:00,27.227264675242274,27.328605944134175,26.85567465333721,26.948572158813477,7981600,0.0,0.0
2009-12-29 00:00:00-05:00,27.066810274176284,27.429953392899744,27.033028769741176,27.345502853393555,6242100,0.0,0.0
2009-12-30 00:00:00-05:00,27.286385100791332,27.345501119012564,27.10903382454626,27.26104736328125,6692500,0.0,0.0
2009-12-31 00:00:00-05:00,27.252606619107258,27.657975026803424,27.21038134735215,27.235715866088867,19651700,0.0,0.0
2010-01-04 00:00:00-05:00,27.446843287429292,27.657972851178748,26.91479749552859,27.08370018005371,13700400,0.0,0.0
2010-01-05 00:00:00-05:00,27.083703295218594,27.15971007577395,26.771232406971844,27.016141891479492,10307700,0.0,0.0
2010-01-06 00:00:00-05:00,26.940131432355656,27.02458357819566,26.754338000140216,26.872570037841797,10709500,0.0,0.0
2010-01-07 00:00:00-05:00,26.830345133713877,26.90635190492026,26.636106323204547,26.88101577758789,8202100,0.0,0.0
2010-01-08 00:00:00-05:00,26.73744912372588,26.973914826501446,26.627662453988794,26.923242568969727,7657500,0.0,0.0
2010-01-11 00:00:00-05:00,26.627660878666926,26.80500893716338,26.256072399372,26.484092712402344,11250500,0.0,0.0
2010-01-12 00:00:00-05:00,26.19695374554087,26.281405883814234,25.909817441885767,26.02804946899414,14618300,0.0,0.0
2010-01-13 00:00:00-05:00,26.087169649177515,26.492539655477035,26.070280507457763,26.424978256225586,9620600,0.0,0.0
2010-01-14 00:00:00-05:00,26.289852547155174,26.33207942634388,26.146284379495032,26.196956634521484,9235600,0.0,0.0
2010-01-15 00:00:00-05:00,26.188510802734527,26.306742840822988,25.68179953682715,25.84225845336914,13936400,0.0,0.0
2010-01-19 00:00:00-05:00,25.833813168472695,26.340524436160933,25.757806397779923,26.18851089477539,9662100,0.0,0.0
2010-01-20 00:00:00-05:00,26.180067650640026,26.382751852059755,25.94360194358825,26.340526580810547,13302800,0.0,0.0
2010-01-21 00:00:00-05:00,26.29829977586467,26.534765483609654,25.81692459473279,25.850706100463867,15403600,0.0,0.0
2010-01-22 00:00:00-05:00,25.75781068183961,25.93515876909228,25.29332621549988,25.318660736083984,14459400,0.0,0.0
2010-01-25 00:00:00-05:00,25.521343056701117,25.529788433198068,24.95551571773234,25.267988204956055,11155800,0.0,0.0
2010-01-26 00:00:00-05:00,25.166642451653974,25.284876098449214,24.761274090389183,25.048410415649414,11197300,0.0,0.0
2010-01-27 00:00:00-05:00,24.963960443387176,25.175090017933933,24.499476023700637,24.761276245117188,16121200,0.0,0.0
2010-01-28 00:00:00-05:00,24.85417486675095,24.896400139201535,24.246120634400754,24.78661346435547,17126000,0.0,0.0
2010-01-29 00:00:00-05:00,24.803504863928094,25.18353715825813,24.702161952298855,24.955516815185547,14507900,0.0,0.0
2010-02-01 00:00:00-05:00,24.9977429053052,25.141311085923828,24.778167946077247,24.9301815032959,10894200,0.0,0.0
2010-02-02 00:00:00-05:00,24.938628430203565,25.343996867459072,24.676826571700605,25.318660736083984,10100900,0.0,0.0
2010-02-03 00:00:00-05:00,25.267984961455888,26.070277906981143,25.158198302669916,25.968935012817383,15976200,0.0,0.0
2010-02-04 00:00:00-05:00,25.57201474196433,25.749362812048826,25.048412686436667,25.05685806274414,13407100,0.0,0.0
2010-02-05 00:00:00-05:00,25.02307815281929,25.20042784500125,24.482586921009375,24.947072982788086,11956100,0.0,0.0
2010-02-08 00:00:00-05:00,25.13286039201368,25.29331929188438,24.879503979987753,24.896394729614258,10656800,0.0,0.0
2010-02-09 00:00:00-05:00,25.242653282746602,25.369332325468683,24.896400883765722,25.200428009033203,14376800,0.0,0.0
2010-02-10 00:00:00-05:00,24.62615212404697,25.411554356917748,24.516365459925268,25.360883712768555,24191900,0.0,0.0
2010-02-11 00:00:00-05:00,25.18353813329332,25.698694866671392,25.132867480912346,25.470674514770508,12389400,0.0,0.0
2010-02-12 00:00:00-05:00,25.217316696391748,25.50445304432799,25.217316696391748,25.394664764404297,12802700,0.0,0.0
2010-02-16 00:00:00-05:00,25.572010361384567,25.75780377594944,25.479112848706855,25.732467651367188,9061600,0.0,0.0
2010-02-17 00:00:00-05:00,25.79159063414467,26.1209522681931,25.656466219088223,26.06183624267578,9768600,0.0,0.0
2010-02-18 00:00:00-05:00,26.061833842699087,26.23918190291946,25.909820299201204,26.196956634521484,8212300,0.0,0.0
2010-02-19 00:00:00-05:00,26.12939248012397,26.61921295146738,26.05338571639908,26.37430191040039,12595600,0.0,0.0
2010-02-22 00:00:00-05:00,26.47565288267868,26.576994191393663,26.230741766833873,26.281414031982422,7868200,0.0,0.0
2010-02-23 00:00:00-05:00,26.205402484210662,26.408086675609237,26.061834313954492,26.112504959106445,10228300,0.0,0.0
2010-02-24 00:00:00-05:00,26.222293569836552,26.602327463633383,26.18851367416066,26.509429931640625,12062100,0.0,0.0
2010-02-25 00:00:00-05:00,26.078722730084824,26.526317980389866,26.053388213608603,26.484092712402344,10553800,0.0,0.0
2010-02-26 00:00:00-05:00,26.509428887522997,26.526319640091117,26.163176513830667,26.38275146484375,13449800,0.0,0.0
2010-03-01 00:00:00-05:00,26.517878536896585,26.686782868213367,26.467207881817984,26.636112213134766,8681000,0.0,0.0
2010-03-02 00:00:00-05:00,26.526319549716174,26.957024073990873,26.509428797205604,26.923242568969727,14070600,0.0,0.0
2010-03-03 00:00:00-05:00,26.982361922076006,26.990805688078513,26.644553293502618,26.72056007385254,10345500,0.0,0.0
2010-03-04 00:00:00-05:00,27.04147229872872,27.750867693244583,26.957020159231007,27.505956649780273,23075400,0.0,0.0
2010-03-05 00:00:00-05:00,27.691754202962024,28.05489730834961,27.65797269976749,28.05489730834961,19204800,0.0,0.0
2010-03-08 00:00:00-05:00,27.835321274518748,28.291361911343856,27.826877509354514,28.029560089111328,13176600,0.0,0.0
2010-03-09 00:00:00-05:00,27.869108992802005,28.15624539613659,27.683313901943677,28.130910873413086,11072700,0.0,0.0
2010-03-10 00:00:00-05:00,28.021111900278036,28.375807969647653,27.9535489033042,28.147790908813477,9652900,0.0,0.0
2010-03-11 00:00:00-05:00,28.13934816357445,28.553163528442383,27.97044386726955,28.553163528442383,11392500,0.0,0.0
2010-03-12 00:00:00-05:00,28.55316297495385,28.55316297495385,28.26602664327596,28.451818466186523,9610400,0.0,0.0
2010-03-15 00:00:00-04:00,28.308258979613726,28.502497837546393,28.173136155765683,28.477163314819336,8235900,0.0,0.0
2010-03-16 00:00:00-04:00,28.494047232292576,28.57005400381534,28.282917669349505,28.502490997314453,8472600,0.0,0.0
2010-03-17 00:00:00-04:00,28.5362725005649,28.578497768837217,28.316695951018485,28.502490997314453,7858400,0.0,0.0
2010-03-18 00:00:00-04:00,28.45181953556257,28.586942330749565,28.30825297511832,28.5278263092041,8044200,0.0,0.0
2010-03-19 00:00:00-04:00,28.409593582153317,28.696729917710577,28.2744707902194,28.40959358215332,16729000,0.0,0.0
2010-03-22 00:00:00-04:00,28.266024106846306,28.874074996980124,28.223795621191876,28.6713924407959,11717600,0.0,0.0
2010-03-23 00:00:00-04:00,28.713623113499754,28.798073657553818,28.485602778655682,28.72206687927246,7038000,0.0,0.0
2010-03-24 00:00:00-04:00,28.637617489492175,29.076767423753626,28.603835981876244,29.042985916137695,12195200,0.0,0.0
2010-03-25 00:00:00-04:00,29.127436071645008,29.980398092847057,29.068316829860485,29.634145736694336,32705900,0.0,0.0
2010-03-26 00:00:00-04:00,29.465239342135963,30.064846488099143,29.431457841117435,29.81993865966797,22909800,0.0,0.0
2010-03-29 00:00:00-04:00,29.794603390085037,29.91283543185815,29.532804789467864,29.693262100219727,12560500,0.0,0.0
2010-03-30 00:00:00-04:00,29.66792539852987,29.727041415063375,29.355451343617016,29.642587661743164,17201800,0.0,0.0
2010-03-31 00:00:00-04:00,29.617256665140417,29.727044946709167,29.397683323584587,29.482133865356445,10789500,0.0,0.0
2010-04-01 00:00:00-04:00,29.617260334604186,30.056410293706495,29.566588070313973,30.022628784179688,14603000,0.0,0.0
2010-04-05 00:00:00-04:00,29.794603665958704,30.014180221211742,29.617255601656936,29.743934631347656,10607900,0.0,0.0
2010-04-06 00:00:00-04:00,29.760824058492272,30.07329490381522,29.642588799306584,29.955062866210938,12637700,0.0,0.0
2010-04-07 00:00:00-04:00,29.88750041932061,29.971954177459583,29.60881107141567,29.828384399414062,9242200,0.0,0.0
2010-04-08 00:00:00-04:00,29.794606481962397,30.191531139032087,29.67637442791998,30.12396812438965,9915900,0.0,0.0
2010-04-09 00:00:00-04:00,30.250642804158787,31.14583328960085,30.098629264714262,30.588451385498047,21346000,0.0,0.0
2010-04-12 00:00:00-04:00,30.52089062080168,30.681351158427102,30.233754272062193,30.30976104736328,10410800,0.0,0.0
2010-04-13 00:00:00-04:00,30.29287068155994,30.453331221233498,30.157747881697908,30.267536163330078,10922200,0.0,0.0
2010-04-14 00:00:00-04:00,30.309756209610523,30.580001762751134,30.20841493257807,30.571557998657227,9267400,0.0,0.0
2010-04-15 00:00:00-04:00,30.470217695061745,30.83335755116108,30.284422663249032,30.740463256835938,9185900,0.0,0.0
2010-04-16 00:00:00-04:00,30.58845588162942,30.83336375643841,30.1324151962634,30.25909423828125,12327500,0.0,0.0
2010-04-19 00:00:00-04:00,30.23375562087863,30.546226501464844,30.047963778639623,30.546226501464844,9840500,0.0,0.0
2010-04-20 00:00:00-04:00,30.63912512783155,30.951599241161382,30.63912512783155,30.858701705932617,16515000,0.0,0.0
2010-04-21 00:00:00-04:00,30.732013892958577,31.03604093182533,30.69823239495539,30.87558364868164,9039700,0.0,0.0
2010-04-22 00:00:00-04:00,30.656013893020408,31.137389070177672,30.50400034006741,31.061382293701172,10494600,0.0,0.0
2010-04-23 00:00:00-04:00,31.07827179868046,31.120497068009527,30.81647319589132,31.069828033447266,7677100,0.0,0.0
2010-04-26 00:00:00-04:00,31.044494650090797,31.365412540862895,30.968487866002196,31.280961990356445,9983200,0.0,0.0
2010-04-27 00:00:00-04:00,31.061390346323257,31.095171860533217,30.537789762398923,30.67291259765625,10931300,0.0,0.0
2010-04-28 00:00:00-04:00,30.841810396800888,30.867144916286446,30.368878963052293,30.647571563720703,10930900,0.0,0.0
2010-04-29 00:00:00-04:00,30.824919621809983,31.576540434121572,30.824919621809983,31.432973861694336,10576700,0.0,0.0
2010-04-30 00:00:00-04:00,31.40763494617438,31.660993017706566,30.909369011919694,31.1120548248291,11456400,0.0,0.0
2010-05-03 00:00:00-04:00,31.20495511424057,32.07480802390326,31.112057576008244,31.720111846923828,10887500,0.0,0.0
2010-05-04 00:00:00-04:00,31.492080360754226,31.500524124161732,30.672896782249868,30.900917053222656,13195700,0.0,0.0
2010-05-05 00:00:00-04:00,30.765802890968658,30.87559117545243,29.62570443886908,29.845277786254883,17960000,0.0,0.0
2010-05-06 00:00:00-04:00,29.693264243802947,30.022625875828247,26.180068132896835,28.72206687927246,25181500,0.0,0.0
2010-05-07 00:00:00-04:00,28.595394579619754,29.00920680658637,27.674869361272073,28.215360641479492,22579800,0.0,0.0
2010-05-10 00:00:00-04:00,29.54968858962777,30.090179637197558,29.186545562995427,29.803043365478516,18282600,0.0,0.0
2010-05-11 00:00:00-04:00,29.997291464966164,30.6137894592101,29.676373597557756,30.199974060058594,19853200,0.0,0.0
2010-05-12 00:00:00-04:00,29.541249662410547,30.58000678183191,29.406126863662603,29.66792869567871,25533300,0.0,0.0
2010-05-13 00:00:00-04:00,29.710150838921702,30.00573092332552,29.338563986873865,29.347007751464844,15445900,0.0,0.0
2010-05-14 00:00:00-04:00,29.271007230052568,29.37234853467637,28.57005864249678,28.764297485351562,16945200,0.0,0.0
2010-05-17 00:00:00-04:00,28.899411424840327,29.00075269834622,28.114009306612417,28.88252067565918,15136700,0.0,0.0
2010-05-18 00:00:00-04:00,29.01765273380762,29.254116854855365,28.308257149082355,28.485605239868164,17393800,0.0,0.0
2010-05-19 00:00:00-04:00,28.266030269150317,28.544719650056248,27.945112393383685,28.198467254638672,18536600,0.0,0.0
2010-05-20 00:00:00-04:00,27.666419798421757,27.835324113164976,27.016141891479492,27.016141891479492,26615500,0.0,0.0
2010-05-21 00:00:00-04:00,26.51787053124435,27.75931167602539,26.51787053124435,27.75931167602539,20122900,0.0,0.0
2010-05-24 00:00:00-04:00,27.49751754047668,27.860660674238353,27.11748365379798,27.429954528808594,14040200,0.0,0.0
2010-05-25 00:00:00-04:00,26.669888857295543,27.33705750189342,26.357416365740743,27.294832229614258,26555900,0.0,0.0
2010-05-26 00:00:00-04:00,27.455291202200875,28.586945963804663,27.142820302666223,27.92822265625,25296300,0.0,0.0
2010-05-27 00:00:00-04:00,28.37580933456167,29.02608871459961,28.274468055807276,29.02608871459961,16214500,0.0,0.0
2010-05-28 00:00:00-04:00,28.460264132387962,28.755844215293287,28.071786531546316,28.223796844482422,15832700,0.0,0.0
2010-06-01 00:00:00-04:00,27.919770626398293,28.60382825206284,27.742419370132474,28.147790908813477,15438800,0.0,0.0
2010-06-02 00:00:00-04:00,28.350477785090106,29.380791095181063,28.2575802608581,29.338565826416016,18309300,0.0,0.0
2010-06-03 00:00:00-04:00,29.490576672081566,29.642590219593867,28.97542322949161,29.313228607177734,17752500,0.0,0.0
2010-06-04 00:00:00-04:00,28.764292535846963,29.009200378081083,28.24068890529341,28.451818466186523,21813100,0.0,0.0
2010-06-07 00:00:00-04:00,28.460261550436087,28.772732355671284,27.877541980457405,27.90287971496582,14577700,0.0,0.0
2010-06-08 00:00:00-04:00,27.89444213781704,28.139353250655528,27.370841624037787,27.995786666870117,15662500,0.0,0.0
2010-06-09 00:00:00-04:00,28.122457031824236,28.56160690765104,27.725535645689234,27.818429946899414,13707600,0.0,0.0
2010-06-10 00:00:00-04:00,28.31669641428686,28.907859844515333,28.249136628262146,28.8065185546875,13720200,0.0,0.0
2010-06-11 00:00:00-04:00,28.586948269462752,28.933200705409483,28.35893112275095,28.91631317138672,8799700,0.0,0.0
2010-06-14 00:00:00-04:00,29.127440038309295,29.194999832778347,28.64606160290091,28.654508590698242,9336800,0.0,0.0
2010-06-15 00:00:00-04:00,28.806524559982734,29.55814545759412,28.806524559982734,29.549701690673828,11552200,0.0,0.0
2010-06-16 00:00:00-04:00,29.380786895751953,29.49901892002765,29.11898511229788,29.380786895751953,9416200,0.0,0.0
2010-06-17 00:00:00-04:00,29.38923016173032,29.65103194074874,29.220325892092017,29.617250442504883,10951100,0.0,0.0
2010-06-18 00:00:00-04:00,29.71860036901785,29.8537231797569,29.490580021849087,29.68482208251953,14672300,0.0,0.0
2010-06-21 00:00:00-04:00,29.980406944184974,30.259099597349643,29.439915616137366,29.60881996154785,11382500,0.0,0.0
2010-06-22 00:00:00-04:00,29.659482449107177,29.946618806313015,28.958533919846342,29.00920295715332,9731000,0.0,0.0
2010-06-23 00:00:00-04:00,29.017653694598945,29.245674056694313,28.755851822211937,29.000762939453125,9474000,0.0,0.0
2010-06-24 00:00:00-04:00,28.82340359115457,28.8656288517448,28.257574790186688,28.37580680847168,10273200,0.0,0.0
2010-06-25 00:00:00-04:00,28.299807709201545,28.443377499957883,27.97044607725349,28.274473190307617,11155500,0.0,0.0
2010-06-28 00:00:00-04:00,28.342033642340226,28.510934715149972,27.91132753056357,28.05489730834961,7802000,0.0,0.0
2010-06-29 00:00:00-04:00,28.13090801371772,28.18157705401388,27.058369299162887,27.277942657470703,15868300,0.0,0.0
2010-06-30 00:00:00-04:00,27.15970931472862,27.45528944106038,26.484095296269054,26.602327346801758,17186400,0.0,0.0
2010-07-01 00:00:00-04:00,26.576990854127114,27.109036685049535,26.104061047663755,26.593881607055664,19906200,0.0,0.0
2010-07-02 00:00:00-04:00,26.6529977473303,26.7543406545511,25.94360222915729,26.50098419189453,15597300,0.0,0.0
2010-07-06 00:00:00-04:00,26.830349062194138,27.277942768400617,26.500985801811094,26.788122177124023,15215500,0.0,0.0
2010-07-07 00:00:00-04:00,26.796568214882722,28.012673540651193,26.737452185117853,27.98733901977539,14309500,0.0,0.0
2010-07-08 00:00:00-04:00,28.14779288413579,28.32514093126632,27.784649803869716,28.15623664855957,10044000,0.0,0.0
2010-07-09 00:00:00-04:00,28.190020146201523,28.544716265586775,28.181573159598177,28.502490997314453,8530900,0.0,0.0
2010-07-12 00:00:00-04:00,28.35892326802667,28.62072185343668,28.198462745013995,28.519380569458008,10094300,0.0,0.0
2010-07-13 00:00:00-04:00,28.806516407459316,29.279444539124974,28.679837388431,29.093652725219727,8653000,0.0,0.0
2010-07-14 00:00:00-04:00,28.91631317138672,29.144330318098522,28.646064303289105,28.91631317138672,7955100,0.0,0.0
2010-07-15 00:00:00-04:00,28.840299782258466,29.068316876791766,28.375812163368263,28.75584602355957,10656300,0.0,0.0
2010-07-16 00:00:00-04:00,28.62072598402443,28.71362351673755,27.801542164552504,27.894439697265625,13060100,0.0,0.0
2010-07-19 00:00:00-04:00,27.945115782554755,28.291368219965673,27.860665225754918,28.130910873413086,9647000,0.0,0.0
2010-07-20 00:00:00-04:00,28.147795066742045,28.249136355591695,27.7001981996249,28.206911087036133,11632000,0.0,0.0
2010-07-21 00:00:00-04:00,28.266032618714362,28.37581769404871,27.55663701528404,27.708650588989258,10151100,0.0,0.0
2010-07-22 00:00:00-04:00,27.945109564907003,28.51938224380336,27.91132806107039,28.367368698120117,9984500,0.0,0.0
2010-07-23 00:00:00-04:00,28.308249617195617,28.890965998271206,28.249133602662493,28.823406219482422,10790200,0.0,0.0
2010-07-26 00:00:00-04:00,28.78962603515877,29.32167341185587,28.78962603515877,29.051427841186523,10104400,0.0,0.0
2010-07-27 00:00:00-04:00,29.271006381494274,29.271006381494274,28.679842882092775,28.950088500976562,7103000,0.0,0.0
2010-07-28 00:00:00-04:00,28.87407608078819,28.890966831367738,28.544714498440158,28.747400283813477,6089200,0.0,0.0
2010-07-29 00:00:00-04:00,28.899418001205834,29.38923695259858,28.223800766540105,28.468711853027344,9938400,0.0,0.0
2010-07-30 00:00:00-04:00,28.181572885969853,28.612278994277407,27.88599278935207,28.451818466186523,7805000,0.0,0.0
2010-08-02 00:00:00-04:00,28.83185737711469,29.28789808181126,28.82341361069379,29.118993759155273,9948800,0.0,0.0
2010-08-03 00:00:00-04:00,29.085207132073652,29.17810465426602,28.730511016337093,28.890968322753906,8503300,0.0,0.0
2010-08-04 00:00:00-04:00,29.059872427069205,29.524356813434785,28.831852116326523,29.41457176208496,9840700,0.0,0.0
2010-08-05 00:00:00-04:00,29.287893488078293,29.6003643419533,29.186552199012628,29.541248321533203,8407300,0.0,0.0
2010-08-06 00:00:00-04:00,29.20344366977224,29.63414657509129,29.04298313475447,29.55813980102539,8061700,0.0,0.0
2010-08-09 00:00:00-04:00,29.524357802723202,29.752378121106283,29.473688768581308,29.693262100219727,7809300,0.0,0.0
2010-08-10 00:00:00-04:00,29.465234849957014,29.90438463150266,29.330112088064567,29.803043365478516,12353400,0.0,0.0
2010-08-11 00:00:00-04:00,29.36390230785053,29.36390230785053,28.823411099702604,28.899417877197266,15028900,0.0,0.0
2010-08-12 00:00:00-04:00,28.586945842628598,28.96697975752306,28.46871378501298,28.705181121826172,11809600,0.0,0.0
2010-08-13 00:00:00-04:00,28.53627024223661,28.553160992525118,28.21535242991741,28.44337272644043,11058100,0.0,0.0
2010-08-16 00:00:00-04:00,28.240691904768642,28.502493747851684,27.962002530012175,28.42648696899414,6917800,0.0,0.0
2010-08-17 00:00:00-04:00,28.646055705063343,28.70517494272705,28.299803373045606,28.51093292236328,9875200,0.0,0.0
2010-08-18 00:00:00-04:00,28.553164663139672,28.899417034613048,28.2069122916663,28.637615203857422,8325000,0.0,0.0
2010-08-19 00:00:00-04:00,28.477156960772202,28.527825994920644,27.91977503406869,28.029560089111328,12070700,0.0,0.0
2010-08-20 00:00:00-04:00,27.869100189649902,28.038004471479177,27.624189142076514,27.911325454711914,8632700,0.0,0.0
2010-08-23 00:00:00-04:00,28.063344793581347,28.333590411799868,27.700201640053603,27.80998992919922,8046500,0.0,0.0
2010-08-24 00:00:00-04:00,27.43839986951685,27.61574793213059,26.999248373981466,27.1428165435791,14229700,0.0,0.0
2010-08-25 00:00:00-04:00,26.914795154068795,27.22726758998229,26.644547982915494,27.11747932434082,14144000,0.0,0.0
2010-08-26 00:00:00-04:00,27.17659545654669,27.396168767195558,26.923239034520865,26.97391128540039,10120500,0.0,0.0
2010-08-27 00:00:00-04:00,27.134370839829913,27.74242175700421,26.66988486041488,27.683305740356445,11144000,0.0,0.0
2010-08-30 00:00:00-04:00,27.641083489232425,27.860660050657398,27.294831116137637,27.320165634155273,7057900,0.0,0.0
2010-08-31 00:00:00-04:00,27.193490700664608,27.725538147288223,26.94857961331291,27.480627059936523,12520700,0.0,0.0
2010-09-01 00:00:00-04:00,27.869096169422203,28.4602594597564,27.793089414642367,28.2997989654541,10020900,0.0,0.0
2010-09-02 00:00:00-04:00,28.39270412556167,28.696731226676174,28.316697350283047,28.637615203857422,7034600,0.0,0.0
2010-09-03 00:00:00-04:00,28.730510728634005,29.304783385907548,28.730510728634005,29.27944564819336,8473800,0.0,0.0
2010-09-07 00:00:00-04:00,29.135884667633793,29.245672961177988,28.426489085993342,28.578502655029297,10733100,0.0,0.0
2010-09-08 00:00:00-04:00,28.612284164055513,28.798076020535667,28.50249587051132,28.578502655029297,8370900,0.0,0.0
2010-09-09 00:00:00-04:00,29.000756568291287,29.12743559326382,28.713620237057455,28.78118324279785,6990600,0.0,0.0
2010-09-10 00:00:00-04:00,28.848751002979117,28.95009231802685,28.75585345519273,28.840307235717773,7362900,0.0,0.0
2010-09-13 00:00:00-04:00,29.068314742910147,29.2794442917863,28.646055645157837,28.941638946533203,8826700,0.0,0.0
2010-09-14 00:00:00-04:00,28.907859567636095,28.907859567636095,28.477156673806938,28.75584602355957,7761800,0.0,0.0
2010-09-15 00:00:00-04:00,28.722064029820643,29.068316380622182,28.61227897775824,28.890968322753906,7262300,0.0,0.0
2010-09-16 00:00:00-04:00,28.78963129160361,28.874081839763864,28.4687134097472,28.85719108581543,7297600,0.0,0.0
2010-09-17 00:00:00-04:00,29.03454609378622,29.33012627161955,29.01765533768398,29.186559677124023,19012800,0.0,0.0
2010-09-20 00:00:00-04:00,29.186555570138626,29.549698721281228,29.16121782875951,29.473691940307617,10219200,0.0,0.0
2010-09-21 00:00:00-04:00,29.48213765899709,29.541253690160534,28.941646390312997,29.13588523864746,11630600,0.0,0.0
2010-09-22 00:00:00-04:00,29.195000106459734,29.397685934930763,28.629174338847278,28.705181121826172,9897700,0.0,0.0
2010-09-23 00:00:00-04:00,28.434928121885456,28.485600376994697,27.869102436948936,27.970443725585938,18090900,0.0,0.0
2010-09-24 00:00:00-04:00,28.19002056852152,28.561607445098808,28.130904547738346,28.358924865722656,10657100,0.0,0.0
2010-09-27 00:00:00-04:00,28.375810345769846,28.426482597743398,28.1055647784068,28.114011764526367,7884000,0.0,0.0
2010-09-28 00:00:00-04:00,28.18157311295692,28.266026870943254,27.818430007569333,28.05489730834961,12863900,0.0,0.0
2010-09-29 00:00:00-04:00,27.89443897069785,28.02111800684009,27.598858848474908,27.877548217773438,9231200,0.0,0.0
2010-09-30 00:00:00-04:00,28.029562841057558,28.28292092300058,27.72553894157323,27.953556060791016,14459500,0.0,0.0
2010-10-01 00:00:00-04:00,28.122455147701974,28.358922432123915,27.970441615424026,28.15623664855957,12916300,0.0,0.0
2010-10-04 00:00:00-04:00,28.063345803984795,28.37581670725368,27.93666997802379,27.98733901977539,10708300,0.0,0.0
2010-10-05 00:00:00-04:00,28.1984667848239,28.70517972047337,28.173132265595054,28.570056915283203,14555400,0.0,0.0
2010-10-06 00:00:00-04:00,28.57850462730981,28.696736695479064,28.240695956898584,28.477163314819336,11339900,0.0,0.0
2010-10-07 00:00:00-04:00,28.52782692365905,28.696731226676174,28.4433763829413,28.637615203857422,9029800,0.0,0.0
2010-10-08 00:00:00-04:00,28.688287820545852,29.30478579593536,28.54471803362958,29.144325256347656,12971700,0.0,0.0
2010-10-11 00:00:00-04:00,29.15276870701285,29.33856374227845,29.07676194000249,29.19499397277832,5347500,0.0,0.0
2010-10-12 00:00:00-04:00,29.01765245419448,29.228782052118966,28.679843808882502,29.118993759155273,9077900,0.0,0.0
2010-10-13 00:00:00-04:00,29.271004289345132,29.727044946709167,29.2118882657885,29.482133865356445,14425700,0.0,0.0
2010-10-14 00:00:00-04:00,29.38079229826826,29.51591509679833,29.2034442292441,29.431461334228516,7358700,0.0,0.0
2010-10-15 00:00:00-04:00,29.591925181805927,29.68482272023133,29.186556740880338,29.456802368164062,9641200,0.0,0.0
2010-10-18 00:00:00-04:00,29.41457075451789,29.558137303633654,29.13587819929603,29.347007751464844,6926200,0.0,0.0
2010-10-19 00:00:00-04:00,29.13588655108714,29.220337107529865,28.713627325709066,28.91631317138672,9554500,0.0,0.0
2010-10-20 00:00:00-04:00,28.941638778731164,29.34700712363333,28.941638778731164,29.237218856811523,10107800,0.0,0.0
2010-10-21 00:00:00-04:00,29.355453080359982,29.591920382065293,29.1020982485728,29.287893295288086,16888400,0.0,0.0
2010-10-22 00:00:00-04:00,29.279448325662443,29.549697149311285,28.966977452318876,29.532806396484375,9598800,0.0,0.0
2010-10-25 00:00:00-04:00,29.69326228939668,30.166193681083712,29.64259003335043,29.946617126464844,11230400,0.0,0.0
2010-10-26 00:00:00-04:00,29.667925167782464,30.377320582248373,29.54969313563502,30.368873596191406,14800400,0.0,0.0
2010-10-27 00:00:00-04:00,30.064845084834936,30.368872136648818,29.95506004402078,30.33509063720703,11752600,0.0,0.0
2010-10-28 00:00:00-04:00,30.360438136094874,30.841813382410407,30.351991147727436,30.83336639404297,14226000,0.0,0.0
2010-10-29 00:00:00-04:00,30.83335235749734,30.83335235749734,30.25908305164476,30.51243782043457,12926000,0.0,0.0
2010-11-01 00:00:00-04:00,30.580011162175204,30.816478510042398,30.199977229515515,30.427997589111328,8454000,0.0,0.0
2010-11-02 00:00:00-04:00,30.71512345169839,30.78268644838169,30.487103170263737,30.49555015563965,16355300,0.0,0.0
2010-11-03 00:00:00-04:00,30.50400176961163,30.765803616762398,30.36043519708438,30.647571563720703,12050100,0.0,0.0
2010-11-04 00:00:00-04:00,30.82492063616337,31.382302633871813,30.791139128039966,31.27251434326172,16674900,0.0,0.0
2010-11-05 00:00:00-04:00,31.061386781566892,31.475202229191144,31.061386781566892,31.416086196899414,9712900,0.0,0.0
2010-11-08 00:00:00-05:00,31.28939694748381,31.36540371017329,31.15427417176708,31.29784393310547,6802600,0.0,0.0
2010-11-09 00:00:00-05:00,31.40763183044827,31.44141333284557,30.97692895041757,31.128942489624023,7600000,0.0,0.0
2010-11-10 00:00:00-05:00,31.17116647491265,31.24717324139009,30.83335790799485,31.23872947692871,7857200,0.0,0.0
2010-11-11 00:00:00-05:00,31.14583902595511,31.57654198598602,29.68482260250243,30.34354591369629,37821800,0.0,0.0
2010-11-12 00:00:00-05:00,31.044494828235493,32.091699057067466,30.909372013700597,31.880569458007812,39192700,0.0,0.0
2010-11-15 00:00:00-05:00,31.601866169361514,31.804551933510595,31.3654021291717,31.45829963684082,11658400,0.0,0.0
2010-11-16 00:00:00-05:00,31.13738784404173,31.492087194158508,31.002265049135705,31.17961311340332,12409800,0.0,0.0
2010-11-17 00:00:00-05:00,31.078274481234523,31.517424407641908,30.99382393528695,31.432973861694336,10600500,0.0,0.0
2010-11-18 00:00:00-05:00,31.416077877010345,31.905896760792444,31.416077877010345,31.736995697021484,9520400,0.0,0.0
2010-11-19 00:00:00-05:00,31.3316219965446,31.525864005541084,31.036041933430077,31.255615234375,13691800,0.0,0.0
2010-11-22 00:00:00-05:00,31.14583240846823,31.289398957447936,30.841805338180265,31.20494842529297,6558800,0.0,0.0
2010-11-23 00:00:00-05:00,30.850257866859486,30.926264656023868,30.402664120437137,30.504005432128906,11925900,0.0,0.0
2010-11-24 00:00:00-05:00,30.70668908395249,31.230289582142472,30.656016820934628,31.137392044067383,9098200,0.0,0.0
2010-11-26 00:00:00-05:00,30.83336155977649,31.188060919207494,30.765801771340165,30.99382209777832,3490900,0.0,0.0
2010-11-29 00:00:00-05:00,30.782686749076472,31.00226004728007,30.487103468071172,30.757349014282227,8495200,0.0,0.0
2010-11-30 00:00:00-05:00,30.436444923491123,31.103615254904632,30.419554168338387,30.83336639404297,17578900,0.0,0.0
2010-12-01 00:00:00-05:00,31.373850384568673,31.593423684837298,31.280952873138503,31.348512649536133,15010900,0.0,0.0
2010-12-02 00:00:00-05:00,31.29784721763114,31.745440855118684,31.28940023112302,31.534311294555664,13967700,0.0,0.0
2010-12-03 00:00:00-05:00,31.289408324210317,31.81300886779445,31.289408324210317,31.74544906616211,6901500,0.0,0.0
2010-12-06 00:00:00-05:00,31.610323554323628,31.863678426677794,31.483644507355553,31.720111846923828,5086200,0.0,0.0
2010-12-07 00:00:00-05:00,31.95657228069577,32.07480432605816,31.508978617086264,31.525869369506836,8123100,0.0,0.0
2010-12-08 00:00:00-05:00,31.644110617445666,31.66100137477832,31.196513602086693,31.221851348876953,8561900,0.0,0.0
2010-12-09 00:00:00-05:00,31.477967387064894,31.588956524601215,31.17061485654529,31.366981506347656,6547200,0.4,0.0
2010-12-10 00:00:00-05:00,31.469429200975792,31.546267328567854,31.247450940457007,31.298677444458008,6748900,0.0,0.0
2010-12-13 00:00:00-05:00,31.54627108370065,31.99876052403915,31.221843033380214,31.699947357177734,12361700,0.0,0.0
2010-12-14 00:00:00-05:00,31.751159573083157,32.01582489802805,31.708472457916077,31.79384994506836,6954600,0.0,0.0
2010-12-15 00:00:00-05:00,31.725552511980617,31.904840375523737,31.503577527139413,31.5462646484375,7258400,0.0,0.0
2010-12-16 00:00:00-05:00,31.606023966081263,31.74262469404846,31.50357423431043,31.597484588623047,7649800,0.0,0.0
2010-12-17 00:00:00-05:00,31.56333883337433,31.7340873114532,31.392587098477005,31.631637573242188,11285400,0.0,0.0
2010-12-20 00:00:00-05:00,31.614559990244423,31.879225324731184,31.4523476440341,31.640174865722656,5114100,0.0,0.0
2010-12-21 00:00:00-05:00,31.734089205262304,31.947528072416834,31.67432658300453,31.87069320678711,4783900,0.0,0.0
2010-12-22 00:00:00-05:00,31.95606736604474,32.43417159965573,31.879229243800445,32.400020599365234,7229000,0.0,0.0
2010-12-23 00:00:00-05:00,32.3146381896691,32.39147630024078,32.03290062211835,32.18657684326172,4506000,0.0,0.0
2010-12-27 00:00:00-05:00,32.05851903437764,32.229270789260674,31.845080154978564,31.998756408691406,3518900,0.0,0.0
2010-12-28 00:00:00-05:00,31.98169271622406,32.03291923864916,31.648728462511055,31.896318435668945,3464300,0.0,0.0
2010-12-29 00:00:00-05:00,31.973153952284534,32.306118178519384,31.853628666643285,32.10121536254883,5097000,0.0,0.0
2010-12-30 00:00:00-05:00,32.08413391454234,32.143896540228575,31.921918281834987,31.998756408691406,3411800,0.0,0.0
2010-12-31 00:00:00-05:00,31.90483923335239,32.10120258974879,31.768238495997572,32.02436447143555,3650800,0.0,0.0
2011-01-03 00:00:00-05:00,32.22073323759009,32.442708229316764,32.11828023511436,32.289031982421875,7591000,0.0,0.0
2011-01-04 00:00:00-05:00,32.38295492298303,33.29647328855948,32.3146529016818,33.28793716430664,21974200,0.0,0.0
2011-01-05 00:00:00-05:00,33.49283614500878,34.150228433165566,33.441609629903986,34.1160774230957,22003400,0.0,0.0
2011-01-06 00:00:00-05:00,33.88555384144269,34.056305588870416,33.67211497136272,33.85140609741211,14738300,0.0,0.0
2011-01-07 00:00:00-05:00,33.76603450805713,33.87702365184325,33.43307033351802,33.680660247802734,6598700,0.0,0.0
2011-01-10 00:00:00-05:00,33.30500125949996,33.76603001996114,33.23670251173839,33.72334289550781,8772600,0.0,0.0
2011-01-11 00:00:00-05:00,33.80871080711585,33.98800190712262,33.501361614571856,33.637962341308594,6494800,0.0,0.0
2011-01-12 00:00:00-05:00,33.70627386226254,33.85141402143743,33.33062253544309,33.44160842895508,9586900,0.0,0.0
2011-01-13 00:00:00-05:00,33.45014149860041,33.603817752582614,33.30500136680884,33.51844024658203,7084100,0.0,0.0
2011-01-14 00:00:00-05:00,33.381832709303055,33.58673542524134,33.296458477472704,33.54404830932617,5214000,0.0,0.0
2011-01-18 00:00:00-05:00,33.356231145831394,33.731882438664584,33.296468514172,33.629432678222656,7892000,0.0,0.0
2011-01-19 00:00:00-05:00,33.37329864501953,33.71480210701777,33.26230953134735,33.37329864501953,8371900,0.0,0.0
2011-01-20 00:00:00-05:00,33.30500765040078,33.62943572077453,32.87812981031617,33.44160842895508,8977900,0.0,0.0
2011-01-21 00:00:00-05:00,33.54405868343993,34.09899787559866,33.53551930352503,33.92824935913086,10931800,0.0,0.0
2011-01-24 00:00:00-05:00,33.84286541120665,34.107530772334705,33.75749116920073,34.09899139404297,7794300,0.0,0.0
2011-01-25 00:00:00-05:00,33.9709304327247,34.08191629728103,33.697728946893,34.03069305419922,7920300,0.0,0.0
2011-01-26 00:00:00-05:00,34.01361497099316,34.09045308659885,33.612348894294755,33.67211151123047,9777100,0.0,0.0
2011-01-27 00:00:00-05:00,33.757495733881306,33.88555711420661,33.50990583903911,33.68919372558594,8231000,0.0,0.0
2011-01-28 00:00:00-05:00,33.60381693880243,33.97093206366744,32.99765131656253,33.168399810791016,8399900,0.0,0.0
2011-01-31 00:00:00-05:00,33.3306221827857,33.5099100920876,32.997657992133774,33.185482025146484,8206400,0.0,0.0
2011-02-01 00:00:00-05:00,33.330612943920244,34.10753025902861,33.330612943920244,34.047767639160156,9283000,0.0,0.0
2011-02-02 00:00:00-05:00,33.97946442616304,34.75638171349205,33.97946442616304,34.56855773925781,15357000,0.0,0.0
2011-02-03 00:00:00-05:00,34.491724596455846,34.79053772820367,34.38927158829756,34.57709884643555,9513800,0.0,0.0
2011-02-04 00:00:00-05:00,34.551490098189305,34.80761612626215,34.50026358984708,34.75638961791992,11142200,0.0,0.0
2011-02-07 00:00:00-05:00,34.83321830006045,35.17472174937035,34.756380186806645,34.95274353027344,7283900,0.0,0.0
2011-02-08 00:00:00-05:00,34.91859571926297,35.20887267353624,34.824682108054226,35.15764617919922,11850200,0.0,0.0
2011-02-09 00:00:00-05:00,36.506581749041466,37.607927065402755,36.47243400609259,37.018836975097656,35806100,0.0,0.0
2011-02-10 00:00:00-05:00,36.5236616677749,37.274967469463604,36.480974541310324,36.97615432739258,14829000,0.0,0.0
2011-02-11 00:00:00-05:00,36.74563861949669,37.146901502066974,36.71148761682126,37.061527252197266,14199200,0.0,0.0
2011-02-14 00:00:00-05:00,36.87370670520332,37.06153399728332,36.694418793755744,36.91639709472656,7500600,0.0,0.0
2011-02-15 00:00:00-05:00,36.71148813473344,37.19812853085765,36.69441263315483,36.788326263427734,12069100,0.0,0.0
2011-02-16 00:00:00-05:00,36.890782275311516,37.31766011674809,36.7541814963246,37.30912399291992,7902800,0.0,0.0
2011-02-17 00:00:00-05:00,37.1383722049814,37.47987578085844,37.11276057667744,37.30912399291992,6396000,0.0,0.0
2011-02-18 00:00:00-05:00,37.266432401336765,37.266432401336765,36.93346498912632,37.18959426879883,15918200,0.0,0.0
2011-02-22 00:00:00-05:00,36.56634637236002,36.839547847488326,36.19923127950291,36.41267013549805,14162700,0.0,0.0
2011-02-23 00:00:00-05:00,36.63465548895362,36.95908355386483,35.83212633556212,35.968727111816406,18834700,0.0,0.0
2011-02-24 00:00:00-05:00,35.85773660566388,36.259002795576095,35.516233049548894,36.216312408447266,14504800,0.0,0.0
2011-02-25 00:00:00-05:00,36.28460216793816,36.82246894727786,36.19922793615264,36.668792724609375,9457300,0.0,0.0
2011-02-28 00:00:00-05:00,36.72856055545547,37.454251399170175,36.71148505530918,37.343265533447266,12528200,0.0,0.0
2011-03-01 00:00:00-05:00,37.249352510120026,37.385953256668586,36.68587402350487,36.70294952392578,12093400,0.0,0.0
2011-03-02 00:00:00-05:00,36.83101510304152,37.2408173895432,36.69441434087429,36.95907974243164,7624800,0.0,0.0
2011-03-03 00:00:00-05:00,37.23227707478595,37.770143940119354,37.23227707478595,37.625003814697266,9641500,0.0,0.0
2011-03-04 00:00:00-05:00,37.59085928725177,37.85552470458802,36.79686629206227,37.18105697631836,11127700,0.0,0.0
2011-03-07 00:00:00-05:00,37.16397140634032,37.2322734014046,36.18215465342927,36.72855758666992,11765100,0.0,0.0
2011-03-08 00:00:00-05:00,36.76271123754209,37.206664467046934,36.48097037279496,36.88223648071289,6864300,0.0,0.0
2011-03-09 00:00:00-05:00,36.9163949763598,37.03592024379948,36.549279793898336,36.813941955566406,5386700,0.0,0.0
2011-03-10 00:00:00-05:00,36.41267895965036,36.56635523375383,35.99433726751993,36.259002685546875,10210600,0.0,0.0
2011-03-11 00:00:00-05:00,36.224844226721665,36.81393431838814,36.07970410578381,36.6517219543457,6954800,0.0,0.0
2011-03-14 00:00:00-04:00,36.40412990723253,36.4382809050306,35.49915126331247,36.06262969970703,11005600,0.0,0.0
2011-03-15 00:00:00-04:00,35.11496017429588,35.73820121945002,34.68808247842442,35.53329849243164,14572000,0.0,0.0
2011-03-16 00:00:00-04:00,35.19180639564953,35.499158928561265,34.50879931948163,34.6624755859375,16754900,0.0,0.0
2011-03-17 00:00:00-04:00,35.16619124103288,35.17473062066935,34.56002555960618,34.799076080322266,9378400,0.0,0.0
2011-03-18 00:00:00-04:00,35.21741577249193,35.57599153344787,35.14911376650858,35.200340270996094,13291500,0.0,0.0
2011-03-21 00:00:00-04:00,35.39669949425866,35.84919208868841,34.995436655116414,35.70405197143555,7130300,0.0,0.0
2011-03-22 00:00:00-04:00,35.72967070970103,35.815048224156754,35.3284077906262,35.37963104248047,6881000,0.0,0.0
2011-03-23 00:00:00-04:00,35.34547503003955,36.15654005842412,34.89298245126112,36.06262969970703,11705500,0.0,0.0
2011-03-24 00:00:00-04:00,36.25900056619049,36.70295385911578,36.19923793606777,36.59196472167969,7011100,0.0,0.0
2011-03-25 00:00:00-04:00,36.66026005928494,36.9163893151713,36.52365930932764,36.685874938964844,7935500,0.0,0.0
2011-03-28 00:00:00-04:00,36.873703846841515,36.96761748560155,36.30168914794922,36.30168914794922,6022900,0.0,0.0
2011-03-29 00:00:00-04:00,36.3529175742796,36.73710501591083,36.165090286855005,36.6602668762207,5452700,0.0,0.0
2011-03-30 00:00:00-04:00,36.83955498489181,37.12129263584446,36.754177471861375,37.01030349731445,7004800,0.0,0.0
2011-03-31 00:00:00-04:00,36.76271463946928,36.89077601608049,36.45536212469211,36.788326263427734,7206400,0.0,0.0
2011-04-01 00:00:00-04:00,36.90785548038824,37.03592012756844,36.404139528602364,36.58342742919922,8404800,0.0,0.0
2011-04-04 00:00:00-04:00,36.60049886979482,36.7541751266246,36.293146356135246,36.395599365234375,6841000,0.0,0.0
2011-04-05 00:00:00-04:00,36.42122076524154,36.56636093868088,36.02849389540299,36.224857330322266,7635700,0.0,0.0
2011-04-06 00:00:00-04:00,36.47243601838009,36.480972140383614,35.90895751840259,36.0882453918457,7826300,0.0,0.0
2011-04-07 00:00:00-04:00,36.0114091051623,36.08824723439228,35.4308550747178,35.891883850097656,9439900,0.0,0.0
2011-04-08 00:00:00-04:00,36.04555822139962,36.06263372220329,35.34547897254298,35.652828216552734,7271800,0.0,0.0
2011-04-11 00:00:00-04:00,35.652823905405185,35.80650013723688,35.47353605387433,35.76381301879883,6882700,0.0,0.0
2011-04-12 00:00:00-04:00,35.50768860064149,35.644289339694524,35.217411623051476,35.541839599609375,8387000,0.0,0.0
2011-04-13 00:00:00-04:00,35.71259741348637,35.874809800953585,35.42232038651094,35.60160827636719,5964800,0.0,0.0
2011-04-14 00:00:00-04:00,35.430859449796415,35.48208596121494,34.86738085147002,35.02105712890625,11204000,0.0,0.0
2011-04-15 00:00:00-04:00,35.20034707738309,35.61014942206649,34.969832647845024,35.44793701171875,8376900,0.0,0.0
2011-04-18 00:00:00-04:00,34.97836121959497,35.243023320122454,34.5429441238586,35.17472457885742,9975800,0.0,0.0
2011-04-19 00:00:00-04:00,35.07228424683498,35.3967090543046,34.901532462639736,35.30279541015625,6903700,0.0,0.0
2011-04-20 00:00:00-04:00,35.75528309333536,36.25045961529159,35.652830083149425,35.891883850097656,7400000,0.0,0.0
2011-04-21 00:00:00-04:00,36.13093251550091,36.19923451880425,35.94310526323548,36.0882453918457,4860800,0.0,0.0
2011-04-25 00:00:00-04:00,36.14801716094448,36.15655328510745,35.74675093207313,35.797977447509766,5157000,0.0,0.0
2011-04-26 00:00:00-04:00,35.84064900706707,36.23337568429272,35.6186740502755,36.13946533203125,7290800,0.0,0.0
2011-04-27 00:00:00-04:00,36.07971191643257,36.43829097880875,36.01141315877287,36.3529167175293,5396900,0.0,0.0
2011-04-28 00:00:00-04:00,36.18215465342927,36.83954670024017,36.18215465342927,36.72855758666992,6529800,0.0,0.0
2011-04-29 00:00:00-04:00,36.74564411574944,37.010306284023876,36.54928070622283,36.79686737060547,5740200,0.0,0.0
2011-05-02 00:00:00-04:00,37.11275692862493,37.38595845974404,36.89077864907869,36.9420051574707,5601100,0.0,0.0
2011-05-03 00:00:00-04:00,36.92493560096584,37.198137176080586,36.617583014756825,36.77125930786133,6206900,0.0,0.0
2011-05-04 00:00:00-04:00,36.660259755708914,36.91638900947433,36.11385676040437,36.38705825805664,7481400,0.0,0.0
2011-05-05 00:00:00-04:00,36.2931506597618,36.92493126351374,36.233388025776804,36.44682693481445,8242300,0.0,0.0
2011-05-06 00:00:00-04:00,36.967613889879026,37.13836564766886,36.5834232490566,36.76271438598633,7791900,0.0,0.0
2011-05-09 00:00:00-04:00,36.984694656595856,37.010306284023876,36.651730472754245,36.79686737060547,6308300,0.0,0.0
2011-05-10 00:00:00-04:00,36.916396220026876,37.67623823733664,36.79686769174115,37.48841094970703,12541000,0.0,0.0
2011-05-11 00:00:00-04:00,35.95165300437908,36.35291922507345,35.09789730541713,35.44793701171875,38451900,0.0,0.0
2011-05-12 00:00:00-04:00,35.43939868432103,35.652837615405836,34.95275818199323,35.49916458129883,13080100,0.0,0.0
2011-05-13 00:00:00-04:00,35.52477515489811,35.74675020362762,35.217422582180674,35.44793701171875,8420500,0.0,0.0
2011-05-16 00:00:00-04:00,35.2259553420901,35.26010634842385,34.91006667555102,34.944217681884766,11697800,0.0,0.0
2011-05-17 00:00:00-04:00,34.88445083398271,35.12350133579505,34.7307745808694,35.01251220703125,10024400,0.0,0.0
2011-05-18 00:00:00-04:00,34.95275037746173,35.388167523470294,34.91860263129587,35.362552642822266,9948300,0.0,0.0
2011-05-19 00:00:00-04:00,35.4735403445082,35.63575597373902,35.12350072006838,35.32840347290039,10055800,0.0,0.0
2011-05-20 00:00:00-04:00,35.2942540416703,35.72113181031323,35.10642678128536,35.43085479736328,9213000,0.0,0.0
2011-05-23 00:00:00-04:00,35.132039287140046,35.28571553400861,34.961287539861786,35.14057540893555,7955900,0.0,0.0
2011-05-24 00:00:00-04:00,35.23449444675129,35.29425707895873,34.89299089972089,35.08081817626953,8459300,0.0,0.0
2011-05-25 00:00:00-04:00,34.93567620212494,35.29425523343885,34.87591357304246,35.114967346191406,7030500,0.0,0.0
2011-05-26 00:00:00-04:00,35.02104542611414,35.191797150297376,34.61977936280629,34.99543380737305,11189400,0.0,0.0
2011-05-27 00:00:00-04:00,35.16619606778793,35.57599841247132,35.16619606778793,35.44793701171875,8529400,0.0,0.0
2011-05-31 00:00:00-04:00,35.77235395741484,35.84919207668334,35.413774981889055,35.541839599609375,10977200,0.0,0.0
2011-06-01 00:00:00-04:00,35.45646735937862,35.50769386542589,34.42342391356783,34.49172592163086,12632100,0.0,0.0
2011-06-02 00:00:00-04:00,34.44902931093133,34.73930627908867,34.14168010066332,34.20144271850586,13421400,0.0,0.0
2011-06-03 00:00:00-04:00,33.859945904064745,33.859945904064745,33.44160424018122,33.62089538574219,15135500,0.0,0.0
2011-06-06 00:00:00-04:00,33.45013512073875,33.8940882968377,33.415984124850006,33.637962341308594,9193400,0.0,0.0
2011-06-07 00:00:00-04:00,33.81726564091337,34.04778008329326,33.57821507406891,33.59528732299805,8666700,0.0,0.0
2011-06-08 00:00:00-04:00,33.6891955832865,33.85141123352344,33.41599404867807,33.49283218383789,8483000,0.0,0.0
2011-06-09 00:00:00-04:00,33.2537785195109,33.74895503298755,33.16840101248466,33.61235427856445,9642200,0.0,0.0
2011-06-10 00:00:00-04:00,33.424525446491316,33.57820168011156,32.801281134132296,32.86958312988281,13096800,0.0,0.0
2011-06-13 00:00:00-04:00,32.98058042677572,33.17694382804696,32.741526639160064,32.758602142333984,9253400,0.0,0.0
2011-06-14 00:00:00-04:00,33.023260696816756,33.17693693664169,32.878120578396086,32.9464225769043,10074600,0.0,0.0
2011-06-15 00:00:00-04:00,32.767132976949185,33.14278417835121,32.64760774272211,32.77566909790039,10716200,0.0,0.0
2011-06-16 00:00:00-04:00,32.758600698894575,32.84397821100219,32.246348653525196,32.45124816894531,11806900,0.0,0.0
2011-06-17 00:00:00-04:00,32.707382106069076,32.7586053638089,32.42564116122189,32.47686767578125,12658300,0.0,0.0
2011-06-20 00:00:00-04:00,32.314640639086285,32.673219601206796,32.14389216426722,32.639068603515625,8746200,0.0,0.0
2011-06-21 00:00:00-04:00,32.826901129076425,33.20255239381781,32.65614936989619,33.108638763427734,7815000,0.0,0.0
2011-06-22 00:00:00-04:00,32.92081344902837,33.10010132346241,32.68175969296419,32.707374572753906,8543700,0.0,0.0
2011-06-23 00:00:00-04:00,32.34025848365974,32.38294560628194,31.751165118289755,32.289031982421875,11874100,0.0,0.0
2011-06-24 00:00:00-04:00,32.36587076872487,32.4597843945083,31.921917519360623,32.08413314819336,13425400,0.0,0.0
2011-06-27 00:00:00-04:00,32.11828883313808,32.80129274838868,31.9902274309896,32.502479553222656,8258400,0.0,0.0
2011-06-28 00:00:00-04:00,32.58783992860394,32.826893639643906,32.26341524267957,32.3744010925293,11912700,0.0,0.0
2011-06-29 00:00:00-04:00,32.53661665470459,32.809818104018916,32.212188712337,32.74151611328125,9614100,0.0,0.0
2011-06-30 00:00:00-04:00,32.86959100075414,33.39891856729847,32.74152635646509,33.33061981201172,10049800,0.0,0.0
2011-07-01 00:00:00-04:00,33.42452680415073,34.03069238537534,33.32207380636345,33.91116714477539,9245300,0.0,0.0
2011-07-05 00:00:00-04:00,33.95385913688715,34.303898787501694,33.8087189976075,34.124610900878906,9446200,0.0,0.0
2011-07-06 00:00:00-04:00,34.10753193583411,34.10753193583411,33.52697795129763,33.783103942871094,11435800,0.0,0.0
2011-07-07 00:00:00-04:00,34.022159740460474,34.20145089366237,33.91970997921596,33.92824935913086,10227600,0.0,0.0
2011-07-08 00:00:00-04:00,34.13314213692005,34.13314213692005,33.467213935189136,34.07337951660156,11795100,0.0,0.0
2011-07-11 00:00:00-04:00,33.714797765910724,33.757484878959524,33.36475822800179,33.484283447265625,9785500,0.0,0.0
2011-07-12 00:00:00-04:00,33.58674240621752,33.74041866090817,33.32207702162386,33.424530029296875,11311000,0.0,0.0
2011-07-13 00:00:00-04:00,33.50990507421254,34.00508485259501,33.37330431755857,33.77457046508789,12361400,0.0,0.0
2011-07-14 00:00:00-04:00,33.74896228834321,34.01362773179403,33.629437009629804,33.79165267944336,13294000,0.0,0.0
2011-07-15 00:00:00-04:00,33.91117200851862,33.99654626210102,33.279391458824165,33.526981353759766,18304900,0.0,0.0
2011-07-18 00:00:00-04:00,33.398915521117424,33.398915521117424,32.83543699991274,33.08302688598633,11309600,0.0,0.0
2011-07-19 00:00:00-04:00,33.330614330429775,33.91970443227494,33.28792720829352,33.75749206542969,7987500,0.0,0.0
2011-07-20 00:00:00-04:00,33.79164807420148,34.02215921926558,33.535518789785115,33.60382080078125,6126400,0.0,0.0
2011-07-21 00:00:00-04:00,33.885551872949875,34.892983541748755,33.86847637351719,34.78199768066406,13473000,0.0,0.0
2011-07-22 00:00:00-04:00,34.81614791737696,34.97836354520138,34.611248423140175,34.705162048339844,7723300,0.0,0.0
2011-07-25 00:00:00-04:00,34.3636610220247,34.910064055072695,34.28682289195114,34.628326416015625,6840900,0.0,0.0
2011-07-26 00:00:00-04:00,34.47464645909512,34.84176156821144,34.466107080658766,34.58563232421875,9292900,0.0,0.0
2011-07-27 00:00:00-04:00,34.44903674105855,34.466112243670544,33.655043782106056,33.740421295166016,10736600,0.0,0.0
2011-07-28 00:00:00-04:00,33.68918557832348,34.005077405067,33.45867124130182,33.637962341308594,11028100,0.0,0.0
2011-07-29 00:00:00-04:00,33.339153414306494,33.56113168004762,32.86958851544958,32.97203826904297,16049700,0.0,0.0
2011-08-01 00:00:00-04:00,33.06594924505381,33.08302474541807,32.28903189098254,32.818359375,11497500,0.0,0.0
2011-08-02 00:00:00-04:00,32.49394063505832,32.80982930804549,31.52919585576212,31.56334686279297,13652300,0.0,0.0
2011-08-03 00:00:00-04:00,31.537730183378006,32.01583448412921,31.136467272480573,31.956071853637695,11804500,0.0,0.0
2011-08-04 00:00:00-04:00,31.46089113953126,31.495042143628886,30.103419666431048,30.18025779724121,19369200,0.0,0.0
2011-08-05 00:00:00-04:00,30.5559114083117,30.692512163768704,29.369191734625456,30.035120010375977,22781900,0.0,0.0
2011-08-08 00:00:00-04:00,29.078917308705783,29.514331237698524,28.199546813964844,28.199546813964844,25923500,0.0,0.0
2011-08-09 00:00:00-04:00,28.575197741490538,29.668003743680053,27.584841487801597,29.625316619873047,31836700,0.0,0.0
2011-08-10 00:00:00-04:00,27.18357618752079,27.550691325723857,25.271163996992875,26.92745018005371,87048500,0.0,0.0
2011-08-11 00:00:00-04:00,27.17503446013155,28.242230344167044,27.15795896122332,27.422622680664062,36389500,0.0,0.0
2011-08-12 00:00:00-04:00,27.969033457818345,28.65204057831211,27.695831912348567,28.250774383544922,24426900,0.0,0.0
2011-08-15 00:00:00-04:00,28.541048847089723,28.85693749476823,28.25077182422273,28.7288761138916,17839100,0.0,0.0
2011-08-16 00:00:00-04:00,28.276379056614424,28.74594389385845,27.960490458005683,28.53250503540039,18558300,0.0,0.0
2011-08-17 00:00:00-04:00,28.694723235916374,28.81424848632419,28.037331101854573,28.48982048034668,12741000,0.0,0.0
2011-08-18 00:00:00-04:00,27.72144086541908,27.90926485223336,27.465311621621982,27.78973960876465,23724700,0.0,0.0
2011-08-19 00:00:00-04:00,27.277491668111182,28.15685888092906,27.16650252984261,27.192115783691406,19006700,0.0,0.0
2011-08-22 00:00:00-04:00,27.678751911145337,27.875118543312322,27.268951287938663,27.337251663208008,15000100,0.0,0.0
2011-08-23 00:00:00-04:00,27.37993820177157,27.41408920288086,26.7481593369339,27.41408920288086,30417400,0.0,0.0
2011-08-24 00:00:00-04:00,27.328716436152458,27.815360144248043,27.089665900597584,27.75559425354004,12595700,0.0,0.0
2011-08-25 00:00:00-04:00,27.77266378140945,28.02879302218794,27.217723063890126,27.328710556030273,10799000,0.0,0.0
2011-08-26 00:00:00-04:00,27.422628351573902,27.866581644540737,26.77377554297258,27.66168212890625,11247100,0.0,0.0
2011-08-29 00:00:00-04:00,27.934884141152008,28.319071553867126,27.840970504508174,28.310535430908203,8397500,0.0,0.0
2011-08-30 00:00:00-04:00,28.27638312788895,28.916699795456843,28.020257112225586,28.669113159179688,14060100,0.0,0.0
2011-08-31 00:00:00-04:00,28.899625400712136,29.300891569943488,28.80571502159888,29.078916549682617,12282000,0.0,0.0
2011-09-01 00:00:00-04:00,29.104525307331038,29.30942806161303,28.464208678325647,28.49835968017578,10224700,0.0,0.0
2011-09-02 00:00:00-04:00,28.03733006304899,28.208081810227444,27.670214946501858,27.712902069091797,9144700,0.0,0.0
2011-09-06 00:00:00-04:00,26.859144917157305,27.26894875918002,26.748157428290455,27.115272521972656,12844800,0.0,0.0
2011-09-07 00:00:00-04:00,27.448243289087085,27.900732705778086,27.31164089770559,27.85804557800293,11471000,0.0,0.0
2011-09-08 00:00:00-04:00,27.678755447202928,27.883658227597405,27.243341516991077,27.27749252319336,10673200,0.0,0.0
2011-09-09 00:00:00-04:00,27.012824215450316,27.081124592125676,26.235906820114582,26.500572204589844,17509200,0.0,0.0
2011-09-12 00:00:00-04:00,26.20175661561159,26.731084110968133,26.056618116224914,26.71401023864746,10440000,0.0,0.0
2011-09-13 00:00:00-04:00,26.77377451077546,26.98721339781057,26.48349749413495,26.85061264038086,9792200,0.0,0.0
2011-09-14 00:00:00-04:00,27.038435186340724,27.94341550804563,26.662782332112364,27.567764282226562,12593100,0.0,0.0
2011-09-15 00:00:00-04:00,27.81535621027282,28.165395840751138,27.68729158044124,28.122705459594727,8466900,0.0,0.0
2011-09-16 00:00:00-04:00,28.293456957784713,28.421521586457658,27.858043082570543,28.09709358215332,16655300,0.0,0.0
2011-09-19 00:00:00-04:00,27.644608365929155,27.86658339797021,27.371406823346646,27.75559425354004,9979700,0.0,0.0
2011-09-20 00:00:00-04:00,27.883655818287508,28.071483079351477,27.516540675381894,27.584842681884766,10117700,0.0,0.0
2011-09-21 00:00:00-04:00,27.601919180326448,27.76413156640052,26.671323849030863,26.705474853515625,12618500,0.0,0.0
2011-09-22 00:00:00-04:00,26.073694988783,26.381045876047825,24.912586932599663,25.22847557067871,26238400,0.0,0.0
2011-09-23 00:00:00-04:00,25.15163524330062,25.527288104244107,24.801595632561003,25.467525482177734,20944100,0.0,0.0
2011-09-26 00:00:00-04:00,25.66389045100288,25.90294258260446,25.339464070209484,25.868791580200195,14200600,0.0,0.0
2011-09-27 00:00:00-04:00,26.45787932565296,27.07258261987628,26.116377495528898,26.603017807006836,15723900,0.0,0.0
2011-09-28 00:00:00-04:00,26.696936227684393,26.824999233487308,25.937092686889432,26.02246856689453,11415000,0.0,0.0
2011-09-29 00:00:00-04:00,26.59448605208377,26.910376333905745,25.809030851552702,26.1676082611084,12114800,0.0,0.0
2011-09-30 00:00:00-04:00,25.749269485473633,26.218834427235134,25.604130964280323,25.749269485473633,15135000,0.0,0.0
2011-10-03 00:00:00-04:00,25.638279942032913,25.89440595756028,24.750373381840323,24.7589111328125,13899200,0.0,0.0
2011-10-04 00:00:00-04:00,24.528390988042823,25.58704743411607,24.06736394255712,25.493135452270508,19000000,0.0,0.0
2011-10-05 00:00:00-04:00,25.911481968132428,26.935987678761858,25.87733096357335,26.901838302612305,17823700,0.0,0.0
2011-10-06 00:00:00-04:00,26.66278331405209,27.362862548799374,26.48349544445506,27.345787048339844,12659400,0.0,0.0
2011-10-07 00:00:00-04:00,27.490928435054794,27.636065310391295,26.987212547254785,27.064050674438477,12070100,0.0,0.0
2011-10-10 00:00:00-04:00,27.627526259893784,28.259303454824312,27.57629976159462,28.17392921447754,7887400,0.0,0.0
2011-10-11 00:00:00-04:00,28.26784879849969,28.41298568908209,27.52508232891267,27.840970993041992,12891200,0.0,0.0
2011-10-12 00:00:00-04:00,28.1397788088508,29.394800360681295,27.96049094625175,28.822782516479492,17363400,0.0,0.0
2011-10-13 00:00:00-04:00,28.506892915594335,28.797169888289147,28.40444317723689,28.64349365234375,6837900,0.0,0.0
2011-10-14 00:00:00-04:00,29.044764426291973,29.480178327156747,28.950850793975125,29.428955078125,10694700,0.0,0.0
2011-10-17 00:00:00-04:00,28.882551494793614,29.215515634456146,28.327609090810107,28.50689697265625,9987700,0.0,0.0
2011-10-18 00:00:00-04:00,28.56665350730751,29.198433905454525,28.28491593261176,28.976455688476562,10980600,0.0,0.0
2011-10-19 00:00:00-04:00,28.925237507124606,29.326500381028296,28.575197879308863,28.69472312927246,7479000,0.0,0.0
2011-10-20 00:00:00-04:00,28.899624608377994,29.130139002032273,28.387372571470053,28.891088485717773,7319800,0.0,0.0
2011-10-21 00:00:00-04:00,29.181361657219433,30.018041610717773,29.104523536142104,30.018041610717773,13707600,0.0,0.0
2011-10-24 00:00:00-04:00,30.086340806468627,30.487603617528283,29.898513582046053,30.19732666015625,8837900,0.0,0.0
2011-10-25 00:00:00-04:00,30.052191858458443,30.180253219170297,29.37772428552641,29.463098526000977,7812300,0.0,0.0
2011-10-26 00:00:00-04:00,29.778992615024144,30.04365473444356,29.104524991487967,29.924129486083984,10407200,0.0,0.0
2011-10-27 00:00:00-04:00,30.555912391270628,31.247452313159705,30.41931163141929,30.97425079345703,11316800,0.0,0.0
2011-10-28 00:00:00-04:00,30.93157097425754,31.02548462949605,30.496156967120545,30.91449546813965,8477600,0.0,0.0
2011-10-31 00:00:00-04:00,30.4961483774225,30.55591100359219,29.761918105259063,29.778993606567383,10152100,0.0,0.0
2011-11-01 00:00:00-04:00,29.39479865946246,29.428949657072057,28.438593524122492,28.686180114746094,13361700,0.0,0.0
2011-11-02 00:00:00-04:00,29.13868226275344,29.352121182698095,28.85694132515316,29.08745574951172,8538100,0.0,0.0
2011-11-03 00:00:00-04:00,29.51432061333062,29.99242475626155,29.0020687334045,29.907047271728516,9276100,0.0,0.0
2011-11-04 00:00:00-04:00,29.719238396483508,29.889986938537266,29.30943603327907,29.67654800415039,6430900,0.0,0.0
2011-11-07 00:00:00-05:00,29.761922031229282,30.026584194373335,29.548483121948312,30.009511947631836,6942700,0.0,0.0
2011-11-08 00:00:00-05:00,30.2570915894358,30.27416708903613,29.317961909147428,30.129030227661133,10710900,0.0,0.0
2011-11-09 00:00:00-05:00,29.53139998301346,29.53139998301346,28.737407185230378,28.84839630126953,11913800,0.0,0.0
2011-11-10 00:00:00-05:00,29.164290576093773,29.67654262300958,28.72887666189725,29.574092864990234,12170600,0.0,0.0
2011-11-11 00:00:00-05:00,31.273075413881095,31.947540010949087,31.05109708527047,31.33283805847168,22388500,0.0,0.0
2011-11-14 00:00:00-05:00,31.01694528096207,31.09378016527673,30.63275457529155,30.83765411376953,9631900,0.0,0.0
2011-11-15 00:00:00-05:00,30.701056361480543,31.58896313390822,30.701056361480543,31.11939811706543,14226700,0.0,0.0
2011-11-16 00:00:00-05:00,30.701048014280488,31.00840052554198,30.28270962925592,30.333932876586914,10809700,0.0,0.0
2011-11-17 00:00:00-05:00,30.20587535335201,30.615677668353154,29.710695520546903,30.009511947631836,32562000,0.0,0.0
2011-11-18 00:00:00-05:00,30.214410650479188,30.547374818761167,30.08634926250415,30.419313430786133,32200300,0.0,0.0
2011-11-21 00:00:00-05:00,30.291248054078725,30.4193126957786,29.215517439712446,29.309431076049805,39965700,0.0,0.0
2011-11-22 00:00:00-05:00,29.20697402555143,29.428952272926416,28.52397029674123,29.044761657714844,12500700,0.0,0.0
2011-11-23 00:00:00-05:00,28.669112429334948,28.83986093088436,28.51543617248535,28.51543617248535,10764000,0.0,0.0
2011-11-25 00:00:00-05:00,28.600804547128476,29.21550944823367,28.41297732583117,28.60934066772461,4991900,0.0,0.0
2011-11-28 00:00:00-05:00,29.258207536831335,29.48018258057321,28.822790316325346,29.08745574951172,8656400,0.0,0.0
2011-11-29 00:00:00-05:00,29.317975632286963,29.45457643621108,29.002086883866202,29.027698516845703,7655200,0.0,0.0
2011-11-30 00:00:00-05:00,29.6082414775372,30.641284867543128,29.59116597644386,30.607133865356445,16536000,0.0,0.0
2011-12-01 00:00:00-05:00,30.76080942672896,31.016938680551245,30.4961473077801,30.726661682128906,10350800,0.0,0.0
2011-12-02 00:00:00-05:00,31.01694047195501,31.443818243888426,30.991325591002127,31.255990982055664,10202500,0.0,0.0
2011-12-05 00:00:00-05:00,31.62310294850645,31.90484055612349,31.358437584050407,31.5377254486084,9973900,0.0,0.0
2011-12-06 00:00:00-05:00,31.4779591557839,31.759699987359845,31.375509424673663,31.443811416625977,6573100,0.0,0.0
2011-12-07 00:00:00-05:00,31.341373161841165,31.870704077847996,31.127934221882857,31.67433738708496,9543600,0.0,0.0
2011-12-08 00:00:00-05:00,31.469427138715993,31.55480138297069,30.58152066846503,30.666894912719727,9881700,0.0,0.0
2011-12-09 00:00:00-05:00,30.8803333407362,31.39258856943078,30.8803333407362,31.213300704956055,7323400,0.0,0.0
2011-12-12 00:00:00-05:00,30.90594387659688,31.392584158548193,30.66689016740072,31.29013442993164,10050800,0.0,0.0
2011-12-13 00:00:00-05:00,31.324294189049773,31.69140938569364,30.888880232724407,31.016944885253906,12708800,0.0,0.0
2011-12-14 00:00:00-05:00,30.990893945928367,31.251320958278868,30.48739885207616,30.522123336791992,10664000,0.6,0.0
2011-12-15 00:00:00-05:00,30.834646019145996,31.008265181570565,30.37455805350447,30.548173904418945,9876100,0.0,0.0
2011-12-16 00:00:00-05:00,30.77387129265356,31.025618842924988,30.513444276842407,30.66101837158203,20350200,0.0,0.0
2011-12-19 00:00:00-05:00,30.72178682488165,30.860681464299084,29.957864652331057,30.166208267211914,11436800,0.0,0.0
2011-12-20 00:00:00-05:00,30.53080486356834,31.581199072332574,30.513445931547526,31.398897171020508,10126200,0.0,0.0
2011-12-21 00:00:00-05:00,31.45098184455653,31.858986262056476,31.03429796161386,31.485706329345703,8226200,0.0,0.0
2011-12-22 00:00:00-05:00,31.58120305961265,32.11941943096281,31.477029585279254,32.07601547241211,8067600,0.0,0.0
2011-12-23 00:00:00-05:00,32.232261424697384,32.74443590925873,32.214899184872245,32.727073669433594,6788700,0.0,0.0
2011-12-27 00:00:00-05:00,32.64895248413086,32.81388883177251,32.46665389281492,32.64895248413086,5189500,0.0,0.0
2011-12-28 00:00:00-05:00,32.68366878709129,32.735752193562455,32.266981666270695,32.32775115966797,4634300,0.0,0.0
2011-12-29 00:00:00-05:00,32.51005719488258,32.81388817432166,32.33643807312768,32.73575973510742,5022500,0.0,0.0
2011-12-30 00:00:00-05:00,32.75312382442062,32.81389002373326,32.43193058355246,32.553462982177734,4776100,0.0,0.0
2012-01-03 00:00:00-05:00,32.961463192963905,33.38682653328595,32.93541817411117,33.256614685058594,9704200,0.0,0.0
2012-01-04 00:00:00-05:00,33.15245048590105,33.84692711631972,33.09168427746591,33.72539138793945,9889900,0.0,0.0
2012-01-05 00:00:00-05:00,33.708022142147435,34.35909130038765,33.59516922749661,34.289642333984375,14327100,0.0,0.0
2012-01-06 00:00:00-05:00,34.33304370126079,34.85390097560314,34.246235811291434,34.64555740356445,14401600,0.0,0.0
2012-01-09 00:00:00-05:00,34.49798481135648,34.94071036764661,34.36776965929586,34.50666427612305,12145200,0.0,0.0
2012-01-10 00:00:00-05:00,34.272281177516106,34.64556110498004,33.994491926125605,34.402496337890625,14070900,0.0,0.0
2012-01-11 00:00:00-05:00,34.19415926338806,34.31569167010532,33.37815359577944,33.595176696777344,16257600,0.0,0.0
2012-01-12 00:00:00-05:00,33.52572513338484,33.73406875136423,33.343426537346296,33.6212158203125,10073400,0.0,0.0
2012-01-13 00:00:00-05:00,33.395517335227474,33.49968750114392,33.004875073653466,33.33475112915039,9877700,0.0,0.0
2012-01-17 00:00:00-05:00,33.586496315960915,33.838243925852545,33.34343148517449,33.404197692871094,9142800,0.0,0.0
2012-01-18 00:00:00-05:00,33.43023024619833,33.942404793224384,33.33474288277741,33.87295913696289,9594500,0.0,0.0
2012-01-19 00:00:00-05:00,33.8642765326253,34.26360147632059,33.85559706736432,34.23755645751953,7731000,0.0,0.0
2012-01-20 00:00:00-05:00,34.22018980521394,34.23755204500732,33.94240059153706,34.12470245361328,7879900,0.0,0.0
2012-01-23 00:00:00-05:00,34.18548096483907,34.28965112965578,33.820880420715845,34.072628021240234,7124600,0.0,0.0
2012-01-24 00:00:00-05:00,33.88164662615141,34.08999026729466,33.48232490142917,34.072628021240234,9407000,0.0,0.0
2012-01-25 00:00:00-05:00,33.95976929995342,34.44590217224038,33.82087466665847,34.341732025146484,10054000,0.0,0.0
2012-01-26 00:00:00-05:00,34.36778274725081,34.506677416971925,33.90769477470776,34.15943908691406,7162600,0.0,0.0
2012-01-27 00:00:00-05:00,34.08999026729466,34.28965112965578,33.83824266677027,34.072628021240234,9588400,0.0,0.0
2012-01-30 00:00:00-05:00,33.62990452031805,33.95109781440148,33.31739069407037,33.846927642822266,8683200,0.0,0.0
2012-01-31 00:00:00-05:00,33.92504807489396,34.12470890298969,33.56044759334273,33.76879119873047,14020100,0.0,0.0
2012-02-01 00:00:00-05:00,34.07263321954227,34.43723050778056,33.994504756132585,34.14208221435547,8901000,0.0,0.0
2012-02-02 00:00:00-05:00,34.0465794272023,34.07262113526607,33.473638669235264,33.777469635009766,9076800,0.0,0.0
2012-02-03 00:00:00-05:00,34.22888523558577,34.723697662353516,34.16811902959744,34.723697662353516,11605300,0.0,0.0
2012-02-06 00:00:00-05:00,34.72369466355331,35.2358692923011,34.688970174127455,35.123016357421875,11536500,0.0,0.0
2012-02-07 00:00:00-05:00,35.3573902779833,35.721990676217494,34.89730253192227,35.57441329956055,20107300,0.0,0.0
2012-02-08 00:00:00-05:00,35.912975961923735,36.38174657829916,35.58310328655659,35.826168060302734,21690200,0.0,0.0
2012-02-09 00:00:00-05:00,35.37476506038483,36.14736676130997,35.20114591925892,36.051876068115234,13581000,0.0,0.0
2012-02-10 00:00:00-05:00,35.53970807547216,35.98243713378906,35.44422067591371,35.98243713378906,10116300,0.0,0.0
2012-02-13 00:00:00-05:00,36.13000663827382,36.39043370950498,36.10396492460367,36.277584075927734,9065800,0.0,0.0
2012-02-14 00:00:00-05:00,36.02582866506682,36.129998808683,35.81748506632529,36.11263656616211,8210300,0.0,0.0
2012-02-15 00:00:00-05:00,36.00847587658897,36.24286124489524,35.70464483147529,35.808815002441406,7891200,0.0,0.0
2012-02-16 00:00:00-05:00,35.79144470247781,36.225490847273576,35.66123284594465,36.06055450439453,7464500,0.0,0.0
2012-02-17 00:00:00-05:00,36.208130583777034,36.338345758938985,36.06923594230871,36.242855072021484,7758700,0.0,0.0
2012-02-21 00:00:00-05:00,36.286246771243036,36.37305796253451,36.01714035701032,36.086585998535156,5675100,0.0,0.0
2012-02-22 00:00:00-05:00,36.069232834048876,36.20812746354798,35.7219979160557,35.826168060302734,6176200,0.0,0.0
2012-02-23 00:00:00-05:00,35.834845707292175,36.1734011425457,35.6699093779789,36.00846481323242,6271000,0.0,0.0
2012-02-24 00:00:00-05:00,35.97374668823407,36.09528240193043,35.79144808495392,35.860897064208984,6150600,0.0,0.0
2012-02-27 00:00:00-05:00,36.19944466375436,36.416467709326625,35.8522064662352,36.14735794067383,9132300,0.0,0.0
2012-02-28 00:00:00-05:00,36.24285961095365,36.43384100870651,36.06924045949741,36.39911651611328,6895200,0.0,0.0
2012-02-29 00:00:00-05:00,36.347036524853735,36.78108282831775,36.329674275333915,36.451210021972656,14858700,0.0,0.0
2012-03-01 00:00:00-05:00,36.57272506836216,36.92864273551888,36.57272506836216,36.79842758178711,7995900,0.0,0.0
2012-03-02 00:00:00-05:00,36.685588662905765,36.91997404212305,36.49461055916257,36.77239990234375,5070500,0.0,0.0
2012-03-05 00:00:00-05:00,36.76370494496288,37.12830540681107,36.55536466234313,37.06753921508789,9288800,0.0,0.0
2012-03-06 00:00:00-05:00,36.668220625590905,36.73766628839491,36.225491693116574,36.459877014160156,10434500,0.0,0.0
2012-03-07 00:00:00-05:00,36.459878156285086,36.52064435495814,36.19945111747066,36.242855072021484,7793500,0.0,0.0
2012-03-08 00:00:00-05:00,36.451192180940374,36.73766087902909,36.41646769889663,36.47723388671875,6163800,0.0,0.0
2012-03-09 00:00:00-05:00,36.56403945112978,36.95468157046519,36.4859110272627,36.668212890625,6896400,0.0,0.0
2012-03-12 00:00:00-04:00,36.91996794612699,37.19775724344132,36.59009522525973,36.75503158569336,6834500,0.0,0.0
2012-03-13 00:00:00-04:00,36.93732472167941,38.26550812127275,36.83315457848886,38.20473861694336,15051900,0.0,0.0
2012-03-14 00:00:00-04:00,37.84014247471435,37.935633154995095,37.24115999592041,37.744651794433594,10991300,0.0,0.0
2012-03-15 00:00:00-04:00,37.76201888481317,37.76201888481317,37.47554680719685,37.73597717285156,6123600,0.0,0.0
2012-03-16 00:00:00-04:00,37.6925578215834,37.779369019476825,37.48421756965636,37.492897033691406,8952100,0.0,0.0
2012-03-19 00:00:00-04:00,37.38874096046293,37.83146995734972,37.28457079534656,37.70993423461914,6382500,0.0,0.0
2012-03-20 00:00:00-04:00,37.327976083507636,37.5970859404393,37.26720987573435,37.536319732666016,6853900,0.0,0.0
2012-03-21 00:00:00-04:00,37.692574558293934,38.083216843500566,37.56236267089844,37.56236267089844,9582000,0.0,0.0
2012-03-22 00:00:00-04:00,37.39742094027002,37.67521023412916,37.33665142769809,37.57971954345703,8560200,0.0,0.0
2012-03-23 00:00:00-04:00,37.61443792410816,37.94431058729779,37.206433516231066,37.89222717285156,8519000,0.0,0.0
2012-03-26 00:00:00-04:00,38.14398095974963,38.55198546985132,38.12661871341447,38.525943756103516,10850200,0.0,0.0
2012-03-27 00:00:00-04:00,38.534622832106734,38.63011353022527,38.27419576274426,38.3262825012207,9343100,0.0,0.0
2012-03-28 00:00:00-04:00,38.23079748962658,38.32628820194859,37.55368303475699,37.77070617675781,9444300,0.0,0.0
2012-03-29 00:00:00-04:00,37.501586684172004,37.562352878083004,36.72030231744603,37.336647033691406,10402500,0.0,0.0
2012-03-30 00:00:00-04:00,37.77937483580675,38.06584355418692,37.414774371539416,38.00507736206055,9096000,0.0,0.0
2012-04-02 00:00:00-04:00,37.840140182491716,38.19605786192658,37.60575488459426,38.05716323852539,7653800,0.0,0.0
2012-04-03 00:00:00-04:00,37.90959226022127,37.979041239440846,37.2498435151832,37.57971954345703,7996400,0.0,0.0
2012-04-04 00:00:00-04:00,37.24115876221474,37.319287196991766,36.87655829608555,37.2672004699707,8560700,0.0,0.0
2012-04-05 00:00:00-04:00,37.189075360624955,37.48422688378505,37.05018072099135,37.39741897583008,6340800,0.0,0.0
2012-04-09 00:00:00-04:00,36.57273257563932,36.69426497793114,36.42515515034954,36.55537033081055,6813500,0.0,0.0
2012-04-10 00:00:00-04:00,36.34701808753964,36.57272390529573,35.487608697069014,35.583099365234375,10682100,0.0,0.0
2012-04-11 00:00:00-04:00,36.03451152355704,36.199451187281525,35.80012950622867,35.91297912597656,6358400,0.0,0.0
2012-04-12 00:00:00-04:00,35.96505669166719,36.63348801949947,35.80879984560205,36.590084075927734,5538400,0.0,0.0
2012-04-13 00:00:00-04:00,36.485919205757945,36.6508588661764,36.1994504617044,36.32966232299805,7311700,0.0,0.0
2012-04-16 00:00:00-04:00,36.511964513178924,36.57273071122708,36.06055610517158,36.16472625732422,6109300,0.0,0.0
2012-04-17 00:00:00-04:00,36.355709113966945,37.10226907648756,36.355709113966945,37.0501823425293,6550300,0.0,0.0
2012-04-18 00:00:00-04:00,36.87655968490646,36.989412608614394,36.73766505246179,36.8852424621582,3781900,0.0,0.0
2012-04-19 00:00:00-04:00,36.83316223453013,36.902607907255565,36.28626307396177,36.52933120727539,7074200,0.0,0.0
2012-04-20 00:00:00-04:00,36.66821503472042,37.18906901661768,36.66821503472042,36.763702392578125,7773100,0.0,0.0
2012-04-23 00:00:00-04:00,36.67690289247775,36.67690289247775,36.225494459496865,36.46855926513672,6592100,0.0,0.0
2012-04-24 00:00:00-04:00,36.48591946980926,36.83315772545745,36.43383604951863,36.61613464355469,4954600,0.0,0.0
2012-04-25 00:00:00-04:00,36.807112206058655,37.119622629988285,36.78974996392216,37.06753921508789,4926300,0.0,0.0
2012-04-26 00:00:00-04:00,37.102267540288594,37.81410298403055,37.058860274699185,37.64048385620117,7713000,0.0,0.0
2012-04-27 00:00:00-04:00,37.84882469017172,37.89223195636872,37.43214076445441,37.63180160522461,6354200,0.0,0.0
2012-04-30 00:00:00-04:00,37.60575668037663,37.631798388661345,37.18907279027521,37.423458099365234,6987200,0.0,0.0
2012-05-01 00:00:00-04:00,37.484226583526286,38.27419046102263,37.458184873650275,38.013763427734375,9316200,0.0,0.0
2012-05-02 00:00:00-04:00,37.82277556160432,38.031119139355965,37.588390278449516,37.79673385620117,8038200,0.0,0.0
2012-05-03 00:00:00-04:00,37.79673500998333,38.308909538102405,37.75333106248353,38.03112030029297,9353900,0.0,0.0
2012-05-04 00:00:00-04:00,37.84882068658151,37.944311363698894,37.189072035193675,37.2672004699707,7458800,0.0,0.0
2012-05-07 00:00:00-04:00,37.89222845665992,38.152655472241634,37.597076955931534,38.03980255126953,11780500,0.0,0.0
2012-05-08 00:00:00-04:00,38.005077384013575,38.62142539402282,37.40609492777516,38.456485748291016,19680900,0.0,0.0
2012-05-09 00:00:00-04:00,38.59537584473368,39.758619447660166,38.55197189992848,39.08150863647461,21348300,0.0,0.0
2012-05-10 00:00:00-04:00,39.18568045429659,39.57632259738839,39.107552025678224,39.307212829589844,14082900,0.0,0.0
2012-05-11 00:00:00-04:00,39.177009173951525,39.75862946621972,39.06415623981383,39.550289154052734,9779300,0.0,0.0
2012-05-14 00:00:00-04:00,39.21172332763672,39.498195344937486,39.04678700075713,39.21172332763672,8059400,0.0,0.0
2012-05-15 00:00:00-04:00,39.263811552359826,39.758623863414165,38.9947017662652,39.07283020019531,10168800,0.0,0.0
2012-05-16 00:00:00-04:00,39.19436451727829,39.54159941358597,39.116236086094986,39.13359832763672,8399800,0.0,0.0
2012-05-17 00:00:00-04:00,39.19437567899681,39.2638213534314,38.45649510513109,38.482540130615234,8475100,0.0,0.0
2012-05-18 00:00:00-04:00,38.59537824080823,38.62142325851525,37.86618066368123,38.03112030029297,10598200,0.0,0.0
2012-05-21 00:00:00-04:00,38.03112277846614,38.55197680542134,37.77069245347939,38.53461456298828,8309300,0.0,0.0
2012-05-22 00:00:00-04:00,38.62142577515358,38.803724353436984,38.3089120343768,38.53461456298828,6855400,0.0,0.0
2012-05-23 00:00:00-04:00,38.40440195248282,38.59537999245123,38.03112202632723,38.37835693359375,8875700,0.0,0.0
2012-05-24 00:00:00-04:00,38.551976480800825,38.72559559216034,38.20473825808179,38.57801818847656,9813200,0.0,0.0
2012-05-25 00:00:00-04:00,38.62142841358378,39.02942954835134,38.52593772943306,38.63010787963867,8520700,0.0,0.0
2012-05-29 00:00:00-04:00,38.80372781783862,39.49820101961792,38.71691659792281,39.480838775634766,10560000,0.0,0.0
2012-05-30 00:00:00-04:00,39.081517011273604,39.48083868746626,38.94262237122792,39.23777389526367,11208700,0.0,0.0
2012-05-31 00:00:00-04:00,39.1770044294669,40.01905166572348,39.11623823648475,39.68049621582031,14646500,0.0,0.0
2012-06-01 00:00:00-04:00,39.19437375279781,39.36798958610692,38.49121770646079,38.543304443359375,14874500,0.0,0.0
2012-06-04 00:00:00-04:00,38.60406961514459,38.7950476889803,38.31759753712654,38.55198287963867,9480300,0.0,0.0
2012-06-05 00:00:00-04:00,38.638786589628005,38.994704298083015,38.36968009757013,38.92525863647461,11166600,0.0,0.0
2012-06-06 00:00:00-04:00,39.081513001550064,39.585004778241874,39.06415075938702,39.52423858642578,9494400,0.0,0.0
2012-06-07 00:00:00-04:00,39.79334822687993,40.1232242037508,39.5242384416025,39.61104965209961,10238900,0.0,0.0
2012-06-08 00:00:00-04:00,39.67182001626346,40.14927013393267,39.57632933042773,40.14059066772461,10716400,0.0,0.0
2012-06-11 00:00:00-04:00,40.23607511343519,40.479143199191334,39.69785883695584,39.75862503051758,7907400,0.0,0.0
2012-06-12 00:00:00-04:00,39.71522025105774,40.288161000907714,39.567646158774906,40.26211929321289,7742900,0.0,0.0
2012-06-13 00:00:00-04:00,40.14926684455385,40.4965050715969,39.92356431503228,40.13190460205078,7317600,0.0,0.0
2012-06-14 00:00:00-04:00,40.279481665491076,41.190977864351574,40.11454201886729,40.95659255981445,12553900,0.0,0.0
2012-06-15 00:00:00-04:00,41.15625299720751,41.17361523940179,40.730886342220344,40.87846374511719,11198200,0.0,0.0
2012-06-18 00:00:00-04:00,40.76560980060438,41.14757249624701,40.62671517805497,40.887142181396484,8821100,0.0,0.0
2012-06-19 00:00:00-04:00,41.173623024669276,41.668435430485516,41.04340783934512,41.24306869506836,8209000,0.0,0.0
2012-06-20 00:00:00-04:00,41.35591544707469,41.64238748732083,41.17361686410491,41.434043884277344,7264700,0.0,0.0
2012-06-21 00:00:00-04:00,41.494806456470336,41.57293488685307,40.991314702955236,41.1475715637207,10077700,0.0,0.0
2012-06-22 00:00:00-04:00,41.13889453070828,41.25174745957411,40.72221061432988,41.208343505859375,18881600,0.0,0.0
2012-06-25 00:00:00-04:00,40.99131387996527,40.99999334471845,40.40969039623586,40.5399055480957,6740600,0.0,0.0
2012-06-26 00:00:00-04:00,40.6961709243298,41.2083455512077,40.644084190381186,41.060768127441406,7279900,0.0,0.0
2012-06-27 00:00:00-04:00,41.03472981724038,41.737885882032245,41.00000532506329,41.55558395385742,6023500,0.0,0.0
2012-06-28 00:00:00-04:00,41.38195753194966,41.52953494201189,40.78297504895523,41.51217269897461,6674200,0.0,0.0
2012-06-29 00:00:00-04:00,42.11983645506373,42.49311638826153,41.85940944182341,42.102474212646484,10300500,0.0,0.0
2012-07-02 00:00:00-04:00,42.206645816159785,42.31949874002244,41.876773133344734,42.29345703125,7275600,0.0,0.0
2012-07-03 00:00:00-04:00,42.25005250710624,42.319501483680924,42.03302942257454,42.180606842041016,3060800,0.0,0.0
2012-07-05 00:00:00-04:00,41.911497755548595,42.145883088309034,41.52085884579072,41.76392364501953,7770100,0.0,0.0
2012-07-06 00:00:00-04:00,41.46877398890904,41.82469173738913,41.40800778635217,41.70315933227539,5623100,0.0,0.0
2012-07-09 00:00:00-04:00,41.72051323895721,41.82468337801886,41.46008292403955,41.668426513671875,5596200,0.0,0.0
2012-07-10 00:00:00-04:00,41.81599892436443,41.99830079979743,40.95658951643137,41.11284637451172,8787500,0.0,0.0
2012-07-11 00:00:00-04:00,41.190978245649575,41.31251063175476,40.774294359785,41.03472137451172,6501000,0.0,0.0
2012-07-12 00:00:00-04:00,41.13021973121013,41.49481695759246,40.67012849740558,41.1562614440918,8270700,0.0,0.0
2012-07-13 00:00:00-04:00,41.14757975170255,41.99830987876352,41.1302175068838,41.833370208740234,7187300,0.0,0.0
2012-07-16 00:00:00-04:00,41.633698147994494,41.772592757628416,41.39931287332938,41.54689025878906,5675200,0.0,0.0
2012-07-17 00:00:00-04:00,42.05038354733579,43.33515956230876,42.015662377262124,42.84034729003906,15909900,0.0,0.0
2012-07-18 00:00:00-04:00,42.658048728994196,43.118136519681386,42.501791873381784,42.84034729003906,7677500,0.0,0.0
2012-07-19 00:00:00-04:00,42.87508225625004,43.074743106911015,42.302141416067776,42.52784729003906,9330800,0.0,0.0
2012-07-20 00:00:00-04:00,42.18928630835812,42.49312061360818,42.10247839914923,42.180606842041016,8482300,0.0,0.0
2012-07-23 00:00:00-04:00,41.46877104637818,41.720518617113,41.164936743643565,41.65106964111328,8333100,0.0,0.0
2012-07-24 00:00:00-04:00,41.69447053385219,41.954900863219045,41.3993190305444,41.80732345581055,8955100,0.0,0.0
2012-07-25 00:00:00-04:00,41.95490091587098,42.22400739967429,41.67710834343044,41.928855895996094,7034000,0.0,0.0
2012-07-26 00:00:00-04:00,42.58861213430077,43.29176482258138,42.58861213430077,43.152870178222656,10497100,0.0,0.0
2012-07-27 00:00:00-04:00,43.30912366636229,43.87338497748699,43.13550454666936,43.3525276184082,16174800,0.0,0.0
2012-07-30 00:00:00-04:00,43.36121034571951,43.52614668790749,43.100783322235074,43.230995178222656,8890600,0.0,0.0
2012-07-31 00:00:00-04:00,43.213632884322806,43.27439907934743,42.6146503998618,42.65805435180664,10503000,0.0,0.0
2012-08-01 00:00:00-04:00,42.823004757239474,42.99662060861001,42.29346780063309,42.38027572631836,6780200,0.0,0.0
2012-08-02 00:00:00-04:00,42.189289002287964,42.5278478174435,41.78128782914255,42.5191650390625,9559000,0.0,0.0
2012-08-03 00:00:00-04:00,43.23968054296579,43.29176396387376,42.849038328608685,43.2049560546875,8187800,0.0,0.0
2012-08-06 00:00:00-04:00,43.37857357465558,43.40461528414308,43.10078430175781,43.10078430175781,6353300,0.0,0.0
2012-08-07 00:00:00-04:00,43.41329706508338,43.673727419882766,43.161552799758574,43.239681243896484,13676500,0.0,0.0
2012-08-08 00:00:00-04:00,42.849037507319984,43.96887739650985,42.57992769558546,43.82998275756836,14724900,0.0,0.0
2012-08-09 00:00:00-04:00,43.64767756260355,43.81261721057391,43.27439762768315,43.36988830566406,10430300,0.0,0.0
2012-08-10 00:00:00-04:00,43.31780737817853,43.33516631016396,42.81431225135798,43.10078430175781,7449500,0.0,0.0
2012-08-13 00:00:00-04:00,42.99660901644268,43.39593397686054,42.93584282254394,43.2830810546875,4875000,0.0,0.0
2012-08-14 00:00:00-04:00,43.3438416214145,43.53482295544997,42.99660343435159,43.135498046875,6365900,0.0,0.0
2012-08-15 00:00:00-04:00,43.100779900578395,43.378569145110085,43.100779900578395,43.309120178222656,4887100,0.0,0.0
2012-08-16 00:00:00-04:00,43.39593670468468,43.76921335716537,43.23099704386941,43.621639251708984,8285700,0.0,0.0
2012-08-17 00:00:00-04:00,43.72580375845958,43.882060621423236,43.69108258675242,43.803932189941406,6354700,0.0,0.0
2012-08-20 00:00:00-04:00,43.68240464118061,43.91678996154757,43.534830538454756,43.795257568359375,6937100,0.0,0.0
2012-08-21 00:00:00-04:00,43.7605296578358,43.82129584967604,42.97924531773391,43.092098236083984,7683200,0.0,0.0
2012-08-22 00:00:00-04:00,43.05737600879692,43.53482941472551,42.970568104905865,43.10946273803711,6759400,0.0,0.0
2012-08-23 00:00:00-04:00,43.06605232811008,43.10945627354696,42.56255728881777,42.68408966064453,5428300,0.0,0.0
2012-08-24 00:00:00-04:00,42.6059715813432,43.06605943966478,42.545202073886095,43.02265548706055,5793700,0.0,0.0
2012-08-27 00:00:00-04:00,42.96189502109444,43.274405508431116,42.892446038457564,43.08342742919922,6228800,0.0,0.0
2012-08-28 00:00:00-04:00,42.91848775119151,43.274405508431116,42.78827587601201,43.08342742919922,7962400,0.0,0.0
2012-08-29 00:00:00-04:00,43.09210044589464,43.552188296710064,43.04869649399853,43.43933868408203,7685100,0.0,0.0
2012-08-30 00:00:00-04:00,43.161549567474,43.21363298532583,42.85771528013145,42.901119232177734,6697800,0.0,0.0
2012-08-31 00:00:00-04:00,43.09210077222948,43.317806622213325,42.8837604769467,42.94452667236328,6232500,0.0,0.0
2012-09-04 00:00:00-04:00,42.98793034798593,43.25704014846302,42.736182790588906,43.10946273803711,6988700,0.0,0.0
2012-09-05 00:00:00-04:00,43.52615077641624,44.481054367567765,43.482746820343344,44.09041213989258,16689300,0.0,0.0
2012-09-06 00:00:00-04:00,44.012277352456906,45.027943686551495,43.960190625769066,45.019264221191406,10124600,0.0,0.0
2012-09-07 00:00:00-04:00,45.02794972000403,45.14080265386136,44.84565111943342,44.91510009765625,8923600,0.0,0.0
2012-09-10 00:00:00-04:00,44.802253364005416,44.967189742845946,44.68940041453031,44.724124908447266,7479300,0.0,0.0
2012-09-11 00:00:00-04:00,44.68071021676879,44.85432602163986,44.64598573119089,44.75883865356445,6631700,0.0,0.0
2012-09-12 00:00:00-04:00,44.79357130166006,44.95851099465033,44.507102501035455,44.8803825378418,7100200,0.0,0.0
2012-09-13 00:00:00-04:00,44.90640851975689,45.72241398491331,44.90640851975689,45.66164779663086,11184700,0.0,0.0
2012-09-14 00:00:00-04:00,45.53143706237006,45.79186406298572,45.288368991820995,45.44462585449219,9507000,0.0,0.0
2012-09-17 00:00:00-04:00,45.41858544287567,45.5140761185095,45.10607170862277,45.27101135253906,7852900,0.0,0.0
2012-09-18 00:00:00-04:00,45.166839019392285,45.24496745489161,44.941136489899336,45.05398941040039,7100800,0.0,0.0
2012-09-19 00:00:00-04:00,44.94981607734121,45.96548574158782,44.94981607734121,45.74846267700195,7822500,0.0,0.0
2012-09-20 00:00:00-04:00,45.51407287079431,45.9307567162288,45.51407287079431,45.7137336730957,8598300,0.0,0.0
2012-09-21 00:00:00-04:00,45.956811329668575,46.34745357933009,45.774512716996455,45.78319549560547,13229300,0.0,0.0
2012-09-24 00:00:00-04:00,45.72242620514482,46.05230225220759,45.670342779273184,45.939449310302734,6148000,0.0,0.0
2012-09-25 00:00:00-04:00,45.913404365488084,46.35613332329169,45.60957336425781,45.60957336425781,7421200,0.0,0.0
2012-09-26 00:00:00-04:00,45.50539852221363,45.66165540712891,44.94114049247242,45.088714599609375,8017900,0.0,0.0
2012-09-27 00:00:00-04:00,45.24496220124128,45.81790289120583,45.11475036486815,45.644287109375,5309400,0.0,0.0
2012-09-28 00:00:00-04:00,45.496725933451266,45.60089610197184,45.184212116379605,45.383872985839844,6695200,0.0,0.0
2012-10-01 00:00:00-04:00,45.4099122255198,45.88736235787201,45.07135342582433,45.201568603515625,6557200,0.0,0.0
2012-10-02 00:00:00-04:00,45.25365574631413,45.357825902503905,44.68071492000604,44.82828903198242,7243900,0.0,0.0
2012-10-03 00:00:00-04:00,44.897732234548585,45.73977946531363,44.87168721521955,45.54880142211914,6626600,0.0,0.0
2012-10-04 00:00:00-04:00,45.76583444562592,46.07834825352021,45.47936235121953,45.687705993652344,6507800,0.0,0.0
2012-10-05 00:00:00-04:00,45.870000002831254,46.13910982404007,45.80055102516078,45.982852935791016,5223200,0.0,0.0
2012-10-08 00:00:00-04:00,45.461997790374234,45.57485072892571,45.23629522478095,45.427276611328125,5827900,0.0,0.0
2012-10-09 00:00:00-04:00,45.418583267065465,45.42726604343935,44.672023451338944,44.71542739868164,8072100,0.0,0.0
2012-10-10 00:00:00-04:00,44.61125869571466,44.8196022857643,44.35083169178438,44.45500183105469,6407900,0.0,0.0
2012-10-11 00:00:00-04:00,44.55917315155487,44.75883395540637,43.578228061755055,43.69976043701172,10118400,0.0,0.0
2012-10-12 00:00:00-04:00,43.88206552145132,44.055684645409976,43.76921259415179,43.91679000854492,6135600,0.0,0.0
2012-10-15 00:00:00-04:00,43.91679300409143,44.10777438462365,43.71713215694846,44.09041213989258,6871200,0.0,0.0
2012-10-16 00:00:00-04:00,44.420286698543634,44.706758781229574,44.34216156127625,44.481056213378906,4997300,0.0,0.0
2012-10-17 00:00:00-04:00,44.61994598267804,45.48803829120089,44.55917978600219,45.392547607421875,7787900,0.0,0.0
2012-10-18 00:00:00-04:00,45.36649555186987,45.7831827094781,45.24496317736282,45.50539016723633,6290600,0.0,0.0
2012-10-19 00:00:00-04:00,45.57484343938975,45.652971874889076,44.793559084396556,45.05398941040039,8454800,0.0,0.0
2012-10-22 00:00:00-04:00,44.97585451906142,45.18419477614832,44.619936877655014,44.958492279052734,6131800,0.0,0.0
2012-10-23 00:00:00-04:00,44.55917720606284,44.57653613709999,44.05568210674705,44.064361572265625,8531000,0.0,0.0
2012-10-24 00:00:00-04:00,44.22931058471713,44.342163529406314,43.890755062159464,43.9688835144043,6069500,0.0,0.0
2012-10-25 00:00:00-04:00,44.21194125293344,44.29874915862229,43.3698906594124,43.63031768798828,6794100,0.0,0.0
2012-10-26 00:00:00-04:00,43.717128657047624,43.87338553560811,42.98793099426849,43.474063873291016,8359800,0.0,0.0
2012-10-31 00:00:00-04:00,44.40291934674208,44.48104778070768,42.36290059831121,42.640689849853516,20702900,0.0,0.0
2012-11-01 00:00:00-04:00,42.779588332362444,43.673725670913804,42.779588332362444,43.2136344909668,10582900,0.0,0.0
2012-11-02 00:00:00-04:00,43.951512499082874,44.26402624571024,43.20495261803066,43.2830810546875,14027500,0.0,0.0
2012-11-05 00:00:00-05:00,44.107758686105235,44.151162626730105,43.248346091095804,43.68239212036133,9575100,0.0,0.0
2012-11-06 00:00:00-05:00,43.89942233640798,44.01227524975216,43.4740590123944,43.81261444091797,7691200,0.0,0.0
2012-11-07 00:00:00-05:00,43.96887621822944,43.96887621822944,43.04869719020764,43.474063873291016,8533200,0.0,0.0
2012-11-08 00:00:00-05:00,43.48274263597814,44.13381184894756,43.33516522572025,43.43933868408203,11124200,0.0,0.0
2012-11-09 00:00:00-05:00,40.791654616789934,41.62502234795535,40.39232968136946,40.852420806884766,34216900,0.0,0.0
2012-11-12 00:00:00-05:00,41.22569967166504,41.34723204875232,40.7656085578946,41.190975189208984,12344500,0.0,0.0
2012-11-13 00:00:00-05:00,41.04340964243591,42.0330344975439,41.04340964243591,41.63371276855469,12269300,0.0,0.0
2012-11-14 00:00:00-05:00,41.694474066419524,41.70315684427231,40.84374396986811,40.947914123535156,9776400,0.0,0.0
2012-11-15 00:00:00-05:00,41.00868266956407,41.35591761079136,40.76561456804462,41.208343505859375,11416900,0.0,0.0
2012-11-16 00:00:00-05:00,41.31251730986103,41.46009142784128,40.84374662067138,41.164939880371094,9833400,0.0,0.0
2012-11-19 00:00:00-05:00,41.40799912941613,41.694467837078165,41.190976076653484,41.59029769897461,8512400,0.0,0.0
2012-11-20 00:00:00-05:00,41.477443808135604,42.10247124506478,41.37327367248371,42.050384521484375,7465100,0.0,0.0
2012-11-21 00:00:00-05:00,42.10247496898795,42.49311715162061,42.01566706685145,42.258731842041016,6763300,0.0,0.0
2012-11-23 00:00:00-05:00,42.44102908842628,42.77958453222206,42.362900654357325,42.76222229003906,3353600,0.0,0.0
2012-11-26 00:00:00-05:00,42.5191647075133,42.909806943869995,42.45839850535888,42.56256866455078,6935800,0.0,0.0
2012-11-27 00:00:00-05:00,42.58861026085644,42.7101426553855,42.128519081055785,42.18928527832031,6720400,0.0,0.0
2012-11-28 00:00:00-05:00,42.07644078649809,42.753551816497556,41.52954163299325,42.710147857666016,8148500,0.0,0.0
2012-11-29 00:00:00-05:00,42.979242922932706,43.27439440035769,42.81430659877215,43.16154479980469,7232200,0.0,0.0
2012-11-30 00:00:00-05:00,43.239677905382955,43.352527518139475,42.75354503366897,43.10946273803711,12343900,0.0,0.0
2012-12-03 00:00:00-05:00,43.20495678956452,43.40461763329654,42.77091061323155,42.788272857666016,8395400,0.0,0.0
2012-12-04 00:00:00-05:00,42.75353971800179,42.92715881570661,42.406301522592145,42.79694366455078,8400900,0.0,0.0
2012-12-05 00:00:00-05:00,42.90980378608863,43.31780823753674,42.65805621768408,43.04869842529297,9182300,0.0,0.0
2012-12-06 00:00:00-05:00,42.995814013091994,43.30431408875369,42.801903234315894,43.24261474609375,4828900,0.75,0.0
2012-12-07 00:00:00-05:00,43.34838141735068,43.524666681723645,43.19853776580704,43.401268005371094,5279200,0.0,0.0
2012-12-10 00:00:00-05:00,43.37481914512282,43.6392453368169,43.357190284028356,43.45414733886719,5264500,0.0,0.0
2012-12-11 00:00:00-05:00,43.5158511626935,44.062335825939066,43.50703841241745,43.61280822753906,9040000,0.0,0.0
2012-12-12 00:00:00-05:00,43.85960358104427,44.13284590019121,43.55991964991467,43.75383377075195,6474300,0.0,0.0
2012-12-13 00:00:00-05:00,43.727401316235245,43.79791341707634,43.11040446265453,43.28668975830078,6108000,0.0,0.0
2012-12-14 00:00:00-05:00,43.1985410804194,43.29549815138212,42.793087294904446,42.89885711669922,8086400,0.0,0.0
2012-12-17 00:00:00-05:00,42.942932491289106,43.471784981508456,42.89885864846905,43.436527252197266,10324500,0.0,0.0
2012-12-18 00:00:00-05:00,43.49822755541967,44.35320901705649,43.32194562970511,44.26506805419922,14023800,0.0,0.0
2012-12-19 00:00:00-05:00,44.20336616162583,44.52067562705241,44.01826477050781,44.01826477050781,8382100,0.0,0.0
2012-12-20 00:00:00-05:00,43.92130901546499,45.00545888498746,43.92130901546499,44.890872955322266,8410700,0.0,0.0
2012-12-21 00:00:00-05:00,44.43253119714005,44.73221513748169,43.78909284101042,44.07114791870117,15996900,0.0,0.0
2012-12-24 00:00:00-05:00,44.00063217031863,44.2474328833991,43.93012008255402,43.96537780761719,2772000,0.0,0.0
2012-12-26 00:00:00-05:00,43.93893051147461,44.05351643069581,43.586363366553165,43.93893051147461,4200200,0.0,0.0
2012-12-27 00:00:00-05:00,43.894867870268506,44.07115315536239,43.10158913088927,43.656883239746094,6948200,0.0,0.0
2012-12-28 00:00:00-05:00,43.49821945391737,43.8067194911844,43.20735164077245,43.321937561035156,6985800,0.0,0.0
2012-12-31 00:00:00-05:00,43.09277663896221,43.89487155930542,43.01344842212112,43.88605880737305,10224500,0.0,0.0
2013-01-02 00:00:00-05:00,44.776288034575124,45.17292905976742,44.635260488102524,45.040714263916016,11674700,0.0,0.0
2013-01-03 00:00:00-05:00,44.99663346609671,45.252246886191394,44.81153548424655,45.13766098022461,7566600,0.0,0.0
2013-01-04 00:00:00-05:00,45.28751812605541,46.133683463448364,45.24344764517576,46.001468658447266,8745900,0.0,0.0
2013-01-07 00:00:00-05:00,45.622457703226,45.622457703226,44.652893648230176,44.9261360168457,9472100,0.0,0.0
2013-01-08 00:00:00-05:00,44.84680100780516,45.11122722251644,44.573558680598516,44.74102783203125,8637600,0.0,0.0
2013-01-09 00:00:00-05:00,44.890874159211016,45.39328500582046,44.7410304991131,44.75865936279297,8389000,0.0,0.0
2013-01-10 00:00:00-05:00,44.837991040689495,45.16412000048149,44.59119365478178,44.767478942871094,8097400,0.0,0.0
2013-01-11 00:00:00-05:00,44.79391036573506,44.97019561370803,44.46778484252,44.58237075805664,7149000,0.0,0.0
2013-01-14 00:00:00-05:00,44.42371737583474,44.802729507785635,44.229803253712426,44.5911865234375,9308800,0.0,0.0
2013-01-15 00:00:00-05:00,44.485417212834456,45.084785085807496,44.450159487986234,45.031898498535156,7299500,0.0,0.0
2013-01-16 00:00:00-05:00,44.82035563610693,45.64007924811215,44.776285161105285,45.41972351074219,7371800,0.0,0.0
2013-01-17 00:00:00-05:00,45.692966530002955,46.45099081605447,45.692966530002955,46.195377349853516,10132100,0.0,0.0
2013-01-18 00:00:00-05:00,46.045541291533766,46.13368225097656,45.666529113678024,46.13368225097656,8490900,0.0,0.0
2013-01-22 00:00:00-05:00,46.17774452015163,46.539127769391335,45.99264652081551,46.4774284362793,6635200,0.0,0.0
2013-01-23 00:00:00-05:00,46.592017559658856,47.73786671935044,46.521502109899764,47.55276870727539,13842700,0.0,0.0
2013-01-24 00:00:00-05:00,47.62328079467277,48.363676205334706,47.526323732434875,47.55276870727539,13608000,0.0,0.0
2013-01-25 00:00:00-05:00,47.42055483526504,48.09043817145678,47.25308568239799,47.93178176879883,7939400,0.0,0.0
2013-01-28 00:00:00-05:00,47.84363479084371,48.090435493659015,47.684978397020146,47.91415023803711,7133500,0.0,0.0
2013-01-29 00:00:00-05:00,47.729051669766186,47.781934892175926,47.18256704754751,47.5880241394043,7786400,0.0,0.0
2013-01-30 00:00:00-05:00,47.46462257229197,47.59683735433197,47.20019637057355,47.411739349365234,9821800,0.0,0.0
2013-01-31 00:00:00-05:00,47.45581206850701,47.81719534584287,47.28834291737732,47.49106979370117,7333900,0.0,0.0
2013-02-01 00:00:00-05:00,47.755491451965035,48.363672022914955,47.72904984177286,48.11687469482422,9552300,0.0,0.0
2013-02-04 00:00:00-05:00,47.73786982637197,48.03755378262964,47.42055700652715,47.50870132446289,7717400,0.0,0.0
2013-02-05 00:00:00-05:00,47.91414684050403,47.958217310694124,47.596834075357165,47.852447509765625,10246400,0.0,0.0
2013-02-06 00:00:00-05:00,48.83083660900797,48.91897756598387,47.95822634055385,48.05518341064453,26833600,0.0,0.0
2013-02-07 00:00:00-05:00,47.658536785503415,48.01992004646562,47.07679779560423,47.91415023803711,11723200,0.0,0.0
2013-02-08 00:00:00-05:00,47.9317800776075,48.2314640095696,47.87008074123545,48.1785774230957,9584300,0.0,0.0
2013-02-11 00:00:00-05:00,48.16976691490161,48.46063474814017,48.1168803259665,48.25790786743164,6358600,0.0,0.0
2013-02-12 00:00:00-05:00,48.27554005679238,48.52233743077128,48.205024600020096,48.43419647216797,8758100,0.0,0.0
2013-02-13 00:00:00-05:00,48.548777783236226,48.74268854616298,48.18739114524889,48.4430046081543,5701400,0.0,0.0
2013-02-14 00:00:00-05:00,48.40775192493118,48.62810768575996,48.22265389280191,48.37249755859375,8564500,0.0,0.0
2013-02-15 00:00:00-05:00,48.52233211949091,49.02474292573211,48.38130458374534,49.01593017578125,17783400,0.0,0.0
2013-02-19 00:00:00-05:00,48.989492667055096,49.315618240341045,48.98067655400409,49.1217041015625,7780500,0.0,0.0
2013-02-20 00:00:00-05:00,49.02474224905941,49.201027506898576,48.090436098526546,48.12569046020508,8460700,0.0,0.0
2013-02-21 00:00:00-05:00,48.10807170662173,48.31961135580312,47.605657474501214,47.74668502807617,6802500,0.0,0.0
2013-02-22 00:00:00-05:00,47.94059456956212,48.10806708496755,47.53514081228059,47.817195892333984,7603600,0.0,0.0
2013-02-25 00:00:00-05:00,48.12569411835589,48.29316663909583,47.23545837402344,47.23545837402344,9830200,0.0,0.0
2013-02-26 00:00:00-05:00,47.42937311950168,47.632100007211,47.24427173301759,47.50870132446289,6238300,0.0,0.0
2013-02-27 00:00:00-05:00,47.508693029107484,48.1785729166437,47.464619196654255,48.01991653442383,7243500,0.0,0.0
2013-02-28 00:00:00-05:00,48.072804223716794,48.513515659513914,47.94058944803309,48.11687469482422,6605000,0.0,0.0
2013-03-01 00:00:00-05:00,47.87008643339053,48.80439270232795,47.86127032008241,48.76913833618164,8311500,0.0,0.0
2013-03-04 00:00:00-05:00,48.61928905887138,49.21865692487788,48.47826152347936,49.18339920043945,6357400,0.0,0.0
2013-03-05 00:00:00-05:00,49.31561515786678,49.87091256270248,49.271544682452266,49.78276824951172,7067900,0.0,0.0
2013-03-06 00:00:00-05:00,49.82684607881872,50.10008844649503,49.5800486901835,49.677005767822266,5572600,0.0,0.0
2013-03-07 00:00:00-05:00,49.676996615585814,49.7739536753617,49.368496574266025,49.64173889160156,4813700,0.0,0.0
2013-03-08 00:00:00-05:00,49.85327870744501,50.690627743548546,49.81802098569963,50.58485794067383,8157800,0.0,0.0
2013-03-11 00:00:00-04:00,50.584864663812375,50.902177476971396,50.54079418695404,50.82284927368164,7155200,0.0,0.0
2013-03-12 00:00:00-04:00,50.699457066626,50.79641414551054,49.9766903943115,50.33807373046875,7159100,0.0,0.0
2013-03-13 00:00:00-04:00,50.382130359951915,50.62892768389909,50.18821625550121,50.54078674316406,5209800,0.0,0.0
2013-03-14 00:00:00-04:00,50.54960537462967,50.96387524148692,50.4790932863086,50.90217590332031,5908200,0.0,0.0
2013-03-15 00:00:00-04:00,50.68182676425436,50.92862414906353,50.5407992068831,50.752342224121094,13788100,0.0,0.0
2013-03-18 00:00:00-04:00,50.31163002712453,50.408583739626295,50.020758802532804,50.09127426147461,5125800,0.0,0.0
2013-03-19 00:00:00-04:00,50.09127112293255,50.28518189814846,49.14814541167062,49.632930755615234,8884200,0.0,0.0
2013-03-20 00:00:00-04:00,49.87972050257323,50.37331852175499,49.835650031408754,50.18821716308594,6018700,0.0,0.0
2013-03-21 00:00:00-04:00,50.01194291777451,50.1088966242015,49.50071595956453,49.632930755615234,5168500,0.0,0.0
2013-03-22 00:00:00-04:00,49.9326090627801,50.32924668132909,49.8180231433256,50.04719161987305,5500200,0.0,0.0
2013-03-25 00:00:00-04:00,50.241113370415725,50.338070442968146,49.245104391961895,49.5447883605957,7881500,0.0,0.0
2013-03-26 00:00:00-04:00,49.7210715199073,50.003126612191316,49.65055942801725,49.91498565673828,4675600,0.0,0.0
2013-03-27 00:00:00-04:00,49.65936656510521,49.800394095305414,49.35086989353024,49.77395248413086,6392400,0.0,0.0
2013-03-28 00:00:00-04:00,49.87972513712883,50.188221826305394,49.80039693671746,50.064823150634766,6705600,0.0,0.0
2013-04-01 00:00:00-04:00,50.14416173422775,50.36451751851412,49.49191049566306,49.96787643432617,6722400,0.0,0.0
2013-04-02 00:00:00-04:00,50.276372226505686,50.646568298339844,50.20585676766367,50.646568298339844,6575300,0.0,0.0
2013-04-03 00:00:00-04:00,50.80522602238982,50.90218309960511,50.241115786623226,50.46147155761719,8101000,0.0,0.0
2013-04-04 00:00:00-04:00,50.48791181567406,50.87574011409974,50.39977085459302,50.76115417480469,6412400,0.0,0.0
2013-04-05 00:00:00-04:00,50.14415090841052,50.88454631826035,49.68581057256428,50.85810470581055,7034700,0.0,0.0
2013-04-08 00:00:00-04:00,50.97268816021869,51.84529495239258,50.91098546355643,51.84529495239258,9796200,0.0,0.0
2013-04-09 00:00:00-04:00,51.75716521166059,52.2155056245202,51.58087992019732,52.12736129760742,8864800,0.0,0.0
2013-04-10 00:00:00-04:00,52.33008344134209,53.008779566145364,52.30364182685689,52.982337951660156,8438100,0.0,0.0
2013-04-11 00:00:00-04:00,52.98233804715004,53.475932784360594,52.903009841189494,53.37016296386719,9241800,0.0,0.0
2013-04-12 00:00:00-04:00,53.14099445907114,53.52881937578828,53.12336559526191,53.37016296386719,8533000,0.0,0.0
2013-04-15 00:00:00-04:00,53.114547015060886,53.47593030045929,51.8629280039997,51.89818572998047,12027900,0.0,0.0
2013-04-16 00:00:00-04:00,52.2331148287027,53.54643630981445,52.07446181449039,53.54643630981445,10309400,0.0,0.0
2013-04-17 00:00:00-04:00,53.19387383738187,53.49355777572043,52.9030060114907,53.484745025634766,11531200,0.0,0.0
2013-04-18 00:00:00-04:00,53.44949077956406,53.475932393903854,52.779610771514335,52.87656784057617,9203200,0.0,0.0
2013-04-19 00:00:00-04:00,53.10572983813873,54.26039505004883,53.10572983813873,54.26039505004883,9488300,0.0,0.0
2013-04-22 00:00:00-04:00,54.286836012507564,54.73636020765507,53.89901115076537,54.65703201293945,6306900,0.0,0.0
2013-04-23 00:00:00-04:00,55.00079713504026,55.1947079107146,54.242772808929615,55.16826629638672,6260800,0.0,0.0
2013-04-24 00:00:00-04:00,55.27404072076208,55.441513258422084,54.28684780939211,54.59534454345703,7335400,0.0,0.0
2013-04-25 00:00:00-04:00,54.657025181234204,54.79805269172779,54.25157150886028,54.64821243286133,6680900,0.0,0.0
2013-04-26 00:00:00-04:00,54.701110516048935,54.9038373948776,54.25158292017346,54.53363800048828,7038500,0.0,0.0
2013-04-29 00:00:00-04:00,55.37098761771238,55.749999742659305,55.16826074940428,55.52964401245117,7203900,0.0,0.0
2013-04-30 00:00:00-04:00,55.467946669457234,55.60016145727608,55.036047943295856,55.38861846923828,8528800,0.0,0.0
2013-05-01 00:00:00-04:00,55.42387673911686,55.97035803357392,55.35336128829052,55.714744567871094,7468900,0.0,0.0
2013-05-02 00:00:00-04:00,55.88221903361446,56.34937214338414,55.626605558986505,56.305301666259766,5249600,0.0,0.0
2013-05-03 00:00:00-04:00,56.56972627719337,57.160278051005065,56.30530005963049,57.1162109375,9196000,0.0,0.0
2013-05-06 00:00:00-04:00,57.37181667361904,57.81252814927956,56.860596472642655,57.345375061035156,10239600,0.0,0.0
2013-05-07 00:00:00-04:00,57.68032451028721,58.25324409280853,57.08976597681803,58.235618591308594,14539100,0.0,0.0
2013-05-08 00:00:00-04:00,58.173916210307695,58.173916210307695,56.90466497744397,58.16510009765625,17803200,0.0,0.0
2013-05-09 00:00:00-04:00,57.93593986960888,59.152301254227844,57.742025723207846,58.76447296142578,11325000,0.0,0.0
2013-05-10 00:00:00-04:00,58.782088559235895,59.43433954693025,58.47358520011239,59.23160934448242,8654000,0.0,0.0
2013-05-13 00:00:00-04:00,59.02008569803715,59.51368044640624,58.984827969621634,59.337398529052734,5195000,0.0,0.0
2013-05-14 00:00:00-04:00,59.43435439388261,59.48723762306977,59.03771672553102,59.46961212158203,9675400,0.0,0.0
2013-05-15 00:00:00-04:00,59.42553354520809,59.75166245689586,59.21399392059291,59.64588928222656,7925900,0.0,0.0
2013-05-16 00:00:00-04:00,59.60182209057417,59.839803327360045,58.35019639518016,58.58818435668945,8473100,0.0,0.0
2013-05-17 00:00:00-04:00,58.31495027702909,58.68514633178711,57.891864268217084,58.68514633178711,9160100,0.0,0.0
2013-05-20 00:00:00-04:00,58.68515123463922,58.70277673764709,58.21799807059855,58.27969741821289,5893300,0.0,0.0
2013-05-21 00:00:00-04:00,58.48242306517643,58.52649691136635,57.9183128025142,58.024085998535156,7359100,0.0,0.0
2013-05-22 00:00:00-04:00,57.96239061762224,58.799739954769315,57.53048841450616,57.794918060302734,8142400,0.0,0.0
2013-05-23 00:00:00-04:00,57.17791118794341,57.68032201803284,56.62261040619153,57.49522399902344,7536200,0.0,0.0
2013-05-24 00:00:00-04:00,57.072137011068975,57.7596458481423,56.7548242055392,57.724388122558594,8846100,0.0,0.0
2013-05-28 00:00:00-04:00,58.15629116877015,58.84380001709014,58.103401217167615,58.782100677490234,8280000,0.0,0.0
2013-05-29 00:00:00-04:00,58.50004085918427,58.596997917099,57.94474012299566,58.40308380126953,6954000,0.0,0.0
2013-05-30 00:00:00-04:00,58.561741375318164,59.152293122005936,56.69312235066069,56.98399353027344,13052700,0.0,0.0
2013-05-31 00:00:00-04:00,56.91347694236828,57.31893067337926,55.5913425793973,55.60015869140625,11280900,0.0,0.0
2013-06-03 00:00:00-04:00,55.582528306310905,56.25240821908331,55.11537189112607,56.234779357910156,8705600,0.0,0.0
2013-06-04 00:00:00-04:00,56.34936652475113,57.23078942879872,56.28766719045673,56.71956253051758,8147700,0.0,0.0
2013-06-05 00:00:00-04:00,56.45514107571028,56.51684041151459,55.35335905632639,55.635414123535156,8893600,0.0,0.0
2013-06-06 00:00:00-04:00,55.61778792861464,55.811702057505165,54.68348173456781,55.653045654296875,8661900,0.0,0.0
2013-06-07 00:00:00-04:00,56.08494083924264,57.177906729702464,55.749999191178276,57.160274505615234,7611300,0.0,0.0
2013-06-10 00:00:00-04:00,57.213161143300766,57.266044363056814,56.146636925948414,56.26122283935547,6729500,0.0,0.0
2013-06-11 00:00:00-04:00,55.811696776838936,56.675494162516,55.503200112212454,56.234779357910156,6454800,0.0,0.0
2013-06-12 00:00:00-04:00,56.69312281491908,56.80770537537609,55.41505888884497,55.52083206176758,7663200,0.0,0.0
2013-06-13 00:00:00-04:00,55.52082993850316,56.76363609274152,55.10656009963653,56.67549514770508,5584900,0.0,0.0
2013-06-14 00:00:00-04:00,56.41988071904751,56.79007671659928,56.08493908148058,56.234779357910156,5311800,0.0,0.0
2013-06-17 00:00:00-04:00,56.67549838464638,57.40707432248252,56.63142454724942,56.84296417236328,6752000,0.0,0.0
2013-06-18 00:00:00-04:00,56.948743027044195,57.724392879636454,56.90466918525155,57.54811096191406,5234400,0.0,0.0
2013-06-19 00:00:00-04:00,57.45996675166429,57.77727956538863,56.701942443847656,56.701942443847656,6871400,0.0,0.0
2013-06-20 00:00:00-04:00,55.72356214080903,55.987988363614356,54.4895686179017,54.63059616088867,12260800,0.0,0.0
2013-06-21 00:00:00-04:00,55.1947070560184,55.60016418948499,54.4895693318446,55.291664123535156,11892400,0.0,0.0
2013-06-24 00:00:00-04:00,54.86857973575828,55.52083421125307,54.48956759068298,55.036048889160156,6494500,0.0,0.0
2013-06-25 00:00:00-04:00,55.423880929389924,55.617791709099286,55.08893923736538,55.150638580322266,6776700,0.0,0.0
2013-06-26 00:00:00-04:00,55.48557607740902,55.935100308160756,55.309290812704944,55.714744567871094,5720400,0.0,0.0
2013-06-27 00:00:00-04:00,56.10257296989556,56.38462804921745,55.926287704728935,56.16427230834961,4875900,0.0,0.0
2013-06-28 00:00:00-04:00,56.19952660234986,56.869406574324735,55.661861419677734,55.661861419677734,10560300,0.0,0.0
2013-07-01 00:00:00-04:00,56.27004465898676,57.22197975401802,56.08494663528095,56.34937286376953,8221600,0.0,0.0
2013-07-02 00:00:00-04:00,56.26123380218855,56.53447279046734,55.600166527534135,55.758819580078125,7690500,0.0,0.0
2013-07-03 00:00:00-04:00,55.397430825888506,56.261228272076536,55.15063347689862,56.06731414794922,3351800,0.0,0.0
2013-07-05 00:00:00-04:00,56.30528983813376,56.36698916561899,55.62659387343505,56.252403259277344,5645800,0.0,0.0
2013-07-08 00:00:00-04:00,56.6578607623217,57.107388306997684,56.552094322202265,57.03687286376953,6679700,0.0,0.0
2013-07-09 00:00:00-04:00,57.57453939211279,57.76845349203415,56.983987705786895,57.239601135253906,4556400,0.0,0.0
2013-07-10 00:00:00-04:00,57.169083823551496,57.55691201070243,56.913470402449505,57.213157653808594,5761700,0.0,0.0
2013-07-11 00:00:00-04:00,57.86542265355208,58.90550208696079,57.86542265355208,58.68514633178711,8329800,0.0,0.0
2013-07-12 00:00:00-04:00,58.517661498086284,59.05532996560166,58.11220780081155,59.03770446777344,5889900,0.0,0.0
2013-07-15 00:00:00-04:00,59.07296864109674,59.37265596880959,58.07696303591605,58.112220764160156,6458000,0.0,0.0
2013-07-16 00:00:00-04:00,58.12984292309714,58.262057715228345,57.23079444110753,57.31893539428711,7470900,0.0,0.0
2013-07-17 00:00:00-04:00,57.662693105465365,57.697950833691436,57.0809574015453,57.60980987548828,6846700,0.0,0.0
2013-07-18 00:00:00-04:00,57.90948561327043,58.50004410553847,57.87423461272989,58.0152587890625,4962800,0.0,0.0
2013-07-19 00:00:00-04:00,58.07695624295643,58.20035491501546,57.21316553854322,57.43352127075195,7220400,0.0,0.0
2013-07-22 00:00:00-04:00,57.424700875345856,57.583357259691205,56.64023506517238,56.763633728027344,5973600,0.0,0.0
2013-07-23 00:00:00-04:00,56.9399082387357,57.08974849212792,56.70192705539052,56.80769348144531,4534500,0.0,0.0
2013-07-24 00:00:00-04:00,56.93109630492726,57.39825604492152,56.87821308802022,56.97517013549805,5326800,0.0,0.0
2013-07-25 00:00:00-04:00,56.69311710737886,57.0633130882538,56.64023388860319,56.89584732055664,5407800,0.0,0.0
2013-07-26 00:00:00-04:00,56.825340410225984,57.35419285154715,56.50802760048856,57.27486801147461,4949600,0.0,0.0
2013-07-29 00:00:00-04:00,57.1162067868776,57.31893028866087,56.82533561504273,56.948734283447266,3805800,0.0,0.0
2013-07-30 00:00:00-04:00,57.02806201041915,57.17790902227621,56.49920958689111,56.569725036621094,6210500,0.0,0.0
2013-07-31 00:00:00-04:00,56.790079410531604,57.398263381590404,56.74600557432728,56.98399353027344,7155300,0.0,0.0
2013-08-01 00:00:00-04:00,57.43352795908197,58.05933750446564,57.40707961936938,57.60980987548828,6338100,0.0,0.0
2013-08-02 00:00:00-04:00,57.78608398717345,58.69394851102338,57.5833604831589,58.62343978881836,6098500,0.0,0.0
2013-08-05 00:00:00-04:00,58.61461805125007,58.6498757713303,57.83015227245174,58.191532135009766,7265800,0.0,0.0
2013-08-06 00:00:00-04:00,58.25324658796868,59.196375714349216,58.147480124990864,59.09941864013672,11546300,0.0,0.0
2013-08-07 00:00:00-04:00,57.23079179287215,58.43834364219886,56.51684136301332,58.09458923339844,16970500,0.0,0.0
2013-08-08 00:00:00-04:00,58.473600045241376,58.579373228770486,57.468778338248775,57.95356369018555,8826400,0.0,0.0
2013-08-09 00:00:00-04:00,57.70675542466904,57.95355274824968,56.939915119495446,57.05450439453125,7945500,0.0,0.0
2013-08-12 00:00:00-04:00,56.64024406876031,56.79008436537113,56.12020100001402,56.34937286376953,8004900,0.0,0.0
2013-08-13 00:00:00-04:00,56.640237128948655,56.640237128948655,55.89102565060548,56.393436431884766,6025100,0.0,0.0
2013-08-14 00:00:00-04:00,56.366999780229214,56.56091054782954,55.94391715678967,56.37581253051758,6413700,0.0,0.0
2013-08-15 00:00:00-04:00,55.77643665608397,55.81169437691418,54.82450173019766,54.983158111572266,9014100,0.0,0.0
2013-08-16 00:00:00-04:00,54.621771871731994,55.088924878748216,54.39260006131417,54.79805374145508,8238800,0.0,0.0
2013-08-19 00:00:00-04:00,54.78043380870219,54.80687541937424,54.49837875366211,54.49837875366211,5659900,0.0,0.0
2013-08-20 00:00:00-04:00,54.46312937403703,54.99198184265822,54.46312937403703,54.542457580566406,5192100,0.0,0.0
2013-08-21 00:00:00-04:00,54.313280359583864,54.54245220580194,53.84612727959098,53.89019775390625,7185400,0.0,0.0
2013-08-22 00:00:00-04:00,54.04885845081249,54.48956995374629,53.907830904368154,54.33091354370117,5302300,0.0,0.0
2013-08-23 00:00:00-04:00,54.61295939751538,54.63940436962373,54.172247969138354,54.41023254394531,5505900,0.0,0.0
2013-08-26 00:00:00-04:00,54.43668159550408,54.745181654958586,54.057672808659575,54.07529830932617,4499100,0.0,0.0
2013-08-27 00:00:00-04:00,53.678654521071394,54.075292125587126,53.38778335790766,53.493553161621094,7734500,0.0,0.0
2013-08-28 00:00:00-04:00,53.273201989077634,53.899014840165215,53.246760376482996,53.59933090209961,7161700,0.0,0.0
2013-08-29 00:00:00-04:00,53.56407987546642,54.225147171895365,53.370165725891376,53.83732223510742,5396200,0.0,0.0
2013-08-30 00:00:00-04:00,53.89019757543083,54.004783498160386,53.370157910564906,53.61695861816406,5404100,0.0,0.0
2013-09-03 00:00:00-04:00,54.13699637898341,54.63941055760471,53.414229823579774,53.705101013183594,7016400,0.0,0.0
2013-09-04 00:00:00-04:00,53.69628937424198,53.96071897313443,53.34372217965541,53.86376190185547,14014600,0.0,0.0
2013-09-05 00:00:00-04:00,53.82850023323805,54.295653328989836,53.731543169056714,54.031227111816406,6356600,0.0,0.0
2013-09-06 00:00:00-04:00,54.18106919057934,54.498381986915184,53.44067378658294,54.11055374145508,7319400,0.0,0.0
2013-09-09 00:00:00-04:00,54.29564746606094,54.50719043437401,54.00477966728706,54.286834716796875,7224500,0.0,0.0
2013-09-10 00:00:00-04:00,54.727548275086114,55.50320137250999,54.586520744860096,55.37980270385742,9919600,0.0,0.0
2013-09-11 00:00:00-04:00,55.63541069952268,56.358177185058594,55.51201203550847,56.358177185058594,9439700,0.0,0.0
2013-09-12 00:00:00-04:00,56.2347845214458,58.48241241079933,55.89103010290914,57.724388122558594,22426500,0.0,0.0
2013-09-13 00:00:00-04:00,58.05933410300978,59.08178126276873,57.73320517956819,58.782100677490234,12718700,0.0,0.0
2013-09-16 00:00:00-04:00,59.337387305150926,59.62825846601646,58.94955909066355,59.00244903564453,9716500,0.0,0.0
2013-09-17 00:00:00-04:00,58.9054896975328,59.23161184277413,58.80853264767117,59.03770446777344,6450700,0.0,0.0
2013-09-18 00:00:00-04:00,58.764473492026205,59.381473665666384,58.359019693492264,59.15230178833008,9865600,0.0,0.0
2013-09-19 00:00:00-04:00,58.51766814686407,58.61462520774195,57.64506132368638,57.92711639404297,11864800,0.0,0.0
2013-09-20 00:00:00-04:00,57.83015625167358,58.03287975018095,57.21316291962118,57.30130386352539,29076200,0.0,0.0
2013-09-23 00:00:00-04:00,57.3277493873692,57.715577636688096,57.010436587876185,57.07213592529297,8286600,0.0,0.0
2013-09-24 00:00:00-04:00,57.23960750392226,57.43352162541914,56.657865139431614,56.69312286376953,8272800,0.0,0.0
2013-09-25 00:00:00-04:00,56.78125187493161,57.230779359830166,56.587337794201964,56.80769348144531,7281400,0.0,0.0
2013-09-26 00:00:00-04:00,56.72838234965976,57.54810597298158,56.631425285900576,57.504032135009766,6971200,0.0,0.0
2013-09-27 00:00:00-04:00,57.26604302194151,57.68031283292274,57.019245702562735,57.459957122802734,5586000,0.0,0.0
2013-09-30 00:00:00-04:00,57.05451052220057,57.24841792246627,56.75482322229279,56.84296417236328,7463200,0.0,0.0
2013-10-01 00:00:00-04:00,56.73720822319471,57.51285814198652,56.72839210913893,57.142662048339844,4881200,0.0,0.0
2013-10-02 00:00:00-04:00,56.80771343229868,57.59217941641146,56.76364631420679,57.18672561645508,7218800,0.0,0.0
2013-10-03 00:00:00-04:00,57.045695793618705,57.23079381067396,56.261229886931574,56.42869567871094,7264100,0.0,0.0
2013-10-04 00:00:00-04:00,56.428699596629635,57.67150930064943,56.38463247982747,57.55692672729492,6546000,0.0,0.0
2013-10-07 00:00:00-04:00,57.12501686960304,57.565728326334366,56.91347725329449,56.93110275268555,5840900,0.0,0.0
2013-10-08 00:00:00-04:00,56.86939723958176,57.089752944008524,56.38461872467633,56.41106033325195,8636300,0.0,0.0
2013-10-09 00:00:00-04:00,56.42869905363669,56.56972996538429,55.61779148526002,56.04969024658203,8746900,0.0,0.0
2013-10-10 00:00:00-04:00,56.834158419363284,57.88304722431124,56.66668589621263,57.8037223815918,7676600,0.0,0.0
2013-10-11 00:00:00-04:00,57.8742378000066,58.6939547398259,57.73320689118358,58.35901641845703,6735000,0.0,0.0
2013-10-14 00:00:00-04:00,58.068146411538315,59.03771711790651,57.98000545406594,58.90550231933594,6461500,0.0,0.0
2013-10-15 00:00:00-04:00,58.817365822698925,59.002463864846355,58.11222465999245,58.56175231933594,5943100,0.0,0.0
2013-10-16 00:00:00-04:00,58.738027720564176,58.93194185499656,58.288500111173086,58.48241424560547,7724800,0.0,0.0
2013-10-17 00:00:00-04:00,58.3413782336323,58.693941979593745,58.15628024958582,58.54410171508789,6952100,0.0,0.0
2013-10-18 00:00:00-04:00,58.614619578400685,59.293312214641034,58.1650920415688,59.18754577636719,7587000,0.0,0.0
2013-10-21 00:00:00-04:00,59.293330220986384,59.61064308161564,59.19637986470079,59.593017578125,4845800,0.0,0.0
2013-10-22 00:00:00-04:00,59.88387020628738,60.932758818414285,59.716397713923804,60.81817626953125,7860700,0.0,0.0
2013-10-23 00:00:00-04:00,60.6507149915455,60.99446942647775,59.95439000868369,60.042537689208984,5864500,0.0,0.0
2013-10-24 00:00:00-04:00,60.09541473790023,60.985653766812746,59.95438384334161,60.86225509643555,6045400,0.0,0.0
2013-10-25 00:00:00-04:00,61.10024269516401,61.585028039847046,60.79174598705839,61.047359466552734,6613300,0.0,0.0
2013-10-28 00:00:00-04:00,61.126672920156814,61.24126219376247,60.747660828038946,60.81817626953125,4469200,0.0,0.0
2013-10-29 00:00:00-04:00,60.923961673822156,61.161942930775325,60.624274349622034,60.74767303466797,4450200,0.0,0.0
2013-10-30 00:00:00-04:00,61.01209563275553,61.08261108032886,59.87505925834766,60.35102844238281,5816100,0.0,0.0
2013-10-31 00:00:00-04:00,60.351020676348355,61.08260322015357,60.24524751859937,60.456787109375,5706100,0.0,0.0
2013-11-01 00:00:00-04:00,60.56257008940908,60.97683995187766,60.377472076870156,60.82699966430664,5008600,0.0,0.0
2013-11-04 00:00:00-05:00,61.17956251361978,61.30296117316402,60.298139674176575,60.65070343017578,4790200,0.0,0.0
2013-11-05 00:00:00-05:00,60.61545866493365,60.87107214997099,59.98964912214182,60.68597412109375,5140600,0.0,0.0
2013-11-06 00:00:00-05:00,60.97683265052763,61.3646608540127,60.48323800952674,60.81817626953125,6503200,0.0,0.0
2013-11-07 00:00:00-05:00,61.117857246814374,61.117857246814374,59.13465583250758,59.18754577636719,10496300,0.0,0.0
2013-11-08 00:00:00-05:00,58.940754188243254,61.17956925405634,58.80853940281554,60.4479866027832,16182800,0.0,0.0
2013-11-11 00:00:00-05:00,60.35985179102518,60.58901693602819,60.10423830646889,60.236446380615234,4954000,0.0,0.0
2013-11-12 00:00:00-05:00,60.227640805359854,60.33340727137334,59.42554257289388,59.734039306640625,6586700,0.0,0.0
2013-11-13 00:00:00-05:00,59.434355760493645,60.80937354876801,59.31977318637882,60.791748046875,5681000,0.0,0.0
2013-11-14 00:00:00-05:00,60.941593278790805,61.831832502687625,60.81819458138626,61.71724319458008,7246600,0.0,0.0
2013-11-15 00:00:00-05:00,61.49686620082066,61.84943666807958,61.302958832314474,61.6995964050293,6184400,0.0,0.0
2013-11-18 00:00:00-05:00,61.752482890084444,61.778924499702036,61.109047973647435,61.258888244628906,4904400,0.0,0.0
2013-11-19 00:00:00-05:00,61.25009152362255,61.45282180274187,60.85345380434647,60.92396926879883,4801700,0.0,0.0
2013-11-20 00:00:00-05:00,60.92395130186547,61.62908556426516,60.88869358003706,61.02090835571289,4726800,0.0,0.0
2013-11-21 00:00:00-05:00,61.22364629329601,61.70843167689647,61.05617375628413,61.646732330322266,4498300,0.0,0.0
2013-11-22 00:00:00-05:00,61.655521682115186,61.9904666472864,61.52331364293943,61.875877380371094,4667500,0.0,0.0
2013-11-25 00:00:00-05:00,62.17556172884345,62.210819445887694,61.34702219010844,61.470420837402344,5830600,0.0,0.0
2013-11-26 00:00:00-05:00,61.629094019851074,63.18921648237543,61.611468518880045,62.739688873291016,8850000,0.0,0.0
2013-11-27 00:00:00-05:00,62.766135642987344,62.80139337254938,62.105068344328934,62.3783073425293,5446100,0.0,0.0
2013-11-29 00:00:00-05:00,62.61629441167623,62.81901794776034,62.04336808301713,62.17558288574219,4801000,0.0,0.0
2013-12-02 00:00:00-05:00,62.395931993834154,62.85426897304271,62.36949038105413,62.501705169677734,6774600,0.0,0.0
2013-12-03 00:00:00-05:00,61.893516696513046,62.0609891982949,61.1531179686507,61.6114616394043,8304700,0.0,0.0
2013-12-04 00:00:00-05:00,61.18836770523728,62.12268042380346,61.10022677228028,61.673152923583984,4883800,0.0,0.0
2013-12-05 00:00:00-05:00,61.95522316312322,62.298977593403976,61.77012514102773,61.902339935302734,5587000,0.0,0.0
2013-12-06 00:00:00-05:00,62.554596732987605,63.01293377328678,62.37830808308454,62.98649215698242,5542000,0.0,0.0
2013-12-09 00:00:00-05:00,62.89833805311914,63.00411122096192,62.51050982908528,62.677982330322266,6477100,0.0,0.0
2013-12-10 00:00:00-05:00,62.50169945643882,63.15395050271037,62.492883344743525,63.08343505859375,7112200,0.0,0.0
2013-12-11 00:00:00-05:00,63.22446753698894,63.57703131699364,62.078615077804535,62.15793991088867,9519200,0.0,0.0
2013-12-12 00:00:00-05:00,61.81887070044066,62.47917429548982,61.39056824171763,62.13117599487305,8756300,0.86,0.0
2013-12-13 00:00:00-05:00,62.37210529577187,62.5773315822167,61.81887388304915,62.12226104736328,5784300,0.0,0.0
2013-12-16 00:00:00-05:00,62.381030843579666,63.21979271297275,62.381030843579666,62.916412353515625,6246600,0.0,0.0
2013-12-17 00:00:00-05:00,63.07701905783788,63.2733271737209,62.3096364999739,63.05025100708008,6829100,0.0,0.0
2013-12-18 00:00:00-05:00,63.31794434399483,64.42440032958984,62.58625472013837,64.42440032958984,7971400,0.0,0.0
2013-12-19 00:00:00-05:00,64.37085857098549,65.20962714215386,64.33516556713317,65.1114730834961,6768100,0.0,0.0
2013-12-20 00:00:00-05:00,65.22747004323865,65.63792937468419,64.54931658758133,64.60285949707031,12989700,0.0,0.0
2013-12-23 00:00:00-05:00,65.0400785499646,65.43269473312928,64.83485231439653,65.38807678222656,5621900,0.0,0.0
2013-12-24 00:00:00-05:00,65.36131656181973,65.90562295084489,65.36131656181973,65.89669799804688,2883600,0.0,0.0
2013-12-26 00:00:00-05:00,65.98594418727806,66.646254710406,65.95025798233512,66.58379364013672,4620100,0.0,0.0
2013-12-27 00:00:00-05:00,66.61053619083856,66.72653333185006,65.96807582394268,66.34284210205078,3844800,0.0,0.0
2013-12-30 00:00:00-05:00,66.91392308636789,68.29699800227033,66.82469398386479,68.0203857421875,8578900,0.0,0.0
2013-12-31 00:00:00-05:00,68.06500197799708,68.26131010282606,67.6456176763615,68.17208099365234,4692300,0.0,0.0
2014-01-02 00:00:00-05:00,67.85084217603188,68.26130147253222,67.72592007743367,68.05606842041016,5200900,0.0,0.0
2014-01-03 00:00:00-05:00,68.08283960281437,68.43975597512404,67.82407046746945,67.91329956054688,4060700,0.0,0.0
2014-01-06 00:00:00-05:00,68.28807652571273,68.56468879987574,67.36007883540628,67.654541015625,6816200,0.0,0.0
2014-01-07 00:00:00-05:00,67.92224419367234,68.43977580658132,67.72593604737271,68.11854553222656,4494900,0.0,0.0
2014-01-08 00:00:00-05:00,67.93115728511835,68.06500435743031,66.75331530271389,67.1191635131836,10900300,0.0,0.0
2014-01-09 00:00:00-05:00,67.33331426493687,67.33331426493687,66.3160874149987,66.83362579345703,8052900,0.0,0.0
2014-01-10 00:00:00-05:00,66.99423885530587,67.37793015059411,66.53023659657633,67.2708511352539,6219000,0.0,0.0
2014-01-13 00:00:00-05:00,66.83361894112409,67.03884519612117,65.18285671759662,65.37915802001953,8232800,0.0,0.0
2014-01-14 00:00:00-05:00,65.77175688804238,66.54806417132623,65.39699067172977,66.43206024169922,5996500,0.0,0.0
2014-01-15 00:00:00-05:00,66.29825304653615,67.01209284154886,66.25363508095909,66.28040313720703,7283900,0.0,0.0
2014-01-16 00:00:00-05:00,66.37854877960686,66.3874737331372,65.78070624022686,66.21793365478516,5597400,0.0,0.0
2014-01-17 00:00:00-05:00,66.41425267469758,66.59271092809357,65.74502401284361,66.0127182006836,6624800,0.0,0.0
2014-01-21 00:00:00-05:00,66.02163930518975,66.81579014154192,65.40595353797342,66.20902252197266,7507100,0.0,0.0
2014-01-22 00:00:00-05:00,66.10193945758387,67.30654954395638,66.07517140353595,67.19947052001953,6795100,0.0,0.0
2014-01-23 00:00:00-05:00,66.5034496810709,66.87821591684273,66.1643764402882,66.7354507446289,6280900,0.0,0.0
2014-01-24 00:00:00-05:00,66.11977522057474,66.23577918557,64.88839721679688,64.88839721679688,7334900,0.0,0.0
2014-01-27 00:00:00-05:00,64.66532515951957,65.05794142094153,63.99609660904751,64.4690170288086,7415100,0.0,0.0
2014-01-28 00:00:00-05:00,64.47793393818456,65.13823745277035,64.4600840333951,65.03115844726562,5508400,0.0,0.0
2014-01-29 00:00:00-05:00,64.21916862530519,64.46008789243395,63.460711012202744,63.648094177246094,8604800,0.0,0.0
2014-01-30 00:00:00-05:00,64.3262478289687,65.70039799655558,64.2459436671025,65.33455657958984,7550500,0.0,0.0
2014-01-31 00:00:00-05:00,64.42438927374018,65.4237728746174,64.06747288061757,64.79023742675781,7748500,0.0,0.0
2014-02-03 00:00:00-05:00,64.83488254527282,64.89734362101454,62.32750094421967,62.452423095703125,11964800,0.0,0.0
2014-02-04 00:00:00-05:00,63.3000965198838,63.57670879370097,62.35424892470425,63.398250579833984,11278800,0.0,0.0
2014-02-05 00:00:00-05:00,64.29055322493558,64.29055322493558,62.79148112968219,64.03178405761719,11573300,0.0,0.0
2014-02-06 00:00:00-05:00,67.4671643484121,68.46654814373477,66.72654975387151,67.42254638671875,19821900,0.0,0.0
2014-02-07 00:00:00-05:00,66.99424958444848,67.54747423294361,66.57486521688236,67.52070617675781,11480100,0.0,0.0
2014-02-10 00:00:00-05:00,67.5206985338968,68.9840777735394,67.43146942079566,68.76100158691406,8781600,0.0,0.0
2014-02-11 00:00:00-05:00,68.84132469811027,69.52839647871171,68.80563168502438,69.41239929199219,8186200,0.0,0.0
2014-02-12 00:00:00-05:00,69.29638640999764,69.60869169408093,69.27853650362452,69.51946258544922,6329500,0.0,0.0
2014-02-13 00:00:00-05:00,69.17147124157643,69.8139318438528,68.88593395253649,69.51055145263672,5955400,0.0,0.0
2014-02-14 00:00:00-05:00,69.4926794916793,70.91144733946831,69.39452544149134,70.69729614257812,7001100,0.0,0.0
2014-02-18 00:00:00-05:00,70.93822702385552,71.38437939507473,70.87576596419463,71.00961303710938,6136500,0.0,0.0
2014-02-19 00:00:00-05:00,70.93821757732343,71.18806178269635,70.31360706389114,70.37606811523438,7024000,0.0,0.0
2014-02-20 00:00:00-05:00,70.67944893215525,71.07206514787104,70.3492937682357,70.66160583496094,5748700,0.0,0.0
2014-02-21 00:00:00-05:00,70.55454808475193,71.78592639446346,70.31362875745367,71.5003890991211,8252300,0.0,0.0
2014-02-24 00:00:00-05:00,71.83052590275258,72.80313472489865,71.79483289903929,72.03575897216797,6635200,0.0,0.0
2014-02-25 00:00:00-05:00,72.0268240508537,72.58897346411237,71.42005668719241,71.57174682617188,6064300,0.0,0.0
2014-02-26 00:00:00-05:00,71.94655133520274,72.2320886693857,71.01855329717138,71.4557876586914,5775600,0.0,0.0
2014-02-27 00:00:00-05:00,71.38437386686006,71.91083035641084,71.2594517572126,71.81268310546875,4919800,0.0,0.0
2014-02-28 00:00:00-05:00,72.13392290323024,72.80315156018486,71.53608027020981,72.1071548461914,7030700,0.0,0.0
2014-03-03 00:00:00-05:00,71.65207401348249,71.96437931384675,70.35822804376629,70.90253448486328,8449400,0.0,0.0
2014-03-04 00:00:00-05:00,71.91975850906789,73.32067663622297,71.86622240476409,72.91021728515625,8021400,0.0,0.0
2014-03-05 00:00:00-05:00,73.36530505574011,74.24868494143261,73.18684000303992,73.77576446533203,7709700,0.0,0.0
2014-03-06 00:00:00-05:00,73.93636735977289,74.43605580905816,73.91851745358726,74.36466979980469,5774400,0.0,0.0
2014-03-07 00:00:00-05:00,74.59666425612639,74.64128220985654,73.18682133427829,73.35636138916016,7478100,0.0,0.0
2014-03-10 00:00:00-04:00,73.32960271915161,73.5526789008468,72.89237530919759,73.14221954345703,5209700,0.0,0.0
2014-03-11 00:00:00-04:00,73.33852347761956,73.46344558760373,72.02683451504139,72.32129669189453,7171600,0.0,0.0
2014-03-12 00:00:00-04:00,71.91083920759246,72.62468575722298,71.42900061549888,72.61576080322266,6378300,0.0,0.0
2014-03-13 00:00:00-04:00,72.94590114526824,73.15113419894357,71.08098779654968,71.32190704345703,8570600,0.0,0.0
2014-03-14 00:00:00-04:00,71.25053025203418,71.750225522548,71.00068602064962,71.44683837890625,7754700,0.0,0.0
2014-03-17 00:00:00-04:00,71.83052137477209,72.81205508790963,71.66098131975731,72.62467193603516,7280700,0.0,0.0
2014-03-18 00:00:00-04:00,72.74961291493857,73.3920734925013,72.52653670371517,73.16007232666016,5395900,0.0,0.0
2014-03-19 00:00:00-04:00,73.39207916833153,73.43669713712507,71.42008612554056,71.848388671875,6403200,0.0,0.0
2014-03-20 00:00:00-04:00,71.91084668424537,72.2945380532092,71.17023881110251,72.1071548461914,5968200,0.0,0.0
2014-03-21 00:00:00-04:00,73.1332736461528,73.21358458859096,71.42897564610482,71.69666290283203,7840900,0.0,0.0
2014-03-24 00:00:00-04:00,72.0179189660652,72.2142271096008,70.83115195850564,70.92930603027344,7642900,0.0,0.0
2014-03-25 00:00:00-04:00,71.59853479999308,71.68776391788839,70.13515548172505,70.98284912109375,6692400,0.0,0.0
2014-03-26 00:00:00-04:00,71.32190913181041,71.59852138779304,70.1440672960939,70.15299224853516,6750800,0.0,0.0
2014-03-27 00:00:00-04:00,69.86744582903842,70.14405804855348,68.95729141685474,70.02806091308594,9194700,0.0,0.0
2014-03-28 00:00:00-04:00,70.25115995028365,70.90253864241798,69.87638676012577,70.483154296875,5281700,0.0,0.0
2014-03-31 00:00:00-04:00,71.11668318300825,71.7323756158807,71.08099698516307,71.44683837890625,6848800,0.0,0.0
2014-04-01 00:00:00-04:00,71.73235873037014,72.82097131750041,71.73235873037014,72.7852783203125,6555000,0.0,0.0
2014-04-02 00:00:00-04:00,72.91913730387478,73.14221346703751,72.54437098361998,72.87451934814453,6073500,0.0,0.0
2014-04-03 00:00:00-04:00,73.09760604809786,73.3831433057957,72.40160940794347,72.89237976074219,4930100,0.0,0.0
2014-04-04 00:00:00-04:00,73.45452953246097,73.9274499786509,71.74130598136891,71.76807403564453,8894400,0.0,0.0
2014-04-07 00:00:00-04:00,71.75914428465607,72.09822443680095,70.09945695306263,70.60807037353516,9000800,0.0,0.0
2014-04-08 00:00:00-04:00,70.73300010572945,71.07208029438118,69.70685500863951,71.00069427490234,7085100,0.0,0.0
2014-04-09 00:00:00-04:00,71.35761196812798,71.85730044979937,70.72407641236748,71.80376434326172,7004800,0.0,0.0
2014-04-10 00:00:00-04:00,72.20528402942588,72.20528402942588,69.1357609438905,69.16252899169922,10160200,0.0,0.0
2014-04-11 00:00:00-04:00,69.16254490386378,69.55515437495814,68.53792747773318,68.71639251708984,9204100,0.0,0.0
2014-04-14 00:00:00-04:00,69.3320756164895,69.44807958971583,68.57361794858353,69.26069641113281,5964700,0.0,0.0
2014-04-15 00:00:00-04:00,69.5015976847638,69.7871348554301,68.09175492621131,69.29637145996094,6398700,0.0,0.0
2014-04-16 00:00:00-04:00,69.93882778275979,70.47421595592733,69.76929454848393,70.44744110107422,5958800,0.0,0.0
2014-04-17 00:00:00-04:00,70.22439878813,71.58070616205733,70.13516965220637,71.37547302246094,7627700,0.0,0.0
2014-04-21 00:00:00-04:00,71.34868285165307,71.36653275795416,70.21545888033859,70.59022521972656,7080300,0.0,0.0
2014-04-22 00:00:00-04:00,70.6883894249557,71.28623202468589,70.67946447052442,70.89361572265625,5876000,0.0,0.0
2014-04-23 00:00:00-04:00,70.96500253021394,71.33976892754032,70.4653140004454,70.9560775756836,4148600,0.0,0.0
2014-04-24 00:00:00-04:00,71.1523712296193,71.43790844669319,70.59022174818318,71.01852416992188,4632700,0.0,0.0
2014-04-25 00:00:00-04:00,70.90251578502466,70.90251578502466,69.74252400278735,69.80498504638672,6193300,0.0,0.0
2014-04-28 00:00:00-04:00,70.27791150696396,70.54559879966963,68.60037451860246,69.40345001220703,7522700,0.0,0.0
2014-04-29 00:00:00-04:00,69.91206823591521,70.20653040541089,69.36776185269385,70.17083740234375,4608700,0.0,0.0
2014-04-30 00:00:00-04:00,70.0459232067845,70.96499601439864,69.76038595774179,70.79545593261719,6550200,0.0,0.0
2014-05-01 00:00:00-04:00,70.80436947325813,71.26837168299988,70.7240653260397,70.99175262451172,6486800,0.0,0.0
2014-05-02 00:00:00-04:00,71.04530980776303,71.87515353450624,71.04530980776303,71.66099548339844,7599300,0.0,0.0
2014-05-05 00:00:00-04:00,71.75914542952889,72.55329610209924,71.2059208486679,72.47299194335938,5669800,0.0,0.0
2014-05-06 00:00:00-04:00,72.80313232874273,72.83882533128127,72.09821765377497,72.3034439086914,10696500,0.0,0.0
2014-05-07 00:00:00-04:00,72.85668535343747,73.5616069340361,71.49146015354516,71.64315032958984,11906800,0.0,0.0
2014-05-08 00:00:00-04:00,71.57176958503959,73.40991535604431,71.44684745348076,72.81207275390625,9257700,0.0,0.0
2014-05-09 00:00:00-04:00,72.51759173151252,73.18682018045051,72.1874433869925,73.12435913085938,5376600,0.0,0.0
2014-05-12 00:00:00-04:00,73.24037423564897,74.00775685187602,73.24037423564897,73.54375457763672,5704400,0.0,0.0
2014-05-13 00:00:00-04:00,73.55267698880732,73.83821422164469,72.94590951805985,73.24037170410156,5274700,0.0,0.0
2014-05-14 00:00:00-04:00,72.96374164105856,73.3295897822126,71.94651497660907,72.20528411865234,6192000,0.0,0.0
2014-05-15 00:00:00-04:00,71.95546171814925,72.1250018161458,70.6794655252571,71.51823425292969,7687700,0.0,0.0
2014-05-16 00:00:00-04:00,71.5360679704396,71.7591441510692,70.79545341689061,71.73237609863281,5823700,0.0,0.0
2014-05-19 00:00:00-04:00,71.76806534214721,72.61575206100326,71.50929616925303,72.32129669189453,4896900,0.0,0.0
2014-05-20 00:00:00-04:00,72.2231391214589,72.95482864768192,71.84836600198342,72.35697937011719,6023200,0.0,0.0
2014-05-21 00:00:00-04:00,72.65144544846193,73.47236412061818,72.65144544846193,73.3385238647461,4736400,0.0,0.0
2014-05-22 00:00:00-04:00,73.33852750867084,73.87390898199371,73.20468043840393,73.48129272460938,4652000,0.0,0.0
2014-05-23 00:00:00-04:00,73.33853787405518,74.3825329157507,73.33853787405518,74.34683990478516,4580300,0.0,0.0
2014-05-27 00:00:00-04:00,74.56099586734297,74.93576910225501,74.34684459578335,74.72161102294922,5197700,0.0,0.0
2014-05-28 00:00:00-04:00,74.7751447315947,74.86437384976936,74.28437437001597,74.5966796875,4652100,0.0,0.0
2014-05-29 00:00:00-04:00,74.88221549745971,75.03390567618814,74.44498806146504,74.9803695678711,6522000,0.0,0.0
2014-05-30 00:00:00-04:00,74.78403654462628,75.30157477864448,74.61450332211497,74.9625015258789,6352400,0.0,0.0
2014-06-02 00:00:00-04:00,75.19451141357422,75.32835847538828,74.96251710135716,75.19451141357422,3933800,0.0,0.0
2014-06-03 00:00:00-04:00,75.01606719671668,75.15883923801664,74.70376186605503,74.84652709960938,4541400,0.0,0.0
2014-06-04 00:00:00-04:00,74.8197492023461,75.31051952007897,74.33790383795694,75.1677474975586,5800100,0.0,0.0
2014-06-05 00:00:00-04:00,75.28374816049087,75.80127970002964,74.86436387244224,75.64958953857422,5956000,0.0,0.0
2014-06-06 00:00:00-04:00,75.76559605210107,75.83697525488161,75.19451477564415,75.4979019165039,5302800,0.0,0.0
2014-06-09 00:00:00-04:00,75.488968032067,76.61327373771468,75.42650698218347,76.27420043945312,5667600,0.0,0.0
2014-06-10 00:00:00-04:00,76.20281736881975,76.20281736881975,75.57820003821203,75.62281799316406,4632600,0.0,0.0
2014-06-11 00:00:00-04:00,75.4889938496052,75.67637706334163,75.10530246688404,75.230224609375,4300900,0.0,0.0
2014-06-12 00:00:00-04:00,74.98037415164409,75.13206433964578,73.70437796603588,73.88284301757812,7231400,0.0,0.0
2014-06-13 00:00:00-04:00,73.83822505275616,74.05237630686123,72.99053818310374,73.88284301757812,4711100,0.0,0.0
2014-06-16 00:00:00-04:00,73.74005516003334,74.45390159760005,73.66866915472782,74.3289794921875,5181100,0.0,0.0
2014-06-17 00:00:00-04:00,74.0434635201741,74.47176605938951,73.71330825672987,74.2040786743164,4535900,0.0,0.0
2014-06-18 00:00:00-04:00,74.22191126307402,74.73052471118662,73.89175604639755,74.5788345336914,4536300,0.0,0.0
2014-06-19 00:00:00-04:00,74.64130271299122,74.88222202917768,74.28437940833894,74.74837493896484,4326900,0.0,0.0
2014-06-20 00:00:00-04:00,75.01605375636889,75.0249787092875,73.87390486158625,73.90067291259766,11073400,0.0,0.0
2014-06-23 00:00:00-04:00,73.92745688028474,73.99884290351426,73.45453638994445,73.84715270996094,3946600,0.0,0.0
2014-06-24 00:00:00-04:00,73.77576446533203,74.56991522854729,73.60622436720327,73.77576446533203,5057100,0.0,0.0
2014-06-25 00:00:00-04:00,73.7668268632661,75.23913095882077,73.59729360194989,74.86436462402344,7899200,0.0,0.0
2014-06-26 00:00:00-04:00,75.5603584934005,75.5603584934005,74.74835798924971,75.3551254272461,6424000,0.0,0.0
2014-06-27 00:00:00-04:00,75.06959237650051,76.1938982109037,75.06959237650051,76.11359405517578,17932200,0.0,0.0
2014-06-30 00:00:00-04:00,76.2385001683094,76.80064956365473,75.90834504598348,76.50618743896484,6991400,0.0,0.0
2014-07-01 00:00:00-04:00,76.56866837108858,77.51451603476306,76.5240572182635,77.1575927734375,5608200,0.0,0.0
2014-07-02 00:00:00-04:00,77.25574334267358,77.3717405040609,76.91666319628122,77.13082122802734,4439600,0.0,0.0
2014-07-03 00:00:00-04:00,77.3628250623777,77.61267613013344,77.18436682172624,77.48774719238281,3210400,0.0,0.0
2014-07-07 00:00:00-04:00,77.28251360331703,77.46989678064149,77.02374441337041,77.26466369628906,4897800,0.0,0.0
2014-07-08 00:00:00-04:00,76.90775109036119,77.0237482608578,76.45267374684411,76.61328887939453,4733600,0.0,0.0
2014-07-09 00:00:00-04:00,76.73820750343332,77.8892814329142,76.60436043112253,77.82682037353516,6311200,0.0,0.0
2014-07-10 00:00:00-04:00,77.21114534102786,78.17483630973837,76.90776492925589,77.50560760498047,7249700,0.0,0.0
2014-07-11 00:00:00-04:00,77.63051796468228,77.95174823881095,77.06836838882982,77.53236389160156,5016000,0.0,0.0
2014-07-14 00:00:00-04:00,78.04097721584934,78.06774527068718,77.3271374584405,77.41636657714844,4012300,0.0,0.0
2014-07-15 00:00:00-04:00,77.25573103097335,77.31819207834249,76.32773346452923,76.87203979492188,7001300,0.0,0.0
2014-07-16 00:00:00-04:00,77.3538871878125,78.1926488742553,75.95296925197074,76.15819549560547,10667200,0.0,0.0
2014-07-17 00:00:00-04:00,76.14035187448546,76.90773436223093,75.7298925823008,75.8726577758789,6885900,0.0,0.0
2014-07-18 00:00:00-04:00,76.23850857041894,76.72035387999391,75.99758251175949,76.56865692138672,4719100,0.0,0.0
2014-07-21 00:00:00-04:00,76.5686484828921,76.73818851972747,76.29203626089185,76.50618743896484,4799800,0.0,0.0
2014-07-22 00:00:00-04:00,77.0683548971368,77.23788815098763,76.3009723552513,76.92558288574219,4984200,0.0,0.0
2014-07-23 00:00:00-04:00,77.01482218450836,77.21113032229187,76.52405864779472,76.7739028930664,3650200,0.0,0.0
2014-07-24 00:00:00-04:00,77.18435512720785,77.59481446471221,77.01481505885482,77.4520492553711,4168200,0.0,0.0
2014-07-25 00:00:00-04:00,77.00591199550645,77.36282849263499,76.78283578092821,76.94345092773438,4659800,0.0,0.0
2014-07-28 00:00:00-04:00,77.12191315889538,77.82683485029446,76.56868166738383,77.76437377929688,4546800,0.0,0.0
2014-07-29 00:00:00-04:00,77.88926435640549,77.89818930800146,76.88096267384898,76.9166488647461,5478700,0.0,0.0
2014-07-30 00:00:00-04:00,77.29143746371679,77.87143008677062,76.81851024259225,77.8178939819336,7294200,0.0,0.0
2014-07-31 00:00:00-04:00,77.26466962642311,77.5858999001326,76.46160074989479,76.63113403320312,6342400,0.0,0.0
2014-08-01 00:00:00-04:00,76.19389962379363,76.74713100190833,76.03328450161484,76.18497467041016,6759200,0.0,0.0
2014-08-04 00:00:00-04:00,76.88989970435486,78.09450977145373,76.74713448246847,77.84466552734375,8262700,0.0,0.0
2014-08-05 00:00:00-04:00,77.75544617116124,77.8446752970068,76.75606226155156,77.4074478149414,9361800,0.0,0.0
2014-08-06 00:00:00-04:00,76.8988222951541,78.18374329137318,76.88989734164011,77.26466369628906,9789500,0.0,0.0
2014-08-07 00:00:00-04:00,77.62157904513172,77.6394289503415,76.05112777387974,76.30097198486328,7916900,0.0,0.0
2014-08-08 00:00:00-04:00,76.42590298074636,77.53235896141729,76.39913492756202,77.49666595458984,6382700,0.0,0.0
2014-08-11 00:00:00-04:00,77.69298405211818,78.5049847441526,77.67514095028862,78.07667541503906,5047900,0.0,0.0
2014-08-12 00:00:00-04:00,77.76435787709657,78.18374218563932,77.43420267919711,77.8178939819336,4510100,0.0,0.0
2014-08-13 00:00:00-04:00,78.2908003900009,78.4781835311546,78.00526320237476,78.16587829589844,4532300,0.0,0.0
2014-08-14 00:00:00-04:00,78.54958503096273,79.33481755769996,78.35327689927843,79.06712341308594,8218000,0.0,0.0
2014-08-15 00:00:00-04:00,79.43294642532979,79.83448754928527,79.13849110372107,79.66494750976562,8211000,0.0,0.0
2014-08-18 00:00:00-04:00,80.00404262884615,80.63757814859315,79.93265661902392,80.28065490722656,4973300,0.0,0.0
2014-08-19 00:00:00-04:00,80.42342646720112,80.56619849811504,79.98619903608125,80.38773345947266,4153000,0.0,0.0
2014-08-20 00:00:00-04:00,80.23604360852052,80.3520475860458,80.01296741511977,80.16465759277344,3894500,0.0,0.0
2014-08-21 00:00:00-04:00,80.36094718565614,80.78033142169885,80.28956799412788,80.646484375,4719100,0.0,0.0
2014-08-22 00:00:00-04:00,80.42342155225388,81.11049999548344,80.41450340667564,80.7446517944336,4756400,0.0,0.0
2014-08-25 00:00:00-04:00,81.15509770626073,81.3246377525955,80.57510518347173,80.646484375,3515400,0.0,0.0
2014-08-26 00:00:00-04:00,80.85175031436911,80.90528643173164,80.25390764466647,80.32528686523438,4117700,0.0,0.0
2014-08-27 00:00:00-04:00,80.43236300830236,80.67328914324158,80.28959776456657,80.6375961303711,3739700,0.0,0.0
2014-08-28 00:00:00-04:00,80.2895962040213,80.7446667918462,80.27174629405994,80.5126724243164,2678400,0.0,0.0
2014-08-29 00:00:00-04:00,80.59295649929163,80.64649260033401,79.70957679337096,80.2003402709961,4179400,0.0,0.0
2014-09-02 00:00:00-04:00,80.46803180120173,81.13726027366424,80.44126375154228,81.0212631225586,5602000,0.0,0.0
2014-09-03 00:00:00-04:00,81.25326666882705,81.34250258816954,80.90526836817486,81.14619445800781,3684000,0.0,0.0
2014-09-04 00:00:00-04:00,81.08373562595874,81.37819102154326,80.31635299120326,80.4323501586914,5458700,0.0,0.0
2014-09-05 00:00:00-04:00,80.43234794973698,81.14619445800781,80.39665494354895,81.14619445800781,4597100,0.0,0.0
2014-09-08 00:00:00-04:00,80.98557867695308,81.05695788100516,80.45019720396623,80.80711364746094,4331200,0.0,0.0
2014-09-09 00:00:00-04:00,80.75358379319027,80.7892768018515,79.87020395399698,79.95050811767578,4797700,0.0,0.0
2014-09-10 00:00:00-04:00,79.89695451855361,80.1467987167443,79.19203306923343,79.87910461425781,5078600,0.0,0.0
2014-09-11 00:00:00-04:00,79.5935764762406,80.34311596388487,79.46865436292398,80.28065490722656,4065500,0.0,0.0
2014-09-12 00:00:00-04:00,80.39664597595666,80.48587507760152,79.63818840035918,80.01295471191406,3870200,0.0,0.0
2014-09-15 00:00:00-04:00,80.0754275377715,80.63758389550485,79.91481240809699,80.37881469726562,4910000,0.0,0.0
2014-09-16 00:00:00-04:00,80.04865898736693,80.69111950207815,79.82558279796694,80.54834747314453,4324600,0.0,0.0
2014-09-17 00:00:00-04:00,80.82496675385222,80.99450002889998,80.28066030590742,80.60189056396484,4058100,0.0,0.0
2014-09-18 00:00:00-04:00,80.58404889928106,80.75358899941594,80.22713240514875,80.6108169555664,4343600,0.0,0.0
2014-09-19 00:00:00-04:00,81.0212708854879,81.33357617434464,80.65542268443805,80.7446517944336,13382900,0.0,0.0
2014-09-22 00:00:00-04:00,80.74465209963952,80.85173111668574,79.58466004982344,79.67388916015625,5003000,0.0,0.0
2014-09-23 00:00:00-04:00,79.52220232900817,79.629274542803,78.72805164055309,78.79943084716797,6155800,0.0,0.0
2014-09-24 00:00:00-04:00,78.84404909981096,79.98619810281537,78.7369700778749,79.81665802001953,5607000,0.0,0.0
2014-09-25 00:00:00-04:00,79.64711850180387,79.9504988285579,78.57634878961109,78.58527374267578,7077400,0.0,0.0
2014-09-26 00:00:00-04:00,78.65664146260669,79.31694487322576,78.44249029305998,79.18309783935547,5786400,0.0,0.0
2014-09-29 00:00:00-04:00,78.62988464909091,79.45972820833238,77.95173123962358,79.26342010498047,5188600,0.0,0.0
2014-09-30 00:00:00-04:00,79.27233160297854,79.89694886197717,79.0046443271877,79.4418716430664,4824500,0.0,0.0
2014-10-01 00:00:00-04:00,79.48651726775232,79.62928250299872,77.80897980132359,78.0677490234375,7512500,0.0,0.0
2014-10-02 00:00:00-04:00,78.07666605220109,78.21943808069987,75.53359886233555,77.44313049316406,11051100,0.0,0.0
2014-10-03 00:00:00-04:00,78.61206444221801,79.32591112267204,78.12130080618404,78.92436981201172,7549000,0.0,0.0
2014-10-06 00:00:00-04:00,79.22773215316923,79.5757304284746,78.58527170406875,79.02249908447266,4047800,0.0,0.0
2014-10-07 00:00:00-04:00,78.52282661226683,78.75482777888097,77.66621477524431,77.72867584228516,6217600,0.0,0.0
2014-10-08 00:00:00-04:00,77.68404143523115,78.65665705358282,77.03266284648815,78.62096405029297,7008000,0.0,0.0
2014-10-09 00:00:00-04:00,78.54957767934228,78.66558164143225,76.35450904528089,76.47943115234375,8726200,0.0,0.0
2014-10-10 00:00:00-04:00,76.66681308451486,77.63050373019658,76.20281766682226,76.97911834716797,12675300,0.0,0.0
2014-10-13 00:00:00-04:00,76.66681856993367,77.08620287025036,74.73944394841303,74.873291015625,9039800,0.0,0.0
2014-10-14 00:00:00-04:00,75.62281280563143,76.30988433365002,74.86435527768415,75.07850646972656,8607100,0.0,0.0
2014-10-15 00:00:00-04:00,73.51698398373458,74.73944387843386,70.0816122364819,73.24037170410156,21844400,0.0,0.0
2014-10-16 00:00:00-04:00,71.32191194064485,73.58836660015606,70.98283861970795,72.93698120117188,13216500,0.0,0.0
2014-10-17 00:00:00-04:00,73.77573598055106,75.54250187753416,73.77573598055106,74.80188751220703,12381800,0.0,0.0
2014-10-20 00:00:00-04:00,75.15883125257368,76.39020934309963,75.08744523950828,76.30989837646484,8302100,0.0,0.0
2014-10-21 00:00:00-04:00,77.02375273959713,78.23728785437658,76.96129167373697,78.11236572265625,9170400,0.0,0.0
2014-10-22 00:00:00-04:00,78.46928904906119,79.06713165221943,77.6126772278765,77.7197494506836,9314500,0.0,0.0
2014-10-23 00:00:00-04:00,78.71019361341311,79.08495993852448,78.3086592376144,78.51388549804688,7245300,0.0,0.0
2014-10-24 00:00:00-04:00,78.44251281931304,79.11174137310324,78.14805062178657,79.06712341308594,4937500,0.0,0.0
2014-10-27 00:00:00-04:00,78.94221972328363,79.40621530015622,78.73698659013549,78.92436981201172,5644300,0.0,0.0
2014-10-28 00:00:00-04:00,79.45081393494067,80.27173265225633,79.37050296925499,80.24496459960938,4554400,0.0,0.0
2014-10-29 00:00:00-04:00,80.16464325773406,80.53049141720798,79.370492695857,79.88803100585938,5442100,0.0,0.0
2014-10-30 00:00:00-04:00,79.80773420018491,80.78926800437702,79.3348138004761,80.50373077392578,4445300,0.0,0.0
2014-10-31 00:00:00-04:00,81.65480707148086,82.07419138034298,80.97665357613478,81.53880310058594,7472200,0.0,0.0
2014-11-03 00:00:00-05:00,81.41388289321726,81.93142127832161,81.19973166093942,81.83326721191406,5447700,0.0,0.0
2014-11-04 00:00:00-05:00,82.06524861728549,82.07417356874318,80.12894942331023,80.61971282958984,7928500,0.0,0.0
2014-11-05 00:00:00-05:00,81.73511907221636,81.73511907221636,79.94158450150759,81.19973754882812,7021000,0.0,0.0
2014-11-06 00:00:00-05:00,81.45849028803312,82.09202575683594,81.3335681847618,82.09202575683594,9938800,0.0,0.0
2014-11-07 00:00:00-05:00,79.76312001761593,80.32526955199623,79.10281641739616,80.30742645263672,16176300,0.0,0.0
2014-11-10 00:00:00-05:00,80.52158151358809,80.68219664644262,79.37050752942145,80.11112213134766,8155700,0.0,0.0
2014-11-11 00:00:00-05:00,80.31634935105488,80.33419244995781,79.53111684443155,80.28958129882812,5896800,0.0,0.0
2014-11-12 00:00:00-05:00,80.10218908745357,80.41450117538922,79.70957965281812,80.21819305419922,5262500,0.0,0.0
2014-11-13 00:00:00-05:00,80.39665350002969,80.94095992107061,80.33419244225834,80.7446517944336,5098800,0.0,0.0
2014-11-14 00:00:00-05:00,80.91418411617673,81.06587426940966,80.6464900040941,81.0212631225586,4281100,0.0,0.0
2014-11-17 00:00:00-05:00,80.75357533446636,81.00341956117917,80.35204094264144,80.67327117919922,4148400,0.0,0.0
2014-11-18 00:00:00-05:00,80.60189182652049,80.92312208960969,80.42342678716805,80.5572738647461,4461600,0.0,0.0
2014-11-19 00:00:00-05:00,80.53942104099914,80.55726413890758,79.58465532090621,80.14680480957031,7710000,0.0,0.0
2014-11-20 00:00:00-05:00,79.63818721298051,79.82557036596413,79.1920349036641,79.32588195800781,8604000,0.0,0.0
2014-11-21 00:00:00-05:00,80.03080278121395,80.12895683309515,79.20095922023718,79.3794174194336,7383500,0.0,0.0
2014-11-24 00:00:00-05:00,79.70065300869199,80.89634480886843,79.70065300869199,80.82495880126953,6504100,0.0,0.0
2014-11-25 00:00:00-05:00,80.94095555533818,82.02064338586165,80.94095555533818,81.77972412109375,7404200,0.0,0.0
2014-11-26 00:00:00-05:00,82.05633051327297,82.34186771405656,81.79756136135285,82.02063751220703,4607200,0.0,0.0
2014-11-28 00:00:00-05:00,82.56495461021368,82.9486459119276,82.29726727899717,82.54711151123047,3853000,0.0,0.0
2014-12-01 00:00:00-05:00,82.65418322942224,83.10926053985403,82.18126282011329,82.71664428710938,6714700,0.0,0.0
2014-12-02 00:00:00-05:00,82.67201993508786,83.70708969830247,82.46678688817593,83.4037094116211,6664200,0.0,0.0
2014-12-03 00:00:00-05:00,83.46618796169058,83.57326698354328,82.53819019553569,83.0824966430664,5492400,0.0,0.0
2014-12-04 00:00:00-05:00,83.52864855098106,83.54649165064993,82.60065079006473,83.1895751953125,6017300,0.0,0.0
2014-12-05 00:00:00-05:00,83.60002978783734,83.85879896859116,83.28771769564659,83.66249084472656,5226800,0.0,0.0
2014-12-08 00:00:00-05:00,84.06404551691875,84.32281476009621,83.3502056670895,83.69820404052734,6682200,0.0,0.0
2014-12-09 00:00:00-05:00,83.43939944834406,83.49293554227053,81.87786650321725,82.9307861328125,9519900,0.0,0.0
2014-12-10 00:00:00-05:00,82.55602962273198,82.83264871494289,81.6904997636371,81.76187896728516,10346100,0.0,0.0
2014-12-11 00:00:00-05:00,82.3131133229459,83.73184420440184,81.9245521496824,82.9095230102539,8227800,1.15,0.0
2014-12-12 00:00:00-05:00,82.39444013068145,83.686654148419,82.18659852331916,82.67456817626953,7890900,0.0,0.0
2014-12-15 00:00:00-05:00,83.16253590136787,83.75894553923862,81.49983065810063,82.14141845703125,6746800,0.0,0.0
2014-12-16 00:00:00-05:00,81.77994763749366,83.1354163828665,81.4455961983643,81.48174285888672,6549400,0.0,0.0
2014-12-17 00:00:00-05:00,81.6534414110834,82.84625368438955,81.50885476255134,82.57515716552734,6885900,0.0,0.0
2014-12-18 00:00:00-05:00,83.30712348758883,83.68665313720703,83.00891866534386,83.68665313720703,9387500,0.0,0.0
2014-12-19 00:00:00-05:00,83.44265874741915,84.21979476970738,83.0269824624719,83.93966674804688,12837900,0.0,0.0
2014-12-22 00:00:00-05:00,84.39148504469554,85.26802261879664,84.23786690543079,85.1234359741211,7477500,0.0,0.0
2014-12-23 00:00:00-05:00,85.37646596601569,85.90961372715297,85.30417264082966,85.56623077392578,5385800,0.0,0.0
2014-12-24 00:00:00-05:00,85.5662539399921,85.95482205022857,85.27708745523049,85.322265625,2165700,0.0,0.0
2014-12-26 00:00:00-05:00,85.61141596646335,86.12649388576544,85.41261275300089,85.87347412109375,3142400,0.0,0.0
2014-12-29 00:00:00-05:00,85.61140684249716,86.68674762201975,85.56622868606148,86.29817962646484,3584400,0.0,0.0
2014-12-30 00:00:00-05:00,86.0361099755078,86.29816806710774,85.39452232818515,85.57524871826172,3490100,0.0,0.0
2014-12-31 00:00:00-05:00,85.96384827806918,86.31626969432305,84.96983897852559,85.11442565917969,4797000,0.0,0.0
2015-01-02 00:00:00-05:00,85.76503707471242,86.09938165082286,83.90352180229812,84.71680450439453,5865400,0.0,0.0
2015-01-05 00:00:00-05:00,84.29208052499885,84.3553354562817,82.93661180242034,83.47879791259766,7789400,0.0,0.0
2015-01-06 00:00:00-05:00,83.65051321013263,84.21077623394442,82.37637588540882,83.0360336303711,6793100,0.0,0.0
2015-01-07 00:00:00-05:00,83.78603542722142,84.17460337727371,83.22577257771557,83.88543701171875,6589500,0.0,0.0
2015-01-08 00:00:00-05:00,84.82525354058858,85.2138216011173,84.54511858905357,84.75296020507812,7579400,0.0,0.0
2015-01-09 00:00:00-05:00,84.98789084497321,86.0903329375337,84.93366740848832,85.16861724853516,8621300,0.0,0.0
2015-01-12 00:00:00-05:00,85.56623239839341,85.62948733556433,84.73487293151274,85.35839080810547,6586200,0.0,0.0
2015-01-13 00:00:00-05:00,86.09939123837994,87.13858553487374,85.57527489485827,86.01806640625,9364300,0.0,0.0
2015-01-14 00:00:00-05:00,84.94271687563229,85.66563637270788,84.30112909675655,85.15055847167969,6509300,0.0,0.0
2015-01-15 00:00:00-05:00,85.49394493644877,85.81021964399883,84.97886701436109,85.25899505615234,5662200,0.0,0.0
2015-01-16 00:00:00-05:00,84.9427154953259,86.05420299752063,84.9246456106147,86.00901794433594,6117000,0.0,0.0
2015-01-20 00:00:00-05:00,86.0451727890259,86.19879095362573,84.71681207264336,85.61141967773438,7940600,0.0,0.0
2015-01-21 00:00:00-05:00,85.27706204339108,85.61140659829037,84.78005406412085,85.09632873535156,7474700,0.0,0.0
2015-01-22 00:00:00-05:00,85.46683280670536,86.1987837960681,84.95175490784429,85.9819107055664,7014200,0.0,0.0
2015-01-23 00:00:00-05:00,85.7740491381976,86.32527357283675,85.33126467069505,85.59332275390625,4664700,0.0,0.0
2015-01-26 00:00:00-05:00,85.34935228652873,85.84636028800985,84.87945945316837,85.81925201416016,5446900,0.0,0.0
2015-01-27 00:00:00-05:00,84.8885106185548,85.61142330900782,84.36439426434268,84.91561889648438,5390000,0.0,0.0
2015-01-28 00:00:00-05:00,85.06922824978135,85.36743306464057,83.68665106450675,83.7408676147461,6198400,0.0,0.0
2015-01-29 00:00:00-05:00,84.13846766526694,84.49088900368719,82.70166714424757,84.23786926269531,7681700,0.0,0.0
2015-01-30 00:00:00-05:00,83.58725625212364,83.98486270424671,82.078169064143,82.19564056396484,10212300,0.0,0.0
2015-02-02 00:00:00-05:00,82.5028871717597,83.18062170966263,81.3823611052175,83.07218170166016,9392000,0.0,0.0
2015-02-03 00:00:00-05:00,83.52398650475402,85.0421118142227,83.30711343033585,85.03307342529297,12329100,0.0,0.0
2015-02-04 00:00:00-05:00,89.81335780959088,92.11765741628679,89.29827996617621,91.52124786376953,32640500,0.0,0.0
2015-02-05 00:00:00-05:00,91.05135434167539,92.93093239912655,90.82544288769743,92.75020599365234,14089500,0.0,0.0
2015-02-06 00:00:00-05:00,92.77732023262192,93.0664866365425,91.85560447458468,92.18994903564453,8535200,0.0,0.0
2015-02-09 00:00:00-05:00,91.99114189084595,92.62369117039918,91.67486035679926,91.92788696289062,5461800,0.0,0.0
2015-02-10 00:00:00-05:00,92.13574078173812,92.34358238495162,91.4308980396366,92.09959411621094,5726300,0.0,0.0
2015-02-11 00:00:00-05:00,92.18093799948697,92.18996949635675,91.33150848320368,92.05442810058594,5868200,0.0,0.0
2015-02-12 00:00:00-05:00,92.31646442519217,93.84362124145316,91.90078126237117,93.59963989257812,6816800,0.0,0.0
2015-02-13 00:00:00-05:00,93.73519011294518,94.34966958676901,93.4640935913899,94.1327896118164,5175600,0.0,0.0
2015-02-17 00:00:00-05:00,94.18700993239483,94.38580622810912,93.59060036243987,94.08760833740234,4759300,0.0,0.0
2015-02-18 00:00:00-05:00,93.43698485760831,94.27737579716292,93.43698485760831,93.8526611328125,3760200,0.0,0.0
2015-02-19 00:00:00-05:00,93.97916996828246,94.05146329211384,93.57253208670495,93.87976837158203,5094100,0.0,0.0
2015-02-20 00:00:00-05:00,93.85265557784207,94.60268326435443,92.83153828142667,94.4761734008789,5197000,0.0,0.0
2015-02-23 00:00:00-05:00,94.6659369919588,95.09065162576883,94.3767706085114,94.87377166748047,5587100,0.0,0.0
2015-02-24 00:00:00-05:00,94.46713088622357,94.92799216548133,94.29543598146142,94.58460235595703,4098800,0.0,0.0
2015-02-25 00:00:00-05:00,94.59365909187702,95.76840159414941,94.58462070190741,95.39790344238281,6547200,0.0,0.0
2015-02-26 00:00:00-05:00,95.33464359577401,95.52440840974215,94.10568460546214,94.48521423339844,5049000,0.0,0.0
2015-02-27 00:00:00-05:00,94.58463101803625,95.00934576740003,93.94304314564901,94.05148315429688,4161600,0.0,0.0
2015-03-02 00:00:00-05:00,94.29544207349123,95.76838920577961,94.29544207349123,95.68705749511719,5635500,0.0,0.0
2015-03-03 00:00:00-05:00,95.58765196527848,96.3647879076198,95.0725741331937,96.10272979736328,4671900,0.0,0.0
2015-03-04 00:00:00-05:00,95.65996159732886,95.78647147981708,94.68402230875839,95.39790344238281,4972300,0.0,0.0
2015-03-05 00:00:00-05:00,95.37079637203088,95.61477775012115,94.76535522757551,94.9099349975586,3954700,0.0,0.0
2015-03-06 00:00:00-05:00,94.58462604863082,94.88283088604078,93.51832348290253,93.8165283203125,5704200,0.0,0.0
2015-03-09 00:00:00-04:00,93.92496258093641,95.26235473086844,93.81652258461564,95.1177749633789,4868900,0.0,0.0
2015-03-10 00:00:00-04:00,94.22315516223286,94.29544848901345,93.15685272216797,93.15685272216797,6472600,0.0,0.0
2015-03-11 00:00:00-04:00,93.53638289827074,93.97916742980385,92.95805011178284,92.97611999511719,4831900,0.0,0.0
2015-03-12 00:00:00-04:00,93.84361567892616,96.98830612079294,93.80746901933338,96.84371948242188,10730400,0.0,0.0
2015-03-13 00:00:00-04:00,96.94313366912141,96.94313366912141,95.35271491173924,96.18407440185547,8024200,0.0,0.0
2015-03-16 00:00:00-04:00,96.54552173512333,97.34977290459805,95.83164756261095,97.02445983886719,6407300,0.0,0.0
2015-03-17 00:00:00-04:00,96.69010784366104,96.87987264856507,95.9220102349721,96.65396118164062,4489400,0.0,0.0
2015-03-18 00:00:00-04:00,96.59974953888201,97.97328829402048,95.54248547463682,97.566650390625,5520600,0.0,0.0
2015-03-19 00:00:00-04:00,97.4491676078711,98.0275073091589,96.816618254656,97.02445983886719,4885600,0.0,0.0
2015-03-20 00:00:00-04:00,97.4401365456692,98.4431840204146,97.14193175171334,97.9823226928711,8710100,0.0,0.0
2015-03-23 00:00:00-04:00,98.1359397099821,98.36185117657702,97.62990023097613,97.79255676269531,5667000,0.0,0.0
2015-03-24 00:00:00-04:00,97.34073718330264,97.63894198410735,96.7624043604353,96.78951263427734,4493500,0.0,0.0
2015-03-25 00:00:00-04:00,97.09674984137196,97.10578823082781,94.88282012939453,94.88282012939453,6964700,0.0,0.0
2015-03-26 00:00:00-04:00,94.40390413075127,95.62382492177672,94.069552609661,95.0997085571289,5915800,0.0,0.0
2015-03-27 00:00:00-04:00,95.06355505856887,96.1931125421273,94.77438861854877,95.31658172607422,5330400,0.0,0.0
2015-03-30 00:00:00-04:00,95.84069689855814,96.64494132347501,95.83166540202444,95.8949203491211,3831900,0.0,0.0
2015-03-31 00:00:00-04:00,95.42501218297826,96.07563837852875,94.7834243774414,94.7834243774414,5701600,0.0,0.0
2015-04-01 00:00:00-04:00,95.27139526465383,95.78647319379299,94.20509274012187,95.28043365478516,6117200,0.0,0.0
2015-04-02 00:00:00-04:00,95.3255995588332,96.00333395182706,94.75630515065585,95.78646087646484,3651600,0.0,0.0
2015-04-06 00:00:00-04:00,95.16295149562083,96.30154730754992,94.91897012591457,95.45211791992188,4153500,0.0,0.0
2015-04-07 00:00:00-04:00,95.60575196200631,96.15697658741028,95.24429217406194,95.27140045166016,4694600,0.0,0.0
2015-04-08 00:00:00-04:00,95.09066842485038,96.40999071329756,95.02741348274235,96.11178588867188,4277400,0.0,0.0
2015-04-09 00:00:00-04:00,96.2473415396457,96.69012616833815,95.67804012276898,96.48228454589844,3924400,0.0,0.0
2015-04-10 00:00:00-04:00,96.4461392818433,96.78048388489302,96.15697284160672,96.64493560791016,3251500,0.0,0.0
2015-04-13 00:00:00-04:00,96.75336155586832,97.50338927120369,96.21117542095594,96.24732208251953,4201500,0.0,0.0
2015-04-14 00:00:00-04:00,96.1569620635973,96.96120635080545,95.88586554001819,96.38287353515625,5389300,0.0,0.0
2015-04-15 00:00:00-04:00,96.61781177865738,97.07867308850484,96.56359523430027,96.67203521728516,4307300,0.0,0.0
2015-04-16 00:00:00-04:00,96.82565177063164,97.86484585084406,96.5997403138146,97.68411254882812,6379100,0.0,0.0
2015-04-17 00:00:00-04:00,97.4130282484238,97.4130282484238,95.82260957532239,96.40998077392578,9663500,0.0,0.0
2015-04-20 00:00:00-04:00,97.44013542634889,98.0455765021983,96.9792741040994,97.79255676269531,8094200,0.0,0.0
2015-04-21 00:00:00-04:00,98.43414566419933,98.4883622106564,97.21422510901901,97.3045883178711,4579400,0.0,0.0
2015-04-22 00:00:00-04:00,97.61180668091596,97.81964822795052,96.6629828208094,97.53952026367188,4060500,0.0,0.0
2015-04-23 00:00:00-04:00,97.55761341482119,99.31068871870697,97.24133871934471,98.49740600585938,5983800,0.0,0.0
2015-04-24 00:00:00-04:00,98.97632598876953,99.83479365803757,98.6690897178931,98.97632598876953,6355600,0.0,0.0
2015-04-27 00:00:00-04:00,100.75652899820845,100.90111566745637,99.46431494246055,99.54564666748047,8479100,0.0,0.0
2015-04-28 00:00:00-04:00,100.07879369775354,100.44025347371038,98.39801159968519,99.32876586914062,7324500,0.0,0.0
2015-04-29 00:00:00-04:00,99.09380586876904,99.74442508070824,98.73234615484463,99.2293472290039,6024700,0.0,0.0
2015-04-30 00:00:00-04:00,99.1118840148029,99.57274536083436,97.30459218878116,98.244384765625,7770300,0.0,0.0
2015-05-01 00:00:00-04:00,99.35586327834814,100.00648942505097,98.74138379471447,99.87094116210938,6205100,0.0,0.0
2015-05-04 00:00:00-04:00,100.73843949614454,100.78361765078364,99.85286355511786,100.33179473876953,7566200,0.0,0.0
2015-05-05 00:00:00-04:00,102.35597139396832,102.38308656303937,99.90709175250376,100.13300323486328,14619300,0.0,0.0
2015-05-06 00:00:00-04:00,100.81073835409161,101.17219810713111,98.69621017435831,99.14803314208984,8975300,0.0,0.0
2015-05-07 00:00:00-04:00,99.03958185482901,99.20223838043617,98.24437600423319,98.73234558105469,8291200,0.0,0.0
2015-05-08 00:00:00-04:00,99.63598311792045,100.03358256297948,99.01246533929448,99.50043487548828,6260600,0.0,0.0
2015-05-11 00:00:00-04:00,99.52757150039798,99.52757150039798,98.03655419739522,98.13595581054688,6728500,0.0,0.0
2015-05-12 00:00:00-04:00,98.13594633283368,99.09381570394359,97.29555534461467,98.71427917480469,6345000,0.0,0.0
2015-05-13 00:00:00-04:00,99.12996767498171,99.28359274118786,98.29861497410953,98.66911315917969,4141400,0.0,0.0
2015-05-14 00:00:00-04:00,99.12093358846299,99.40106164693734,98.50645402251105,99.33780670166016,4662000,0.0,0.0
2015-05-15 00:00:00-04:00,99.49141633415074,100.02457102226607,99.11188669504779,99.67214965820312,5852200,0.0,0.0
2015-05-18 00:00:00-04:00,99.8257667753587,100.06974814245427,99.4100904757658,99.69925689697266,4868900,0.0,0.0
2015-05-19 00:00:00-04:00,100.02456761359686,100.2956572490301,99.8257644110498,99.90708923339844,4549600,0.0,0.0
2015-05-20 00:00:00-04:00,100.10588043886312,100.13298870973057,99.4191077017164,99.5817642211914,4393500,0.0,0.0
2015-05-21 00:00:00-04:00,99.43720429032099,99.97939049850596,99.31069440488689,99.75347900390625,4880600,0.0,0.0
2015-05-22 00:00:00-04:00,99.67215588337667,100.21434210085414,99.50949932870626,99.6360092163086,4267700,0.0,0.0
2015-05-26 00:00:00-04:00,99.55466956407027,100.16914906675146,98.28053239917428,98.89501190185547,5970800,0.0,0.0
2015-05-27 00:00:00-04:00,98.95826133768377,99.95227041767369,98.76849653194422,99.73539733886719,3984200,0.0,0.0
2015-05-28 00:00:00-04:00,99.50045236452551,99.88902038418505,99.03959101695926,99.8799819946289,3392000,0.0,0.0
2015-05-29 00:00:00-04:00,99.69925067668763,99.87093870420195,98.8678981293703,99.73539733886719,5264900,0.0,0.0
2015-06-01 00:00:00-04:00,100.73843911622494,101.00049033724679,99.89804822727729,100.26853942871094,6778900,0.0,0.0
2015-06-02 00:00:00-04:00,100.23240691388412,100.53061173139791,99.41912418169717,100.07878875732422,4425900,0.0,0.0
2015-06-03 00:00:00-04:00,100.07877576456252,101.04567652778115,99.8528643068547,100.45830535888672,4510300,0.0,0.0
2015-06-04 00:00:00-04:00,100.2595140021271,100.53061054107,99.39201472948977,99.67214965820312,5748200,0.0,0.0
2015-06-05 00:00:00-04:00,99.67214965820312,100.09685745761566,99.22032668947922,99.67214965820312,4323500,0.0,0.0
2015-06-08 00:00:00-04:00,99.42816416053276,99.61792898536376,98.68717474698101,98.75946807861328,6068100,0.0,0.0
2015-06-09 00:00:00-04:00,98.81367980552703,98.8679032487395,97.2774845018414,98.06365203857422,7711800,0.0,0.0
2015-06-10 00:00:00-04:00,98.40704521735528,99.62696586955678,98.25342706066229,99.40105438232422,5128700,0.0,0.0
2015-06-11 00:00:00-04:00,99.41007161845047,100.26853232955125,99.41007161845047,99.96129608154297,5036300,0.0,0.0
2015-06-12 00:00:00-04:00,99.69926299390423,99.87998943285878,98.9853818397718,99.35587310791016,4009900,0.0,0.0
2015-06-15 00:00:00-04:00,98.74137680047603,99.7715393892991,98.43414052755746,99.5636978149414,5742200,0.0,0.0
2015-06-16 00:00:00-04:00,99.71731427639455,100.56674354840553,99.31067641747507,100.35890197753906,3848300,0.0,0.0
2015-06-17 00:00:00-04:00,100.48543176365642,101.15413476301603,100.19626532138021,100.74748992919922,4732300,0.0,0.0
2015-06-18 00:00:00-04:00,101.05472375248348,102.6089958204986,100.82881227502247,102.310791015625,6929900,0.0,0.0
2015-06-19 00:00:00-04:00,101.9583729130667,102.54574415204671,101.56980488367421,101.76860809326172,9587700,0.0,0.0
2015-06-22 00:00:00-04:00,102.47344800776796,103.44034885980079,102.35596962663581,102.5909194946289,5906200,0.0,0.0
2015-06-23 00:00:00-04:00,102.9523782187992,103.48552599342851,102.76261340608683,103.3861312866211,6003100,0.0,0.0
2015-06-24 00:00:00-04:00,103.28672312453081,103.52166608100039,102.75356848949758,102.80778503417969,5636200,0.0,0.0
2015-06-25 00:00:00-04:00,103.57588913226319,104.17229180434605,103.36804755464193,103.4222640991211,6213500,0.0,0.0
2015-06-26 00:00:00-04:00,103.89217791687601,104.08194274261113,103.38613838158233,103.91024780273438,9509600,0.0,0.0
2015-06-29 00:00:00-04:00,103.16022067106567,104.09097485777441,102.11198810340883,102.15717315673828,7618200,0.0,0.0
2015-06-30 00:00:00-04:00,102.95237082104059,103.79276172796301,102.6089878837978,103.14213562011719,6946700,0.0,0.0
2015-07-01 00:00:00-04:00,104.47822027442037,104.75089348674472,103.92378982789728,104.6418228149414,5435400,0.66,0.0
2015-07-02 00:00:00-04:00,104.86904490766929,105.13262715552553,104.02376629708468,104.49639892578125,5549500,0.0,0.0
2015-07-06 00:00:00-04:00,104.0419670271398,105.3053396935445,103.86018254692794,105.159912109375,5880500,0.0,0.0
2015-07-07 00:00:00-04:00,105.8143121134024,106.51417015923914,104.39642797702199,106.43236541748047,8359900,0.0,0.0
2015-07-08 00:00:00-04:00,105.88703181124299,106.05063436952781,104.62365919674245,104.69637298583984,8445200,0.0,0.0
2015-07-09 00:00:00-04:00,106.18696743618376,106.53234752128283,104.98721769370952,105.06901550292969,7016800,0.0,0.0
2015-07-10 00:00:00-04:00,106.3869271325349,106.73230721844625,105.13263857992891,105.8324966430664,7020700,0.0,0.0
2015-07-13 00:00:00-04:00,107.02315653668798,107.53213918104927,106.56870576583155,107.29582977294922,7595200,0.0,0.0
2015-07-14 00:00:00-04:00,107.27764674263388,107.37762646593147,106.97770757274111,107.11404418945312,5061700,0.0,0.0
2015-07-15 00:00:00-04:00,107.28673968588866,108.06839557284957,107.11404617256495,107.52305603027344,4845200,0.0,0.0
2015-07-16 00:00:00-04:00,108.15927756355057,108.29561417424378,107.74118370929463,108.222900390625,6303000,0.0,0.0
2015-07-17 00:00:00-04:00,107.87752423261882,108.06839272076475,107.2776458975588,108.03203582763672,5109900,0.0,0.0
2015-07-20 00:00:00-04:00,108.42286486646478,108.9772953571766,108.05930286584531,108.68644714355469,6951000,0.0,0.0
2015-07-21 00:00:00-04:00,108.85005754904614,108.88641444516755,108.00477878373799,108.44104766845703,4785200,0.0,0.0
2015-07-22 00:00:00-04:00,108.41377303613102,108.79551001324046,108.0956588885398,108.45922088623047,4714100,0.0,0.0
2015-07-23 00:00:00-04:00,108.4319593267871,108.76824846737144,107.7684581341417,107.97750854492188,3347200,0.0,0.0
2015-07-24 00:00:00-04:00,108.4773960882081,108.88640593683738,107.77754496207157,108.07748413085938,4320900,0.0,0.0
2015-07-27 00:00:00-04:00,107.8229878178771,107.97750635069143,107.05042289127941,107.47760772705078,5179300,0.0,0.0
2015-07-28 00:00:00-04:00,107.86843173219775,108.06839117435644,107.1322237264028,107.66847229003906,6447300,0.0,0.0
2015-07-29 00:00:00-04:00,108.02294183741658,108.94093429360872,107.62302989297464,108.9227523803711,6083500,0.0,0.0
2015-07-30 00:00:00-04:00,108.80460313790688,109.38629957205407,108.16837483004855,109.09545135498047,4430100,0.0,0.0
2015-07-31 00:00:00-04:00,109.17724694217323,109.7225864366473,108.70461429509257,109.06817626953125,5767300,0.0,0.0
2015-08-03 00:00:00-04:00,109.86800977238904,110.64058158749143,109.22269054568775,110.08615112304688,8426900,0.0,0.0
2015-08-04 00:00:00-04:00,110.43153165562309,110.95869618703408,109.62260987972641,110.6042251586914,12624400,0.0,0.0
2015-08-05 00:00:00-04:00,100.73356497462579,103.56933349998242,99.52472419458911,100.46089172363281,61011200,0.0,0.0
2015-08-06 00:00:00-04:00,100.34272893294415,100.34272893294415,94.74389225586229,98.66126251220703,57175200,0.0,0.0
2015-08-07 00:00:00-04:00,98.84303483364606,99.5792428051334,97.85233556013185,99.38837432861328,15791600,0.0,0.0
2015-08-10 00:00:00-04:00,99.97915250761015,100.88805389404297,99.74283620551479,100.88805389404297,11617000,0.0,0.0
2015-08-11 00:00:00-04:00,100.28818786921653,100.42452448066561,98.1159138457302,98.16136169433594,13574000,0.0,0.0
2015-08-12 00:00:00-04:00,97.25246101282336,97.65237989392998,95.89819971230526,97.24337005615234,16923500,0.0,0.0
2015-08-13 00:00:00-04:00,97.44332516250533,98.62489983992768,97.02523132102134,97.72508239746094,9754500,0.0,0.0
2015-08-14 00:00:00-04:00,97.80689108532982,97.86142295639647,96.81618484328766,97.39788818359375,7104500,0.0,0.0
2015-08-17 00:00:00-04:00,97.5251223289095,99.3247432053956,97.10702158551645,99.1156997680664,7954000,0.0,0.0
2015-08-18 00:00:00-04:00,98.19770423745649,98.3885726918478,97.07066848727428,97.19791412353516,12021500,0.0,0.0
2015-08-19 00:00:00-04:00,96.870725111482,97.93413821954798,96.13451016912474,96.7525634765625,9484400,0.0,0.0
2015-08-20 00:00:00-04:00,94.83477144836742,95.43464971794809,90.67200818793246,90.90831756591797,34651300,0.0,0.0
2015-08-21 00:00:00-04:00,88.61789082277357,91.46274984717331,87.80896909206382,89.8358154296875,30875700,0.0,0.0
2015-08-24 00:00:00-04:00,84.87322345899379,90.89015416081222,81.80113874473099,86.6728515625,30159200,0.0,0.0
2015-08-25 00:00:00-04:00,90.64474925460506,90.97194741357312,87.00005231372432,87.1545639038086,19079400,0.0,0.0
2015-08-26 00:00:00-04:00,89.6995075154801,90.42662468667714,87.49087619270608,90.19031524658203,13755900,0.0,0.0
2015-08-27 00:00:00-04:00,92.11717351780176,93.27148240478715,90.69019831811346,92.86247253417969,17532200,0.0,0.0
2015-08-28 00:00:00-04:00,92.88065142253099,93.92588265538714,92.53526439624528,93.14423370361328,11005200,0.0,0.0
2015-08-31 00:00:00-04:00,92.98062083110459,93.12604145679913,91.71724837412648,92.598876953125,8518200,0.0,0.0
2015-09-01 00:00:00-04:00,90.26300161946706,92.10807047061753,90.12667194819413,90.44478607177734,14212600,0.0,0.0
2015-09-02 00:00:00-04:00,91.72634320355537,92.65342667226709,90.48115251205371,92.60797882080078,12148200,0.0,0.0
2015-09-03 00:00:00-04:00,92.88973629257595,93.64412624865462,92.2171510824469,92.69886779785156,8953300,0.0,0.0
2015-09-04 00:00:00-04:00,91.76268333648576,92.54433908522292,91.21734389034451,91.77177429199219,9213800,0.0,0.0
2015-09-08 00:00:00-04:00,93.57141072688444,94.66209673501166,93.18058278748667,94.53485107421875,8571500,0.0,0.0
2015-09-09 00:00:00-04:00,95.20744456617336,95.38922211617978,92.41711687392377,92.62616729736328,9577500,0.0,0.0
2015-09-10 00:00:00-04:00,92.57162732231518,93.81682502076546,92.0990015376125,93.25330352783203,9026100,0.0,0.0
2015-09-11 00:00:00-04:00,93.02609383246485,94.98023400508951,92.88975718146868,94.9620590209961,9529800,0.0,0.0
2015-09-14 00:00:00-04:00,95.11655737881821,95.34378278730351,93.60777733797866,94.36216735839844,6959800,0.0,0.0
2015-09-15 00:00:00-04:00,93.84408025226054,94.34397885301743,92.55344178132043,94.00768280029297,9171400,0.0,0.0
2015-09-16 00:00:00-04:00,93.9077063431946,94.5893824946215,93.3896327454849,94.4894027709961,6509700,0.0,0.0
2015-09-17 00:00:00-04:00,94.70753479003906,96.29811243626389,94.29853188332855,94.70753479003906,7792600,0.0,0.0
2015-09-18 00:00:00-04:00,93.79864832788525,94.71664094404983,93.06244020393457,93.47144317626953,13559400,0.0,0.0
2015-09-21 00:00:00-04:00,94.2349099419824,94.37124655695878,93.12604897724792,93.98950958251953,7152300,0.0,0.0
2015-09-22 00:00:00-04:00,92.87157825639139,93.38965196069637,92.23534982456766,93.15333557128906,8330100,0.0,0.0
2015-09-23 00:00:00-04:00,93.10787789494525,93.28056447573266,92.14443752732447,92.31713104248047,5818000,0.0,0.0
2015-09-24 00:00:00-04:00,91.79904674274071,92.09898588644546,90.19937824401651,91.45366668701172,10706800,0.0,0.0
2015-09-25 00:00:00-04:00,92.26259656094527,92.52617883765231,90.50841632479514,91.16282653808594,7179800,0.0,0.0
2015-09-28 00:00:00-04:00,90.79927002158703,91.24462985805195,89.34502886776468,89.51771545410156,8238300,0.0,0.0
2015-09-29 00:00:00-04:00,89.53587940105133,90.9446724190129,88.86328736820958,90.36297607421875,9466900,0.0,0.0
2015-09-30 00:00:00-04:00,91.59908634620851,93.09877511452595,91.34459505158352,92.88972473144531,9190000,0.0,0.0
2015-10-01 00:00:00-04:00,93.58958299756706,94.04403372053525,91.87175981949673,93.31690979003906,7503700,0.0,0.0
2015-10-02 00:00:00-04:00,91.98992483312935,93.62595039313756,90.78108411014377,93.61685943603516,9105600,0.0,0.0
2015-10-05 00:00:00-04:00,94.25309056192305,94.70754134946243,93.26239117358413,94.3894271850586,7144600,0.0,0.0
2015-10-06 00:00:00-04:00,94.69844002891648,94.98928820244085,93.8077135969164,94.31669616699219,5660600,0.0,0.0
2015-10-07 00:00:00-04:00,94.971119032578,95.06200779880434,93.30783450096777,93.97132873535156,6947200,0.0,0.0
2015-10-08 00:00:00-04:00,93.79863804025301,95.33468389273605,93.34418726111542,95.08019256591797,7499100,0.0,0.0
2015-10-09 00:00:00-04:00,95.51644924580988,96.38900073268884,95.13471230428014,95.94363403320312,7341800,0.0,0.0
2015-10-12 00:00:00-04:00,96.26176254924968,96.97978864211842,95.9981802784132,96.66167449951172,5179000,0.0,0.0
2015-10-13 00:00:00-04:00,96.1072416387054,97.6069304845117,95.71641372051792,96.87980651855469,8342700,0.0,0.0
2015-10-14 00:00:00-04:00,96.79801090224785,97.11612504416094,95.64370903462945,96.09815979003906,5563600,0.0,0.0
2015-10-15 00:00:00-04:00,96.79800599772666,98.16135819487775,96.5798715878055,98.0613784790039,6739200,0.0,0.0
2015-10-16 00:00:00-04:00,98.40675964813032,98.61581003850434,97.67055167237055,98.3794937133789,5908900,0.0,0.0
2015-10-19 00:00:00-04:00,98.38859080408116,99.95190254806528,98.10683354825905,99.49745178222656,8001900,0.0,0.0
2015-10-20 00:00:00-04:00,99.57017250347081,100.46089218330165,99.44292683492355,99.83374786376953,9674400,0.0,0.0
2015-10-21 00:00:00-04:00,100.58813104536277,101.39705285540552,99.98825963914123,100.06096649169922,8769800,0.0,0.0
2015-10-22 00:00:00-04:00,100.58813023757473,103.02398660509934,100.33363891974457,102.93309783935547,10028900,0.0,0.0
2015-10-23 00:00:00-04:00,103.80563078245795,103.80563078245795,101.66062286749128,102.78765869140625,7928400,0.0,0.0
2015-10-26 00:00:00-04:00,102.76950200408446,103.23304375435319,101.90604827153157,103.17850494384766,5729600,0.0,0.0
2015-10-27 00:00:00-04:00,102.96944712529582,103.86016667189632,102.93309023481059,103.40571594238281,5857600,0.0,0.0
2015-10-28 00:00:00-04:00,103.58750087462506,104.03286064998822,102.57861969568252,103.92378997802734,6452900,0.0,0.0
2015-10-29 00:00:00-04:00,103.92380045652898,104.88724082007283,103.79655479359522,104.5600357055664,6125100,0.0,0.0
2015-10-30 00:00:00-04:00,104.52368939120396,104.74182384483177,103.31484853660488,103.37847137451172,8501600,0.0,0.0
2015-11-02 00:00:00-05:00,104.06013707663476,104.80543607426195,103.62386821353856,104.5600357055664,6949500,0.0,0.0
2015-11-03 00:00:00-05:00,104.49639941922543,105.79612875272703,104.10557152357481,105.01447296142578,7132100,0.0,0.0
2015-11-04 00:00:00-05:00,106.01427345834036,106.18696696731153,100.71537589648982,102.93309783935547,20740800,0.0,0.0
2015-11-05 00:00:00-05:00,102.94218027149584,103.55114257935614,101.43340053449157,102.70586395263672,14843700,0.0,0.0
2015-11-06 00:00:00-05:00,104.16012023492435,106.11426002918786,104.13285429687838,105.13264465332031,16803400,0.0,0.0
2015-11-09 00:00:00-05:00,105.34170523608108,106.096095288551,104.68729492234186,105.8143310546875,9317500,0.0,0.0
2015-11-10 00:00:00-05:00,105.58709386120447,106.80502557247436,104.98722243008902,106.72322082519531,8240500,0.0,0.0
2015-11-11 00:00:00-05:00,106.84137149057034,106.86863742540584,105.82339933904822,105.90519714355469,6381700,0.0,0.0
2015-11-12 00:00:00-05:00,105.06899794918999,106.33237031033273,104.52365850905964,105.62342834472656,7223000,0.0,0.0
2015-11-13 00:00:00-05:00,105.35984235169951,105.81429302464615,103.96013344689985,104.37822723388672,8078100,0.0,0.0
2015-11-16 00:00:00-05:00,103.13304984706176,105.50528321405265,103.01488821918458,105.35985565185547,5770200,0.0,0.0
2015-11-17 00:00:00-05:00,105.53255286550737,106.84137323391082,104.9872133567953,105.55072784423828,6434400,0.0,0.0
2015-11-18 00:00:00-05:00,105.63254277119844,107.50487780760486,105.47803116679707,107.37763214111328,6744600,0.0,0.0
2015-11-19 00:00:00-05:00,107.37760977310249,108.30469307512598,106.92315907762318,107.89568328857422,6101000,0.0,0.0
2015-11-20 00:00:00-05:00,108.25926079131979,109.29540797118278,108.0683923039101,109.13180541992188,10821700,0.0,0.0
2015-11-23 00:00:00-05:00,109.34086106978457,109.65897523073805,108.15928626125034,108.54102325439453,6986400,0.0,0.0
2015-11-24 00:00:00-05:00,107.15948462426219,107.76844694448421,106.59596321688736,107.20492553710938,9158200,0.0,0.0
2015-11-25 00:00:00-05:00,107.5139567873659,108.46829917973356,107.3867111350502,107.85933685302734,4751500,0.0,0.0
2015-11-27 00:00:00-05:00,105.43256958318774,105.88702031414975,103.34209344701533,104.6418228149414,14912000,0.0,0.0
2015-11-30 00:00:00-05:00,105.03264972005321,105.05083163236442,102.98762145021188,103.13304901123047,16560300,0.0,0.0
2015-12-01 00:00:00-05:00,103.75109229971504,104.94175086999329,103.30573257206676,104.87812805175781,8896100,0.0,0.0
2015-12-02 00:00:00-05:00,104.87812604273877,104.95083981486275,103.46024215815633,103.61475372314453,7787800,0.0,0.0
2015-12-03 00:00:00-05:00,103.7692775471823,104.20555329709967,101.28798045602863,101.69698333740234,10446600,0.0,0.0
2015-12-04 00:00:00-05:00,102.4695563381968,103.89653145996449,102.2786878494166,103.8329086303711,8771300,0.0,0.0
2015-12-07 00:00:00-05:00,104.12374501138409,104.12374501138409,102.38774689579897,103.46025085449219,6738500,0.0,0.0
2015-12-08 00:00:00-05:00,103.02397804428483,103.11486680247626,102.1605244399146,102.23323822021484,7480600,0.0,0.0
2015-12-09 00:00:00-05:00,102.15144195108671,102.76040430925053,100.50633240804558,101.31525421142578,9050700,0.0,0.0
2015-12-10 00:00:00-05:00,101.67198984283829,102.06532305075615,100.77555358567008,101.31524658203125,7030200,0.71,0.0
2015-12-11 00:00:00-05:00,101.31523935047402,101.31523935047402,98.44299500606449,98.82717895507812,12334900,0.0,0.0
2015-12-14 00:00:00-05:00,99.41261623496243,100.50114453542245,99.04672372416064,100.02548217773438,9702600,0.0,0.0
2015-12-15 00:00:00-05:00,102.49526560157764,103.6844077030233,102.065342365192,102.59588623046875,13361700,0.0,0.0
2015-12-16 00:00:00-05:00,104.91011694166046,104.96499836771589,102.26655457811233,104.08686065673828,12304500,0.0,0.0
2015-12-17 00:00:00-05:00,104.39787465716826,104.71803494984691,102.43121559539271,102.45865631103516,9375000,0.0,0.0
2015-12-18 00:00:00-05:00,102.45865230059329,102.85198549331629,98.19601784090588,98.53446960449219,28376900,0.0,0.0
2015-12-21 00:00:00-05:00,99.52238615748581,100.71152809497137,96.34827961550825,97.5008316040039,22847200,0.0,0.0
2015-12-22 00:00:00-05:00,97.86673586857948,98.05882788973176,96.80565513571645,97.63805389404297,8644500,0.0,0.0
2015-12-23 00:00:00-05:00,98.06794915300148,98.09538986550834,95.40609535756528,96.55864715576172,12372900,0.0,0.0
2015-12-24 00:00:00-05:00,96.2293755807457,97.54658603503353,96.10131422866996,96.83309936523438,4356100,0.0,0.0
2015-12-28 00:00:00-05:00,97.4185073959244,98.97354181165566,97.26300535011507,98.10455322265625,9092700,0.0,0.0
2015-12-29 00:00:00-05:00,98.68082124277224,98.82718102383261,97.37276035952365,97.94904327392578,8607200,0.0,0.0
2015-12-30 00:00:00-05:00,97.7752665372353,98.06797919166443,97.18984122837705,97.27216339111328,4917000,0.0,0.0
2015-12-31 00:00:00-05:00,97.08919991194634,97.24470194986142,96.10129229668811,96.11959075927734,6670100,0.0,0.0
2016-01-04 00:00:00-05:00,94.32672312414866,94.61028647849122,93.05525217692305,94.19866180419922,12531500,0.0,0.0
2016-01-05 00:00:00-05:00,93.91510089053342,93.91510089053342,91.37215874103023,92.29603576660156,16212900,0.0,0.0
2016-01-06 00:00:00-05:00,90.90563441967224,92.80826967094865,90.88734293673348,91.80207061767578,13934500,0.0,0.0
2016-01-07 00:00:00-05:00,90.52146514111618,92.70766409462138,90.11898266304175,91.01541900634766,14680200,0.0,0.0
2016-01-08 00:00:00-05:00,92.04904967007023,92.31432155128192,90.55804597100322,90.78672790527344,10691600,0.0,0.0
2016-01-11 00:00:00-05:00,91.66486140737663,91.88439409993714,90.14641706384027,91.39958953857422,9583200,0.0,0.0
2016-01-12 00:00:00-05:00,92.36005109568758,93.1650089079797,91.78376821499407,92.80826568603516,8863900,0.0,0.0
2016-01-13 00:00:00-05:00,93.19247431299111,93.19247431299111,89.75310249377426,90.08240509033203,11615400,0.0,0.0
2016-01-14 00:00:00-05:00,90.2379097754426,91.39046889685531,88.90240786343998,90.65868377685547,11147500,0.0,0.0
2016-01-15 00:00:00-05:00,87.46626954556656,88.61882148025875,85.4904542652619,85.89293670654297,22337000,0.0,0.0
2016-01-19 00:00:00-05:00,86.89913870737583,86.96316937253376,85.09712387230655,85.95697021484375,13286800,0.0,0.0
2016-01-20 00:00:00-05:00,84.31961555947615,85.65511741576124,82.70969254993503,84.64891815185547,16918100,0.0,0.0
2016-01-21 00:00:00-05:00,84.95076946617301,86.77107575198804,84.42937492284634,86.00270080566406,12078200,0.0,0.0
2016-01-22 00:00:00-05:00,87.76811997668773,89.11277081158192,87.40223447993758,88.63711547851562,12303800,0.0,0.0
2016-01-25 00:00:00-05:00,88.19806108019534,88.43589228458985,87.00891901586269,87.16442108154297,7812200,0.0,0.0
2016-01-26 00:00:00-05:00,87.34735026870621,88.20719658077847,86.98145777555935,88.06083679199219,6915600,0.0,0.0
2016-01-27 00:00:00-05:00,88.09743658581992,88.39014921729006,85.8655053879175,86.27713012695312,6328900,0.0,0.0
2016-01-28 00:00:00-05:00,87.08207510546457,87.08207510546457,84.49340099289098,85.55448150634766,7312700,0.0,0.0
2016-01-29 00:00:00-05:00,86.17649591129066,87.64920806884766,85.6459521695631,87.64920806884766,8211600,0.0,0.0
2016-02-01 00:00:00-05:00,86.97231577247383,87.54859174013124,86.62471476251828,87.03634643554688,7027200,0.0,0.0
2016-02-02 00:00:00-05:00,85.98440119864732,86.13990322802636,84.9507614412935,85.179443359375,7244400,0.0,0.0
2016-02-03 00:00:00-05:00,86.07589617275737,87.2741944976831,84.53915298271066,87.02721405029297,10878000,0.0,0.0
2016-02-04 00:00:00-05:00,86.78021992813255,88.48161401856947,86.53323953952346,87.29246520996094,8350300,0.0,0.0
2016-02-05 00:00:00-05:00,87.1918484303624,87.25587909340085,85.49960349678707,85.89293670654297,8898500,0.0,0.0
2016-02-08 00:00:00-05:00,84.66720787070625,85.03310040780092,81.87729210535133,84.26473236083984,13750100,0.0,0.0
2016-02-09 00:00:00-05:00,82.46271233732551,85.25262793230533,81.4473639238327,84.44766998291016,19237400,0.0,0.0
2016-02-10 00:00:00-05:00,80.49604993136121,82.35294633021216,78.89527621113528,81.27356719970703,32649800,0.0,0.0
2016-02-11 00:00:00-05:00,79.581315526963,83.29510801833251,79.5447255789176,82.60906219482422,17523800,0.0,0.0
2016-02-12 00:00:00-05:00,83.7158862300292,83.77991689767548,81.96875973921243,83.37744140625,10786100,0.0,0.0
2016-02-16 00:00:00-05:00,84.58487565245053,85.35324360801496,83.96286050702362,84.98735809326172,9050900,0.0,0.0
2016-02-17 00:00:00-05:00,85.68254528780156,88.2163450226373,85.58192467861639,87.35649871826172,12610000,0.0,0.0
2016-02-18 00:00:00-05:00,88.1248715583968,88.22549217316804,86.39603660106445,87.05464172363281,8773900,0.0,0.0
2016-02-19 00:00:00-05:00,87.10952062651798,87.55773523868174,86.49664777286894,86.90827941894531,6838200,0.0,0.0
2016-02-22 00:00:00-05:00,86.90829049179311,88.72859686516365,86.90829049179311,88.1523208618164,6980400,0.0,0.0
2016-02-23 00:00:00-05:00,88.2712322624371,88.56394487783334,87.03635113432229,87.24673461914062,6253800,0.0,0.0
2016-02-24 00:00:00-05:00,86.57897871632323,87.58517779655124,85.28006704950494,87.29246520996094,6945600,0.0,0.0
2016-02-25 00:00:00-05:00,87.74067915740463,87.76811987174624,86.30455695004002,87.49370574951172,4562300,0.0,0.0
2016-02-26 00:00:00-05:00,87.54860893569135,88.01512213189147,87.15527564846776,87.1827163696289,5277000,0.0,0.0
2016-02-29 00:00:00-05:00,87.1827020110361,88.07913830130911,87.10952909293104,87.37479400634766,7794400,0.0,0.0
2016-03-01 00:00:00-05:00,87.72239982891364,89.3323227552703,87.38394802122825,89.32317352294922,7139900,0.0,0.0
2016-03-02 00:00:00-05:00,89.34146551978797,89.48782532248458,88.18891347824,88.72859954833984,6498600,0.0,0.0
2016-03-03 00:00:00-05:00,89.45122602001904,90.41168595422985,88.62796966296779,90.39339447021484,8581300,0.0,0.0
2016-03-04 00:00:00-05:00,90.55806051934886,90.75015253753757,89.55186124267563,90.08240509033203,6739800,0.0,0.0
2016-03-07 00:00:00-05:00,90.16473354256208,91.2075228448302,90.08241137708741,90.91481018066406,7218700,0.0,0.0
2016-03-08 00:00:00-05:00,90.49401657354912,90.53975575257004,89.27742699130874,89.47866821289062,6229300,0.0,0.0
2016-03-09 00:00:00-05:00,89.64331761622913,89.86285031754656,88.55478938338149,89.33231353759766,7010700,0.0,0.0
2016-03-10 00:00:00-05:00,89.58843117312522,90.02749655119435,87.6949451555085,88.76517486572266,5453500,0.0,0.0
2016-03-11 00:00:00-05:00,89.24998815445484,89.96347469776194,89.2225474379921,89.58843994140625,5605800,0.0,0.0
2016-03-14 00:00:00-04:00,89.58843814939492,90.75928855384475,89.49695979125691,90.38424682617188,6175000,0.0,0.0
2016-03-15 00:00:00-04:00,89.66160516595973,89.94517549565501,89.08532923323048,89.86284637451172,5942400,0.0,0.0
2016-03-16 00:00:00-04:00,89.78967660962734,90.63122443959074,89.15851224774543,90.0457992553711,6079400,0.0,0.0
2016-03-17 00:00:00-04:00,89.8994473961204,91.39045818201684,89.8994473961204,91.10688781738281,6385600,0.0,0.0
2016-03-18 00:00:00-04:00,91.45449087910768,91.60999293421135,90.5214645908468,90.74099731445312,10205100,0.0,0.0
2016-03-21 00:00:00-04:00,90.48486847621226,90.66781821577038,89.36889949077411,90.06409454345703,7070300,0.0,0.0
2016-03-22 00:00:00-04:00,89.2682822678592,89.93603662966494,89.13107868150529,89.25914001464844,6475700,0.0,0.0
2016-03-23 00:00:00-04:00,89.38719673781297,89.50610883279343,88.49990970478191,88.57308959960938,5517700,0.0,0.0
2016-03-24 00:00:00-04:00,88.3169665444488,89.17680587889078,88.08828460826827,88.9298324584961,5577700,0.0,0.0
2016-03-28 00:00:00-04:00,89.18596091796033,90.06409877261731,89.14022173621827,89.72564697265625,5317100,0.0,0.0
2016-03-29 00:00:00-04:00,89.64332830614079,89.98178011926352,89.05790304693687,89.78968811035156,5170800,0.0,0.0
2016-03-30 00:00:00-04:00,90.46658166384093,90.64037520187304,89.96347857759689,90.4757308959961,5677500,0.0,0.0
2016-03-31 00:00:00-04:00,90.56719201595863,91.81122225292455,90.56719201595863,90.84160614013672,7038800,0.0,0.0
2016-04-01 00:00:00-04:00,90.37509691139499,90.86904371360501,90.1738557066629,90.6220703125,5895500,0.0,0.0
2016-04-04 00:00:00-04:00,90.83246112577878,90.9605224422648,90.17385608166873,90.26532745361328,5334700,0.0,0.0
2016-04-05 00:00:00-04:00,88.59138897801665,89.28658408318651,87.95108228826777,88.72859954833984,10818800,0.0,0.0
2016-04-06 00:00:00-04:00,88.69200123910194,89.30486715279201,88.57308914473217,89.16766357421875,6952400,0.0,0.0
2016-04-07 00:00:00-04:00,88.82921657854185,89.11277996128379,87.74068827113494,87.9602279663086,7525400,0.0,0.0
2016-04-08 00:00:00-04:00,88.39014345024154,88.58223544784636,87.63092469175177,88.19805145263672,6982700,0.0,0.0
2016-04-11 00:00:00-04:00,88.66456045250732,89.31401631290402,87.99680612910291,88.06083679199219,5916600,0.0,0.0
2016-04-12 00:00:00-04:00,88.07000088889686,89.21341076121597,87.87790886780564,89.04875946044922,6277200,0.0,0.0
2016-04-13 00:00:00-04:00,89.67075671584651,91.29897093068278,89.60672605499852,90.99711608886719,7967400,0.0,0.0
2016-04-14 00:00:00-04:00,91.28068441900544,91.35386431505161,89.88115205651269,90.21959686279297,6676200,0.0,0.0
2016-04-15 00:00:00-04:00,90.10069938311712,90.4574427106939,89.80798673026385,90.18302154541016,6146800,0.0,0.0
2016-04-18 00:00:00-04:00,91.10686860012477,93.25647708880234,91.0153972348483,92.8265609741211,10665200,0.0,0.0
2016-04-19 00:00:00-04:00,93.30223953652767,94.80239263351528,93.23820886697891,93.88766479492188,10639800,0.0,0.0
2016-04-20 00:00:00-04:00,94.23526912628111,94.65605011923107,93.2656597449746,94.46395111083984,7712000,0.0,0.0
2016-04-21 00:00:00-04:00,94.54626062049127,95.24145566325309,93.89680475667097,94.13463592529297,6824800,0.0,0.0
2016-04-22 00:00:00-04:00,94.27183172638551,95.12252874124982,94.15291964129504,94.9212875366211,5731300,0.0,0.0
2016-04-25 00:00:00-04:00,94.67431780320715,95.6988153488146,94.5371072512069,95.653076171875,6117100,0.0,0.0
2016-04-26 00:00:00-04:00,95.6622373893863,96.56781597994609,95.2963448644793,95.94580078125,6452900,0.0,0.0
2016-04-27 00:00:00-04:00,96.2202138634109,96.59524861039597,95.82688065336185,96.30253601074219,5996100,0.0,0.0
2016-04-28 00:00:00-04:00,95.62563171938189,96.49462021671842,94.94873519580969,95.15911865234375,5658300,0.0,0.0
2016-04-29 00:00:00-04:00,95.08594560181852,95.32377676783842,93.66812179478862,94.45478820800781,7006900,0.0,0.0
2016-05-02 00:00:00-04:00,94.49139680384243,95.65309819004092,94.0340328444411,95.46100616455078,5285700,0.0,0.0
2016-05-03 00:00:00-04:00,95.02191418739821,95.1225347961174,94.39075679858176,94.9304428100586,6243300,0.0,0.0
2016-05-04 00:00:00-04:00,94.5005161961781,95.5707529061628,94.3998955911469,94.82981872558594,6445100,0.0,0.0
2016-05-05 00:00:00-04:00,95.11338759092729,96.16531884378607,94.62857605651624,95.98237609863281,6466000,0.0,0.0
2016-05-06 00:00:00-04:00,95.59819866492846,96.72330988409215,95.48842882306077,96.54036712646484,7407500,0.0,0.0
2016-05-09 00:00:00-04:00,96.97030247501799,97.5831684668217,96.01898466235176,96.35742950439453,8130300,0.0,0.0
2016-05-10 00:00:00-04:00,96.53122080966796,97.6471898098198,96.45804091287985,97.50997924804688,15177200,0.0,0.0
2016-05-11 00:00:00-04:00,92.80826402015171,93.75958158786726,92.03989616477644,93.56748962402344,27068100,0.0,0.0
2016-05-12 00:00:00-04:00,93.75959253286975,94.07974584331579,92.50641302761663,93.03695678710938,11251700,0.0,0.0
2016-05-13 00:00:00-04:00,93.03696892814268,93.33883079402045,91.8020877245205,91.94844055175781,9570200,0.0,0.0
2016-05-16 00:00:00-04:00,91.84780979325025,92.08563396554602,90.89649216761204,91.80207061767578,9113000,0.0,0.0
2016-05-17 00:00:00-04:00,92.19540963833182,92.65277350776766,91.06114919620025,91.41789245605469,8694400,0.0,0.0
2016-05-18 00:00:00-04:00,91.09774578920086,91.26239708597618,89.9726344102528,90.55805969238281,9323100,0.0,0.0
2016-05-19 00:00:00-04:00,90.173865999928,90.20130671664775,89.19510755694887,90.01836395263672,7063500,0.0,0.0
2016-05-20 00:00:00-04:00,90.55803608157719,91.40873306331441,90.34764565434409,91.27152252197266,7297000,0.0,0.0
2016-05-23 00:00:00-04:00,91.10689368298428,91.77464809309755,90.66782821724985,90.72270965576172,5588600,0.0,0.0
2016-05-24 00:00:00-04:00,90.9696706112046,91.50936360477169,90.90563994879686,91.0245590209961,5250800,0.0,0.0
2016-05-25 00:00:00-04:00,91.3995927340652,92.2045575996275,91.29897212586991,91.34471130371094,5667300,0.0,0.0
2016-05-26 00:00:00-04:00,91.37215297728183,91.92098822303727,91.07944038095768,91.2989730834961,3852600,0.0,0.0
2016-05-27 00:00:00-04:00,91.29897235836121,91.95757743956433,91.29897235836121,91.73804473876953,4589100,0.0,0.0
2016-05-31 00:00:00-04:00,91.33556859889359,91.37215854801725,90.1647181422131,90.75929260253906,10396200,0.0,0.0
2016-06-01 00:00:00-04:00,90.25619861543699,90.5489112590866,89.39635915030246,90.11898803710938,7243900,0.0,0.0
2016-06-02 00:00:00-04:00,89.70734363975929,90.30191802978516,89.52440089459058,90.30191802978516,4830100,0.0,0.0
2016-06-03 00:00:00-04:00,90.2470464406535,90.48487063953652,89.39634932312183,90.3293685913086,6857500,0.0,0.0
2016-06-06 00:00:00-04:00,90.52147045090061,90.66783026199262,90.07325574236613,90.35681915283203,4986600,0.0,0.0
2016-06-07 00:00:00-04:00,90.55804487666562,90.59463482316494,89.93602974381456,89.96347045898438,5608400,0.0,0.0
2016-06-08 00:00:00-04:00,90.09154877404964,90.39341065548771,89.3689128967373,89.67992401123047,5466200,0.0,0.0
2016-06-09 00:00:00-04:00,89.47865676021165,89.57927735812382,88.8200517479931,89.4969482421875,5379400,0.0,0.0
2016-06-10 00:00:00-04:00,88.8658030293039,89.37804834023812,88.52735124668297,89.03959655761719,7204400,0.0,0.0
2016-06-13 00:00:00-04:00,88.49990827836616,90.53975419618602,88.4541691001315,89.24998474121094,8766300,0.0,0.0
2016-06-14 00:00:00-04:00,88.91153876870672,90.14642687343202,88.89324728351059,90.00921630859375,6125700,0.0,0.0
2016-06-15 00:00:00-04:00,89.81712401666985,90.55805129403527,89.81712401666985,89.89029693603516,6663200,0.0,0.0
2016-06-16 00:00:00-04:00,89.46038418526574,90.21960297703576,88.60053779549838,89.99092102050781,7129700,0.0,0.0
2016-06-17 00:00:00-04:00,90.01837359556477,90.68612103667252,89.89030527245522,90.55805969238281,8959400,0.0,0.0
2016-06-20 00:00:00-04:00,91.54596567615835,92.35092367858233,91.0154218437604,91.07945251464844,8268600,0.0,0.0
2016-06-21 00:00:00-04:00,91.22580005868299,91.28068148954682,90.34765529194914,90.39339447021484,5202500,0.0,0.0
2016-06-22 00:00:00-04:00,90.63123106390938,91.12518490772675,90.28363003743465,90.36595916748047,4948900,0.0,0.0
2016-06-23 00:00:00-04:00,90.96053834652562,91.12518963634207,90.20131256688205,90.57634735107422,5826100,0.0,0.0
2016-06-24 00:00:00-04:00,87.82301113644237,88.98471228054824,87.02719550055275,87.5577392578125,15079900,0.0,0.0
2016-06-27 00:00:00-04:00,86.81681996425905,87.10953258487044,85.98441430572143,86.3320083618164,9438400,0.0,0.0
2016-06-28 00:00:00-04:00,87.31990329350336,88.06997971021683,87.02719071573269,87.8595962524414,7143100,0.0,0.0
2016-06-29 00:00:00-04:00,88.6462735940234,88.99386764230054,88.06999061912961,88.7103042602539,6563600,0.0,0.0
2016-06-30 00:00:00-04:00,88.82006311637497,89.70735015035751,88.61882189479309,89.47866821289062,7189500,0.0,0.0
2016-07-01 00:00:00-04:00,89.4146308448572,90.22873792288854,89.37804090014791,89.6707534790039,5681600,0.0,0.0
2016-07-05 00:00:00-04:00,89.43292716746997,89.64331761622913,88.884091924767,89.33231353759766,5846400,0.0,0.0
2016-07-06 00:00:00-04:00,88.7285868965978,90.11896992986433,88.5090542026754,90.05493927001953,6223300,0.0,0.0
2016-07-07 00:00:00-04:00,89.95359526873533,90.73676752278271,89.90753086112419,90.67227172851562,5146000,0.71,0.0
2016-07-08 00:00:00-04:00,91.44622950385272,91.99905165162541,91.00396756792559,91.78713989257812,6045800,0.0,0.0
2016-07-11 00:00:00-04:00,91.95298048472455,92.45973115399086,91.58443007011256,92.11882781982422,5428000,0.0,0.0
2016-07-12 00:00:00-04:00,92.30310121594134,92.86513902695698,92.13725387778075,92.32152557373047,8508500,0.0,0.0
2016-07-13 00:00:00-04:00,92.56108538733329,92.8743557091999,91.99904757033511,92.02668762207031,5494700,0.0,0.0
2016-07-14 00:00:00-04:00,92.52424165892735,92.87436777175364,91.84242785268417,92.10962677001953,7461500,0.0,0.0
2016-07-15 00:00:00-04:00,92.52421882656908,92.63478605010026,91.71341360921545,91.95297241210938,5764400,0.0,0.0
2016-07-18 00:00:00-04:00,92.04511615953668,92.79142565133773,92.0174761086573,92.27545928955078,5051300,0.0,0.0
2016-07-19 00:00:00-04:00,91.96218906419796,92.12803639914524,91.54757424158696,91.64892578125,5742700,0.0,0.0
2016-07-20 00:00:00-04:00,90.89342108427243,90.93027683695915,89.50214629579163,90.49723052978516,10664900,0.0,0.0
2016-07-21 00:00:00-04:00,90.451142149925,91.33565896028492,89.94439146175267,90.30372619628906,6726600,0.0,0.0
2016-07-22 00:00:00-04:00,90.6538468630207,90.68148691547854,89.80618578324432,90.02731323242188,5381700,0.0,0.0
2016-07-25 00:00:00-04:00,90.20239260497081,90.34980858794572,89.60349891837919,89.73249053955078,4825500,0.0,0.0
2016-07-26 00:00:00-04:00,89.39154908200287,89.52054768793613,88.76501555531632,89.0875015258789,6274800,0.0,0.0
2016-07-27 00:00:00-04:00,89.0967092621527,89.30862800950283,88.32275981168507,88.75580596923828,6911400,0.0,0.0
2016-07-28 00:00:00-04:00,88.8203136518483,88.90323380571175,88.28591589523526,88.36884307861328,7713500,0.0,0.0
2016-07-29 00:00:00-04:00,88.31354958397836,88.80187586692055,88.31354958397836,88.40568542480469,8264000,0.0,0.0
2016-08-01 00:00:00-04:00,88.58996901172081,88.63603341991221,87.60410069864008,88.0279312133789,7131600,0.0,0.0
2016-08-02 00:00:00-04:00,87.85286746640101,88.22141787648765,87.12498233959636,87.53960418701172,7644100,0.0,0.0
2016-08-03 00:00:00-04:00,87.58567064428182,88.84795354377309,87.53039054180533,88.53468322753906,9068700,0.0,0.0
2016-08-04 00:00:00-04:00,88.01869867769615,88.43332044916816,87.26317363868425,87.67779541015625,10038300,0.0,0.0
2016-08-05 00:00:00-04:00,87.89895260500697,88.45177479155106,87.85288116049684,88.2951431274414,6528500,0.0,0.0
2016-08-08 00:00:00-04:00,88.5531149632796,88.71896230087643,88.06478864410965,88.22142028808594,7792000,0.0,0.0
2016-08-09 00:00:00-04:00,88.09242395233156,89.2349238667531,87.80680073110473,89.06907653808594,15548700,0.0,0.0
2016-08-10 00:00:00-04:00,89.09671662652867,91.46464363548792,88.31355141896115,90.16551208496094,27181300,0.0,0.0
2016-08-11 00:00:00-04:00,90.47877099766903,90.65383401110329,89.51133415122308,90.08258056640625,9233900,0.0,0.0
2016-08-12 00:00:00-04:00,90.12867154864196,90.12867154864196,89.05988293939588,89.22572326660156,9360300,0.0,0.0
2016-08-15 00:00:00-04:00,89.69559882984642,89.93515761435354,89.29940842949411,89.46525573730469,5299600,0.0,0.0
2016-08-16 00:00:00-04:00,89.24414125570839,89.6034759697297,88.70052782326951,89.26256561279297,5777800,0.0,0.0
2016-08-17 00:00:00-04:00,89.22570985370014,89.34549277802944,88.9308709337973,89.25335693359375,5697300,0.0,0.0
2016-08-18 00:00:00-04:00,89.253369914029,89.48371307337504,88.95853095124669,89.05066680908203,5250700,0.0,0.0
2016-08-19 00:00:00-04:00,88.82031951500991,89.17965426450091,88.49784051284044,88.81110382080078,6362400,0.0,0.0
2016-08-22 00:00:00-04:00,88.88480757629158,88.88480757629158,88.12928239577124,88.33198547363281,5495300,0.0,0.0
2016-08-23 00:00:00-04:00,88.57154926769198,88.84796387123323,88.26750163921506,88.42413330078125,4996300,0.0,0.0
2016-08-24 00:00:00-04:00,88.4609745823046,88.65446196133293,88.00028833809024,88.2859115600586,5912500,0.0,0.0
2016-08-25 00:00:00-04:00,88.10165095248664,88.28592266153787,87.90816354912832,88.03715515136719,4518700,0.0,0.0
2016-08-26 00:00:00-04:00,88.13849114017077,88.57153028294364,87.30003884412388,87.72386932373047,6019600,0.0,0.0
2016-08-29 00:00:00-04:00,87.59488570694259,87.82522883828824,87.03284790409805,87.41061401367188,7903000,0.0,0.0
2016-08-30 00:00:00-04:00,87.31847052302973,87.79758816938508,87.31847052302973,87.40139770507812,6845000,0.0,0.0
2016-08-31 00:00:00-04:00,87.24477095707005,87.43825835334874,86.75644461938836,87.03285217285156,7375200,0.0,0.0
2016-09-01 00:00:00-04:00,87.28163330176231,87.41062490903298,86.52610801795616,86.84858703613281,6274200,0.0,0.0
2016-09-02 00:00:00-04:00,87.30004154068847,87.49352891586491,86.72878807860981,86.99598693847656,5382000,0.0,0.0
2016-09-06 00:00:00-04:00,87.09734164346595,87.09734164346595,86.01012180800143,86.42474365234375,8463500,0.0,0.0
2016-09-07 00:00:00-04:00,86.59059428517561,86.63665869440459,85.99170072908198,86.3418197631836,6281500,0.0,0.0
2016-09-08 00:00:00-04:00,86.13911818063598,86.80250754481932,85.62315179938881,86.69194030761719,7438100,0.0,0.0
2016-09-09 00:00:00-04:00,86.1575436901231,86.36945542674268,85.12560396851859,85.15324401855469,10248400,0.0,0.0
2016-09-12 00:00:00-04:00,84.72941477123155,86.48002393777023,84.72019907791154,86.2773208618164,9367300,0.0,0.0
2016-09-13 00:00:00-04:00,85.72450231485449,85.96406114449587,85.18088885868923,85.4112319946289,7795200,0.0,0.0
2016-09-14 00:00:00-04:00,85.3098840968143,85.58629868355595,84.83077344657903,85.0058364868164,6386500,0.0,0.0
2016-09-15 00:00:00-04:00,84.87684779495719,85.45731001158018,84.01997098212406,85.22696685791016,7559400,0.0,0.0
2016-09-16 00:00:00-04:00,85.01503533011613,85.44808151887717,84.58199617086923,85.28223419189453,10568600,0.0,0.0
2016-09-19 00:00:00-04:00,85.50337940583103,85.9824900610006,85.07954182725813,85.34674072265625,5421500,0.0,0.0
2016-09-20 00:00:00-04:00,85.4112355288454,85.96406470158777,85.39281117019428,85.6415786743164,6200100,0.0,0.0
2016-09-21 00:00:00-04:00,85.68764817615437,85.76135966812063,84.48986103500437,85.1256103515625,12049500,0.0,0.0
2016-09-22 00:00:00-04:00,85.43887323123828,86.34181432582743,85.35594605262506,86.0654067993164,6470700,0.0,0.0
2016-09-23 00:00:00-04:00,85.75214492353577,86.16675976878497,85.68764912473002,85.93641662597656,4407700,0.0,0.0
2016-09-26 00:00:00-04:00,85.19931017419141,85.39279754196572,84.2134419500953,84.72940826416016,10449300,0.0,0.0
2016-09-27 00:00:00-04:00,84.7017729009376,84.93211602238804,84.30558245086227,84.50828552246094,9167400,0.0,0.0
2016-09-28 00:00:00-04:00,84.53591624480195,85.04267386788406,84.28714879407019,84.95053100585938,8272300,0.0,0.0
2016-09-29 00:00:00-04:00,84.8952563595689,85.77977306155636,84.3332186068195,84.58199310302734,7476600,0.0,0.0
2016-09-30 00:00:00-04:00,85.02426460562488,86.13912463696082,84.95976880313488,85.55866241455078,8923700,0.0,0.0
2016-10-03 00:00:00-04:00,85.19931856239725,85.42966169378492,84.81234378874943,85.21774291992188,5834700,0.0,0.0
2016-10-04 00:00:00-04:00,85.1808839020222,85.67842589024177,84.86762062954003,85.30987548828125,5903400,0.0,0.0
2016-10-05 00:00:00-04:00,85.63237057368309,85.9456338794195,85.11639714435991,85.18089294433594,5365000,0.0,0.0
2016-10-06 00:00:00-04:00,85.45730199942238,86.22204288499127,85.12560732687479,85.53101348876953,7484800,0.0,0.0
2016-10-07 00:00:00-04:00,85.74292497830521,85.95484375216826,84.78469670819072,85.21774291992188,6144100,0.0,0.0
2016-10-10 00:00:00-04:00,85.4112303067458,85.88113226304071,85.13482276678928,85.21774291992188,4241000,0.0,0.0
2016-10-11 00:00:00-04:00,85.07033721848438,85.11640163260199,84.37009204645246,84.63729095458984,6651100,0.0,0.0
2016-10-12 00:00:00-04:00,84.65571071966515,84.83998945467995,84.2042401205301,84.22267150878906,6836600,0.0,0.0
2016-10-13 00:00:00-04:00,83.79883616719812,84.17660231191395,83.21837395283433,83.95547485351562,5725200,0.0,0.0
2016-10-14 00:00:00-04:00,84.55435418778717,84.55435418778717,84.11209930885525,84.1213150024414,4345700,0.0,0.0
2016-10-17 00:00:00-04:00,84.16737352973493,84.27794075649877,83.43948843661302,83.68826293945312,5134600,0.0,0.0
2016-10-18 00:00:00-04:00,84.21345228731266,84.52671557944409,83.8264775042628,84.00153350830078,4890800,0.0,0.0
2016-10-19 00:00:00-04:00,84.09367294481397,84.89526962634204,83.84490543924457,84.7017822265625,6140500,0.0,0.0
2016-10-20 00:00:00-04:00,84.45301144973578,85.06111367841471,84.25030836367124,84.79391479492188,6153200,0.0,0.0
2016-10-21 00:00:00-04:00,84.14895574899191,86.7840817752429,83.47635070193569,85.71528625488281,13814500,0.0,0.0
2016-10-24 00:00:00-04:00,86.13911702994095,86.74722628215713,85.50337475568678,86.02855682373047,7281000,0.0,0.0
2016-10-25 00:00:00-04:00,85.81663298683813,86.01933605896028,85.35594674274752,85.4572982788086,6380700,0.0,0.0
2016-10-26 00:00:00-04:00,85.1256286391,86.35105609561722,84.67415795546809,86.1391372680664,7152800,0.0,0.0
2016-10-27 00:00:00-04:00,86.4247453562471,86.92228033204407,85.97326775931676,86.62744140625,6647000,0.0,0.0
2016-10-28 00:00:00-04:00,86.50766568101028,86.97756763632428,86.17597101014327,86.47080993652344,7309100,0.0,0.0
2016-10-31 00:00:00-04:00,86.3510281964374,86.44316403666318,85.05188965185754,85.40201568603516,9957600,0.0,0.0
2016-11-01 00:00:00-04:00,85.48494508800454,85.67843248227989,84.45301231853601,85.1256103515625,6449800,0.0,0.0
2016-11-02 00:00:00-04:00,84.68334197998047,85.28222842571758,84.48063892409432,84.68334197998047,6716200,0.0,0.0
2016-11-03 00:00:00-04:00,85.00583273919572,86.72879489477896,84.98740135181755,86.02855682373047,7751400,0.0,0.0
2016-11-04 00:00:00-04:00,86.1483369734913,86.4155358675391,85.09797278558747,85.18089294433594,7456500,0.0,0.0
2016-11-07 00:00:00-05:00,86.39710161441374,87.05128231614074,85.64157639852633,87.00521087646484,6996100,0.0,0.0
2016-11-08 00:00:00-05:00,87.09734424847173,87.39218317727128,86.51688208444857,86.95913696289062,6226900,0.0,0.0
2016-11-09 00:00:00-05:00,85.03347580543915,87.45668314749545,84.86762846072902,87.19869995117188,8635700,0.0,0.0
2016-11-10 00:00:00-05:00,87.42905735202287,88.50706175367155,86.82095500859901,87.4935531616211,13777900,0.0,0.0
2016-11-11 00:00:00-05:00,89.53897806572405,90.58934213265269,88.24905518525485,89.99966430664062,23008100,0.0,0.0
2016-11-14 00:00:00-05:00,89.8891000110908,90.58012939501252,89.78774847242114,90.22079467773438,13208400,0.0,0.0
2016-11-15 00:00:00-05:00,90.20236800980075,90.42349543872712,89.76010612243378,90.0180892944336,7184600,0.0,0.0
2016-11-16 00:00:00-05:00,90.59856140029459,91.37251094140375,90.3866426281255,91.32644653320312,9702400,0.0,0.0
2016-11-17 00:00:00-05:00,91.26195427681928,91.67656911427393,90.54327777997531,91.55679321289062,8662600,0.0,0.0
2016-11-18 00:00:00-05:00,91.26194913609399,91.55678805555726,90.4234967850962,90.51563262939453,8586100,0.0,0.0
2016-11-21 00:00:00-05:00,90.39585993205579,90.54327588224436,89.37313585628762,89.95359802246094,10771100,0.0,0.0
2016-11-22 00:00:00-05:00,89.74168998433774,90.2300163231325,89.62190705100062,90.02731323242188,5323700,0.0,0.0
2016-11-23 00:00:00-05:00,89.99045939124191,90.55249723483358,89.91674789678383,90.53407287597656,5897400,0.0,0.0
2016-11-25 00:00:00-05:00,90.9486744072876,91.28036905424297,90.75518703481598,91.0500259399414,4396800,0.0,0.0
2016-11-28 00:00:00-05:00,90.77361819673202,91.40015179578724,90.58934650328058,91.18824005126953,7106700,0.0,0.0
2016-11-29 00:00:00-05:00,91.43701567403158,91.8424218711045,91.18824816279194,91.83320617675781,8396800,0.0,0.0
2016-11-30 00:00:00-05:00,91.58442971357283,92.40445069239705,91.21587930039561,91.32644653320312,11369200,0.0,0.0
2016-12-01 00:00:00-05:00,91.33564710837065,91.90690054968036,90.8657522269606,91.16059112548828,9958100,0.0,0.0
2016-12-02 00:00:00-05:00,91.02239449907668,91.28959338047758,90.52485248159032,90.75519561767578,7737200,0.0,0.0
2016-12-05 00:00:00-05:00,91.19744652529164,92.38601077807151,90.9210319835438,92.10038757324219,11331500,0.0,0.0
2016-12-06 00:00:00-05:00,92.0911882278926,92.80064906387643,91.97141232094762,92.74536895751953,8427500,0.0,0.0
2016-12-07 00:00:00-05:00,92.60715205384504,94.04449090611676,92.5426562599486,93.97077941894531,12255700,0.0,0.0
2016-12-08 00:00:00-05:00,94.21218490335477,96.52408138830869,94.21218490335477,95.98556518554688,16524800,0.78,0.0
2016-12-09 00:00:00-05:00,96.0876997236859,97.97249938714027,95.79987526779556,97.35971069335938,12173900,0.0,0.0
2016-12-12 00:00:00-05:00,97.12759891227638,97.21115811463959,96.3105449042925,96.61693572998047,7880200,0.0,0.0
2016-12-13 00:00:00-05:00,96.74691553391176,96.84904816414253,96.29196559795874,96.42195129394531,7393200,0.0,0.0
2016-12-14 00:00:00-05:00,96.20841454797961,96.94190937098419,96.0969951918318,96.60765838623047,7961900,0.0,0.0
2016-12-15 00:00:00-05:00,96.42195575647897,98.08392389915586,96.39410268943408,96.92333221435547,8745400,0.0,0.0
2016-12-16 00:00:00-05:00,97.22043550050036,97.23900893281368,96.32910200906159,96.4776611328125,12635500,0.0,0.0
2016-12-19 00:00:00-05:00,98.13963319587141,98.65958310432663,97.55469751801023,97.76824951171875,11475600,0.0,0.0
2016-12-20 00:00:00-05:00,98.08392694378331,98.60386976793282,97.54541068523434,97.91680145263672,8947300,0.0,0.0
2016-12-21 00:00:00-05:00,97.12758159323751,98.33459958142562,97.03473569038188,98.00962829589844,5202400,0.0,0.0
2016-12-22 00:00:00-05:00,97.4525494650987,97.9446391440849,97.2111444416322,97.87964630126953,5230800,0.0,0.0
2016-12-23 00:00:00-05:00,97.71252648059331,97.8053723923086,97.25757655460612,97.62896728515625,3238800,0.0,0.0
2016-12-27 00:00:00-05:00,97.35044126515847,98.00965657443032,97.28544840603844,97.64755249023438,3639500,0.0,0.0
2016-12-28 00:00:00-05:00,97.48041689225897,97.78681480368822,96.61693637694269,96.83977508544922,5178600,0.0,0.0
2016-12-29 00:00:00-05:00,96.774785918405,97.27615532241359,96.440534926606,97.0811767578125,5896800,0.0,0.0
2016-12-30 00:00:00-05:00,97.09045190651264,97.48969570560698,96.52408263143256,96.76548767089844,6983300,0.0,0.0
2017-01-03 00:00:00-05:00,97.768246450223,99.2538023913844,97.68468016532263,98.4924545288086,8884300,0.0,0.0
2017-01-04 00:00:00-05:00,99.01239126263822,99.81087886021506,98.6502872455614,99.75517272949219,8322000,0.0,0.0
2017-01-05 00:00:00-05:00,99.50449195727845,99.92230923488634,99.15167461760743,99.69947052001953,6303000,0.0,0.0
2017-01-06 00:00:00-05:00,100.29367987071271,101.52855102435686,100.04299520373067,101.18502044677734,9551300,0.0,0.0
2017-01-09 00:00:00-05:00,100.81362498514369,101.04574329257844,100.37724143377619,100.60935974121094,6195200,0.0,0.0
2017-01-10 00:00:00-05:00,100.1822892749696,101.03648317108014,99.67162603072394,100.6279525756836,7901900,0.0,0.0
2017-01-11 00:00:00-05:00,100.77649418408245,101.65854099744055,100.62793505391858,101.61212158203125,7616800,0.0,0.0
2017-01-12 00:00:00-05:00,100.38654044394701,101.20359443605486,99.74589157018586,99.83873748779297,8218900,0.0,0.0
2017-01-13 00:00:00-05:00,99.49520547534365,100.60008392149439,99.25380042603209,100.33082580566406,6489000,0.0,0.0
2017-01-17 00:00:00-05:00,100.19156254256964,101.13860224221598,99.95015748827176,100.24726867675781,7586500,0.0,0.0
2017-01-18 00:00:00-05:00,99.28166534644953,100.64652243834327,99.170245983382,100.42369079589844,7162900,0.0,0.0
2017-01-19 00:00:00-05:00,100.20084317145081,100.2844094572529,99.42092895030888,99.60662078857422,5350200,0.0,0.0
2017-01-20 00:00:00-05:00,99.67161058937471,100.10799418799904,99.51377182331167,99.95944213867188,5649000,0.0,0.0
2017-01-23 00:00:00-05:00,99.6623270365043,99.97801166234139,98.94740566631224,99.45806884765625,5716600,0.0,0.0
2017-01-24 00:00:00-05:00,99.5323458625163,100.33083355494425,99.42093358783605,100.18228149414062,5456100,0.0,0.0
2017-01-25 00:00:00-05:00,100.48866040977624,100.66506550588348,100.27510845088196,100.31224822998047,6180200,0.0,0.0
2017-01-26 00:00:00-05:00,100.47009822194724,100.85077568754198,100.2565533228438,100.33082580566406,6088100,0.0,0.0
2017-01-27 00:00:00-05:00,100.73007893282006,101.57499314167217,100.41440137150609,101.48214721679688,5578300,0.0,0.0
2017-01-30 00:00:00-05:00,102.0020841051937,103.10696967263715,101.16645666274444,103.00483703613281,13793600,0.0,0.0
2017-01-31 00:00:00-05:00,102.67985959962434,102.8748452277003,102.11349739946606,102.7355728149414,8485800,0.0,0.0
2017-02-01 00:00:00-05:00,102.79128547063831,103.97973024539061,102.76343240305656,103.3390884399414,10501300,0.0,0.0
2017-02-02 00:00:00-05:00,103.25551548911157,103.56191338011435,102.6427267907952,102.69843292236328,6515900,0.0,0.0
2017-02-03 00:00:00-05:00,102.96768893971071,103.19980726144871,102.32704010493337,102.41060638427734,7923400,0.0,0.0
2017-02-06 00:00:00-05:00,102.05779049364499,102.27134248423623,101.48214154139745,101.73282623291016,6896300,0.0,0.0
2017-02-07 00:00:00-05:00,101.80710713382824,101.88138670402199,100.99004602907631,101.20359802246094,10184800,0.0,0.0
2017-02-08 00:00:00-05:00,101.72354084643783,103.45050189314931,101.18503167175734,101.20359802246094,13615500,0.0,0.0
2017-02-09 00:00:00-05:00,101.2035964836915,101.99279742485393,101.2035964836915,101.6585464477539,6369700,0.0,0.0
2017-02-10 00:00:00-05:00,101.52855126005471,101.94636848424665,100.81362995473674,101.44499206542969,7671800,0.0,0.0
2017-02-13 00:00:00-05:00,101.15716283084006,102.0392167128213,101.11074341622363,101.80709838867188,5653200,0.0,0.0
2017-02-14 00:00:00-05:00,101.94637158610944,102.43846130371094,101.69567982722883,102.43846130371094,4768700,0.0,0.0
2017-02-15 00:00:00-05:00,102.0485096474042,102.76343101252395,101.94637701186002,102.2991943359375,7087100,0.0,0.0
2017-02-16 00:00:00-05:00,102.44773736387553,102.9398341480055,102.21561904603058,102.79127502441406,7179600,0.0,0.0
2017-02-17 00:00:00-05:00,102.3548848608455,102.59628987928836,101.68638301511972,102.18775939941406,6349200,0.0,0.0
2017-02-21 00:00:00-05:00,102.0763721938595,102.32705690567245,101.94638647903942,102.14136505126953,5432700,0.0,0.0
2017-02-22 00:00:00-05:00,101.84424828592668,102.39204418515659,101.69568914354514,102.24349212646484,5478400,0.0,0.0
2017-02-23 00:00:00-05:00,102.41061533971694,102.58702046275528,101.75139301468809,101.88138580322266,5470400,0.0,0.0
2017-02-24 00:00:00-05:00,101.77924784034977,102.4291763305664,101.29643774731231,102.4291763305664,4786800,0.0,0.0
2017-02-27 00:00:00-05:00,102.06706675805314,102.5684431734223,101.9742208478786,102.34561157226562,3547700,0.0,0.0
2017-02-28 00:00:00-05:00,102.13206275161619,102.50345348745078,101.97422399108544,102.21562194824219,4766000,0.0,0.0
2017-03-01 00:00:00-05:00,102.74485422056757,103.80331316892084,102.74485422056757,103.09767150878906,7418100,0.0,0.0
2017-03-02 00:00:00-05:00,103.06054044455385,103.25551899535216,102.549877275542,102.67986297607422,4715600,0.0,0.0
2017-03-03 00:00:00-05:00,102.67985430722919,103.5247683730453,102.16919826501938,103.28336334228516,5837900,0.0,0.0
2017-03-06 00:00:00-05:00,102.84699631471173,103.04198196409078,102.21563411375608,102.754150390625,4983200,0.0,0.0
2017-03-07 00:00:00-05:00,102.78199049483017,102.9955424686137,102.2806211512653,102.93054962158203,5114400,0.0,0.0
2017-03-08 00:00:00-05:00,102.93983219380962,103.35764232452331,102.74485366056398,102.91197204589844,4929900,0.0,0.0
2017-03-09 00:00:00-05:00,102.96770280100964,103.35765993393932,102.7727242345448,103.0884017944336,4005700,0.0,0.0
2017-03-10 00:00:00-05:00,103.43192211065225,103.52476801949251,102.77270694909096,102.98625183105469,4027400,0.0,0.0
2017-03-13 00:00:00-04:00,102.98626759770978,103.69190936356564,102.8934216746553,103.54335021972656,5213600,0.0,0.0
2017-03-14 00:00:00-04:00,103.73831586779612,104.81534111823612,103.72902915217405,104.27682495117188,7273500,0.0,0.0
2017-03-15 00:00:00-04:00,104.38825946179132,104.40682581204584,103.19981470219572,103.86831665039062,5319500,0.0,0.0
2017-03-16 00:00:00-04:00,104.15612536498739,104.28611104817135,103.43191739190866,103.71974182128906,4409400,0.0,0.0
2017-03-17 00:00:00-04:00,103.86832221629184,104.072580414795,103.22767330099357,103.76618957519531,9061200,0.0,0.0
2017-03-20 00:00:00-04:00,104.05400912292225,105.06604876836492,104.03544277255439,104.64823150634766,8156300,0.0,0.0
2017-03-21 00:00:00-04:00,104.88962788156273,105.01032685818748,103.56191080393451,103.75688934326172,7109800,0.0,0.0
2017-03-22 00:00:00-04:00,103.84973385866034,104.1561317379221,103.38549722354458,104.06328582763672,5044700,0.0,0.0
2017-03-23 00:00:00-04:00,103.71975566255716,104.89892076782625,103.67333624590454,104.21184539794922,8307900,0.0,0.0
2017-03-24 00:00:00-04:00,104.36040835588116,104.5275338460708,103.69190639512264,104.11900329589844,4707300,0.0,0.0
2017-03-27 00:00:00-04:00,103.81261307384229,104.49968851979337,103.47836206870129,104.34184265136719,4469800,0.0,0.0
2017-03-28 00:00:00-04:00,104.54608811543628,105.14031043773399,104.00757192220121,104.96390533447266,6280900,0.0,0.0
2017-03-29 00:00:00-04:00,104.60181569360523,104.86178710985237,104.2768443396065,104.48110961914062,3781200,0.0,0.0
2017-03-30 00:00:00-04:00,104.48110849995717,105.19603697066842,104.24899015455296,105.0846176147461,4192800,0.0,0.0
2017-03-31 00:00:00-04:00,104.91749037528224,105.57670561520807,104.87106387349874,105.27959442138672,4617400,0.0,0.0
2017-04-03 00:00:00-04:00,105.08461358154436,105.52099718754602,104.38825857205816,105.10317993164062,4643300,0.0,0.0
2017-04-04 00:00:00-04:00,105.05675298876494,105.42814371729072,104.75964182268211,104.95462036132812,3386100,0.0,0.0
2017-04-05 00:00:00-04:00,105.45600433891074,105.69740230861467,104.722509545527,104.91748809814453,4795100,0.0,0.0
2017-04-06 00:00:00-04:00,104.77820643144909,105.30743590861077,104.35110958002817,104.96390533447266,4744000,0.0,0.0
2017-04-07 00:00:00-04:00,104.75035082059695,105.17744766163581,104.48109273052467,104.52751922607422,4300700,0.0,0.0
2017-04-10 00:00:00-04:00,104.73178992566386,104.81534912157731,104.0261482419644,104.38825225830078,4053600,0.0,0.0
2017-04-11 00:00:00-04:00,105.54885222849232,105.6881246497321,104.53681257892686,104.98248291015625,5230800,0.0,0.0
2017-04-12 00:00:00-04:00,104.94533364510052,105.17745196496801,104.69464897646677,104.95462036132812,4086300,0.0,0.0
2017-04-13 00:00:00-04:00,104.95462787980209,106.07807977839708,104.90820137902722,105.10317993164062,6530800,0.0,0.0
2017-04-17 00:00:00-04:00,105.22388295510943,105.79025224646323,105.12175032331191,105.64169311523438,5120200,0.0,0.0
2017-04-18 00:00:00-04:00,105.36313902173217,106.5422968372255,104.91746878088438,106.02235412597656,6191100,0.0,0.0
2017-04-19 00:00:00-04:00,106.36589568099768,106.77442618710269,105.41885606120475,105.59526824951172,5303400,0.0,0.0
2017-04-20 00:00:00-04:00,106.00379651010743,106.82085755960941,105.7252587662502,106.57945251464844,5279300,0.0,0.0
2017-04-21 00:00:00-04:00,106.19877286940863,106.88584820755999,106.09664024032367,106.25448608398438,6654500,0.0,0.0
2017-04-24 00:00:00-04:00,107.01584425586277,107.12725652841526,105.53028825774832,105.56742095947266,7294600,0.0,0.0
2017-04-25 00:00:00-04:00,105.59529040446273,107.25725167494669,105.54886389768681,106.94157409667969,6918300,0.0,0.0
2017-04-26 00:00:00-04:00,107.14582465004592,107.66576745268172,106.64444819735166,107.31295013427734,4809800,0.0,0.0
2017-04-27 00:00:00-04:00,107.51721147871801,107.79574921981344,107.13653402375837,107.5543441772461,3910800,0.0,0.0
2017-04-28 00:00:00-04:00,107.58221185715814,107.61006492484842,106.99726910090385,107.3315200805664,3987600,0.0,0.0
2017-05-01 00:00:00-04:00,107.32222318067097,107.340796613162,106.51445595953574,106.52374267578125,4963300,0.0,0.0
2017-05-02 00:00:00-04:00,106.6537202478612,106.76513249956854,105.54883486050718,106.18948364257812,6604600,0.0,0.0
2017-05-03 00:00:00-04:00,105.8738092918128,105.92951542304607,103.22766180289572,103.63619232177734,11521200,0.0,0.0
2017-05-04 00:00:00-04:00,102.6705954848158,103.33909750014698,101.25931187829663,103.21839141845703,10691200,0.0,0.0
2017-05-05 00:00:00-04:00,103.5154920227676,104.12828783520955,102.98626249551751,103.97972869873047,5871400,0.0,0.0
2017-05-08 00:00:00-04:00,104.35112078450335,104.35112078450335,103.06054337559424,103.45050048828125,5980100,0.0,0.0
2017-05-09 00:00:00-04:00,103.57120545670224,104.1282880522811,102.45703318185498,104.05400848388672,9337400,0.0,0.0
2017-05-10 00:00:00-04:00,101.20359517985918,101.81639099121094,100.39582081499263,101.81639099121094,17061100,0.0,0.0
2017-05-11 00:00:00-04:00,101.89066325826307,102.14135502916835,100.73935828981256,101.74211120605469,8021300,0.0,0.0
2017-05-12 00:00:00-04:00,101.94637091068186,102.02993010729568,101.4542741126515,101.84423828125,5067700,0.0,0.0
2017-05-15 00:00:00-04:00,101.88136938320912,102.20633359294764,101.31500015322693,101.32427978515625,6241300,0.0,0.0
2017-05-16 00:00:00-04:00,101.32429231628147,101.41714531656606,100.10799451639849,100.25655364990234,10047100,0.0,0.0
2017-05-17 00:00:00-04:00,100.2565571867047,100.2565571867047,97.70325542997037,98.70600128173828,12763200,0.0,0.0
2017-05-18 00:00:00-04:00,98.39960914455997,99.6344733214097,98.39960914455997,99.0495376586914,6532200,0.0,0.0
2017-05-19 00:00:00-04:00,99.12381028609056,100.14512948693354,99.06809707185944,99.8294448852539,6336700,0.0,0.0
2017-05-22 00:00:00-04:00,99.95014539205714,100.46080142225664,99.7273137985826,99.93157196044922,5487200,0.0,0.0
2017-05-23 00:00:00-04:00,99.97799960110771,100.0894189409657,99.26307831716296,99.36520385742188,7542600,0.0,0.0
2017-05-24 00:00:00-04:00,99.48590140869811,100.11726344654431,99.28163617826432,100.00584411621094,4366700,0.0,0.0
2017-05-25 00:00:00-04:00,100.39582348459282,100.39582348459282,99.14238584513106,99.59733581542969,8030400,0.0,0.0
2017-05-26 00:00:00-04:00,100.00585668655462,100.73006471553134,99.79231179785072,100.65579223632812,6236800,0.0,0.0
2017-05-30 00:00:00-04:00,100.73006220094581,100.83219482645077,100.22868578947293,100.59078979492188,4813400,0.0,0.0
2017-05-31 00:00:00-04:00,100.64649531633216,100.87861361407109,99.94085370777314,100.21939849853516,9963600,0.0,0.0
2017-06-01 00:00:00-04:00,100.02443716147913,100.47010040283203,99.50448726831475,100.47010040283203,5907400,0.0,0.0
2017-06-02 00:00:00-04:00,100.70222349786216,100.86934899218728,99.3002266890064,99.51377868652344,10876900,0.0,0.0
2017-06-05 00:00:00-04:00,99.38378819706539,99.55091368335079,98.52030769853909,98.9009780883789,6372800,0.0,0.0
2017-06-06 00:00:00-04:00,98.57600913032827,98.59458256330147,97.12759304074217,97.95393371582031,9589500,0.0,0.0
2017-06-07 00:00:00-04:00,98.22320359385894,98.65030051545953,97.99108523970492,98.34390258789062,5777700,0.0,0.0
2017-06-08 00:00:00-04:00,98.34389331207353,98.34389331207353,96.70978535321544,96.85833740234375,11002400,0.0,0.0
2017-06-09 00:00:00-04:00,96.82119547665067,98.3438911358902,96.63550364842699,98.06535339355469,9392500,0.0,0.0
2017-06-12 00:00:00-04:00,98.06535859459512,99.53234111621978,98.06535859459512,99.3837890625,8049500,0.0,0.0
2017-06-13 00:00:00-04:00,99.47664189535399,99.58806125615486,98.56674190839544,98.93812561035156,4918900,0.0,0.0
2017-06-14 00:00:00-04:00,99.3002178539864,99.3559310695977,98.19533942995929,98.54815673828125,4781100,0.0,0.0
2017-06-15 00:00:00-04:00,98.36246501481234,98.56673027699786,97.70324981283407,98.39960479736328,5309900,0.0,0.0
2017-06-16 00:00:00-04:00,98.67815537469413,98.74314823168869,97.27615850673692,97.9632339477539,8683400,0.0,0.0
2017-06-19 00:00:00-04:00,98.04678159197755,98.41817233829387,97.66611121267806,97.83323669433594,5956200,0.0,0.0
2017-06-20 00:00:00-04:00,97.55469603240512,97.76824802286157,96.38481761080844,96.50552368164062,7895700,0.0,0.0
2017-06-21 00:00:00-04:00,96.92333101580867,97.5639798846769,96.1341300966415,97.30400848388672,7765700,0.0,0.0
2017-06-22 00:00:00-04:00,97.22043760075833,97.27614373152389,96.64478160932097,96.76548767089844,6156000,0.0,0.0
2017-06-23 00:00:00-04:00,96.40339515401247,97.09975020641009,95.79059930773141,96.8954849243164,18147900,0.0,0.0
2017-06-26 00:00:00-04:00,97.11832338878175,98.27891522441176,97.08118359999872,98.0189437866211,5867000,0.0,0.0
2017-06-27 00:00:00-04:00,97.79609702082978,98.55744486397049,97.61968482230192,97.87037658691406,5694500,0.0,0.0
2017-06-28 00:00:00-04:00,98.43673827354854,99.84802168687148,97.04402829349235,99.21665954589844,7874400,0.0,0.0
2017-06-29 00:00:00-04:00,99.16095779897323,99.72732711593949,97.79610082476566,98.14891815185547,7268700,0.0,0.0
2017-06-30 00:00:00-04:00,98.65028381347656,98.93810825711664,97.95392886891085,98.65028381347656,5113800,0.0,0.0
2017-07-03 00:00:00-04:00,99.12381418161806,100.8507751331823,99.12381418161806,99.77374267578125,5399400,0.0,0.0
2017-07-05 00:00:00-04:00,100.11727621853534,100.13584256744869,97.75895321995456,98.07463073730469,8049700,0.0,0.0
2017-07-06 00:00:00-04:00,97.85014348826,97.92497563243695,96.28805994459294,96.67156219482422,8690800,0.78,0.0
2017-07-07 00:00:00-04:00,96.82122583887936,97.02701066580354,96.08227447691796,96.64350128173828,6030900,0.0,0.0
2017-07-10 00:00:00-04:00,96.62479547112082,97.19537807006756,96.22258162491879,96.89604949951172,4421300,0.0,0.0
2017-07-11 00:00:00-04:00,96.90541638348016,97.45729457807256,96.52191409727375,97.1299057006836,4557300,0.0,0.0
2017-07-12 00:00:00-04:00,97.59760894383082,97.88758178425398,96.95220117883613,97.63502502441406,5203300,0.0,0.0
2017-07-13 00:00:00-04:00,97.70047654487354,98.53296450115741,97.31697430506402,97.55081939697266,5339500,0.0,0.0
2017-07-14 00:00:00-04:00,97.68177830034051,98.44878996520781,97.66307383180603,98.29912567138672,4370300,0.0,0.0
2017-07-17 00:00:00-04:00,98.37395087930666,98.60779596961768,97.94367676950068,98.01850891113281,3973800,0.0,0.0
2017-07-18 00:00:00-04:00,97.84078454392925,98.96324526137688,97.56952338228905,98.91647338867188,5740500,0.0,0.0
2017-07-19 00:00:00-04:00,99.2719207411297,99.9641073854954,99.19709573168402,99.9173355102539,5789400,0.0,0.0
2017-07-20 00:00:00-04:00,100.07635386374643,100.74982893977328,99.85186455053301,100.42244720458984,6185500,0.0,0.0
2017-07-21 00:00:00-04:00,100.17925479044065,100.39439545547506,99.90799357643517,100.1698989868164,4328500,0.0,0.0
2017-07-24 00:00:00-04:00,100.37567427537674,100.59081491989315,99.99217200000383,100.08570861816406,4615500,0.0,0.0
2017-07-25 00:00:00-04:00,100.64693155176693,100.77788423937895,99.33739753926048,99.54318237304688,5394700,0.0,0.0
2017-07-26 00:00:00-04:00,99.66477378723226,100.11375233471085,99.44027737710762,100.02957153320312,4149000,0.0,0.0
2017-07-27 00:00:00-04:00,100.73111922700298,102.891845703125,100.49727412313223,102.891845703125,10468700,0.0,0.0
2017-07-28 00:00:00-04:00,102.87314275730662,103.06957179109877,102.5831699714728,102.85443115234375,4864500,0.0,0.0
2017-07-31 00:00:00-04:00,102.91055105190613,103.02279927182349,102.27449207848028,102.82637023925781,6815300,0.0,0.0
2017-08-01 00:00:00-04:00,102.8731305709695,103.6682024144354,102.84506316685004,103.46241760253906,5987200,0.0,0.0
2017-08-02 00:00:00-04:00,102.77960617290785,102.77960617290785,100.57210763484058,101.64779663085938,8812700,0.0,0.0
2017-08-03 00:00:00-04:00,101.50747638623218,102.11547506463413,101.06785359921392,102.06871032714844,6895800,0.0,0.0
2017-08-04 00:00:00-04:00,101.23623118699284,101.4887807733311,100.38503153568642,100.73112487792969,8503800,0.0,0.0
2017-08-07 00:00:00-04:00,100.6375843579473,100.69371204057238,99.25322521723453,99.47771453857422,8093100,0.0,0.0
2017-08-08 00:00:00-04:00,99.66478747321639,100.21665850035546,99.31869414570431,100.06700134277344,9787100,0.0,0.0
2017-08-09 00:00:00-04:00,94.20215644671437,96.3441783558466,94.00572742487944,96.18516540527344,27877600,0.0,0.0
2017-08-10 00:00:00-04:00,95.87650076440738,96.17582223743591,94.67921487229326,94.80081176757812,12259900,0.0,0.0
2017-08-11 00:00:00-04:00,94.70726508529714,95.8858463823245,94.50148025637645,95.39944458007812,9410400,0.0,0.0
2017-08-14 00:00:00-04:00,96.15709855627826,96.16644722116459,94.7166120250029,94.84756469726562,9707300,0.0,0.0
2017-08-15 00:00:00-04:00,95.06271105563435,95.5023410019787,94.8101614781527,94.95046997070312,8868500,0.0,0.0
2017-08-16 00:00:00-04:00,95.25913346752573,96.01679642006509,95.14689239039832,95.59587097167969,6698800,0.0,0.0
2017-08-17 00:00:00-04:00,95.63327740058756,95.9606590698439,94.79143372508187,94.82884979248047,6612400,0.0,0.0
2017-08-18 00:00:00-04:00,94.77273316379622,95.16559118308786,94.15538586725016,94.19279479980469,6893900,0.0,0.0
2017-08-21 00:00:00-04:00,94.13669575112807,94.86629142102305,94.03380332215445,94.6324462890625,6492700,0.0,0.0
2017-08-22 00:00:00-04:00,94.85693276072965,96.26000340467893,94.6324363194996,96.12904357910156,6888700,0.0,0.0
2017-08-23 00:00:00-04:00,95.85779232037108,96.32548254861248,94.92241186388824,94.94111633300781,5954400,0.0,0.0
2017-08-24 00:00:00-04:00,95.24042530431025,95.43685431804661,94.87562754503048,94.95980834960938,6976600,0.0,0.0
2017-08-25 00:00:00-04:00,95.11882242363492,96.05420269839146,94.99721842063008,95.79229736328125,6186900,0.0,0.0
2017-08-28 00:00:00-04:00,95.86713321691384,96.20387072486675,95.48363097175891,95.93260955810547,5630400,0.0,0.0
2017-08-29 00:00:00-04:00,95.40879667630041,96.33482123408825,95.24042792612211,95.94196319580078,6011700,0.0,0.0
2017-08-30 00:00:00-04:00,95.85778218749911,96.76509513981313,95.85778218749911,96.22257995605469,6573200,0.0,0.0
2017-08-31 00:00:00-04:00,96.34417948799523,96.52190404448068,94.47341872123805,94.66049194335938,9823800,0.0,0.0
2017-09-01 00:00:00-04:00,95.08142482875755,95.33397441199784,94.81016364001114,94.94111633300781,7827400,0.0,0.0
2017-09-05 00:00:00-04:00,95.4088063188809,95.92326842319419,94.37988924664087,95.03465270996094,9346100,0.0,0.0
2017-09-06 00:00:00-04:00,95.18431724988159,95.44622263587493,94.37053368364236,94.94111633300781,7531000,0.0,0.0
2017-09-07 00:00:00-04:00,94.98788829383986,95.2778539519606,89.98359713815084,90.78802490234375,26419400,0.0,0.0
2017-09-08 00:00:00-04:00,90.25484859119784,91.19022894760147,90.03971510560103,90.79737091064453,13147700,0.0,0.0
2017-09-11 00:00:00-04:00,91.57374115089335,91.68598222984568,90.69448130504146,90.81607818603516,9610300,0.0,0.0
2017-09-12 00:00:00-04:00,91.2837674930191,92.00401437910966,90.85349337630925,91.56438446044922,9151700,0.0,0.0
2017-09-13 00:00:00-04:00,91.8917656967072,92.55588490409674,91.68598087315829,92.43428802490234,7615300,0.0,0.0
2017-09-14 00:00:00-04:00,92.40623374117598,92.45299848094798,91.23700820108071,91.57374572753906,9710000,0.0,0.0
2017-09-15 00:00:00-04:00,91.71404848363211,92.53718064327963,91.66727661039897,92.15367126464844,23870300,0.0,0.0
2017-09-18 00:00:00-04:00,92.03208731364923,92.34076459302408,91.40538408804836,91.76082611083984,7013600,0.0,0.0
2017-09-19 00:00:00-04:00,91.88241530915363,92.29397781215216,91.74210682878301,92.06948852539062,6970300,0.0,0.0
2017-09-20 00:00:00-04:00,92.3781767987616,92.86457150095782,92.24722410446313,92.7990951538086,6459100,0.0,0.0
2017-09-21 00:00:00-04:00,92.7803881046503,92.96746133805017,92.36881842750687,92.49977111816406,4958000,0.0,0.0
2017-09-22 00:00:00-04:00,92.18173563090568,92.59329812896601,92.16302402767505,92.22850036621094,6359100,0.0,0.0
2017-09-25 00:00:00-04:00,92.22850598132693,93.21065825554703,92.0601372239288,93.13582611083984,7492500,0.0,0.0
2017-09-26 00:00:00-04:00,93.20129743024651,93.29483403789627,92.23785681232121,92.25656127929688,6220500,0.0,0.0
2017-09-27 00:00:00-04:00,92.5746064793999,93.0984172602105,91.68599074894006,92.82715606689453,7596600,0.0,0.0
2017-09-28 00:00:00-04:00,92.38753355150142,92.64944609940905,91.66729366982035,91.71406555175781,7149600,0.0,0.0
2017-09-29 00:00:00-04:00,91.56438811582005,92.21915155078148,91.34925461706969,92.20044708251953,8185900,0.0,0.0
2017-10-02 00:00:00-04:00,92.89262714827746,93.94961158927397,92.70555391898961,93.40708923339844,6923300,0.0,0.0
2017-10-03 00:00:00-04:00,93.58482086295349,94.33312097299267,93.45386816528696,94.2770004272461,5447700,0.0,0.0
2017-10-04 00:00:00-04:00,94.23022292288115,94.40794748898463,93.72511663215528,94.05250549316406,5126100,0.0,0.0
2017-10-05 00:00:00-04:00,94.13668830389095,94.351828948285,93.55674985340889,93.64093780517578,4736700,0.0,0.0
2017-10-06 00:00:00-04:00,93.49125978851602,93.79058120436908,92.92067722448589,93.60350799560547,4360200,0.0,0.0
2017-10-09 00:00:00-04:00,94.2956958082569,94.45471589985621,93.02357789377906,93.13582611083984,5429600,0.0,0.0
2017-10-10 00:00:00-04:00,93.52868965337876,93.60352180247641,92.28463907246622,93.14518737792969,7704400,0.0,0.0
2017-10-11 00:00:00-04:00,93.1451881711037,93.1451881711037,91.71405720526027,92.18174743652344,7984000,0.0,0.0
2017-10-12 00:00:00-04:00,91.25571472870968,91.49891564472499,90.55417938882381,90.66642761230469,11018200,0.0,0.0
2017-10-13 00:00:00-04:00,90.5448109292083,91.3679429789702,90.5448109292083,91.08732604980469,6858000,0.0,0.0
2017-10-16 00:00:00-04:00,91.33054498018322,91.91983208434497,91.23700836408575,91.78887939453125,4911600,0.0,0.0
2017-10-17 00:00:00-04:00,92.0414443973985,92.10692074820226,91.53633806131798,92.0040283203125,5942500,0.0,0.0
2017-10-18 00:00:00-04:00,92.0040078224465,92.1256046935948,91.24635205531976,91.90111541748047,5404300,0.0,0.0
2017-10-19 00:00:00-04:00,91.8450106994028,92.88328359276503,91.77017854901587,92.61202239990234,5634300,0.0,0.0
2017-10-20 00:00:00-04:00,93.02357900873245,93.22001517503979,92.54654013737519,92.97681427001953,5938700,0.0,0.0
2017-10-23 00:00:00-04:00,92.71490957164666,92.77103011306514,92.25656802877496,92.3220443725586,5888200,0.0,0.0
2017-10-24 00:00:00-04:00,92.15367108678728,92.4717041241098,91.72339697213931,91.93853759765625,4966200,0.0,0.0
2017-10-25 00:00:00-04:00,91.71405445921587,91.8730674203515,91.15282048939493,91.48020935058594,5144400,0.0,0.0
2017-10-26 00:00:00-04:00,91.27440950728622,93.05163346796819,90.96573230190977,92.19107818603516,6167500,0.0,0.0
2017-10-27 00:00:00-04:00,91.57375021740792,92.00402438089299,90.62901393650226,91.9572525024414,7868700,0.0,0.0
2017-10-30 00:00:00-04:00,91.77952880113457,91.9759578317304,91.38666360355673,91.70469665527344,7093200,0.0,0.0
2017-10-31 00:00:00-04:00,91.61115937912886,91.75146073112187,91.08734149827241,91.48955535888672,5701700,0.0,0.0
2017-11-01 00:00:00-04:00,91.7888706787906,93.03292825027883,91.66727380304867,92.6307144165039,6920400,0.0,0.0
2017-11-02 00:00:00-04:00,92.48105355059884,92.71489862742068,91.68597458029627,91.9946517944336,6799200,0.0,0.0
2017-11-03 00:00:00-04:00,92.00401717489906,92.95810204765927,91.57374304511417,92.26592254638672,5416900,0.0,0.0
2017-11-06 00:00:00-05:00,92.01337028651052,94.59501498972828,91.99465868258791,94.13668060302734,14728700,0.0,0.0
2017-11-07 00:00:00-05:00,94.7446848946159,96.25064796233382,94.2302228020217,95.04400634765625,12177500,0.0,0.0
2017-11-08 00:00:00-05:00,95.29656342670899,95.40881165658072,93.9309087436773,94.64179992675781,8023200,0.0,0.0
2017-11-09 00:00:00-05:00,94.31440850761945,97.19538188481957,94.286348237125,96.04486083984375,13172500,0.0,0.0
2017-11-10 00:00:00-05:00,98.20558429726974,99.37480977464209,97.35439186066338,98.0091552734375,16701500,0.0,0.0
2017-11-13 00:00:00-05:00,97.41052149777242,98.3459019670319,97.26086433361195,97.97174835205078,7856000,0.0,0.0
2017-11-14 00:00:00-05:00,97.81273073833876,97.81273073833876,96.34418375682131,96.5031967163086,6929300,0.0,0.0
2017-11-15 00:00:00-05:00,96.11034122869081,97.2421507167207,95.82972423916193,96.9896011352539,5691500,0.0,0.0
2017-11-16 00:00:00-05:00,96.93347866918093,97.26086755336905,96.11970220127309,96.9054183959961,6410900,0.0,0.0
2017-11-17 00:00:00-05:00,96.54997534319897,97.27021518066465,96.31613022064185,96.7557601928711,7500800,0.0,0.0
2017-11-20 00:00:00-05:00,96.73704713944984,96.73704713944984,96.06357205473905,96.11034393310547,5112600,0.0,0.0
2017-11-21 00:00:00-05:00,96.31612460423958,96.5031978368219,96.14775584036093,96.34418487548828,5725900,0.0,0.0
2017-11-22 00:00:00-05:00,96.5499684090898,96.64350502411759,96.05421792669488,96.10098266601562,4140700,0.0,0.0
2017-11-24 00:00:00-05:00,96.26000300028872,96.26935166634428,95.82972172459858,96.0074462890625,2217600,0.0,0.0
2017-11-27 00:00:00-05:00,95.99808656707827,96.31611960963984,95.76424147028352,96.14775085449219,4007500,0.0,0.0
2017-11-28 00:00:00-05:00,95.93261259256118,97.16731444864814,95.56781480347091,96.72769165039062,8401100,0.0,0.0
2017-11-29 00:00:00-05:00,96.8118703565466,99.39352223090927,96.74639401470777,98.4394302368164,14503100,0.0,0.0
2017-11-30 00:00:00-05:00,98.55168374767376,98.87906547445749,97.71919572682957,98.04657745361328,9949000,0.0,0.0
2017-12-01 00:00:00-05:00,97.82208832060464,99.01001834173437,97.15796906326294,98.44879150390625,9258400,0.0,0.0
2017-12-04 00:00:00-05:00,99.61800223524229,105.3892969900351,99.61800223524229,103.09761810302734,17824000,0.0,0.0
2017-12-05 00:00:00-05:00,102.45221510974187,102.92926111677048,99.63671807898544,100.29148864746094,13055600,0.0,0.0
2017-12-06 00:00:00-05:00,100.24470979870432,101.01172139567288,98.55167365894846,98.64521026611328,8121700,0.0,0.0
2017-12-07 00:00:00-05:00,98.90711608325198,99.15031697212633,97.73789064725993,98.45813751220703,9948600,0.0,0.0
2017-12-08 00:00:00-05:00,98.92015971030644,98.98616276768871,98.13754689149258,98.27898406982422,6536600,0.84,0.0
2017-12-11 00:00:00-05:00,98.8824445780161,100.73996128450793,98.78814832809378,100.73053741455078,7434000,0.0,0.0
2017-12-12 00:00:00-05:00,101.02284421500057,101.67345098691818,100.50424357161778,101.2962875366211,8147000,0.0,0.0
2017-12-13 00:00:00-05:00,101.9751729601101,102.01289002180138,100.6551045760911,101.46600341796875,10368300,0.0,0.0
2017-12-14 00:00:00-05:00,101.1642765879322,105.17162276958825,101.07941139860654,104.25700378417969,27571300,0.0,0.0
2017-12-15 00:00:00-05:00,105.58650685575869,105.60536179080894,104.28529332966497,104.91703796386719,19978600,0.0,0.0
2017-12-18 00:00:00-05:00,105.45450862166506,105.59594583305649,104.01186489182226,104.69075775146484,12270000,0.0,0.0
2017-12-19 00:00:00-05:00,104.97361811282101,105.97309513685987,104.4455864072769,105.42620849609375,10546600,0.0,0.0
2017-12-20 00:00:00-05:00,105.24706069557843,105.88823639554981,103.42725372314453,103.42725372314453,8661100,0.0,0.0
2017-12-21 00:00:00-05:00,103.45553172397615,104.74730689469261,102.9557932540966,103.31409454345703,9372800,0.0,0.0
2017-12-22 00:00:00-05:00,103.23866643135604,103.42725174762458,102.25804436814235,102.46548461914062,7378400,0.0,0.0
2017-12-26 00:00:00-05:00,102.29574672166962,103.12550760634637,101.73000524180388,101.9468765258789,3982400,0.0,0.0
2017-12-27 00:00:00-05:00,102.2297579589009,102.3523402124321,101.32457002582716,101.49429321289062,5624000,0.0,0.0
2017-12-28 00:00:00-05:00,101.83373837724324,101.88088650400961,100.94740538935311,101.61686706542969,3477700,0.0,0.0
2017-12-29 00:00:00-05:00,101.88089659532089,102.15433273750853,101.3717269897461,101.3717269897461,4538400,0.0,0.0
2018-01-02 00:00:00-05:00,102.7294862089684,105.42619480454852,102.36175387264325,105.4167709350586,11014300,0.0,0.0
2018-01-03 00:00:00-05:00,105.78451151205512,106.72741648763262,105.08675665059603,105.86936950683594,9237900,0.0,0.0
2018-01-04 00:00:00-05:00,106.50112068896266,106.54826881816992,105.2564863321128,105.82223510742188,7417400,0.0,0.0
2018-01-05 00:00:00-05:00,106.24652431532009,106.24652431532009,104.88873895864076,105.2470474243164,6008300,0.0,0.0
2018-01-08 00:00:00-05:00,104.55874093703747,104.92647333285583,103.28582055198964,103.73841094970703,8052600,0.0,0.0
2018-01-09 00:00:00-05:00,103.84212618613887,104.53045000887147,103.58754499864806,103.66297912597656,5838000,0.0,0.0
2018-01-10 00:00:00-05:00,103.6818472441223,104.19101687763948,102.78609024803173,103.2198257446289,6060000,0.0,0.0
2018-01-11 00:00:00-05:00,103.95527508817385,104.73788795593782,103.2575274102344,104.65302276611328,6427000,0.0,0.0
2018-01-12 00:00:00-05:00,104.96418834816106,106.28425683767705,104.66245902431122,106.04853057861328,5899900,0.0,0.0
2018-01-16 00:00:00-05:00,106.61425882078981,106.69912400420661,104.30414464855113,104.37014770507812,8069200,0.0,0.0
2018-01-17 00:00:00-05:00,104.85102370087529,105.80335967956354,104.2569961940188,105.57706451416016,7030700,0.0,0.0
2018-01-18 00:00:00-05:00,105.36019668026968,105.59592291683342,103.90812219978174,104.11556243896484,8070900,0.0,0.0
2018-01-19 00:00:00-05:00,104.63416450670447,104.74730849781633,103.56867729844153,104.2758560180664,10514300,0.0,0.0
2018-01-22 00:00:00-05:00,103.97413150583803,105.19047982284984,103.77612231848182,104.75674438476562,8073600,0.0,0.0
2018-01-23 00:00:00-05:00,103.97413444368476,104.79446440916303,103.61583312222012,104.10614776611328,7477300,0.0,0.0
2018-01-24 00:00:00-05:00,104.62472966514902,105.06789613111951,103.99298509160516,104.19099426269531,7211800,0.0,0.0
2018-01-25 00:00:00-05:00,104.28530775012348,105.43565317970611,103.83271730838972,104.23816680908203,6291000,0.0,0.0
2018-01-26 00:00:00-05:00,104.48330186294558,106.10509963125915,104.35129573704046,105.78451538085938,7743800,0.0,0.0
2018-01-29 00:00:00-05:00,105.69964772127247,106.02966302832998,104.8887488560488,105.17162322998047,6847800,0.0,0.0
2018-01-30 00:00:00-05:00,105.05847598375361,106.00138100718085,103.81384164058142,103.82327270507812,8393900,0.0,0.0
2018-01-31 00:00:00-05:00,103.79498412210543,103.83270118535914,102.27690649666633,102.46548461914062,9841400,0.0,0.0
2018-02-01 00:00:00-05:00,102.41834420559702,104.33244021423032,101.23028188535095,104.18157196044922,9518900,0.0,0.0
2018-02-02 00:00:00-05:00,103.67240570766393,104.26644048366754,102.25804815534221,102.4937744140625,9947700,0.0,0.0
2018-02-05 00:00:00-05:00,100.9851340008508,102.42777764183805,98.07156071709933,98.72216033935547,15107900,0.0,0.0
2018-02-06 00:00:00-05:00,97.00607940815344,100.13652422375596,95.95003024237623,100.10823822021484,17765100,0.0,0.0
2018-02-07 00:00:00-05:00,101.6734347289429,101.86201282703983,98.44870177244931,98.77871704101562,12445000,0.0,0.0
2018-02-08 00:00:00-05:00,99.44819446217718,99.77820978324488,95.41256209301925,95.56342315673828,12667500,0.0,0.0
2018-02-09 00:00:00-05:00,96.69490868568583,97.82639178544564,94.53565541579275,97.20407104492188,12479700,0.0,0.0
2018-02-12 00:00:00-05:00,97.99611566258682,98.6655773406202,96.27059780852933,97.48694610595703,9584700,0.0,0.0
2018-02-13 00:00:00-05:00,96.77976753106354,98.35441713676228,96.55347234788265,98.1752700805664,8447900,0.0,0.0
2018-02-14 00:00:00-05:00,97.58124345159042,98.77873691621205,96.82692371363322,98.62786865234375,7425700,0.0,0.0
2018-02-15 00:00:00-05:00,99.34447447478496,99.54248366770702,97.99611999496815,99.17475128173828,6494700,0.0,0.0
2018-02-16 00:00:00-05:00,99.18418071726582,101.22085180658063,99.18418071726582,100.44766998291016,8746400,0.0,0.0
2018-02-20 00:00:00-05:00,100.29680953059987,101.4282926766696,99.49533450885656,99.9290771484375,6734500,0.0,0.0
2018-02-21 00:00:00-05:00,99.94791894380423,100.8059658519087,99.02386898075277,99.05216217041016,6743300,0.0,0.0
2018-02-22 00:00:00-05:00,99.29731867199953,99.9573564578591,98.9390173782773,99.23131561279297,4462200,0.0,0.0
2018-02-23 00:00:00-05:00,99.71220648705543,101.23028415422952,99.41047716652487,101.1265640258789,6101100,0.0,0.0
2018-02-26 00:00:00-05:00,101.83374186480444,103.54039764404297,101.52258148259577,103.54039764404297,8138200,0.0,0.0
2018-02-27 00:00:00-05:00,101.83373624033604,101.98460448778727,98.8635841612341,98.8824462890625,14179600,0.0,0.0
2018-02-28 00:00:00-05:00,99.42931882747324,99.54247000523888,97.25121081048736,97.27007293701172,10760800,0.0,0.0
2018-03-01 00:00:00-05:00,97.30778790435593,98.09040073889896,95.54456025293727,96.71376037597656,10487300,0.0,0.0
2018-03-02 00:00:00-05:00,96.1763130222337,97.27951018038982,95.64828850765527,97.10978698730469,7835400,0.0,0.0
2018-03-05 00:00:00-05:00,96.84577575463219,98.03383811879768,96.57233242989122,97.50581359863281,5736700,0.0,0.0
2018-03-06 00:00:00-05:00,98.06211522232117,98.95787205116135,97.60009380909368,98.94844818115234,6216200,0.0,0.0
2018-03-07 00:00:00-05:00,97.79811173900744,98.28841919373167,96.90234763620352,97.67552947998047,6214800,0.0,0.0
2018-03-08 00:00:00-05:00,98.05268363458462,98.61842516523933,97.56237622636223,98.09040069580078,6627000,0.0,0.0
2018-03-09 00:00:00-05:00,98.46756813111875,98.76929743936314,97.72267232774797,98.75044250488281,5618400,0.0,0.0
2018-03-12 00:00:00-04:00,98.74101695953073,99.89136225956763,98.74101695953073,99.16532135009766,6485300,0.0,0.0
2018-03-13 00:00:00-04:00,99.78763999687041,99.78763999687041,97.51523544556348,97.80754089355469,6716700,0.0,0.0
2018-03-14 00:00:00-04:00,98.56184670300742,98.6749978792313,97.56236982464002,97.96781921386719,6235900,0.0,0.0
2018-03-15 00:00:00-04:00,98.06212222062682,98.33556554007427,97.34551239013672,97.34551239013672,5174600,0.0,0.0
2018-03-16 00:00:00-04:00,97.64724264559793,98.31670435392239,96.96834987270707,96.99664306640625,10468000,0.0,0.0
2018-03-19 00:00:00-04:00,96.93063897788986,97.07206897591908,95.23340706359515,95.68600463867188,6528300,0.0,0.0
2018-03-20 00:00:00-04:00,95.74257741408694,96.31775005671682,94.99768157865161,95.56342315673828,8330300,0.0,0.0
2018-03-21 00:00:00-04:00,95.7048624689611,97.06264804147098,95.62942833853396,96.006591796875,6136400,0.0,0.0
2018-03-22 00:00:00-04:00,95.50684605548153,95.83686135892114,94.67709226486276,94.85623931884766,8911600,0.0,0.0
2018-03-23 00:00:00-04:00,95.09196468267275,95.33712198886936,92.82899131836675,92.91385650634766,7505100,0.0,0.0
2018-03-26 00:00:00-04:00,94.15849316938166,95.02596403636562,93.4230284259042,94.90338897705078,7340100,0.0,0.0
2018-03-27 00:00:00-04:00,95.12024693811941,95.40312129520039,93.24386813794379,93.6870346069336,7193500,0.0,0.0
2018-03-28 00:00:00-04:00,93.81904441331126,94.36593102182906,92.54612414394975,92.91385650634766,9099700,0.0,0.0
2018-03-29 00:00:00-04:00,93.35702130241033,95.49741237796614,93.21558412086574,94.70537567138672,9343600,0.0,0.0
2018-04-02 00:00:00-04:00,94.46022819676574,95.22397898525156,92.19725463800647,93.02701568603516,8203700,0.0,0.0
2018-04-03 00:00:00-04:00,93.15900253203813,93.80960199007275,92.12180143672049,93.74359893798828,8484700,0.0,0.0
2018-04-04 00:00:00-04:00,92.81013898553842,95.37484172404909,92.17839436512718,95.1862564086914,8759200,0.0,0.0
2018-04-05 00:00:00-04:00,95.5728505529613,96.5346104794145,95.21454924581093,96.280029296875,6612800,0.0,0.0
2018-04-06 00:00:00-04:00,95.82743114721197,96.35546283120597,93.77189798977004,94.62051391601562,7162400,0.0,0.0
2018-04-09 00:00:00-04:00,94.95053443236525,95.71429240479105,93.89448539401967,94.00762939453125,7094300,0.0,0.0
2018-04-10 00:00:00-04:00,95.1579714511671,95.73314408016236,94.5922298864915,95.58228302001953,8116800,0.0,0.0
2018-04-11 00:00:00-04:00,95.02596056517677,95.84629046882512,94.67709033456521,95.0448226928711,6305000,0.0,0.0
2018-04-12 00:00:00-04:00,95.62943236225344,95.71429756100343,93.98877952230137,94.65824127197266,7337800,0.0,0.0
2018-04-13 00:00:00-04:00,95.23340359573713,95.72371102323783,94.44136686043733,94.62051391601562,6324600,0.0,0.0
2018-04-16 00:00:00-04:00,94.94110385067314,95.23340208972652,94.03591594159043,94.51679229736328,10328000,0.0,0.0
2018-04-17 00:00:00-04:00,95.42198982150161,96.73262728801026,94.99768541923139,96.33660888671875,9577400,0.0,0.0
2018-04-18 00:00:00-04:00,96.80806762356288,96.8457846918831,95.42199593642427,95.43142700195312,5822100,0.0,0.0
2018-04-19 00:00:00-04:00,95.23340457328098,95.78029119734113,94.49793982758351,95.12968444824219,6803400,0.0,0.0
2018-04-20 00:00:00-04:00,95.40312527229166,95.6105655169595,94.20563912415557,94.51679229736328,6396900,0.0,0.0
2018-04-23 00:00:00-04:00,94.80909395420369,94.9693860664106,93.84732689337467,94.43193054199219,5889800,0.0,0.0
2018-04-24 00:00:00-04:00,94.83739786767563,95.09197908258191,93.21559992443534,93.78134155273438,6567700,0.0,0.0
2018-04-25 00:00:00-04:00,93.8190451332044,95.69542402160614,93.39474077142613,95.37483978271484,8977700,0.0,0.0
2018-04-26 00:00:00-04:00,95.45027003132112,95.5917000169747,94.04533649428276,94.1396255493164,8038400,0.0,0.0
2018-04-27 00:00:00-04:00,94.0830541572961,94.28106333227238,93.29101745739095,93.56446075439453,8038000,0.0,0.0
2018-04-30 00:00:00-04:00,94.67710344515872,95.58229146739731,94.40366010607701,94.60166931152344,8558900,0.0,0.0
2018-05-01 00:00:00-04:00,94.46021233399108,94.95051971238382,93.28158121941932,94.34706115722656,6716200,0.0,0.0
2018-05-02 00:00:00-04:00,94.45079099834649,94.96939161968638,93.58332013519085,93.93219757080078,9286400,0.0,0.0
2018-05-03 00:00:00-04:00,93.45131505464326,93.58332117903963,92.1029606179139,93.12129974365234,10450800,0.0,0.0
2018-05-04 00:00:00-04:00,93.07414933874075,95.56341790043984,92.95157428159891,95.37483978271484,9980100,0.0,0.0
2018-05-07 00:00:00-04:00,96.50631637792425,96.81747672563164,95.91228887267762,96.62889862060547,10181100,0.0,0.0
2018-05-08 00:00:00-04:00,95.42198430429008,96.7797698231205,95.08253792458247,95.97830200195312,14229500,0.0,0.0
2018-05-09 00:00:00-04:00,96.41203692468169,96.43089185954416,93.63047003273427,94.26221466064453,18345700,0.0,0.0
2018-05-10 00:00:00-04:00,94.6865180728111,96.2423127566295,94.57337407719871,95.87458038330078,8927300,0.0,0.0
2018-05-11 00:00:00-04:00,96.07258638871875,96.37431569001942,95.47855885003763,96.2423095703125,7036000,0.0,0.0
2018-05-14 00:00:00-04:00,96.5911865234375,97.58123241638111,96.1574511045583,96.5911865234375,9891900,0.0,0.0
2018-05-15 00:00:00-04:00,96.59119470405044,97.42094855038155,96.27060324933065,97.04378509521484,5762400,0.0,0.0
2018-05-16 00:00:00-04:00,97.35494659169659,99.0427474975586,97.26065752528196,99.0427474975586,8111600,0.0,0.0
2018-05-17 00:00:00-04:00,99.22189776906308,99.45762402251692,98.14697943502271,98.38270568847656,7320600,0.0,0.0
2018-05-18 00:00:00-04:00,98.3827039462288,98.80701551120826,97.64723919948416,97.9961166381836,5427300,0.0,0.0
2018-05-21 00:00:00-04:00,98.26956638255187,98.70330184635957,97.69439372116035,98.11869812011719,5848700,0.0,0.0
2018-05-22 00:00:00-04:00,98.43928079050293,99.46704375983236,98.05268629788202,98.12812042236328,6971600,0.0,0.0
2018-05-23 00:00:00-04:00,97.30780120194284,97.43980733739977,96.24232105324202,97.0155029296875,8046600,0.0,0.0
2018-05-24 00:00:00-04:00,96.94005991367679,96.9872080407887,95.43141336541971,96.280029296875,7474100,0.0,0.0
2018-05-25 00:00:00-04:00,96.41203154806989,97.11921026358141,96.14801931195261,96.36488342285156,6982700,0.0,0.0
2018-05-29 00:00:00-04:00,94.80910601385787,95.84630013402459,93.70590163389846,93.99820709228516,11270400,0.0,0.0
2018-05-30 00:00:00-04:00,94.76194435548064,94.80909247894608,93.74360531649336,94.27163696289062,7216400,0.0,0.0
2018-05-31 00:00:00-04:00,94.06419952346097,94.42250081354177,93.16843550756819,93.79075622558594,9620000,0.0,0.0
2018-06-01 00:00:00-04:00,93.99819496096394,94.33764131194363,93.53616636481208,93.6870346069336,6847700,0.0,0.0
2018-06-04 00:00:00-04:00,94.06420193971894,94.76194960413382,94.00762274966787,94.51679229736328,6598000,0.0,0.0
2018-06-05 00:00:00-04:00,94.62995088748885,94.77138808299146,94.08306423490251,94.23393249511719,5974400,0.0,0.0
2018-06-06 00:00:00-04:00,94.3470735190871,96.11973955169505,94.06420633080316,96.0914535522461,7833000,0.0,0.0
2018-06-07 00:00:00-04:00,96.0914518213717,97.08149775322359,95.99715556651455,96.61947631835938,7559200,0.0,0.0
2018-06-08 00:00:00-04:00,96.26116171500065,98.05268253684532,96.01601161053095,98.04325866699219,7090300,0.0,0.0
2018-06-11 00:00:00-04:00,97.99611724538461,98.80701612343375,97.82639405710003,98.39213562011719,8175000,0.0,0.0
2018-06-12 00:00:00-04:00,98.7504468365286,99.2124682864017,98.02440593579067,98.37328338623047,9215300,0.0,0.0
2018-06-13 00:00:00-04:00,97.30779166405267,101.72058728566635,96.80805317254973,100.24022674560547,22009400,0.0,0.0
2018-06-14 00:00:00-04:00,100.37223958218492,103.238671794219,100.37223958218492,102.54092407226562,18068700,0.0,0.0
2018-06-15 00:00:00-04:00,101.99402485840776,103.1726560244533,101.69229556765184,102.63520050048828,16169200,0.0,0.0
2018-06-18 00:00:00-04:00,100.8908385835009,101.343436164846,100.41938606675556,100.9474105834961,9288600,0.0,0.0
2018-06-19 00:00:00-04:00,99.82534933065162,100.88139826728467,99.72162921097603,100.0422134399414,8869500,0.0,0.0
2018-06-20 00:00:00-04:00,100.8908351498982,101.73945108991788,99.76877589621694,101.03227233886719,18625900,0.0,0.0
2018-06-21 00:00:00-04:00,100.90026393111154,101.126559112065,99.74991870442412,99.84420776367188,7707800,0.0,0.0
2018-06-22 00:00:00-04:00,100.01394295999705,100.7022668433856,99.76878562147299,100.26852416992188,8959100,0.0,0.0
2018-06-25 00:00:00-04:00,99.94793297819578,100.02336710695414,97.81696560043595,98.4864273071289,7995800,0.0,0.0
2018-06-26 00:00:00-04:00,98.49585198061135,98.73157822233992,97.9772585650849,98.3072738647461,6550000,0.0,0.0
2018-06-27 00:00:00-04:00,98.53357601452197,99.83478237116782,97.57181604548714,98.02440643310547,8803300,0.0,0.0
2018-06-28 00:00:00-04:00,97.97726291281177,99.11817711015068,97.76039159552849,98.78815460205078,6303600,0.0,0.0
2018-06-29 00:00:00-04:00,98.93901788434903,99.64619660537683,98.67500564617234,98.82586669921875,6774000,0.0,0.0
2018-07-02 00:00:00-04:00,98.20354927012892,99.35389442837807,97.96782303913666,99.31617736816406,5488900,0.0,0.0
2018-07-03 00:00:00-04:00,99.83477226059976,99.90077531851789,97.59066109759003,98.0998306274414,2406300,0.0,0.0
2018-07-05 00:00:00-04:00,98.72216385322179,99.57077990571212,98.46758263437229,99.32562255859375,6202800,0.0,0.0
2018-07-06 00:00:00-04:00,99.32562424437829,99.83888671353895,98.88840227100901,99.59175872802734,4134500,0.84,0.0
2018-07-09 00:00:00-04:00,99.81036362289153,100.81787471336237,99.56323566144053,100.77034759521484,4725200,0.0,0.0
2018-07-10 00:00:00-04:00,100.98896918193721,101.29312390493799,99.63928305184756,100.77986145019531,4213600,0.0,0.0
2018-07-11 00:00:00-04:00,100.10500446418348,103.92594809375264,100.10500446418348,102.69032287597656,11753800,0.0,0.0
2018-07-12 00:00:00-04:00,102.69982914074687,103.79288025917464,102.48121456608959,102.88992309570312,5931400,0.0,0.0
2018-07-13 00:00:00-04:00,102.65230740633878,104.78139027023889,102.32914621565195,104.55327606201172,8188800,0.0,0.0
2018-07-16 00:00:00-04:00,104.3821886220569,104.98099113817776,103.38417717690221,104.74337005615234,8245900,0.0,0.0
2018-07-17 00:00:00-04:00,104.80040443915644,107.04354804200088,104.63881659154326,104.83842468261719,9075900,0.0,0.0
2018-07-18 00:00:00-04:00,104.84792538392234,105.56078864000366,104.22060948941319,105.20911407470703,6414100,0.0,0.0
2018-07-19 00:00:00-04:00,106.01702988468799,109.00155029349065,105.78891566121057,106.57781219482422,17796800,0.0,0.0
2018-07-20 00:00:00-04:00,106.59682186192397,106.64434172870115,105.34218280340819,105.95999908447266,11787900,0.0,0.0
2018-07-23 00:00:00-04:00,105.55129669738506,105.70337043223779,104.87644638443547,105.58930969238281,5447800,0.0,0.0
2018-07-24 00:00:00-04:00,106.30217193740879,106.34969905811161,105.06654656696082,105.21862030029297,5648800,0.0,0.0
2018-07-25 00:00:00-04:00,105.1615880439889,105.9029646777175,104.20159681875617,105.67485046386719,6756800,0.0,0.0
2018-07-26 00:00:00-04:00,106.59683637075665,108.88750020720963,106.15010750285033,107.88949584960938,9466400,0.0,0.0
2018-07-27 00:00:00-04:00,108.35521435773161,108.40274147520317,106.37820519748244,107.04354858398438,5717000,0.0,0.0
2018-07-30 00:00:00-04:00,106.64433102907849,107.7278825049194,106.50176419143052,107.05303955078125,5199300,0.0,0.0
2018-07-31 00:00:00-04:00,106.97701252325223,108.4027389953438,106.79641818293562,107.93699645996094,8421200,0.0,0.0
2018-08-01 00:00:00-04:00,108.05107141463365,108.19364553093851,107.01503960433114,107.37622833251953,6466600,0.0,0.0
2018-08-02 00:00:00-04:00,106.92948554941925,107.70888239847024,106.15008870036829,107.16710662841797,4027300,0.0,0.0
2018-08-03 00:00:00-04:00,107.59482724651518,108.45026462557108,106.83444410528121,108.44075775146484,4747500,0.0,0.0
2018-08-06 00:00:00-04:00,108.98254645386483,111.05459551604297,108.5073042465864,110.19916534423828,12715600,0.0,0.0
2018-08-07 00:00:00-04:00,110.79795902227382,112.06210493256405,110.48429745025533,110.7884521484375,15466900,0.0,0.0
2018-08-08 00:00:00-04:00,110.16114817412583,110.64589726954203,108.26017929192045,108.33621978759766,11722900,0.0,0.0
2018-08-09 00:00:00-04:00,108.4027550896884,109.1156184315716,107.22414914327443,108.50730895996094,7042000,0.0,0.0
2018-08-10 00:00:00-04:00,107.95601568509117,108.16512340520103,106.83444384673663,107.10057830810547,5740200,0.0,0.0
2018-08-13 00:00:00-04:00,107.08157604511648,107.25265627565722,106.18811838809448,106.56831359863281,6080900,0.0,0.0
2018-08-14 00:00:00-04:00,106.81542482091673,107.58532204797405,106.40671627497416,107.16710662841797,4326400,0.0,0.0
2018-08-15 00:00:00-04:00,106.62533087406673,107.51878845175179,105.95048787980541,107.26215362548828,5183200,0.0,0.0
2018-08-16 00:00:00-04:00,107.68988120136329,107.71839457198686,106.8344438245552,106.91048431396484,5082500,0.0,0.0
2018-08-17 00:00:00-04:00,106.93899768458841,107.2716657612304,106.3496947690939,106.91048431396484,4764500,0.0,0.0
2018-08-20 00:00:00-04:00,107.33819790467143,107.40473151908749,106.36870705866332,106.44474029541016,5167600,0.0,0.0
2018-08-21 00:00:00-04:00,106.69186868372137,107.40473194886873,106.45424759533891,106.82493591308594,4770400,0.0,0.0
2018-08-22 00:00:00-04:00,106.87246661898773,107.1671144579545,106.39722442626953,106.39722442626953,3213000,0.0,0.0
2018-08-23 00:00:00-04:00,106.39721978087827,106.58731374901774,106.00751771908628,106.4542465209961,4257400,0.0,0.0
2018-08-24 00:00:00-04:00,106.1025623737201,107.1195803093402,105.92197528343833,106.38771057128906,5049000,0.0,0.0
2018-08-27 00:00:00-04:00,106.9199875506991,107.30018275897912,106.5207858452343,106.76791381835938,4767700,0.0,0.0
2018-08-28 00:00:00-04:00,106.99602443695291,107.20513215704108,106.64434261211187,107.00553131103516,3131600,0.0,0.0
2018-08-29 00:00:00-04:00,107.00551797122202,107.13858518530385,106.4732418632754,106.88195037841797,4001500,0.0,0.0
2018-08-30 00:00:00-04:00,106.52077844535621,106.85344651013348,106.06454277679029,106.37820434570312,3481600,0.0,0.0
2018-08-31 00:00:00-04:00,106.35919024310941,106.72037165166188,106.03602182356715,106.4732437133789,4642800,0.0,0.0
2018-09-04 00:00:00-04:00,106.26415529692842,106.45424926997671,105.17109682285015,105.36119079589844,6391200,0.0,0.0
2018-09-05 00:00:00-04:00,105.10456103505976,105.3326752483276,104.26813016704415,104.42971801757812,6388300,0.0,0.0
2018-09-06 00:00:00-04:00,104.55328705738216,104.9429891535558,103.94497760372342,104.8004150390625,5267200,0.0,0.0
2018-09-07 00:00:00-04:00,104.62931974663975,105.83643168917487,104.56278613172239,105.47525024414062,4754800,0.0,0.0
2018-09-10 00:00:00-04:00,105.92197030173898,106.36869907283061,104.90495241395105,105.19960021972656,4636500,0.0,0.0
2018-09-11 00:00:00-04:00,105.02851009408589,105.1330639421824,104.08753271283665,104.1730728149414,5488600,0.0,0.0
2018-09-12 00:00:00-04:00,103.84040771607388,104.79089199722789,103.7738741064579,104.04000854492188,5236700,0.0,0.0
2018-09-13 00:00:00-04:00,104.12557134121984,105.23763637468272,103.95448385517781,105.19010925292969,5119400,0.0,0.0
2018-09-14 00:00:00-04:00,105.42772243137743,105.74138400747383,103.4887334858999,103.84992218017578,6012400,0.0,0.0
2018-09-17 00:00:00-04:00,104.1540692499258,104.43921018324735,103.23209833711829,103.94496154785156,5592900,0.0,0.0
2018-09-18 00:00:00-04:00,103.49824270596132,104.31565984616108,102.87092679116863,104.10655212402344,4937800,0.0,0.0
2018-09-19 00:00:00-04:00,104.20159486815176,104.72436415221034,104.05902801942666,104.35367584228516,5964600,0.0,0.0
2018-09-20 00:00:00-04:00,105.10455122437926,106.40671001970627,104.49624187803248,106.09305572509766,7121800,0.0,0.0
2018-09-21 00:00:00-04:00,106.40673351600608,106.43525414146778,104.93348693847656,104.93348693847656,25753600,0.0,0.0
2018-09-24 00:00:00-04:00,106.71088449075391,107.53780856105838,106.16910865203602,107.18612670898438,9232300,0.0,0.0
2018-09-25 00:00:00-04:00,107.69937771243644,109.03005723218183,107.0720618219802,108.00353240966797,12169400,0.0,0.0
2018-09-26 00:00:00-04:00,108.36472409593294,110.56034065069962,108.36472409593294,109.50530242919922,11141500,0.0,0.0
2018-09-27 00:00:00-04:00,109.4863020392159,110.8264812929705,109.40075467105848,110.2942123413086,5195300,0.0,0.0
2018-09-28 00:00:00-04:00,109.92351725453553,111.64389161889059,109.63836904700236,111.14964294433594,7366800,0.0,0.0
2018-10-01 00:00:00-04:00,111.47279560163254,111.58685632622844,109.9520221984518,110.48429107666016,8643900,0.0,0.0
2018-10-02 00:00:00-04:00,109.82846195493494,111.87199736494793,109.59084088385254,111.833984375,6441700,0.0,0.0
2018-10-03 00:00:00-04:00,112.10962156948408,112.25219566644238,110.95953642349482,111.12112426757812,6111700,0.0,0.0
2018-10-04 00:00:00-04:00,111.20666948244086,111.36825008232566,109.41976150646866,110.37974548339844,6442800,0.0,0.0
2018-10-05 00:00:00-04:00,110.25618015527859,110.80746279644373,109.04906827015334,109.09658813476562,5835700,0.0,0.0
2018-10-08 00:00:00-04:00,109.14412080340026,110.40826674263788,108.46927777796864,110.27519226074219,5652300,0.0,0.0
2018-10-09 00:00:00-04:00,110.84549946372749,111.93855078283137,110.29421674087558,111.10212707519531,6761400,0.0,0.0
2018-10-10 00:00:00-04:00,111.05459124397524,111.42528682288338,107.14810712191291,107.27166748046875,9006500,0.0,0.0
2018-10-11 00:00:00-04:00,106.92949186860308,107.6423551477271,104.85743564721778,105.6463394165039,10045400,0.0,0.0
2018-10-12 00:00:00-04:00,106.42573295950227,107.66135825342634,105.72237657670733,107.03404235839844,5963900,0.0,0.0
2018-10-15 00:00:00-04:00,106.38771880119226,108.94452414855735,106.34969855513393,107.82295227050781,6628800,0.0,0.0
2018-10-16 00:00:00-04:00,108.67837341826468,110.60786267479114,108.20313125935685,110.43677520751953,7619000,0.0,0.0
2018-10-17 00:00:00-04:00,110.35123298026863,111.41577807631498,109.71441019810366,111.33023071289062,7120600,0.0,0.0
2018-10-18 00:00:00-04:00,110.96905242302884,111.33023388028919,109.8569874282148,110.42727661132812,6056300,0.0,0.0
2018-10-19 00:00:00-04:00,111.60588356806021,113.26923137328747,111.4157895766826,113.01260375976562,10431000,0.0,0.0
2018-10-22 00:00:00-04:00,113.15515641262395,113.763465771576,111.8910105800813,112.41377258300781,8406400,0.0,0.0
2018-10-23 00:00:00-04:00,111.15914240322812,112.62288917994643,109.69540287812994,112.01457977294922,8607400,0.0,0.0
2018-10-24 00:00:00-04:00,111.26368584813042,111.26368584813042,105.7413745836508,106.08354949951172,11630500,0.0,0.0
2018-10-25 00:00:00-04:00,107.04356202776624,109.01106456129907,106.5683197998441,108.50730895996094,7406900,0.0,0.0
2018-10-26 00:00:00-04:00,107.25265182077177,108.48828439079254,106.54929542404405,107.5853271484375,7984700,0.0,0.0
2018-10-29 00:00:00-04:00,108.78293587609343,109.24867844982111,106.41623176802302,107.44275665283203,9234100,0.0,0.0
2018-10-30 00:00:00-04:00,107.77543979036261,109.20116657893072,106.84396901607278,109.07760620117188,7365400,0.0,0.0
2018-10-31 00:00:00-04:00,110.4747987982865,110.75043287738046,109.0015451603784,109.14411926269531,9196700,0.0,0.0
2018-11-01 00:00:00-04:00,109.4957894783557,110.5223142722976,109.21064853667392,110.35122680664062,6779900,0.0,0.0
2018-11-02 00:00:00-04:00,111.04509206207338,111.15914554684824,108.70690135312424,109.47679138183594,6377900,0.0,0.0
2018-11-05 00:00:00-05:00,110.00904737537893,110.46528301567504,109.41975176903665,109.73340606689453,7920800,0.0,0.0
2018-11-06 00:00:00-05:00,110.0090517056259,111.05458299341916,109.73341038629152,110.93102264404297,5036600,0.0,0.0
2018-11-07 00:00:00-05:00,110.797960487874,111.48231038074123,109.45778132402576,111.25419616699219,8249800,0.0,0.0
2018-11-08 00:00:00-05:00,111.63437915654202,111.9955678348859,109.50529633550042,110.25617980957031,11074800,0.0,0.0
2018-11-09 00:00:00-05:00,112.34724423276867,114.24821288138826,111.37775341268545,112.15715026855469,16878200,0.0,0.0
2018-11-12 00:00:00-05:00,112.15714892591589,112.59437083966999,110.82646943748784,110.92151641845703,9170600,0.0,0.0
2018-11-13 00:00:00-05:00,111.31120721149357,111.94802989637193,110.42725659978959,111.06407928466797,4650600,0.0,0.0
2018-11-14 00:00:00-05:00,111.624886825285,112.36626347423658,110.67440245450192,111.32073211669922,7109100,0.0,0.0
2018-11-15 00:00:00-05:00,110.72192296721079,111.61538060147127,109.97103943972255,111.31122589111328,7088700,0.0,0.0
2018-11-16 00:00:00-05:00,110.75993639479933,111.52982637171165,110.24667399298448,110.43677520751953,7141900,0.0,0.0
2018-11-19 00:00:00-05:00,110.25618531589409,111.99557342807677,109.10610011512098,109.70490264892578,9714600,0.0,0.0
2018-11-20 00:00:00-05:00,107.89898187682945,108.9159998568692,105.99801314766204,106.3306884765625,11194600,0.0,0.0
2018-11-21 00:00:00-05:00,106.9294948561829,108.34571457982439,106.73940087708677,107.4332504272461,7242500,0.0,0.0
2018-11-23 00:00:00-05:00,106.68237006317102,107.2051393987043,106.20712784963919,106.5302963256836,3242300,0.0,0.0
2018-11-26 00:00:00-05:00,107.5758228146941,107.5758228146941,106.3782104610293,106.97702026367188,7002400,0.0,0.0
2018-11-27 00:00:00-05:00,107.98452864849756,108.45026395413669,106.84395031789802,108.26016998291016,7357500,0.0,0.0
2018-11-28 00:00:00-05:00,108.65936589715477,110.5413280193816,108.40273832447919,110.35122680664062,9039800,0.0,0.0
2018-11-29 00:00:00-05:00,110.01855856261972,111.33973116954881,109.50529616651767,110.83597564697266,10834700,0.0,0.0
2018-11-30 00:00:00-05:00,111.05459105643297,111.27320565371522,109.36273002672102,109.77143859863281,16857800,0.0,0.0
2018-12-03 00:00:00-05:00,110.87400032628359,111.13062790879415,109.22015959596422,110.0090560913086,9273300,0.0,0.0
2018-12-04 00:00:00-05:00,109.89501354501226,110.53183637931681,107.08158047327707,107.28118133544922,10806700,0.0,0.0
2018-12-06 00:00:00-05:00,106.51128060689467,108.67838390027184,105.65585043965041,108.66888427734375,10546200,0.0,0.0
2018-12-07 00:00:00-05:00,109.06160233092827,109.18612111434986,106.90642400729247,107.26083374023438,8305500,0.88,0.0
2018-12-10 00:00:00-05:00,107.2704004285688,107.55776044379981,104.91407315042832,107.14588165283203,7337500,0.0,0.0
2018-12-11 00:00:00-05:00,108.20910823643452,108.92750099823307,106.73400755526389,107.25125122070312,6861800,0.0,0.0
2018-12-12 00:00:00-05:00,108.23784041014473,109.17654348049149,107.42366342615547,107.48113250732422,7723900,0.0,0.0
2018-12-13 00:00:00-05:00,108.11332199544603,108.8125535115817,107.60565164789445,108.61140441894531,6661500,0.0,0.0
2018-12-14 00:00:00-05:00,107.63439886895655,109.11907290524674,107.32788490661083,107.4715576171875,7601900,0.0,0.0
2018-12-17 00:00:00-05:00,107.55777233996106,108.132485126119,105.39301329396758,105.9581527709961,7731800,0.0,0.0
2018-12-18 00:00:00-05:00,106.19761064514785,106.39875974279548,104.31063114281221,104.83744812011719,6682300,0.0,0.0
2018-12-19 00:00:00-05:00,105.36426900733488,107.40450176728048,104.35851624366278,104.61714172363281,9416900,0.0,0.0
2018-12-20 00:00:00-05:00,104.16695728480259,104.60757066395948,101.65736910834949,102.49070739746094,9387300,0.0,0.0
2018-12-21 00:00:00-05:00,101.98303622684625,104.16694902331746,99.48302886565712,99.8278579711914,15530600,0.0,0.0
2018-12-24 00:00:00-05:00,98.87958948559336,99.52135197466686,96.12095642089844,96.12095642089844,7133000,0.0,0.0
2018-12-26 00:00:00-05:00,96.25504283479252,101.38915667011499,96.14967798568986,101.37000274658203,9422800,0.0,0.0
2018-12-27 00:00:00-05:00,100.00985791683617,102.05967141548778,98.46770748450444,102.03092956542969,8201400,0.0,0.0
2018-12-28 00:00:00-05:00,102.75890730829913,103.9466480521047,101.71484658937504,102.77806854248047,7620500,0.0,0.0
2018-12-31 00:00:00-05:00,104.51177855637954,105.04817614146314,103.01752396486435,105.02902221679688,7241700,0.0,0.0
2019-01-02 00:00:00-05:00,103.54433970097314,104.54051185274672,103.18993728984881,104.37767791748047,9723500,0.0,0.0
2019-01-03 00:00:00-05:00,103.90832424499484,104.07115817118587,101.47536673627506,101.84893035888672,10594700,0.0,0.0
2019-01-04 00:00:00-05:00,103.39109545861555,106.08267151242148,102.73017173550524,104.99071502685547,10122800,0.0,0.0
2019-01-07 00:00:00-05:00,105.27807167755063,106.70527663319383,104.69377829350736,105.90067291259766,6714700,0.0,0.0
2019-01-08 00:00:00-05:00,107.08841661026246,107.8163826759868,106.48496201710032,106.72442626953125,8730700,0.0,0.0
2019-01-09 00:00:00-05:00,107.08841439609947,108.04627138601853,106.85852345685329,107.92174530029297,5931900,0.0,0.0
2019-01-10 00:00:00-05:00,107.27039556563409,108.15162949538774,106.80104771604476,108.0462646484375,6160100,0.0,0.0
2019-01-11 00:00:00-05:00,107.45241674333454,108.1612289971287,107.02138394351097,107.9026107788086,4819100,0.0,0.0
2019-01-14 00:00:00-05:00,106.94474240148111,107.9504879315548,106.73401267864583,107.68228912353516,6980600,0.0,0.0
2019-01-15 00:00:00-05:00,107.56734589985524,108.41025744372854,105.94856520309462,107.05010223388672,9800900,0.0,0.0
2019-01-16 00:00:00-05:00,106.75316778460079,107.28957271443961,106.14013984295885,106.23593139648438,5899900,0.0,0.0
2019-01-17 00:00:00-05:00,106.05393900959142,106.57118271921081,105.51754137348377,106.33171844482422,6392000,0.0,0.0
2019-01-18 00:00:00-05:00,107.14588556999632,107.21293526828568,106.15929402036633,106.36044311523438,8554700,0.0,0.0
2019-01-22 00:00:00-05:00,105.95814133446892,106.63821891060351,105.12480313437054,105.93898010253906,6986700,0.0,0.0
2019-01-23 00:00:00-05:00,106.50413008597046,107.1267313359591,105.36427783271647,106.43708038330078,6845600,0.0,0.0
2019-01-24 00:00:00-05:00,106.32214608547544,106.4275109590186,105.29723920381315,105.89111328125,6716800,0.0,0.0
2019-01-25 00:00:00-05:00,106.77233082476955,106.80106536816552,105.99646892159981,106.40834045410156,5706900,0.0,0.0
2019-01-28 00:00:00-05:00,106.09225587721862,106.31255892079142,105.31638664637272,106.14014434814453,6178800,0.0,0.0
2019-01-29 00:00:00-05:00,105.98688461316733,106.25508341934832,105.36427606575039,106.22634887695312,5253700,0.0,0.0
2019-01-30 00:00:00-05:00,105.65163366903342,105.91983246902953,104.3681014446487,105.4887924194336,7853800,0.0,0.0
2019-01-31 00:00:00-05:00,105.46005808218534,106.83937455097609,105.37385445682052,106.8202133178711,8351600,0.0,0.0
2019-02-01 00:00:00-05:00,107.25125189158379,107.32788220721022,106.25507971204757,106.60948944091797,6557700,0.0,0.0
2019-02-04 00:00:00-05:00,106.71485340251472,107.26083160800087,106.01561456706168,107.08841705322266,7037000,0.0,0.0
2019-02-05 00:00:00-05:00,107.29914280840819,107.98880104905798,106.75316458587199,107.91217803955078,13619800,0.0,0.0
2019-02-06 00:00:00-05:00,109.05201747912855,109.11906717650065,106.38917620082366,106.71485137939453,14229000,0.0,0.0
2019-02-07 00:00:00-05:00,106.37003777562596,106.42750686521336,105.18228966643979,106.27424621582031,8658100,0.0,0.0
2019-02-08 00:00:00-05:00,105.80489319037534,106.8393806005442,105.42174889314211,106.8106460571289,6395500,0.0,0.0
2019-02-11 00:00:00-05:00,107.05967450327621,107.09798966051709,104.64587806005359,104.82787322998047,11086400,0.0,0.0
2019-02-12 00:00:00-05:00,105.5654219564089,106.15929594334995,104.5500958473873,104.59798431396484,7610200,0.0,0.0
2019-02-13 00:00:00-05:00,104.63629768626939,105.82404563988186,104.62672437783874,105.55583953857422,6919700,0.0,0.0
2019-02-14 00:00:00-05:00,105.22059081548807,106.80105633948475,104.92365748167217,105.9964599609375,6324300,0.0,0.0
2019-02-15 00:00:00-05:00,106.7052859033549,107.88344608261193,106.35087613389103,107.84513092041016,8197300,0.0,0.0
2019-02-19 00:00:00-05:00,108.15165132321059,108.97540172618827,108.07502099944108,108.72636413574219,8169600,0.0,0.0
2019-02-20 00:00:00-05:00,108.81256797930509,109.28191592452784,108.51563460896192,108.88919830322266,7081500,0.0,0.0
2019-02-21 00:00:00-05:00,108.62098805729715,109.71294448077278,108.11332500348979,109.47348022460938,9480100,0.0,0.0
2019-02-22 00:00:00-05:00,109.7991618283291,110.89111838828158,109.14781867784252,110.39303588867188,8734700,0.0,0.0
2019-02-25 00:00:00-05:00,110.7474344606223,110.9198490214837,108.67845973028538,108.802978515625,9327700,0.0,0.0
2019-02-26 00:00:00-05:00,108.86044636484243,109.20527545950429,108.09415786384527,108.71676635742188,8956000,0.0,0.0
2019-02-27 00:00:00-05:00,108.33363647704184,108.72636139556053,107.72060851807535,108.0271224975586,7249500,0.0,0.0
2019-02-28 00:00:00-05:00,108.142063490095,108.64972656242239,107.99838346958154,108.08458709716797,6716700,0.0,0.0
2019-03-01 00:00:00-05:00,108.66887161035424,109.61715528355057,108.66887161035424,109.20527648925781,6996900,0.0,0.0
2019-03-04 00:00:00-05:00,109.59800630352053,109.59800630352053,108.32405462202865,109.51180267333984,6015000,0.0,0.0
2019-03-05 00:00:00-05:00,109.41601193184493,109.71294527311387,108.96581795774738,109.1957015991211,5225100,0.0,0.0
2019-03-06 00:00:00-05:00,109.19571061284333,110.20146350216218,109.19571061284333,110.0098876953125,7352800,0.0,0.0
2019-03-07 00:00:00-05:00,110.00987284580992,110.05776861802465,108.68803284238767,109.20527648925781,6324000,0.0,0.0
2019-03-08 00:00:00-05:00,108.67845390550167,109.0424369332034,108.14205632617934,109.01370239257812,6549100,0.0,0.0
2019-03-11 00:00:00-04:00,109.23402299268083,110.15356491853468,109.22444237561487,109.91410064697266,6952700,0.0,0.0
2019-03-12 00:00:00-04:00,109.885354991813,110.44091379954638,109.23401194671463,109.89493560791016,9920300,0.0,0.0
2019-03-13 00:00:00-04:00,110.00029890754911,110.00987952414742,108.92750370035375,109.28190612792969,17994500,0.0,0.0
2019-03-14 00:00:00-04:00,109.31065030496401,109.93325154759404,109.12865512506757,109.65547943115234,17409600,0.0,0.0
2019-03-15 00:00:00-04:00,109.67462865269046,110.61333174657763,108.88918618958857,110.11524200439453,14932700,0.0,0.0
2019-03-18 00:00:00-04:00,108.2665875222815,109.19571008436375,107.72060926417447,108.35279846191406,21769800,0.0,0.0
2019-03-19 00:00:00-04:00,108.18994054650697,108.91791388121783,105.17269697332945,105.36426544189453,45384400,0.0,0.0
2019-03-20 00:00:00-04:00,105.66120450284106,106.20718270657902,103.4964529205083,105.35469055175781,35588700,0.0,0.0
2019-03-21 00:00:00-04:00,105.46005868046517,105.50795445563014,103.80297009307424,104.08074951171875,27438900,0.0,0.0
2019-03-22 00:00:00-04:00,103.76466089591283,104.40642339592567,102.97921837001974,103.66887664794922,24133800,0.0,0.0
2019-03-25 00:00:00-04:00,103.91791065580051,104.47346950589309,102.79721964665715,103.2474136352539,18187500,0.0,0.0
2019-03-26 00:00:00-04:00,103.83169069986027,105.68992813938694,103.70716462429158,105.49835968017578,16693100,0.0,0.0
2019-03-27 00:00:00-04:00,105.795295472798,106.40832332613508,105.10564461869514,105.63246154785156,10794800,0.0,0.0
2019-03-28 00:00:00-04:00,105.9389848137166,106.58074726239984,105.59415570233206,106.04434967041016,11748900,0.0,0.0
2019-03-29 00:00:00-04:00,106.85853896355947,106.89685412566058,105.73784787661434,106.35087585449219,16358800,0.0,0.0
2019-04-01 00:00:00-04:00,106.88725965397927,108.11332275868877,106.68611055992284,107.76849365234375,10785100,0.0,0.0
2019-04-02 00:00:00-04:00,108.3815208681819,108.53477418788727,107.2033535442783,107.24166870117188,9231800,0.0,0.0
2019-04-03 00:00:00-04:00,107.95047545658393,108.34320031427823,107.4811275967883,107.77806091308594,10534900,0.0,0.0
2019-04-04 00:00:00-04:00,108.4677344005345,110.01946551108952,108.26658528936673,109.91410064697266,14378400,0.0,0.0
2019-04-05 00:00:00-04:00,110.1248299099181,110.2780832429781,109.49264072788799,110.153564453125,10907900,0.0,0.0
2019-04-08 00:00:00-04:00,110.15355716209085,110.94858024158408,109.80872805069303,110.11524200439453,11054200,0.0,0.0
2019-04-09 00:00:00-04:00,110.73785174797835,112.22253306662115,110.4217571744037,111.93517303466797,17340300,0.0,0.0
2019-04-10 00:00:00-04:00,112.62483238211675,113.05586512645249,111.37961530846134,112.2225341796875,14091100,0.0,0.0
2019-04-11 00:00:00-04:00,112.76850981511777,112.89302859648191,111.41792791351138,111.68612670898438,12784500,0.0,0.0
2019-04-12 00:00:00-04:00,122.51947857949513,125.38346133287789,121.03479747355401,124.57886505126953,65253500,0.0,0.0
2019-04-15 00:00:00-04:00,125.52713397366328,127.10759181476627,124.32022507649013,126.47540283203125,32773700,0.0,0.0
2019-04-16 00:00:00-04:00,126.1976701037903,126.56166047068974,124.0999607631673,124.42562866210938,14564300,0.0,0.0
2019-04-17 00:00:00-04:00,124.3393948455032,126.78193272604382,123.83173188636259,126.19763946533203,14253700,0.0,0.0
2019-04-18 00:00:00-04:00,126.21681309994221,127.27044696469815,125.58462401164644,126.86814880371094,11890600,0.0,0.0
2019-04-22 00:00:00-04:00,126.34133732236012,126.62869735658133,125.50800637728324,126.13060760498047,10197500,0.0,0.0
2019-04-23 00:00:00-04:00,127.76856456231003,128.58274898552267,127.0597450101515,127.73983001708984,12159300,0.0,0.0
2019-04-24 00:00:00-04:00,127.50033830306677,130.0290800486655,127.12677467982164,129.40647888183594,11449500,0.0,0.0
2019-04-25 00:00:00-04:00,129.6555380561069,133.02719915131834,129.15744827010374,131.45631408691406,16382500,0.0,0.0
2019-04-26 00:00:00-04:00,132.85475927060662,134.13828410702305,131.71490713388698,134.02334594726562,14167600,0.0,0.0
2019-04-29 00:00:00-04:00,136.19769540792814,136.37010266027215,131.81070839306548,133.4294891357422,25746100,0.0,0.0
2019-04-30 00:00:00-04:00,133.25704886719873,133.5156743257417,130.29727451807727,131.19766235351562,15253100,0.0,0.0
2019-05-01 00:00:00-04:00,131.6957596598395,132.34709538187198,130.49843845104093,130.63253784179688,8906700,0.0,0.0
2019-05-02 00:00:00-04:00,129.67470182806585,129.9716351973095,126.80113046262719,128.48695373535156,16580400,0.0,0.0
2019-05-03 00:00:00-04:00,129.52142218245032,129.6076258029915,128.14210579084107,128.66893005371094,8874400,0.0,0.0
2019-05-06 00:00:00-04:00,126.95434974990268,129.6267787416,126.72447344316687,129.31068420410156,9955600,0.0,0.0
2019-05-07 00:00:00-04:00,129.6459316159003,130.23979819100492,127.165071244969,127.81642150878906,10972700,0.0,0.0
2019-05-08 00:00:00-04:00,127.87391989446918,129.981202542616,127.6919247111573,129.30113220214844,15423500,0.0,0.0
2019-05-09 00:00:00-04:00,129.33943765988838,130.7283274739269,127.2417283596888,127.96012115478516,15297100,0.0,0.0
2019-05-10 00:00:00-04:00,127.40453713230531,128.6593419103588,125.69955307142158,128.39112854003906,9858500,0.0,0.0
2019-05-13 00:00:00-04:00,125.95820754184317,127.06932527584523,125.04824622799673,125.80494689941406,11389900,0.0,0.0
2019-05-14 00:00:00-04:00,127.89308439865967,128.9850409107132,126.48503328894071,127.58656311035156,12001700,0.0,0.0
2019-05-15 00:00:00-04:00,126.96395532360873,129.51185859287398,126.47543887240856,129.00418090820312,9734100,0.0,0.0
2019-05-16 00:00:00-04:00,129.58845543358956,130.6516771925084,129.1286882073842,129.78961181640625,9689400,0.0,0.0
2019-05-17 00:00:00-04:00,128.60190209610047,130.24941764533412,128.38159903304623,129.34902954101562,8964200,0.0,0.0
2019-05-20 00:00:00-04:00,128.5922999464672,128.73597264759835,127.63444296362572,128.26663208007812,8009000,0.0,0.0
2019-05-21 00:00:00-04:00,128.8988383327041,128.8988383327041,127.50036052091342,128.43905639648438,7050300,0.0,0.0
2019-05-22 00:00:00-04:00,128.1804481946075,128.51568942077458,127.76856202838633,128.2091827392578,5093700,0.0,0.0
2019-05-23 00:00:00-04:00,127.11721355108791,127.92180995274431,126.38923285038487,127.13636016845703,6743300,0.0,0.0
2019-05-24 00:00:00-04:00,127.49078036288698,127.67276092682454,126.64786147417061,127.19383239746094,4570100,0.0,0.0
2019-05-28 00:00:00-04:00,127.59613733826923,128.39114578602948,127.00225605985908,127.03099060058594,8938400,0.0,0.0
2019-05-29 00:00:00-04:00,126.39881694361166,126.58079749753307,125.26853807633961,126.02525329589844,7749600,0.0,0.0
2019-05-30 00:00:00-04:00,126.32218598677352,127.0884598950915,125.80493502134716,126.62869262695312,5274000,0.0,0.0
2019-05-31 00:00:00-04:00,125.44093037121793,127.3278947818159,125.26850855059267,126.47540283203125,7420700,0.0,0.0
2019-06-03 00:00:00-04:00,126.4562887333823,127.34708875249014,125.94862567858655,126.88732147216797,7901400,0.0,0.0
2019-06-04 00:00:00-04:00,127.8260012459131,129.19574422235502,127.3183382547404,129.13827514648438,8247500,0.0,0.0
2019-06-05 00:00:00-04:00,129.70342701919793,130.26855917253678,129.25323303515137,130.21109008789062,6842800,0.0,0.0
2019-06-06 00:00:00-04:00,130.7570701109207,131.64788483216978,130.00994272702906,131.42758178710938,6027300,0.0,0.0
2019-06-07 00:00:00-04:00,131.80115034396258,132.91225353554424,131.54252481976482,132.22259521484375,7026300,0.0,0.0
2019-06-10 00:00:00-04:00,133.02719120450706,133.02719120450706,130.33561524419034,131.29347229003906,8479500,0.0,0.0
2019-06-11 00:00:00-04:00,131.79156052259853,131.94482117293637,129.25324494524097,129.38734436035156,6352200,0.0,0.0
2019-06-12 00:00:00-04:00,129.3969115635483,130.53676384606598,129.13830067101523,130.0003662109375,5537000,0.0,0.0
2019-06-13 00:00:00-04:00,132.13636136745512,135.87201218643227,131.81069351706742,135.7666473388672,17939500,0.0,0.0
2019-06-14 00:00:00-04:00,136.06360204344872,136.92566757489516,134.60765517974392,135.68045043945312,11125200,0.0,0.0
2019-06-17 00:00:00-04:00,134.8758683703868,135.51763093277492,133.2475140731306,135.0291290283203,8542700,0.0,0.0
2019-06-18 00:00:00-04:00,136.00611593522305,137.4620480009745,133.11338380398186,133.37200927734375,11231400,0.0,0.0
2019-06-19 00:00:00-04:00,133.63063445538586,135.1249037604799,132.7398343966315,134.98121643066406,6877100,0.0,0.0
2019-06-20 00:00:00-04:00,135.99652861057692,136.23599285325722,134.0137722813677,136.03485107421875,8485800,0.0,0.0
2019-06-21 00:00:00-04:00,135.96779717898394,136.0156929517624,134.0999789665263,134.32028198242188,14150000,0.0,0.0
2019-06-24 00:00:00-04:00,134.21492499465523,134.5501808080153,131.99270424172542,133.3528594970703,10497400,0.0,0.0
2019-06-25 00:00:00-04:00,133.16126914129666,134.49268963577782,132.82601338299588,134.04249572753906,14675400,0.0,0.0
2019-06-26 00:00:00-04:00,134.44480067383472,134.80879098804564,133.6306164285956,134.4831085205078,8842100,0.0,0.0
2019-06-27 00:00:00-04:00,135.05784318719182,135.7666626613295,133.06549878203114,133.4294891357422,6466300,0.0,0.0
2019-06-28 00:00:00-04:00,133.53485444227977,134.30114300309768,132.76856588146183,133.75515747070312,20078800,0.0,0.0
2019-07-01 00:00:00-04:00,134.5310248589448,135.967810488515,133.35286473510416,135.68045043945312,8972400,0.0,0.0
2019-07-02 00:00:00-04:00,135.44097808599517,136.83945577958724,135.31646661089812,136.5233612060547,7554100,0.0,0.0
2019-07-03 00:00:00-04:00,136.6861926853988,136.97355271213831,136.0156957001653,136.9543914794922,4150900,0.0,0.0
2019-07-05 00:00:00-04:00,136.29903134751896,137.7158022784742,135.60510212802038,137.29173278808594,5596000,0.88,0.0
2019-07-08 00:00:00-04:00,137.03149711758147,137.07968950326014,135.86532079791507,135.91351318359375,4993900,0.0,0.0
2019-07-09 00:00:00-04:00,134.98828656685157,136.58817985507685,134.68951432635535,136.48216247558594,7396300,0.0,0.0
2019-07-10 00:00:00-04:00,137.24355099943713,139.02656657457604,136.8676738686988,138.34226989746094,9533700,0.0,0.0
2019-07-11 00:00:00-04:00,138.79524384194175,140.0770849327884,138.34226185095636,138.36154174804688,10471100,0.0,0.0
2019-07-12 00:00:00-04:00,138.93015160488045,140.16380010985006,138.7855891653333,139.63372802734375,8510000,0.0,0.0
2019-07-15 00:00:00-04:00,139.87467747723443,140.09634479018357,138.75667890594673,139.8072052001953,5289200,0.0,0.0
2019-07-16 00:00:00-04:00,139.50843960115662,139.7397542253157,138.60247570601422,139.07473754882812,5854700,0.0,0.0
2019-07-17 00:00:00-04:00,139.3638692788322,139.4409594429454,137.21460962135674,137.40737915039062,5296400,0.0,0.0
2019-07-18 00:00:00-04:00,137.30138092312396,137.30138092312396,135.09429598190923,136.50143432617188,8031700,0.0,0.0
2019-07-19 00:00:00-04:00,137.08934364219914,137.08934364219914,134.6798713005943,134.785888671875,6109900,0.0,0.0
2019-07-22 00:00:00-04:00,136.13517771766038,136.3182999557321,134.940074226101,135.74002075195312,7706400,0.0,0.0
2019-07-23 00:00:00-04:00,136.5206829666256,137.37845444385897,135.19066437095793,136.14480590820312,7514500,0.0,0.0
2019-07-24 00:00:00-04:00,136.27973867613574,136.46286091220617,135.31594981787097,136.17372131347656,5896600,0.0,0.0
2019-07-25 00:00:00-04:00,136.27973035920536,138.04346562694207,135.9327658031547,138.02420043945312,7294400,0.0,0.0
2019-07-26 00:00:00-04:00,138.53501168152783,139.9325025434053,137.869995036005,139.41204833984375,8139400,0.0,0.0
2019-07-29 00:00:00-04:00,140.3180314409465,141.8215398685897,139.91324184167738,141.0890655517578,11674100,0.0,0.0
2019-07-30 00:00:00-04:00,140.48186181814597,141.4842104885869,139.37351048893368,139.68191528320312,6563100,0.0,0.0
2019-07-31 00:00:00-04:00,139.73974864121624,139.74938123532712,137.1856994017858,137.83143615722656,9710700,0.0,0.0
2019-08-01 00:00:00-04:00,138.14949118462314,139.29640227705266,136.1448085980133,136.7134552001953,8911700,0.0,0.0
2019-08-02 00:00:00-04:00,135.88459259361045,137.07004873813574,134.87261137968622,136.57852172851562,6539100,0.0,0.0
2019-08-05 00:00:00-04:00,134.10158659057203,135.15211295919525,132.06799142889005,133.29200744628906,10669700,0.0,0.0
2019-08-06 00:00:00-04:00,135.32560348699474,136.80983192782116,133.359465888106,136.73272705078125,18818900,0.0,0.0
2019-08-07 00:00:00-04:00,130.0440200710044,130.94998392628125,127.47070565375556,129.9765625,29084500,0.0,0.0
2019-08-08 00:00:00-04:00,132.90646792077402,133.00285268202904,131.08490770055275,132.89683532714844,14054800,0.0,0.0
2019-08-09 00:00:00-04:00,132.1354499928907,134.19795743087144,131.80775062505734,133.5040283203125,8811900,0.0,0.0
2019-08-12 00:00:00-04:00,132.33782813382467,132.5884226155682,130.3331458111213,130.83432006835938,7918900,0.0,0.0
2019-08-13 00:00:00-04:00,130.1115107805504,132.92577280453497,130.1115107805504,132.04872131347656,8145400,0.0,0.0
2019-08-14 00:00:00-04:00,130.16933301621637,130.2560704920707,127.87551061305338,128.03936767578125,11797700,0.0,0.0
2019-08-15 00:00:00-04:00,128.66580850992284,129.41756261909876,127.67310719379951,128.57907104492188,7590100,0.0,0.0
2019-08-16 00:00:00-04:00,129.1670115023505,130.59341516649178,128.9838892314043,130.3042755126953,6353800,0.0,0.0
2019-08-19 00:00:00-04:00,131.8366591041504,132.63660554634146,129.41755459071692,130.39097595214844,11741800,0.0,0.0
2019-08-20 00:00:00-04:00,128.50196309891442,131.1138225242228,128.43449082358356,130.23678588867188,8628000,0.0,0.0
2019-08-21 00:00:00-04:00,129.73562750297472,131.13311849996336,129.1959080591379,130.84397888183594,6325000,0.0,0.0
2019-08-22 00:00:00-04:00,131.268039483296,131.7210214229351,129.81272360235496,131.1523895263672,6967100,0.0,0.0
2019-08-23 00:00:00-04:00,130.60301454148075,131.4993457696268,126.27561225646625,126.90206909179688,10190900,0.0,0.0
2019-08-26 00:00:00-04:00,129.33082143064638,129.76452344941532,127.75020838682738,129.73561096191406,8093800,0.0,0.0
2019-08-27 00:00:00-04:00,130.8536285253224,131.06566326866107,129.33084023509548,129.61997985839844,6013600,0.0,0.0
2019-08-28 00:00:00-04:00,129.2055525232692,131.77886741911587,128.68511292783245,131.6053924560547,5950500,0.0,0.0
2019-08-29 00:00:00-04:00,133.1185383452829,133.65825785811433,132.44388895424362,132.8486785888672,6532700,0.0,0.0
2019-08-30 00:00:00-04:00,133.2823589718149,133.4847611092293,131.8077631483358,132.28965759277344,5622200,0.0,0.0
2019-09-03 00:00:00-04:00,131.43187893227014,131.48007131534698,130.16931790940944,131.37405395507812,5997400,0.0,0.0
2019-09-04 00:00:00-04:00,131.78848410396478,133.19560749828926,131.45115214582202,132.89683532714844,4285400,0.0,0.0
2019-09-05 00:00:00-04:00,133.8895591043457,134.2268911191831,133.3112945583774,133.8124542236328,5143500,0.0,0.0
2019-09-06 00:00:00-04:00,134.09194507393215,134.74731442153143,133.2438061946855,134.49673461914062,4090000,0.0,0.0
2019-09-09 00:00:00-04:00,134.5256523218888,135.00754675718449,133.46547868173792,133.8028106689453,5458700,0.0,0.0
2019-09-10 00:00:00-04:00,133.11850877166108,133.42692825690554,129.70670277708462,130.8728790283203,10974600,0.0,0.0
2019-09-11 00:00:00-04:00,130.65121590313956,131.30659997716916,130.04402421350568,131.25840759277344,7896400,0.0,0.0
2019-09-12 00:00:00-04:00,131.88486141190612,133.64859675486997,131.59572181848978,132.52096557617188,7333900,0.0,0.0
2019-09-13 00:00:00-04:00,132.8583134040268,133.21491061157676,132.14510428267454,133.02215576171875,5209100,0.0,0.0
2019-09-16 00:00:00-04:00,131.35476968517906,132.27038081438877,130.4006281807922,130.8825225830078,6329300,0.0,0.0
2019-09-17 00:00:00-04:00,130.8825269426955,131.77884350167272,130.75722968794577,131.37405395507812,4726500,0.0,0.0
2019-09-18 00:00:00-04:00,131.47043642512853,132.1065405756323,130.8054197865337,131.8463134765625,6857900,0.0,0.0
2019-09-19 00:00:00-04:00,132.03906868046047,132.38603324480513,128.18391339052002,128.47305297851562,12216100,0.0,0.0
2019-09-20 00:00:00-04:00,128.21285155479057,128.4056064166389,126.84427291753818,127.48037719726562,25231600,0.0,0.0
2019-09-23 00:00:00-04:00,127.21049310950986,128.07789717498855,127.11410834390091,127.6634750366211,6096100,0.0,0.0
2019-09-24 00:00:00-04:00,129.1573460426885,129.29227590132427,126.73824118205724,127.19122314453125,11904000,0.0,0.0
2019-09-25 00:00:00-04:00,127.0177318966724,128.5887125002288,126.46837987422568,128.27066040039062,6523000,0.0,0.0
2019-09-26 00:00:00-04:00,128.3188515537749,128.47306130486695,124.38659113843542,126.51657104492188,11615100,0.0,0.0
2019-09-27 00:00:00-04:00,125.38892764528215,126.25633167505356,124.25164922416532,125.25399780273438,8401300,0.0,0.0
2019-09-30 00:00:00-04:00,125.62987989563173,126.12140690477011,125.11907299213975,125.60096740722656,5532500,0.0,0.0
2019-10-01 00:00:00-04:00,126.06358463536792,127.0080935914727,124.820288782242,124.85884857177734,5978500,0.0,0.0
2019-10-02 00:00:00-04:00,123.85650762107257,124.54080421842731,122.95055104513088,124.46369934082031,8296100,0.0,0.0
2019-10-03 00:00:00-04:00,123.94326115211159,124.74319301522719,122.92163989548683,123.5095443725586,8498700,0.0,0.0
2019-10-04 00:00:00-04:00,124.02999197276034,125.71662249443709,123.95288709844786,125.55278015136719,6732900,0.0,0.0
2019-10-07 00:00:00-04:00,125.55277330191889,126.80570170520485,124.36730246856932,126.15995025634766,5784100,0.0,0.0
2019-10-08 00:00:00-04:00,125.19616601671828,125.33109586777456,123.72157024937073,123.81795501708984,6526000,0.0,0.0
2019-10-09 00:00:00-04:00,124.42515273934701,125.14799441357347,123.42280404891883,124.64682006835938,5004600,0.0,0.0
2019-10-10 00:00:00-04:00,124.5407984063703,125.42748239809349,124.21311372152172,124.65644836425781,4512000,0.0,0.0
2019-10-11 00:00:00-04:00,125.58168831094478,126.24670496099084,125.13833897549723,125.31182861328125,6559000,0.0,0.0
2019-10-14 00:00:00-04:00,125.41784719023467,125.58168952924483,124.79137561681276,125.00341033935547,3710300,0.0,0.0
2019-10-15 00:00:00-04:00,125.30219601664574,126.15033499811442,124.71428416926445,125.06124877929688,5914700,0.0,0.0
2019-10-16 00:00:00-04:00,125.06125565820936,127.05630595219537,125.00343067106537,126.12142944335938,7610800,0.0,0.0
2019-10-17 00:00:00-04:00,127.73096148632389,128.60801305040695,125.7841034896103,127.57675170898438,8005100,0.0,0.0
2019-10-18 00:00:00-04:00,127.57671762472326,128.3381190055074,126.1503143310547,126.15031433105469,8694000,0.0,0.0
2019-10-21 00:00:00-04:00,126.68040744540151,126.95989973816917,125.31182905775346,125.54312896728516,6257100,0.0,0.0
2019-10-22 00:00:00-04:00,128.32847822703758,128.83928513599045,127.31651170953702,127.60563659667969,9291600,0.0,0.0
2019-10-23 00:00:00-04:00,127.65383892391748,127.87550625674447,126.02503330363042,126.38164520263672,5970800,0.0,0.0
2019-10-24 00:00:00-04:00,126.75751231732895,126.93098724947771,124.93595199851386,125.54312896728516,5746300,0.0,0.0
2019-10-25 00:00:00-04:00,125.77444061206748,126.98880922717528,125.32145869160063,126.15995025634766,6696000,0.0,0.0
2019-10-28 00:00:00-04:00,126.69003629755697,127.2972279546445,125.42747530781955,125.80335235595703,8940300,0.0,0.0
2019-10-29 00:00:00-04:00,125.77446600423471,126.03469315509781,124.75285200501692,124.79139709472656,9305100,0.0,0.0
2019-10-30 00:00:00-04:00,124.99378092584664,125.59132531935408,124.47332670045216,124.90704345703125,10880000,0.0,0.0
2019-10-31 00:00:00-04:00,124.83957701287397,125.43712143431425,124.08782283549692,125.2154541015625,9628300,0.0,0.0
2019-11-01 00:00:00-04:00,126.24669213182855,127.99114739525758,125.78406294891715,127.94295501708984,8507600,0.0,0.0
2019-11-04 00:00:00-05:00,129.26335519628475,129.28263509093657,127.67310948440112,128.1068115234375,7631800,0.0,0.0
2019-11-05 00:00:00-05:00,127.96224121530881,127.96224121530881,126.15031359190728,126.69003295898438,7404500,0.0,0.0
2019-11-06 00:00:00-05:00,126.834623141705,126.89244812180168,125.92865923685332,126.51657104492188,9132500,0.0,0.0
2019-11-07 00:00:00-05:00,127.5574587034538,128.85856481214233,126.97917951764738,128.14537048339844,18047600,0.0,0.0
2019-11-08 00:00:00-05:00,135.14245158350226,135.17136406776555,131.78847105272544,132.96429443359375,24175900,0.0,0.0
2019-11-11 00:00:00-05:00,132.52095684231236,133.5425705929695,131.27767579068706,131.78848266601562,10138400,0.0,0.0
2019-11-12 00:00:00-05:00,133.0317723279311,134.29433335456443,131.7884911958362,133.56185913085938,17284000,0.0,0.0
2019-11-13 00:00:00-05:00,133.56185321030273,144.49121463528803,131.88485540980898,143.3346710205078,45725400,0.0,0.0
2019-11-14 00:00:00-05:00,142.6407443178507,145.17551360193147,140.98302638306214,141.82151794433594,28393600,0.0,0.0
2019-11-15 00:00:00-05:00,141.81189515836903,141.86972013814577,138.9880008000963,139.43133544921875,13733400,0.0,0.0
2019-11-18 00:00:00-05:00,139.50840925696463,143.64305615901262,138.48679562507738,142.3033905029297,15353100,0.0,0.0
2019-11-19 00:00:00-05:00,142.8142342363529,144.06716276596845,141.48421553510866,143.0070037841797,11504300,0.0,0.0
2019-11-20 00:00:00-05:00,142.72749573212081,143.5949145723176,140.74209293636736,141.6094970703125,9448400,0.0,0.0
2019-11-21 00:00:00-05:00,141.83117618774352,142.129948389813,140.9637573654033,141.58058166503906,6241400,0.0,0.0
2019-11-22 00:00:00-05:00,141.87936329151376,144.02860831247898,141.36854167049881,142.9202423095703,9639400,0.0,0.0
2019-11-25 00:00:00-05:00,143.41179024093088,144.77073610976288,142.351616575973,144.26956176757812,11316800,0.0,0.0
2019-11-26 00:00:00-05:00,146.2549584020896,147.85485142712503,145.1562396982251,146.14894104003906,24949900,0.0,0.0
2019-11-27 00:00:00-05:00,146.7850496599608,147.0452767758336,145.67668362198472,145.99473571777344,6155400,0.0,0.0
2019-11-29 00:00:00-05:00,145.99474071428858,146.94889703430974,145.54175874777616,146.09112548828125,6284900,0.0,0.0
2019-12-02 00:00:00-05:00,147.40186009188685,147.43077257912537,143.70091466285848,145.16586303710938,10351000,0.0,0.0
2019-12-03 00:00:00-05:00,142.39018885466723,143.71057504806916,141.55168244384572,143.19976806640625,9273800,0.0,0.0
2019-12-04 00:00:00-05:00,143.8936827894609,143.9225952793737,142.81422924312838,142.91061401367188,7684800,0.0,0.0
2019-12-05 00:00:00-05:00,143.30576448831152,143.4406943372055,141.77334376739034,142.1010284423828,7363300,0.0,0.0
2019-12-06 00:00:00-05:00,143.02625890946206,143.22866103793686,141.85043534046744,142.3130645751953,7084900,0.0,0.0
2019-12-09 00:00:00-05:00,142.60221903576468,143.13229119148983,140.1349069787656,140.91558837890625,11515000,0.0,0.0
2019-12-10 00:00:00-05:00,139.99997642444652,141.5324120190195,139.79758898212225,140.8095703125,7084100,0.0,0.0
2019-12-11 00:00:00-05:00,142.05283538477772,142.53472980086102,141.44564371451264,142.24559020996094,8253700,0.0,0.0
2019-12-12 00:00:00-05:00,142.56364883664298,143.53707030758596,141.91791205418565,142.40943908691406,7748300,0.0,0.0
2019-12-13 00:00:00-05:00,142.94269689301123,143.30144534073585,141.85679083243198,141.92466735839844,9350100,0.88,0.0
2019-12-16 00:00:00-05:00,143.0978152525267,144.12554977770762,142.0894761318847,143.94134521484375,9134400,0.0,0.0
2019-12-17 00:00:00-05:00,143.59229942855924,143.94134273244632,143.12689849380405,143.23355102539062,8776100,0.0,0.0
2019-12-18 00:00:00-05:00,143.2723536872183,143.44686795642068,141.74044210421573,141.8083038330078,9467800,0.0,0.0
2019-12-19 00:00:00-05:00,141.730730607682,142.33186980575545,140.89692052219928,141.70164489746094,10243900,0.0,0.0
2019-12-20 00:00:00-05:00,142.67121048341775,143.3790022292937,141.3332234070983,142.40943908691406,12629900,0.0,0.0
2019-12-23 00:00:00-05:00,141.46898649029052,141.87620130625382,139.9370746810788,140.2764129638672,9314000,0.0,0.0
2019-12-24 00:00:00-05:00,140.17944679395168,141.00356662300607,140.053398845948,140.86782836914062,3508500,0.0,0.0
2019-12-26 00:00:00-05:00,140.97447843309513,141.42048399901913,140.75148304731303,141.26535034179688,4422000,0.0,0.0
2019-12-27 00:00:00-05:00,141.60471470542828,142.05070551270123,141.02297084144672,141.3138427734375,5495300,0.0,0.0
2019-12-30 00:00:00-05:00,141.31383497816998,141.43017782680408,139.03535556335078,139.39410400390625,6602800,0.0,0.0
2019-12-31 00:00:00-05:00,139.29714857338269,140.36367405250783,138.89962409531233,140.22793579101562,5662900,0.0,0.0
2020-01-02 00:00:00-05:00,140.86782246539903,143.6892547607422,140.68361789558458,143.6892547607422,9502100,0.0,0.0
2020-01-03 00:00:00-05:00,141.94405338259688,143.39839825247742,141.60471512290806,142.041015625,7320200,0.0,0.0
2020-01-06 00:00:00-05:00,141.11022062592107,141.58531191654905,139.91766204073036,141.2168731689453,8262500,0.0,0.0
2020-01-07 00:00:00-05:00,141.54653194480719,142.3997374708099,140.99387383883786,141.26535034179688,6906500,0.0,0.0
2020-01-08 00:00:00-05:00,141.06175923884197,141.68227911242076,140.41215365199864,140.9744873046875,6984200,0.0,0.0
2020-01-09 00:00:00-05:00,142.01194302062373,142.16707670504508,140.2085546237222,140.42185974121094,6664200,0.0,0.0
2020-01-10 00:00:00-05:00,140.87752656768637,141.07143623594297,139.86917262177724,140.2182159423828,5152500,0.0,0.0
2020-01-13 00:00:00-05:00,140.34426286837228,140.34426286837228,138.99657071135883,139.50074768066406,9921300,0.0,0.0
2020-01-14 00:00:00-05:00,139.04506693399733,142.25431887133365,137.95914605178777,140.78057861328125,14839100,0.0,0.0
2020-01-15 00:00:00-05:00,141.27506042066148,141.27506042066148,139.54922431337178,139.9273681640625,6818200,0.0,0.0
2020-01-16 00:00:00-05:00,140.67391721804668,141.0035651462159,140.04370707334905,140.7030029296875,6948400,0.0,0.0
2020-01-17 00:00:00-05:00,141.1102206744267,141.20718291152215,139.62679017189998,139.9370574951172,10355300,0.0,0.0
2020-01-21 00:00:00-05:00,139.84980139218666,140.18913963580877,138.65722800340967,139.19049072265625,9250200,0.0,0.0
2020-01-22 00:00:00-05:00,140.05341074102236,140.38305870064193,139.1711046187806,139.62680053710938,7550000,0.0,0.0
2020-01-23 00:00:00-05:00,139.2292845944231,139.23897490067307,136.36906125408632,137.87188720703125,11082000,0.0,0.0
2020-01-24 00:00:00-05:00,137.09620649749507,137.9203409905773,134.963170790783,135.81639099121094,13076300,0.0,0.0
2020-01-27 00:00:00-05:00,131.72486533646986,133.53794390179274,130.89104033956926,131.76364135742188,12831800,0.0,0.0
2020-01-28 00:00:00-05:00,132.34536892372213,134.70140025821453,131.7248491044256,134.158447265625,10390000,0.0,0.0
2020-01-29 00:00:00-05:00,134.3814609373989,134.45901297176465,131.6569760093774,131.91876220703125,9382700,0.0,0.0
2020-01-30 00:00:00-05:00,130.97828085365532,133.65428458480255,130.72619976356785,133.61549377441406,11847300,0.0,0.0
2020-01-31 00:00:00-05:00,134.18755316579683,134.4493393960256,132.88834191028798,134.1002960205078,12379100,0.0,0.0
2020-02-03 00:00:00-05:00,135.53523147013675,137.50345835155903,135.49645545215552,137.0186767578125,12639900,0.0,0.0
2020-02-04 00:00:00-05:00,141.0617523630096,141.158699804379,138.88992551416575,140.3248748779297,23519700,0.0,0.0
2020-02-05 00:00:00-05:00,142.13796463126073,142.81665588179848,134.35237366972396,137.067138671875,27824100,0.0,0.0
2020-02-06 00:00:00-05:00,137.60041603535154,139.56862826890853,136.92172471246312,138.35667419433594,9504600,0.0,0.0
2020-02-07 00:00:00-05:00,137.57131366147283,137.66827589344118,135.85518275727722,136.72779846191406,10948900,0.0,0.0
2020-02-10 00:00:00-05:00,136.73748391882611,138.25,136.18484064040902,138.25,8162100,0.0,0.0
2020-02-11 00:00:00-05:00,138.50210130417014,138.63783955281647,136.18484597733368,136.7180938720703,10790100,0.0,0.0
2020-02-12 00:00:00-05:00,137.03806029251143,137.89128064989893,136.5823644011213,137.5325469970703,8168200,0.0,0.0
2020-02-13 00:00:00-05:00,136.87322111606707,137.58099803697957,136.53388290752272,136.61143493652344,7543100,0.0,0.0
2020-02-14 00:00:00-05:00,136.80537774658913,136.9798920267927,134.89533699888133,135.2928466796875,9110500,0.0,0.0
2020-02-18 00:00:00-05:00,134.78868644168833,135.40920632661891,133.8966900317482,134.905029296875,8214900,0.0,0.0
2020-02-19 00:00:00-05:00,135.38011407156972,137.55192616670928,134.9922799157517,136.99928283691406,7080900,0.0,0.0
2020-02-20 00:00:00-05:00,137.31925443699888,137.31925443699888,134.6238696558949,136.09759521484375,5981700,0.0,0.0
2020-02-21 00:00:00-05:00,135.6030991876847,135.62249459259576,134.36205957184285,134.7401885986328,7725800,0.0,0.0
2020-02-24 00:00:00-05:00,128.85495633220918,130.34809209534322,127.21640678654293,128.96160888671875,19336500,0.0,0.0
2020-02-25 00:00:00-05:00,129.679084097721,129.86330348148095,124.0847074254236,124.28831481933594,21032500,0.0,0.0
2020-02-26 00:00:00-05:00,122.28132044792243,124.46283037563963,118.41275773246699,119.6053237915039,31195900,0.0,0.0
2020-02-27 00:00:00-05:00,116.16335088427276,119.15930466442367,114.33087724480522,114.44722747802734,30827500,0.0,0.0
2020-02-28 00:00:00-05:00,111.0246941818591,114.70903023800928,109.76425894856669,114.06912231445312,35389900,0.0,0.0
2020-03-02 00:00:00-05:00,115.50405146794323,116.32818603515625,112.49840728460842,116.32818603515625,21775900,0.0,0.0
2020-03-03 00:00:00-05:00,117.46257557366725,118.07339768723531,111.64519674935534,112.90562438964844,19529700,0.0,0.0
2020-03-04 00:00:00-05:00,115.33923855043136,115.61071506562719,111.96516272273996,115.55254364013672,13842100,0.0,0.0
2020-03-05 00:00:00-05:00,113.30316569935074,113.40012054809152,108.69774011094592,110.51082611083984,22397200,0.0,0.0
2020-03-06 00:00:00-05:00,107.38881870621641,112.34328709326782,106.96220854461357,111.76154327392578,22899600,0.0,0.0
2020-03-09 00:00:00-04:00,105.38182786372302,107.06886578114194,101.10605054879167,101.17391967773438,26233600,0.0,0.0
2020-03-10 00:00:00-04:00,104.80977959472332,108.18386275825293,99.3123580704121,108.06751251220703,24083700,0.0,0.0
2020-03-11 00:00:00-04:00,105.12003954532054,105.5854331324346,99.72927056264156,102.29861450195312,24771300,0.0,0.0
2020-03-12 00:00:00-04:00,94.64875355796971,96.95631109914473,88.85076289948188,89.01558685302734,40392900,0.0,0.0
2020-03-13 00:00:00-04:00,97.71257459077115,99.73896545227126,89.44220197639427,99.39961242675781,40960100,0.0,0.0
2020-03-16 00:00:00-04:00,89.00589783640123,95.2886627441592,87.2606812524798,92.11819458007812,35379500,0.0,0.0
2020-03-17 00:00:00-04:00,92.88415535295042,94.49362638088624,88.37568509864526,90.68324279785156,27526200,0.0,0.0
2020-03-18 00:00:00-04:00,84.92403578231769,86.62077135524481,76.66336070488312,86.09721374511719,43592500,0.0,0.0
2020-03-19 00:00:00-04:00,85.32156093569986,94.43545642417656,82.5195239012905,92.04063415527344,30866800,0.0,0.0
2020-03-20 00:00:00-04:00,93.06837527696,94.03793853717639,83.22730670632758,83.36305236816406,31957800,0.0,0.0
2020-03-23 00:00:00-04:00,81.91838520328736,84.62346717150102,78.62186914540085,83.14973449707031,32246600,0.0,0.0
2020-03-24 00:00:00-04:00,89.51976586359612,96.15157414403173,89.00589858654934,95.13353729248047,32538100,0.0,0.0
2020-03-25 00:00:00-04:00,97.59622389736882,102.69612040950584,92.602972519407,97.66409301757812,28533000,0.0,0.0
2020-03-26 00:00:00-04:00,97.76104811172924,104.4510349102289,97.73196240258635,102.15316772460938,24520300,0.0,0.0
2020-03-27 00:00:00-04:00,97.39261528942072,98.40096185133042,92.63206407772506,93.46588897705078,30591500,0.0,0.0
2020-03-30 00:00:00-04:00,93.07806246409865,97.402313228415,89.29676469705868,96.76240539550781,23119200,0.0,0.0
2020-03-31 00:00:00-04:00,97.16961097634267,100.02012873748123,93.2331873230973,93.6597900390625,21563200,0.0,0.0
2020-04-01 00:00:00-04:00,90.65416674101549,94.43546501499668,89.74277489010422,92.03094482421875,18303900,0.0,0.0
2020-04-02 00:00:00-04:00,91.33284537251178,94.29971362864535,91.33284537251178,94.01853942871094,13936500,0.0,0.0
2020-04-03 00:00:00-04:00,93.37862168439884,93.97005577914706,89.88819593316933,91.0225830078125,14814600,0.0,0.0
2020-04-06 00:00:00-04:00,94.29971651212627,97.14053691198102,91.64310808551808,96.54910278320312,20407400,0.0,0.0
2020-04-07 00:00:00-04:00,101.66839053402565,102.66703937565828,97.1987039072162,98.1585693359375,22899600,0.0,0.0
2020-04-08 00:00:00-04:00,97.4701865145035,99.2347912281702,95.64741037641066,97.9937515258789,22562500,0.0,0.0
2020-04-09 00:00:00-04:00,104.63525546011716,104.70312458608393,100.37887373847808,101.31935119628906,31453600,0.0,0.0
2020-04-13 00:00:00-04:00,101.5229553611885,101.67808901401999,96.57818483347006,100.34978485107422,17306000,0.0,0.0
2020-04-14 00:00:00-04:00,102.28892804523151,104.36379291333188,100.7376282462566,102.80279541015625,19866900,0.0,0.0
2020-04-15 00:00:00-04:00,101.21269842917289,101.68778230987616,99.57413430955687,100.22374725341797,14157600,0.0,0.0
2020-04-16 00:00:00-04:00,100.37886780990138,100.56308716829368,97.81922178578945,98.91482543945312,18029300,0.0,0.0
2020-04-17 00:00:00-04:00,102.97729911583725,103.53964750637577,101.17391110285482,103.38451385498047,17926900,0.0,0.0
2020-04-20 00:00:00-04:00,100.4273603896116,101.66840013120552,98.89544872231518,99.14753723144531,17021000,0.0,0.0
2020-04-21 00:00:00-04:00,96.96601399382764,98.42035873819246,96.11279367627182,97.4798812866211,16101400,0.0,0.0
2020-04-22 00:00:00-04:00,98.70152698693231,99.50625874172907,97.81922101128092,97.91617584228516,11463800,0.0,0.0
2020-04-23 00:00:00-04:00,97.58653480115653,99.40931090265099,96.4327522586705,97.9258804321289,17132200,0.0,0.0
2020-04-24 00:00:00-04:00,98.68213851360971,98.81787676598547,96.49092367254691,98.11009979248047,13614100,0.0,0.0
2020-04-27 00:00:00-04:00,98.89543945486155,103.27786155633754,98.51731042519086,102.83186340332031,15518300,0.0,0.0
2020-04-28 00:00:00-04:00,105.47877728462342,106.71011924563908,102.75430716642397,102.97730255126953,16503700,0.0,0.0
2020-04-29 00:00:00-04:00,106.59377702584445,109.2697660427723,105.25577512020058,108.83346557617188,20139800,0.0,0.0
2020-04-30 00:00:00-04:00,106.10899079828305,106.95250598308601,103.60751615972475,104.8582534790039,18638700,0.0,0.0
2020-05-01 00:00:00-04:00,103.12273479321469,103.65599747200748,101.29026107471525,102.28890991210938,13209100,0.0,0.0
2020-05-04 00:00:00-04:00,98.90514830558527,100.66975310867424,97.48958686110119,100.03953552246094,19514800,0.0,0.0
2020-05-05 00:00:00-04:00,98.42035478010592,101.97864966956114,97.8289206827417,97.98404693603516,30169800,0.0,0.0
2020-05-06 00:00:00-04:00,98.39128367335977,102.06592194888702,95.85102524868047,97.80953979492188,51992400,0.0,0.0
2020-05-07 00:00:00-04:00,98.75000491994727,102.39556441935281,98.73061691179045,102.35678100585938,20868800,0.0,0.0
2020-05-08 00:00:00-04:00,105.73087949002803,105.85692005445283,103.3845307117708,105.83753204345703,24079700,0.0,0.0
2020-05-11 00:00:00-04:00,105.100659609421,105.49817670230857,103.17123077953686,104.48983001708984,20555900,0.0,0.0
2020-05-12 00:00:00-04:00,105.74056766601737,106.10900644214024,101.30966382609553,101.37753295898438,17049700,0.0,0.0
2020-05-13 00:00:00-04:00,101.3193489884677,101.35813240205788,98.50761437920823,99.78743743896484,21085800,0.0,0.0
2020-05-14 00:00:00-04:00,98.87606328313032,102.69613745006444,96.62667684371827,102.68644714355469,22002200,0.0,0.0
2020-05-15 00:00:00-04:00,101.78474371612727,106.05081569922181,101.09634736351914,105.73086547851562,29766000,0.0,0.0
2020-05-18 00:00:00-04:00,110.98589183294047,116.1342696470981,110.98589183294047,113.29344940185547,40044600,0.0,0.0
2020-05-19 00:00:00-04:00,111.5967235311622,112.92502778636705,109.967857049195,110.88894653320312,20332600,0.0,0.0
2020-05-20 00:00:00-04:00,112.87654085557358,117.19110133843989,112.50810951924771,116.27001190185547,25749900,0.0,0.0
2020-05-21 00:00:00-04:00,115.70766450808425,116.63845165558129,112.95410867137687,114.2436294555664,17578300,0.0,0.0
2020-05-22 00:00:00-04:00,113.92367919254862,114.96111154973397,113.27407360566758,114.42784881591797,9288200,0.0,0.0
2020-05-26 00:00:00-04:00,117.36561609727612,118.78117733420831,116.76448431288871,117.2686538696289,16466400,0.0,0.0
2020-05-27 00:00:00-04:00,119.91557117147526,120.01252600743031,116.06640426690382,117.83100891113281,19345400,0.0,0.0
2020-05-28 00:00:00-04:00,117.89888268812287,118.26732143534176,112.4693302914213,113.19650268554688,18606000,0.0,0.0
2020-05-29 00:00:00-04:00,112.65354353974517,114.16605967018901,110.64654813697172,113.7297592163086,17745100,0.0,0.0
2020-06-01 00:00:00-04:00,113.69098651494079,116.00824204478086,113.37102887345316,115.15502166748047,10538300,0.0,0.0
2020-06-02 00:00:00-04:00,115.37801854183799,116.20214576627225,114.2436313953633,115.13562774658203,10753100,0.0,0.0
2020-06-03 00:00:00-04:00,116.3378817253307,118.7230062159464,115.68827618217999,118.46122741699219,12584300,0.0,0.0
2020-06-04 00:00:00-04:00,118.23822484982337,120.71061387603581,118.14127001289305,119.9252700805664,14195100,0.0,0.0
2020-06-05 00:00:00-04:00,122.4655210688414,123.92956351997631,120.49730902639892,121.0208740234375,16581600,0.0,0.0
2020-06-08 00:00:00-04:00,121.29235023829271,123.56113188674061,120.16766081550121,123.40599822998047,13858100,0.0,0.0
2020-06-09 00:00:00-04:00,121.80622432828461,121.96135799370154,119.75075504177245,120.11918640136719,10882800,0.0,0.0
2020-06-10 00:00:00-04:00,120.2452200842443,120.32278691251958,117.24927346461553,118.46122741699219,11497100,0.0,0.0
2020-06-11 00:00:00-04:00,114.02063397381322,114.4084607439066,108.83347219070777,109.21160125732422,26078800,0.0,0.0
2020-06-12 00:00:00-04:00,111.66459358302674,113.43889604000131,109.45399063861659,111.974853515625,18361900,0.0,0.0
2020-06-15 00:00:00-04:00,108.66864080161747,114.52480317856187,108.30989976925612,113.5164566040039,14156400,0.0,0.0
2020-06-16 00:00:00-04:00,117.54984027009893,117.80192877325213,112.517812293324,114.83506774902344,12951200,0.0,0.0
2020-06-17 00:00:00-04:00,115.02898789837778,115.60103408484093,113.57464296635462,114.06912231445312,8921600,0.0,0.0
2020-06-18 00:00:00-04:00,113.32254218637476,114.92232291804763,112.40146012123162,114.76719665527344,9577300,0.0,0.0
2020-06-19 00:00:00-04:00,116.32819026439871,116.46392851394246,110.86954498291016,110.86954498291016,23496300,0.0,0.0
2020-06-22 00:00:00-04:00,110.7144216248428,112.65354798017593,109.6672916176397,112.39176177978516,12868000,0.0,0.0
2020-06-23 00:00:00-04:00,113.40010761346957,113.87519149613703,112.44024214521245,113.04136657714844,10187600,0.0,0.0
2020-06-24 00:00:00-04:00,112.32389074193777,112.46932669554903,106.68103343982415,108.65894317626953,22252500,0.0,0.0
2020-06-25 00:00:00-04:00,105.67269072754824,108.11599412543175,105.19760683241873,107.9705581665039,17240400,0.0,0.0
2020-06-26 00:00:00-04:00,107.57302531639198,107.81541609664269,104.7322050759665,105.77933502197266,15270900,0.0,0.0
2020-06-29 00:00:00-04:00,105.68239059477331,108.17416776520322,104.80978222051802,108.12568664550781,12584300,0.0,0.0
2020-06-30 00:00:00-04:00,108.10629198228033,108.63955467738772,106.58407812200447,108.1159896850586,10565900,0.0,0.0
2020-07-01 00:00:00-04:00,109.38611601966824,112.08150043581138,108.8722487255779,109.5703353881836,11930900,0.0,0.0
2020-07-02 00:00:00-04:00,111.49977009120929,111.59672493359167,108.591080436656,108.7656021118164,10312000,0.0,0.0
2020-07-06 00:00:00-04:00,110.36538420814072,111.04407551003436,109.46369010866464,110.9471206665039,11933400,0.0,0.0
2020-07-07 00:00:00-04:00,110.17146301269531,111.57733408155639,109.18251181010005,110.17146301269531,10836500,0.0,0.0
2020-07-08 00:00:00-04:00,110.02601921723574,113.56491846571593,109.37640634568928,113.1092300415039,13629500,0.0,0.0
2020-07-09 00:00:00-04:00,112.9638122925485,114.26302345048141,111.86820112499879,113.25467681884766,13582900,0.0,0.0
2020-07-10 00:00:00-04:00,113.27406627305277,115.80462672393077,112.67293444813534,115.7076644897461,14207900,0.0,0.0
2020-07-13 00:00:00-04:00,116.28940861088581,116.47362058252367,112.36267482587293,112.68263244628906,15620200,0.0,0.0
2020-07-14 00:00:00-04:00,111.72276095288599,115.45557746475261,111.05376003669797,115.0483627319336,12425100,0.0,0.0
2020-07-15 00:00:00-04:00,117.92796894670694,118.37396712950869,116.05671168126695,117.2201919555664,15314200,0.0,0.0
2020-07-16 00:00:00-04:00,114.13696985384229,116.33787484646328,114.02061961830897,115.794921875,10210100,0.0,0.0
2020-07-17 00:00:00-04:00,115.28106419717355,115.9209720528578,113.49706408991126,115.0386734008789,9843500,0.0,0.0
2020-07-20 00:00:00-04:00,114.45693774422789,114.88354051851269,113.26437176362376,114.20484924316406,8947900,0.0,0.0
2020-07-21 00:00:00-04:00,114.45693941743997,116.72571376864056,114.07881035890655,115.00959014892578,8946300,0.0,0.0
2020-07-22 00:00:00-04:00,114.59267496909102,115.66889069402569,114.34058647029352,115.4071044921875,7063300,0.0,0.0
2020-07-23 00:00:00-04:00,115.24227782905778,115.71736170641101,113.4485874618761,114.5248031616211,7255800,0.0,0.0
2020-07-24 00:00:00-04:00,112.17845010273977,114.61205560683375,112.01362614754883,114.03031921386719,8233300,0.0,0.0
2020-07-27 00:00:00-04:00,113.63279277249796,113.84609783881888,112.15906010992175,112.76988220214844,9413000,0.0,0.0
2020-07-28 00:00:00-04:00,111.94576555029175,113.28376009572867,111.18950744212394,112.64385223388672,6821100,0.0,0.0
2020-07-29 00:00:00-04:00,112.68262825444332,113.1577121173643,111.60641258739194,112.09119415283203,9496500,0.0,0.0
2020-07-30 00:00:00-04:00,111.41249900308911,112.75049341367837,109.9193709463669,112.1396713256836,9713500,0.0,0.0
2020-07-31 00:00:00-04:00,111.71307217201665,113.48737458879879,110.64655414019322,113.38072204589844,9601000,0.0,0.0
2020-08-03 00:00:00-04:00,112.63414838257287,113.55523780538618,111.8391069023606,112.80867004394531,10229200,0.0,0.0
2020-08-04 00:00:00-04:00,112.43054149665267,114.7477968232856,112.23663182636915,113.72006225585938,17293900,0.0,0.0
2020-08-05 00:00:00-04:00,119.61501390649184,126.343777442754,119.52774937249838,123.72595977783203,53000200,0.0,0.0
2020-08-06 00:00:00-04:00,123.09574253794916,127.62360828738645,121.78683370213177,126.83826446533203,27238000,0.0,0.0
2020-08-07 00:00:00-04:00,126.25652341489996,127.92417333318943,124.74400716211663,125.975341796875,16088600,0.0,0.0
2020-08-10 00:00:00-04:00,125.80082809650418,127.32304945684557,124.57918376234612,124.87004089355469,8529200,0.0,0.0
2020-08-11 00:00:00-04:00,126.55709419808623,128.7192161776373,126.04322684143547,126.51831817626953,13885700,0.0,0.0
2020-08-12 00:00:00-04:00,126.69283377477397,128.9519180237465,126.51831948325352,127.77873992919922,12204200,0.0,0.0
2020-08-13 00:00:00-04:00,126.66373931905675,128.3216989459019,126.47951993892275,126.97400665283203,6468600,0.0,0.0
2020-08-14 00:00:00-04:00,126.05289852518861,127.09033818644374,125.79112712928637,126.55707550048828,6507600,0.0,0.0
2020-08-17 00:00:00-04:00,126.1401647591842,126.17894077352229,124.62763390154123,125.432373046875,7492200,0.0,0.0
2020-08-18 00:00:00-04:00,125.50027078780718,125.64569935911635,124.45314069129745,124.99609375,6714600,0.0,0.0
2020-08-19 00:00:00-04:00,125.3160373465948,126.2565147872128,123.55143270653768,123.8810806274414,7624200,0.0,0.0
2020-08-20 00:00:00-04:00,122.94062032769087,124.54039373690674,122.67883411358545,124.2204360961914,4918100,0.0,0.0
2020-08-21 00:00:00-04:00,123.83261084591577,124.40464957291417,123.35752695772625,123.5611343383789,6064700,0.0,0.0
2020-08-24 00:00:00-04:00,124.24952038145365,126.89643861666922,124.03622268727533,126.71221923828125,7613600,0.0,0.0
2020-08-25 00:00:00-04:00,126.847953609323,127.10003471212993,125.37421342174677,125.839599609375,5494400,0.0,0.0
2020-08-26 00:00:00-04:00,126.04321961621453,128.56408992628315,125.57783340928337,128.1568603515625,8447800,0.0,0.0
2020-08-27 00:00:00-04:00,128.95190623049933,132.20963919020215,128.77739195493905,129.65968322753906,13667600,0.0,0.0
2020-08-28 00:00:00-04:00,130.406257285892,132.63625572251556,129.5142608701148,131.4145965576172,11020100,0.0,0.0
2020-08-31 00:00:00-04:00,131.1334366804779,131.41460352872087,127.2551834699647,127.85630798339844,11617500,0.0,0.0
2020-09-01 00:00:00-04:00,127.90479077770213,129.54335514763977,126.90614174650264,129.4851837158203,7351200,0.0,0.0
2020-09-02 00:00:00-04:00,129.56273908125758,131.7830323671049,129.20399062620774,131.2691650390625,8187800,0.0,0.0
2020-09-03 00:00:00-04:00,131.12374263889566,133.06286918892414,128.0017477098009,129.1846160888672,12079200,0.0,0.0
2020-09-04 00:00:00-04:00,129.67906674919368,130.77467780433503,125.4808566821023,127.97264099121094,11248300,0.0,0.0
2020-09-08 00:00:00-04:00,127.97263042103779,132.96587413765792,126.87701945639077,130.1153564453125,17257300,0.0,0.0
2020-09-09 00:00:00-04:00,130.19293010235785,131.42427936492348,128.2344085247458,129.30093383789062,8891800,0.0,0.0
2020-09-10 00:00:00-04:00,129.5142502427438,132.58776372151348,128.69982072921417,129.1652069091797,9853400,0.0,0.0
2020-09-11 00:00:00-04:00,129.669388188734,129.669388188734,127.10003682231421,127.73995208740234,7165300,0.0,0.0
2020-09-14 00:00:00-04:00,128.4962124685624,128.88403183913658,126.91581968446928,127.25517272949219,8391900,0.0,0.0
2020-09-15 00:00:00-04:00,127.45878085001233,128.5058960546766,127.02246558798234,127.24547576904297,7289100,0.0,0.0
2020-09-16 00:00:00-04:00,128.14714689766254,129.5530103651799,127.4005792046771,128.069580078125,6601000,0.0,0.0
2020-09-17 00:00:00-04:00,126.57647312010046,127.75934135532827,124.68582792260017,126.25651550292969,6723500,0.0,0.0
2020-09-18 00:00:00-04:00,125.55842761879862,126.80915756973022,124.22042574086656,124.71491241455078,9916300,0.0,0.0
2020-09-21 00:00:00-04:00,122.14557676060623,123.02787543741208,119.82831387741841,121.59292602539062,10352700,0.0,0.0
2020-09-22 00:00:00-04:00,121.44748195701112,123.59021562585298,120.90452156419497,123.33812713623047,6978800,0.0,0.0
2020-09-23 00:00:00-04:00,123.20240132589136,123.42540412714492,119.15932436695155,119.52775573730469,8323600,0.0,0.0
2020-09-24 00:00:00-04:00,118.21884201562715,120.0319278740185,117.1038428491764,118.76179504394531,8480000,0.0,0.0
2020-09-25 00:00:00-04:00,117.66619143197256,120.41005708400776,117.29776007617635,120.22583770751953,6851800,0.0,0.0
2020-09-28 00:00:00-04:00,121.92257271072289,122.99878845724007,121.5541413567688,122.15526580810547,6283700,0.0,0.0
2020-09-29 00:00:00-04:00,122.08739868374238,122.44613973752982,119.91557914577,121.5832290649414,7405800,0.0,0.0
2020-09-30 00:00:00-04:00,119.48896123501797,121.72865715472528,119.48896123501797,120.30339813232422,13642500,0.0,0.0
2020-10-01 00:00:00-04:00,121.13721632079069,121.65108358125877,118.69391316153568,119.55682373046875,8908300,0.0,0.0
2020-10-02 00:00:00-04:00,118.27700117864404,119.91556519417375,117.98613668527734,118.81996154785156,6490200,0.0,0.0
2020-10-05 00:00:00-04:00,119.5083605801434,119.83800851329575,118.60666651974779,119.6150131225586,5919200,0.0,0.0
2020-10-06 00:00:00-04:00,119.38231123653797,120.41005323351304,116.9390152869863,117.24927520751953,9052000,0.0,0.0
2020-10-07 00:00:00-04:00,118.23821924514232,119.55682567699425,117.24926811984315,119.16900634765625,10187800,0.0,0.0
2020-10-08 00:00:00-04:00,119.8186200336072,119.98344399953588,118.6939231897126,119.3435287475586,7404600,0.0,0.0
2020-10-09 00:00:00-04:00,120.08039899844805,121.72866085147068,119.57622939694164,121.17601013183594,11502200,0.0,0.0
2020-10-12 00:00:00-04:00,121.09845166902018,122.10679833888496,119.96406443936503,121.16632080078125,10958200,0.0,0.0
2020-10-13 00:00:00-04:00,125.8493034813932,127.36181967219339,124.00713196349196,125.03487396240234,22389000,0.0,0.0
2020-10-14 00:00:00-04:00,125.20938858172933,125.55843191860565,121.47657181493652,122.73699951171875,11531500,0.0,0.0
2020-10-15 00:00:00-04:00,121.19540409253277,123.52235733054547,120.64275334575804,123.48357391357422,7744000,0.0,0.0
2020-10-16 00:00:00-04:00,123.91987297493453,124.22043520650696,122.48492354951101,122.95030975341797,6291700,0.0,0.0
2020-10-19 00:00:00-04:00,123.49327290033266,123.52235861406822,119.94466788098308,120.44884490966797,6576900,0.0,0.0
2020-10-20 00:00:00-04:00,120.78818559958987,121.90318476242538,119.8767938217135,121.14691925048828,6161200,0.0,0.0
2020-10-21 00:00:00-04:00,120.57487461578513,123.67747375466838,120.07069763247921,122.7757797241211,6591500,0.0,0.0
2020-10-22 00:00:00-04:00,122.81456435040369,124.20104736959213,122.13587309369179,123.67747497558594,5177700,0.0,0.0
2020-10-23 00:00:00-04:00,124.20104488251913,124.5888642230572,122.50430198035609,124.44343566894531,5439900,0.0,0.0
2020-10-26 00:00:00-04:00,123.2411748316269,123.2411748316269,119.20778850356109,120.28400421142578,8578900,0.0,0.0
2020-10-27 00:00:00-04:00,120.25491034739876,120.81725872183453,119.2853472454803,119.55682373046875,6813800,0.0,0.0
2020-10-28 00:00:00-04:00,117.32682677738795,117.83099630873953,114.71869980521986,114.8641357421875,11654700,0.0,0.0
2020-10-29 00:00:00-04:00,114.5635999294401,118.89754154767361,113.66190578933929,117.8407211303711,9583700,0.0,0.0
2020-10-30 00:00:00-04:00,116.96809805110577,118.04431374146766,115.46527220681887,117.55953216552734,8090200,0.0,0.0
2020-11-02 00:00:00-05:00,118.51940413794699,119.18840511666376,116.16336525331427,116.47362518310547,9186000,0.0,0.0
2020-11-03 00:00:00-05:00,117.90858054930152,121.26326831103587,117.67588745407987,120.24522399902344,8144900,0.0,0.0
2020-11-04 00:00:00-05:00,119.8186204394929,122.99878650969451,119.65379647300588,121.26326751708984,7483000,0.0,0.0
2020-11-05 00:00:00-05:00,122.92120436535761,124.70519685675285,121.97103670277771,123.0957260131836,7654800,0.0,0.0
2020-11-06 00:00:00-05:00,122.41704778598488,124.14286164603152,120.81726707774025,123.58052062988281,6259700,0.0,0.0
2020-11-09 00:00:00-05:00,135.99091618334862,143.185072668393,133.86758540438308,138.25,35634700,0.0,0.0
2020-11-10 00:00:00-05:00,135.70975760770727,138.03670328972026,133.47975936573488,137.7846221923828,18115400,0.0,0.0
2020-11-11 00:00:00-05:00,137.164113552091,137.67798088876074,132.46172589272342,133.62521362304688,9600900,0.0,0.0
2020-11-12 00:00:00-05:00,132.19023672911015,134.27480638467176,130.01842473478465,131.39520263671875,13768200,0.0,0.0
2020-11-13 00:00:00-05:00,136.61142628547003,136.89260785163717,132.3647502345612,134.14874267578125,21062300,0.0,0.0
2020-11-16 00:00:00-05:00,137.26105635584554,140.33456963411388,137.26105635584554,140.26669311523438,16382500,0.0,0.0
2020-11-17 00:00:00-05:00,140.0049054482275,140.42182527347805,138.22091289836538,140.10186767578125,9354900,0.0,0.0
2020-11-18 00:00:00-05:00,140.10188545197934,141.0520532662569,138.9868936654345,139.5201416015625,9456200,0.0,0.0
2020-11-19 00:00:00-05:00,138.23062875589588,138.93840573017468,137.38709873473297,137.406494140625,8892500,0.0,0.0
2020-11-20 00:00:00-05:00,137.39682609216825,138.26942717198443,136.5726913433934,136.77630615234375,8481600,0.0,0.0
2020-11-23 00:00:00-05:00,138.11426284384785,143.2529503148602,137.3870905072242,141.5368194580078,12887000,0.0,0.0
2020-11-24 00:00:00-05:00,143.6504729631158,147.23785348714182,143.3499107681326,146.87911987304688,16711700,0.0,0.0
2020-11-25 00:00:00-05:00,145.69626203612447,145.69626203612447,142.75848680776187,144.5521697998047,9552000,0.0,0.0
2020-11-27 00:00:00-05:00,144.46490323067746,145.7738193454775,142.07008116806986,142.65182495117188,5306400,0.0,0.0
2020-11-30 00:00:00-05:00,142.58393821300479,144.16433070148713,141.83737053021548,143.50502014160156,9710100,0.0,0.0
2020-12-01 00:00:00-05:00,145.0175884893288,146.79187629224742,144.46493031234365,144.89154052734375,8825500,0.0,0.0
2020-12-02 00:00:00-05:00,144.9400052584221,149.32242018474685,143.82499872361942,148.93460083007812,10601900,0.0,0.0
2020-12-03 00:00:00-05:00,148.77946668172498,149.73933955376296,147.49965098003437,148.57586669921875,9063200,0.0,0.0
2020-12-04 00:00:00-05:00,149.01217058816974,149.97202868786331,148.15895023789957,149.44847106933594,6033300,0.0,0.0
2020-12-07 00:00:00-05:00,148.51767509370146,149.1963811290617,147.62567877776337,149.00245666503906,6815500,0.0,0.0
2020-12-08 00:00:00-05:00,147.780824617339,150.1659566545178,147.61600064481587,149.041259765625,7900600,0.0,0.0
2020-12-09 00:00:00-05:00,151.53303300227893,152.6674350175979,149.20608713277966,149.72964477539062,10804300,0.0,0.0
2020-12-10 00:00:00-05:00,148.6534081195043,150.61191475204896,147.85835934827443,149.98170471191406,8993200,0.0,0.0
2020-12-11 00:00:00-05:00,164.51547317803366,173.9881095831196,160.29788222429212,170.37164306640625,87410700,0.0,0.0
2020-12-14 00:00:00-05:00,168.51008325002377,171.90355437211255,163.67195766713328,164.1470489501953,30939400,0.0,0.0
2020-12-15 00:00:00-05:00,165.30085306511853,169.15971087355535,162.71212081813258,168.64584350585938,18802600,0.0,0.0
2020-12-16 00:00:00-05:00,168.6942990499109,169.5281239568907,166.39642430714537,167.85076904296875,11105800,0.0,0.0
2020-12-17 00:00:00-05:00,168.52948640776424,169.51843024260742,166.72609822244456,168.2677001953125,9004600,0.0,0.0
2020-12-18 00:00:00-05:00,168.3161734648793,170.48798551322614,167.03634296979493,167.62777709960938,21172100,0.0,0.0
2020-12-21 00:00:00-05:00,164.91300711772212,166.70670502051252,163.07084288866244,165.4947509765625,11424200,0.0,0.0
2020-12-22 00:00:00-05:00,164.82573871742557,166.23160235349636,164.01130920617408,165.2620391845703,6419200,0.0,0.0
2020-12-23 00:00:00-05:00,167.69566144478074,170.594646011175,167.0557461673923,168.2677001953125,9994000,0.0,0.0
2020-12-24 00:00:00-05:00,168.69429559112874,169.26633429151096,167.13329834824276,168.44219970703125,2721000,0.0,0.0
2020-12-28 00:00:00-05:00,170.40071948611168,174.44379594838225,169.72202825641867,173.4160614013672,13145400,0.0,0.0
2020-12-29 00:00:00-05:00,174.5310570420276,174.715276407347,170.85641921859371,171.90354919433594,6875400,0.0,0.0
2020-12-30 00:00:00-05:00,173.06701473752938,177.81786804787484,172.940966799324,175.65574645996094,11680400,0.0,0.0
2020-12-31 00:00:00-05:00,175.70422659995248,177.81786706188592,174.783144611547,175.66543579101562,7073500,0.0,0.0
2021-01-04 00:00:00-05:00,176.71258929175139,177.03254693355032,169.41177934026547,172.27198791503906,13426600,0.0,0.0
2021-01-05 00:00:00-05:00,170.83703839241142,174.85102957813027,170.83703839241142,173.0088653564453,7771800,0.0,0.0
2021-01-06 00:00:00-05:00,172.89251314790334,176.08236949669217,171.88415915709226,173.66815185546875,7517800,0.0,0.0
2021-01-07 00:00:00-05:00,174.03658862423023,174.47288909087862,172.17502911733325,173.14459228515625,7300800,0.0,0.0
2021-01-08 00:00:00-05:00,173.36759407094135,174.54077205683166,171.22486767579846,173.25125122070312,7894500,0.0,0.0
2021-01-11 00:00:00-05:00,172.33987262076118,175.7430343997073,171.95205322740424,173.6390838623047,6461300,0.0,0.0
2021-01-12 00:00:00-05:00,171.9035635740825,172.89252221073656,169.53782692666266,170.63343811035156,8349800,0.0,0.0
2021-01-13 00:00:00-05:00,169.09181061636568,172.32045774179542,168.45191016906708,170.75946044921875,6839500,0.0,0.0
2021-01-14 00:00:00-05:00,171.62235908609537,172.92158488442178,168.12223570166776,168.1513214111328,8951200,0.0,0.0
2021-01-15 00:00:00-05:00,167.68595899099168,168.8882227316354,164.99057437390096,166.221923828125,12232500,0.0,0.0
2021-01-19 00:00:00-05:00,166.86181840080823,168.4228156113957,166.2219031927604,167.01693725585938,7834700,0.0,0.0
2021-01-20 00:00:00-05:00,169.8868615506016,172.4659031595539,167.73443010786517,168.35494995117188,9809200,0.0,0.0
2021-01-21 00:00:00-05:00,167.96713814710154,169.67356409430872,165.81470660761343,166.06678771972656,8416400,0.0,0.0
2021-01-22 00:00:00-05:00,168.70398637854126,169.91594030367446,166.65820756114204,167.5211181640625,9517200,0.0,0.0
2021-01-25 00:00:00-05:00,166.65821838378906,167.84108667508232,163.6331859244085,166.65821838378906,7833700,0.0,0.0
2021-01-26 00:00:00-05:00,167.73442372423168,168.0737767419956,163.90465226859078,164.3991241455078,7523200,0.0,0.0
2021-01-27 00:00:00-05:00,159.98761733446005,161.27713815795232,155.6342880612875,158.06788635253906,18239200,0.0,0.0
2021-01-28 00:00:00-05:00,161.11230186942163,167.61807691391127,160.8989967994804,166.6485137939453,14449100,0.0,0.0
2021-01-29 00:00:00-05:00,163.6622822283776,164.64153580088026,160.74388732988436,163.05145263671875,12848800,0.0,0.0
2021-02-01 00:00:00-05:00,165.64015689645237,166.50306746598636,162.91568694526165,165.76620483398438,8140400,0.0,0.0
2021-02-02 00:00:00-05:00,168.4810045415673,174.28867874924765,167.54052703651777,171.57391357421875,12215200,0.0,0.0
2021-02-03 00:00:00-05:00,171.61270150891033,172.9991699056831,170.4104377090924,171.06004333496094,5508600,0.0,0.0
2021-02-04 00:00:00-05:00,172.18472327824725,175.85937605141322,171.11821264637877,174.74436950683594,9035400,0.0,0.0
2021-02-05 00:00:00-05:00,176.17933510512543,176.7707692473006,173.87176996116983,175.6460723876953,6640500,0.0,0.0
2021-02-08 00:00:00-05:00,178.25420265493327,184.83753036268695,177.72093992882998,184.21701049804688,16085700,0.0,0.0
2021-02-09 00:00:00-05:00,182.44270027715046,183.489830278103,180.377525986853,182.4814910888672,11270800,0.0,0.0
2021-02-10 00:00:00-05:00,184.19762990124542,184.89571665438822,180.1545527526711,183.85829162597656,11464600,0.0,0.0
2021-02-11 00:00:00-05:00,183.42196442117603,185.42896740497005,182.34576344039237,185.0993194580078,17507900,0.0,0.0
2021-02-12 00:00:00-05:00,187.12567397999584,187.94980851371332,180.88168539304786,181.95790100097656,27233800,0.0,0.0
2021-02-16 00:00:00-05:00,181.59919796463427,182.7044994673957,179.23346128993342,180.67811584472656,11630700,0.0,0.0
2021-02-17 00:00:00-05:00,179.7182507383551,181.91916353330515,176.61565119145993,180.765380859375,11391800,0.0,0.0
2021-02-18 00:00:00-05:00,179.16556521312748,180.72656245230408,177.27492005868606,177.4300537109375,12380900,0.0,0.0
2021-02-19 00:00:00-05:00,178.6614114489923,179.15588334517687,177.22644728962524,178.06027221679688,8834500,0.0,0.0
2021-02-22 00:00:00-05:00,176.20843337702973,188.11466910592176,176.0048185815488,185.92344665527344,18799600,0.0,0.0
2021-02-23 00:00:00-05:00,187.6977306844283,192.88489956594958,182.91779135367955,191.09120178222656,23191400,0.0,0.0
2021-02-24 00:00:00-05:00,191.5662896079624,194.49437447340452,189.38477251299614,191.4984130859375,16205900,0.0,0.0
2021-02-25 00:00:00-05:00,191.71172687527516,191.9347370626117,184.5854462511577,185.16717529296875,12712000,0.0,0.0
2021-02-26 00:00:00-05:00,184.28487274944197,185.7779934725126,179.80548099151122,183.2862091064453,15844000,0.0,0.0
2021-03-01 00:00:00-05:00,187.34868984356734,190.90698495241625,185.56469713620922,189.04542541503906,10709900,0.0,0.0
2021-03-02 00:00:00-05:00,190.13133880292793,191.93472684583153,187.600778400698,188.03707885742188,8371400,0.0,0.0
2021-03-03 00:00:00-05:00,188.70609326342856,190.81973397076584,186.35975205852912,186.40821838378906,8750300,0.0,0.0
2021-03-04 00:00:00-05:00,184.12002403664818,186.62149857280497,178.51595058546076,182.30694580078125,12542600,0.0,0.0
2021-03-05 00:00:00-05:00,183.3928616285982,184.76965430354676,177.75970216411102,184.20730590820312,10266400,0.0,0.0
2021-03-08 00:00:00-05:00,191.30451442860354,196.84072686231988,187.89164779000467,195.76451110839844,25093200,0.0,0.0
2021-03-09 00:00:00-05:00,194.09686373113826,195.56089887002528,188.45399867920466,188.58973693847656,23331000,0.0,0.0
2021-03-10 00:00:00-05:00,191.30451836407877,192.74917290138845,188.75456233738424,189.1230010986328,13662100,0.0,0.0
2021-03-11 00:00:00-05:00,191.37241104096555,192.99157999485632,189.45266503342955,190.76158142089844,11933900,0.0,0.0
2021-03-12 00:00:00-05:00,190.54825857155828,192.371042160583,189.23934230593127,191.15908813476562,13249100,0.0,0.0
2021-03-15 00:00:00-04:00,192.4970768561595,192.4970768561595,188.88061015666466,190.77125549316406,10311400,0.0,0.0
2021-03-16 00:00:00-04:00,190.13136066234873,190.60643719000473,187.00936579048965,188.32797241210938,9680700,0.0,0.0
2021-03-17 00:00:00-04:00,187.55232946600785,190.21862857437222,185.94285081722103,189.29754638671875,14418700,0.0,0.0
2021-03-18 00:00:00-04:00,189.01634429269683,189.14239224383346,185.90405468229613,186.4276123046875,9644500,0.0,0.0
2021-03-19 00:00:00-04:00,185.10902155280579,188.09527826135064,183.9843245857509,185.32232666015625,28354600,0.0,0.0
2021-03-22 00:00:00-04:00,187.37779437026234,190.3543607443875,186.1561499621062,186.98997497558594,8838500,0.0,0.0
2021-03-23 00:00:00-04:00,185.75860805394063,186.4857804465678,182.24879403972207,182.98565673828125,10701200,0.0,0.0
2021-03-24 00:00:00-04:00,184.2751812744761,184.70179145385563,179.02015045305447,179.09771728515625,13549100,0.0,0.0
2021-03-25 00:00:00-04:00,176.31506684677075,181.9967075652655,175.50062254734996,181.22105407714844,9609200,0.0,0.0
2021-03-26 00:00:00-04:00,183.08261709748825,183.2280456567782,177.01315691524016,180.2611846923828,10196100,0.0,0.0
2021-03-29 00:00:00-04:00,179.60188392098874,180.28057516972055,177.57548568600146,179.2237548828125,7544700,0.0,0.0
2021-03-30 00:00:00-04:00,178.23481730295276,180.6490351658526,177.9730310782139,179.88307189941406,5929700,0.0,0.0
2021-03-31 00:00:00-04:00,180.1739186713223,181.2113435299356,178.80683110397607,178.90379333496094,8478000,0.0,0.0
2021-04-01 00:00:00-04:00,180.7556545368182,183.34440121767844,179.9412250253179,183.21835327148438,7749400,0.0,0.0
2021-04-05 00:00:00-04:00,185.6422532083941,185.83616287502477,182.36512510320642,182.7626495361328,7405300,0.0,0.0
2021-04-06 00:00:00-04:00,182.76267206148876,185.4580567046292,182.15184248167657,183.95523071289062,7926200,0.0,0.0
2021-04-07 00:00:00-04:00,184.02309949080865,184.53696680653235,181.2598384354669,181.8512725830078,6238700,0.0,0.0
2021-04-08 00:00:00-04:00,181.50223366085166,182.32636832393126,179.98002708312353,181.61859130859375,7763000,0.0,0.0
2021-04-09 00:00:00-04:00,182.4426953693448,182.49117648550654,180.48417367241368,182.1712188720703,6089300,0.0,0.0
2021-04-12 00:00:00-04:00,182.03550241621352,182.1324646601451,179.834589669346,180.81385803222656,6662500,0.0,0.0
2021-04-13 00:00:00-04:00,179.94123150141263,180.76536614265618,178.98137339772757,179.8442840576172,6826500,0.0,0.0
2021-04-14 00:00:00-04:00,180.30966378899222,184.6048215279539,180.05758269092877,181.7543182373047,9089900,0.0,0.0
2021-04-15 00:00:00-04:00,182.3651185959939,183.15046233415876,180.04786339569813,180.27085876464844,7262500,0.0,0.0
2021-04-16 00:00:00-04:00,181.86097129773205,183.70313540703523,180.53265969174907,181.56039428710938,9453500,0.0,0.0
2021-04-19 00:00:00-04:00,181.80277129098383,184.536946330305,179.9993833358287,181.72520446777344,7625800,0.0,0.0
2021-04-20 00:00:00-04:00,181.58947457393185,182.35543774187383,176.28597779162777,177.2264404296875,10765800,0.0,0.0
2021-04-21 00:00:00-04:00,175.77210057583127,177.79849884479927,173.41606917407697,177.53671264648438,8400200,0.0,0.0
2021-04-22 00:00:00-04:00,178.6129258959165,179.25284112993143,175.74301244280576,177.19735717773438,7378300,0.0,0.0
2021-04-23 00:00:00-04:00,176.79984211212076,178.30265312336374,176.4217130843952,177.44944763183594,6075500,0.0,0.0
2021-04-26 00:00:00-04:00,178.36084525847812,179.95092824763597,177.68213921161683,178.66140747070312,6178300,0.0,0.0
2021-04-27 00:00:00-04:00,179.3594946259337,180.15452872553635,178.54505032631474,179.0201416015625,4870000,0.0,0.0
2021-04-28 00:00:00-04:00,179.16559497707075,179.16559497707075,177.25556889456374,177.80821228027344,5199300,0.0,0.0
2021-04-29 00:00:00-04:00,179.17529585673063,179.90246831167323,177.18768818768186,179.6891632080078,5958300,0.0,0.0
2021-04-30 00:00:00-04:00,178.68079927461383,180.64902622169885,177.95362685973456,180.358154296875,7866300,0.0,0.0
2021-05-03 00:00:00-04:00,181.9773027367515,183.46073311357134,179.61156637795523,179.8636474609375,7542800,0.0,0.0
2021-05-04 00:00:00-04:00,179.24315328938505,179.98003082776003,176.7610737365371,178.64202880859375,7069300,0.0,0.0
2021-05-05 00:00:00-04:00,179.37886827339932,179.37886827339932,175.83996878798806,175.9853973388672,5901700,0.0,0.0
2021-05-06 00:00:00-04:00,177.21675457568114,177.42036935037856,174.33715078459917,176.2568817138672,6944900,0.0,0.0
2021-05-07 00:00:00-04:00,176.46049447921416,179.48552679323416,175.98540320656986,179.21405029296875,6888400,0.0,0.0
2021-05-10 00:00:00-04:00,180.04787320897807,181.27922254651543,178.42870453088005,178.69049072265625,8260300,0.0,0.0
2021-05-11 00:00:00-04:00,176.26659665906763,176.70289714994846,172.99915854186352,176.1405487060547,10865600,0.0,0.0
2021-05-12 00:00:00-04:00,175.20005947475426,176.90650009911116,172.17502715973566,172.4368133544922,8988100,0.0,0.0
2021-05-13 00:00:00-04:00,172.94098146410397,175.24854659047256,170.4492117589001,172.91189575195312,12332200,0.0,0.0
2021-05-14 00:00:00-04:00,167.66656387715705,169.58630974298308,163.6428823516552,168.4131317138672,33149400,0.0,0.0
2021-05-17 00:00:00-04:00,167.44355581451447,167.72473741750468,163.43926999897513,164.90330505371094,17771600,0.0,0.0
2021-05-18 00:00:00-04:00,165.07783613980897,166.04739940461442,164.29249226241436,164.51548767089844,10401000,0.0,0.0
2021-05-19 00:00:00-04:00,162.60544948539606,164.24399885307255,162.01401534633595,164.1179656982422,9251000,0.0,0.0
2021-05-20 00:00:00-04:00,164.05979321237785,166.66790575545215,163.8367830276588,166.14434814453125,7400700,0.0,0.0
2021-05-21 00:00:00-04:00,166.9781956651422,167.85079673284292,166.29950430200142,167.1527099609375,8105700,0.0,0.0
2021-05-24 00:00:00-04:00,167.2011591024084,169.78020058337069,166.52246786909183,169.00454711914062,7346700,0.0,0.0
2021-05-25 00:00:00-04:00,170.25530953144516,172.04899263481354,170.06138504947165,170.80795288085938,8089700,0.0,0.0
2021-05-26 00:00:00-04:00,171.24422920577203,172.48526878455579,170.83701448095474,171.0988006591797,8086200,0.0,0.0
2021-05-27 00:00:00-04:00,171.80656846251654,174.12382354623384,171.40904406377373,173.59056091308594,13567800,0.0,0.0
2021-05-28 00:00:00-04:00,174.0462883400908,174.65711790304016,172.65982003643452,173.21246337890625,7124800,0.0,0.0
2021-06-01 00:00:00-04:00,174.69589390359934,175.50063315163914,173.29973529386015,173.3966827392578,7475600,0.0,0.0
2021-06-02 00:00:00-04:00,173.59058857290995,173.64877479209034,171.54480963202963,171.61268615722656,7851700,0.0,0.0
2021-06-03 00:00:00-04:00,170.90489442572198,171.58358564735912,170.0807598602175,170.8758087158203,5583900,0.0,0.0
2021-06-04 00:00:00-04:00,170.57524692594927,172.1168636599338,170.2649943945597,171.78720092773438,6343400,0.0,0.0
2021-06-07 00:00:00-04:00,172.5531646238052,172.65012686196306,171.03094329201716,171.60299682617188,5178100,0.0,0.0
2021-06-08 00:00:00-04:00,170.61406085646416,171.72905277143985,169.85780264042873,170.96310424804688,5356200,0.0,0.0
2021-06-09 00:00:00-04:00,170.9436709498786,171.9326294725573,170.5267659104739,170.681884765625,5082400,0.0,0.0
2021-06-10 00:00:00-04:00,171.06973756917532,172.2041247656636,170.20682689179395,171.19578552246094,5253000,0.0,0.0
2021-06-11 00:00:00-04:00,172.0489866087549,173.05734062000033,171.42846675351166,171.9811248779297,5476300,0.0,0.0
2021-06-14 00:00:00-04:00,172.24287713028755,173.42574528438843,171.5157048123251,172.75674438476562,10170000,0.0,0.0
2021-06-15 00:00:00-04:00,172.7567796490173,173.26095670147427,170.27469999747785,170.5074005126953,7895000,0.0,0.0
2021-06-16 00:00:00-04:00,170.65280395804166,170.89519474447994,168.26768690433025,169.34390258789062,8336000,0.0,0.0
2021-06-17 00:00:00-04:00,169.276026576224,170.89519525918524,168.54885421471903,169.33419799804688,8906000,0.0,0.0
2021-06-18 00:00:00-04:00,167.87017532502065,168.56826202699446,166.88121669816437,167.17208862304688,12357500,0.0,0.0
2021-06-21 00:00:00-04:00,166.8909036599137,168.95606303396661,166.09585480460353,168.67489624023438,9196900,0.0,0.0
2021-06-22 00:00:00-04:00,169.06273831149042,169.3826959576922,167.1042312083562,168.21922302246094,8097100,0.0,0.0
2021-06-23 00:00:00-04:00,168.33557056861946,170.1098731318944,167.67627464488177,169.9935302734375,9174200,0.0,0.0
2021-06-24 00:00:00-04:00,170.7691567432303,172.81493551441227,170.42980373411572,172.5143585205078,7549400,0.0,0.0
2021-06-25 00:00:00-04:00,173.3869712293416,173.639052309781,172.08776022388201,172.9215850830078,7431800,0.0,0.0
2021-06-28 00:00:00-04:00,173.06703544304497,173.2221691094948,169.66387385358016,171.19578552246094,9881400,0.0,0.0
2021-06-29 00:00:00-04:00,171.2636619879848,171.6321007789079,168.51010574624877,168.63613891601562,13498300,0.0,0.0
2021-06-30 00:00:00-04:00,168.59733676999954,170.62372021737556,168.06407407480592,170.4201202392578,7481900,0.0,0.0
2021-07-01 00:00:00-04:00,170.0129220449318,172.19443936050735,169.28574960640663,171.86477661132812,5887100,0.0,0.0
2021-07-02 00:00:00-04:00,172.44650219540753,172.93128376968966,169.30511226809,171.71932983398438,11099300,0.0,0.0
2021-07-06 00:00:00-04:00,171.37999385174743,171.61269435650587,166.97818322918414,168.4034423828125,11557900,0.0,0.0
2021-07-07 00:00:00-04:00,167.59869728357867,169.01426608148117,166.75518202401108,167.55992126464844,6757300,0.0,0.0
2021-07-08 00:00:00-04:00,165.0002466202228,168.46159410102996,164.6415129957566,167.54051208496094,6960100,0.0,0.0
2021-07-09 00:00:00-04:00,169.3826693943889,172.11684441804053,168.6361016703313,171.6514434814453,7873300,0.0,0.0
2021-07-12 00:00:00-04:00,172.30106697215768,179.35948523696874,171.97140427069178,178.76805114746094,21835500,0.0,0.0
2021-07-13 00:00:00-04:00,178.48688238340006,180.01879398422054,176.3053652268375,178.06027221679688,12534600,0.0,0.0
2021-07-14 00:00:00-04:00,179.56310158496444,180.61992192175197,176.53806913677977,177.8372802734375,8787300,0.0,0.0
2021-07-15 00:00:00-04:00,177.86636791597235,179.77640862322488,177.4785485497158,178.54505920410156,7867000,0.0,0.0
2021-07-16 00:00:00-04:00,179.31101664641744,179.65035488236637,173.47424216787948,173.8523712158203,8348800,0.0,0.0
2021-07-19 00:00:00-04:00,170.36194736223354,171.10850033477016,166.91999522558496,167.68594360351562,14651800,0.0,0.0
2021-07-20 00:00:00-04:00,168.4131144976317,172.10714769477875,167.6083753159246,171.3702850341797,8372400,0.0,0.0
2021-07-21 00:00:00-04:00,171.12789818008164,172.48528068982847,169.98382074963217,171.5060272216797,6302200,0.0,0.0
2021-07-22 00:00:00-04:00,171.32181283958963,171.34120824582467,168.6070329467295,169.7996063232422,5713700,0.0,0.0
2021-07-23 00:00:00-04:00,170.31348341305593,171.12791298938427,168.73309058723038,170.77886962890625,5126300,0.0,0.0
2021-07-26 00:00:00-04:00,170.2746812070003,173.33850441129766,170.00320469971928,173.2997283935547,5641000,0.0,0.0
2021-07-27 00:00:00-04:00,172.82465175533028,174.0947772636854,171.19579257360013,174.03660583496094,6684100,0.0,0.0
2021-07-28 00:00:00-04:00,174.22081192463708,174.8607271804868,172.14594729044936,173.64877319335938,5926900,0.0,0.0
2021-07-29 00:00:00-04:00,174.33713892646114,175.8981361117655,172.84401825955902,172.9215850830078,6209100,0.0,0.0
2021-07-30 00:00:00-04:00,172.1265564919764,173.74572528679974,169.80930099833145,170.6625213623047,6813400,0.0,0.0
2021-08-02 00:00:00-04:00,171.8259863471907,173.37729333852585,169.97411713994487,170.20681762695312,5847200,0.0,0.0
2021-08-03 00:00:00-04:00,170.66250655022904,170.76915908646916,165.71772866180117,167.7247314453125,9931300,0.0,0.0
2021-08-04 00:00:00-04:00,167.24964264567134,167.97681500500033,166.12494584592952,167.32720947265625,5665800,0.0,0.0
2021-08-05 00:00:00-04:00,167.23998452269208,171.7290526912973,167.23998452269208,171.33154296875,8864200,0.0,0.0
2021-08-06 00:00:00-04:00,172.02959614608167,173.36759813260974,171.2539574005079,171.73873901367188,5505200,0.0,0.0
2021-08-09 00:00:00-04:00,171.6126935648009,171.91325580225165,169.7317385111737,171.34121704101562,5339000,0.0,0.0
2021-08-10 00:00:00-04:00,170.88550835196122,172.00050007736482,170.23590280475497,171.68055725097656,5185000,0.0,0.0
2021-08-11 00:00:00-04:00,171.96174807744575,173.05735934444945,171.13761335183662,172.66952514648438,5359900,0.0,0.0
2021-08-12 00:00:00-04:00,172.66951958600686,174.2499124538021,171.0794364114603,173.83299255371094,11081300,0.0,0.0
2021-08-13 00:00:00-04:00,180.6199281207105,181.87067297580862,175.3746022752115,175.56851196289062,32504600,0.0,0.0
2021-08-16 00:00:00-04:00,175.01586194139188,175.0934287789356,171.13760883037617,173.6390838623047,8746700,0.0,0.0
2021-08-17 00:00:00-04:00,171.7581023803455,173.01853740688608,169.59598074514972,170.47828674316406,8534500,0.0,0.0
2021-08-18 00:00:00-04:00,170.5461449755557,171.40905555089356,169.18876254053853,169.4214630126953,7063500,0.0,0.0
2021-08-19 00:00:00-04:00,168.7039789637446,169.36327476874746,167.30780573625756,167.976806640625,8478600,0.0,0.0
2021-08-20 00:00:00-04:00,167.7344174230421,169.8771583979064,167.3950644180265,169.78988647460938,6239600,0.0,0.0
2021-08-23 00:00:00-04:00,171.69024558785256,172.88280412834018,170.55585846967753,172.25259399414062,7395900,0.0,0.0
2021-08-24 00:00:00-04:00,172.50468587990864,174.59894598032645,172.3495522144642,173.03794860839844,5886900,0.0,0.0
2021-08-25 00:00:00-04:00,172.73736869122285,173.15427373076145,171.49632908346075,172.88279724121094,4842100,0.0,0.0
2021-08-26 00:00:00-04:00,172.91190229252945,173.49364614627186,170.97277583920234,171.1860809326172,4563000,0.0,0.0
2021-08-27 00:00:00-04:00,170.9145752258077,175.04490854009208,170.9145752258077,174.65708923339844,8697000,0.0,0.0
2021-08-30 00:00:00-04:00,175.00614535493304,175.8690559507813,173.42575271531678,174.50196838378906,6421300,0.0,0.0
2021-08-31 00:00:00-04:00,173.79420701724177,177.41067368192992,173.09612031596674,175.7818145751953,8620000,0.0,0.0
2021-09-01 00:00:00-04:00,176.42170627445694,178.60322322582599,176.24717722528092,177.8954315185547,7302800,0.0,0.0
2021-09-02 00:00:00-04:00,178.55475098311965,179.6600523682839,176.0241906020384,176.3247528076172,6492600,0.0,0.0
2021-09-03 00:00:00-04:00,176.28596986343993,176.28596986343993,173.67784275852392,175.4909210205078,6847400,0.0,0.0
2021-09-07 00:00:00-04:00,175.51033640061416,179.90245655796474,174.5698589034511,178.72927856445312,10702900,0.0,0.0
2021-09-08 00:00:00-04:00,178.72927410657925,181.75432130621766,178.32205934389643,179.51461791992188,8634000,0.0,0.0
2021-09-09 00:00:00-04:00,179.51461787198062,181.8706641057394,178.9522842434451,180.25149536132812,7190700,0.0,0.0
2021-09-10 00:00:00-04:00,180.68778745403287,181.40526950396705,178.40930815613078,178.51596069335938,5572200,0.0,0.0
2021-09-13 00:00:00-04:00,179.48554600391884,180.14485671395903,177.9148582565039,179.3498077392578,6818200,0.0,0.0
2021-09-14 00:00:00-04:00,179.33042193843045,179.49524591258225,176.60593682866713,176.84832763671875,6185900,0.0,0.0
2021-09-15 00:00:00-04:00,176.51867026639175,179.03954045331668,175.58789789799738,178.79714965820312,5933400,0.0,0.0
2021-09-16 00:00:00-04:00,178.37053410929303,179.020139645272,176.57683636183444,177.75970458984375,5678200,0.0,0.0
2021-09-17 00:00:00-04:00,177.34280443372168,180.2417888674711,177.1682753686193,177.88575744628906,10035100,0.0,0.0
2021-09-20 00:00:00-04:00,174.26927128005767,175.37457258651222,171.17636272405667,173.1736602783203,8056600,0.0,0.0
2021-09-21 00:00:00-04:00,174.83164081333098,176.68349525500986,163.88526415776553,165.9601287841797,23216000,0.0,0.0
2021-09-22 00:00:00-04:00,167.67625771338558,170.00320341372353,166.43521803395734,168.36463928222656,14214500,0.0,0.0
2021-09-23 00:00:00-04:00,169.615372740546,171.7968897368891,169.0627146668468,170.885498046875,8052900,0.0,0.0
2021-09-24 00:00:00-04:00,169.9644209453082,171.32180341992617,169.75111587153117,170.6431121826172,5712800,0.0,0.0
2021-09-27 00:00:00-04:00,171.2539573290585,173.9881179330951,170.60435174301307,172.83433532714844,7755000,0.0,0.0
2021-09-28 00:00:00-04:00,172.33984514585248,172.58223592664834,168.56824518844337,169.20816040039062,9133100,0.0,0.0
2021-09-29 00:00:00-04:00,168.94640051884124,169.6347969529995,167.33692193312262,167.42417907714844,6240800,0.0,0.0
2021-09-30 00:00:00-04:00,167.83141818782468,168.39375189967345,163.95316487135838,164.02102661132812,13978000,0.0,0.0
2021-10-01 00:00:00-04:00,167.0363351742343,171.92294164367746,166.73577297045347,170.65280151367188,12165000,0.0,0.0
2021-10-04 00:00:00-04:00,170.21647808857287,170.60431216558752,167.41444160745533,168.18040466308594,7200600,0.0,0.0
2021-10-05 00:00:00-04:00,168.5391825179119,170.87583351485463,168.32587741810363,169.29544067382812,6798200,0.0,0.0
2021-10-06 00:00:00-04:00,167.73441889168217,170.36194144279816,166.3285553338318,170.13893127441406,6005200,0.0,0.0
2021-10-07 00:00:00-04:00,172.29139658311496,174.1626614574777,171.93266289395382,172.3011016845703,7780000,0.0,0.0
2021-10-08 00:00:00-04:00,172.51437878081353,173.16399916533757,171.03094821929622,171.36061096191406,4132200,0.0,0.0
2021-10-11 00:00:00-04:00,170.6625250346592,171.14730665291916,168.19982612905648,168.23861694335938,8046300,0.0,0.0
2021-10-12 00:00:00-04:00,168.33556541198848,169.17909549304545,167.29814043568393,167.86048889160156,5188400,0.0,0.0
2021-10-13 00:00:00-04:00,168.34525372566904,168.41311545280254,165.73712649658302,167.69564819335938,8914700,0.0,0.0
2021-10-14 00:00:00-04:00,168.77188402417113,170.6625294251519,168.7040074945753,169.10153198242188,7450200,0.0,0.0
2021-10-15 00:00:00-04:00,170.34255879006957,173.44515803139967,168.8009568724906,171.08912658691406,13943900,0.0,0.0
2021-10-18 00:00:00-04:00,167.11391382031718,168.06408161433149,164.63183439427797,165.93104553222656,20494800,0.0,0.0
2021-10-19 00:00:00-04:00,166.22192929248826,166.35766755844568,165.00027010450998,165.96983337402344,9669500,0.0,0.0
2021-10-20 00:00:00-04:00,165.76622356283733,165.81470468231635,164.7094032122531,165.3590087890625,9737600,0.0,0.0
2021-10-21 00:00:00-04:00,165.0196527734866,167.24965108009323,164.92270533063606,166.1249542236328,7509000,0.0,0.0
2021-10-22 00:00:00-04:00,165.37840378460038,165.6013991804169,163.46836307788737,164.26339721679688,7854300,0.0,0.0
2021-10-25 00:00:00-04:00,164.72878763369832,167.31753448900636,163.88527235382816,166.77456665039062,9798700,0.0,0.0
2021-10-26 00:00:00-04:00,167.6859559834181,167.85077995553735,165.51414383844823,166.80364990234375,5850200,0.0,0.0
2021-10-27 00:00:00-04:00,166.5418816466106,166.80365306910824,164.27309242443786,164.3894500732422,7054700,0.0,0.0
2021-10-28 00:00:00-04:00,164.3215779768096,165.16510807735608,163.46837236394651,164.51548767089844,7884500,0.0,0.0
2021-10-29 00:00:00-04:00,163.87557588805805,165.27174926044336,163.03204584553174,163.92405700683594,7598800,0.0,0.0
2021-11-01 00:00:00-04:00,164.059781021217,166.03768326415968,163.9434233873787,165.00994873046875,8182900,0.0,0.0
2021-11-02 00:00:00-04:00,164.85482886958965,165.64987779081773,163.83678455592258,164.66091918945312,6777200,0.0,0.0
2021-11-03 00:00:00-04:00,164.53486631642437,165.00995759374862,163.24534553028124,164.90330505371094,6829300,0.0,0.0
2021-11-04 00:00:00-04:00,164.85482295505278,165.23295199577888,163.53621646532804,165.0972137451172,7505500,0.0,0.0
2021-11-05 00:00:00-04:00,168.2192189147468,171.6029998834398,167.0848317210196,170.28439331054688,16859200,0.0,0.0
2021-11-08 00:00:00-05:00,173.2512453730903,173.79419838169008,170.74008031113655,171.48663330078125,10584600,0.0,0.0
2021-11-09 00:00:00-05:00,171.56418971908792,171.72901367281403,167.93803314839565,169.7801971435547,7293300,0.0,0.0
2021-11-10 00:00:00-05:00,169.37298978963918,171.486630364694,168.57794090183052,169.14028930664062,11045800,0.0,0.0
2021-11-11 00:00:00-05:00,157.9321614923139,158.9696012992982,153.5109553192715,157.1759033203125,62366500,0.0,0.0
2021-11-12 00:00:00-05:00,158.5429778005307,158.6302349374407,154.0926714914382,154.77137756347656,25638400,0.0,0.0
2021-11-15 00:00:00-05:00,155.21737340435274,155.82820297134006,152.8613418648773,153.60789489746094,21285300,0.0,0.0
2021-11-16 00:00:00-05:00,154.21872293656259,155.36281522574677,153.72425102183792,153.9957275390625,15516200,0.0,0.0
2021-11-17 00:00:00-05:00,153.89876441425162,154.0538980787334,151.97903339796147,152.5413818359375,14695500,0.0,0.0
2021-11-18 00:00:00-05:00,152.3086700243542,152.51228479315523,149.03155667320343,150.84463500976562,14487700,0.0,0.0
2021-11-19 00:00:00-05:00,150.30170282215943,150.48592221124895,148.12018545646848,149.312744140625,16776500,0.0,0.0
2021-11-22 00:00:00-05:00,148.56616353004966,151.07734343702583,147.92626306806721,149.46786499023438,12790400,0.0,0.0
2021-11-23 00:00:00-05:00,149.15757525746918,149.55509965647266,145.61867606178532,146.43310546875,17382900,0.0,0.0
2021-11-24 00:00:00-05:00,146.1034782041885,146.80156487849786,144.27100438271648,146.7336883544922,14123700,0.0,0.0
2021-11-26 00:00:00-05:00,142.33186446622497,144.31947175813536,141.4107824902739,143.60198974609375,12027700,0.0,0.0
2021-11-29 00:00:00-05:00,144.28068985813587,144.75578112718955,139.8594842651026,143.31112670898438,21231300,0.0,0.0
2021-11-30 00:00:00-05:00,142.25429697408143,142.79724993442883,138.75417364645767,140.48968505859375,26011100,0.0,0.0
2021-12-01 00:00:00-05:00,142.23491003221372,143.85407870471002,137.71674223795148,137.82339477539062,16469000,0.0,0.0
2021-12-02 00:00:00-05:00,138.49242963435873,143.15602712458266,138.4245678908345,142.7197265625,18177700,0.0,0.0
2021-12-03 00:00:00-05:00,143.31113317607122,143.8056198728429,139.92736710122614,141.76953125,14975600,0.0,0.0
2021-12-06 00:00:00-05:00,142.79725122364027,146.1519460365861,142.20581714484538,145.79319763183594,14333900,0.0,0.0
2021-12-07 00:00:00-05:00,147.21848235169298,148.110478778623,145.16301296765258,146.21983337402344,14661100,0.0,0.0
2021-12-08 00:00:00-05:00,146.31677449764842,148.983073086902,145.97742148672702,148.6728057861328,12886300,0.0,0.0
2021-12-09 00:00:00-05:00,147.63539806939517,149.59390515392664,147.08273992365213,148.28500366210938,11862300,0.0,0.0
2021-12-10 00:00:00-05:00,148.90552701947047,149.95265711399995,146.8403525446183,148.06201171875,10247900,0.0,0.0
2021-12-13 00:00:00-05:00,147.4899589360287,147.85839771042077,144.7460931245054,145.8513946533203,10195800,0.0,0.0
2021-12-14 00:00:00-05:00,144.71699325294705,147.00516292314998,143.99952597640637,144.56187438964844,10872000,0.0,0.0
2021-12-15 00:00:00-05:00,144.23221312146072,146.32647313786705,142.8651402833588,145.82229614257812,12231500,0.0,0.0
2021-12-16 00:00:00-05:00,146.74338903490673,147.431770588276,144.057694960312,144.22251892089844,11145600,0.0,0.0
2021-12-17 00:00:00-05:00,143.98983269863425,145.27935359437186,142.1088924239399,144.2322235107422,13785000,0.0,0.0
2021-12-20 00:00:00-05:00,142.50640431140837,143.2335767589548,140.66424002870198,142.01193237304688,11201900,0.0,0.0
2021-12-21 00:00:00-05:00,143.06873397790284,146.820938579945,142.9039100201096,146.4525146484375,10781400,0.0,0.0
2021-12-22 00:00:00-05:00,145.84167929349138,147.56750042281658,145.30841663120356,147.2572479248047,7820400,0.0,0.0
2021-12-23 00:00:00-05:00,147.68386936358618,149.4969477598433,147.3057255241684,148.95399475097656,6572400,0.0,0.0
2021-12-27 00:00:00-05:00,148.22681303996902,149.33211439395984,146.79184898475646,148.1492462158203,7762000,0.0,0.0
2021-12-28 00:00:00-05:00,147.97473661900153,151.73664671586513,147.77113662390545,150.47621154785156,12198700,0.0,0.0
2021-12-29 00:00:00-05:00,149.85570299944013,151.17430969433633,149.4872642070191,150.15626525878906,8737000,0.0,0.0
2021-12-30 00:00:00-05:00,150.97068493705555,152.28929141580863,150.77676047112982,151.18397521972656,7228400,0.0,0.0
2021-12-31 00:00:00-05:00,151.12579636208545,151.80450237071298,150.03020011418,150.17562866210938,6410200,0.0,0.0
2022-01-03 00:00:00-05:00,151.0870370692073,152.76437728319024,150.6313411761152,151.9887237548828,10222800,0.0,0.0
2022-01-04 00:00:00-05:00,153.76301775335946,155.44037266947606,150.81555226108583,150.9900665283203,16582000,0.0,0.0
2022-01-05 00:00:00-05:00,151.7560431067545,154.5289945766148,150.3792650754758,150.46652221679688,12272100,0.0,0.0
2022-01-06 00:00:00-05:00,151.48453506057484,152.96796533180057,149.00244124493352,152.1244354248047,11095300,0.0,0.0
2022-01-07 00:00:00-05:00,152.1244521429195,154.45141257686853,151.53301803032292,153.02615356445312,9554600,0.0,0.0
2022-01-10 00:00:00-05:00,153.17159005994105,153.45277167253752,149.94294283143472,151.83360290527344,8672900,0.0,0.0
2022-01-11 00:00:00-05:00,151.85297076640768,153.404277672537,151.2033652528443,153.08432006835938,8042600,0.0,0.0
2022-01-12 00:00:00-05:00,153.6757768952349,154.1508682191776,151.57182639382222,152.99708557128906,6995600,0.0,0.0
2022-01-13 00:00:00-05:00,152.9001156147963,153.70485485629678,150.44712187132308,150.7089080810547,9680600,0.0,0.0
2022-01-14 00:00:00-05:00,147.71295413587814,147.9747255385429,143.90256320357724,147.3154296875,16832000,0.0,0.0
2022-01-18 00:00:00-05:00,146.51069438315,148.46921617138236,145.26965468222417,147.63539123535156,10419500,0.0,0.0
2022-01-19 00:00:00-05:00,146.24891471394392,148.20743658968817,145.3957091279091,145.5411376953125,10413200,0.0,0.0
2022-01-20 00:00:00-05:00,146.3167783942959,148.0135139053713,142.67121148496665,143.1269073486328,11760400,0.0,0.0
2022-01-21 00:00:00-05:00,136.93141815704644,137.55193806567314,132.47143593702987,133.1986083984375,34491800,0.0,0.0
2022-01-24 00:00:00-05:00,130.71650750829335,133.48944384097052,125.32572411038241,133.27615356445312,31419500,0.0,0.0
2022-01-25 00:00:00-05:00,131.17218856758575,133.55732036271007,128.35077111978885,132.3550567626953,14694400,0.0,0.0
2022-01-26 00:00:00-05:00,133.51853512831173,133.9936115579924,128.23440463061888,129.53363037109375,14569900,0.0,0.0
2022-01-27 00:00:00-05:00,130.9589100436974,133.71246601297702,129.9408657130216,131.29824829101562,11913900,0.0,0.0
2022-01-28 00:00:00-05:00,131.09464856473426,134.46872440420924,129.49486038635692,134.41055297851562,10011700,0.0,0.0
2022-01-31 00:00:00-05:00,134.63353375543988,138.7929529788337,134.25540473513135,138.61843872070312,10185500,0.0,0.0
2022-02-01 00:00:00-05:00,138.6669193970587,140.28608800682338,137.92035166390914,140.09217834472656,8573300,0.0,0.0
2022-02-02 00:00:00-05:00,139.80131983230265,140.18913919360756,137.07684961408074,138.2790985107422,9529900,0.0,0.0
2022-02-03 00:00:00-05:00,135.7388433656903,137.71674571664343,135.01167099051693,135.76792907714844,9820600,0.0,0.0
2022-02-04 00:00:00-05:00,135.7775965198068,138.83172885787772,135.28312471392056,137.6973419189453,8061100,0.0,0.0
2022-02-07 00:00:00-05:00,139.02565988382744,139.7043511318941,137.29983865544673,138.1724395751953,10937500,0.0,0.0
2022-02-08 00:00:00-05:00,137.47435536882492,138.54088077360026,136.4563258757829,138.1433563232422,9231700,0.0,0.0
2022-02-09 00:00:00-05:00,139.9758430416827,142.86515220697126,138.88993692522385,142.74879455566406,22877400,0.0,0.0
2022-02-10 00:00:00-05:00,151.27126229252562,152.70621175901462,146.51070318799478,147.52874755859375,42500300,0.0,0.0
2022-02-11 00:00:00-05:00,148.86672293797403,149.9817294625294,144.03830248323112,144.9206085205078,17975200,0.0,0.0
2022-02-14 00:00:00-05:00,144.8236418542595,149.05093774713626,144.66852299517996,146.25860595703125,14694700,0.0,0.0
2022-02-15 00:00:00-05:00,148.86671107763684,150.13685115918483,147.86806227346398,150.01080322265625,12726000,0.0,0.0
2022-02-16 00:00:00-05:00,150.26290535476213,151.95964100852436,149.070346723396,151.59121704101562,10656400,0.0,0.0
2022-02-17 00:00:00-05:00,149.98172290608642,150.63132842768698,147.9650298209107,148.294677734375,8110300,0.0,0.0
2022-02-18 00:00:00-05:00,148.25593898064585,149.00249212623964,145.48298714088367,146.75311279296875,10785500,0.0,0.0
2022-02-22 00:00:00-05:00,145.6187152018119,146.2004443084215,143.11724009861337,143.58262634277344,12227200,0.0,0.0
2022-02-23 00:00:00-05:00,144.94967920662245,145.18237966977935,141.07142692015762,141.43016052246094,9300700,0.0,0.0
2022-02-24 00:00:00-05:00,135.73883488620967,145.0175609150807,135.73883488620967,144.85272216796875,12475500,0.0,0.0
2022-02-25 00:00:00-05:00,145.007860735042,145.70594737883104,142.73908653990725,144.97877502441406,10149500,0.0,0.0
2022-02-28 00:00:00-05:00,143.33051572391742,144.93028893094677,142.00221900299778,143.94134521484375,10834700,0.0,0.0
2022-03-01 00:00:00-05:00,143.35961033121774,143.64077713986822,139.40379083820937,141.26535034179688,8944000,0.0,0.0
2022-03-02 00:00:00-05:00,141.85678932070425,143.95104938181242,141.4786602647564,142.85543823242188,7851000,0.0,0.0
2022-03-03 00:00:00-05:00,142.82635857279413,144.12556976425228,140.05340711354233,141.1393280029297,8048400,0.0,0.0
2022-03-04 00:00:00-05:00,139.62677624498778,139.86916701918915,135.30253311807627,136.43692016601562,12913000,0.0,0.0
2022-03-07 00:00:00-05:00,136.0103127703224,136.60174686303677,129.3785046055104,129.43667602539062,14549700,0.0,0.0
2022-03-08 00:00:00-05:00,128.97130149852154,131.366123795208,125.35482009678311,127.73995208740234,16552000,0.0,0.0
2022-03-09 00:00:00-05:00,131.3661149625145,131.3758052679302,129.30094074329594,129.5821075439453,14673100,0.0,0.0
2022-03-10 00:00:00-05:00,128.33139368245682,130.11538653016956,127.61391154410306,129.5724334716797,8447200,0.0,0.0
2022-03-11 00:00:00-05:00,130.96859933104474,132.01572936636342,127.56543781202943,127.73995208740234,7058400,0.0,0.0
2022-03-14 00:00:00-04:00,126.99338269147793,129.0197810056059,124.47252726997118,125.10273742675781,9971500,0.0,0.0
2022-03-15 00:00:00-04:00,125.79111359049075,130.46439972997436,125.5681034403194,130.1153564453125,9834800,0.0,0.0
2022-03-16 00:00:00-04:00,131.52123771002158,134.74988483204922,130.83285614616634,133.93545532226562,10638700,0.0,0.0
2022-03-17 00:00:00-04:00,133.25674851104478,135.22496032714844,132.40352828931617,135.22496032714844,6816000,0.0,0.0
2022-03-18 00:00:00-04:00,135.30253652140965,136.44661390312547,134.0905826199179,136.0297088623047,11308800,0.0,0.0
2022-03-21 00:00:00-04:00,134.67232490584735,135.06015906921272,132.7138178597045,134.40084838867188,9090300,0.0,0.0
2022-03-22 00:00:00-04:00,134.8274604102676,137.8621980546684,134.6723267428054,135.8455047607422,8511600,0.0,0.0
2022-03-23 00:00:00-04:00,134.83715130095155,135.5061374319537,133.35370610442536,133.45066833496094,8761300,0.0,0.0
2022-03-24 00:00:00-04:00,134.36206054339996,135.03106147125638,133.22767345482748,134.73049926757812,5858800,0.0,0.0
2022-03-25 00:00:00-04:00,135.0407675593798,136.10729304646094,133.9160706447053,134.905029296875,5949400,0.0,0.0
2022-03-28 00:00:00-04:00,134.65293639061628,135.38010876059263,132.13206625695437,134.497802734375,8456100,0.0,0.0
2022-03-29 00:00:00-04:00,136.66962412029054,140.06309504564314,136.66962412029054,138.04640197753906,11280700,0.0,0.0
2022-03-30 00:00:00-04:00,137.00898549006317,138.90933603892867,135.81642679146603,136.66964721679688,7922400,0.0,0.0
2022-03-31 00:00:00-04:00,135.87458468756623,136.5920667732527,132.93680940903138,132.98529052734375,12306500,0.0,0.0
2022-04-01 00:00:00-04:00,133.15978704976177,133.89666444341904,131.4048802790497,132.83013916015625,10341000,0.0,0.0
2022-04-04 00:00:00-04:00,132.80109347631912,135.0213870423668,132.72352663285352,134.36209106445312,8174600,0.0,0.0
2022-04-05 00:00:00-04:00,133.5476255375985,134.96317936622486,131.01706527722857,131.4921417236328,8694100,0.0,0.0
2022-04-06 00:00:00-04:00,129.6790811647369,129.85359544370286,126.82856292007413,128.53500366210938,11679700,0.0,0.0
2022-04-07 00:00:00-04:00,128.96160955662023,129.15553405263543,126.06262475015322,127.85630798339844,9858700,0.0,0.0
2022-04-08 00:00:00-04:00,127.98235594693593,129.06826211168382,126.65405895653096,127.85630798339844,6702000,0.0,0.0
2022-04-11 00:00:00-04:00,126.08198963449838,128.39924504690885,126.08198963449838,126.67342376708984,9915300,0.0,0.0
2022-04-12 00:00:00-04:00,127.7981052252117,129.15550239276993,126.18862698673297,126.85762786865234,7885600,0.0,0.0
2022-04-13 00:00:00-04:00,127.06126587580836,128.84525869118357,126.77039394421521,128.3217010498047,7694500,0.0,0.0
2022-04-14 00:00:00-04:00,128.76767551585698,129.52393356541347,126.38255852705853,126.4989013671875,7283500,0.0,0.0
2022-04-18 00:00:00-04:00,126.11108623221398,126.2565147872128,122.95999859227646,123.8810806274414,10571000,0.0,0.0
2022-04-19 00:00:00-04:00,124.19135008158166,129.1361284524789,123.90048555205735,127.88538360595703,12767200,0.0,0.0
2022-04-20 00:00:00-04:00,122.21343723739803,123.47386488605633,120.33248237128947,120.77848052978516,36465700,0.0,0.0
2022-04-21 00:00:00-04:00,121.71896429842604,122.60126295869337,117.58862301955386,117.95706176757812,18688600,0.0,0.0
2022-04-22 00:00:00-04:00,116.35727994870724,118.1800560742375,114.55389183212537,114.67023468017578,19472800,0.0,0.0
2022-04-25 00:00:00-04:00,114.07880956659119,116.66754153308821,113.19650350468761,116.29910278320312,16491000,0.0,0.0
2022-04-26 00:00:00-04:00,115.5234665176375,115.5234665176375,112.1202973269633,112.246337890625,16116000,0.0,0.0
2022-04-27 00:00:00-04:00,111.91668186021441,113.34194096544358,109.9387720200168,111.70337677001953,15553000,0.0,0.0
2022-04-28 00:00:00-04:00,111.71307569452215,112.4693338246216,109.26008192482709,111.78094482421875,23192100,0.0,0.0
2022-04-29 00:00:00-04:00,111.693678298918,112.45963411881621,107.9705591409715,108.23233795166016,16907000,0.0,0.0
2022-05-02 00:00:00-04:00,108.3099063644442,110.20055908080813,107.6312150696553,110.04542541503906,14300700,0.0,0.0
2022-05-03 00:00:00-04:00,110.57869184325791,111.33494999622653,109.26008522883758,110.09391021728516,11149500,0.0,0.0
2022-05-04 00:00:00-04:00,109.91938129973504,112.89593999136503,108.42625310237426,112.65354919433594,11488300,0.0,0.0
2022-05-05 00:00:00-04:00,111.2476772879882,111.76154459023664,108.08690664471442,109.18251037597656,12720200,0.0,0.0
2022-05-06 00:00:00-04:00,108.36807004747234,108.67832995966168,105.00369212977347,106.93312072753906,12525200,0.0,0.0
2022-05-09 00:00:00-04:00,104.81947302322412,107.36942145167137,103.2390877474126,103.72386932373047,17941600,0.0,0.0
2022-05-10 00:00:00-04:00,106.49680987204344,107.33063474953806,102.9094292760723,104.40255737304688,15657700,0.0,0.0
2022-05-11 00:00:00-04:00,104.61587122208086,106.71982160006195,101.60052906497164,102.00774383544922,26933300,0.0,0.0
2022-05-12 00:00:00-04:00,99.76805161357758,101.8041327899404,96.44244964655233,101.1351318359375,36298800,0.0,0.0
2022-05-13 00:00:00-04:00,102.15317652818251,104.41226049723986,102.1046954106467,104.06321716308594,16782600,0.0,0.0
2022-05-16 00:00:00-04:00,104.18925576428477,104.34438941975438,101.65869533758035,101.97865295410156,11993600,0.0,0.0
2022-05-17 00:00:00-04:00,104.45104485672982,105.4787794626025,103.06456921051479,105.33334350585938,11847600,0.0,0.0
2022-05-18 00:00:00-04:00,104.11169932833812,104.38318325250779,100.71822794661311,101.12545013427734,11794000,0.0,0.0
2022-05-19 00:00:00-04:00,100.28192189583206,102.09500773963386,99.82622600908324,100.00074768066406,11285000,0.0,0.0
2022-05-20 00:00:00-04:00,101.30964576317247,101.61021535281668,97.00479064984685,99.30265045166016,15650400,0.0,0.0
2022-05-23 00:00:00-04:00,100.60187600561474,102.80278113396177,98.4688326057061,102.60887145996094,14402400,0.0,0.0
2022-05-24 00:00:00-04:00,100.55339372290209,100.67943426982357,97.08235585939248,98.49791717529297,13970200,0.0,0.0
2022-05-25 00:00:00-04:00,98.34279355415062,100.65035125747427,98.08101475054711,100.11709594726562,11026600,0.0,0.0
2022-05-26 00:00:00-04:00,101.04787660848969,102.89973845051522,100.79578810847016,102.39556884765625,11297800,0.0,0.0
2022-05-27 00:00:00-04:00,103.63659900898749,106.04111874807508,103.28755570174609,105.99263763427734,13671300,0.0,0.0
2022-05-31 00:00:00-04:00,106.65194970955247,107.85420598052247,104.62556621571738,107.07855987548828,20274600,0.0,0.0
2022-06-01 00:00:00-04:00,108.60076775454522,109.4151972292896,104.97459633933678,105.8666000366211,11829700,0.0,0.0
2022-06-02 00:00:00-04:00,106.09930237937179,107.57303520399562,104.62556955474797,107.49547576904297,8829900,0.0,0.0
2022-06-03 00:00:00-04:00,105.84720833751773,106.50651158180405,104.63525438825465,105.3624267578125,6767600,0.0,0.0
2022-06-06 00:00:00-04:00,106.40956376392137,106.83617394929813,104.37348247429834,104.54800415039062,7575900,0.0,0.0
2022-06-07 00:00:00-04:00,103.53965312628618,104.63525685930891,102.77369732460161,104.50921630859375,7279100,0.0,0.0
2022-06-08 00:00:00-04:00,104.16017866124353,106.03143600120724,103.70448275711645,104.07291412353516,7019500,0.0,0.0
2022-06-09 00:00:00-04:00,103.2875609856749,103.80142827062973,100.10739504339006,100.15587615966797,8261200,0.0,0.0
2022-06-10 00:00:00-04:00,98.34278464568125,99.01178554577044,96.35517734965997,96.37457275390625,15369700,0.0,0.0
2022-06-13 00:00:00-04:00,94.63906176411844,94.63906176411844,91.94367733083375,92.79689025878906,15239700,0.0,0.0
2022-06-14 00:00:00-04:00,93.33984154269349,93.33984154269349,90.26632812109212,91.35224151611328,12443700,0.0,0.0
2022-06-15 00:00:00-04:00,91.73038123395973,94.33850878790332,91.22620419296614,92.96172332763672,11751600,0.0,0.0
2022-06-16 00:00:00-04:00,91.14864445248158,92.47694138898419,90.56690797394768,91.4104232788086,15298500,0.0,0.0
2022-06-17 00:00:00-04:00,91.1486319422077,93.0489747897568,90.625066964233,91.46858215332031,15403800,0.0,0.0
2022-06-21 00:00:00-04:00,92.01154351262336,92.544798801589,90.43115085941784,90.45054626464844,16649800,0.0,0.0
2022-06-22 00:00:00-04:00,89.36463870965491,91.73037529377923,89.20951244359671,90.65415954589844,11403500,0.0,0.0
2022-06-23 00:00:00-04:00,91.10015424713112,91.76915519919045,89.26768045401025,91.4298095703125,11348800,0.0,0.0
2022-06-24 00:00:00-04:00,92.54480243226516,95.56984221227823,92.49632871164643,94.80388641357422,11681200,0.0,0.0
2022-06-27 00:00:00-04:00,95.23049961731573,95.24019732062087,92.88415842573087,93.66950225830078,10793700,0.0,0.0
2022-06-28 00:00:00-04:00,96.70423479445088,97.34415007891879,92.86476527918474,93.00050354003906,16812400,0.0,0.0
2022-06-29 00:00:00-04:00,93.02958063013722,93.27197141593453,91.65280274213161,92.73871612548828,8653200,0.0,0.0
2022-06-30 00:00:00-04:00,91.54615955549522,92.5351182049851,89.72338332309852,91.52677154541016,10983500,0.0,0.0
2022-07-01 00:00:00-04:00,91.37163457915042,93.37863012225141,91.11955347123762,93.21380615234375,10543400,0.0,0.0
2022-07-05 00:00:00-04:00,91.39103732226347,94.27064146248148,89.50038447806115,94.22216033935547,10660600,0.0,0.0
2022-07-06 00:00:00-04:00,94.56148792526848,95.20140312168327,92.49632118599959,93.15562438964844,8640200,0.0,0.0
2022-07-07 00:00:00-04:00,93.95067128514599,94.56149341037175,93.01019384038423,94.46453857421875,7813100,0.0,0.0
2022-07-08 00:00:00-04:00,93.63071070860306,94.16397338635727,92.44784251226072,92.94232177734375,7717300,0.0,0.0
2022-07-11 00:00:00-04:00,92.10850833929328,92.43815629217674,90.58629433946798,90.78990173339844,7643700,0.0,0.0
2022-07-12 00:00:00-04:00,90.73171825462808,92.35088688452447,90.4699320706451,90.75110626220703,8665300,0.0,0.0
2022-07-13 00:00:00-04:00,89.31616452763707,90.41176827918822,88.23994878530074,90.1112060546875,12006400,0.0,0.0
2022-07-14 00:00:00-04:00,88.69564939904075,89.23860245215282,87.48369533607232,89.04468536376953,11146400,0.0,0.0
2022-07-15 00:00:00-04:00,90.08211326983799,92.41875654872977,89.87849850457752,92.30240631103516,14946700,0.0,0.0
2022-07-18 00:00:00-04:00,93.42710854731186,94.30940719392414,92.40906425019458,92.78719329833984,10430400,0.0,0.0
2022-07-19 00:00:00-04:00,93.73736570765467,96.8108791201191,93.73736570765467,96.57818603515625,13683400,0.0,0.0
2022-07-20 00:00:00-04:00,97.19870154863793,101.0866516817937,96.90782965745102,100.204345703125,15112700,0.0,0.0
2022-07-21 00:00:00-04:00,99.58383515402865,101.07696336623708,98.51731711593125,101.00909423828125,8611300,0.0,0.0
2022-07-22 00:00:00-04:00,100.13648941978828,101.38722687675963,99.00210221364465,99.59353637695312,7803500,0.0,0.0
2022-07-25 00:00:00-04:00,99.65171026739266,100.24314444532273,98.71123272553073,99.564453125,6726700,0.0,0.0
2022-07-26 00:00:00-04:00,99.0311889469171,99.24449404370772,96.52971400721327,96.7430191040039,6346600,0.0,0.0
2022-07-27 00:00:00-04:00,97.89679129381894,100.49522080130882,97.74165764098744,100.34978485107422,9684800,0.0,0.0
2022-07-28 00:00:00-04:00,100.10738801754513,101.7750376988195,99.58382306664416,101.70716857910156,7970300,0.0,0.0
2022-07-29 00:00:00-04:00,101.93987148607218,103.10334433558344,100.22374792346606,102.87065124511719,10320000,0.0,0.0
2022-08-01 00:00:00-04:00,101.67809073185299,103.40391196427242,100.69882987405394,102.98699951171875,7769700,0.0,0.0
2022-08-02 00:00:00-04:00,102.52160571203994,103.12273752979691,101.43569971503358,101.52295684814453,9093000,0.0,0.0
2022-08-03 00:00:00-04:00,102.5119182454422,106.3610778552576,102.5119182454422,105.70177459716797,11243000,0.0,0.0
2022-08-04 00:00:00-04:00,105.60481630715998,106.11868359206251,104.38317206662254,104.82917022705078,7322400,0.0,0.0
2022-08-05 00:00:00-04:00,103.55903551421036,104.42194610785276,102.1628696375508,103.38451385498047,10100000,0.0,0.0
2022-08-08 00:00:00-04:00,104.91643126666655,107.8445162251494,104.61586904668495,105.7890396118164,13025900,0.0,0.0
2022-08-09 00:00:00-04:00,105.8956872261592,105.8956872261592,103.77234158463104,104.83885955810547,8776500,0.0,0.0
2022-08-10 00:00:00-04:00,109.05647672644606,109.24068871236281,106.56469949012993,109.00799560546875,26398700,0.0,0.0
2022-08-11 00:00:00-04:00,118.49031728835756,119.51805190895797,113.75885155514756,114.10789489746094,50375000,0.0,0.0
2022-08-12 00:00:00-04:00,115.37801218155185,117.90857253629976,115.30044535602266,117.86978912353516,21964800,0.0,0.0
2022-08-15 00:00:00-04:00,117.3171499834193,122.12618268185484,117.30745227997878,120.4779281616211,24628300,0.0,0.0
2022-08-16 00:00:00-04:00,120.93362081804565,122.63035641281637,119.69257371223918,121.1566162109375,14607300,0.0,0.0
2022-08-17 00:00:00-04:00,119.69257184659426,120.69122813758175,118.83935890950771,119.07205200195312,9140900,0.0,0.0
2022-08-18 00:00:00-04:00,119.26597278247007,119.38231563371777,118.00553764796479,118.93631744384766,7343900,0.0,0.0
2022-08-19 00:00:00-04:00,117.55953018640388,117.69526843360762,115.84340669122533,116.48331451416016,8702500,0.0,0.0
2022-08-22 00:00:00-04:00,114.11758154486337,114.61206083015111,112.1687649094692,112.4111557006836,11575800,0.0,0.0
2022-08-23 00:00:00-04:00,112.44995007350921,112.82807915287903,111.13134344902655,111.3640365600586,7180700,0.0,0.0
2022-08-24 00:00:00-04:00,111.17981408566378,113.59403186034615,110.62716333907464,112.86685943603516,7840500,0.0,0.0
2022-08-25 00:00:00-04:00,113.45829274015901,114.18546520637153,112.5759939943552,113.88490295410156,6920900,0.0,0.0
2022-08-26 00:00:00-04:00,113.89459228391729,114.76720065864859,110.42355419175297,110.59807586669922,7807400,0.0,0.0
2022-08-29 00:00:00-04:00,109.11463560947796,110.98589274749332,108.9885950654799,110.07450103759766,6882700,0.0,0.0
2022-08-30 00:00:00-04:00,110.80168612392224,111.25738203125928,108.0578203734489,109.00799560546875,8060000,0.0,0.0
2022-08-31 00:00:00-04:00,109.43459591647083,110.28780882948563,108.4456373564143,108.66864013671875,7353000,0.0,0.0
2022-09-01 00:00:00-04:00,108.38746006806129,109.16310611140959,106.68102693720793,109.10493469238281,7718700,0.0,0.0
2022-09-02 00:00:00-04:00,109.60911984888371,110.42354936491232,107.46637872347036,107.81542205810547,8465100,0.0,0.0
2022-09-06 00:00:00-04:00,108.36807080643514,108.3777685092158,105.21699054608906,106.73920440673828,9537300,0.0,0.0
2022-09-07 00:00:00-04:00,106.5259179641826,109.52186488482651,106.5259179641826,109.26008605957031,8193900,0.0,0.0
2022-09-08 00:00:00-04:00,107.68938195409204,109.55094148173058,107.00099298492925,108.9110336303711,8443300,0.0,0.0
2022-09-09 00:00:00-04:00,109.82241668876159,112.01363151773975,109.74485725724603,111.67428588867188,9563100,0.0,0.0
2022-09-12 00:00:00-04:00,112.60507470384083,113.91398360540249,111.76155201754618,112.84746551513672,7923400,0.0,0.0
2022-09-13 00:00:00-04:00,109.60911285239274,110.35567319443173,107.78632946627552,108.3583755493164,10504600,0.0,0.0
2022-09-14 00:00:00-04:00,108.44564910107603,109.30855981029984,106.53560829621637,109.07586669921875,8610400,0.0,0.0
2022-09-15 00:00:00-04:00,108.96920886118137,110.92773069285377,107.34034236829295,107.39851379394531,9739800,0.0,0.0
2022-09-16 00:00:00-04:00,105.88599523005138,106.24473627380313,103.70447804971208,104.95521545410156,15978800,0.0,0.0
2022-09-19 00:00:00-04:00,104.25713067422309,105.89569486443649,103.7820467730509,105.84721374511719,7979500,0.0,0.0
2022-09-20 00:00:00-04:00,104.98429500462643,105.11034294628783,103.60751712916263,104.29590606689453,6957400,0.0,0.0
2022-09-21 00:00:00-04:00,104.121388926975,104.75160647110219,101.30965423583984,101.30965423583984,9776400,0.0,0.0
2022-09-22 00:00:00-04:00,101.03816749910398,101.47447532263409,98.91482199059008,99.05056762695312,10953400,0.0,0.0
2022-09-23 00:00:00-04:00,97.5574481346669,98.10040113890845,95.0365779928485,96.4715347290039,11976900,0.0,0.0
2022-09-26 00:00:00-04:00,95.93826907117918,97.59622853846776,95.07535847440636,95.13353729248047,9760500,0.0,0.0
2022-09-27 00:00:00-04:00,96.5006174421557,96.6072699785581,92.52541007636518,92.93262481689453,13360200,0.0,0.0
2022-09-28 00:00:00-04:00,92.87444940256613,96.8302685903624,92.54479410499343,96.37457275390625,12895500,0.0,0.0
2022-09-29 00:00:00-04:00,95.53106254432767,95.59893167359982,93.30107158454273,94.48393249511719,9435100,0.0,0.0
2022-09-30 00:00:00-04:00,93.5628508668134,94.51302607856216,91.41041933171714,91.45890045166016,12094900,0.0,0.0
2022-10-03 00:00:00-04:00,92.81629290878017,94.80389312722252,91.62372685997032,94.17367553710938,9468400,0.0,0.0
2022-10-04 00:00:00-04:00,95.67649678534293,98.43005272020572,95.24019630460965,98.35249328613281,10229000,0.0,0.0
2022-10-05 00:00:00-04:00,96.99510165091893,98.1391865019905,95.6958831400234,97.73197174072266,7562800,0.0,0.0
2022-10-06 00:00:00-04:00,97.37323097913973,98.37187987628147,96.83027796256096,96.99510192871094,6728200,0.0,0.0
2022-10-07 00:00:00-04:00,95.51166755635218,95.79284175627332,93.51436244608121,94.2027587890625,7051000,0.0,0.0
2022-10-10 00:00:00-04:00,94.61966510226048,94.76510105549436,91.54615166465493,92.26363372802734,9532300,0.0,0.0
2022-10-11 00:00:00-04:00,91.92428675647496,92.1666775620956,89.83003404244639,90.2663345336914,8900900,0.0,0.0
2022-10-12 00:00:00-04:00,90.32451136038226,91.20681002680325,89.39372417785654,90.56690216064453,6156200,0.0,0.0
2022-10-13 00:00:00-04:00,88.78290046324703,94.01854313629804,87.94907553323024,93.6985855102539,11025400,0.0,0.0
2022-10-14 00:00:00-04:00,94.50332608914061,95.10445053768325,91.45889823930676,91.57524108886719,8202100,0.0,0.0
2022-10-17 00:00:00-04:00,93.44649478732542,94.98810405973562,93.33015194220908,94.36758422851562,7083800,0.0,0.0
2022-10-18 00:00:00-04:00,96.83028201362804,97.31506362647795,94.66815276555802,95.48258972167969,8533500,0.0,0.0
2022-10-19 00:00:00-04:00,97.38292173775216,98.76939728951386,95.50196692562216,95.97705078125,11731000,0.0,0.0
2022-10-20 00:00:00-04:00,95.2401974479688,97.68349348433122,95.12384719969239,95.5892333984375,8212400,0.0,0.0
2022-10-21 00:00:00-04:00,95.35653651684008,99.186315485756,94.91053834524101,98.9342269897461,10193400,0.0,0.0
2022-10-24 00:00:00-04:00,99.01179679174132,100.04922912137086,97.0726703889063,98.62397003173828,8221500,0.0,0.0
2022-10-25 00:00:00-04:00,99.05057307807265,101.54235003047722,98.92452513676564,101.18360900878906,7687500,0.0,0.0
2022-10-26 00:00:00-04:00,100.37887836731804,104.16017638155927,100.37887836731804,101.44539642333984,9203700,0.0,0.0
2022-10-27 00:00:00-04:00,102.58948156471403,103.617223604226,101.13513674004986,101.26118469238281,8673500,0.0,0.0
2022-10-28 00:00:00-04:00,100.91214124771624,102.86095798496231,100.37887852030245,102.7252197265625,7250900,0.0,0.0
2022-10-31 00:00:00-04:00,102.44405114706856,103.64630744250172,101.62961421345372,103.2972640991211,8814800,0.0,0.0
2022-11-01 00:00:00-04:00,104.42194359189335,105.52724494132487,102.42464595996964,102.77368927001953,7955800,0.0,0.0
2022-11-02 00:00:00-04:00,102.24044401934573,102.85127361457768,98.69184629224027,98.72093200683594,9583200,0.0,0.0
2022-11-03 00:00:00-04:00,97.15022325555861,97.6350048234949,95.560140304502,96.22914123535156,8978400,0.0,0.0
2022-11-04 00:00:00-04:00,98.07131667271834,98.08101437568288,95.12384373179349,96.54910278320312,11035800,0.0,0.0
2022-11-07 00:00:00-05:00,97.80953811401295,98.46884142068883,95.97706416109543,97.37323760986328,11355200,0.0,0.0
2022-11-08 00:00:00-05:00,97.673789233006,98.86635515705422,95.06566940098439,96.85935974121094,27130300,0.0,0.0
2022-11-09 00:00:00-05:00,87.79395480143035,88.32721014791946,83.65391560249105,84.10961151123047,62029800,0.0,0.0
2022-11-10 00:00:00-05:00,87.01829892922804,87.74547134367842,84.94343423177074,87.7066879272461,36968100,0.0,0.0
2022-11-11 00:00:00-05:00,88.79259276534643,92.67084526545665,88.32719921057418,92.11819458007812,22373300,0.0,0.0
2022-11-14 00:00:00-05:00,92.93263730627628,93.67920516142566,91.34255414626598,91.4104232788086,20598000,0.0,0.0
2022-11-15 00:00:00-05:00,93.078065455267,94.22215030570852,90.84806717819588,92.60298156738281,15801900,0.0,0.0
2022-11-16 00:00:00-05:00,92.32181116508727,92.32181116508727,90.86746633235981,91.09046173095703,11137700,0.0,0.0
2022-11-17 00:00:00-05:00,89.31615494854101,89.46158349500544,88.08480567582686,88.66654205322266,12306400,0.0,0.0
2022-11-18 00:00:00-05:00,90.03364749875321,90.32451944397158,88.14300204637625,89.00591278076172,10011700,0.0,0.0
2022-11-21 00:00:00-05:00,97.07266128097119,97.81922162125666,93.38831850239954,94.60997009277344,70273500,0.0,0.0
2022-11-22 00:00:00-05:00,94.04763308361161,94.69723867082462,91.79824669131348,93.28167724609375,25753700,0.0,0.0
2022-11-23 00:00:00-05:00,93.07806773541463,96.3164052913961,92.86476264663881,95.87040710449219,15503200,0.0,0.0
2022-11-25 00:00:00-05:00,95.80253895042856,96.77210216586755,95.09476194557907,95.8607177734375,6664300,0.0,0.0
2022-11-28 00:00:00-05:00,95.22079994998514,96.11279630897242,92.52541546681306,92.77750396728516,13660000,0.0,0.0
2022-11-29 00:00:00-05:00,93.0780707244613,93.49498321213517,91.06137741677466,91.80794525146484,13205300,0.0,0.0
2022-11-30 00:00:00-05:00,92.06002131066239,94.95902055517766,91.01289869438234,94.89115142822266,15368100,0.0,0.0
2022-12-01 00:00:00-05:00,94.89115410031985,95.83162420112815,93.64041667077447,95.5892333984375,13855700,0.0,0.0
2022-12-02 00:00:00-05:00,94.49363053761714,96.65575977306982,94.05733004747044,96.40367126464844,12608100,0.0,0.0
2022-12-05 00:00:00-05:00,95.24989699698202,96.14190085929901,92.75811959941186,93.01020812988281,10764500,0.0,0.0
2022-12-06 00:00:00-05:00,92.81627937038947,93.07805815418916,89.18041772374146,89.4809799194336,11492400,0.0,0.0
2022-12-07 00:00:00-05:00,89.83972463687665,89.9657651828409,88.48233475337506,89.34524536132812,10353400,0.0,0.0
2022-12-08 00:00:00-05:00,89.68459688357997,90.58629096435075,88.87985764432838,89.73307800292969,9351200,0.0,0.0
2022-12-09 00:00:00-05:00,89.55854265435505,92.02123371824348,89.10284683189826,90.53779602050781,10111900,0.0,0.0
2022-12-12 00:00:00-05:00,90.87716031485846,91.77885437011719,89.79124688789935,91.77885437011719,14140700,0.0,0.0
2022-12-13 00:00:00-05:00,93.5531458718581,94.42575418255907,90.7220232612992,91.817626953125,22882100,0.0,0.0
2022-12-14 00:00:00-05:00,91.6624994523387,92.5641934616292,89.80094001289366,91.28437042236328,11505400,0.0,0.0
2022-12-15 00:00:00-05:00,89.65550175792436,90.2857192574029,87.37702993412913,87.73576354980469,15957700,0.0,0.0
2022-12-16 00:00:00-05:00,87.44490174344872,88.30781234410092,86.10689987942375,87.33824920654297,26383900,0.0,0.0
2022-12-19 00:00:00-05:00,86.71774116323662,86.73712917386086,82.81040237195951,83.16913604736328,19225300,0.0,0.0
2022-12-20 00:00:00-05:00,83.46000686567801,85.16643287055166,83.14974691959367,84.37139129638672,14918400,0.0,0.0
2022-12-21 00:00:00-05:00,84.53620786763466,85.41850642969746,83.84781896397398,84.27442169189453,11004800,0.0,0.0
2022-12-22 00:00:00-05:00,83.41151600789738,84.09021464629836,82.1123049469368,84.03203582763672,15487400,0.0,0.0
2022-12-23 00:00:00-05:00,83.4406079723137,85.38943210699405,83.15943375211162,85.33126068115234,11171600,0.0,0.0
2022-12-27 00:00:00-05:00,84.75920967019927,85.26338665581002,83.34364834428887,83.74117279052734,11561400,0.0,0.0
2022-12-28 00:00:00-05:00,83.46000844299921,84.05144263220956,81.51118419007358,81.60813903808594,12399500,0.0,0.0
2022-12-29 00:00:00-05:00,82.65525504957311,85.55424667452971,82.38377856257779,84.5265121459961,13045100,0.0,0.0
2022-12-30 00:00:00-05:00,83.12065733397839,84.46834960549702,82.63587572847729,84.23564910888672,23231000,0.0,0.0
2023-01-03 00:00:00-05:00,86.27173688779168,87.2316023856608,85.15673772710157,86.26203918457031,14997100,0.0,0.0
2023-01-04 00:00:00-05:00,87.2606891355286,89.9269879702253,86.64016927122815,89.18042755126953,14957200,0.0,0.0
2023-01-05 00:00:00-05:00,88.87017229539383,89.66521387568697,87.75517306277791,89.12225341796875,11622600,0.0,0.0
2023-01-06 00:00:00-05:00,89.83973411246482,91.80794632240278,88.54051551358002,91.0613784790039,9828100,0.0,0.0
2023-01-09 00:00:00-05:00,91.5558425188434,92.78718438346559,90.60566743968023,91.88549041748047,11675800,0.0,0.0
2023-01-10 00:00:00-05:00,91.41041147760583,92.72901793721189,90.9644133217361,92.65145111083984,6914600,0.0,0.0
2023-01-11 00:00:00-05:00,93.00049345022674,93.61132295498152,92.15697826317245,93.39801788330078,8757300,0.0,0.0
2023-01-12 00:00:00-05:00,95.50196937907535,97.56713620621684,94.60027536214714,96.7720947265625,19764300,0.0,0.0
2023-01-13 00:00:00-05:00,96.35517734965997,96.568482413293,95.02688064878407,96.37457275390625,12230200,0.0,0.0
2023-01-17 00:00:00-05:00,97.26658140254683,97.91618698107077,95.9867582550336,96.86906433105469,14914200,0.0,0.0
2023-01-18 00:00:00-05:00,97.22779182229013,98.05191902309912,95.7152756703499,96.0255355834961,11384500,0.0,0.0
2023-01-19 00:00:00-05:00,95.13353608747852,96.42304941644325,94.16397296656031,96.06431579589844,10973600,0.0,0.0
2023-01-20 00:00:00-05:00,97.28596344669378,100.43704370124188,96.27762427475665,100.33039855957031,14549900,0.0,0.0
2023-01-23 00:00:00-05:00,100.1461837440826,102.72521800770556,99.78744269735415,102.47313690185547,11479100,0.0,0.0
2023-01-24 00:00:00-05:00,101.51325427293052,105.13942561654005,98.89543684473578,102.77368927001953,8606700,0.0,0.0
2023-01-25 00:00:00-05:00,101.76534712865708,104.8679536406332,101.00908905674922,104.82917022705078,10008000,0.0,0.0
2023-01-26 00:00:00-05:00,104.87764589449831,106.4192551750248,104.29590947431431,106.36107635498047,9204400,0.0,0.0
2023-01-27 00:00:00-05:00,105.93447137870801,107.2142944352453,105.83751654356637,106.20594787597656,10249700,0.0,0.0
2023-01-30 00:00:00-05:00,104.96491294649113,105.65330192324343,104.20865484237397,104.31529998779297,8548500,0.0,0.0
2023-01-31 00:00:00-05:00,104.30561330094835,105.41091478334397,104.17956534776863,105.18791198730469,8251700,0.0,0.0
2023-02-01 00:00:00-05:00,105.19760571339059,106.5937790687581,103.64630609474895,106.06051635742188,9975500,0.0,0.0
2023-02-02 00:00:00-05:00,107.30155277397209,110.07450399383886,106.35138502285065,109.76424407958984,13093200,0.0,0.0
2023-02-03 00:00:00-05:00,108.07720975476809,109.69637850347766,107.01069172735615,107.34033966064453,12472500,0.0,0.0
2023-02-06 00:00:00-05:00,106.81677393999588,107.06886243841862,105.22669091396939,106.52590942382812,11956500,0.0,0.0
2023-02-07 00:00:00-05:00,105.97326130502188,108.70742924825767,105.5466511275646,108.23233795166016,10844000,0.0,0.0
2023-02-08 00:00:00-05:00,108.78498422445492,109.88059533580835,106.93312242464128,108.37776947021484,27719900,0.0,0.0
2023-02-09 00:00:00-05:00,114.44723724804498,114.58297549980205,106.46772911997206,107.00099182128906,46137200,0.0,0.0
2023-02-10 00:00:00-05:00,105.64360444543073,106.39986255116065,103.94686886051046,104.77099609375,15566000,0.0,0.0
2023-02-13 00:00:00-05:00,104.80978149313924,104.99400087008695,103.30696295635495,104.3831787109375,12341500,0.0,0.0
2023-02-14 00:00:00-05:00,103.56874176822465,105.13943683098357,102.5991785584876,104.3831787109375,10768100,0.0,0.0
2023-02-15 00:00:00-05:00,103.83052242152681,105.9441705521263,103.45239335479766,105.91508483886719,8156000,0.0,0.0
2023-02-16 00:00:00-05:00,104.27652128621574,104.73220975983567,102.48282351439849,102.60887145996094,9479900,0.0,0.0
2023-02-17 00:00:00-05:00,101.83322142132742,102.57978922561402,100.71822226507899,102.01744079589844,9492200,0.0,0.0
2023-02-21 00:00:00-05:00,100.39827295305794,100.57279462604754,98.73062305497506,98.98270416259766,10648200,0.0,0.0
2023-02-22 00:00:00-05:00,98.2458289609836,99.43838741047442,98.01312849512941,98.58517456054688,9885100,0.0,0.0
2023-02-23 00:00:00-05:00,98.36217547580866,98.94391926502405,96.57818288727483,98.63365936279297,10974800,0.0,0.0
2023-02-24 00:00:00-05:00,96.50061700200634,97.37322529714606,95.94796631461445,97.24718475341797,8523000,0.0,0.0
2023-02-27 00:00:00-05:00,97.66410782053252,98.38158254251839,97.01449483186245,97.39262390136719,6641200,0.0,0.0
2023-02-28 00:00:00-05:00,97.39261553111612,97.68348743520453,96.53940262146581,96.57818603515625,8233700,0.0,0.0
2023-03-01 00:00:00-05:00,96.17097376925626,96.59757653650172,95.11414606116048,95.54075622558594,7898300,0.0,0.0
2023-03-02 00:00:00-05:00,94.76511001502473,96.2679360118923,94.4548500708097,95.90919494628906,7776600,0.0,0.0
2023-03-03 00:00:00-05:00,96.63635599666434,98.10039840333869,95.87040023150834,98.06161499023438,7434300,0.0,0.0
2023-03-06 00:00:00-05:00,98.51731928186518,99.5741396400091,97.4314058135176,97.59623718261719,6773300,0.0,0.0
2023-03-07 00:00:00-05:00,97.34414805623616,97.86771307887261,95.88010553352201,96.04492950439453,6951300,0.0,0.0
2023-03-08 00:00:00-05:00,95.98675412682618,96.58788595706989,95.3080628645994,96.27762603759766,5668700,0.0,0.0
2023-03-09 00:00:00-05:00,96.4230580012127,97.00480184330128,93.00050106320197,93.21380615234375,8275600,0.0,0.0
2023-03-10 00:00:00-05:00,92.69023500733427,92.98110690915627,90.00454835552061,90.7220230102539,13978800,0.0,0.0
2023-03-13 00:00:00-04:00,89.09315858730604,91.15832546454808,87.70668296629005,89.78154754638672,11915300,0.0,0.0
2023-03-14 00:00:00-04:00,91.13894487174102,91.42981680360815,89.52946633718916,90.51842498779297,10323600,0.0,0.0
2023-03-15 00:00:00-04:00,88.84107541309317,90.51842304274737,88.62777771777849,90.2663345336914,9543800,0.0,0.0
2023-03-16 00:00:00-04:00,89.84941760421259,91.68189141221507,89.093159511663,91.42011260986328,9931700,0.0,0.0
2023-03-17 00:00:00-04:00,91.18741583273882,91.40071350887132,90.08211445028451,90.36328125,12943200,0.0,0.0
2023-03-20 00:00:00-04:00,90.58628573710457,92.03093276476412,90.16937328516768,91.35224151611328,6657200,0.0,0.0
2023-03-21 00:00:00-04:00,92.27332693248228,93.90219338607793,92.27332693248228,93.60163116455078,7285800,0.0,0.0
2023-03-22 00:00:00-04:00,94.483924837472,94.94931839846242,91.93397644756409,92.01154327392578,8811100,0.0,0.0
2023-03-23 00:00:00-04:00,92.37998341913428,94.06702136900552,91.87581379403015,92.91324615478516,9527000,0.0,0.0
2023-03-24 00:00:00-04:00,91.9242762577691,92.10849561609874,90.1887574000779,91.21649932861328,9534600,0.0,0.0
2023-03-27 00:00:00-04:00,91.89520352749439,93.09745988466211,91.50737674858141,92.70964050292969,7487900,0.0,0.0
2023-03-28 00:00:00-04:00,92.60298382801011,93.07806772749205,91.71098005709801,91.9339828491211,5426100,0.0,0.0
2023-03-29 00:00:00-04:00,93.15563687337247,93.9603761292472,92.44785246101968,93.92159271240234,5889100,0.0,0.0
2023-03-30 00:00:00-04:00,95.72498056761502,95.90919255049137,94.69723851786634,95.11415100097656,7669500,0.0,0.0
2023-03-31 00:00:00-04:00,95.88010303251954,97.15022844121142,95.50197398111997,97.08235931396484,8920000,0.0,0.0
2023-04-03 00:00:00-04:00,97.15992565647436,97.37323074022983,96.24853389758462,96.72362518310547,7313200,0.0,0.0
2023-04-04 00:00:00-04:00,97.24719788634013,97.36354074328408,95.75406957905433,96.53941345214844,6794200,0.0,0.0
2023-04-05 00:00:00-04:00,96.66544954644961,97.13084314426364,95.62801720261069,96.86906433105469,7747200,0.0,0.0
2023-04-06 00:00:00-04:00,96.41336354081393,97.26657646343727,95.55045291532558,96.92723083496094,7042500,0.0,0.0
2023-04-10 00:00:00-04:00,96.27762600698507,97.74166107177734,95.8897992584731,97.74166107177734,8016600,0.0,0.0
2023-04-11 00:00:00-04:00,98.08100741548688,98.80817974544567,97.23748484975009,97.363525390625,7504600,0.0,0.0
2023-04-12 00:00:00-04:00,98.16826647135915,99.10874388678165,94.72631441645447,94.95901489257812,9289200,0.0,0.0
2023-04-13 00:00:00-04:00,95.51168271627432,97.99376239619056,95.51168271627432,97.77075958251953,8745000,0.0,0.0
2023-04-14 00:00:00-04:00,97.44109614923309,97.79013947348234,95.91888230627157,96.85935974121094,7337300,0.0,0.0
2023-04-17 00:00:00-04:00,96.53940041481029,97.50896354337007,96.13218567613829,97.24718475341797,6705300,0.0,0.0
2023-04-18 00:00:00-04:00,97.54774942527375,98.07131441560992,96.56848856943131,97.8580093383789,8180100,0.0,0.0
2023-04-19 00:00:00-04:00,96.74301074689278,96.79149186367735,95.3662328374973,95.7443618774414,11523300,0.0,0.0
2023-04-20 00:00:00-04:00,94.77480020002753,95.57953940927422,94.42575686582848,95.0850601196289,7762700,0.0,0.0
2023-04-21 00:00:00-04:00,95.17233310279273,96.684849420509,94.74572290151661,96.53941345214844,9468000,0.0,0.0
2023-04-24 00:00:00-04:00,97.10174533721073,97.67378401198738,95.66678870342528,96.64604949951172,8540600,0.0,0.0
2023-04-25 00:00:00-04:00,96.35518276181283,96.67514037523401,95.02688598632812,95.02688598632812,6511400,0.0,0.0
2023-04-26 00:00:00-04:00,94.86206086352323,95.48258812298741,93.5240662974448,93.66950225830078,8634500,0.0,0.0
2023-04-27 00:00:00-04:00,94.17367071067262,97.02418887843487,93.76645594304377,96.8884506225586,8166500,0.0,0.0
2023-04-28 00:00:00-04:00,96.3454960391817,99.43839755906474,96.06432182879597,99.3802261352539,11329700,0.0,0.0
2023-05-01 00:00:00-04:00,99.29296950485558,99.48687918333188,98.51731599659026,99.09905242919922,6909500,0.0,0.0
2023-05-02 00:00:00-04:00,98.24583211851768,98.60456573650853,96.58788008121265,97.53804779052734,6955900,0.0,0.0
2023-05-03 00:00:00-04:00,97.98404791247299,99.45778801793485,97.57683317169261,97.7901382446289,7772100,0.0,0.0
2023-05-04 00:00:00-04:00,96.51032346426601,96.51032346426601,93.66950294385147,94.48393249511719,13260700,0.0,0.0
2023-05-05 00:00:00-04:00,95.58923761982028,97.78045264412198,95.12385140052294,97.46049499511719,9300100,0.0,0.0
2023-05-08 00:00:00-04:00,98.60457285509553,100.74731400127935,98.59488254922505,99.83592224121094,10810100,0.0,0.0
2023-05-09 00:00:00-04:00,99.77774589200125,99.84561501564467,98.98269701906449,99.06996154785156,6829900,0.0,0.0
2023-05-10 00:00:00-04:00,99.8650030150969,100.10739379911413,96.99509701999452,98.06161499023438,19525200,0.0,0.0
2023-05-11 00:00:00-04:00,91.91459145918968,92.21515367474082,89.08346138141596,89.50037384033203,57127200,0.0,0.0
2023-05-12 00:00:00-04:00,89.5294625235941,90.05302754034484,88.46294448081154,89.19011688232422,21837500,0.0,0.0
2023-05-15 00:00:00-04:00,88.7538073705271,90.04332807333773,87.93937051715955,90.03363037109375,16792000,0.0,0.0
2023-05-16 00:00:00-04:00,89.23859580783346,89.60702715255907,88.01694413210963,88.21086120605469,17013300,0.0,0.0
2023-05-17 00:00:00-04:00,88.24963742023623,90.21785688996765,88.08481345490078,89.94637298583984,12461600,0.0,0.0
2023-05-18 00:00:00-04:00,90.02393635971549,91.37162853688478,89.64580732567114,90.90624237060547,15014800,0.0,0.0
2023-05-19 00:00:00-04:00,90.16937606919055,90.16937606919055,88.54050962495667,88.56959533691406,16429000,0.0,0.0
2023-05-22 00:00:00-04:00,88.55019996426002,89.14163404881059,87.15402672896957,89.02528381347656,14150600,0.0,0.0
2023-05-23 00:00:00-04:00,88.3272060950527,89.22890016749616,87.0764686786195,87.08616638183594,14778700,0.0,0.0
2023-05-24 00:00:00-04:00,86.7177269145181,86.76620063170427,85.71907809489326,86.3589859008789,15350800,0.0,0.0
2023-05-25 00:00:00-04:00,86.83408397438154,86.83408397438154,85.11796024360713,85.45730590820312,13605800,0.0,0.0
2023-05-26 00:00:00-04:00,85.79664711153524,86.52381952522107,85.41851804819304,85.60273742675781,12892700,0.0,0.0
2023-05-30 00:00:00-04:00,86.26204049847405,86.26204049847405,84.36169748305313,85.14704132080078,14800700,0.0,0.0
2023-05-31 00:00:00-04:00,84.91434453585084,85.48638325774054,84.49743207523395,85.28277587890625,11440600,0.0,0.0
2023-06-01 00:00:00-04:00,85.70938848567839,86.34929635208722,84.45865106817453,85.89360046386719,11993200,0.0,0.0
2023-06-02 00:00:00-04:00,86.90193894108786,88.5598909725713,86.87285323131826,88.00724029541016,14350200,0.0,0.0
2023-06-05 00:00:00-04:00,88.42414952438725,88.96710987673474,86.71772383752146,88.23023986816406,18506700,0.0,0.0
2023-06-06 00:00:00-04:00,88.32720790736792,89.69429559890794,88.2496410744053,89.35494995117188,12109100,0.0,0.0
2023-06-07 00:00:00-04:00,89.95606798270401,90.2469398869292,89.06407165894382,89.7039794921875,11082400,0.0,0.0
2023-06-08 00:00:00-04:00,89.70398637856466,89.85912004530864,88.52112545695347,89.71368408203125,9030200,0.0,0.0
2023-06-09 00:00:00-04:00,89.95607766619769,90.09181593019996,88.76351900429474,89.13195037841797,9625400,0.0,0.0
2023-06-12 00:00:00-04:00,89.44220410047603,90.39237927955469,88.9768105154379,90.30511474609375,12341600,0.0,0.0
2023-06-13 00:00:00-04:00,91.25529359899582,91.56555353578523,90.59599030867079,90.9935073852539,12964400,0.0,0.0
2023-06-14 00:00:00-04:00,91.39103047236496,91.64311158162008,89.122248708807,89.63611602783203,15877400,0.0,0.0
2023-06-15 00:00:00-04:00,89.2579857056323,90.67354708807915,88.82168522508736,90.1112060546875,13354600,0.0,0.0
2023-06-16 00:00:00-04:00,90.05302056648324,90.14028509444054,88.09450630483911,88.5405044555664,22683400,0.0,0.0
2023-06-20 00:00:00-04:00,87.54186796754259,88.01695189554721,87.00860521363283,87.01830291748047,14939200,0.0,0.0
2023-06-21 00:00:00-04:00,86.82438366015307,86.94072650478716,85.42821034710528,85.94207763671875,17873000,0.0,0.0
2023-06-22 00:00:00-04:00,85.7481723961211,86.47534480138758,85.43791246576127,85.79664611816406,10915300,0.0,0.0
2023-06-23 00:00:00-04:00,85.34095123360662,85.70938999081473,84.94343416057403,85.41851806640625,13538000,0.0,0.0
2023-06-26 00:00:00-04:00,85.36034391282072,86.76620757578513,85.09855770978206,86.00025177001953,13132700,0.0,0.0
2023-06-27 00:00:00-04:00,86.19417030373826,86.93104040989213,85.79664583950387,86.34929656982422,10032700,0.0,0.0
2023-06-28 00:00:00-04:00,86.66924999780096,86.67894770057967,85.83542509114756,86.12629699707031,12118300,0.0,0.0
2023-06-29 00:00:00-04:00,85.12764595019846,86.40746898857722,84.6816403999513,86.24263763427734,13402600,0.0,0.0
2023-06-30 00:00:00-04:00,86.46564434395103,86.87285910260614,85.91299362943907,86.5625991821289,12837500,0.0,0.0
2023-07-03 00:00:00-04:00,86.40746609584457,88.18176094618451,86.20385873259832,87.7454605102539,7979500,0.0,0.0
2023-07-05 00:00:00-04:00,87.36734306695595,87.63881958724741,86.53351809910056,87.05708312988281,11028800,0.0,0.0
2023-07-06 00:00:00-04:00,85.971155234336,86.12628887544714,85.1082446978979,86.03902435302734,12084600,0.0,0.0
2023-07-07 00:00:00-04:00,85.62212001961532,86.99890532428405,85.39912463594676,85.94207763671875,9705100,0.0,0.0
2023-07-10 00:00:00-04:00,85.56395402861048,85.98086650843314,85.18582496518765,85.41851806640625,13642600,0.0,0.0
2023-07-11 00:00:00-04:00,85.51547499342179,86.86316730815176,85.46700126962561,86.7662124633789,13735500,0.0,0.0
2023-07-12 00:00:00-04:00,87.36733688625496,87.9490733024653,86.84377189251171,87.40612030029297,14912100,0.0,0.0
2023-07-13 00:00:00-04:00,87.79394408376184,88.04602517074085,86.3686851039283,87.71637725830078,15325500,0.0,0.0
2023-07-14 00:00:00-04:00,87.65821031842363,87.7357697506695,85.72877427165018,85.92269134521484,17770000,0.0,0.0
2023-07-17 00:00:00-04:00,85.72877717553688,85.79664630428844,82.70374469726126,82.95582580566406,34503400,0.0,0.0
2023-07-18 00:00:00-04:00,82.90734349031142,84.64286234242378,82.71342643027738,83.33394622802734,21885100,0.0,0.0
2023-07-19 00:00:00-04:00,83.57633313839331,85.21489708326763,83.56664283372456,84.3907699584961,17177000,0.0,0.0
2023-07-20 00:00:00-04:00,84.19686647716034,84.52652181850588,83.41152263603,83.58604431152344,15277500,0.0,0.0
2023-07-21 00:00:00-04:00,83.6732992729851,85.22459876808665,83.26607714531262,84.5265121459961,19901000,0.0,0.0
2023-07-24 00:00:00-04:00,84.8270830269343,85.28277891840551,83.91569864117213,83.96417236328125,13911900,0.0,0.0
2023-07-25 00:00:00-04:00,83.1206515020609,83.68299250313015,82.56800080645196,83.02368927001953,15335400,0.0,0.0
2023-07-26 00:00:00-04:00,83.06246948560276,83.6442058695561,82.84916441881133,83.24668884277344,14983700,0.0,0.0
2023-07-27 00:00:00-04:00,83.96418117699096,84.23565772027571,82.59710075625532,82.76192474365234,16691400,0.0,0.0
2023-07-28 00:00:00-04:00,83.24668984102438,83.94477646901126,82.84916541229535,83.50846862792969,13638300,0.0,0.0
2023-07-31 00:00:00-04:00,84.35199729808369,86.64016701196704,84.23564705261875,86.1844711303711,20837800,0.0,0.0
2023-08-01 00:00:00-04:00,86.40747021813351,86.99890432885583,85.76755499124846,86.32020568847656,13717500,0.0,0.0
2023-08-02 00:00:00-04:00,85.57363675530281,85.64150587282927,83.63451065777069,83.67329406738281,15162700,0.0,0.0
2023-08-03 00:00:00-04:00,83.20791233866355,83.82843218601886,82.84917129680684,82.88795471191406,14145400,0.0,0.0
2023-08-04 00:00:00-04:00,83.3242507780527,84.45863776978604,82.84915955818843,83.67329406738281,11533900,0.0,0.0
2023-08-07 00:00:00-04:00,84.02234797224374,84.57499868397609,83.37273502564118,84.18717193603516,10818400,0.0,0.0
2023-08-08 00:00:00-04:00,83.86720849249548,85.6415107480644,83.4793817714758,85.44759368896484,16767900,0.0,0.0
2023-08-09 00:00:00-04:00,86.48503190795894,86.83407524134834,84.39077930480244,84.82707977294922,32517900,0.0,0.0
2023-08-10 00:00:00-04:00,87.23159837181431,89.71367768529873,85.07916698088586,88.96711730957031,56716800,0.0,0.0
2023-08-11 00:00:00-04:00,88.5405069414534,88.56959265252925,86.15538246989622,86.31050872802734,21998900,0.0,0.0
2023-08-14 00:00:00-04:00,86.28142474329867,86.58199435718258,85.31186156974536,86.10690307617188,13676400,0.0,0.0
2023-08-15 00:00:00-04:00,85.31186559866404,85.54456609727588,84.24534753682426,84.41017150878906,13677900,0.0,0.0
2023-08-16 00:00:00-04:00,83.9059905942077,84.41016014563557,83.45999246101168,83.72177124023438,12182700,0.0,0.0
2023-08-17 00:00:00-04:00,84.27442611331115,84.3132095264622,83.1885201338008,83.30486297607422,14206000,0.0,0.0
2023-08-18 00:00:00-04:00,82.77161208715104,84.08052091253667,82.77161208715104,83.3436508178711,12364400,0.0,0.0
2023-08-21 00:00:00-04:00,83.1982212605195,83.62483146348902,82.8104018729261,83.2660903930664,11215000,0.0,0.0
2023-08-22 00:00:00-04:00,83.10125854936753,83.46968989158717,82.77161062167312,83.17882537841797,9835300,0.0,0.0
2023-08-23 00:00:00-04:00,83.19821018571403,83.70238715796174,83.03338622820907,83.21760559082031,7576000,0.0,0.0
2023-08-24 00:00:00-04:00,82.90734998288225,83.33395275400594,79.95017931110415,79.95987701416016,27531000,0.0,0.0
2023-08-25 00:00:00-04:00,80.54161022389093,81.10395862376531,79.95017611319197,80.82278442382812,16050900,0.0,0.0
2023-08-28 00:00:00-04:00,81.27847684834441,82.11230171022254,80.98760495804109,81.59843444824219,12166400,0.0,0.0
2023-08-29 00:00:00-04:00,81.23970444501143,81.97657457569905,81.18153301793993,81.83113861083984,11210700,0.0,0.0
2023-08-30 00:00:00-04:00,81.83113295812998,82.10260946195127,81.27848224758525,81.71478271484375,11816600,0.0,0.0
2023-08-31 00:00:00-04:00,81.88930712498049,82.0347430846663,81.09426559550224,81.13304901123047,10448000,0.0,0.0
2023-09-01 00:00:00-04:00,79.61083965229356,79.72718990615988,78.07892793036663,79.15514373779297,27701900,0.0,0.0
2023-09-05 00:00:00-04:00,78.9418446057557,79.8823222200299,78.70915147761174,78.7188491821289,12741700,0.0,0.0
2023-09-06 00:00:00-04:00,78.33100890323618,79.5914365780641,78.07892040939863,78.51522827148438,15518500,0.0,0.0
2023-09-07 00:00:00-04:00,78.36009709749611,78.38918280978744,77.32266477508438,78.11770629882812,14768000,0.0,0.0
2023-09-08 00:00:00-04:00,78.08862296367616,79.18422674402244,77.72988190774205,79.09696960449219,16220900,0.0,0.0
2023-09-11 00:00:00-04:00,79.44601313756212,81.29787505343481,78.69944531082018,80.00835418701172,26579100,0.0,0.0
2023-09-12 00:00:00-04:00,80.50283145071205,82.09291450966856,80.0568332656077,81.13304901123047,16594600,0.0,0.0
2023-09-13 00:00:00-04:00,80.8130923678706,81.49179105564625,80.5900969711808,80.93914031982422,9772700,0.0,0.0
2023-09-14 00:00:00-04:00,81.44330546394855,82.16078013134916,80.51252571773642,81.90869903564453,22371900,0.0,0.0
2023-09-15 00:00:00-04:00,82.62618398305347,83.56666154908913,82.03474978992138,82.97522735595703,21631200,0.0,0.0
2023-09-18 00:00:00-04:00,82.64557133901133,83.30487466069573,82.39349021394136,82.43226623535156,11894200,0.0,0.0
2023-09-19 00:00:00-04:00,81.36573766698805,82.2092602693771,79.2230039959329,79.44600677490234,21478900,0.0,0.0
2023-09-20 00:00:00-04:00,79.53326709354607,80.66765424769014,79.15513804216472,80.04713439941406,12715200,0.0,0.0
2023-09-21 00:00:00-04:00,79.56234692931157,81.12334413779588,79.42660868485028,80.21195983886719,14378000,0.0,0.0
2023-09-22 00:00:00-04:00,80.38649426485198,80.81309707356115,78.72853456366377,78.77701568603516,11495300,0.0,0.0
2023-09-25 00:00:00-04:00,79.07756680860489,79.28117417899749,78.10800367501363,78.5443115234375,11034400,0.0,0.0
2023-09-26 00:00:00-04:00,78.0498258058232,78.28251886745029,77.36143692550786,77.613525390625,14867900,0.0,0.0
2023-09-27 00:00:00-04:00,77.68140658995544,78.1080093697564,76.80879822666675,77.46810150146484,14662500,0.0,0.0
2023-09-28 00:00:00-04:00,77.8365293984418,78.45704922984221,77.22570726986385,77.69109344482422,12229800,0.0,0.0
2023-09-29 00:00:00-04:00,78.20497031359754,78.85457587439107,77.96257951653905,78.58309936523438,11261400,0.0,0.0
2023-10-02 00:00:00-04:00,78.45704701001783,79.28117419429346,78.33100646561132,79.18421936035156,9128100,0.0,0.0
2023-10-03 00:00:00-04:00,78.77701665546493,79.39753656411506,77.04149749317823,77.11906433105469,12586200,0.0,0.0
2023-10-04 00:00:00-04:00,77.18692830999392,77.36144998497018,76.33371534187678,76.90575408935547,12010500,0.0,0.0
2023-10-05 00:00:00-04:00,76.6924505840598,78.47645078706435,76.47914548832422,78.35040283203125,15466600,0.0,0.0
2023-10-06 00:00:00-04:00,78.58309928793203,80.98761184996607,78.04013887297266,80.41557312011719,15391100,0.0,0.0
2023-10-09 00:00:00-04:00,81.7341746849292,82.296515677558,80.59978020281778,82.12199401855469,13604400,0.0,0.0
2023-10-10 00:00:00-04:00,82.20925805894699,82.69403962028255,81.37543318167543,82.40316772460938,9450600,0.0,0.0
2023-10-11 00:00:00-04:00,82.77160247915972,83.1109480763979,81.69538687279062,82.26742553710938,9499200,0.0,0.0
2023-10-12 00:00:00-04:00,82.24803972294626,82.48073279623006,80.9682167241162,81.78264617919922,9554900,0.0,0.0
2023-10-13 00:00:00-04:00,81.38512915388854,82.00564894743162,80.84216878665376,81.78264617919922,10808000,0.0,0.0
2023-10-16 00:00:00-04:00,81.74387492934245,83.31457005135049,81.74387492934245,83.10126495361328,10275100,0.0,0.0
2023-10-17 00:00:00-04:00,82.7522276403175,83.66361952554746,82.71344421996929,83.57635498046875,9985700,0.0,0.0
2023-10-18 00:00:00-04:00,83.08186857843916,83.6345192773059,82.02504089983235,82.10260772705078,10047000,0.0,0.0
2023-10-19 00:00:00-04:00,82.66495714163725,82.67464744727346,80.6385662895068,80.71613311767578,14316800,0.0,0.0
2023-10-20 00:00:00-04:00,80.37679021241286,80.90035522451123,80.09561599866483,80.1343994140625,10437000,0.0,0.0
2023-10-23 00:00:00-04:00,79.58175037565987,81.47239568397411,78.44736319067131,80.5707015991211,10772500,0.0,0.0
2023-10-24 00:00:00-04:00,80.87126902660016,81.63721743526901,79.25209288148659,80.04713439941406,11499500,0.0,0.0
2023-10-25 00:00:00-04:00,79.63022076496604,80.03744291963348,78.06922346408412,78.13709259033203,9372500,0.0,0.0
2023-10-26 00:00:00-04:00,77.64261750438456,78.1564847815801,77.00270228564166,77.35174560546875,11651000,0.0,0.0
2023-10-27 00:00:00-04:00,77.32266582175588,78.56370554418632,76.8184962084611,76.91545104980469,10300600,0.0,0.0
2023-10-30 00:00:00-04:00,77.29357784047636,78.46674839981529,77.10935846930428,78.22435760498047,10291200,0.0,0.0
2023-10-31 00:00:00-04:00,78.2340504170432,79.18421813097346,77.88500710252772,79.10665130615234,8672200,0.0,0.0
2023-11-01 00:00:00-04:00,79.04849149860348,79.0969726205336,77.7395825754773,78.60249328613281,9093000,0.0,0.0
2023-11-02 00:00:00-04:00,79.35875506208941,80.7646262931312,79.32966934647837,80.75492858886719,11518500,0.0,0.0
2023-11-03 00:00:00-04:00,81.60812747596574,83.31456066850514,81.59843717056393,82.4807357788086,11331800,0.0,0.0
2023-11-06 00:00:00-05:00,82.49043422544037,83.18852087401127,81.04577981213343,81.46269226074219,14160900,0.0,0.0
2023-11-07 00:00:00-05:00,81.5984528434465,82.10262251682673,81.39483803602445,82.0153579711914,10540200,0.0,0.0
2023-11-08 00:00:00-05:00,81.57904960187676,82.33530773792675,81.39483022103059,81.92809295654297,26942600,0.0,0.0
2023-11-09 00:00:00-05:00,85.16642413934451,88.43385464061785,84.93373105293195,87.59033203125,51062700,0.0,0.0
2023-11-10 00:00:00-05:00,87.38673171488487,87.41582482556888,84.2938300250585,85.58334350585938,25175700,0.0,0.0
2023-11-13 00:00:00-05:00,85.72876913812286,87.16372580785472,84.74951571468499,86.71772766113281,12834400,0.0,0.0
2023-11-14 00:00:00-05:00,87.28977199548092,88.75381446989398,87.25098858058216,88.2981185913086,13152000,0.0,0.0
2023-11-15 00:00:00-05:00,90.1596760736081,91.6915876399713,89.91728528388657,91.0710678100586,20593100,0.0,0.0
2023-11-16 00:00:00-05:00,91.03228340720364,91.73037005756744,90.7801949174212,91.63341522216797,12923900,0.0,0.0
2023-11-17 00:00:00-05:00,91.86610682254239,92.47692893315352,91.06136764708513,91.28437042236328,12189300,0.0,0.0
2023-11-20 00:00:00-05:00,91.11955159267036,92.68054151873987,91.01289905029827,92.13758850097656,14105300,0.0,0.0
2023-11-21 00:00:00-05:00,91.84672499792856,92.06972039103948,91.10015719307506,91.57524108886719,7654800,0.0,0.0
2023-11-22 00:00:00-05:00,92.02124245534227,92.79688853988506,91.87580650287181,92.1763687133789,7328200,0.0,0.0
2023-11-24 00:00:00-05:00,92.01154863903922,93.57254597398499,92.01154863903922,93.13623809814453,5440500,0.0,0.0
2023-11-27 00:00:00-05:00,92.8259737577899,92.8259737577899,91.64310553317803,92.27332305908203,11049500,0.0,0.0
2023-11-28 00:00:00-05:00,92.10849328943202,92.24423152987367,89.63610445805448,89.68458557128906,18660300,0.0,0.0
2023-11-29 00:00:00-05:00,89.78154040057892,90.40206018464917,88.65685106589383,89.68458557128906,13857000,0.0,0.0
2023-11-30 00:00:00-05:00,90.70262977851807,91.00319196849274,89.39371369288021,89.86880493164062,13396700,0.0,0.0
2023-12-01 00:00:00-05:00,89.91728751762473,90.01424235648594,88.97681004659296,89.76216125488281,11898200,0.0,0.0
2023-12-04 00:00:00-05:00,89.10285826100241,89.59733755700717,88.82168404943815,89.20951080322266,12602800,0.0,0.0
2023-12-05 00:00:00-05:00,88.8216910543255,88.98651503359918,87.19282447771471,88.02664947509766,12357000,0.0,0.0
2023-12-06 00:00:00-05:00,88.33689782458048,89.7330711061247,87.86181395962488,88.71502685546875,10462000,0.0,0.0
2023-12-07 00:00:00-05:00,89.00591393461784,90.5475160315901,88.86047796012325,89.53916931152344,10264700,0.0,0.0
2023-12-08 00:00:00-05:00,89.54888299464426,90.98851639630033,89.54888299464426,90.28815460205078,9498200,0.3,0.0
2023-12-11 00:00:00-05:00,90.20061569641473,90.54106729477184,89.46134406763339,89.68506622314453,10811000,0.0,0.0
2023-12-12 00:00:00-05:00,89.60725393911757,89.68506614632665,88.38162076479351,88.58589172363281,13218400,0.0,0.0
2023-12-13 00:00:00-05:00,88.68316575555879,90.33679952512837,88.3038043295262,90.29788970947266,10173200,0.0,0.0
2023-12-14 00:00:00-05:00,90.66751056328286,92.24332450578876,90.66751056328286,91.37760162353516,12439300,0.0,0.0
2023-12-15 00:00:00-05:00,90.51188533428717,91.3873301670492,90.39515589331778,90.91069793701172,17551600,0.0,0.0
2023-12-18 00:00:00-05:00,90.17141764511314,91.15386993687906,90.17141764511314,90.32705688476562,9083600,0.0,0.0
2023-12-19 00:00:00-05:00,90.113060551187,91.42623515226626,90.08388004780778,91.36787414550781,8804000,0.0,0.0
2023-12-20 00:00:00-05:00,90.69670713426376,91.69861082125254,88.76099008596631,88.78044128417969,13060600,0.0,0.0
2023-12-21 00:00:00-05:00,89.42243772847655,89.5683476823823,88.57616593285408,89.50997924804688,13037200,0.0,0.0
2023-12-22 00:00:00-05:00,89.12089413736176,89.72397771679998,88.27462235878725,88.5372543334961,9419800,0.0,0.0
2023-12-26 00:00:00-05:00,88.362161853798,88.7804330789728,88.12871039036895,88.46916198730469,8086900,0.0,0.0
2023-12-27 00:00:00-05:00,88.43026047478516,88.45944098034325,87.58398870715907,87.91471099853516,11123500,0.0,0.0
2023-12-28 00:00:00-05:00,87.63262436327233,88.49835478785738,87.51590233577352,87.93417358398438,8479600,0.0,0.0
2023-12-29 00:00:00-05:00,87.661810176524,88.12871311783209,87.40890008756386,87.8271713256836,9211000,0.0,0.0
2024-01-02 00:00:00-05:00,87.6423484685286,88.98471107536552,87.2824456767265,88.23571014404297,10587600,0.0,0.0
2024-01-03 00:00:00-05:00,87.76880522235426,89.56834140428779,87.54507565254214,89.15007019042969,11929800,0.0,0.0
2024-01-04 00:00:00-05:00,89.43216054658811,89.43216054658811,87.5450754346295,88.08979797363281,12087400,0.0,0.0
2024-01-05 00:00:00-05:00,87.94389239212165,88.82906648720767,87.89525327227932,88.42052459716797,9092100,0.0,0.0
2024-01-08 00:00:00-05:00,89.05279541015625,89.43215679408557,88.51779478087764,89.05279541015625,11103700,0.0,0.0
2024-01-09 00:00:00-05:00,88.56644564136121,88.61507734601406,87.15599262323242,87.22408294677734,11255100,0.0,0.0
2024-01-10 00:00:00-05:00,87.36998079158086,87.36998079158086,86.4556187839128,86.85443878173828,15091600,0.0,0.0
2024-01-11 00:00:00-05:00,86.95171741891849,87.33107883466752,86.27081421662237,87.01007843017578,9642200,0.0,0.0
2024-01-12 00:00:00-05:00,87.2046178084599,88.35243123707447,87.2046178084599,87.8855209350586,11919400,0.0,0.0
2024-01-16 00:00:00-05:00,87.82716878724415,90.5507889895906,87.01980684051028,90.51188659667969,16780900,0.0,0.0
2024-01-17 00:00:00-05:00,90.054698350094,91.20251180260982,87.64234201180582,87.87579345703125,15735200,0.0,0.0
2024-01-18 00:00:00-05:00,88.18707739028379,89.98661359168601,87.94389662195137,89.69479370117188,12203200,0.0,0.0
2024-01-19 00:00:00-05:00,89.8017934520622,91.0274265972199,89.13061215949925,90.5216064453125,19790100,0.0,0.0
2024-01-22 00:00:00-05:00,90.33678668533797,92.63241353372248,90.33678668533797,92.48650360107422,15119400,0.0,0.0
2024-01-23 00:00:00-05:00,92.82696604007964,93.27441777702043,90.63833905776524,91.21224212646484,11559400,0.0,0.0
2024-01-24 00:00:00-05:00,91.84451130032414,92.65187323667148,90.71615638821771,90.9496078491211,10454900,0.0,0.0
2024-01-25 00:00:00-05:00,91.35814469586563,92.3503263369498,91.19278356278085,92.27250671386719,8661600,0.0,0.0
2024-01-26 00:00:00-05:00,92.40869208528729,92.92423412740963,92.11687219439744,92.75887298583984,7812800,0.0,0.0
2024-01-29 00:00:00-05:00,92.8172358912438,94.84050170880755,92.40869397268428,94.83077239990234,13422200,0.0,0.0
2024-01-30 00:00:00-05:00,93.88722703939979,94.87940872237105,93.3911436192022,94.2957763671875,9139600,0.0,0.0
2024-01-31 00:00:00-05:00,93.7899564967082,94.90858950989643,93.19659483113762,93.4300537109375,9592300,0.0,0.0
2024-02-01 00:00:00-05:00,93.74132460460929,95.25877021376925,93.28414357587826,94.4124984741211,8484800,0.0,0.0
2024-02-02 00:00:00-05:00,93.65378524279662,94.75296717009209,93.20633347695437,94.48059844970703,9321300,0.0,0.0
2024-02-05 00:00:00-05:00,94.06232646834047,94.71405662478355,93.8580554955886,94.0136947631836,11679300,0.0,0.0
2024-02-06 00:00:00-05:00,94.27631636487044,96.61085317259429,94.14986503984633,96.58167266845703,16455500,0.0,0.0
2024-02-07 00:00:00-05:00,94.73351018679918,96.57195640873576,94.00396779964058,96.43577575683594,28886300,0.0,0.0
2024-02-08 00:00:00-05:00,104.15918980482337,109.69397911635014,103.88682852821529,107.52481079101562,60558400,0.0,0.0
2024-02-09 00:00:00-05:00,106.61045819820343,107.14545891147586,104.75256079820885,105.43346405029297,21509100,0.0,0.0
2024-02-12 00:00:00-05:00,104.93737097787775,108.0306308984366,104.88873927304552,106.30891418457031,13424000,0.0,0.0
2024-02-13 00:00:00-05:00,105.32645434685078,107.63181072756687,105.25836402782312,107.44699096679688,14594500,0.0,0.0
2024-02-14 00:00:00-05:00,107.56371858202652,108.63371247198675,106.67853702840986,108.51698303222656,11405500,0.0,0.0
2024-02-15 00:00:00-05:00,108.05007230263394,109.83987905514051,108.05007230263394,109.38269805908203,9961900,0.0,0.0
2024-02-16 00:00:00-05:00,108.96443485193657,109.48970619940368,108.12789984073493,108.55589294433594,8782200,0.0,0.0
2024-02-20 00:00:00-05:00,107.82635444121074,108.09871572253832,106.36726978728018,106.45481872558594,9770900,0.0,0.0
2024-02-21 00:00:00-05:00,105.52099632387164,106.24080927968039,104.31481443747163,104.73308563232422,10427500,0.0,0.0
2024-02-22 00:00:00-05:00,105.04437007262263,105.53073164383562,104.4801962901949,104.70391845703125,9266200,0.0,0.0
2024-02-23 00:00:00-05:00,104.6358244606121,105.05409569402318,102.94328833016914,104.80118560791016,11724000,0.0,0.0
2024-02-26 00:00:00-05:00,104.58718148593361,105.79336343911606,104.45100084949173,104.7428207397461,8694200,0.0,0.0
2024-02-27 00:00:00-05:00,104.84009090500734,106.59099539297279,104.84009090500734,106.43535614013672,7595000,0.0,0.0
2024-02-28 00:00:00-05:00,105.81280537067815,108.01116139992811,105.69608336182657,107.7777099609375,10773000,0.0,0.0
2024-02-29 00:00:00-05:00,108.10842987891058,109.67451444832805,107.94306875575154,108.53643035888672,11658300,0.0,0.0
2024-03-01 00:00:00-05:00,108.4002712075593,109.09090375985507,108.00145115017355,108.89635467529297,7242400,0.0,0.0
2024-03-04 00:00:00-05:00,109.59670837156193,111.01688318725479,108.75044403595673,110.5888900756836,11558900,0.0,0.0
2024-03-05 00:00:00-05:00,110.51107278688932,112.0479770771547,109.20761996435779,109.791259765625,14929600,0.0,0.0
2024-03-06 00:00:00-05:00,109.99552732342976,110.20952758776644,106.26999615757452,107.05789947509766,14743900,0.0,0.0
2024-03-07 00:00:00-05:00,107.68043428206943,108.05007377564311,106.22134976647885,107.17462158203125,8609300,0.0,0.0
2024-03-08 00:00:00-05:00,107.17462564150381,108.27380001321879,106.35753442275441,107.31080627441406,10009200,0.0,0.0
2024-03-11 00:00:00-04:00,107.08707468462563,109.83016075043803,107.02871367770632,109.24652099609375,8794300,0.0,0.0
2024-03-12 00:00:00-04:00,109.45080180807874,109.86907304504388,108.59480813718451,109.39244079589844,8085000,0.0,0.0
2024-03-13 00:00:00-04:00,109.66480217822414,111.01688671771333,109.37298969577584,109.43135070800781,7267900,0.0,0.0
2024-03-14 00:00:00-04:00,108.69207059832158,109.28543224744372,106.52290237131716,109.00334167480469,10520500,0.0,0.0
2024-03-15 00:00:00-04:00,108.55590305392023,109.8788071437875,108.36136139064688,108.89635467529297,15364200,0.0,0.0
2024-03-18 00:00:00-04:00,109.22707645211925,111.30870326692762,109.22707645211925,110.74452209472656,11820800,0.0,0.0
2024-03-19 00:00:00-04:00,110.31652649720651,112.02851375034838,110.15115793577772,111.38652038574219,10999700,0.0,0.0
2024-03-20 00:00:00-04:00,111.48380405850692,113.33197958153205,111.24062326393226,113.28334045410156,11699600,0.0,0.0
2024-03-21 00:00:00-04:00,113.79887526216159,114.15878548674314,112.69970081275234,113.51678466796875,10353500,0.0,0.0
2024-03-22 00:00:00-04:00,113.73078166952493,114.45060209798302,112.68023895336029,112.70942687988281,7144800,0.0,0.0
2024-03-25 00:00:00-04:00,113.77941763652379,116.1528642802583,113.682146814678,116.1042251586914,12103600,0.0,0.0
2024-03-26 00:00:00-04:00,116.36685626278481,117.11585717018583,114.96614011168805,116.65867614746094,11870000,0.0,0.0
2024-03-27 00:00:00-04:00,117.66058746326135,118.70140090267455,116.74622535752488,117.68004608154297,10782800,0.0,0.0
2024-03-28 00:00:00-04:00,117.94266910026643,120.36474740217933,117.89402997954498,119.02239227294922,15367400,0.0,0.0
2024-04-01 00:00:00-04:00,118.73056886614323,119.06129855039653,117.48548459403408,118.21502685546875,8419700,0.0,0.0
2024-04-02 00:00:00-04:00,116.94077010390349,120.16048113046881,116.88240909379647,119.4698486328125,15517100,0.0,0.0
2024-04-03 00:00:00-04:00,118.9348565209471,120.31612903686516,115.1509640536478,115.73460388183594,22480400,0.0,0.0
2024-04-04 00:00:00-04:00,115.96803817912178,116.91158068410843,113.76968210349914,113.89613342285156,13815400,0.0,0.0
2024-04-05 00:00:00-04:00,113.41950931029182,115.61786554258939,113.12769683992263,115.15095520019531,9653900,0.0,0.0
2024-04-08 00:00:00-04:00,114.80077051063236,115.28713203315395,113.63350582509567,114.1490478515625,6266000,0.0,0.0
2024-04-09 00:00:00-04:00,114.17823337896796,115.27741521785134,113.70160114388717,114.75214385986328,7451100,0.0,0.0
2024-04-10 00:00:00-04:00,113.41950537783548,114.35331860895855,113.19578323377142,113.99341583251953,6746300,0.0,0.0
2024-04-11 00:00:00-04:00,114.38250667071094,115.05368798982734,113.19579071321486,113.95451354980469,6559400,0.0,0.0
2024-04-12 00:00:00-04:00,113.21523224067822,113.51677400349531,110.6277928542847,110.90015411376953,12155200,0.0,0.0
2024-04-15 00:00:00-04:00,111.74642009393692,112.39815017050977,109.69397388711224,109.86906433105469,9637100,0.0,0.0
2024-04-16 00:00:00-04:00,109.74262041229227,111.37679552558912,109.45080051226883,110.7737045288086,9291400,0.0,0.0
2024-04-17 00:00:00-04:00,110.89043624949943,111.09470721519389,109.81071298705123,109.8593521118164,7379000,0.0,0.0
2024-04-18 00:00:00-04:00,110.09280068636255,111.13361410586353,109.12980689592236,109.3632583618164,8235600,0.0,0.0
2024-04-19 00:00:00-04:00,108.67262239965663,109.64534546815155,108.05008022952295,109.53834533691406,9436000,0.0,0.0
2024-04-22 00:00:00-04:00,110.01497247844897,110.54024380171667,108.70179788092354,108.93524932861328,6901700,0.0,0.0
2024-04-23 00:00:00-04:00,109.75234378786062,111.12387943273063,109.72316328369351,110.60833740234375,6839300,0.0,0.0
2024-04-24 00:00:00-04:00,110.05388402857965,111.06551687960064,110.05388402857965,110.81260681152344,6157200,0.0,0.0
2024-04-25 00:00:00-04:00,108.18626104999038,109.81070679603927,107.378899120653,109.69397735595703,8045900,0.0,0.0
2024-04-26 00:00:00-04:00,108.79908159086531,109.93716588215564,108.28353951470586,109.65508270263672,6304800,0.0,0.0
2024-04-29 00:00:00-04:00,109.9566175236963,110.77370134622532,107.33026076280697,109.0228042602539,7151200,0.0,0.0
2024-04-30 00:00:00-04:00,108.94498657096068,108.98389638529062,107.7777218262157,108.06953430175781,8156600,0.0,0.0
2024-05-01 00:00:00-04:00,108.25435690455518,108.93526011997187,107.20381415395076,107.4664535522461,6338400,0.0,0.0
2024-05-02 00:00:00-04:00,108.39053000796358,109.79125357800143,107.54425828085105,109.5480728149414,6799800,0.0,0.0
2024-05-03 00:00:00-04:00,110.44297820159784,110.99743005436139,109.7231652081284,110.55970764160156,7411100,0.0,0.0
2024-05-06 00:00:00-04:00,111.66862203174352,113.7502490059438,111.03635049181418,113.2930679321289,16303200,0.0,0.0
2024-05-07 00:00:00-04:00,104.3245549085479,104.93736780417902,101.36747572501439,102.51528930664062,55084600,0.0,0.0
2024-05-08 00:00:00-04:00,102.03865532885304,103.57555961782174,101.59120359053716,102.56392669677734,15238100,0.0,0.0
2024-05-09 00:00:00-04:00,101.76629470670596,103.2351012633297,101.54256512545244,102.91410827636719,15096000,0.0,0.0
2024-05-10 00:00:00-04:00,104.00353984164065,104.10081065594541,102.544455363207,102.90436553955078,15884600,0.0,0.0
2024-05-13 00:00:00-04:00,102.7098242036445,103.73118638377211,102.7098242036445,102.94328308105469,9666400,0.0,0.0
2024-05-14 00:00:00-04:00,102.42774006544178,103.09891392301994,102.08728106113772,102.47637176513672,11278400,0.0,0.0
2024-05-15 00:00:00-04:00,102.7390100678782,102.99191271473289,98.62438834685933,99.96674346923828,20745600,0.0,0.0
2024-05-16 00:00:00-04:00,100.22938413332835,101.19237787650852,100.03483507022412,100.55038452148438,9476700,0.0,0.0
2024-05-17 00:00:00-04:00,100.80328687202393,100.98810662610173,100.2293838354698,100.43365478515625,7356000,0.0,0.0
2024-05-20 00:00:00-04:00,100.5114795421659,100.84220183341465,99.72356878595933,100.09320831298828,7667400,0.0,0.0
2024-05-21 00:00:00-04:00,100.18075195298653,100.87138447695733,99.91811997620998,100.20021057128906,7333300,0.0,0.0
2024-05-22 00:00:00-04:00,100.17102040025263,100.99783348741335,99.9472908390905,100.20992279052734,7190300,0.0,0.0
2024-05-23 00:00:00-04:00,100.17103164495518,100.20021215158074,97.53494542002156,97.91431427001953,10504000,0.0,0.0
2024-05-24 00:00:00-04:00,98.09911717674173,99.30529166932789,97.94348534928925,98.98429870605469,6451600,0.0,0.0
2024-05-28 00:00:00-04:00,98.59520927447022,100.05429385439476,98.19638926040597,99.645751953125,7813100,0.0,0.0
2024-05-29 00:00:00-04:00,98.98431230028348,99.29558341922538,98.02131101434445,98.12831115722656,7376300,0.0,0.0
2024-05-30 00:00:00-04:00,98.38121129026834,99.28584404759141,98.21585014849558,98.92593383789062,7300600,0.0,0.0
2024-05-31 00:00:00-04:00,98.75083821915449,101.24101420929026,98.64384551400381,101.07565307617188,14735800,0.0,0.0
2024-06-03 00:00:00-04:00,101.32855720832164,101.37719632879484,99.6846603186148,99.96674346923828,6908600,0.0,0.0
2024-06-04 00:00:00-04:00,99.32475883943707,100.66711407962427,98.85784847429584,100.51148223876953,7269100,0.0,0.0
2024-06-05 00:00:00-04:00,100.19048425834167,100.2683038913021,98.27421846910119,98.73139953613281,10796900,0.0,0.0
2024-06-06 00:00:00-04:00,98.29367083860254,99.1496644828782,98.0602119545643,98.44930267333984,10294700,0.0,0.0
2024-06-07 00:00:00-04:00,98.10884983171408,99.48038550690558,97.80730805360358,98.77030181884766,6047800,0.0,0.0
2024-06-10 00:00:00-04:00,98.48821333150953,100.04456879866339,97.89485165008082,99.93756866455078,7621900,0.0,0.0
2024-06-11 00:00:00-04:00,99.84030033435711,100.07375180494209,97.99212492411235,98.11858367919922,9134200,0.0,0.0
2024-06-12 00:00:00-04:00,98.43957463551882,98.9162142972849,97.51549066012275,98.05049133300781,9041800,0.0,0.0
2024-06-13 00:00:00-04:00,97.8656681722281,98.31311989161412,96.8929451071399,97.35984802246094,10164600,0.0,0.0
2024-06-14 00:00:00-04:00,97.08749428022057,97.6419461734639,96.54277169634322,97.24313354492188,7087600,0.0,0.0
2024-06-17 00:00:00-04:00,98.22558291412165,99.13993759105443,97.87540200081517,98.75084686279297,10389000,0.0,0.0
2024-06-18 00:00:00-04:00,98.36176741150382,98.98430963260984,97.86567652799198,98.73139953613281,7044700,0.0,0.0
2024-06-20 00:00:00-04:00,97.82675590457889,99.15938914197743,97.64193615203713,99.0621109008789,7886900,0.0,0.0
2024-06-21 00:00:00-04:00,99.02321881324731,99.74303186028749,98.81894042271574,99.48039245605469,14137300,0.0,0.0
2024-06-24 00:00:00-04:00,99.46092753998118,100.26828941750277,99.13020527957241,99.19829559326172,7393600,0.0,0.0
2024-06-25 00:00:00-04:00,99.85975161302727,100.85192585605554,98.99402127321545,99.41229248046875,10296100,0.0,0.0
2024-06-26 00:00:00-04:00,99.12048387732796,99.57766491482968,98.66330283982623,99.3928451538086,10122300,0.0,0.0
2024-06-27 00:00:00-04:00,99.2566663440253,99.4901178108395,99.0329367649158,99.38311767578125,8365200,0.0,0.0
2024-06-28 00:00:00-04:00,99.23720244297867,99.78193239826327,95.69649112942453,96.58167266845703,21439400,0.0,0.0
2024-07-01 00:00:00-04:00,96.68868784089435,97.01941016762183,95.2101444167422,95.36578369140625,15299000,0.0,0.0
2024-07-02 00:00:00-04:00,95.26849934201293,95.31713104248047,94.3054981645266,95.31713104248047,13340300,0.0,0.0
2024-07-03 00:00:00-04:00,95.17122609563096,96.37740810265173,95.16150420779981,95.92022705078125,5030000,0.0,0.0
2024-07-05 00:00:00-04:00,95.62840212636719,95.62840212636719,94.91831844497936,95.31713104248047,8550800,0.0,0.0
2024-07-08 00:00:00-04:00,95.46371573194293,96.05004066122575,94.68194418921519,95.15100860595703,8167600,0.45,0.0
2024-07-09 00:00:00-04:00,95.24873698456226,95.30736724624936,93.95881903875937,94.83831024169922,9044400,0.0,0.0
2024-07-10 00:00:00-04:00,94.74056818933182,95.06304948857655,94.05652372626012,94.76011657714844,7761100,0.0,0.0
2024-07-11 00:00:00-04:00,94.7992119057726,95.35622170544238,94.10539320481732,94.39855194091797,7422600,0.0,0.0
2024-07-12 00:00:00-04:00,94.8871658873528,95.60053304199948,94.76990536449833,94.9164810180664,6465700,0.0,0.0
2024-07-15 00:00:00-04:00,95.11192296642835,95.26827280771288,94.39855584690007,94.66240692138672,7417700,0.0,0.0
2024-07-16 00:00:00-04:00,94.80897692978569,96.4702395597428,94.339919978299,96.22593688964844,10755500,0.0,0.0
2024-07-17 00:00:00-04:00,96.05982072976173,96.362753679718,94.33015350875476,95.09237670898438,9456100,0.0,0.0
2024-07-18 00:00:00-04:00,95.14123833977143,95.82528287625782,94.47673473767338,94.584228515625,7529400,0.0,0.0
2024-07-19 00:00:00-04:00,94.61354831621982,94.61354831621982,93.26500011105502,93.55815887451172,9301000,0.0,0.0
2024-07-22 00:00:00-04:00,92.94251786713698,92.99138138833968,91.3594337198047,91.98484802246094,13377000,0.0,0.0
2024-07-23 00:00:00-04:00,88.63301013860276,89.60045412829722,87.7828415759046,88.86754608154297,22534700,0.0,0.0
2024-07-24 00:00:00-04:00,88.16395148933456,88.68187197298684,87.53853723109113,87.75352478027344,11768500,0.0,0.0
2024-07-25 00:00:00-04:00,88.02713978113714,88.43756647711912,87.17696380615234,87.17696380615234,10765300,0.0,0.0
2024-07-26 00:00:00-04:00,87.94896628194485,88.48643516921169,87.30400361722467,87.88056182861328,11301900,0.0,0.0
2024-07-29 00:00:00-04:00,88.33008044124166,90.44085927203948,88.13464127047585,90.04019927978516,13024800,0.0,0.0
2024-07-30 00:00:00-04:00,89.58090608258351,91.89689820320899,89.58090608258351,91.65259552001953,9896100,0.0,0.0
2024-07-31 00:00:00-04:00,91.65259018194786,92.6786569182672,91.5060070894663,91.55487060546875,10241800,0.0,0.0
2024-08-01 00:00:00-04:00,91.72100459521224,91.80894998693971,90.48971692234144,90.9294662475586,9263600,0.0,0.0
2024-08-02 00:00:00-04:00,90.0597345779717,90.09881644202227,86.97174543120049,87.52875518798828,15433600,0.0,0.0
2024-08-05 00:00:00-04:00,84.90983177329417,87.51898238847025,84.45054158036663,85.77954864501953,19103200,0.0,0.0
2024-08-06 00:00:00-04:00,86.21931018085728,89.8154461403451,85.95545909583251,87.9196548461914,21717500,0.0,0.0
2024-08-07 00:00:00-04:00,85.99454066935068,87.20627983668973,83.7958166181457,84.00102996826172,30581900,0.0,0.0
2024-08-08 00:00:00-04:00,83.20949169559621,84.36260060733808,81.99775252825715,84.00102996826172,21890500,0.0,0.0
2024-08-09 00:00:00-04:00,84.16715979007954,84.28442776487235,82.77952230490015,84.2453384399414,16008400,0.0,0.0
2024-08-12 00:00:00-04:00,83.90331132948711,84.41145761324371,83.53197394733907,83.99125671386719,11754600,0.0,0.0
2024-08-13 00:00:00-04:00,84.48964042663748,84.48964042663748,83.36584657467752,83.64923858642578,14615200,0.0,0.0
2024-08-14 00:00:00-04:00,84.04989048621776,84.56781094025025,83.61014121835058,84.33328247070312,9475100,0.0,0.0
2024-08-15 00:00:00-04:00,85.26163512728216,86.90334943139243,85.22254580390738,86.76654052734375,12401000,0.0,0.0
2024-08-16 00:00:00-04:00,86.93265996295601,87.62647864123481,86.32678666597526,87.2649154663086,10277700,0.0,0.0
2024-08-19 00:00:00-04:00,87.37241146076963,88.87730936404351,87.37241146076963,88.75027465820312,9723600,0.0,0.0
2024-08-20 00:00:00-04:00,88.33007369366247,88.60369149404339,87.27468435888528,87.69488525390625,8863400,0.0,0.0
2024-08-21 00:00:00-04:00,88.16395201491106,88.71118763025483,87.39195465439333,88.65255737304688,7637600,0.0,0.0
2024-08-22 00:00:00-04:00,88.91640377520802,89.29751537006689,87.65580101701092,87.87078857421875,7613000,0.0,0.0
2024-08-23 00:00:00-04:00,88.09554804254466,88.6818729843941,87.63625781051266,88.49620056152344,7369200,0.0,0.0
2024-08-26 00:00:00-04:00,88.84799088020385,89.70794102733623,88.84799088020385,89.68839263916016,8043800,0.0,0.0
2024-08-27 00:00:00-04:00,89.34637353591695,89.62976553020745,88.68186996960412,88.82845306396484,7237400,0.0,0.0
2024-08-28 00:00:00-04:00,88.2714529864781,88.55484501196356,86.73723233507526,87.45059204101562,8569700,0.0,0.0
2024-08-29 00:00:00-04:00,88.38870465557746,88.63300733008765,87.58739218140506,87.76329040527344,6181800,0.0,0.0
2024-08-30 00:00:00-04:00,87.92942653516111,88.38870932486087,87.3626425110299,88.32030487060547,8403600,0.0,0.0
2024-09-03 00:00:00-04:00,87.56785747865182,88.42780027012645,86.52224225556984,87.09879302978516,8465500,0.0,0.0
2024-09-04 00:00:00-04:00,86.9228906253058,87.9685057982488,86.79585591560237,87.21605682373047,6317200,0.0,0.0
2024-09-05 00:00:00-04:00,87.62648186023179,87.62648186023179,86.3267898372275,86.62973022460938,6234100,0.0,0.0
2024-09-06 00:00:00-04:00,86.43429285870228,87.05970717846346,85.72093314500285,85.93592071533203,7791500,0.0,0.0
2024-09-09 00:00:00-04:00,86.20952172419531,86.86425104749651,85.8088617930399,86.3267822265625,8750200,0.0,0.0
2024-09-10 00:00:00-04:00,86.31702492995267,86.86426054892506,85.97500266809493,86.38542938232422,6858300,0.0,0.0
2024-09-11 00:00:00-04:00,86.04340736111321,86.41474475280788,84.61667314104295,86.3072509765625,10779000,0.0,0.0
2024-09-12 00:00:00-04:00,86.20952615757787,87.29423059340793,86.17043683627017,87.2649154663086,7173300,0.0,0.0
2024-09-13 00:00:00-04:00,87.4114971648165,88.65255897195952,87.3528669065511,88.48643493652344,7084200,0.0,0.0
2024-09-16 00:00:00-04:00,89.0238973613125,90.2649591823191,88.87731425848537,89.75680541992188,9028600,0.0,0.0
2024-09-17 00:00:00-04:00,90.26495090992907,91.12489360256458,90.06950430556262,90.74378204345703,8193100,0.0,0.0
2024-09-18 00:00:00-04:00,91.38874997804037,91.92621889579594,90.57767068696378,91.4473876953125,10289800,0.0,0.0
2024-09-19 00:00:00-04:00,92.65912444977215,93.1184147022594,91.19330830210299,91.32034301757812,10912400,0.0,0.0
2024-09-20 00:00:00-04:00,91.07603363888339,91.8675793702621,90.70469625939616,91.6135025024414,19251500,0.0,0.0
2024-09-23 00:00:00-04:00,91.56463985019633,91.56463985019633,90.05974192907514,90.85128021240234,7338700,0.0,0.0
2024-09-24 00:00:00-04:00,91.21284090450318,91.65259018194786,90.3528981937509,91.55487060546875,7860300,0.0,0.0
2024-09-25 00:00:00-04:00,91.506014749104,92.28778633742773,91.22262273472481,91.77963256835938,8408200,0.0,0.0
2024-09-26 00:00:00-04:00,92.30732270563544,93.60701473832817,92.03370489991615,93.03045654296875,10061600,0.0,0.0
2024-09-27 00:00:00-04:00,93.31385246032578,94.69172319692692,93.10863909742214,93.82200622558594,10155400,0.0,0.0
2024-09-30 00:00:00-04:00,94.64284943565335,95.34644229262898,93.26498630368069,93.99789428710938,7982300,0.0,0.0
2024-10-01 00:00:00-04:00,93.02069694375929,93.66565218452675,91.19331009311941,91.90667724609375,10099200,0.0,0.0
2024-10-02 00:00:00-04:00,91.45715143597444,92.42459545620778,91.45715143597444,92.00439453125,6144200,0.0,0.0
2024-10-03 00:00:00-04:00,91.47669777416903,91.94575475328124,91.00763333953056,91.4962387084961,6180300,0.0,0.0
2024-10-04 00:00:00-04:00,92.15097787288333,93.16727050487583,91.75031788166248,92.98160552978516,6308900,0.0,0.0
2024-10-07 00:00:00-04:00,92.922966151008,92.97182967046201,89.66886003679187,90.28450012207031,11043600,0.0,0.0
2024-10-08 00:00:00-04:00,90.41153065503384,91.60372890154173,89.60045144048956,90.40176391601562,10209100,0.0,0.0
2024-10-09 00:00:00-04:00,89.76657443500326,91.86757890621845,89.37568866852878,91.4669189453125,8654500,0.0,0.0
2024-10-10 00:00:00-04:00,91.58418616899048,91.74053600099644,90.57766036096349,90.87081909179688,6698000,0.0,0.0
2024-10-11 00:00:00-04:00,90.73401941714847,92.45391247721639,90.68516335147235,91.98484802246094,8089100,0.0,0.0
2024-10-14 00:00:00-04:00,92.0337124207721,93.0206974053654,91.66237500488306,92.80570983886719,6262000,0.0,0.0
2024-10-15 00:00:00-04:00,93.0793178671964,93.47020363280947,91.54509738797387,92.07279205322266,6535800,0.0,0.0
2024-10-16 00:00:00-04:00,91.59396984720259,94.58423245337175,91.4962428046134,94.5451431274414,9936300,0.0,0.0
2024-10-17 00:00:00-04:00,94.72103161311564,95.11191737664376,93.4311138123409,94.33992004394531,9542500,0.0,0.0
2024-10-18 00:00:00-04:00,94.79921333378319,95.3171338186694,93.86109194418299,95.06305694580078,8609700,0.0,0.0
2024-10-21 00:00:00-04:00,94.98488265228428,95.22918534167341,93.76336920533862,94.41810607910156,8189900,0.0,0.0
2024-10-22 00:00:00-04:00,94.00766756421717,95.04351598926817,94.00766756421717,94.53536224365234,5344300,0.0,0.0
2024-10-23 00:00:00-04:00,94.72103067873391,94.92624402506853,93.80245026183309,94.0467529296875,5388500,0.0,0.0
2024-10-24 00:00:00-04:00,94.39855628144426,94.59400290335745,93.07932326951699,93.22590637207031,5015300,0.0,0.0
2024-10-25 00:00:00-04:00,93.6265572799031,94.64285732968885,92.84479317235524,92.86433410644531,6638100,0.0,0.0
2024-10-28 00:00:00-04:00,93.05000521853988,94.48650615851199,93.04023102386952,94.0076675415039,8146400,0.0,0.0
2024-10-29 00:00:00-04:00,94.06630455332672,94.41810100357807,93.49952055508554,93.93926239013672,6834400,0.0,0.0
2024-10-30 00:00:00-04:00,93.51905859586107,94.50604346495324,92.77638385099392,92.91319274902344,7718200,0.0,0.0
2024-10-31 00:00:00-04:00,93.09886128083947,94.42786844601598,92.83501766894867,94.0076675415039,8147700,0.0,0.0
2024-11-01 00:00:00-04:00,93.5190626211878,94.19334040158881,92.66889406905725,93.62655639648438,7944900,0.0,0.0
2024-11-04 00:00:00-05:00,93.64611447386577,93.83177945951876,92.86434283729174,93.60702514648438,6088000,0.0,0.0
2024-11-05 00:00:00-05:00,93.42134582858327,94.4669610286056,93.0793235585809,94.42787170410156,6561700,0.0,0.0
2024-11-06 00:00:00-05:00,95.97186420801236,97.28133045366292,95.97186420801236,96.63636779785156,11325100,0.0,0.0
2024-11-07 00:00:00-05:00,96.5288777102783,97.25201158535835,95.89368922497322,96.67546081542969,7805100,0.0,0.0
2024-11-08 00:00:00-05:00,96.48002029054558,96.99794079335022,95.38554157038344,96.7634048461914,7982100,0.0,0.0
2024-11-11 00:00:00-05:00,96.74385756587672,98.60055935370073,96.74385756587672,98.56147003173828,9137900,0.0,0.0
2024-11-12 00:00:00-05:00,98.25853943933225,98.98167327399551,97.23246521614742,98.68850708007812,9366200,0.0,0.0
2024-11-13 00:00:00-05:00,98.49307231120225,100.84814634001224,98.06309719576542,100.37908935546875,17701300,0.0,0.0
2024-11-14 00:00:00-05:00,107.8156638591757,112.19356384498845,105.92964681306368,106.63323974609375,47436100,0.0,0.0
2024-11-15 00:00:00-05:00,107.73749040856242,112.56491413327245,107.73749040856242,112.4574203491211,32048000,0.0,0.0
2024-11-18 00:00:00-05:00,110.7472936607017,112.80920889447374,110.31731855435267,110.95250701904297,14226200,0.0,0.0
2024-11-19 00:00:00-05:00,109.49647661994443,109.93621851178077,108.2945040171171,109.85803985595703,12166800,0.0,0.0
2024-11-20 00:00:00-05:00,109.7016834949617,111.76359882300585,108.92968608941433,111.6561050415039,9319300,0.0,0.0
2024-11-21 00:00:00-05:00,111.54861149417782,113.60075263124993,111.23590434429566,112.10562133789062,10261000,0.0,0.0
2024-11-22 00:00:00-05:00,111.25543730396636,113.68868987254318,111.01113462764869,113.01441955566406,10098000,0.0,0.0
2024-11-25 00:00:00-05:00,113.04373817537622,113.9232293283888,112.31083012378679,113.3564453125,10397800,0.0,0.0
2024-11-26 00:00:00-05:00,113.35644624709776,113.76687297004543,112.80921061650088,112.81897735595703,6808100,0.0,0.0
2024-11-27 00:00:00-05:00,112.81897830287144,115.50630787007782,112.81897830287144,114.91998291015625,8142400,0.0,0.0
2024-11-29 00:00:00-05:00,114.58773250279371,115.05678947898095,114.06981200780412,114.7929458618164,5095200,0.0,0.0
2024-12-02 00:00:00-05:00,115.09588667559737,115.92651436336968,113.89392156831644,114.49002075195312,8390500,0.0,0.0
2024-12-03 00:00:00-05:00,114.33364958140862,114.55841131828207,112.81897004491466,113.79618072509766,9194000,0.0,0.0
2024-12-04 00:00:00-05:00,113.32712381354044,114.61704161361436,113.20008165353546,114.3238754272461,7996200,0.0,0.0
2024-12-05 00:00:00-05:00,113.89391814714173,114.59750363841411,113.41507950219298,113.84505462646484,9823600,0.0,0.0
2024-12-06 00:00:00-05:00,113.89391073470901,114.58772944111216,113.5714294124928,114.06980895996094,6677900,0.0,0.0
2024-12-09 00:00:00-05:00,113.73754934011168,114.50954666444981,111.31407105242877,111.99811553955078,8666100,0.0,0.0
2024-12-10 00:00:00-05:00,112.03721594158908,112.33037469840966,111.128409629945,112.11539459228516,7526400,0.0,0.0
2024-12-11 00:00:00-05:00,112.02743066678092,112.42809062032791,111.38247550114097,111.99811553955078,6426800,0.0,0.0
2024-12-12 00:00:00-05:00,112.08607040486143,112.38901080809794,111.55838315902002,112.2815170288086,5285100,0.0,0.0
2024-12-13 00:00:00-05:00,111.71473465200006,112.34014894681181,110.71798294949588,110.75706481933594,6864500,0.0,0.0
2024-12-16 00:00:00-05:00,110.9141133385988,110.98282089687669,109.66755978453945,110.04054260253906,10528500,0.5,0.0
2024-12-17 00:00:00-05:00,108.9804745994282,111.93491452519767,108.75472440742044,110.9337387084961,12238600,0.0,0.0
2024-12-18 00:00:00-05:00,111.24782732988315,113.97651696216505,109.18659320962105,109.29456329345703,12292800,0.0,0.0
2024-12-19 00:00:00-05:00,109.59885673425207,110.82578281722428,109.19642138452717,109.314208984375,9468500,0.0,0.0
2024-12-20 00:00:00-05:00,108.56822712339074,110.8846639813796,108.39154948206746,109.9620132446289,17955300,0.0,0.0
2024-12-23 00:00:00-05:00,109.5497658513847,109.78533353919947,108.273759855978,109.34364318847656,6037200,0.0,0.0
2024-12-24 00:00:00-05:00,109.19641507580863,110.65890878541984,109.13752502356829,110.48223114013672,2475000,0.0,0.0
2024-12-26 00:00:00-05:00,110.05035689636043,111.22820285777271,109.79515419224836,110.47241973876953,4781400,0.0,0.0
2024-12-27 00:00:00-05:00,109.75589560337359,110.05036084858274,108.81361730269147,109.49088287353516,4523800,0.0,0.0
2024-12-30 00:00:00-05:00,108.39154980680617,109.48106068347026,107.80262683015147,108.75472259521484,5716300,0.0,0.0
2024-12-31 00:00:00-05:00,108.73508535383502,109.5301309815711,108.62711526999902,109.29456329345703,4757500,0.0,0.0
2025-01-02 00:00:00-05:00,109.63810625031772,110.12887665875883,108.13634999865789,108.77435302734375,5688100,0.0,0.0
2025-01-03 00:00:00-05:00,109.31420831437269,109.4810684633792,108.1461722942022,109.10808563232422,5393100,0.0,0.0
2025-01-06 00:00:00-05:00,109.41235980086341,110.76688347863949,108.82343678828957,109.00011444091797,6274400,0.0,0.0
2025-01-07 00:00:00-05:00,110.07980491015248,111.64045122581453,109.23567920242107,109.33383178710938,7878800,0.0,0.0
2025-01-08 00:00:00-05:00,108.9510334124517,109.05900350410758,106.63459642730017,107.73392486572266,7805300,0.0,0.0
2025-01-10 00:00:00-05:00,107.9694954832089,108.49952845057216,105.63343091318198,106.64441680908203,8835500,0.0,0.0
2025-01-13 00:00:00-05:00,105.93769780365471,106.6051458406455,104.7500343459403,106.08493041992188,6690200,0.0,0.0
2025-01-14 00:00:00-05:00,106.67385939072582,106.94868962930163,105.62361098556123,106.12419891357422,5501600,0.0,0.0
2025-01-15 00:00:00-05:00,107.15481356159489,107.57687642964802,105.99659505079067,106.18309020996094,6296900,0.0,0.0
2025-01-16 00:00:00-05:00,106.29105639949908,106.59533165765424,104.20037714675411,104.49483489990234,7872800,0.0,0.0
2025-01-17 00:00:00-05:00,104.85800696645146,105.75120521322073,104.57335923173801,105.04449462890625,7144300,0.0,0.0
2025-01-21 00:00:00-05:00,105.12301767066813,107.42963704172972,104.82855992523842,106.6934814453125,8643700,0.0,0.0
2025-01-22 00:00:00-05:00,107.52779822446232,107.52779822446232,106.23216466090732,106.80145263671875,8781700,0.0,0.0
2025-01-23 00:00:00-05:00,106.49718078621102,109.01974043708846,106.48736328104619,108.99029541015625,7608300,0.0,0.0
2025-01-24 00:00:00-05:00,109.10808167281672,111.29691351839627,108.58785874531128,110.0896224975586,8304500,0.0,0.0
2025-01-27 00:00:00-05:00,109.61847938029936,111.97417885252663,109.40253920113223,111.24783325195312,10176900,0.0,0.0
2025-01-28 00:00:00-05:00,110.76687750365468,110.87484759046805,109.50068897621233,110.06998443603516,6516800,0.0,0.0
2025-01-29 00:00:00-05:00,111.40488408631953,112.26863731991696,110.67854596969073,111.1006088256836,7607100,0.0,0.0
2025-01-30 00:00:00-05:00,111.98398704964504,113.05387042307437,111.03189875747226,111.33617401123047,6236200,0.0,0.0
2025-01-31 00:00:00-05:00,111.2085747546528,111.90546781850595,110.67854182822322,110.9729995727539,7793400,0.0,0.0
2025-02-03 00:00:00-05:00,109.2945681167649,112.48457576155207,108.81361521480977,111.8956527709961,8870700,0.0,0.0
2025-02-04 00:00:00-05:00,111.69935043642641,112.54347615677028,110.43316185591061,111.20858001708984,13521100,0.0,0.0
2025-02-05 00:00:00-05:00,113.56427389375604,116.4009263647638,108.19525170892099,108.49952697753906,23310000,0.0,0.0
2025-02-06 00:00:00-05:00,109.81478187189875,110.60001750634952,107.13517968481737,110.02090454101562,12470800,0.0,0.0
2025-02-07 00:00:00-05:00,109.54976949298518,110.47242024305916,108.76453385608451,108.81361389160156,8669300,0.0,0.0
2025-02-10 00:00:00-05:00,109.08844575373207,109.32401345290981,106.68367374857746,107.26277923583984,8239500,0.0,0.0
2025-02-11 00:00:00-05:00,106.37939805301862,107.03703613500498,105.70213993693025,107.00758361816406,7456700,0.0,0.0
2025-02-12 00:00:00-05:00,106.25180123342922,107.50817237316949,105.76103078893301,107.21371459960938,6521200,0.0,0.0
2025-02-13 00:00:00-05:00,106.90942419712833,107.73392237905507,106.55606890324003,107.56705474853516,6553200,0.0,0.0
2025-02-14 00:00:00-05:00,107.83207794613473,108.47008099377969,107.56705772410632,108.34247589111328,5964500,0.0,0.0
2025-02-18 00:00:00-05:00,107.75355309977807,107.89096821941884,106.70330469191663,107.53761291503906,8362900,0.0,0.0
2025-02-19 00:00:00-05:00,107.12535908935895,109.69699860385694,107.12535908935895,109.29456329345703,8452100,0.0,0.0
2025-02-20 00:00:00-05:00,109.18659643833132,109.46142666401825,107.36092995219728,108.50933837890625,5970100,0.0,0.0
2025-02-21 00:00:00-05:00,108.95103011567527,109.69700322948088,105.92788261791333,106.65422821044922,9082100,0.0,0.0
2025-02-24 00:00:00-05:00,106.83089440857859,109.50068651605021,106.64440675345969,109.14733123779297,7093300,0.0,0.0
2025-02-25 00:00:00-05:00,109.373096201302,109.83442159469614,107.05665921768725,108.48970794677734,7289000,0.0,0.0
2025-02-26 00:00:00-05:00,108.02837752225904,111.15949505525461,108.02837752225904,109.76570892333984,7831600,0.0,0.0
2025-02-27 00:00:00-05:00,110.24666071927473,111.03189634303865,109.00991723284324,109.25530242919922,7854700,0.0,0.0
2025-02-28 00:00:00-05:00,109.4025315614956,111.88582847138343,108.95102371320343,111.6993408203125,14609400,0.0,0.0
2025-03-03 00:00:00-05:00,111.96435591829902,113.41703956044257,109.93256681334486,110.7079849243164,7884700,0.0,0.0
2025-03-04 00:00:00-05:00,109.63810424428327,110.17795467911577,106.27141900443462,106.99776458740234,12658000,0.0,0.0
2025-03-05 00:00:00-05:00,107.32166609478665,108.89213734540273,106.2223452056297,107.29222106933594,9956100,0.0,0.0
2025-03-06 00:00:00-05:00,106.37939098470963,106.82108884522341,103.0814132425467,103.48384857177734,11618800,0.0,0.0
2025-03-07 00:00:00-05:00,103.06178240325129,103.81756551257456,101.40297608061152,103.56237030029297,12715900,0.0,0.0
2025-03-10 00:00:00-04:00,102.50230946143265,102.86548226542479,100.22513502904384,101.17723083496094,10947100,0.0,0.0
2025-03-11 00:00:00-04:00,97.94796131991656,99.17488736988761,95.65115186031834,96.09284973144531,16906000,0.0,0.0
2025-03-12 00:00:00-04:00,96.85844850884807,97.65349417746093,94.60090162528576,96.93697357177734,11891800,0.0,0.0
2025-03-13 00:00:00-04:00,95.96524416416548,96.82900489183601,94.15921262187672,95.08186340332031,11059500,0.0,0.0
2025-03-14 00:00:00-04:00,95.64134492846678,97.27069888132856,95.62170991743903,96.8191909790039,10199800,0.0,0.0
2025-03-17 00:00:00-04:00,96.91734375695368,98.27187495512467,96.8388261783777,97.5259017944336,8332100,0.0,0.0
2025-03-18 00:00:00-04:00,97.43755769776152,97.88907308246485,96.66214700972472,97.51608276367188,6727000,0.0,0.0
2025-03-19 00:00:00-04:00,97.82036032062092,99.09635887528566,97.63386517114077,98.43872833251953,8614600,0.0,0.0
2025-03-20 00:00:00-04:00,97.73201881361102,98.20316170056704,96.81918555459045,97.03512573242188,7836500,0.0,0.0
2025-03-21 00:00:00-04:00,96.56398801905374,98.04611682838991,95.9456199673208,97.62405395507812,15089900,0.0,0.0
2025-03-24 00:00:00-04:00,98.37002730398099,98.58596749380214,97.0351311201434,98.33076477050781,8224400,0.0,0.0
2025-03-25 00:00:00-04:00,98.7920814864436,99.88159235664125,98.55651379489225,99.73435974121094,7365200,0.0,0.0
2025-03-26 00:00:00-04:00,99.82269344672466,100.38217138682846,98.40927982826138,98.919677734375,6314000,0.0,0.0
2025-03-27 00:00:00-04:00,98.85098214717877,99.16507493248045,97.7418436372053,98.59577941894531,6598800,0.0,0.0
2025-03-28 00:00:00-04:00,98.20315864121952,98.53687891397188,95.93579433318747,96.25970458984375,7679700,0.0,0.0
2025-03-31 00:00:00-04:00,95.04259812976541,97.0253072647441,93.93345222528421,96.8780746459961,10554000,0.0,0.0
2025-04-01 00:00:00-04:00,96.5050928727196,96.77010559846535,95.05240916791756,95.87690734863281,8762700,0.0,0.0
2025-04-02 00:00:00-04:00,94.83646811141017,96.49526685433887,94.66960049585752,96.07320404052734,7959900,0.0,0.0
2025-04-03 00:00:00-04:00,92.76542288574755,93.03043560615448,86.97433068170983,87.20008087158203,19353400,0.0,0.0
2025-04-04 00:00:00-04:00,84.4125128648418,85.92408666825831,81.54641538808121,81.98810577392578,22580900,0.0,0.0
2025-04-07 00:00:00-04:00,79.49498022187557,85.0308692422167,78.62140958668935,81.76234436035156,20456000,0.0,0.0
2025-04-08 00:00:00-04:00,84.36342280152596,85.34496353214784,79.35756657306668,80.21150970458984,14845600,0.0,0.0
2025-04-09 00:00:00-04:00,79.78945691797264,90.54714377887305,79.69130433028798,89.7520980834961,24970900,0.0,0.0
2025-04-10 00:00:00-04:00,87.27861132693226,87.36695389823595,81.53659880331665,83.65673065185547,16377000,0.0,0.0
2025-04-11 00:00:00-04:00,83.53893822139209,84.08859867393595,81.81142431381737,83.322998046875,10204400,0.0,0.0
2025-04-14 00:00:00-04:00,84.24564515362592,84.85419563160879,82.47886879176214,83.09724426269531,10841300,0.0,0.0
2025-04-15 00:00:00-04:00,83.18557794973108,84.39287635830489,82.95982028392696,83.44078063964844,7840500,0.0,0.0
2025-04-16 00:00:00-04:00,82.72425512848066,83.23466052390083,80.49616086932473,81.24212646484375,10144300,0.0,0.0
2025-04-17 00:00:00-04:00,81.83105509986571,84.19656441552459,81.82123759555928,83.24446868896484,14810900,0.0,0.0
2025-04-21 00:00:00-04:00,83.34263043955157,83.65672318665159,81.44825645244661,82.44942474365234,14166800,0.0,0.0
2025-04-22 00:00:00-04:00,83.44078845264964,84.9621722532609,83.03835311592236,84.50084686279297,9578500,0.0,0.0
2025-04-23 00:00:00-04:00,87.38657454098505,88.21107269114067,85.42349297883398,85.67869567871094,12089100,0.0,0.0
2025-04-24 00:00:00-04:00,85.83573836073252,88.57423804019103,85.16829032966132,88.3484878540039,10310000,0.0,0.0
2025-04-25 00:00:00-04:00,88.40737983242542,88.67239255428538,87.4258390293615,88.6135025024414,7749600,0.0,0.0
2025-04-28 00:00:00-04:00,88.78036779854989,89.6833910811283,87.98532209822741,88.4957275390625,8491800,0.0,0.0
2025-04-29 00:00:00-04:00,88.1718146860365,89.96803620483736,88.10310712737778,89.48707580566406,6359900,0.0,0.0
2025-04-30 00:00:00-04:00,88.23070256351937,89.50670860835332,86.92525149263822,89.27113342285156,8474800,0.0,0.0
2025-05-01 00:00:00-04:00,89.58522061319182,89.91894836096111,88.69202242817708,89.13371276855469,7790600,0.0,0.0
2025-05-02 00:00:00-04:00,90.144704191589,91.46979027293553,90.144704191589,90.78270721435547,7594000,0.0,0.0
2025-05-05 00:00:00-04:00,88.04420451250907,91.36181712432817,87.95586943727834,90.40972137451172,10231000,0.0,0.0
2025-05-06 00:00:00-04:00,89.51651690796658,91.02809062075215,89.32021174570848,90.46861267089844,11839400,0.0,0.0
2025-05-07 00:00:00-04:00,100.5294080063941,101.4029787285867,98.29149615679681,100.20549774169922,36155300,0.0,0.0
2025-05-08 00:00:00-04:00,102.05079962531862,104.22982143047395,101.94282953669834,103.17957305908203,19265400,0.0,0.0
2025-05-09 00:00:00-04:00,103.31699556377755,104.22982888559149,102.82622512169613,103.98444366455078,10438200,0.0,0.0
2025-05-12 00:00:00-04:00,107.84188895789664,108.8921373003889,106.65422550431659,108.450439453125,18366600,0.0,0.0
2025-05-13 00:00:00-04:00,108.2148743365807,110.12887592125865,108.11672175326221,109.32401275634766,14076700,0.0,0.0
2025-05-14 00:00:00-04:00,109.32401581029647,111.31655000127726,108.78417284268328,110.855224609375,15352200,0.0,0.0
2025-05-15 00:00:00-04:00,110.15833129910096,110.7668818246298,109.52032825810518,110.14851379394531,8322400,0.0,0.0
2025-05-16 00:00:00-04:00,109.8540513189915,111.34599762066989,109.3632808887009,111.32636260986328,10961000,0.0,0.0
2025-05-19 00:00:00-04:00,110.05035799567705,110.9042937052344,109.83441781992991,110.58039093017578,7209700,0.0,0.0
2025-05-20 00:00:00-04:00,110.36445188147798,111.30673016735544,109.74607637396686,110.28592681884766,6433300,0.0,0.0
2025-05-21 00:00:00-04:00,109.62829611808579,110.41352427762463,108.09708735314508,108.4209976196289,10150600,0.0,0.0
2025-05-22 00:00:00-04:00,107.94986258882716,109.73626658019961,107.94986258882716,109.07862854003906,7903700,0.0,0.0
2025-05-23 00:00:00-04:00,107.57687640277162,108.3130320453388,106.772013199774,107.69466400146484,8086100,0.0,0.0
2025-05-27 00:00:00-04:00,108.98047573472655,110.8061422537898,108.11672251147942,110.28592681884766,10201100,0.0,0.0
2025-05-28 00:00:00-04:00,110.12888149497735,110.39390172076848,109.11789560736202,109.46143341064453,5787900,0.0,0.0
2025-05-29 00:00:00-04:00,109.94239182660505,110.18777703714386,108.47989058002887,109.95220184326172,9682100,0.0,0.0
2025-05-30 00:00:00-04:00,109.94239090920564,111.25765203220872,109.3142053745531,110.95337677001953,12881100,0.0,0.0
2025-06-02 00:00:00-04:00,110.60002327621282,111.50303906094699,110.1779604111754,110.86503601074219,7546800,0.0,0.0
2025-06-03 00:00:00-04:00,110.64909320086838,112.57291219238172,110.44296305127614,111.5030288696289,9738800,0.0,0.0
2025-06-04 00:00:00-04:00,111.75823045179237,111.94472559072838,110.89447728722854,111.39505767822266,5614900,0.0,0.0
2025-06-05 00:00:00-04:00,111.63064280542781,112.2293758271558,109.77552373205205,110.45278930664062,8547200,0.0,0.0
2025-06-06 00:00:00-04:00,111.2674600770535,112.11158572157821,111.12022746676446,111.79749298095703,5790700,0.0,0.0
2025-06-09 00:00:00-04:00,111.87602787921621,113.9667071658259,111.87602787921621,113.52501678466797,7960400,0.0,0.0
2025-06-10 00:00:00-04:00,113.39741763051714,118.27567704368393,113.39741763051714,116.5383529663086,18948400,0.0,0.0
2025-06-11 00:00:00-04:00,116.19480288253794,117.34321136592807,115.47828225714109,117.31375885009766,10439200,0.0,0.0
2025-06-12 00:00:00-04:00,116.67575017392377,117.18614806250663,115.48808678005994,116.42054748535156,7980300,0.0,0.0
2025-06-13 00:00:00-04:00,115.1445486984789,116.13590700195742,115.1347386822566,115.76292419433594,13204900,0.0,0.0
2025-06-16 00:00:00-04:00,115.84144182904326,118.11861618369248,115.69421670000979,117.27449798583984,9592100,0.0,0.0
2025-06-17 00:00:00-04:00,116.79354283851609,117.12727061926492,115.47828170310484,115.94941711425781,9241200,0.0,0.0
2025-06-18 00:00:00-04:00,115.70402998739235,116.55797320273902,114.68322662871563,115.68440246582031,8181200,0.0,0.0
2025-06-20 00:00:00-04:00,116.06720671080598,116.8524423943379,114.74212804733803,115.45864868164062,17180400,0.0,0.0
2025-06-23 00:00:00-04:00,114.50655537772124,115.81199897384477,112.89682154735202,115.57643127441406,8348000,0.0,0.0
2025-06-24 00:00:00-04:00,116.06929605670585,117.38031411432493,116.06929605670585,116.95645141601562,8350200,0.5,0.0
2025-06-25 00:00:00-04:00,117.07473797515513,118.01118270147997,116.93673686104356,117.71546173095703,6976300,0.0,0.0
2025-06-26 00:00:00-04:00,118.26747022124617,119.93334291262333,117.97174925944141,119.7263412475586,10439600,0.0,0.0
2025-06-27 00:00:00-04:00,120.11077662182598,121.18522245416874,119.74606261749128,120.59378051757812,13435600,0.0,0.0
2025-06-30 00:00:00-04:00,122.53565789350199,122.91023877382277,121.42178966419762,122.23994445800781,13456200,0.0,0.0
2025-07-01 00:00:00-04:00,121.73722295718154,121.9935139533567,120.70220712222152,121.72736358642578,9815700,0.0,0.0
2025-07-02 00:00:00-04:00,121.55979092004144,121.93436428032354,120.781066087445,121.22464752197266,7317100,0.0,0.0
2025-07-03 00:00:00-04:00,121.31335375267747,122.46665189285142,121.14578206130095,122.2300796508789,4252300,0.0,0.0
2025-07-07 00:00:00-04:00,121.45135853282652,122.83137710704507,120.83035355865147,121.4020767211914,7023500,0.0,0.0
2025-07-08 00:00:00-04:00,121.46122594093058,121.94422984169572,120.08120727539062,120.08120727539062,6622900,0.0,0.0
2025-07-09 00:00:00-04:00,120.10091289165454,120.60363551131145,118.88847351074219,118.88847351074219,6724900,0.0,0.0
2025-07-10 00:00:00-04:00,118.89833521266709,120.20934576497264,118.89833521266709,119.82491302490234,6888700,0.0,0.0
2025-07-11 00:00:00-04:00,118.91804080228853,119.49962333055525,118.02103362477034,118.1590347290039,6112400,0.0,0.0
2025-07-14 00:00:00-04:00,118.07031606938475,118.78004033524819,117.89288500291889,118.25760650634766,6853300,0.0,0.0
2025-07-15 00:00:00-04:00,118.51389636424958,118.51389636424958,117.18315961821314,117.28173828125,7943600,0.0,0.0
2025-07-16 00:00:00-04:00,117.65631555313269,118.84904371477589,117.18316352447022,118.10974884033203,6747500,0.0,0.0
2025-07-17 00:00:00-04:00,118.04074339245172,120.64306064096714,118.04074339245172,120.46562957763672,9933700,0.0,0.0
2025-07-18 00:00:00-04:00,120.22906513210226,120.41635557790421,118.5730442737648,119.6869125366211,9486800,0.0,0.0
2025-07-21 00:00:00-04:00,119.34190900635987,120.22906437497113,119.05604741422422,119.11518859863281,6392500,0.0,0.0
2025-07-22 00:00:00-04:00,119.02647370335582,119.6967680175776,118.83918326364058,119.33204650878906,5614500,0.0,0.0
2025-07-23 00:00:00-04:00,119.78548145974652,121.42179106626146,119.7657702386845,121.18521881103516,8258900,0.0,0.0
2025-07-24 00:00:00-04:00,121.09649830540047,121.6386508853957,120.07134184899806,120.20934295654297,6702200,0.0,0.0
2025-07-25 00:00:00-04:00,120.51492325798543,120.7022061779014,119.1447640330128,119.73619842529297,5656600,0.0,0.0
2025-07-28 00:00:00-04:00,119.30247682299367,119.66719833455083,118.17874921716457,118.65190124511719,6042200,0.0,0.0
2025-07-29 00:00:00-04:00,118.85889836328663,119.0856112376309,117.65631087869022,118.1984634399414,6283700,0.0,0.0
2025-07-30 00:00:00-04:00,118.23789182206016,118.78004441055589,117.4788857186626,117.83374786376953,5281500,0.0,0.0
2025-07-31 00:00:00-04:00,117.75488435557233,118.19846578370895,116.88744776086601,117.40988159179688,7235000,0.0,0.0
2025-08-01 00:00:00-04:00,115.91157642217914,116.20729738266621,113.9204121857883,114.92584991455078,8637800,0.0,0.0
2025-08-04 00:00:00-04:00,116.04958177329885,117.81402555406507,116.04958177329885,117.64645385742188,8845000,0.0,0.0
2025-08-05 00:00:00-04:00,117.54789053882213,117.86332273252991,115.65529737657539,116.63116455078125,15365700,0.0,0.0
2025-08-06 00:00:00-04:00,114.12740916408553,114.46256007357668,110.59850660674665,113.52611541748047,22153700,0.0,0.0
2025-08-07 00:00:00-04:00,114.09784426680524,114.73856800652807,110.2239387567539,111.26880645751953,15484400,0.0,0.0
2025-08-08 00:00:00-04:00,111.68281824323698,112.65868539683322,110.42108197455606,110.82523345947266,9491000,0.0,0.0
2025-08-11 00:00:00-04:00,111.29838173075534,111.53495398290336,109.94793373043844,110.94351959228516,8532600,0.0,0.0
2025-08-12 00:00:00-04:00,111.69267315002052,112.76711900187266,110.88437767856615,112.0968246459961,7274000,0.0,0.0
2025-08-13 00:00:00-04:00,112.59954637343186,115.55672600394259,112.52068644503237,114.97514343261719,9025700,0.0,0.0
2025-08-14 00:00:00-04:00,113.83169406841819,115.04413339377851,112.98396871744457,114.64984130859375,6800900,0.0,0.0
2025-08-15 00:00:00-04:00,114.9061385352515,115.1722813829264,113.54583866397552,113.74298095703125,6768600,0.0,0.0
2025-08-18 00:00:00-04:00,113.5458401651155,115.33986212942779,113.51626957281583,114.88642883300781,5798400,0.0,0.0
2025-08-19 00:00:00-04:00,114.83713299327069,115.32013685462793,114.06826755505004,114.61041259765625,5914000,0.0,0.0
2025-08-20 00:00:00-04:00,114.4231340037994,116.20729656347052,114.3442740788259,115.36943054199219,7046700,0.0,0.0
2025-08-21 00:00:00-04:00,114.90613165389593,114.99485094480538,113.88097524630726,114.55126953125,6337100,0.0,0.0
2025-08-22 00:00:00-04:00,115.91157528455813,118.07031872163594,115.4581419979589,117.1634521484375,7161700,0.0,0.0
2025-08-25 00:00:00-04:00,116.79872689065964,117.35073882574632,116.02000207979303,116.02986145019531,5424900,0.0,0.0
2025-08-26 00:00:00-04:00,115.753864976568,116.69030215777553,115.48772212649209,115.9707260131836,5787400,0.0,0.0
2025-08-27 00:00:00-04:00,115.85242979233693,116.76915570215809,115.61585754736583,116.40443420410156,4378000,0.0,0.0
2025-08-28 00:00:00-04:00,116.41430213854098,116.68045251414705,114.94557170890717,115.96086883544922,5687700,0.0,0.0
2025-08-29 00:00:00-04:00,115.7144328616666,116.95645035341602,115.57643175374959,116.69029998779297,5212600,0.0,0.0
2025-09-02 00:00:00-04:00,115.34971289517222,116.59173040355418,114.34427516395587,116.58187103271484,6015900,0.0,0.0
2025-09-03 00:00:00-04:00,116.14815602502803,116.92688086734914,114.68927748690189,115.70457458496094,6288700,0.0,0.0
2025-09-04 00:00:00-04:00,115.4088560613263,117.97174336032462,115.09342389407261,117.1141586303711,6949300,0.0,0.0
2025-09-05 00:00:00-04:00,117.21273911230668,118.07031633507464,116.02000345585452,116.22701263427734,6669100,0.0,0.0
2025-09-08 00:00:00-04:00,116.2763011496704,117.18316775682275,115.07371357386128,117.14373779296875,6450700,0.0,0.0
2025-09-09 00:00:00-04:00,116.8381638958523,117.35074590072908,115.54686455365677,115.6947250366211,5444300,0.0,0.0
2025-09-10 00:00:00-04:00,115.18213571074813,115.83271878624136,112.86568002652992,114.13726806640625,7484900,0.0,0.0
2025-09-11 00:00:00-04:00,113.80212026112862,115.49757102719055,112.9938248401568,115.40885925292969,8399100,0.0,0.0
2025-09-12 00:00:00-04:00,114.60056868500367,115.33986358380332,113.45712229835515,114.30484771728516,7640900,0.0,0.0
2025-09-15 00:00:00-04:00,114.45270756644797,115.08357194161883,113.35855052065239,113.9697036743164,7150900,0.0,0.0
2025-09-16 00:00:00-04:00,113.80212726660581,114.196419390973,113.0726917248494,113.58527374267578,6844900,0.0,0.0
2025-09-17 00:00:00-04:00,113.59511521838203,114.99485250806744,113.5754039981875,114.44284057617188,7333900,0.0,0.0
2025-09-18 00:00:00-04:00,113.68383555173823,114.1274094548904,112.42210687384247,113.22054290771484,9460500,0.0,0.0
2025-09-19 00:00:00-04:00,112.96425235541462,112.96425235541462,110.33236447617224,112.13624572753906,23398400,0.0,0.0
2025-09-22 00:00:00-04:00,110.16479247632579,112.00809616350351,109.92821270858948,110.953369140625,15479800,0.0,0.0
2025-09-23 00:00:00-04:00,111.11109693794157,111.99825232920553,110.00708050431346,110.6478042602539,13145000,0.0,0.0
2025-09-24 00:00:00-04:00,110.80552112633755,112.52068315616218,110.59851194021539,111.81095886230469,8755200,0.0,0.0
2025-09-25 00:00:00-04:00,111.10123319517494,112.42211061919328,111.04209201158332,111.37723541259766,6365500,0.0,0.0
2025-09-26 00:00:00-04:00,111.51523665134067,111.94895871950861,111.15052265810526,111.85038757324219,6145700,0.0,0.0
2025-09-29 00:00:00-04:00,111.85038618859359,113.36840588789269,111.7123850814297,113.14168548583984,9304100,0.0,0.0
2025-09-30 00:00:00-04:00,112.89525510106586,113.24025787275913,111.72223815681234,112.86568450927734,9303700,0.0,0.0
2025-10-01 00:00:00-04:00,112.45168247513328,114.40341676056116,111.18009437014412,111.33780670166016,9736300,0.0,0.0
2025-10-02 00:00:00-04:00,111.36738183570839,111.55466475434368,109.19877905151543,110.53936767578125,8695100,0.0,0.0
2025-10-03 00:00:00-04:00,110.44079946880906,111.94895983110008,109.96764743333713,110.86466217041016,7148400,0.0,0.0
2025-10-06 00:00:00-04:00,111.08152196338676,111.49552528948075,109.85921568563828,111.14066314697266,6141200,0.0,0.0
2025-10-07 00:00:00-04:00,111.02237638573415,111.7813900254436,110.20422908126997,110.9238052368164,5409800,0.0,0.0
2025-10-08 00:00:00-04:00,111.1998048136618,111.58423754963299,110.05636597655416,110.29293823242188,7074400,0.0,0.0
2025-10-09 00:00:00-04:00,110.22393173893275,111.3870892549816,109.29734646600515,109.40577697753906,6502400,0.0,0.0
2025-10-10 00:00:00-04:00,109.93807372213854,111.07166068453807,107.55261743219965,107.63147735595703,9635200,0.0,0.0
2025-10-13 00:00:00-04:00,108.8143500705835,109.37621388683192,107.81876417846033,108.69606018066406,7435100,0.0,0.0
2025-10-14 00:00:00-04:00,108.08491282688409,110.24364875988587,107.64133138713296,109.58321380615234,7898000,0.0,0.0
2025-10-15 00:00:00-04:00,109.87892916030833,111.07165726859614,109.55363762518547,110.1155014038086,7012600,0.0,0.0
2025-10-16 00:00:00-04:00,110.1943638011324,110.49007723202818,106.96118215882947,108.3116226196289,7531200,0.0,0.0
2025-10-17 00:00:00-04:00,108.1736213665725,109.86907210851032,107.87790793608096,109.09034729003906,10090500,0.0,0.0
2025-10-20 00:00:00-04:00,109.44521252709589,110.64780006515922,109.0213498295899,110.3619384765625,8047500,0.0,0.0
2025-10-21 00:00:00-04:00,110.6477986393913,112.90511320674356,110.44079697869476,112.66854095458984,8163200,0.0,0.0
2025-10-22 00:00:00-04:00,112.37281655138689,112.64881875718109,111.36737887020854,111.46595001220703,7569200,0.0,0.0
2025-10-23 00:00:00-04:00,111.55466523069624,112.20524832488108,110.3027958955931,111.41666412353516,6945400,0.0,0.0
2025-10-24 00:00:00-04:00,111.61381660650383,112.02781993789965,109.99721820298862,110.0859375,6235200,0.0,0.0
2025-10-27 00:00:00-04:00,110.34222664747004,110.992802225815,109.72121414030401,110.73651123046875,6029600,0.0,0.0
2025-10-28 00:00:00-04:00,110.31265696425376,110.87452077220003,109.86907552398264,110.05636596679688,6839400,0.0,0.0
2025-10-29 00:00:00-04:00,109.59307397589942,109.93807675122338,108.43977576103224,108.66648864746094,7097100,0.0,0.0
2025-10-30 00:00:00-04:00,108.55806086709089,111.95882193375118,107.98634519092047,110.24365234375,8311300,0.0,0.0
2025-10-31 00:00:00-04:00,109.98737094492012,111.48567200131468,108.95235505271887,111.01252746582031,8700600,0.0,0.0
2025-11-03 00:00:00-05:00,110.94352365727146,111.19980713961529,109.4452151242777,110.51966094970703,8542300,0.0,0.0
2025-11-04 00:00:00-05:00,109.38607350587408,110.19436895424884,109.06078194823024,109.87893676757812,7950100,0.0,0.0
2025-11-05 00:00:00-05:00,109.76064081267712,110.37179393080024,109.02134596097005,109.77050018310547,5746000,0.0,0.0
2025-11-06 00:00:00-05:00,109.58321240678778,110.11550561539397,107.6216187917271,108.91291809082031,10291800,0.0,0.0
2025-11-07 00:00:00-05:00,108.68621063485668,109.83950888416446,108.46934959232085,109.15935516357422,8782100,0.0,0.0
2025-11-10 00:00:00-05:00,109.56350118574332,111.18009203239778,109.44521129922117,110.637939453125,9158700,0.0,0.0
2025-11-11 00:00:00-05:00,111.04209046290711,113.32897561601033,110.81537006147396,113.21068572998047,9713300,0.0,0.0
2025-11-12 00:00:00-05:00,112.93468763405644,115.4187151672819,112.75725655879059,114.98500061035156,15248700,0.0,0.0
2025-11-13 00:00:00-05:00,107.33575671697092,107.79904936978424,103.4125695047362,106.07402801513672,44045400,0.0,0.0
2025-11-14 00:00:00-05:00,105.98530679845808,107.178042445792,103.79700035117897,104.28986358642578,16691400,0.0,0.0
2025-11-17 00:00:00-05:00,104.24057581390313,106.13316886064071,103.61957083558194,104.18143463134766,12296400,0.0,0.0
2025-11-18 00:00:00-05:00,103.59985058126385,105.55159230254684,103.501279438279,104.76300811767578,11796200,0.0,0.0
2025-11-19 00:00:00-05:00,104.56586516856152,106.0543067153343,102.59441223938273,103.17598724365234,12790000,0.0,0.0
2025-11-20 00:00:00-05:00,103.86600342693386,104.2898661203646,101.03696568050115,101.2341079711914,12609900,0.0,0.0
2025-11-21 00:00:00-05:00,102.00298063125011,103.28442055767384,101.22425580064441,102.79155731201172,10785400,0.0,0.0
2025-11-24 00:00:00-05:00,102.60426843562375,102.85070006221002,100.43567312986309,100.4849624633789,15024800,0.0,0.0
2025-11-25 00:00:00-05:00,101.02710043536432,102.43668954127516,100.54409658691114,101.83539581298828,10574500,0.0,0.0
2025-11-26 00:00:00-05:00,101.84526668262318,102.76199267347984,101.41154459475649,101.95369720458984,10130200,0.0,0.0
2025-11-28 00:00:00-05:00,101.8255530884873,103.2449941712158,101.76640438302186,102.97885131835938,6525500,0.0,0.0
2025-12-01 00:00:00-05:00,103.42242489426108,105.30516616131858,102.97885096751278,105.24601745605469,12628900,0.0,0.0
2025-12-02 00:00:00-05:00,105.00944949415181,105.04887945910929,103.32385797482782,103.3337173461914,8548200,0.0,0.0
2025-12-03 00:00:00-05:00,103.40271384987265,104.33915103927637,102.97885114382227,104.23072052001953,10177800,0.0,0.0
2025-12-04 00:00:00-05:00,104.32929071855652,104.70387160730532,103.01828016942518,103.9645767211914,11471400,0.0,0.0
2025-12-05 00:00:00-05:00,103.67871481091348,104.65458195184677,103.06756166622483,103.79700469970703,10680100,0.0,0.0
2025-12-08 00:00:00-05:00,103.79700530041951,106.5077532235307,103.33371263391743,106.09374237060547,13727700,0.0,0.0
2025-12-09 00:00:00-05:00,106.05431070454455,106.21203055464959,105.0291617608474,105.49244689941406,8549400,0.0,0.0
2025-12-10 00:00:00-05:00,105.59102751107764,108.10462562433456,105.05873428791234,107.27661895751953,11237900,0.0,0.0
2025-12-11 00:00:00-05:00,107.64132802203332,109.96764310381356,107.55261624915427,109.86907196044922,13281400,0.0,0.0
2025-12-12 00:00:00-05:00,110.13522170283247,111.72223439924535,109.5634985458288,110.00707244873047,13059100,0.0,0.0
2025-12-15 00:00:00-05:00,109.85821300229183,110.7017554968497,107.72456807053958,109.64981079101562,14318000,0.75,0.0
2025-12-16 00:00:00-05:00,110.3742651303662,111.99186760326596,110.01700202680637,110.77122497558594,15580200,0.0,0.0
2025-12-17 00:00:00-05:00,110.21548021137211,111.27734346351971,109.6200442181698,109.78874969482422,12142500,0.0,0.0
2025-12-18 00:00:00-05:00,109.6895108947102,111.9422536896534,109.58034674668848,111.01932525634766,12913900,0.0,0.0
2025-12-19 00:00:00-05:00,111.46590096259969,112.61708377659764,110.07654526588401,110.39411163330078,21138400,0.0,0.0
2025-12-22 00:00:00-05:00,110.56281884289479,111.94224838833786,110.30479381693752,111.52543640136719,8803300,0.0,0.0
2025-12-23 00:00:00-05:00,111.43612616136247,112.44836655386564,111.18802720942375,112.35905456542969,7634500,0.0,0.0
2025-12-24 00:00:00-05:00,112.0811837460467,113.6590894291559,111.9422489401646,113.6094741821289,4606700,0.0,0.0
2025-12-26 00:00:00-05:00,113.2819819972415,113.86749188452968,112.40866884822985,112.69646453857422,5428900,0.0,0.0
2025-12-29 00:00:00-05:00,112.45829109497764,113.61939235705125,112.44836501704958,113.3216781616211,7966000,0.0,0.0
2025-12-30 00:00:00-05:00,113.23235873617357,114.40338607755221,113.23235873617357,113.9171142578125,6883900,0.0,0.0
2025-12-31 00:00:00-05:00,113.89726489932262,114.01635512338707,112.68654835920721,112.90486907958984,6608000,0.0,0.0
