Date,Open,High,Low,Close,Volume,Dividends,Stock Splits
2000-01-03 00:00:00-05:00,132.02669987134325,132.61995693954105,128.7368167686359,129.4379425048828,4605131,0.0,0.0
2000-01-04 00:00:00-05:00,127.06489310091105,127.71208027429022,124.26039886474611,124.2603988647461,4615898,0.0,0.0
2000-01-05 00:00:00-05:00,124.04471588134766,126.84921115919681,123.02000041560983,124.04471588134766,5694973,0.0,0.0
2000-01-06 00:00:00-05:00,123.505357587018,126.79523206808787,123.07389120698356,125.7031021118164,4146783,0.0,0.0
2000-01-07 00:00:00-05:00,127.71202659063142,131.0558379444965,126.84911072218527,130.57044982910156,4202747,0.0,0.0
2000-01-10 00:00:00-05:00,131.7570234756669,132.94353745816883,130.4087106332915,130.51657104492188,3177193,0.0,0.0
2000-01-11 00:00:00-05:00,130.30087209118014,131.75705392413096,129.97728253908093,130.73233032226562,3155597,0.0,0.0
2000-01-12 00:00:00-05:00,130.35478648845353,132.2424179616041,129.9233200945867,131.1637725830078,3827343,0.0,0.0
2000-01-13 00:00:00-05:00,132.1345097519871,133.69854292463484,132.02664113192935,132.673828125,3120229,0.0,0.0
2000-01-14 00:00:00-05:00,132.35028077765264,133.42892610862873,129.06039809392678,130.30084228515625,3856138,0.0,0.0
2000-01-18 00:00:00-05:00,129.1143017845095,129.1143017845095,126.63341391153432,127.7120590209961,3817828,0.0,0.0
2000-01-19 00:00:00-05:00,126.41765204125836,130.2468599799889,126.20192306135554,128.33226013183594,3098569,0.0,0.0
2000-01-20 00:00:00-05:00,128.62899999655386,129.22225726608866,123.07394716142636,125.932373046875,6418237,0.0,0.0
2000-01-21 00:00:00-05:00,127.65813785604907,127.92779709188234,124.20645677676367,124.36825561523438,5009017,0.0,0.0
2000-01-24 00:00:00-05:00,125.39298692226771,125.93231370655471,117.73457625813273,119.19075775146484,5658102,0.0,0.0
2000-01-25 00:00:00-05:00,119.13677732301775,121.1322848974783,118.21993117947032,119.5143051147461,5297409,0.0,0.0
2000-01-26 00:00:00-05:00,121.2401854097699,122.69635862965558,119.83794239443576,122.0491714477539,3308713,0.0,0.0
2000-01-27 00:00:00-05:00,122.1569954535399,122.3187942504883,118.27385729647766,122.31879425048828,4015389,0.0,0.0
2000-01-28 00:00:00-05:00,121.0783913788767,121.24019024140702,115.30762023148232,115.63121795654297,6227875,0.0,0.0
2000-01-31 00:00:00-05:00,115.63121795654295,117.3031203036908,114.82222364389136,115.63121795654297,4545224,0.0,0.0
2000-02-01 00:00:00-05:00,115.84698223801976,118.2200109632831,115.63125310321678,117.35708618164062,5704613,0.0,0.0
2000-02-02 00:00:00-05:00,118.32781406065435,118.75927212114965,115.68512725830078,115.68512725830078,4553049,0.0,0.0
2000-02-03 00:00:00-05:00,117.30313510632458,120.64694846500844,116.70987803046823,120.16156005859375,4221651,0.0,0.0
2000-02-04 00:00:00-05:00,121.67168487083597,123.50539487289636,121.2402266029737,122.1570816040039,3790785,0.0,0.0
2000-02-07 00:00:00-05:00,122.26492529028525,122.3188637481973,117.24920918966252,117.78853607177734,3815386,0.0,0.0
2000-02-08 00:00:00-05:00,117.84246756784128,119.46043998933872,117.78853735177256,118.27392578125,3900959,0.0,0.0
2000-02-09 00:00:00-05:00,118.2199536667438,118.81321056053147,115.68512725830078,115.68512725830078,3343580,0.0,0.0
2000-02-10 00:00:00-05:00,116.1166403870033,118.16607126750988,114.87619581419303,116.87169647216797,3999551,0.0,0.0
2000-02-11 00:00:00-05:00,116.54806537171957,118.48963525274598,115.25369094598739,115.41548156738281,4288507,0.0,0.0
2000-02-14 00:00:00-05:00,115.41543872143723,117.30307769457914,115.25364816010368,115.95476531982422,3034343,0.0,0.0
2000-02-15 00:00:00-05:00,115.63117596091995,119.94577226339663,115.57723753138083,118.6513900756836,3927751,0.0,0.0
2000-02-16 00:00:00-05:00,117.89638780331148,118.16604710325637,115.95481776490769,117.06043243408203,3032027,0.0,0.0
2000-02-17 00:00:00-05:00,116.38625495325945,117.03345034430117,112.17952612362478,113.04244232177734,6034320,0.0,0.0
2000-02-18 00:00:00-05:00,113.04239849437684,113.85138417710176,107.8109566470991,107.9727554321289,7371489,0.0,0.0
2000-02-22 00:00:00-05:00,108.94354311978282,112.17948594632298,107.91882019844905,111.85588836669922,5682077,0.0,0.0
2000-02-23 00:00:00-05:00,112.1795723019288,114.71439998048845,110.77732878148892,112.61103057861328,4581406,0.0,0.0
2000-02-24 00:00:00-05:00,112.44918537494064,114.71435275873205,108.78178329036496,113.04244232177734,5762955,0.0,0.0
2000-02-25 00:00:00-05:00,111.74806302014622,112.98850706004667,108.4581807377723,108.83570861816406,5564893,0.0,0.0
2000-02-28 00:00:00-05:00,108.72781549289412,114.12106500261308,108.72781549289412,111.69409942626953,5642828,0.0,0.0
2000-02-29 00:00:00-05:00,112.71884722927292,115.63120161597142,112.28738090935595,114.22895050048828,4710547,0.0,0.0
2000-03-01 00:00:00-05:00,115.19969766602043,115.52329523964815,112.82667077254833,113.36599731445312,5568962,0.0,0.0
2000-03-02 00:00:00-05:00,113.366011808942,117.46487921511847,112.93455381722349,116.70982360839844,4149225,0.0,0.0
2000-03-03 00:00:00-05:00,118.43571542406126,121.24020183466452,118.27391654605938,120.26941680908203,4958625,0.0,0.0
2000-03-06 00:00:00-05:00,120.73247130550007,120.73247130550007,116.51332102506315,118.94744873046875,3859957,0.654966,0.0
2000-03-07 00:00:00-05:00,118.89328249643356,118.89328249643356,112.18592731040626,112.45639038085938,6182553,0.0,0.0
2000-03-08 00:00:00-05:00,112.72688601481252,114.62009512673725,111.69914746837361,112.78097534179688,4990175,0.0,0.0
2000-03-09 00:00:00-05:00,112.78093633882412,114.24141379630338,110.07636345721338,111.64501953125,3944778,0.0,0.0
2000-03-10 00:00:00-05:00,113.26779180837954,116.02646292004461,112.51050824568776,113.97097778320312,4319243,0.0,0.0
2000-03-13 00:00:00-05:00,111.64501770454683,112.94321068246069,110.45500334142035,112.02365112304688,4019020,0.0,0.0
2000-03-14 00:00:00-05:00,112.1859505925359,112.29413749651819,109.75183205376672,109.91410827636719,3979270,0.0,0.0
2000-03-15 00:00:00-05:00,109.80593647978061,116.5673915734196,109.26502668568715,115.59374237060547,5406643,0.0,0.0
2000-03-16 00:00:00-05:00,115.70192197971271,120.67834668706396,115.53964573344363,120.29971313476562,6260864,0.0,0.0
2000-03-17 00:00:00-05:00,119.54240239352264,122.40925178288612,118.73102961288221,121.05696105957031,6648600,0.0,0.0
2000-03-20 00:00:00-05:00,121.05695707800355,122.67971085265725,119.1096591618151,121.97651672363281,3254377,0.0,0.0
2000-03-21 00:00:00-05:00,120.08334014995533,131.06393644693586,119.4883327538984,130.2525634765625,7750586,0.0,0.0
2000-03-22 00:00:00-05:00,130.25255019936762,131.49665419155696,128.62980442403432,130.5771026611328,4530388,0.0,0.0
2000-03-23 00:00:00-05:00,131.11796697474557,138.47442626953125,130.63114671753215,138.47442626953125,6535547,0.0,0.0
2000-03-24 00:00:00-05:00,136.41904942243363,138.25816982992916,134.958579232246,137.6631622314453,4815274,0.0,0.0
2000-03-27 00:00:00-05:00,136.52723785576993,137.39270045683023,135.22903568742936,136.68951416015625,3423644,0.0,0.0
2000-03-28 00:00:00-05:00,135.66168505977234,137.2844388568795,135.01258850097656,135.01258850097656,4551358,0.0,0.0
2000-03-29 00:00:00-05:00,136.20263120882447,142.69362294173663,136.20263120882447,141.0708770751953,8165177,0.0,0.0
2000-03-30 00:00:00-05:00,140.20537674985843,140.63810776121093,136.36487042392983,137.39260864257812,5209646,0.0,0.0
2000-03-31 00:00:00-05:00,137.82533798531242,138.36625587632656,133.9307506635463,134.6880340576172,4889203,0.0,0.0
2000-04-03 00:00:00-04:00,134.36350313710403,139.33993530273438,134.14713759947824,139.33993530273438,4002619,0.0,0.0
2000-04-04 00:00:00-04:00,137.23037878358315,137.50084195706094,127.331618422834,133.2816925048828,6892109,0.0,0.0
2000-04-05 00:00:00-04:00,131.65896781118172,134.14718476891497,130.41486346568948,132.68670654296875,4469292,0.0,0.0
2000-04-06 00:00:00-04:00,133.4439273600647,136.47306105616747,133.33574873762947,135.76986694335938,2877721,0.0,0.0
2000-04-07 00:00:00-04:00,136.4189697477572,138.31217839482963,135.17486593210683,137.44671630859375,2780756,0.0,0.0
2000-04-10 00:00:00-04:00,137.93353580870283,139.33992409021874,136.63533442066705,137.9876251220703,2970180,0.0,0.0
2000-04-11 00:00:00-04:00,137.01404607849338,141.82820409393256,136.41903852752893,139.8809051513672,4382405,0.0,0.0
2000-04-12 00:00:00-04:00,140.74635571924557,141.28726561654267,135.0126463272568,135.6617431640625,4057017,0.0,0.0
2000-04-13 00:00:00-04:00,136.20263743713173,136.25672676402405,129.8198323279297,130.2525634765625,5320257,0.0,0.0
2000-04-14 00:00:00-04:00,128.08892324781664,129.92803510433174,123.81568376151087,126.1416244506836,6603216,0.0,0.0
2000-04-17 00:00:00-04:00,124.95157250737375,132.63257848511634,124.51884140629598,131.55075073242188,6667067,0.0,0.0
2000-04-18 00:00:00-04:00,132.2539556161431,136.68947070329583,131.4966719475989,135.4453582763672,5307925,0.0,0.0
2000-04-19 00:00:00-04:00,135.06668487983035,135.71578973932736,133.38984994853595,134.57986450195312,2952652,0.0,0.0
2000-04-20 00:00:00-04:00,135.06666506330714,137.17623901367188,134.57984475685453,137.17623901367188,3559108,0.0,0.0
2000-04-24 00:00:00-04:00,135.87806745837386,141.88222134122313,135.28306017507853,140.2594757080078,5010957,0.0,0.0
2000-04-25 00:00:00-04:00,140.42181854125707,143.93778285911813,139.23180341011928,143.66732788085938,4768889,0.0,0.0
2000-04-26 00:00:00-04:00,143.775424996453,145.34407290050243,139.61037440045493,141.28720092773438,4451451,0.0,0.0
2000-04-27 00:00:00-04:00,138.90721099019132,140.15132337362255,136.9058314981869,139.77268981933594,4220650,0.0,0.0
2000-04-28 00:00:00-04:00,139.66444085626472,140.20536698289024,135.4993989620832,136.0944061279297,2949209,0.0,0.0
2000-05-01 00:00:00-04:00,137.60891941688544,140.20532098581944,136.52709231878066,137.9334716796875,2605480,0.0,0.0
2000-05-02 00:00:00-04:00,137.6089604888914,140.0430866529355,136.90577473192948,139.39398193359375,2655246,0.0,0.0
2000-05-03 00:00:00-04:00,138.04170987612397,138.47444087634727,133.7684726487442,135.06666564941406,3462706,0.0,0.0
2000-05-04 00:00:00-04:00,136.2567295459072,136.31082714065118,132.19986461121363,133.2816925048828,3215691,0.0,0.0
2000-05-05 00:00:00-04:00,133.28162057221715,138.4744164594969,132.84888964829625,136.7434844970703,4316363,0.0,0.0
2000-05-08 00:00:00-04:00,135.33718653164323,137.28448513114864,134.03898470972365,136.1485595703125,2436443,0.0,3.0
2000-05-09 00:00:00-04:00,135.98620884892588,136.7975814433218,132.09161378243078,135.3371124267578,2804293,0.0,0.0
2000-05-10 00:00:00-04:00,133.71437006737744,135.17483911484513,129.9820510941339,131.44252014160156,3142326,0.0,0.0
2000-05-11 00:00:00-04:00,133.71446084971447,135.98630405116214,131.76716195318838,132.2539825439453,2803855,0.0,0.0
2000-05-12 00:00:00-04:00,131.9294218856195,136.63539255264538,131.60487760059095,135.6617431640625,2235564,0.0,0.0
2000-05-15 00:00:00-04:00,135.8239884364756,141.34133095679533,135.6617121976285,140.20541381835938,2828686,0.0,0.0
2000-05-16 00:00:00-04:00,142.31497823288905,143.2886190629894,140.20540381193052,140.8544921875,3533046,0.0,0.0
2000-05-17 00:00:00-04:00,139.55637942401765,141.17912609947112,137.93363274856418,139.23182678222656,2356817,0.0,0.0
2000-05-18 00:00:00-04:00,138.90711193461115,141.17896124074306,137.28437542082463,137.9334716796875,2684834,0.0,0.0
2000-05-19 00:00:00-04:00,135.33713056678747,136.7975997791067,132.41618387540453,134.6880340576172,2690280,0.0,0.0
2000-05-22 00:00:00-04:00,134.68808583463672,134.68808583463672,126.57433915055806,129.81983947753906,3496050,0.0,0.0
2000-05-23 00:00:00-04:00,127.71026467833879,129.81983947753906,127.06116791964166,129.81983947753906,2523142,0.0,0.0
2000-05-24 00:00:00-04:00,127.22341239326155,133.06529829562086,127.22341239326155,131.76710510253906,3117954,0.0,0.0
2000-05-25 00:00:00-04:00,131.76710510253906,134.5257759712699,129.17071044962987,131.76710510253906,2386781,0.0,0.0
2000-05-26 00:00:00-04:00,130.95578077245273,132.25397444615007,128.0348326065107,128.68392944335938,1850061,0.0,0.0
2000-05-30 00:00:00-04:00,129.33297262801534,133.7143971927226,128.19705570143847,133.06529235839844,2701235,0.0,0.0
2000-05-31 00:00:00-04:00,134.3635632001404,138.42042917755134,133.71446629710454,136.63540649414062,3018214,0.0,0.0
2000-06-01 00:00:00-04:00,135.17489414794875,138.5826621572572,131.7671261386403,135.98626708984375,2674547,0.0,0.0
2000-06-02 00:00:00-04:00,138.4203847913331,140.20541516910112,134.36352011480628,136.9599151611328,2507012,0.0,0.0
2000-06-05 00:00:00-04:00,135.01261916149898,135.66171586770056,132.57850031318273,133.87669372558594,2001549,0.0,0.0
2000-06-06 00:00:00-04:00,133.71439617343893,134.52576894341396,131.28026959676868,132.90301513671875,1661952,0.0,0.0
2000-06-07 00:00:00-04:00,132.74073503978173,136.14850201494409,132.41618265481603,133.38983154296875,2081738,0.0,0.0
2000-06-08 00:00:00-04:00,133.71445990237322,134.03900420499545,131.1180558809007,132.09170532226562,1813649,0.0,0.0
2000-06-09 00:00:00-04:00,132.57846219255015,133.0652825155379,127.87249382552724,129.4952392578125,2287521,0.0,0.0
2000-06-12 00:00:00-04:00,129.81979165096737,130.14433577737768,125.76291980350966,129.4952392578125,2555318,0.0,0.0
2000-06-13 00:00:00-04:00,129.81980026416267,133.87666411403782,129.17070370153166,132.90301513671875,2797407,0.0,0.0
2000-06-14 00:00:00-04:00,133.06523397811063,134.5257109478334,130.63111671756147,132.4161376953125,2149240,0.0,0.0
2000-06-15 00:00:00-04:00,131.11798259031949,135.0125781788301,129.81978957197893,134.6880340576172,2500669,0.0,0.0
2000-06-16 00:00:00-04:00,135.01257985877552,135.49940844676914,132.53788853666944,132.74073791503906,3963557,0.0,0.0
2000-06-19 00:00:00-04:00,131.9293874145824,134.36351438341558,129.81982117947254,130.4689178466797,2046433,0.0,0.0
2000-06-20 00:00:00-04:00,134.85025495586166,134.85025495586166,130.1442883054067,132.4161376953125,2329003,0.0,0.0
2000-06-21 00:00:00-04:00,129.9820985649413,130.79347147282775,127.71024780946203,128.35934448242188,2888968,0.0,0.0
2000-06-22 00:00:00-04:00,127.71022017589678,129.81979423998598,124.4647292466009,126.57429504394531,3274785,0.0,0.0
2000-06-23 00:00:00-04:00,126.41202458981944,129.4952392578125,126.08747219666455,129.4952392578125,2127456,0.0,0.0
2000-06-26 00:00:00-04:00,128.19707740606407,129.9820994691813,127.38569622578656,129.6575469970703,1899514,0.0,0.0
2000-06-27 00:00:00-04:00,129.8198031864609,130.63117597470026,127.38567655499745,127.87250518798828,2047622,0.0,0.0
2000-06-28 00:00:00-04:00,129.17072944582628,131.92939245350797,128.68390072676706,131.23973083496094,2764105,0.0,0.0
2000-06-29 00:00:00-04:00,131.11803617289812,131.11803617289812,128.03482029429674,129.17074584960938,2690280,0.0,0.0
2000-06-30 00:00:00-04:00,127.87252551565348,137.8929963368248,127.38569680527237,137.6090087890625,3980501,0.0,0.0
2000-07-03 00:00:00-04:00,136.31078988531326,136.31078988531326,133.38984297061452,135.01258850097656,1378130,0.0,0.0
2000-07-05 00:00:00-04:00,136.02003709617134,136.02003709617134,128.8610895202848,130.00001525878906,2829041,0.656564,0.0
2000-07-06 00:00:00-04:00,130.32547734206966,132.76602637205534,129.67465763653868,130.65087890625,2006599,0.0,0.0
2000-07-07 00:00:00-04:00,132.11517101773077,134.06761290783217,130.97624520040787,133.57949829101562,2073642,0.0,0.0
2000-07-10 00:00:00-04:00,133.5794856356693,136.99625447535024,133.09137935367843,136.50814819335938,2555422,0.0,0.0
2000-07-11 00:00:00-04:00,136.18280075645825,138.94875972217238,135.53198931999182,136.0200958251953,2694370,0.0,0.0
2000-07-12 00:00:00-04:00,140.25036708269332,140.25036708269332,136.0200727420943,139.92495727539062,2250024,0.0,0.0
2000-07-13 00:00:00-04:00,138.62335626778864,140.57579883928824,135.20657762337171,136.67091369628906,3359564,0.0,0.0
2000-07-14 00:00:00-04:00,136.18278114802564,136.67089587153276,134.06764221191406,134.06764221191406,2321136,0.0,0.0
2000-07-17 00:00:00-04:00,134.23032114289063,141.71467960840408,134.23032114289063,139.76223754882812,3833039,0.0,0.0
2000-07-18 00:00:00-04:00,139.5995711586388,139.92498102116474,136.0200958251953,136.0200958251953,2501337,0.0,0.0
2000-07-19 00:00:00-04:00,137.80978512534602,138.78599773442096,136.83356422768907,137.32167053222656,1988821,0.0,0.0
2000-07-20 00:00:00-04:00,138.4606122263954,142.5282011494384,137.4843912164084,141.38926696777344,2341293,0.0,0.0
2000-07-21 00:00:00-04:00,142.2028067099146,142.52821651117736,139.59954487698022,140.90118408203125,2716718,0.0,0.0
2000-07-24 00:00:00-04:00,141.0638898513845,142.20280758565033,139.59954573668415,140.57577514648438,1969770,0.0,0.0
2000-07-25 00:00:00-04:00,140.57582435858384,141.06393923436084,139.27418468984519,139.4368896484375,1766909,0.0,0.0
2000-07-26 00:00:00-04:00,140.41304082925643,140.41304082925643,135.69464111328125,135.69464111328125,3498283,0.0,0.0
2000-07-27 00:00:00-04:00,136.99631526581547,138.1352414806211,136.02009398006567,136.67091369628906,2876741,0.0,0.0
2000-07-28 00:00:00-04:00,136.67093859129884,136.99634022009812,131.13901972725662,132.6033477783203,2797470,0.0,0.0
2000-07-31 00:00:00-04:00,134.39302021829621,137.6470929397484,133.9049138687989,134.55572509765625,3587778,0.0,0.0
2000-08-01 00:00:00-04:00,135.20652387253952,137.64708026097287,134.88112243237518,137.32167053222656,2713212,0.0,0.0
2000-08-02 00:00:00-04:00,136.50821951738783,137.484440880016,134.06767025511036,135.36929321289062,3222932,0.0,0.0
2000-08-03 00:00:00-04:00,140.25036351173895,140.25036351173895,135.0438564589642,137.64710998535156,2699128,0.0,0.0
2000-08-04 00:00:00-04:00,135.0438098935609,139.27408609061246,133.25406490468384,138.9486846923828,1896425,0.0,0.0
2000-08-07 00:00:00-04:00,135.69460902369613,139.59948347849257,135.69460902369613,136.99623107910156,1612895,0.0,0.0
2000-08-08 00:00:00-04:00,138.1352199123938,140.08766217904198,135.3692614160729,139.92495727539062,1837937,0.0,0.0
2000-08-09 00:00:00-04:00,140.2504002872969,146.2704334161494,139.59958051860846,145.61961364746094,4473235,0.0,0.0
2000-08-10 00:00:00-04:00,145.45687217679162,148.87364195001084,144.48065934608658,148.3855438232422,3806351,0.0,0.0
2000-08-11 00:00:00-04:00,146.10769479333774,149.3617597323115,145.13146536534475,147.24661254882812,2527127,0.0,0.0
2000-08-14 00:00:00-04:00,146.7584948101209,148.87364195001084,145.29416727547948,148.3855438232422,1626521,0.0,0.0
2000-08-15 00:00:00-04:00,147.7347238058488,149.3617562372633,146.2703962752925,149.03634643554688,2251923,0.0,0.0
2000-08-16 00:00:00-04:00,149.0363327856619,149.0363327856619,146.27038287873435,147.8974151611328,1554887,0.0,0.0
2000-08-17 00:00:00-04:00,146.59577690431436,149.03633363032705,145.78226904708765,147.57200622558594,2155479,0.0,0.0
2000-08-18 00:00:00-04:00,146.27035522460938,147.08386292342234,145.13142123824292,146.27035522460938,1736027,0.0,0.0
2000-08-21 00:00:00-04:00,147.57202235815913,148.54823520898404,146.10769479333774,147.24661254882812,1630527,0.0,0.0
2000-08-22 00:00:00-04:00,147.4092568832947,148.22278107234655,145.94492992016262,146.43304443359375,1687555,0.0,0.0
2000-08-23 00:00:00-04:00,146.43308301659312,151.1514748248381,146.10767325523162,150.82606506347656,2360552,0.0,0.0
2000-08-24 00:00:00-04:00,151.1514395507005,155.05632262142666,150.33791533714847,153.42929077148438,2500043,0.0,0.0
2000-08-25 00:00:00-04:00,153.7547303233594,155.05635274071764,153.2666157004132,154.24282836914062,1689829,0.0,0.0
2000-08-28 00:00:00-04:00,154.89365946757516,157.4969210744348,154.73095458107355,156.19528198242188,2619961,0.0,0.0
2000-08-29 00:00:00-04:00,155.05636518716236,156.0325779342508,154.08013586290758,155.869873046875,1717435,0.0,0.0
2000-08-30 00:00:00-04:00,153.9174114556129,154.40550942610403,148.71088943496628,149.68711853027344,2187279,0.0,0.0
2000-08-31 00:00:00-04:00,149.0363695078782,154.40558233590463,148.8736645818316,152.6158447265625,2483204,0.0,0.0
2000-09-01 00:00:00-04:00,154.24283197491093,155.38176612174385,150.50065293250492,152.29039001464844,1615253,0.0,0.0
2000-09-05 00:00:00-04:00,152.1277192139968,153.42935853052327,150.5006866455078,150.5006866455078,1942268,0.0,0.0
2000-09-06 00:00:00-04:00,153.42936661006934,154.2428746485684,152.2904321481327,153.59207153320312,3048449,0.0,0.0
2000-09-07 00:00:00-04:00,153.26666168693552,154.0801697254346,151.47692410963367,153.59207153320312,1675870,0.0,0.0
2000-09-08 00:00:00-04:00,153.10392311581913,156.1952828216266,151.63959570660327,155.869873046875,2270118,0.0,0.0
2000-09-11 00:00:00-04:00,154.89367545125876,156.35800300371298,152.77852828563914,155.3817901611328,2457518,0.0,0.0
2000-09-12 00:00:00-04:00,154.89370925418672,155.5445290093825,153.42938138216775,153.75479125976562,2124180,0.0,0.0
2000-09-13 00:00:00-04:00,153.10397150456984,155.2191191317846,152.45315174937406,153.75479125976562,1586833,0.0,0.0
2000-09-14 00:00:00-04:00,154.0801697254346,154.568284494836,151.80233395590128,153.59207153320312,1653605,0.0,0.0
2000-09-15 00:00:00-04:00,152.29038205221386,152.61579179143794,146.75846621689809,147.7346954345703,4224197,0.0,0.0
2000-09-18 00:00:00-04:00,147.5719720676037,151.96496984216103,147.40926721838582,149.68711853027344,2675319,0.0,0.0
2000-09-19 00:00:00-04:00,149.84987135788361,150.82608418858865,147.4093144153694,148.3855438232422,2480658,0.0,0.0
2000-09-20 00:00:00-04:00,147.40931701660156,148.54823476871644,143.17902266217257,147.40931701660156,2965485,0.0,0.0
2000-09-21 00:00:00-04:00,144.80599605549003,150.66332048517958,144.64330779484092,146.43304443359375,2237212,0.0,0.0
2000-09-22 00:00:00-04:00,150.66344006381735,150.98884999770962,143.50448782688514,149.19911193847656,2973414,0.0,0.0
2000-09-25 00:00:00-04:00,148.38550921732806,151.8022781937012,148.06009949059467,151.15145874023438,2295951,0.0,0.0
2000-09-26 00:00:00-04:00,148.54821290487848,153.10391639714987,148.54821290487848,150.98876953125,2930617,0.0,0.0
2000-09-27 00:00:00-04:00,151.4769222798009,154.89369246999647,150.50069275279088,154.73098754882812,3063619,0.0,0.0
2000-09-28 00:00:00-04:00,154.0801697254346,155.54451403363882,152.6158419944003,153.59207153320312,2329650,0.0,0.0
2000-09-29 00:00:00-04:00,152.31870439898802,153.6233564503943,150.5248015973982,150.8509521484375,2234667,0.656564,0.0
2000-10-02 00:00:00-04:00,151.34022991781887,153.6233838772101,150.68789546777776,152.64488220214844,2482056,0.0,0.0
2000-10-03 00:00:00-04:00,152.9710399055558,156.2326787212368,152.6448727008374,154.1126251220703,2551833,0.0,0.0
2000-10-04 00:00:00-04:00,153.6233673095703,155.90652102273293,152.97103292988075,153.6233673095703,2382754,0.0,0.0
2000-10-05 00:00:00-04:00,154.27564488998823,156.39569761194315,153.29714368070617,155.90646362304688,2457747,0.0,0.0
2000-10-06 00:00:00-04:00,155.25419383196606,156.39576243353136,150.85096979667543,155.0911102294922,2922417,0.0,0.0
2000-10-09 00:00:00-04:00,154.2757183272512,156.0696214491116,152.48179858963815,152.64488220214844,2021435,0.0,0.0
2000-10-10 00:00:00-04:00,153.29715249313344,154.43872068717516,150.19859838377323,151.5032501220703,2296911,0.0,0.0
2000-10-11 00:00:00-04:00,148.07857808546828,150.52481544569008,144.32768855381212,147.75241088867188,3862586,0.0,0.0
2000-10-12 00:00:00-04:00,147.5892563623953,149.0569914268694,140.9028985043782,142.20755004882812,3632598,0.0,0.0
2000-10-13 00:00:00-04:00,142.53379903701796,150.36174603579076,142.20763180944363,148.73092651367188,3245301,0.0,0.0
2000-10-16 00:00:00-04:00,148.73089647227545,151.014033372631,147.75239498719498,150.6878662109375,2711397,0.0,0.0
2000-10-17 00:00:00-04:00,150.52483852335288,150.52483852335288,143.34920894095657,145.1431121826172,3517208,0.0,0.0
2000-10-18 00:00:00-04:00,140.25061797608822,145.6323263445498,137.9674727475931,144.81692504882812,3842533,0.0,0.0
2000-10-19 00:00:00-04:00,144.81696155156837,145.95853029962376,142.85997468650643,145.1431121826172,2752044,0.0,0.0
2000-10-20 00:00:00-04:00,142.8599028542087,144.16455456966517,134.70579224717864,136.0104522705078,3755938,0.0,0.0
2000-10-23 00:00:00-04:00,134.7058590910667,135.6843525171445,127.85641341639914,129.8134002685547,14877461,0.0,0.0
2000-10-24 00:00:00-04:00,131.77028914960428,139.27206420898438,130.6287211858587,139.27206420898438,9597475,0.0,0.0
2000-10-25 00:00:00-04:00,139.2721534117083,140.57681403030543,136.01051432703022,138.13058471679688,6103867,0.0,0.0
2000-10-26 00:00:00-04:00,138.29359692649297,139.27208986702166,134.05346638945042,136.0104522705078,3895805,0.0,0.0
2000-10-27 00:00:00-04:00,137.47821612368082,138.78287641838736,135.1950709927874,136.33663940429688,3226751,0.0,0.0
2000-10-30 00:00:00-05:00,136.82591254100197,140.90296936035156,136.33666173489962,140.90296936035156,3804911,0.0,0.0
2000-10-31 00:00:00-05:00,141.2291076150003,143.3491607753679,140.41368977197567,143.02301025390625,3583166,0.0,0.0
2000-11-01 00:00:00-05:00,142.85994308310458,143.3491772293266,140.57678947631808,142.04452514648438,3317769,0.0,0.0
2000-11-02 00:00:00-05:00,141.5552599344008,143.512246166768,139.5982737020336,140.0875244140625,2991839,0.0,0.0
2000-11-03 00:00:00-05:00,140.41373044308148,140.5768140589239,138.13058474491734,139.10906982421875,2516986,0.0,0.0
2000-11-06 00:00:00-05:00,139.76131386420914,142.37063356885227,139.10898809198414,142.20755004882812,2492406,0.0,0.0
2000-11-07 00:00:00-05:00,142.20756818254526,143.67530343417883,141.55523401926573,143.34913635253906,2019891,0.0,0.0
2000-11-08 00:00:00-05:00,143.1861149850255,144.16459992552424,141.2291284882774,142.37069702148438,1978659,0.0,0.0
2000-11-09 00:00:00-05:00,141.06604489556918,143.1861149850255,138.61980762069638,142.37069702148438,2565521,0.0,0.0
2000-11-10 00:00:00-05:00,140.2506607388919,143.34921651574152,138.94600829849543,140.5768280029297,2556674,0.0,0.0
2000-11-13 00:00:00-05:00,135.6843497245007,138.9459971802546,131.77037610074666,134.21661376953125,3851589,0.0,0.0
2000-11-14 00:00:00-05:00,134.21654486060095,138.61975877270515,133.72729425488248,137.64126586914062,3068898,0.0,0.0
2000-11-15 00:00:00-05:00,136.66278553623792,138.45668797313616,134.54271599885888,136.98895263671875,2532386,0.0,0.0
2000-11-16 00:00:00-05:00,136.3366011248126,139.76132201352462,135.84735884408465,137.31509399414062,2151974,0.0,0.0
2000-11-17 00:00:00-05:00,137.47821584819755,139.43521044027312,133.56424327979528,135.358154296875,2501379,0.0,0.0
2000-11-20 00:00:00-05:00,133.72730791672438,135.52121037188252,130.1395030064081,130.62875366210938,3087135,0.0,0.0
2000-11-21 00:00:00-05:00,130.62879593887163,134.5427609118329,130.62879593887163,132.42269897460938,2544426,0.0,0.0
2000-11-22 00:00:00-05:00,130.4657104848028,130.62879408717194,126.22557005470905,126.7148208618164,4637202,0.0,0.0
2000-11-24 00:00:00-05:00,129.16102822671223,129.9764377933904,128.01945151021303,128.83486938476562,1315197,0.0,0.0
2000-11-27 00:00:00-05:00,130.79183771733707,132.58574029334704,128.18252563476562,128.18252563476562,3356538,0.0,0.0
2000-11-28 00:00:00-05:00,128.18256778141716,131.6888323048595,127.20407439023832,129.97647094726562,3090765,0.0,0.0
2000-11-29 00:00:00-05:00,128.50872217860163,132.9119378451619,127.85639608559752,129.65029907226562,2658355,0.0,0.0
2000-11-30 00:00:00-05:00,128.5087175335154,130.62878764399122,125.08399528418947,129.32412719726562,4204353,0.0,0.0
2000-12-01 00:00:00-05:00,132.7488145864551,134.216558242073,131.2810792387104,133.07498168945312,3798255,0.0,0.0
2000-12-04 00:00:00-05:00,133.07493123083967,135.35808347036647,132.5856807618539,134.70574951171875,2502589,0.0,0.0
2000-12-05 00:00:00-05:00,135.03199941111566,142.2076108996592,134.70583223149998,141.2291259765625,4171364,0.0,0.0
2000-12-06 00:00:00-05:00,139.76141213228735,141.22916484450084,137.96751707432549,140.7399139404297,3313283,0.0,0.0
2000-12-07 00:00:00-05:00,138.61970608384345,141.22902504013754,138.61970608384345,139.5981903076172,2161572,0.0,0.0
2000-12-08 00:00:00-05:00,142.20765299335022,144.98005822496953,141.71840207910768,144.00155639648438,3517730,0.0,0.0
2000-12-11 00:00:00-05:00,144.00150008770726,146.61082066092538,141.8814302374204,144.32766723632812,3431448,0.0,0.0
2000-12-12 00:00:00-05:00,140.5768092935067,143.67536465796834,136.49975226716086,137.80441284179688,5283303,0.0,0.0
2000-12-13 00:00:00-05:00,137.80441287233353,139.92447488325703,137.64132926198337,138.2936553955078,3664816,0.0,0.0
2000-12-14 00:00:00-05:00,137.6413365363777,137.8044201553469,134.21661376953125,134.21661376953125,3286470,0.0,0.0
2000-12-15 00:00:00-05:00,131.4442151879722,133.7273608954718,128.50873501443562,129.97647094726562,7490886,0.0,0.0
2000-12-18 00:00:00-05:00,131.93340513683322,134.216558242073,131.77032158533422,133.07498168945312,2909021,0.0,0.0
2000-12-19 00:00:00-05:00,133.07497737198577,134.21655388756852,130.7918243408203,130.7918243408203,3208764,0.0,0.0
2000-12-20 00:00:00-05:00,126.71483042123211,128.99797610301368,123.77935028076172,123.77935028076172,4228412,0.0,0.0
2000-12-21 00:00:00-05:00,124.10546612147029,126.55169440500869,123.12697314648032,124.9208755493164,4105573,0.0,0.0
2000-12-22 00:00:00-05:00,125.57328616694393,128.83493438716357,124.92095984605146,127.5302734375,2441326,0.0,0.0
2000-12-26 00:00:00-05:00,126.87783563377018,128.9978963908218,125.41009231656533,128.67173767089844,1901705,0.0,0.0
2000-12-27 00:00:00-05:00,128.76340539371685,130.23592701499433,126.14559936523436,126.14559936523438,2552292,0.76679,0.0
2000-12-28 00:00:00-05:00,128.10891746948406,128.76336669619218,124.6730402757066,126.80001068115234,2621213,0.0,0.0
2000-12-29 00:00:00-05:00,126.9636940639112,127.78175812556306,124.67310802335003,125.49118041992188,2291798,0.0,0.0
2001-01-02 00:00:00-05:00,122.38253475244886,122.70976372293529,111.58407874543994,114.52910614013672,7686631,0.0,0.0
2001-01-03 00:00:00-05:00,115.83799927993121,125.49116935947517,114.69270636059359,125.1639404296875,8180764,0.0,0.0
2001-01-04 00:00:00-05:00,123.8550254743142,127.61812459716076,123.36419044455623,125.8183822631836,5618519,0.0,0.0
2001-01-05 00:00:00-05:00,125.00029600174014,125.16391042741496,120.74636260878086,123.8550033569336,4755492,0.0,0.0
2001-01-08 00:00:00-05:00,123.6914375988903,123.6914375988903,116.81968782426085,119.27388000488281,4843235,0.0,0.0
2001-01-09 00:00:00-05:00,120.25557328959125,121.07363745010781,114.52911583105433,116.8197021484375,4187013,0.0,0.0
2001-01-10 00:00:00-05:00,115.51071705054844,118.12853061108531,113.05652621432495,116.98323822021484,5175926,0.0,0.0
2001-01-11 00:00:00-05:00,119.43747021028307,123.03695467762955,118.45579187055964,121.89167022705078,4924238,0.0,0.0
2001-01-12 00:00:00-05:00,122.54612461543265,122.87334518525284,117.80134717131276,119.60108947753906,3506128,0.0,0.0
2001-01-16 00:00:00-05:00,119.60111948084419,124.50951260865989,119.43750498743022,124.01866912841797,4122850,0.0,0.0
2001-01-17 00:00:00-05:00,125.6547650974332,126.96367237341418,121.56444548796487,122.2188949584961,5093859,0.0,0.0
2001-01-18 00:00:00-05:00,124.01859306004283,125.81833471386079,122.05523701316585,124.67304229736328,4025154,0.0,0.0
2001-01-19 00:00:00-05:00,125.16393571008278,125.98199966878566,122.05528599907666,123.0369644165039,4039719,0.0,0.0
2001-01-22 00:00:00-05:00,122.70970566183355,124.01860425462264,118.94660762146134,119.7646713256836,4317615,0.0,0.0
2001-01-23 00:00:00-05:00,121.72805993932732,123.36418778311464,120.74638156607122,122.2188949584961,4407277,0.0,0.0
2001-01-24 00:00:00-05:00,121.72807179544938,123.52781426589122,119.92832932500754,121.23722839355469,3994857,0.0,0.0
2001-01-25 00:00:00-05:00,121.40082406993027,123.52779514574719,119.9283107620066,120.25553131103516,4342696,0.0,0.0
2001-01-26 00:00:00-05:00,121.56448094737034,122.54615960697441,116.65608764934998,116.8197021484375,5604351,0.0,0.0
2001-01-29 00:00:00-05:00,117.46099533200756,121.07356462527432,115.18350454539747,116.17826843261719,4804904,0.0,0.0
2001-01-30 00:00:00-05:00,117.17308945000295,121.12598362493804,116.28303667826818,121.07362365722656,4140503,0.0,0.0
2001-01-31 00:00:00-05:00,122.38247569804541,122.90603346326601,119.26728407396311,120.36676788330078,4454122,0.0,0.0
2001-02-01 00:00:00-05:00,121.7280879730591,122.33017762384694,120.1573972131713,121.02127838134766,3669719,0.0,0.0
2001-02-02 00:00:00-05:00,121.07360544598852,122.77518745178817,120.02648959846091,121.15214538574219,3347044,0.0,0.0
2001-02-05 00:00:00-05:00,121.41384433409294,125.91647300538759,120.54997221580565,125.26202392578125,4558641,0.0,0.0
2001-02-06 00:00:00-05:00,125.26210023513121,125.89036973391421,123.56052659061227,124.60765075683594,3330789,0.0,0.0
2001-02-07 00:00:00-05:00,124.79084555347254,125.13116015041263,122.0421488085913,122.90602111816406,2719097,0.0,0.0
2001-02-08 00:00:00-05:00,125.0003429209064,126.04746730334861,123.11552570044675,123.40348052978516,3695093,0.0,0.0
2001-02-09 00:00:00-05:00,123.40344411878608,123.42962409597965,118.82228150662891,119.52909088134766,3855804,0.0,0.0
2001-02-12 00:00:00-05:00,119.52910862071035,125.1835761227242,119.52910862071035,124.37205505371094,3746152,0.0,0.0
2001-02-13 00:00:00-05:00,124.76466319447769,125.62854382241986,123.37722486393062,123.45576477050781,2988479,0.0,0.0
2001-02-14 00:00:00-05:00,123.45579300064495,123.53432459026436,120.73326731980472,121.09976196289062,2762623,0.0,0.0
2001-02-15 00:00:00-05:00,121.20448972776263,125.91654409817562,120.81182339226389,125.60240936279297,5010311,0.0,0.0
2001-02-16 00:00:00-05:00,121.72806541654685,123.90084542460099,121.09978756202909,123.0369644165039,3529937,0.0,0.0
2001-02-20 00:00:00-05:00,123.56052677543975,126.46628779776536,123.4819868367854,124.84325408935547,4179982,0.0,0.0
2001-02-21 00:00:00-05:00,124.86939718276098,126.83275350658349,123.61285013570459,123.82227325439453,3859727,0.0,0.0
2001-02-22 00:00:00-05:00,123.95317067419346,124.34584529157391,120.57620397137373,123.29872131347656,4778633,0.0,0.0
2001-02-23 00:00:00-05:00,121.85894282394673,123.036950120044,117.85368967849496,120.89035034179688,4876120,0.0,0.0
2001-02-26 00:00:00-05:00,123.03695485320556,125.68094096290906,120.94271494906957,125.60240936279297,4397261,0.0,0.0
2001-02-27 00:00:00-05:00,124.29348830576637,125.65474700927736,123.0369411690703,125.65474700927734,4711360,0.0,0.0
2001-02-28 00:00:00-05:00,125.65476295240188,126.28304076792473,119.37202647176547,121.72805786132812,5540688,0.0,0.0
2001-03-01 00:00:00-05:00,119.1102597506221,120.60240195177876,117.56574925349304,120.18355560302734,4999085,0.0,0.0
2001-03-02 00:00:00-05:00,118.71754697744181,119.52906776910052,116.5447676539469,116.6756591796875,4586622,0.0,0.0
2001-03-05 00:00:00-05:00,117.56896614734238,119.17158153244225,117.17487669438981,118.43595123291016,3478793,0.76679,0.0
2001-03-06 00:00:00-05:00,121.50981656341153,122.42935023803238,119.06649044195201,119.32920837402344,3274242,0.0,0.0
2001-03-07 00:00:00-05:00,119.46052575891026,121.53604430737856,119.46052575891026,120.80042266845703,2898212,0.0,0.0
2001-03-08 00:00:00-05:00,121.24710493328618,121.79882349374519,118.22577745536715,120.511474609375,3457969,0.0,0.0
2001-03-09 00:00:00-05:00,118.88263639134689,119.19790308182584,114.15360257435292,115.09941101074219,4150560,0.0,0.0
2001-03-12 00:00:00-05:00,112.97126707450975,113.7594374018868,101.41141329978973,104.03865051269531,9537589,0.0,0.0
2001-03-13 00:00:00-05:00,109.0303986925956,111.6576357035716,107.05996884312721,111.21100616455078,8959888,0.0,0.0
2001-03-14 00:00:00-05:00,107.05995567912731,111.00081489349944,105.35225225021793,107.79558563232422,7394379,0.0,0.0
2001-03-15 00:00:00-05:00,109.03038585350437,109.94991911731178,106.92859314624616,107.92694091796875,5184773,0.0,0.0
2001-03-16 00:00:00-05:00,106.14044942937036,109.68722027886444,105.35227905892131,106.6658935546875,9358703,0.0,0.0
2001-03-19 00:00:00-05:00,106.92861847314126,109.34567814950466,105.48364087273714,107.9795150756836,4346807,0.0,0.0
2001-03-20 00:00:00-05:00,109.0304454945194,110.60678670476909,105.089584103946,105.220947265625,4658256,0.0,0.0
2001-03-21 00:00:00-05:00,105.2209346488335,106.66591252414035,102.12079284576683,102.46233367919922,5600657,0.0,0.0
2001-03-22 00:00:00-05:00,101.80552161876189,101.96315069464583,95.68405283655663,99.04692077636719,11672849,0.0,0.0
2001-03-23 00:00:00-05:00,101.80553747254268,105.0633087158203,100.22918791358994,105.06330871582031,9543495,0.0,0.0
2001-03-26 00:00:00-05:00,106.40322672767688,107.7168418537268,105.22096642227139,105.6938705444336,6498551,0.0,0.0
2001-03-27 00:00:00-05:00,107.05999667350457,110.97458309599564,106.53455248069774,110.10758972167969,7627079,0.0,0.0
2001-03-28 00:00:00-05:00,108.37358818042176,109.29312152408075,107.1913286343044,109.16175842285156,5605478,0.0,0.0
2001-03-29 00:00:00-05:00,108.50499675068791,108.97790080376284,106.92865548373781,108.7677230834961,5626511,0.0,0.0
2001-03-30 00:00:00-05:00,109.68724907631515,110.1338787913302,108.29481132246873,109.97624969482422,6140529,0.0,0.0
2001-04-02 00:00:00-04:00,109.08296566220919,112.05175249383625,107.4015359050932,109.81859588623047,5059722,0.0,0.0
2001-04-03 00:00:00-04:00,109.16179892069196,109.26688776767308,103.1454185150445,104.24885559082031,4924279,0.0,0.0
2001-04-04 00:00:00-04:00,103.9072873973081,107.45406641792417,102.56739867726174,104.03865051269531,5598675,0.0,0.0
2001-04-05 00:00:00-04:00,107.71679440251665,111.00084750085763,106.66589774564542,110.60675811767578,4965052,0.0,0.0
2001-04-06 00:00:00-04:00,109.16179343320486,109.55587449833672,106.00910308741,108.16343688964844,5144188,0.0,0.0
2001-04-09 00:00:00-04:00,108.87280289129323,111.39495205468663,108.29481002614271,110.34405517578125,3710283,0.0,0.0
2001-04-10 00:00:00-04:00,112.31441040227264,119.61813504480197,111.9203295652495,115.1518325805664,5448397,0.0,0.0
2001-04-11 00:00:00-04:00,116.64941254516818,116.91213043734624,112.31446276239204,113.68062591552734,4204103,0.0,0.0
2001-04-12 00:00:00-04:00,114.41621243756747,117.43753814697266,113.54922783075136,117.43753814697266,3602614,0.0,0.0
2001-04-16 00:00:00-04:00,116.99093929775312,117.5689319751169,115.36205008291466,117.30620574951172,2948437,0.0,0.0
2001-04-17 00:00:00-04:00,115.86126465076798,119.51313383019797,115.57227238287169,119.43431091308594,4279117,0.0,0.0
2001-04-18 00:00:00-04:00,120.53772455518164,126.00237717725821,119.59191671983851,125.81847381591797,7603542,0.0,0.0
2001-04-19 00:00:00-04:00,124.79386793562409,127.55246890984512,124.34723825769667,127.44738006591797,4603503,0.0,0.0
2001-04-20 00:00:00-04:00,127.44740292808495,127.44740292808495,124.79389032179041,126.37023162841797,4855775,0.0,0.0
2001-04-23 00:00:00-04:00,125.45063846414921,125.47691275865286,123.16494214124505,124.00566101074219,3382809,0.0,0.0
2001-04-24 00:00:00-04:00,123.48023306876279,125.5820264768555,120.5640032891052,120.82672119140625,3884140,0.0,0.0
2001-04-25 00:00:00-04:00,122.69207605061062,127.36855894837674,121.9039055276117,125.60831451416016,3726246,0.0,0.0
2001-04-26 00:00:00-04:00,128.60336975541287,129.7593554398864,127.39483546485035,129.5229034423828,4391148,0.0,0.0
2001-04-27 00:00:00-04:00,129.52291693631312,131.23062133789062,126.86940444618517,131.23062133789062,3272093,0.0,0.0
2001-04-30 00:00:00-04:00,131.33569588902097,131.3882444948602,126.13376033361561,127.49992370605469,3807874,0.0,0.0
2001-05-01 00:00:00-04:00,126.23881473863074,128.6033340573165,125.58200753452742,128.4982452392578,2726671,0.0,0.0
2001-05-02 00:00:00-04:00,128.81353315243493,129.89070417316466,126.42274750466396,128.9974365234375,3780874,0.0,0.0
2001-05-03 00:00:00-04:00,128.99742226718672,129.02369656441124,126.13373299338055,127.42108154296875,3853467,0.0,0.0
2001-05-04 00:00:00-04:00,125.05656501229673,131.3093874074492,124.82011307746332,131.1780242919922,3821166,0.0,0.0
2001-05-07 00:00:00-04:00,131.1779978063838,131.36190947686927,129.99574673586642,131.25682067871094,3073572,0.0,0.0
2001-05-08 00:00:00-04:00,131.25686292293236,131.3619517549129,127.97280973746224,129.99578857421875,3158247,0.0,0.0
2001-05-09 00:00:00-04:00,128.73472956584845,132.4128642183042,128.10418813388117,129.86444091796875,4819927,0.0,0.0
2001-05-10 00:00:00-04:00,131.75600896578126,131.88737207324692,129.81185337816981,130.91529846191406,2831106,0.0,0.0
2001-05-11 00:00:00-04:00,130.9415788176399,131.36194248083183,127.44735657984613,128.76097106933594,2477528,0.0,0.0
2001-05-14 00:00:00-04:00,128.76097230054046,131.33566943927846,128.18297957745315,130.652587890625,2289482,0.0,0.0
2001-05-15 00:00:00-04:00,130.65257521899173,132.30773869978594,129.52286418001293,131.75601196289062,3721363,0.0,0.0
2001-05-16 00:00:00-04:00,131.3356983683672,137.27325596297172,130.44243897182466,137.1681671142578,5108173,0.0,0.0
2001-05-17 00:00:00-04:00,136.61644069316202,138.27160460366807,135.8282701907609,136.9054412841797,4059396,0.0,0.0
2001-05-18 00:00:00-04:00,136.9054360466614,139.2174072265625,136.45880639121884,139.2174072265625,3610271,0.0,0.0
2001-05-21 00:00:00-04:00,139.21742336947628,140.68866728098655,138.45551874482967,140.29458618164062,3806956,0.0,0.0
2001-05-22 00:00:00-04:00,139.6377541547402,140.00556925024665,135.82825679796477,138.4029541015625,3626318,0.0,0.0
2001-05-23 00:00:00-04:00,137.79868569608078,138.79703377560543,134.488366598754,134.90872192382812,3338385,0.0,0.0
2001-05-24 00:00:00-04:00,134.64601066278718,136.43253772326625,133.33239594311985,135.04010009765625,2728173,0.0,0.0
2001-05-25 00:00:00-04:00,134.51466697708597,134.51466697708597,130.17972439116232,131.23062133789062,3262766,0.0,0.0
2001-05-29 00:00:00-04:00,132.38658039451533,132.80693574229548,130.44242436361066,130.49496459960938,2716280,0.0,0.0
2001-05-30 00:00:00-04:00,130.4949969604964,131.49335370647384,128.73475223144084,128.78729248046875,3255003,0.0,0.0
2001-05-31 00:00:00-04:00,129.12885293323328,130.4424764671777,128.07795577906793,128.73477172851562,2793485,0.0,0.0
2001-06-01 00:00:00-04:00,128.70849741754753,129.8119348286981,126.10752466062677,128.73477172851562,2808467,0.0,0.0
2001-06-04 00:00:00-04:00,128.99736754158172,130.3635300383186,128.4981979308159,129.91690063476562,2879683,0.0,0.0
2001-06-05 00:00:00-04:00,129.26012915298617,129.65421845749955,127.73632888645791,129.20758056640625,3178508,0.0,0.0
2001-06-06 00:00:00-04:00,128.7346964246157,129.4965924423596,127.18462172858297,128.077880859375,2924963,0.0,0.0
2001-06-07 00:00:00-04:00,128.07788160207693,128.68214857962397,126.55408955775292,128.4982452392578,2326290,0.0,0.0
2001-06-08 00:00:00-04:00,128.3143633107302,128.3143633107302,125.55576237539664,126.47529602050781,3506733,0.0,0.0
2001-06-11 00:00:00-04:00,125.71336464438316,128.60332791534037,124.05820120035222,124.5311050415039,3730774,0.0,0.0
2001-06-12 00:00:00-04:00,124.5311573604166,129.44409280262826,121.53610401811659,128.13047790527344,7840019,0.0,0.0
2001-06-13 00:00:00-04:00,126.37014013796569,129.49655454575222,125.31924390606692,125.71333312988281,6907800,0.0,0.0
2001-06-14 00:00:00-04:00,128.1304760840311,131.91369998395925,125.71341567310904,128.36692810058594,12546455,0.0,0.0
2001-06-15 00:00:00-04:00,126.8955703036471,129.6541692943811,126.10739199348697,128.23545837402344,9130406,0.0,0.0
2001-06-18 00:00:00-04:00,128.73477172851562,130.62637991405248,127.52623707349264,128.73477172851562,4194734,0.0,0.0
2001-06-19 00:00:00-04:00,130.8365301117884,131.3094341497953,128.0779288000475,128.39320373535156,4713301,0.0,0.0
2001-06-20 00:00:00-04:00,127.9464584047722,133.5950194563636,127.60491781523197,133.3848419189453,6260405,0.0,0.0
2001-06-21 00:00:00-04:00,132.41287797740262,137.71990281853593,132.36032936721656,134.64602661132812,6670781,0.0,0.0
2001-06-22 00:00:00-04:00,134.2519453519111,137.74616861214474,134.22567104684603,136.24864196777344,5136092,0.0,0.0
2001-06-25 00:00:00-04:00,135.828203126884,138.21898775556159,131.75598111599277,132.01870727539062,5653428,0.0,0.0
2001-06-26 00:00:00-04:00,128.73472552975576,131.2831403852451,128.15673272063543,128.18299865722656,6427710,0.0,0.0
2001-06-27 00:00:00-04:00,127.94659660086518,128.99749378798077,125.42444669776826,126.79061889648438,5636172,0.0,0.0
2001-06-28 00:00:00-04:00,125.4506906505251,129.9169963412081,124.50488257451126,128.39320373535156,4919209,0.0,0.0
2001-06-29 00:00:00-04:00,128.73477172851562,134.2257012032024,127.36859957263499,128.73477172851562,10994468,0.0,0.0
2001-07-02 00:00:00-04:00,128.52450769610996,131.8873748779297,128.41941888089178,131.8873748779297,4837392,0.0,0.0
2001-07-03 00:00:00-04:00,130.04837168819847,131.09926871946018,129.41783848841143,130.07464599609375,3666235,0.0,0.0
2001-07-05 00:00:00-04:00,128.6248919926439,130.2063514296478,127.57058849866293,127.75509643554688,4061128,0.76679,0.0
2001-07-06 00:00:00-04:00,127.04350127167864,127.12257134385094,122.82628529329706,123.59066009521484,4891352,0.0,0.0
2001-07-09 00:00:00-04:00,123.61702617694459,124.22324408271544,122.03556590466307,123.48523712158203,3370686,0.0,0.0
2001-07-10 00:00:00-04:00,123.22160071237377,124.51312277340016,120.42769755833004,120.6122055053711,3969379,0.0,0.0
2001-07-11 00:00:00-04:00,120.71765208630305,121.08665124841724,116.76401530534805,117.58110046386719,5662588,0.0,0.0
2001-07-12 00:00:00-04:00,120.98119132998646,124.40767959579466,118.34543693540931,123.88052368164062,4471107,0.0,0.0
2001-07-13 00:00:00-04:00,122.8262764034391,125.85739911950718,121.61383235225276,125.0666732788086,3676584,0.0,0.0
2001-07-16 00:00:00-04:00,124.27593219359792,125.19844695992919,120.66494318502302,121.82467651367188,2869479,0.0,0.0
2001-07-17 00:00:00-04:00,120.58584732825824,122.61537602313118,119.66333275930413,121.53472137451172,3809356,0.0,0.0
2001-07-18 00:00:00-04:00,120.19050403332729,121.90374451446698,119.66335634377161,121.64017486572266,3537365,0.0,0.0
2001-07-19 00:00:00-04:00,122.0356104967596,125.06673470147068,121.3239543730025,122.51004791259766,2687776,0.0,0.0
2001-07-20 00:00:00-04:00,123.0898646245098,123.74880148071502,121.71927193540988,122.90536499023438,2503736,0.0,0.0
2001-07-23 00:00:00-04:00,122.56266031317907,122.87894885129154,119.13617177806648,119.39974975585938,3172331,0.0,0.0
2001-07-24 00:00:00-04:00,119.66336398733033,120.05872268173407,113.99648610031382,115.97330474853516,5490171,0.0,0.0
2001-07-25 00:00:00-04:00,117.02762719749846,118.37186039954734,113.73292612916376,115.4461669921875,5232306,0.0,0.0
2001-07-26 00:00:00-04:00,115.84157134646118,116.23693023071499,113.99654084108589,115.31441497802734,4927263,0.0,0.0
2001-07-27 00:00:00-04:00,116.36870213825941,118.21373237117278,115.57797609444945,117.68658447265625,3436080,0.0,0.0
2001-07-30 00:00:00-04:00,117.4229962244792,118.3455112615642,114.39187299060863,114.91902923583984,3483071,0.0,0.0
2001-07-31 00:00:00-04:00,114.26007492313217,116.63225248925522,113.31120053985559,114.65543365478516,5166703,0.0,0.0
2001-08-01 00:00:00-04:00,113.33755040733037,114.7344939849537,111.75609043873503,112.81039428710938,4866981,0.0,0.0
2001-08-02 00:00:00-04:00,113.6011669919474,113.81202617029227,110.9654104784943,111.22898864746094,5106984,0.0,0.0
2001-08-03 00:00:00-04:00,111.49250455334955,112.81037787807314,110.43820085833083,112.6785888671875,3187272,0.0,0.0
2001-08-06 00:00:00-04:00,111.75609387296865,112.04603142641342,108.80404972045906,109.09397888183594,4441644,0.0,0.0
2001-08-07 00:00:00-04:00,109.25213048446294,112.94218997527383,108.75133381914381,112.73133087158203,4867899,0.0,0.0
2001-08-08 00:00:00-04:00,111.62432693353665,112.01969411411002,109.38393808649617,109.779296875,3044922,0.0,0.0
2001-08-09 00:00:00-04:00,109.77924925975509,111.3607089040426,108.85673463061485,110.43819427490234,3099675,0.0,0.0
2001-08-10 00:00:00-04:00,110.70178115608552,112.83674823245472,109.09397017405956,112.20416259765625,2786390,0.0,0.0
2001-08-13 00:00:00-04:00,112.01967732856271,113.62748851624735,110.75451428920317,111.30802154541016,2962104,0.0,0.0
2001-08-14 00:00:00-04:00,112.28321458820282,112.67857317372925,109.91102950678334,110.306396484375,2620754,0.0,0.0
2001-08-15 00:00:00-04:00,110.70177674062349,111.51886194061143,109.93741050479402,110.12191009521484,3118664,0.0,0.0
2001-08-16 00:00:00-04:00,109.46295298940848,110.4381865080006,108.06600140443345,109.6474609375,3564470,0.0,0.0
2001-08-17 00:00:00-04:00,108.85676058429652,109.12033865319783,106.35279410593778,107.53888702392578,3270903,0.0,0.0
2001-08-20 00:00:00-04:00,108.06606034837871,110.43824674583985,106.51096783632742,109.4630126953125,2666263,0.0,0.0
2001-08-21 00:00:00-04:00,109.43663501330181,110.25372037082651,106.48459064500312,106.6690902709961,2904305,0.0,0.0
2001-08-22 00:00:00-04:00,106.87996650887789,108.85677715026772,106.1946617470303,107.67069244384766,3304394,0.0,0.0
2001-08-23 00:00:00-04:00,107.80246379117044,108.88311875489525,107.03808907899963,108.17146301269531,2192454,0.0,0.0
2001-08-24 00:00:00-04:00,108.3296340063784,111.38710831321185,108.09241537642782,110.67546081542969,2837095,0.0,0.0
2001-08-27 00:00:00-04:00,110.70181692462693,112.1778477520503,109.77930185352228,111.14989471435547,2988104,0.0,0.0
2001-08-28 00:00:00-04:00,111.36071520549683,111.49250421598369,108.46138215098507,108.6722412109375,2657082,0.0,0.0
2001-08-29 00:00:00-04:00,109.77927871068499,109.77927871068499,107.03809356689453,107.03809356689453,2482995,0.0,0.0
2001-08-30 00:00:00-04:00,107.27533234379474,109.38394057060003,105.0085839548244,105.95745849609375,4603440,0.0,0.0
2001-08-31 00:00:00-04:00,105.82563359326421,108.5931778066442,105.61476612834174,107.80245208740234,3601445,0.0,0.0
2001-09-04 00:00:00-04:00,107.80244314816302,111.14984533828773,106.35277245637405,107.61793518066406,3857369,0.0,0.0
2001-09-05 00:00:00-04:00,108.01330888143089,110.67542350221873,106.74814607892247,109.91104888916016,4207567,0.0,0.0
2001-09-06 00:00:00-04:00,108.85671401244193,109.43658048070147,106.51089705744168,106.74811553955078,3843577,0.0,0.0
2001-09-07 00:00:00-04:00,105.43023549719784,106.220960983637,103.69063607020593,104.5340805053711,5046075,0.0,0.0
2001-09-10 00:00:00-04:00,102.82090075785793,105.8520154986842,102.662752211143,103.71705627441406,5027713,0.0,0.0
2001-09-17 00:00:00-04:00,93.56937304262456,98.05015814775003,90.93361759208415,92.64685821533203,14907738,0.0,0.0
2001-09-18 00:00:00-04:00,92.77864605587138,95.41440147258231,88.45600113017676,89.22036743164062,9621555,0.0,0.0
2001-09-19 00:00:00-04:00,90.67005125299835,91.3289881028167,81.7084714919523,85.662109375,11822961,0.0,0.0
2001-09-20 00:00:00-04:00,82.49921480084431,83.10543274075455,80.04795837402344,80.04795837402344,9739595,0.0,0.0
2001-09-21 00:00:00-04:00,76.4369535453501,85.68846172891787,75.1190715633676,82.49919891357422,17921757,0.0,0.0
2001-09-24 00:00:00-04:00,88.95677072895592,93.49026497538372,86.32101611329519,92.77861785888672,14809667,0.0,0.0
2001-09-25 00:00:00-04:00,92.80498423848069,95.22988022726967,91.38168137884497,93.5693588256836,9191043,0.0,0.0
2001-09-26 00:00:00-04:00,95.31682281353321,95.31682281353321,92.66913469594515,93.94002532958984,5527125,0.76679,0.0
2001-09-27 00:00:00-04:00,94.25772665100442,95.31680336798992,92.72207341993129,95.18441772460938,4381883,0.0,0.0
2001-09-28 00:00:00-04:00,96.11113985011568,98.75882805074092,95.36978344471386,98.49405670166016,6775467,0.0,0.0
2001-10-01 00:00:00-04:00,98.758852552441,99.97678588626776,98.09692401551712,99.65906524658203,5159045,0.0,0.0
2001-10-02 00:00:00-04:00,99.42074251685762,100.9034468159267,97.14373264436084,100.74459075927734,4666582,0.0,0.0
2001-10-03 00:00:00-04:00,99.68549876687122,101.85660146304882,99.02357053079466,101.00933837890625,5351807,0.0,0.0
2001-10-04 00:00:00-04:00,101.80365238191486,102.46558067358214,98.22927332715055,98.99710845947266,5556734,0.0,0.0
2001-10-05 00:00:00-04:00,98.99713451282699,99.79144024180765,95.8728608161367,99.15599060058594,4768409,0.0,0.0
2001-10-08 00:00:00-04:00,97.30264995497892,98.62649903078818,95.97880930923529,97.4350357055664,3284279,0.0,0.0
2001-10-09 00:00:00-04:00,97.434995535607,98.41464462803074,96.40239722281724,97.48795318603516,2957639,0.0,0.0
2001-10-10 00:00:00-04:00,97.46147934327357,100.98291037490522,96.66717355667951,100.37393951416016,3754687,0.0,0.0
2001-10-11 00:00:00-04:00,101.67132216291675,104.55730387277225,101.40655072382876,103.12754821777344,5154350,0.0,0.0
2001-10-12 00:00:00-04:00,103.10107654058731,103.63061945550086,99.31488179123815,103.25994110107422,4614854,0.0,0.0
2001-10-15 00:00:00-04:00,102.06844431737491,103.47172077710104,100.77107471969778,102.88922882080078,2686211,0.0,0.0
2001-10-16 00:00:00-04:00,102.88925745039793,103.921855965249,100.87700965142307,101.85665893554688,3463206,0.0,0.0
2001-10-17 00:00:00-04:00,102.59804299477926,102.62451340217726,98.01753288607574,98.36173248291016,4525776,0.0,0.0
2001-10-18 00:00:00-04:00,98.2293229269984,99.28840029837612,97.56740273116135,98.62648010253906,3161606,0.0,0.0
2001-10-19 00:00:00-04:00,97.964559906702,99.02362884801569,96.74661797909522,98.62648010253906,3416362,0.0,0.0
2001-10-22 00:00:00-04:00,98.36168633939891,100.08268351621543,97.99100807899333,99.57962799072266,3395350,0.0,0.0
2001-10-23 00:00:00-04:00,100.61225564078794,100.74464137454805,97.75274402372415,98.67943572998047,3173709,0.0,0.0
2001-10-24 00:00:00-04:00,98.70586480444034,100.3474335874365,97.6997455371454,98.17633056640625,3340513,0.0,0.0
2001-10-25 00:00:00-04:00,97.56741165435328,100.5063514179605,95.42277788440792,100.26805877685547,4697005,0.0,0.0
2001-10-26 00:00:00-04:00,101.24765782856352,103.20694738314218,99.55313963894613,102.94218444824219,3885100,0.0,0.0
2001-10-29 00:00:00-05:00,102.333270475969,102.59804198787886,98.89127454140474,99.10308837890625,2951150,0.0,0.0
2001-10-30 00:00:00-05:00,97.30261145498629,97.9115822947093,96.16410625250126,96.2170639038086,3187564,0.0,0.0
2001-10-31 00:00:00-05:00,96.90543043740038,98.36165577136448,95.97873928940702,96.4023666381836,3324071,0.0,0.0
2001-11-01 00:00:00-05:00,95.97877464629381,101.22119452382711,95.4492318351894,100.37393951416016,3879696,0.0,0.0
2001-11-02 00:00:00-05:00,99.55316957046496,101.67132426687414,98.17637154681816,100.50634002685547,2914884,0.0,0.0
2001-11-05 00:00:00-05:00,102.20080327033634,103.52465134476925,101.77717593294625,102.65090942382812,3163484,0.0,0.0
2001-11-06 00:00:00-05:00,102.650971712253,105.85467436289987,101.80370809329553,105.37809753417969,3505607,0.0,0.0
2001-11-07 00:00:00-05:00,104.98096692233418,105.80175191694005,103.49826153629554,104.18666076660156,3189150,0.0,0.0
2001-11-08 00:00:00-05:00,104.71612043947103,107.15199484085221,104.45135753045123,106.83427429199219,4183153,0.0,0.0
2001-11-09 00:00:00-05:00,106.67545022198064,107.17851427083258,105.4839956047969,106.99317932128906,2462108,0.0,0.0
2001-11-12 00:00:00-05:00,105.64292695723485,106.304856027129,102.2274083628736,104.39851379394531,4150539,0.0,0.0
2001-11-13 00:00:00-05:00,105.90759247908136,107.46973340287889,105.37805818376259,107.39029693603516,3681237,0.0,0.0
2001-11-14 00:00:00-05:00,108.42290663180809,109.61436946019667,107.25792262850861,108.2375717163086,2972058,0.0,0.0
2001-11-15 00:00:00-05:00,108.2375731614139,110.14391371228764,108.02575941799732,110.01152801513672,3535383,0.0,0.0
2001-11-16 00:00:00-05:00,110.01155597851411,110.01155597851411,106.59603110004143,108.15817260742188,3608665,0.0,0.0
2001-11-19 00:00:00-05:00,108.95244511138681,110.09095024464364,107.76098233004278,109.21721649169922,2960873,0.0,0.0
2001-11-20 00:00:00-05:00,109.0848397614349,110.59402326507642,108.02576258325774,108.820068359375,2991985,0.0,0.0
2001-11-21 00:00:00-05:00,108.5553321583736,109.08487513420744,106.33127020601492,107.09910583496094,2508515,0.0,0.0
2001-11-23 00:00:00-05:00,107.62858167788748,108.9524299653528,107.36381876444291,108.60823059082031,1094641,0.0,0.0
2001-11-26 00:00:00-05:00,109.7467338540271,110.46161141230439,108.55527125689828,109.40253448486328,2630666,0.0,0.0
2001-11-27 00:00:00-05:00,109.08485348565667,110.62050757865845,107.5756697921412,108.74065399169922,2928510,0.0,0.0
2001-11-28 00:00:00-05:00,106.56957923379939,108.55534883816416,103.6306473005954,104.18666076660156,4960858,0.0,0.0
2001-11-29 00:00:00-05:00,104.1865915384087,105.35157537407831,103.63057844185298,105.19271087646484,3211435,0.0,0.0
2001-11-30 00:00:00-05:00,105.19271721632835,105.58987426926781,101.80367236012044,101.9360580444336,4923382,0.0,0.0
2001-12-03 00:00:00-05:00,101.6713833530583,101.6713833530583,96.93200714729329,97.75279235839844,7034771,0.0,0.0
2001-12-04 00:00:00-05:00,99.95028098606613,101.16822243224743,97.96452118348209,98.8912124633789,6088113,0.0,0.0
2001-12-05 00:00:00-05:00,99.55312388174157,101.30059943978642,98.25575451485162,99.42073822021484,7343549,0.0,0.0
2001-12-06 00:00:00-05:00,100.34744390714873,101.64481346132888,99.42075257274307,99.95028686523438,4041284,0.0,0.0
2001-12-07 00:00:00-05:00,99.97682354729208,99.97682354729208,98.09696096840182,98.36173248291016,3416633,0.0,0.0
2001-12-10 00:00:00-05:00,98.4941132802007,101.0094172511661,97.03788688386958,97.4350357055664,4329112,0.0,0.0
2001-12-11 00:00:00-05:00,98.8912289695423,99.28837762432383,96.48182449560277,97.40851593017578,4323207,0.0,0.0
2001-12-12 00:00:00-05:00,99.1559702080642,99.18244902726569,95.87284109882675,98.09689331054688,4721877,0.0,0.0
2001-12-13 00:00:00-05:00,97.56735907681833,100.34743277152873,96.7730535111954,98.09689331054688,5446727,0.0,0.0
2001-12-14 00:00:00-05:00,98.0969342796192,100.58576729272684,96.50832248490762,99.68555450439453,5450087,0.0,0.0
2001-12-17 00:00:00-05:00,100.08272141187291,102.86279677247869,99.81795835138567,101.40657043457031,5574596,0.0,0.0
2001-12-18 00:00:00-05:00,105.24571915586503,106.17241090600382,104.18664166569712,105.1662826538086,6889250,0.0,0.0
2001-12-19 00:00:00-05:00,105.11329882704185,108.5023439943601,104.58375604117784,107.9728012084961,5697602,0.0,0.0
2001-12-20 00:00:00-05:00,108.02574597350375,108.97891613031251,107.57563971724655,108.13165283203125,3892863,0.0,0.0
2001-12-21 00:00:00-05:00,108.82005176656448,109.5878785993855,108.42289472403287,109.48197174072266,6400814,0.0,0.0
2001-12-24 00:00:00-05:00,109.48193876947548,109.58784559624377,108.55524771270902,109.05831146240234,1162206,0.0,0.0
2001-12-26 00:00:00-05:00,108.29051424523404,109.29663358757053,107.36382293701173,107.36382293701172,3120583,0.0,0.0
2001-12-27 00:00:00-05:00,107.70958980112182,108.90635681152342,107.23087960990071,108.90635681152344,2687922,0.862639,0.0
2001-12-28 00:00:00-05:00,108.42761472709108,109.35843794341463,107.49679151076755,108.32123565673828,2842353,0.0,0.0
2001-12-31 00:00:00-05:00,107.84256724088362,108.5074387519816,106.45962196567594,106.59259796142578,2927696,0.0,0.0
2002-01-02 00:00:00-05:00,107.1776858252534,108.90635681152342,106.51281432306905,108.90635681152344,3691921,0.0,0.0
2002-01-03 00:00:00-05:00,107.5765514061696,108.82651147616515,106.77870437281825,108.00206756591797,3651065,0.0,0.0
2002-01-04 00:00:00-05:00,108.50743729727328,109.94355940328545,107.12450050825726,108.90635681152344,4142589,0.0,0.0
2002-01-07 00:00:00-05:00,108.10843907935472,108.64034270965537,103.98622828275305,104.67769622802734,5743820,0.0,0.0
2002-01-08 00:00:00-05:00,105.4490033446943,106.40642362277457,102.65653317872707,103.58735656738281,5034620,0.0,0.0
2002-01-09 00:00:00-05:00,102.92242624530607,105.31596710326882,101.56607880491299,102.52349853515625,4213368,0.0,0.0
2002-01-10 00:00:00-05:00,102.52354787315788,103.4543711771409,102.12462843867914,102.68312072753906,3075262,0.0,0.0
2002-01-11 00:00:00-05:00,103.98626875445024,104.119236246131,101.48633934787934,101.67250061035156,3505982,0.0,0.0
2002-01-14 00:00:00-05:00,101.59275418540572,102.25762574845938,100.47576928206342,100.79490661621094,4346953,0.0,0.0
2002-01-15 00:00:00-05:00,100.52891231894831,103.69371283742633,99.9172263350504,102.94905090332031,5435084,0.0,0.0
2002-01-16 00:00:00-05:00,102.12467768888314,102.36403285206055,100.2896186153051,100.31621551513672,4777298,0.0,0.0
2002-01-17 00:00:00-05:00,103.45440050459649,103.48099739914133,101.85870537903182,103.05548095703125,4707500,0.0,0.0
2002-01-18 00:00:00-05:00,102.23096558670575,103.45432874300646,101.72565881146959,102.8692398071289,3763680,0.0,0.0
2002-01-22 00:00:00-05:00,104.91714199092289,104.91714199092289,101.67254905324667,101.85871887207031,3583062,0.0,0.0
2002-01-23 00:00:00-05:00,101.85869878980563,101.88529568262993,99.70450288876128,100.1300277709961,4695273,0.0,0.0
2002-01-24 00:00:00-05:00,101.3267550114979,102.6299091039572,99.3055443683326,99.8640365600586,4044852,0.0,0.0
2002-01-25 00:00:00-05:00,101.06083577569729,102.07144133912975,100.02363332352053,101.75230407714844,3287805,0.0,0.0
2002-01-28 00:00:00-05:00,102.6564839410655,102.70967769440092,100.42250718625552,101.45970916748047,2913486,0.0,0.0
2002-01-29 00:00:00-05:00,101.06085825916179,101.64594760345331,96.32694971550674,96.9652328491211,7580548,0.0,0.0
2002-01-30 00:00:00-05:00,96.80558129908552,99.19913052093477,91.72595112238658,98.08213806152344,13009184,0.0,0.0
2002-01-31 00:00:00-05:00,98.40137337958328,99.0130512119926,94.41212668199958,98.80029296875,6471237,0.0,0.0
2002-02-01 00:00:00-05:00,98.13542505962222,98.40137710757763,96.77907638917215,98.00244903564453,4286921,0.0,0.0
2002-02-04 00:00:00-05:00,95.47588684050422,95.47588684050422,92.33768288270575,93.08233642578125,8292398,0.0,0.0
2002-02-05 00:00:00-05:00,93.34828842453625,97.25774281469053,93.32169153820816,96.30033111572266,9259589,0.0,0.0
2002-02-06 00:00:00-05:00,96.67262323711147,98.64064825614277,95.58223591722661,98.29491424560547,6929480,0.0,0.0
2002-02-07 00:00:00-05:00,98.42791298189591,100.63529347891024,97.20454945630115,98.93321990966797,4998313,0.0,0.0
2002-02-08 00:00:00-05:00,99.46515030578028,100.39597383697621,96.35354239317859,99.06623077392578,4739530,0.0,0.0
2002-02-11 00:00:00-05:00,99.06622691691479,100.7948979121678,98.53432293828234,100.52894592285156,3290330,0.0,0.0
2002-02-12 00:00:00-05:00,99.73106384277345,99.99701573987609,98.26834534400547,99.73106384277344,3407348,0.0,0.0
2002-02-13 00:00:00-05:00,100.2629913221487,102.04484743777952,99.73108740229152,101.3267822265625,3914355,0.0,0.0
2002-02-14 00:00:00-05:00,101.3267726296879,103.3213952049368,99.83745703691456,101.06082916259766,4251511,0.0,0.0
2002-02-15 00:00:00-05:00,101.06088651315638,101.06088651315638,98.45457639602347,98.69393157958984,4613394,0.0,0.0
2002-02-19 00:00:00-05:00,98.13537703693565,98.4013289547471,96.59286776833775,96.80562591552734,3536468,0.0,0.0
2002-02-20 00:00:00-05:00,97.15139305644814,100.39597707348216,96.14078727983231,99.91726684570312,4592256,0.0,0.0
2002-02-21 00:00:00-05:00,101.00762716932508,102.28418449748949,99.41193262603173,99.78426361083984,5766794,0.0,0.0
2002-02-22 00:00:00-05:00,99.78427364831495,102.07143662161506,98.61409527414986,101.30018615722656,4081222,0.0,0.0
2002-02-25 00:00:00-05:00,101.19385856565722,104.46503183264988,101.06088252806902,104.25227355957031,5097761,0.0,0.0
2002-02-26 00:00:00-05:00,104.25224806737882,104.3852240724512,102.39060093166941,103.05548095703125,3919509,0.0,0.0
2002-02-27 00:00:00-05:00,104.87234061039483,105.48688129742251,102.86840950550727,103.53639221191406,4818655,0.862639,0.0
2002-02-28 00:00:00-05:00,104.87233150462228,105.94109523490896,102.76152505141836,102.86840057373047,4882171,0.0,0.0
2002-03-01 00:00:00-05:00,104.47158602078146,105.40675354003906,103.40282192632012,105.40675354003906,4197843,0.0,0.0
2002-03-04 00:00:00-05:00,106.34187328751304,107.54422490987913,105.46013969013552,107.41063690185547,6735946,0.0,0.0
2002-03-05 00:00:00-05:00,106.74270354769752,109.01382833884438,106.34192232448662,108.2122573852539,4964801,0.0,0.0
2002-03-06 00:00:00-05:00,108.21222886125078,111.3383573083781,107.94503577809468,111.01773071289062,5140662,0.0,0.0
2002-03-07 00:00:00-05:00,111.55214007480102,111.6857366543468,107.94506645574039,109.41461181640625,5098491,0.0,0.0
2002-03-08 00:00:00-05:00,110.88412108503849,111.79256725195694,107.51752096182192,108.47940063476562,5863718,0.0,0.0
2002-03-11 00:00:00-05:00,109.5482229644106,110.53683268022002,109.17415419337001,109.94901275634766,4891436,0.0,0.0
2002-03-12 00:00:00-05:00,108.21219712039594,110.9642561453027,107.75797411656333,109.81533813476562,4124749,0.0,0.0
2002-03-13 00:00:00-05:00,108.88025189332888,108.9069729150618,106.66256872573102,106.8763198852539,4919167,0.0,0.0
2002-03-14 00:00:00-05:00,107.54429094527234,108.34587052859642,106.87631646633889,107.9718017578125,3080624,0.0,0.0
2002-03-15 00:00:00-05:00,108.34581458922786,109.28098177977218,106.63578923629989,107.38392639160156,6906340,0.0,0.0
2002-03-18 00:00:00-05:00,107.54425242139239,108.34583171757937,106.15486191946867,106.60908508300781,4172908,0.0,0.0
2002-03-19 00:00:00-05:00,106.87627818173681,107.1434712804658,105.78079328268146,106.60908508300781,3728875,0.0,0.0
2002-03-20 00:00:00-05:00,106.18156360656174,107.25032729980418,102.86839700822671,103.66996765136719,5737477,0.0,0.0
2002-03-21 00:00:00-05:00,102.33402066785217,103.13559132080464,98.40631340906998,100.06289672851562,10496392,0.0,0.0
2002-03-22 00:00:00-05:00,100.24994473160002,101.5057385895244,98.94070885509039,101.18511199951172,6385415,0.0,0.0
2002-03-25 00:00:00-05:00,101.85311785389135,102.14702352598358,98.8605850690935,98.96746063232422,5132941,0.0,0.0
2002-03-26 00:00:00-05:00,99.12774408480871,101.0515207397265,98.86055949942204,99.6888427734375,4175433,0.0,0.0
2002-03-27 00:00:00-05:00,99.58195263531105,101.71948004796127,98.99413302219051,100.06289672851562,4095369,0.0,0.0
2002-03-28 00:00:00-05:00,100.73093138070463,101.372184831352,99.50184950620904,99.92935180664062,3903943,0.0,0.0
2002-04-01 00:00:00-05:00,98.99417983147512,100.06294404316417,97.79182753709827,99.66216278076172,4493684,0.0,0.0
2002-04-02 00:00:00-05:00,99.39491673143841,99.39491673143841,98.05896005064962,99.12772369384766,3632953,0.0,0.0
2002-04-03 00:00:00-05:00,99.12773313140498,99.44835970274048,96.18863495958175,98.19256591796875,3989098,0.0,0.0
2002-04-04 00:00:00-05:00,98.19260879950072,99.79575937061904,97.89870310755022,99.66216278076172,4283749,0.0,0.0
2002-04-05 00:00:00-05:00,100.46368037463647,100.99805794265299,98.24599857982913,99.12772369384766,3093249,0.0,0.0
2002-04-08 00:00:00-04:00,97.52458492976521,98.5666275939186,97.20395838090998,98.4864730834961,3581351,0.0,0.0
2002-04-09 00:00:00-04:00,98.32620460164456,98.7269943680057,96.8833716513478,97.39103698730469,3580871,0.0,0.0
2002-04-10 00:00:00-04:00,97.60480047943534,99.82248371676536,97.25745270749618,99.39498138427734,4732435,0.0,0.0
2002-04-11 00:00:00-04:00,98.05896805290988,98.24600659735297,89.50886671674569,90.17684936523438,16666655,0.0,0.0
2002-04-12 00:00:00-04:00,92.04720771822473,92.04720771822473,88.1729413775323,89.64248657226562,10375555,0.0,0.0
2002-04-15 00:00:00-04:00,88.4401231463615,88.84090428109596,84.53913629242327,85.10023498535156,14304099,0.0,0.0
2002-04-16 00:00:00-04:00,86.83692947994975,89.13477362673275,86.00863810835486,88.44007873535156,9313570,0.0,0.0
2002-04-17 00:00:00-04:00,89.5088935184372,90.79140867752768,88.73404362277545,89.90968322753906,6186601,0.0,0.0
2002-04-18 00:00:00-04:00,89.9363867014968,90.89827500999763,88.17292763830079,90.31045532226562,5684101,0.0,0.0
2002-04-19 00:00:00-04:00,91.24564993005805,91.24564993005805,89.56234488637521,90.04328918457031,4106720,0.0,0.0
2002-04-22 00:00:00-04:00,89.64244885242725,89.64244885242725,87.63851824306653,87.79883575439453,4132782,0.0,0.0
2002-04-23 00:00:00-04:00,89.50893133267517,90.79144703358148,87.2378142098056,87.63859558105469,4065823,0.0,0.0
2002-04-24 00:00:00-04:00,87.77218100104334,88.60047317162503,86.51638648713072,86.8370132446289,4537086,0.0,0.0
2002-04-25 00:00:00-04:00,86.16904529064394,88.68063451038219,85.02012627477401,85.63465881347656,5774139,0.0,0.0
2002-04-26 00:00:00-04:00,87.63854586040452,87.63854586040452,84.11163606423993,84.16506958007812,4837497,0.0,0.0
2002-04-29 00:00:00-04:00,84.83304179496533,85.18038941468748,81.97410631176498,82.42832946777344,4720709,0.0,0.0
2002-04-30 00:00:00-04:00,82.29472172855021,85.23381984462333,80.55798386613557,84.29865264892578,8409040,0.0,0.0
2002-05-01 00:00:00-04:00,84.83302889988906,85.12694296037495,82.16112388454195,84.69943237304688,5382543,0.0,0.0
2002-05-02 00:00:00-04:00,84.56587043278836,85.10024819778928,82.98944113849143,84.4322738647461,4087043,0.0,0.0
2002-05-03 00:00:00-04:00,83.63067717264043,84.69943237304688,82.13440287774043,84.69943237304688,4133033,0.0,0.0
2002-05-06 00:00:00-04:00,84.29865501315906,85.63460332610025,82.53519609405737,82.74894714355469,4865916,0.0,0.0
2002-05-07 00:00:00-04:00,82.82911111529594,83.79099945499964,81.51988366088463,81.8939437866211,4304073,0.0,0.0
2002-05-08 00:00:00-04:00,83.7642781083347,88.22636365993266,83.63069006805942,87.77214050292969,7068700,0.0,0.0
2002-05-09 00:00:00-04:00,86.83697015536367,86.89041217534701,83.7375626898262,84.13834381103516,6868968,0.0,0.0
2002-05-10 00:00:00-04:00,84.83304232062302,84.83304232062302,81.78706824967256,81.8939437866211,5478903,0.0,0.0
2002-05-13 00:00:00-04:00,81.62675869204281,82.96270714920493,81.22596905059412,82.42832946777344,4701887,0.0,0.0
2002-05-14 00:00:00-04:00,84.29867541988112,84.5925810572961,82.56193708833466,84.37882995605469,6191442,0.0,0.0
2002-05-15 00:00:00-04:00,84.03150375203182,84.69947824080903,82.58867068938977,82.6421127319336,6182804,0.0,0.0
2002-05-16 00:00:00-04:00,83.76427577761163,85.50102233886719,83.20317709970081,85.50102233886719,4902933,0.0,0.0
2002-05-17 00:00:00-04:00,86.56980901500997,89.37532043457031,86.16902774590824,89.37532043457031,6817846,0.0,0.0
2002-05-20 00:00:00-04:00,88.17296658456667,88.19968760653146,86.78357552844125,87.10420227050781,4237593,0.0,0.0
2002-05-21 00:00:00-04:00,87.90573317187005,88.70730391398946,85.50102094551178,85.90180206298828,4144905,0.0,0.0
2002-05-22 00:00:00-04:00,85.50099094107503,86.008647412207,84.16503450158558,85.2872314453125,3946656,0.0,0.0
2002-05-23 00:00:00-04:00,85.76822763933784,88.03935241699217,85.02009872377667,88.03935241699219,3768124,0.0,0.0
2002-05-24 00:00:00-04:00,88.03936998191301,88.17296658456667,86.78357552844125,87.10420227050781,2959580,0.0,0.0
2002-05-28 00:00:00-04:00,87.505002976391,87.74546668251067,85.1270018687732,85.63465881347656,2978902,0.0,0.0
2002-05-29 00:00:00-04:00,85.10024879727597,86.27588839572789,83.6574160608573,83.89788818359375,3496613,0.0,0.0
2002-05-30 00:00:00-04:00,82.56191655971966,83.89786486388554,82.16112696417042,83.36348724365234,4346077,0.0,0.0
2002-05-31 00:00:00-04:00,83.3634730298963,84.64598760694865,82.82908699361194,83.20315551757812,4156841,0.0,0.0
2002-06-03 00:00:00-04:00,83.20318627860173,83.22990729172784,80.02361541011761,80.45112609863281,6034591,0.0,0.0
2002-06-04 00:00:00-04:00,80.15720545434725,81.25269033898199,79.59610676013602,80.29080200195312,6951619,0.0,0.0
2002-06-05 00:00:00-04:00,80.8252147283449,81.38631360677219,79.64957493203553,80.55802154541016,4981390,0.0,0.0
2002-06-06 00:00:00-04:00,80.95877836474737,80.95877836474737,77.77921617809896,78.28687286376953,4461029,0.0,0.0
2002-06-07 00:00:00-04:00,75.88214196461502,80.82517061523218,75.88214196461502,80.69157409667969,6589340,0.0,0.0
2002-06-10 00:00:00-04:00,80.55801455435721,81.22598894655577,79.48925042253822,80.02362823486328,4348831,0.0,0.0
2002-06-11 00:00:00-04:00,80.42440430504,81.35957169803852,78.4204729618764,78.55406951904297,4653999,0.0,0.0
2002-06-12 00:00:00-04:00,78.55408248417027,81.25270956426677,78.42048590495398,81.09239196777344,5870186,0.0,0.0
2002-06-13 00:00:00-04:00,80.15722041945985,81.35958106522305,79.46252504794519,79.75643920898438,4346744,0.0,0.0
2002-06-14 00:00:00-04:00,78.82128163454387,79.62285266360772,77.16469753779948,79.35565948486328,7125456,0.0,0.0
2002-06-17 00:00:00-04:00,80.15721174475904,81.89394998559396,79.83658510964355,81.51988983154297,4442791,0.0,0.0
2002-06-18 00:00:00-04:00,81.22598777864287,83.89789381618779,80.79848553492968,83.22991943359375,4548416,0.0,0.0
2002-06-19 00:00:00-04:00,82.0275595151187,83.79101904786994,80.95879538855715,81.09239196777344,4365440,0.0,0.0
2002-06-20 00:00:00-04:00,80.82521346078823,81.60006347054374,79.08846630611883,79.35565948486328,4332221,0.0,0.0
2002-06-21 00:00:00-04:00,77.8861244048415,79.35567006961031,76.81736005447755,77.35173797607422,8182016,0.0,0.0
2002-06-24 00:00:00-04:00,76.28296009760444,80.15722699041795,75.08060786044577,79.08846282958984,7759204,0.0,0.0
2002-06-25 00:00:00-04:00,80.0236111890982,80.66487293446251,76.68373143236167,77.21810913085938,6211745,0.0,0.0
2002-06-26 00:00:00-04:00,73.93792213627981,80.4175730721964,73.7228314808976,79.31523132324219,9389878,0.862639,0.0
2002-06-27 00:00:00-04:00,79.85298877568849,80.65958332486443,77.2718827941316,80.3907241821289,6935615,0.0,0.0
2002-06-28 00:00:00-04:00,80.3907358863986,81.33176442419112,78.02472029875042,78.10537719726562,6774298,0.0,0.0
2002-07-01 00:00:00-04:00,78.13228089770246,79.4228343276751,75.95446716934937,76.49220275878906,5626865,0.0,0.0
2002-07-02 00:00:00-04:00,75.6855727505227,76.65348962263748,73.69597060255595,75.5511474609375,6582851,0.0,0.0
2002-07-03 00:00:00-04:00,73.26579698763005,75.14785396946674,72.3247684967117,75.01342010498047,6358915,0.0,0.0
2002-07-05 00:00:00-04:00,77.29876671352649,79.98741790556073,76.62659749515478,79.82609558105469,4018415,0.0,0.0
2002-07-08 00:00:00-04:00,79.85302847743094,80.44453258231167,78.1860615854499,79.12709045410156,4251740,0.0,0.0
2002-07-09 00:00:00-04:00,79.04641763486951,79.93366933356332,75.92757532327596,76.08889770507812,5150573,0.0,0.0
2002-07-10 00:00:00-04:00,76.35775337052152,77.29878190064434,72.72807312011719,72.72807312011719,6988928,0.0,0.0
2002-07-11 00:00:00-04:00,72.05588900254813,74.87897401435355,70.98043110298563,73.53465270996094,10745931,0.0,0.0
2002-07-12 00:00:00-04:00,75.55111079130803,80.4713410891532,72.99688600067462,76.89543151855469,10040903,0.0,0.0
2002-07-15 00:00:00-04:00,76.57283720748586,76.68038258172379,67.88848617425565,75.9544448852539,7826268,0.0,0.0
2002-07-16 00:00:00-04:00,73.45397267848361,75.68555347617695,73.45397267848361,74.0723648071289,7477385,0.0,0.0
2002-07-17 00:00:00-04:00,76.35774645900999,76.59972569116661,73.80352027952502,75.9544448852539,7988983,0.0,0.0
2002-07-18 00:00:00-04:00,75.41670578255888,77.00300621565712,73.96483062509238,74.47567749023438,5836759,0.0,0.0
2002-07-19 00:00:00-04:00,72.86248643983522,74.47568405493317,70.57713670588019,71.30307006835938,7534621,0.0,0.0
2002-07-22 00:00:00-04:00,71.2492870430596,72.29786063240152,68.13045047257916,68.9908218383789,9277388,0.0,0.0
2002-07-23 00:00:00-04:00,69.85122252743963,70.3082926277687,65.79135576519155,66.6786117553711,10140998,0.0,0.0
2002-07-24 00:00:00-04:00,65.03850258879147,71.92144785584799,61.892777530419906,71.32994842529297,13019367,0.0,0.0
2002-07-25 00:00:00-04:00,71.51816595066218,73.13135502488865,69.50167532763682,71.65259552001953,8317187,0.0,0.0
2002-07-26 00:00:00-04:00,72.72807032009236,74.95965193245404,71.22242216171742,74.74455261230469,7467808,0.0,0.0
2002-07-29 00:00:00-04:00,77.6751669207481,81.86946105957031,77.54073309930132,81.86946105957031,9425642,0.0,0.0
2002-07-30 00:00:00-04:00,80.65959158966464,85.39162256088228,79.69168316776742,84.96144104003906,9077260,0.0,0.0
2002-07-31 00:00:00-04:00,84.96142649111297,86.57461547851561,81.3048585086453,86.57461547851562,9428167,0.0,0.0
2002-08-01 00:00:00-04:00,86.30577085919712,86.81661788460941,84.02042060969244,84.42371368408203,6877064,0.0,0.0
2002-08-02 00:00:00-04:00,82.94490967414093,83.99348303949027,78.2128810138066,79.31523132324219,8029463,0.0,0.0
2002-08-05 00:00:00-04:00,78.91198374344891,79.82612393252428,76.00824079442066,76.08889770507812,5721598,0.0,0.0
2002-08-06 00:00:00-04:00,78.64310448064484,82.27279333769371,78.50867916933426,79.71856689453125,7547558,0.0,0.0
2002-08-07 00:00:00-04:00,81.92325360825059,82.97182734257541,79.44969307998794,82.67607116699219,5940318,0.0,0.0
2002-08-08 00:00:00-04:00,82.81051273170307,86.57462655766753,82.29966577744155,85.9024658203125,6923888,0.0,0.0
2002-08-09 00:00:00-04:00,84.69257417310918,87.51565969352997,83.99352491436608,87.11235809326172,5664654,0.0,0.0
2002-08-12 00:00:00-04:00,85.39158906003664,87.11232302881636,84.55810627003086,86.70903015136719,4343218,0.0,0.0
2002-08-13 00:00:00-04:00,85.49920289304569,86.65532262329612,82.81055016768705,83.21385192871094,5482951,0.0,0.0
2002-08-14 00:00:00-04:00,82.67609001281343,86.44020434599572,80.12187201829299,85.7680435180664,7783743,0.0,0.0
2002-08-15 00:00:00-04:00,85.7680307964437,87.13924073655022,83.8321969417191,86.81660461425781,6028039,0.0,0.0
2002-08-16 00:00:00-04:00,86.03688417784424,86.84347862943596,83.88595993327722,84.82698822021484,4556930,0.0,0.0
2002-08-19 00:00:00-04:00,84.82696626384786,88.42975616455078,84.69253246329843,88.42975616455078,5021933,0.0,0.0
2002-08-20 00:00:00-04:00,87.78449209203534,88.02647124269772,85.76800202334282,86.70903015136719,4249550,0.0,0.0
2002-08-21 00:00:00-04:00,87.78458071376971,88.42985339330757,85.66054316276526,86.84355163574219,4462844,0.0,0.0
2002-08-22 00:00:00-04:00,87.1123120209844,88.6717320659233,86.38638322121047,87.91891479492188,4293285,0.0,0.0
2002-08-23 00:00:00-04:00,86.70903015136719,87.13921150344156,86.0099811740052,86.70903015136719,3452752,0.0,0.0
2002-08-26 00:00:00-04:00,86.97793920018746,87.11236451636955,84.12796498417948,86.22511291503906,3840405,0.0,0.0
2002-08-27 00:00:00-04:00,87.38122115459059,88.05339045243082,85.17652811493618,85.9024658203125,4233378,0.0,0.0
2002-08-28 00:00:00-04:00,84.96144852367162,85.49917547209007,83.37513904498613,84.15485382080078,3630846,0.0,0.0
2002-08-29 00:00:00-04:00,82.00394103458886,82.4610111484671,80.79404452109499,81.60063934326172,5338056,0.0,0.0
2002-08-30 00:00:00-04:00,81.19732295772864,82.48787601568202,80.60581911614648,81.0628890991211,4203414,0.0,0.0
2002-09-03 00:00:00-04:00,79.31527147382802,79.36903988465126,76.46529744611036,76.5190658569336,6293165,0.0,0.0
2002-09-04 00:00:00-04:00,76.89545425029024,77.94402780929356,76.03509146986679,77.16432189941406,5545007,0.0,0.0
2002-09-05 00:00:00-04:00,76.08885137700494,77.54072624776241,75.12093479649995,75.28225708007812,5221289,0.0,0.0
2002-09-06 00:00:00-04:00,77.56766195021743,77.7020872811508,75.95446381365753,76.08889770507812,3777243,0.0,0.0
2002-09-09 00:00:00-04:00,75.68555564662597,78.32043796738353,75.12094045231582,77.37940979003906,3623334,0.0,0.0
2002-09-10 00:00:00-04:00,78.50874116268453,79.58419586530302,76.97620751083727,78.18609619140625,4248569,0.0,0.0
2002-09-11 00:00:00-04:00,78.93888751096931,79.85302787695937,77.70210231893309,77.9709701538086,3113572,0.0,0.0
2002-09-12 00:00:00-04:00,77.29874710263617,77.48694929974235,74.87895565137372,75.28225708007812,4225574,0.0,0.0
2002-09-13 00:00:00-04:00,74.34126244018893,74.61013018036283,72.45920537994327,72.72807312011719,7573119,0.0,0.0
2002-09-16 00:00:00-04:00,72.86249539417125,75.22851086396429,72.7280700901705,75.01342010498047,3914751,0.0,0.0
2002-09-17 00:00:00-04:00,77.80960067186615,77.80960067186615,73.96483062509238,74.47567749023438,5227069,0.0,0.0
2002-09-18 00:00:00-04:00,73.13135118235269,75.01340785688963,72.3247566876203,73.53465270996094,5406956,0.0,0.0
2002-09-19 00:00:00-04:00,71.92147020830284,73.26580035445679,71.38374328613281,71.38374328613281,4671381,0.0,0.0
2002-09-20 00:00:00-04:00,71.41058675183848,72.32472622345485,69.9587121365792,71.92142486572266,8543022,0.0,0.0
2002-09-23 00:00:00-04:00,70.84597391660378,71.84077460705008,69.71673942791753,70.98040771484375,4468144,0.0,0.0
2002-09-24 00:00:00-04:00,68.96396610545361,70.98045736871242,68.6951026011328,69.6361312866211,6113340,0.0,0.0
2002-09-25 00:00:00-04:00,73.10166931152344,73.58901469310901,70.74616807059228,73.10166931152344,6802009,0.862639,0.0
2002-09-26 00:00:00-04:00,74.45539285511606,75.83620753245098,69.82562503155324,71.45010375976562,11807812,0.0,0.0
2002-09-27 00:00:00-04:00,68.36357850724333,68.49895315054097,65.89978413632532,66.25175476074219,11484010,0.0,0.0
2002-09-30 00:00:00-04:00,64.97927736816405,67.28063029494866,63.652619808587794,66.7391357421875,10398967,0.0,0.0
2002-10-01 00:00:00-04:00,67.00983911624066,70.9356689453125,66.6037195322325,70.9356689453125,8371252,0.0,0.0
2002-10-02 00:00:00-04:00,69.71735410829271,70.31299768941982,65.49370001577311,67.14525604248047,6267395,0.0,0.0
2002-10-03 00:00:00-04:00,67.28061808041114,70.06931171922552,66.4954509059416,66.65789794921875,6200624,0.0,0.0
2002-10-04 00:00:00-04:00,68.36360838167948,68.49898308413495,64.97927099167966,65.00634765625,6427168,0.0,0.0
2002-10-07 00:00:00-04:00,65.03343307173989,66.2247159589738,61.83861466304419,62.136436462402344,8048744,0.0,0.0
2002-10-08 00:00:00-04:00,62.94868387037058,64.7085380931955,60.891003521930294,63.21942901611328,8823381,0.0,0.0
2002-10-09 00:00:00-04:00,61.053420211750854,61.08049255583549,59.29356267917588,59.56431198120117,10067529,0.0,0.0
2002-10-10 00:00:00-04:00,58.61671883549238,61.18881225585938,57.93984965054432,61.188812255859375,12641730,0.0,0.0
2002-10-11 00:00:00-04:00,64.92510861925777,67.44305687809917,63.463076788115906,65.5478286743164,12513424,0.0,0.0
2002-10-14 00:00:00-04:00,65.52074495415135,67.00985328381351,64.68142895832388,65.92686462402344,5200318,0.0,0.0
2002-10-15 00:00:00-04:00,69.04044134647724,71.12519256723519,68.49894713106777,70.9356689453125,9192045,0.0,0.0
2002-10-16 00:00:00-04:00,69.98807971676496,70.55664647194519,68.20114947163087,69.31121063232422,5741483,0.0,0.0
2002-10-17 00:00:00-04:00,72.83093255974438,72.9663072580898,71.4771985068841,72.8038558959961,5389700,0.0,0.0
2002-10-18 00:00:00-04:00,72.0186671360352,72.8038297600974,70.63785691512469,72.15403747558594,4477012,0.0,0.0
2002-10-21 00:00:00-04:00,70.9356743907343,73.67021801786343,70.9356743907343,73.50776672363281,4804653,0.0,0.0
2002-10-22 00:00:00-04:00,73.12875599460328,73.29119873046875,71.74794101737287,73.29119873046875,4467810,0.0,0.0
2002-10-23 00:00:00-04:00,72.96629202848833,73.1016666985782,70.66494418794579,72.83091735839844,5556734,0.0,0.0
2002-10-24 00:00:00-04:00,73.37241610940544,73.64316548165576,69.44658900355424,70.39420318603516,6780099,0.0,0.0
2002-10-25 00:00:00-04:00,69.85271927476644,71.61257752891635,69.77149789901375,71.04400634765625,4940325,0.0,0.0
2002-10-28 00:00:00-05:00,72.69553889621488,72.83091355924307,70.50248918206378,71.07106018066406,4801273,0.0,0.0
2002-10-29 00:00:00-05:00,70.93568159535991,71.09812859589337,68.2282143456824,69.98806762695312,4722253,0.0,0.0
2002-10-30 00:00:00-05:00,69.44657577484004,69.85269544565713,67.41597311055777,68.09284210205078,6988552,0.0,0.0
2002-10-31 00:00:00-05:00,68.22823891986143,69.44659832798122,67.79504245221523,68.36360931396484,5595107,0.0,0.0
2002-11-01 00:00:00-05:00,68.44482580866278,70.39420318603516,67.57843729989649,70.39420318603516,4744809,0.0,0.0
2002-11-04 00:00:00-05:00,71.74790954589844,73.07457061565052,70.96274701256364,71.74790954589844,5241195,0.0,0.0
2002-11-05 00:00:00-05:00,71.47716458788574,72.01865881410707,70.52955076954737,71.74790954589844,3862481,0.0,0.0
2002-11-06 00:00:00-05:00,72.83091614441882,73.04751216479464,70.25881900656944,72.0186767578125,5655389,0.0,0.0
2002-11-07 00:00:00-05:00,72.04575814862396,72.04575814862396,69.71733770672377,70.69202423095703,4784434,0.0,0.0
2002-11-08 00:00:00-05:00,69.98809232253492,70.3942121222679,66.6849805951884,67.95748901367188,6428691,0.0,0.0
2002-11-11 00:00:00-05:00,67.00986050545826,67.55135489371008,65.08755995287139,65.5478286743164,5268760,0.0,0.0
2002-11-12 00:00:00-05:00,65.79152987259863,66.46839491855717,64.3024207372111,64.57316589355469,6741142,0.0,0.0
2002-11-13 00:00:00-05:00,64.70853588195496,65.79152504831539,63.517248660998234,65.22295379638672,5809257,0.0,0.0
2002-11-14 00:00:00-05:00,66.60371459807676,67.38888136776335,65.95392244976264,66.33296966552734,5498684,0.0,0.0
2002-11-15 00:00:00-05:00,63.625551430749645,65.03343917543332,63.59847907019369,64.6002426147461,7488841,0.0,0.0
2002-11-18 00:00:00-05:00,65.03342790632361,66.65790718455952,63.896289825439446,63.89628982543945,5865011,0.0,0.0
2002-11-19 00:00:00-05:00,63.08405053238453,64.97927937034635,62.81330540276085,64.70853424072266,6385769,0.0,0.0
2002-11-20 00:00:00-05:00,64.43778757019285,67.14525604248047,64.32948521073455,67.14525604248047,6948093,0.0,0.0
2002-11-21 00:00:00-05:00,67.14523877715489,72.8038470326431,67.14523877715489,72.69554901123047,13397254,0.0,0.0
2002-11-22 00:00:00-05:00,72.01868382004176,72.42479924297201,71.31474237459409,71.61256408691406,5732469,0.0,0.0
2002-11-25 00:00:00-05:00,70.9356866634819,72.93921274379649,70.82738865538872,72.56016540527344,5313079,0.0,0.0
2002-11-26 00:00:00-05:00,71.74792417934223,72.53309549320957,71.12520849380824,71.34180450439453,5223772,0.0,0.0
2002-11-27 00:00:00-05:00,72.15403323628684,74.18463993260008,72.01866290468956,73.50776672363281,4848389,0.0,0.0
2002-11-29 00:00:00-05:00,73.91391248390279,74.15758518703582,73.12874967402686,73.42656707763672,2560993,0.0,0.0
2002-12-02 00:00:00-05:00,75.75499000604334,75.75499000604334,72.8850794135327,73.6431655883789,4614750,0.0,0.0
2002-12-03 00:00:00-05:00,73.6160683616725,73.6160683616725,71.85621948211394,72.4247817993164,4096225,0.0,0.0
2002-12-04 00:00:00-05:00,71.74793686424482,73.64316522253817,71.55841747657355,71.80208587646484,5145837,0.0,0.0
2002-12-05 00:00:00-05:00,72.4248079268478,72.8580086824152,69.7173441514321,69.85271453857422,3800300,0.0,0.0
2002-12-06 00:00:00-05:00,68.36360138575594,70.66495385119968,68.25530335895338,70.52957916259766,3675750,0.0,0.0
2002-12-09 00:00:00-05:00,69.44658603943765,70.88154558256414,68.93216828839503,69.04046630859375,3715542,0.0,0.0
2002-12-10 00:00:00-05:00,69.6360994604019,70.39418980019205,69.06753278310848,70.20466613769531,3568936,0.0,0.0
2002-12-11 00:00:00-05:00,69.71732709923087,72.34356886204691,69.17583275251297,70.77323913574219,4218688,0.0,0.0
2002-12-12 00:00:00-05:00,70.66494561400022,71.15228667780383,69.5278078447308,70.12345123291016,3232238,0.0,0.0
2002-12-13 00:00:00-05:00,70.1505274809267,70.1505274809267,68.36359721705567,69.04046630859375,4247985,0.0,0.0
2002-12-16 00:00:00-05:00,69.44657472455097,71.55840301513672,69.39242572327407,71.55840301513672,4396135,0.0,0.0
2002-12-17 00:00:00-05:00,71.55841772835583,71.55841772835583,69.85270875173212,70.39420318603516,4008607,0.0,0.0
2002-12-18 00:00:00-05:00,70.12345576736486,72.12698208981587,68.95924126416959,69.47366333007812,3877505,0.0,0.0
2002-12-19 00:00:00-05:00,68.90511196395207,69.98810110595254,67.95749754225133,68.76973724365234,4373537,0.0,0.0
2002-12-20 00:00:00-05:00,69.98806695240395,70.39418660492171,69.17582764736844,70.2588119506836,6661767,0.0,0.0
2002-12-23 00:00:00-05:00,69.44657716731125,70.39419118828398,68.95923182848027,69.66317749023438,4252909,0.0,0.0
2002-12-24 00:00:00-05:00,68.769719582823,69.39243968812136,68.49897452195258,68.5802001953125,1565633,0.0,0.0
2002-12-26 00:00:00-05:00,69.22998811346544,70.34004925556432,68.22822498861561,68.49897003173828,3146207,0.0,0.0
2002-12-27 00:00:00-05:00,68.7444510289074,69.01724457382774,66.94400060400639,67.3804702758789,3881157,0.910563,0.0
2002-12-30 00:00:00-05:00,66.91672817614729,67.51687839937775,66.01650284130162,66.83489227294922,4601959,0.0,0.0
2002-12-31 00:00:00-05:00,66.42570495605469,67.08041399001473,65.74371873136847,66.42570495605469,4420068,0.0,0.0
2003-01-02 00:00:00-05:00,67.244142678829,69.83569913770515,66.97134451927575,69.50834655761719,4551671,0.0,0.0
2003-01-03 00:00:00-05:00,69.15369776022125,69.50833181818874,68.22619029435926,69.29009246826172,3135294,0.0,0.0
2003-01-06 00:00:00-05:00,69.29007353258936,71.47244037858556,69.15367886182298,71.06324768066406,3932237,0.0,0.0
2003-01-07 00:00:00-05:00,70.89956921387726,71.63611430957299,70.24486004947492,70.654052734375,4550023,0.0,0.0
2003-01-08 00:00:00-05:00,70.51765828105475,70.7904519743421,69.18095832691841,69.56287384033203,4503721,0.0,0.0
2003-01-09 00:00:00-05:00,70.24486004947492,70.790447400801,69.91750329586823,70.654052734375,4042077,0.0,0.0
2003-01-10 00:00:00-05:00,69.69925988531952,70.8722790623391,69.56286089265801,69.97205352783203,3879153,0.0,0.0
2003-01-13 00:00:00-05:00,70.2448919402227,70.87231985050161,69.5901824785863,69.94481658935547,4079678,0.0,0.0
2003-01-14 00:00:00-05:00,70.10845736337525,70.49036848927405,69.34463076876686,70.13573455810547,3829617,0.0,0.0
2003-01-15 00:00:00-05:00,70.73589527938904,70.76317682091167,68.68993166359353,68.71720886230469,4290927,0.0,0.0
2003-01-16 00:00:00-05:00,69.56289570788395,70.65407950967679,67.51692716522555,68.28075408935547,5106566,0.0,0.0
2003-01-17 00:00:00-05:00,67.65330891687982,69.72655413559094,66.2893316850222,67.87154388427734,5277669,0.0,0.0
2003-01-21 00:00:00-05:00,67.8988078067398,68.2807189005788,65.44364768939012,65.63460540771484,4486256,0.0,0.0
2003-01-22 00:00:00-05:00,65.60733963230818,65.66189837310527,64.13424494516362,64.24336242675781,5185086,0.0,0.0
2003-01-23 00:00:00-05:00,64.51614404710818,66.0983602623152,64.43430812264586,65.33453369140625,4586330,0.0,0.0
2003-01-24 00:00:00-05:00,64.92533700570398,65.3345296310173,62.770252081951455,62.906646728515625,4969538,0.0,0.0
2003-01-27 00:00:00-05:00,62.87937927246093,64.81622524454991,62.0064308166703,62.87937927246094,5938502,0.0,0.0
2003-01-28 00:00:00-05:00,64.37973892529712,64.37973892529712,62.8248044995838,63.152156829833984,4709712,0.0,0.0
2003-01-29 00:00:00-05:00,62.197393265401345,63.37041702728254,61.40628502465569,62.824825286865234,5315312,0.0,0.0
2003-01-30 00:00:00-05:00,62.8520876257957,63.152162794940615,61.43355204176895,61.5153923034668,4517409,0.0,0.0
2003-01-31 00:00:00-05:00,61.37901181824323,63.424979892174065,61.24261278856472,63.12490463256836,5475126,0.0,0.0
2003-02-03 00:00:00-05:00,63.69777356572195,64.78895711679006,63.424979849360774,64.51615905761719,4450262,0.0,0.0
2003-02-04 00:00:00-05:00,63.15217295063858,63.37041223599178,62.38834630893009,62.87937927246094,5106650,0.0,0.0
2003-02-05 00:00:00-05:00,63.28857266224167,64.43431480890244,62.33378826382622,62.74298095703125,4173012,0.0,0.0
2003-02-06 00:00:00-05:00,62.47018314905143,62.93393454786098,61.65179347389306,62.442901611328125,4088525,0.0,0.0
2003-02-07 00:00:00-05:00,62.742980256422086,63.01577393457563,61.269885708770815,61.92459487915039,4762107,0.0,0.0
2003-02-10 00:00:00-05:00,61.67909527165983,61.924611820572316,60.64247032545291,61.7336540222168,4916183,0.0,0.0
2003-02-11 00:00:00-05:00,61.78820197590725,62.251953446011704,61.10621119889778,61.37900924682617,4569345,0.0,0.0
2003-02-12 00:00:00-05:00,61.379008437696854,61.870041443245704,60.66974047093139,60.697017669677734,3801635,0.0,0.0
2003-02-13 00:00:00-05:00,60.778865563865004,60.83342431100244,58.10546958288276,60.478790283203125,4728346,0.0,0.0
2003-02-14 00:00:00-05:00,60.233279164163726,61.32446289062499,59.524011044807615,61.324462890625,5502732,0.0,0.0
2003-02-18 00:00:00-05:00,61.48812011178974,62.906655911363906,61.48812011178974,62.49746322631836,4390751,0.0,0.0
2003-02-19 00:00:00-05:00,62.52475724040499,63.69777679443359,61.95188389279119,63.697776794433594,3972509,0.0,0.0
2003-02-20 00:00:00-05:00,63.561377757933364,64.07969235950947,63.12490778963169,63.697776794433594,4956246,0.0,0.0
2003-02-21 00:00:00-05:00,63.97056199673393,65.49821526405397,63.09761355014158,64.92534637451172,5222603,0.0,0.0
2003-02-24 00:00:00-05:00,65.33457390561362,66.0165606290205,63.888755798339844,63.888755798339844,4921358,0.0,0.0
2003-02-25 00:00:00-05:00,63.15217889413147,65.60733960003915,62.47019246309746,65.4163818359375,5186776,0.0,0.0
2003-02-26 00:00:00-05:00,65.581373840365,65.91134511481464,64.17900796206823,64.2614974975586,3933948,0.910563,0.0
2003-02-27 00:00:00-05:00,64.53646896212727,66.13131758741756,64.15150323662841,65.71885681152344,5177136,0.0,0.0
2003-02-28 00:00:00-05:00,65.71886394738661,66.5162905353655,65.27890369582997,66.1313247680664,4665267,0.0,0.0
2003-03-03 00:00:00-05:00,66.54377836331166,67.36870429259558,65.4438844200926,65.71885681152344,4386766,0.0,0.0
2003-03-04 00:00:00-05:00,65.25140197500397,65.44388483898545,64.0140152619057,64.34398651123047,3480505,0.0,0.0
2003-03-05 00:00:00-05:00,63.93152667465069,65.71885820046494,63.90402724617857,65.44388580322266,4417022,0.0,0.0
2003-03-06 00:00:00-05:00,64.89390610886367,66.158787296242,64.6189294634589,65.85631561279297,4301298,0.0,0.0
2003-03-07 00:00:00-05:00,64.61896680833067,67.09373615973446,64.34399438150635,66.81876373291016,5972139,0.0,0.0
2003-03-10 00:00:00-05:00,65.71887317317996,66.21382797847727,64.89395141601562,64.89395141601562,4202893,0.0,0.0
2003-03-11 00:00:00-05:00,65.08640985883997,65.91133130589269,64.17899451608392,64.20648956298828,4487487,0.0,0.0
2003-03-12 00:00:00-05:00,63.84903276673012,65.44388580322266,63.68404932838475,65.44388580322266,4786729,0.0,0.0
2003-03-13 00:00:00-05:00,66.54375909739905,69.37599360787185,66.54375909739905,69.32099914550781,8041941,0.0,0.0
2003-03-14 00:00:00-05:00,69.43101586407218,70.58590879101943,68.60609422089394,70.53091430664062,6244192,0.0,0.0
2003-03-17 00:00:00-05:00,68.74358211196518,72.59322225497563,68.05614449607211,72.23575592041016,7210840,0.0,0.0
2003-03-18 00:00:00-05:00,72.31822396794858,72.73068904141634,71.35581421818017,72.59320068359375,5244930,0.0,0.0
2003-03-19 00:00:00-05:00,72.56573888343272,74.29807645566389,71.82331099676057,74.1880874633789,5198378,0.0,0.0
2003-03-20 00:00:00-05:00,73.85808108718939,74.10555837656325,72.67569348462074,73.83058166503906,5193641,0.0,0.0
2003-03-21 00:00:00-05:00,74.90300516885178,76.99281311035156,74.51803939607649,76.99281311035156,8326765,0.0,0.0
2003-03-24 00:00:00-05:00,73.83057713213917,76.85529450823114,72.8956668763441,73.5006103515625,5805438,0.0,0.0
2003-03-25 00:00:00-05:00,73.50065407284924,74.738041179798,72.59323832025252,74.1880874633789,4616878,0.0,0.0
2003-03-26 00:00:00-05:00,74.18804186213033,74.46301855131965,72.92316047334498,73.14314270019531,4507685,0.0,0.0
2003-03-27 00:00:00-05:00,71.63080995356304,72.95068628213387,71.32833811253657,72.70320892333984,4368904,0.0,0.0
2003-03-28 00:00:00-05:00,72.18073387547336,72.67568841972685,71.54829098503959,71.57579040527344,3392136,0.0,0.0
2003-03-31 00:00:00-05:00,69.980950349958,72.86817987063434,69.62348408801684,70.11843872070312,5106253,0.0,0.0
2003-04-01 00:00:00-05:00,70.25592818145783,72.37323073830248,70.11843980857958,71.85077667236328,4463616,0.0,0.0
2003-04-02 00:00:00-05:00,74.10558501823229,74.98550555845584,73.4731418563531,74.38056182861328,5733158,0.0,0.0
2003-04-03 00:00:00-05:00,75.01295462929839,76.71779590007597,73.14313436779257,75.75538635253906,5900526,0.0,0.0
2003-04-04 00:00:00-05:00,75.81041614453655,76.4153597858838,75.15047364716165,75.97539520263672,3607517,0.0,0.0
2003-04-07 00:00:00-04:00,77.92774704736314,78.89015738973183,76.25040380809173,76.33289337158203,5713669,0.0,0.0
2003-04-08 00:00:00-04:00,76.85527694474284,77.68019808516244,76.44281199703953,77.15775299072266,3746632,0.0,0.0
2003-04-09 00:00:00-04:00,76.66284636616169,77.13030167876116,74.65552795912579,75.0679931640625,5327957,0.0,0.0
2003-04-10 00:00:00-04:00,75.04047131038197,75.31544803150912,73.96807260397392,75.28794860839844,3480233,0.0,0.0
2003-04-11 00:00:00-04:00,76.11288503843484,76.8003269769263,75.20547393661433,76.0303955078125,3747488,0.0,0.0
2003-04-14 00:00:00-04:00,75.31549290521818,76.4153916900674,74.98552589626193,76.33289337158203,3353596,0.0,0.0
2003-04-15 00:00:00-04:00,76.7178278014175,77.87272499169188,76.27787196987954,77.8177261352539,4256185,0.0,0.0
2003-04-16 00:00:00-04:00,77.81771383636793,78.4501568104914,76.41534827873726,76.52533721923828,3454756,0.0,0.0
2003-04-17 00:00:00-04:00,76.552825586444,78.36764722008795,76.3878378220269,78.34015655517578,3359314,0.0,0.0
2003-04-21 00:00:00-04:00,78.28518315500854,78.45017097304024,75.53544163609394,77.4327621459961,2671104,0.0,0.0
2003-04-22 00:00:00-04:00,77.26776220503663,79.71502685546875,77.1302738529918,79.71502685546875,4310583,0.0,0.0
2003-04-23 00:00:00-04:00,79.71506569713183,81.11744056731352,79.27510976020857,80.8149642944336,4292805,0.0,0.0
2003-04-24 00:00:00-04:00,79.74255554362243,80.5399777721615,79.08262171758855,80.01753234863281,3711598,0.0,0.0
2003-04-25 00:00:00-04:00,79.93506257650189,80.29252900941728,79.16513083407118,80.04505157470703,4019270,0.0,0.0
2003-04-28 00:00:00-04:00,79.05512559225919,81.88735703533845,79.05512559225919,81.17242431640625,4186262,0.0,0.0
2003-04-29 00:00:00-04:00,81.61240765155047,81.72239665232793,80.15504244750538,80.84247589111328,4352232,0.0,0.0
2003-04-30 00:00:00-04:00,80.5124718360633,81.39238343733815,80.15500555929768,80.97992706298828,4621031,0.0,0.0
2003-05-01 00:00:00-04:00,80.97994241117661,80.97994241117661,78.0102139290466,80.01753234863281,4252659,0.0,0.0
2003-05-02 00:00:00-04:00,79.19263192810728,80.45750981140951,79.11013361148255,79.96255493164062,4257625,0.0,0.0
2003-05-05 00:00:00-04:00,79.85253731306379,80.29250191240034,78.97262562437415,79.27509307861328,3609917,0.0,0.0
2003-05-06 00:00:00-04:00,79.16506853815778,80.67742263963554,79.16506853815778,80.07247924804688,3849398,0.0,0.0
2003-05-07 00:00:00-04:00,80.34748575390306,80.34748575390306,79.00011014185947,79.33008575439453,3908992,0.0,0.0
2003-05-08 00:00:00-04:00,78.91762219403078,79.63255477716544,78.03770180132997,78.2851791381836,3152759,0.0,0.0
2003-05-09 00:00:00-04:00,78.64265527116694,79.99003107876068,77.21278992596294,79.7425537109375,3124047,0.0,0.0
2003-05-12 00:00:00-04:00,79.41256451073713,79.93501853057411,79.05509827479338,79.66004180908203,3346397,0.0,0.0
2003-05-13 00:00:00-04:00,79.05511100222674,79.79754301678885,77.87272316643875,78.50515747070312,3962055,0.0,0.0
2003-05-14 00:00:00-04:00,79.4125751216783,79.4125751216783,78.09269893914305,78.6701431274414,3325615,0.0,0.0
2003-05-15 00:00:00-04:00,78.91764983394728,79.55009311129979,77.95523957688688,78.31270599365234,3354264,0.0,0.0
2003-05-16 00:00:00-04:00,78.09270097921807,78.42266784472409,76.58033752441406,76.58033752441406,5495179,0.0,0.0
2003-05-19 00:00:00-04:00,76.03036301040328,76.36032974684763,75.50790911145884,75.75538635253906,3920197,0.0,0.0
2003-05-20 00:00:00-04:00,76.27789616545752,76.9653295590394,75.20549691967184,76.25039672851562,3558982,0.0,0.0
2003-05-21 00:00:00-04:00,75.42542059991297,76.30534066356306,75.34293110347288,75.89287567138672,3460431,0.0,0.0
2003-05-22 00:00:00-04:00,76.16790717268418,76.69035269960895,75.86543087631183,76.25039672851562,3662959,0.0,0.0
2003-05-23 00:00:00-04:00,76.25037652684411,76.7453312406886,75.89291020628886,76.00289916992188,2602121,0.0,0.0
2003-05-27 00:00:00-04:00,75.61791905456936,78.42265898187416,75.39794116909255,77.84521484375,4694167,0.0,0.0
2003-05-28 00:00:00-04:00,78.50514442196553,78.56014326797276,77.35025620571179,77.73522186279297,3846289,0.0,0.0
2003-05-29 00:00:00-04:00,77.7352433069801,79.60506450720129,76.52535591095736,77.68024444580078,4029557,0.0,0.0
2003-05-30 00:00:00-04:00,78.09266610737666,79.13756509238094,77.70770055869487,78.91758728027344,4930518,0.0,0.0
2003-06-02 00:00:00-04:00,80.89745101244311,80.89745101244311,79.24759897529114,79.7425537109375,4381403,0.0,0.0
2003-06-03 00:00:00-04:00,79.74251654754254,80.09998271724915,79.05508362618097,79.8800048828125,3087343,0.0,0.0
2003-06-04 00:00:00-04:00,79.96253607440873,81.03493514267693,79.66006858309899,80.73246765136719,3604533,0.0,0.0
2003-06-05 00:00:00-04:00,80.64994384524347,82.07980866212623,79.74252424684383,81.88732147216797,4097602,0.0,0.0
2003-06-06 00:00:00-04:00,83.06972999752598,83.92215096984846,82.10732006958042,83.31720733642578,5959055,0.0,0.0
2003-06-09 00:00:00-04:00,82.62980376145332,83.427234918988,82.60230432395326,82.87728118896484,3433681,0.0,0.0
2003-06-10 00:00:00-04:00,83.31717061471169,84.1146011352539,83.01470330880727,84.1146011352539,3225478,0.0,0.0
2003-06-11 00:00:00-04:00,84.11460562124907,85.57196966239087,83.72964004821368,85.18700408935547,3528163,0.0,0.0
2003-06-12 00:00:00-04:00,85.48950700864776,85.79198321162032,84.30711913519116,85.43451690673828,3535445,0.0,0.0
2003-06-13 00:00:00-04:00,85.24200408848256,85.46199069509528,82.95971855665496,84.27959442138672,3468006,0.0,0.0
2003-06-16 00:00:00-04:00,84.8295878846295,86.20445448435207,84.58211049588056,86.17696380615234,3911016,0.0,0.0
2003-06-17 00:00:00-04:00,86.39691285217036,87.05684649801641,85.70947978233318,85.7919692993164,4016891,0.0,0.0
2003-06-18 00:00:00-04:00,85.54447182429857,86.12191581701569,84.41707450138377,84.49957275390625,4020418,0.0,0.0
2003-06-19 00:00:00-04:00,83.20722877083143,83.50970500280843,81.41989707503413,82.10733032226562,7284122,0.0,0.0
2003-06-20 00:00:00-04:00,83.0422371115478,83.34470454270186,81.96983825656167,82.51978302001953,7882252,0.0,0.0
2003-06-23 00:00:00-04:00,82.38228871587361,83.20721017923161,81.80484456702207,82.13481140136719,3528852,0.0,0.0
2003-06-24 00:00:00-04:00,82.13480165362388,82.71224573394447,81.99731330021623,82.29978942871094,3325636,0.0,0.0
2003-06-25 00:00:00-04:00,82.05231889934383,82.68476187509535,80.40247603259125,80.45746612548828,4016578,0.0,0.0
2003-06-26 00:00:00-04:00,80.4020972482464,81.73059966253771,80.15300249480363,80.67887115478516,3539869,0.910563,0.0
2003-06-27 00:00:00-04:00,80.81730577097854,82.92076402702206,78.96293360306865,79.21202850341797,3712954,0.0,0.0
2003-06-30 00:00:00-04:00,79.48875310780545,80.23602853161266,79.0182339571125,79.37803649902344,3246386,0.0,0.0
2003-07-01 00:00:00-04:00,78.8245544301098,79.71022625437897,77.71746685282746,79.23971557617188,4347516,0.0,0.0
2003-07-02 00:00:00-04:00,79.76555218400144,79.93161835573082,78.65846493430477,79.18433380126953,4552902,0.0,0.0
2003-07-03 00:00:00-04:00,79.21196421061114,79.71015360695175,78.63074618561662,79.01821899414062,2565438,0.0,0.0
2003-07-07 00:00:00-04:00,80.06998833842776,81.64758579166823,79.90392220200853,81.0110092163086,4090966,0.0,0.0
2003-07-08 00:00:00-04:00,81.01100712170721,81.01100712170721,79.2950227345208,79.73785400390625,4770036,0.0,0.0
2003-07-09 00:00:00-04:00,79.84857713203688,80.09766313217948,78.3540082579059,78.54774475097656,5883311,0.0,0.0
2003-07-10 00:00:00-04:00,78.54776409333208,79.2950487144161,77.49603507785163,78.02190399169922,4414393,0.0,0.0
2003-07-11 00:00:00-04:00,78.46470149232607,79.84856228274654,77.46832242820021,77.828125,6005358,0.0,0.0
2003-07-14 00:00:00-04:00,78.87987207130217,79.54412787400108,77.52369892934017,77.60672760009766,4751632,0.0,0.0
2003-07-15 00:00:00-04:00,78.16030873095463,78.40940368920418,76.16755787717581,76.58271026611328,5160255,0.0,0.0
2003-07-16 00:00:00-04:00,76.72105792418982,76.914803243429,75.08811075864735,75.78003692626953,4599497,0.0,0.0
2003-07-17 00:00:00-04:00,75.14347583077726,76.30592155029761,74.45154951986767,75.00508880615234,4898927,0.0,0.0
2003-07-18 00:00:00-04:00,76.33355364539572,77.10850816830656,75.28181643170238,76.88709259033203,4205146,0.0,0.0
2003-07-21 00:00:00-04:00,76.85945593836155,77.08087163876469,74.7836683257068,75.17115020751953,3549363,0.0,0.0
2003-07-22 00:00:00-04:00,75.28183413623952,76.00143933999593,74.7282950611237,75.86305236816406,3630616,0.0,0.0
2003-07-23 00:00:00-04:00,75.83541280522938,75.94612066518897,74.7283253934183,75.89076232910156,3945487,0.0,0.0
2003-07-24 00:00:00-04:00,76.5273243123108,77.44066618314817,75.75236063046238,75.94610595703125,4016912,0.0,0.0
2003-07-25 00:00:00-04:00,76.61034710419683,78.8522004895101,76.33358193526198,78.6861343383789,4919125,0.0,0.0
2003-07-28 00:00:00-04:00,79.01827796393063,79.71021309311936,78.07725676289206,78.52008819580078,3874166,0.0,0.0
2003-07-29 00:00:00-04:00,78.54774870602756,78.60310702809949,76.94247192471094,77.21924591064453,3834291,0.0,0.0
2003-07-30 00:00:00-04:00,77.91119059966266,78.02190727014788,76.66572499107006,77.41300964355469,2854184,0.0,0.0
2003-07-31 00:00:00-04:00,78.46471896025297,80.20838271065013,77.60672666538278,78.71381378173828,5724665,0.0,0.0
2003-08-01 00:00:00-04:00,78.04958239837805,79.3780855910741,78.04958239837805,78.7691879272461,3514037,0.0,0.0
2003-08-04 00:00:00-04:00,78.7691960989885,79.15667807293492,76.94250291799808,78.82455444335938,3139676,0.0,0.0
2003-08-05 00:00:00-04:00,78.21560442423113,78.82450174414114,76.83174367454083,76.94245147705078,3388568,0.0,0.0
2003-08-06 00:00:00-04:00,76.94248273434702,77.77280480879959,76.19520696688248,76.61035919189453,3590553,0.0,0.0
2003-08-07 00:00:00-04:00,76.61035810222597,77.82815321944467,75.22650562225007,77.71744537353516,2742237,0.0,0.0
2003-08-08 00:00:00-04:00,77.32996350674483,78.1602767571732,77.32996350674483,77.71744537353516,2210420,0.0,0.0
2003-08-11 00:00:00-04:00,77.63440421413635,78.76916165537507,77.4960172259386,78.27098083496094,2432541,0.0,0.0
2003-08-12 00:00:00-04:00,78.38171532387113,78.60313105541492,77.44068524648654,78.40938568115234,2939485,0.0,0.0
2003-08-13 00:00:00-04:00,78.71379866907513,78.82450647823404,77.0808430626117,77.55135345458984,3200397,0.0,0.0
2003-08-14 00:00:00-04:00,78.04951934841355,79.54408753743537,77.5790090990271,79.01821899414062,4075567,0.0,0.0
2003-08-15 00:00:00-04:00,79.43342289057689,80.2083865528121,79.18432805715939,79.65483856201172,2975000,0.0,0.0
2003-08-18 00:00:00-04:00,80.26372364779985,82.61628462033467,80.18069498690961,82.47789764404297,5415449,0.0,0.0
2003-08-19 00:00:00-04:00,82.75468949645916,83.0314546966949,81.17709172503875,82.61630249023438,4419380,0.0,0.0
2003-08-20 00:00:00-04:00,82.58861666604523,82.58861666604523,80.95566069894191,81.50920867919922,3422434,0.0,0.0
2003-08-21 00:00:00-04:00,82.20115816260099,83.80643542366255,81.97974243256814,83.47431182861328,5111512,0.0,0.0
2003-08-22 00:00:00-04:00,83.86174676217924,84.11084154809052,82.33950770221938,82.69931030273438,4157217,0.0,0.0
2003-08-25 00:00:00-04:00,82.42255715663414,82.61630249023438,81.7859892650995,82.61630249023438,2401471,0.0,0.0
2003-08-26 00:00:00-04:00,82.06273375960427,82.89304677523798,81.3708077152781,82.69931030273438,2933852,0.0,0.0
2003-08-27 00:00:00-04:00,82.00743780174489,82.50562769883976,81.92440027741749,82.33956146240234,2542610,0.0,0.0
2003-08-28 00:00:00-04:00,82.47792128044456,82.75469531234543,81.37083396505554,82.14579772949219,2860194,0.0,0.0
2003-08-29 00:00:00-04:00,81.86900301117815,82.20112647821057,81.09403944255696,81.84132385253906,2739650,0.0,0.0
2003-09-02 00:00:00-04:00,82.33950113685134,84.38760876203105,81.86899075924893,84.24922180175781,5105899,0.0,0.0
2003-09-03 00:00:00-04:00,84.55371157695092,86.51879140378492,84.44300372312229,86.13130950927734,7137725,0.0,0.0
2003-09-04 00:00:00-04:00,86.10363413881946,86.76788129107592,85.82686008593836,86.68485260009766,3942065,0.0,0.0
2003-09-05 00:00:00-04:00,85.63309998563898,86.38038443557245,85.30097650085055,85.90987396240234,3869409,0.0,0.0
2003-09-08 00:00:00-04:00,85.88221368205316,87.23839589167244,84.69209765744134,86.85091400146484,3174209,0.0,0.0
2003-09-09 00:00:00-04:00,85.96523039547196,86.5464487437257,85.52239904674786,86.24200439453125,3373795,0.0,0.0
2003-09-10 00:00:00-04:00,85.93754402688548,86.46341281855902,85.5223918753223,85.88219451904297,3786591,0.0,0.0
2003-09-11 00:00:00-04:00,85.93756826927125,87.59820378061562,85.93756826927125,87.12769317626953,4185928,0.0,0.0
2003-09-12 00:00:00-04:00,86.98924903911151,87.45975933455813,86.158936234664,87.2660140991211,3470906,0.0,0.0
2003-09-15 00:00:00-04:00,87.18303164823672,87.87495788312812,86.49110541334531,86.90625762939453,2979611,0.0,0.0
2003-09-16 00:00:00-04:00,86.43574558331412,88.64992007116356,86.43574558331412,88.3731460571289,4187139,0.0,0.0
2003-09-17 00:00:00-04:00,87.95798204212804,88.40081335537332,87.12766892368677,87.79191589355469,4003287,0.0,0.0
2003-09-18 00:00:00-04:00,87.93033189219733,89.06509852203938,87.76426568883501,88.87135314941406,4645945,0.0,0.0
2003-09-19 00:00:00-04:00,89.72932815124203,89.72932815124203,87.23838846157183,88.3731460571289,4845071,0.0,0.0
2003-09-22 00:00:00-04:00,87.4598056670789,88.29011891139139,86.35271840392421,86.90625762939453,3874083,0.0,0.0
2003-09-23 00:00:00-04:00,86.62947767010489,87.4597907730183,86.29734537916949,87.34908294677734,2735351,0.0,0.0
2003-09-24 00:00:00-04:00,87.45978744800944,87.70888225063474,85.2732925415039,85.2732925415039,3991622,0.0,0.0
2003-09-25 00:00:00-04:00,85.85812832680753,88.00249803649719,84.49353989969826,84.60493469238281,3966270,0.910563,0.0
2003-09-26 00:00:00-04:00,83.88087523672486,84.40999835546278,81.62511043503093,83.18464660644531,4680499,0.0,0.0
2003-09-29 00:00:00-04:00,83.54669705156586,85.3847250073831,83.49100407121222,84.57711029052734,4369113,0.0,0.0
2003-09-30 00:00:00-04:00,84.24291467482276,84.35430948770602,82.48843085484351,83.01756286621094,6017314,0.0,0.0
2003-10-01 00:00:00-04:00,83.0175262450547,85.41252696589262,82.98967533739565,85.30113220214844,4975026,0.0,0.0
2003-10-02 00:00:00-04:00,85.05051295749963,86.05307494787951,84.74417063070837,85.63533782958984,3686621,0.0,0.0
2003-10-03 00:00:00-04:00,86.74927792972478,87.16701496768431,85.6353213620585,85.83026885986328,4363354,0.0,0.0
2003-10-06 00:00:00-04:00,86.33155950485829,86.47080521419952,85.57964686144665,85.74673461914062,2811054,0.0,0.0
2003-10-07 00:00:00-04:00,85.16190338261175,85.80243005105744,84.9669647242079,85.35684204101562,3973260,0.0,0.0
2003-10-08 00:00:00-04:00,85.07835631389729,85.35683883445637,83.96439963098081,84.10364532470703,4521749,0.0,0.0
2003-10-09 00:00:00-04:00,85.02267892691879,85.0783807671765,83.54668656284085,83.90872192382812,5582274,0.0,0.0
2003-10-10 00:00:00-04:00,82.57195568299163,82.57195568299163,81.318762110677,81.65294647216797,8169663,0.0,0.0
2003-10-13 00:00:00-04:00,82.20992089607783,82.29347363711702,79.78706874381922,80.56684112548828,6163377,0.0,0.0
2003-10-14 00:00:00-04:00,80.48326852106068,81.56937408447266,79.81489995906486,81.56937408447266,4466788,0.0,0.0
2003-10-15 00:00:00-04:00,81.90359892009424,82.01499372352447,80.03772044557128,80.34406280517578,4890372,0.0,0.0
2003-10-16 00:00:00-04:00,80.28831220258785,81.15162805496222,80.1490665661546,80.81744384765625,3473160,0.0,0.0
2003-10-17 00:00:00-04:00,80.81748743715342,80.92888223300366,79.14654776561073,79.50858306884766,4441748,0.0,0.0
2003-10-20 00:00:00-04:00,80.06555738605962,80.1491012573242,79.39717981526215,80.14910125732422,3353325,0.0,0.0
2003-10-21 00:00:00-04:00,80.76175077173113,80.76175077173113,80.14907522536593,80.42756652832031,3377509,0.0,0.0
2003-10-22 00:00:00-04:00,80.14909967545721,80.14909967545721,78.8123534271386,78.95159912109375,4186596,0.0,0.0
2003-10-23 00:00:00-04:00,78.9515858887399,80.00984057178383,78.64524364000313,79.06298065185547,3816430,0.0,0.0
2003-10-24 00:00:00-04:00,79.06299552237851,79.0908464351187,77.97688972755306,78.8123550415039,3708280,0.0,0.0
2003-10-27 00:00:00-05:00,79.36930950088974,79.50855516355482,78.33890578419442,78.58954620361328,3465669,0.0,0.0
2003-10-28 00:00:00-05:00,79.31366163744948,79.48075830100277,78.6174417952876,79.42505645751953,4023673,0.0,0.0
2003-10-29 00:00:00-05:00,79.42504422297228,81.17952788588546,79.14655278224747,80.28836059570312,4293723,0.0,0.0
2003-10-30 00:00:00-05:00,81.17948772616269,81.45797016222637,80.17692612903951,80.42756652832031,4369530,0.0,0.0
2003-10-31 00:00:00-05:00,80.62252285389563,81.45798807963607,80.62252285389563,80.78961944580078,3518815,0.0,0.0
2003-11-03 00:00:00-05:00,80.90103078237544,81.48585567344581,80.2048110961914,80.2048110961914,3782272,0.0,0.0
2003-11-04 00:00:00-05:00,80.232616072425,80.232616072425,79.09081773336693,79.81488800048828,3966186,0.0,0.0
2003-11-05 00:00:00-05:00,79.11867686784113,79.59210679430193,78.67308898001998,79.17436981201172,3576593,0.0,0.0
2003-11-06 00:00:00-05:00,78.8123462267645,79.20223236083984,78.1161266874895,79.20223236083984,3289057,0.0,0.0
2003-11-07 00:00:00-05:00,79.48073956801797,79.64782732529353,78.14399317534162,78.31108093261719,3755563,0.0,0.0
2003-11-10 00:00:00-05:00,78.61742163290639,78.64526368061112,78.22753542920401,78.45032501220703,2929178,0.0,0.0
2003-11-11 00:00:00-05:00,78.39459788054799,78.50600150298729,77.89332591402767,78.283203125,3290726,0.0,0.0
2003-11-12 00:00:00-05:00,78.311055140753,80.20478374569716,78.25536219563514,79.9262924194336,4932855,0.0,0.0
2003-11-13 00:00:00-05:00,79.647845477504,80.00988085663687,78.39464267785318,78.92377471923828,5203490,0.0,0.0
2003-11-14 00:00:00-05:00,78.67308090397782,78.75663361199368,77.55912459911303,77.6426773071289,5745135,0.0,0.0
2003-11-17 00:00:00-05:00,77.05787533942373,80.34405265978904,76.22240998574716,77.44776153564453,4903747,0.0,0.0
2003-11-18 00:00:00-05:00,79.1465305415894,80.538978487032,79.09083758923154,79.20223236083984,8574697,0.0,0.0
2003-11-19 00:00:00-05:00,80.76179075546061,82.23778297820937,80.62254503504533,82.07068634033203,9369011,0.0,0.0
2003-11-20 00:00:00-05:00,81.09595043166547,82.04281926833411,80.17694137085732,80.62252044677734,5092920,0.0,0.0
2003-11-21 00:00:00-05:00,80.98457150582126,83.40742372218439,79.45288648253099,79.53643035888672,5206557,0.0,0.0
2003-11-24 00:00:00-05:00,80.23263948859616,80.59467472781806,79.7035165185906,80.0655517578125,3812862,0.0,0.0
2003-11-25 00:00:00-05:00,80.12126031947967,81.04027848537972,79.70353204425713,80.51114654541016,3404739,0.0,0.0
2003-11-26 00:00:00-05:00,81.06809981562702,81.12379276078062,79.45286253590983,80.12123107910156,3158622,0.0,0.0
2003-11-28 00:00:00-05:00,80.34404675686078,80.48328358316539,79.78706398406894,79.84276580810547,1746961,0.0,0.0
2003-12-01 00:00:00-05:00,81.31876824947096,81.34661029819331,80.14910959561367,80.84532928466797,4137707,0.0,0.0
2003-12-02 00:00:00-05:00,80.8453235559652,82.09852600097656,80.62253398060625,82.09852600097656,5050749,0.0,0.0
2003-12-03 00:00:00-05:00,82.40486267639751,82.71119610482312,81.65294126086205,82.20991516113281,5230449,0.0,0.0
2003-12-04 00:00:00-05:00,81.87573931763232,82.29347643635604,81.04027394707907,81.17951965332031,4094201,0.0,0.0
2003-12-05 00:00:00-05:00,81.20737097618313,81.87574866910126,80.7896426766426,81.040283203125,2862009,0.0,0.0
2003-12-08 00:00:00-05:00,81.17951480105376,81.90358533671368,81.17951480105376,81.79219055175781,3145998,0.0,0.0
2003-12-09 00:00:00-05:00,82.15422420997032,83.01754042663384,81.98712760236356,82.3213119506836,5150302,0.0,0.0
2003-12-10 00:00:00-05:00,82.57195159084127,82.76689910888672,82.26561815804612,82.76689910888672,4778111,0.0,0.0
2003-12-11 00:00:00-05:00,82.82255707517676,84.85553093177731,82.82255707517676,84.66058349609375,5982259,0.0,0.0
2003-12-12 00:00:00-05:00,84.32643449187613,84.79986452818585,83.40741646435647,83.8530044555664,4298230,0.0,0.0
2003-12-15 00:00:00-05:00,85.18973812825595,85.21758903614052,83.85299208560903,84.46566772460938,5631665,0.0,0.0
2003-12-16 00:00:00-05:00,84.71632423946367,85.77457913788724,84.13149053046465,85.35684204101562,5364598,0.0,0.0
2003-12-17 00:00:00-05:00,85.3568600228967,85.57965850830078,84.77203505758803,85.57965850830078,4520330,0.0,0.0
2003-12-18 00:00:00-05:00,85.96949604594224,86.0808908035463,85.57961882777376,85.91380310058594,5087870,0.0,0.0
2003-12-19 00:00:00-05:00,86.02523040771484,86.3315638903111,84.96697537661659,86.02523040771484,5278274,0.0,0.0
2003-12-22 00:00:00-05:00,85.77457668513627,86.33155059814453,85.57963803230673,86.33155059814453,3395245,0.0,0.0
2003-12-23 00:00:00-05:00,86.1923257400682,87.13918595712472,86.08092207510184,86.61005401611328,3223641,0.0,0.0
2003-12-24 00:00:00-05:00,86.47080596249815,86.49865687798628,85.7467353611733,86.0530776977539,1211388,0.0,0.0
2003-12-26 00:00:00-05:00,86.02521070794089,86.24800025642752,85.49607888011555,85.5517807006836,1061881,0.0,0.0
2003-12-29 00:00:00-05:00,86.05638376823656,86.42079162597656,85.55181766905768,86.42079162597656,3470990,0.958487,0.0
2003-12-30 00:00:00-05:00,86.42075235005416,86.50485261169774,85.71997038634913,86.11241149902344,2930930,0.0,0.0
2003-12-31 00:00:00-05:00,85.86009620342135,86.84119415283203,85.71993807850622,86.84119415283203,3512179,0.0,0.0
2004-01-02 00:00:00-05:00,86.897282279486,88.52310459913404,86.67303277160318,87.2336654663086,3826550,0.0,0.0
2004-01-05 00:00:00-05:00,87.57008224923003,88.52314758300781,87.20567439072659,88.52314758300781,4089547,0.0,0.0
2004-01-06 00:00:00-05:00,88.07460641719076,88.38294726219922,87.45791580217546,87.9344482421875,3435413,0.0,0.0
2004-01-07 00:00:00-05:00,87.87839574331468,88.80343627929688,87.34580530138541,88.80343627929688,3875606,0.0,0.0
2004-01-08 00:00:00-05:00,89.30800657171551,90.40122985839844,88.77540717884423,90.40122985839844,5636130,0.0,0.0
2004-01-09 00:00:00-05:00,88.7193657755502,90.23305503325967,88.7193657755502,89.13983154296875,5007932,0.0,0.0
2004-01-12 00:00:00-05:00,89.5602794979908,89.98074513988318,89.4761792296129,89.95272064208984,3886603,0.0,0.0
2004-01-13 00:00:00-05:00,89.72849446400015,90.06487780852497,87.90645520200117,88.60724639892578,5576766,0.0,0.0
2004-01-14 00:00:00-05:00,89.11179600086425,89.81258713829757,88.38298035793498,89.7004623413086,3432137,0.0,0.0
2004-01-15 00:00:00-05:00,89.89667850478888,90.12092809876684,88.71936367390369,89.7004623413086,4135683,0.0,0.0
2004-01-16 00:00:00-05:00,90.8217070577225,93.82106981348743,90.34517445633956,93.48469543457031,10507576,0.0,0.0
2004-01-20 00:00:00-05:00,94.60588747114447,94.60588747114447,92.98006569945626,93.51266479492188,5514292,0.0,0.0
2004-01-21 00:00:00-05:00,93.82104080238695,95.41882976443087,92.5876595360724,94.88623046875,4462614,0.0,0.0
2004-01-22 00:00:00-05:00,95.25059738333967,95.44682232010332,93.68084251420467,93.9611587524414,3733236,0.0,0.0
2004-01-23 00:00:00-05:00,94.3255899093661,94.9983472645801,92.72780123135459,93.09220886230469,3405365,0.0,0.0
2004-01-26 00:00:00-05:00,93.84904818176133,95.86730219615622,93.68085662848,95.6991195678711,4451201,0.0,0.0
2004-01-27 00:00:00-05:00,96.00744652009784,96.59610348437539,95.39075614680827,95.83926391601562,4231813,0.0,0.0
2004-01-28 00:00:00-05:00,96.14767018660662,96.90451919592556,93.93319001489611,94.63397216796875,5657768,0.0,0.0
2004-01-29 00:00:00-05:00,95.30670913495484,95.72718369054984,94.35364418560508,95.39080047607422,4337313,0.0,0.0
2004-01-30 00:00:00-05:00,94.91427828998354,95.2226281158444,93.84908846200973,94.2695541381836,3586254,0.0,0.0
2004-02-02 00:00:00-05:00,94.43774576365315,95.19459469076614,93.4005893607576,94.2695541381836,3896139,0.0,0.0
2004-02-03 00:00:00-05:00,94.35362332520775,94.35362332520775,92.86795938556571,93.09220886230469,3431406,0.0,0.0
2004-02-04 00:00:00-05:00,92.67179534959378,95.27871731249141,92.22329610113943,93.0081787109375,4195381,0.0,0.0
2004-02-05 00:00:00-05:00,93.37250179214014,94.46572441126959,92.64368671272051,93.9611587524414,2809176,0.0,0.0
2004-02-06 00:00:00-05:00,93.26046176944382,93.76502788645647,92.4475457253666,93.0081787109375,3824088,0.0,0.0
2004-02-09 00:00:00-05:00,93.48465361838403,93.48465361838403,91.94292278588586,92.19520568847656,3219656,0.0,0.0
2004-02-10 00:00:00-05:00,92.98009495122804,92.98009495122804,90.82167340502937,91.10198974609375,4629085,0.0,0.0
2004-02-11 00:00:00-05:00,91.10199140787077,93.42859566114879,90.68152581360269,92.72781372070312,4967869,0.0,0.0
2004-02-12 00:00:00-05:00,92.92406730022199,93.20438375949922,91.52250285383965,92.11116027832031,3230819,0.0,0.0
2004-02-13 00:00:00-05:00,92.5036096970347,92.98014236484487,91.7187271118164,91.7187271118164,3372689,0.0,0.0
2004-02-17 00:00:00-05:00,92.72788259504397,93.03622366486334,92.30740776346671,92.64379119873047,3123818,0.0,0.0
2004-02-18 00:00:00-05:00,92.64372794474599,93.17631832443668,91.80278778076172,91.80278778076172,3187543,0.0,0.0
2004-02-19 00:00:00-05:00,92.50356543446945,92.78388178434618,91.32624211998622,91.38230895996094,3833957,0.0,0.0
2004-02-20 00:00:00-05:00,91.91491876199296,92.19522621896041,91.10200303928889,91.66263580322266,3658076,0.0,0.0
2004-02-23 00:00:00-05:00,91.80277391279712,93.84906163354127,91.69064024453952,93.68087005615234,4346577,0.0,0.0
2004-02-24 00:00:00-05:00,93.65282158975194,94.35361227876254,92.64369906256954,93.28841400146484,4415978,0.0,0.0
2004-02-25 00:00:00-05:00,93.34448907376387,93.37252248880031,92.27929962735051,92.41944885253906,3508778,0.0,0.0
2004-02-26 00:00:00-05:00,92.27847240748356,92.7579132809289,91.96824965738918,92.13745880126953,3488246,0.958487,0.0
2004-02-27 00:00:00-05:00,92.36306774338183,92.92711307752836,91.71440887451172,91.71440887451172,3549759,0.0,0.0
2004-03-01 00:00:00-05:00,92.19383348834545,92.87068777064319,91.68618828688852,92.47586059570312,3274075,0.0,0.0
2004-03-02 00:00:00-05:00,92.87070765181917,92.92711667715331,91.43238525942905,91.62979888916016,3951726,0.0,0.0
2004-03-03 00:00:00-05:00,91.54517795496874,92.70148195225536,91.40416439632719,92.64507293701172,3087719,0.0,0.0
2004-03-04 00:00:00-05:00,92.22210244187306,92.92716172351145,92.22210244187306,92.78614807128906,3189922,0.0,0.0
2004-03-05 00:00:00-05:00,92.081044525757,94.42184847667399,91.94003094132066,92.41947174072266,3875481,0.0,0.0
2004-03-08 00:00:00-05:00,91.65799882950866,91.65799882950866,89.5710176472301,89.76844024658203,5726376,0.0,0.0
2004-03-09 00:00:00-05:00,89.09160073175318,89.40182350028338,88.30192808181445,89.00699615478516,12132115,0.0,0.0
2004-03-10 00:00:00-05:00,89.23262268384461,89.28902274726936,87.14564074768955,87.70968627929688,8450293,0.0,0.0
2004-03-11 00:00:00-05:00,87.20200308466768,87.850661899989,85.34064016644221,85.79188537597656,8824570,0.0,0.0
2004-03-12 00:00:00-05:00,86.38417276135412,86.77900912420222,85.90473181342142,86.29956817626953,5864782,0.0,0.0
2004-03-15 00:00:00-05:00,87.00461669223711,87.25843939590722,84.9740350628762,85.45347595214844,7217726,0.0,0.0
2004-03-16 00:00:00-05:00,86.44054887754254,86.55336693236303,84.88941735686446,86.01751708984375,5272369,0.0,0.0
2004-03-17 00:00:00-05:00,86.29960262685209,87.00466206944965,86.04577979080088,86.75083923339844,5068298,0.0,0.0
2004-03-18 00:00:00-05:00,86.38413970371612,86.8071804261931,85.45345370605419,86.6379623413086,5570276,0.0,0.0
2004-03-19 00:00:00-05:00,86.35599219378653,86.60981499891923,84.91766895101757,85.00227355957031,8423647,0.0,0.0
2004-03-22 00:00:00-05:00,84.43817465782575,84.607383768297,81.84354816240152,82.94344329833984,9506478,0.0,0.0
2004-03-23 00:00:00-05:00,84.0151679505271,84.21258165252296,82.3230222836491,82.35122680664062,12322289,0.0,0.0
2004-03-24 00:00:00-05:00,81.92813004718656,82.35117066524212,81.44868940107007,82.29476165771484,12241537,0.0,0.0
2004-03-25 00:00:00-05:00,82.3793845445005,83.90232033346642,82.06916187237874,83.76130676269531,11584669,0.0,0.0
2004-03-26 00:00:00-05:00,84.66382422646979,87.14564257657061,84.66382422646979,84.88944244384766,14427439,0.0,0.0
2004-03-29 00:00:00-05:00,86.24308658932839,86.97634965519812,85.87645505639352,85.9610595703125,12338064,0.0,0.0
2004-03-30 00:00:00-05:00,85.87648903837186,86.58154788544427,85.48165285140284,86.55335235595703,10061853,0.0,0.0
2004-03-31 00:00:00-05:00,86.52515883641006,86.52515883641006,85.76369087471453,86.07391357421875,10405603,0.0,0.0
2004-04-01 00:00:00-05:00,85.79190399188096,87.34303560391339,85.53808131252491,86.35594940185547,9926181,0.0,0.0
2004-04-02 00:00:00-05:00,87.17382197910617,87.85068548539219,87.00461283713753,87.59686279296875,11313095,0.0,0.0
2004-04-05 00:00:00-04:00,87.37122483754888,89.06336975097656,87.34302032711578,89.06336975097656,11324384,0.0,0.0
2004-04-06 00:00:00-04:00,88.78135597122531,89.76844204940244,88.47112430007135,88.8941650390625,9902268,0.0,0.0
2004-04-07 00:00:00-04:00,89.28898849721175,89.40179756026117,88.24550241913747,88.55572509765625,6421096,0.0,0.0
2004-04-08 00:00:00-04:00,89.62742604281276,89.82483966131505,87.85066755841734,88.58393096923828,8115223,0.0,0.0
2004-04-12 00:00:00-04:00,88.97874914125876,89.51459882490971,88.69672204676174,89.17616271972656,3583625,0.0,0.0
2004-04-13 00:00:00-04:00,89.37359635187566,89.51460991659705,87.03279272822367,87.42761993408203,6780016,0.0,0.0
2004-04-14 00:00:00-04:00,86.44050011496084,86.58151362446878,85.03038297881032,85.9610595703125,7512566,0.0,0.0
2004-04-15 00:00:00-04:00,86.58162101620577,86.80724829895452,85.45352052036434,86.75083923339844,5200819,0.0,0.0
2004-04-16 00:00:00-04:00,87.08917762575993,88.38649501208047,86.80715952481465,88.07626342773438,5383691,0.0,0.0
2004-04-19 00:00:00-04:00,87.9353044919398,87.96350901338816,85.73551344946328,87.70968627929688,3755959,0.0,0.0
2004-04-20 00:00:00-04:00,87.85068584320678,87.99169944840199,85.7072952072866,85.93292236328125,4288256,0.0,0.0
2004-04-21 00:00:00-04:00,86.15857201325892,86.7226176606133,84.72023989842607,86.58160400390625,6272341,0.0,0.0
2004-04-22 00:00:00-04:00,86.01750686887442,87.2584155297546,85.19962994542658,87.00459289550781,7355923,0.0,0.0
2004-04-23 00:00:00-04:00,87.42762029782473,87.42762029782473,86.15851616898802,86.55335235595703,4018686,0.0,0.0
2004-04-26 00:00:00-04:00,87.0046454178802,87.20205915059287,86.44059078817449,86.72261810302734,3469946,0.0,0.0
2004-04-27 00:00:00-04:00,87.20203283059814,87.54046909806165,86.0175328328893,86.1585464477539,5600115,0.0,0.0
2004-04-28 00:00:00-04:00,85.59446483338566,85.7354784035136,84.60737882195838,84.66378784179688,5710247,0.0,0.0
2004-04-29 00:00:00-04:00,85.03047091419377,85.62272108303888,84.55102987372516,84.74844360351562,4915077,0.0,0.0
2004-04-30 00:00:00-04:00,84.94585007477644,85.39708650202545,84.04336824080644,84.46640014648438,4835285,0.0,0.0
2004-05-03 00:00:00-04:00,84.9458395242791,85.65089859915346,84.66381230254099,85.45347595214844,3547715,0.0,0.0
2004-05-04 00:00:00-04:00,85.7919046968093,86.60977279286004,85.34065938565189,85.84830474853516,3636062,0.0,0.0
2004-05-05 00:00:00-04:00,83.53570556574977,86.15853696275916,83.53570556574977,85.98931884765625,3752391,0.0,0.0
2004-05-06 00:00:00-04:00,85.59448611902454,86.15854053980537,84.88942707251904,85.93292236328125,3385104,0.0,0.0
2004-05-07 00:00:00-04:00,85.50985753072176,86.44053449235409,84.55097606007801,84.60737609863281,4168046,0.0,0.0
2004-05-10 00:00:00-04:00,83.90232129975355,86.72256580925084,83.33827598964147,84.6919937133789,5919180,0.0,0.0
2004-05-11 00:00:00-04:00,84.94583769385093,85.48167862824187,84.49459235289932,85.31246948242188,4108911,0.0,0.0
2004-05-12 00:00:00-04:00,84.60738164303739,85.73548126220703,83.76130917352731,85.73548126220703,5359402,0.0,0.0
2004-05-13 00:00:00-04:00,85.03042184669034,85.96109886361019,84.94581729409815,85.59446716308594,3768896,0.0,0.0
2004-05-14 00:00:00-04:00,85.45341316557607,85.87645368735579,84.49453209156583,85.05858612060547,3857599,0.0,0.0
2004-05-17 00:00:00-04:00,83.76129829577047,84.77658871911817,83.70489826084417,84.52276611328125,4154024,0.0,0.0
2004-05-18 00:00:00-04:00,84.74840058227241,85.93290929813845,84.57919146534095,85.8200912475586,4560602,0.0,0.0
2004-05-19 00:00:00-04:00,86.80720115416582,87.14562842527651,85.05864678422117,85.31246948242188,5134089,0.0,0.0
2004-05-20 00:00:00-04:00,85.34063939858339,85.8764891515668,85.08681677658788,85.25603485107422,2990003,0.0,0.0
2004-05-21 00:00:00-04:00,85.4816851851676,86.55338509509627,85.4816851851676,86.44056701660156,4573310,0.0,0.0
2004-05-24 00:00:00-04:00,87.25844925176132,87.286653773015,86.18674927989622,86.80721282958984,4071164,0.0,0.0
2004-05-25 00:00:00-04:00,86.58160350142475,88.16094926379883,86.49699889968106,88.01993560791016,4828295,0.0,0.0
2004-05-26 00:00:00-04:00,87.93529742275643,88.66856104463434,87.85069284468476,88.24552917480469,3879237,0.0,0.0
2004-05-27 00:00:00-04:00,88.27370536231582,88.75314611662971,87.56863750644098,88.16089630126953,3388777,0.0,0.0
2004-05-28 00:00:00-04:00,88.1890992746411,88.1890992746411,87.34302675565542,87.76606750488281,3657387,0.0,0.0
2004-06-01 00:00:00-04:00,87.4275872802231,87.9352323318295,86.9199512080813,87.5404052734375,4030079,0.0,0.0
2004-06-02 00:00:00-04:00,87.9353044919398,88.04811359826127,87.31484991743577,87.70968627929688,3709219,0.0,0.0
2004-06-03 00:00:00-04:00,87.7096470635248,88.33010136061814,87.25841083999072,87.42761993408203,3245238,0.0,0.0
2004-06-04 00:00:00-04:00,87.99165889539742,88.44289504048298,87.59682277871437,88.07626342773438,3703543,0.0,0.0
2004-06-07 00:00:00-04:00,88.78137537494077,89.37362535539313,88.58395272847606,89.34542083740234,4389624,0.0,0.0
2004-06-08 00:00:00-04:00,88.97880731824081,89.40183925711032,88.16093898481313,88.75318908691406,4102505,0.0,0.0
2004-06-09 00:00:00-04:00,88.55576497970407,89.06341048178439,87.850705773247,87.93531036376953,3859602,0.0,0.0
2004-06-10 00:00:00-04:00,87.85068099604896,88.83776719848244,87.85068099604896,88.80956268310547,3337279,0.0,0.0
2004-06-14 00:00:00-04:00,88.41469440423795,89.06335312577372,88.27368983733028,89.03514862060547,3308421,0.0,0.0
2004-06-15 00:00:00-04:00,89.3736013169663,90.07866020027438,89.03516515104619,89.71202850341797,4877768,0.0,0.0
2004-06-16 00:00:00-04:00,89.62742086381016,90.58630234878851,89.48640729611309,90.55809783935547,4680687,0.0,0.0
2004-06-17 00:00:00-04:00,90.36067309192855,91.48877251495658,90.21965954161666,91.26314544677734,6469714,0.0,0.0
2004-06-18 00:00:00-04:00,91.20675921785191,92.19384523995677,90.89652756432092,91.88361358642578,12584682,0.0,0.0
2004-06-21 00:00:00-04:00,91.8835934333299,92.47585210026573,91.57337082730935,91.94000244140625,4689889,0.0,0.0
2004-06-22 00:00:00-04:00,91.65798700598846,92.98350009007088,91.65798700598846,92.64507293701172,5059075,0.0,0.0
2004-06-23 00:00:00-04:00,92.67326612273892,94.45002417330123,92.30663450684932,94.25260162353516,7164162,0.0,0.0
2004-06-24 00:00:00-04:00,94.25263055622634,94.42285838556396,93.74192900115452,94.39449310302734,7144548,0.958487,0.0
2004-06-25 00:00:00-04:00,94.19587357800967,94.42285001936857,91.30191040039062,91.30191040039062,16750767,0.0,0.0
2004-06-28 00:00:00-04:00,93.06096326763937,93.14608619085207,91.1032805701762,91.67073059082031,7523792,0.0,0.0
2004-06-29 00:00:00-04:00,91.75589812803831,92.12473724369788,91.69914947938356,91.72752380371094,4237343,0.0,0.0
2004-06-30 00:00:00-04:00,91.92613220214845,92.18148307123957,91.01822603074243,91.92613220214844,5677069,0.0,0.0
2004-07-01 00:00:00-04:00,91.92608935452301,92.0679518860649,90.42236820064737,90.81957244873047,6556685,0.0,0.0
2004-07-02 00:00:00-04:00,90.64934600883315,90.67772032227641,89.76980552679261,89.85491943359375,4218542,0.0,0.0
2004-07-06 00:00:00-04:00,89.65630446015393,90.47909619741432,89.37257943343214,90.30886840820312,3636187,0.0,0.0
2004-07-07 00:00:00-04:00,90.02513920907674,91.35863231922188,90.02513920907674,90.84793090820312,4605694,0.0,0.0
2004-07-08 00:00:00-04:00,90.42237685519834,90.79121585909836,89.88330099044856,89.9400405883789,4479975,0.0,0.0
2004-07-09 00:00:00-04:00,90.93302497966663,91.5004748831327,90.56418615582366,91.27349853515625,5263355,0.0,0.0
2004-07-12 00:00:00-04:00,91.41538024751937,92.63538514976155,90.81955591679596,92.49352264404297,4002890,0.0,0.0
2004-07-13 00:00:00-04:00,92.86237104705404,93.31632388497985,92.63539462809113,93.1744613647461,4788273,0.0,0.0
2004-07-14 00:00:00-04:00,93.06098714526684,94.30936667076143,92.86238500720006,93.99727630615234,6884785,0.0,0.0
2004-07-15 00:00:00-04:00,93.94056724442959,95.13220767534348,93.62847674836618,94.6782455444336,6547837,0.0,0.0
2004-07-16 00:00:00-04:00,95.38754262662206,95.38754262662206,93.77032369528554,93.8838119506836,5277836,0.0,0.0
2004-07-19 00:00:00-04:00,94.47963858872114,94.64987550847408,93.40149551970583,94.28103637695312,4232043,0.0,0.0
2004-07-20 00:00:00-04:00,93.99725912307555,94.33772374046418,93.5432972663632,94.22423553466797,3782251,0.0,0.0
2004-07-21 00:00:00-04:00,94.56469354706977,94.9051671742051,92.49352264404297,92.49352264404297,4429938,0.0,0.0
2004-07-22 00:00:00-04:00,92.351712558378,93.77032938726262,91.92612479965302,93.28800201416016,3842533,0.0,0.0
2004-07-23 00:00:00-04:00,93.14611929205441,93.14611929205441,91.13168726325029,92.2665786743164,3045068,0.0,0.0
2004-07-26 00:00:00-04:00,92.69212436763142,92.91910979600516,90.84792986759172,91.67073059082031,4207859,0.0,0.0
2004-07-27 00:00:00-04:00,92.20982314361235,93.34471446981608,92.06796059864573,93.06098937988281,3611210,0.0,0.0
2004-07-28 00:00:00-04:00,94.47963012134447,94.93358315529184,91.78426817360148,94.45125579833984,4675971,0.0,0.0
2004-07-29 00:00:00-04:00,94.62144877171846,94.90517380297275,93.5432972663632,94.22423553466797,3443196,0.0,0.0
2004-07-30 00:00:00-04:00,93.82701375258975,94.3377151489258,93.28794708253356,94.33771514892578,2939444,0.0,0.0
2004-08-02 00:00:00-04:00,92.63542005265136,94.62147781395852,92.63542005265136,94.36612701416016,2773620,0.0,0.0
2004-08-03 00:00:00-04:00,94.19588560625986,94.19588560625986,93.06099422101785,93.25960540771484,3294879,0.0,0.0
2004-08-04 00:00:00-04:00,92.63543773086133,93.48660421477929,92.55031475899713,93.28800201416016,2779400,0.0,0.0
2004-08-05 00:00:00-04:00,93.20285943293136,93.45821022773555,91.33028994887725,91.41541290283203,4161181,0.0,0.0
2004-08-06 00:00:00-04:00,90.22376174837075,90.67772367968523,89.14561909936565,89.4293441772461,5142978,0.0,0.0
2004-08-09 00:00:00-04:00,89.45773886415547,90.9330953004566,89.344250602404,90.36565399169922,3340930,0.0,0.0
2004-08-10 00:00:00-04:00,90.50748635635595,91.07492747564183,90.08189874174487,91.04656219482422,2865515,0.0,0.0
2004-08-11 00:00:00-04:00,90.50752182523632,91.47217662282414,90.08193404384217,91.35868835449219,2860006,0.0,0.0
2004-08-12 00:00:00-04:00,90.73452243696308,90.87638506840227,89.65637908497393,89.68475341796875,3068981,0.0,0.0
2004-08-13 00:00:00-04:00,89.94004247113348,90.62098089525756,89.37260131230472,90.47911834716797,3397374,0.0,0.0
2004-08-16 00:00:00-04:00,90.42238960639823,91.64239501953126,90.28052704127312,91.64239501953125,2951859,0.0,0.0
2004-08-17 00:00:00-04:00,91.6707671092369,92.06797144168786,90.93307998182553,91.18843078613281,2929991,0.0,0.0
2004-08-18 00:00:00-04:00,91.0749166702352,93.00423431396486,90.81956593846992,93.00423431396484,3714290,0.0,0.0
2004-08-19 00:00:00-04:00,92.57867232023446,92.89077176016237,91.72750599043256,92.80564880371094,2920956,0.0,0.0
2004-08-20 00:00:00-04:00,92.66379607199035,93.06100040471807,92.1814597485502,92.63542175292969,3394765,0.0,0.0
2004-08-23 00:00:00-04:00,92.72054756660475,92.8907844692687,92.09635763487906,92.23822021484375,2796531,0.0,0.0
2004-08-24 00:00:00-04:00,92.7772778731163,92.91914042503963,91.95447687866695,92.57866668701172,3309861,0.0,0.0
2004-08-25 00:00:00-04:00,92.2665558418113,93.60004908057427,91.98283080087354,93.03260803222656,3284404,0.0,0.0
2004-08-26 00:00:00-04:00,92.91911982255701,93.34469835043585,92.60702047081992,93.03260803222656,1903207,0.0,0.0
2004-08-27 00:00:00-04:00,92.91913625638627,93.23122662979236,92.63541116526844,92.97587585449219,1643464,0.0,0.0
2004-08-30 00:00:00-04:00,92.57869040350661,92.91916422875596,92.35171387569514,92.40846252441406,1956437,0.0,0.0
2004-08-31 00:00:00-04:00,92.1814329094133,93.08934762029743,91.67074048266426,93.03260803222656,3467630,0.0,0.0
2004-09-01 00:00:00-04:00,93.03265116563158,93.54334382915677,92.55031475899713,93.28800201416016,2400136,0.0,0.0
2004-09-02 00:00:00-04:00,93.34471222838718,94.0823902176768,93.00424754876025,93.99727630615234,2886631,0.0,0.0
2004-09-03 00:00:00-04:00,93.6284232361997,93.96888786464406,93.0042335672878,93.1744613647461,2434022,0.0,0.0
2004-09-07 00:00:00-04:00,93.77031707889647,95.01869683372138,93.71356843843589,94.59310913085938,3962660,0.0,0.0
2004-09-08 00:00:00-04:00,94.59309978650698,95.6712425469769,94.56472546907963,95.50101470947266,5632291,0.0,0.0
2004-09-09 00:00:00-04:00,95.33078048472024,96.55078583266304,95.30240616650525,96.0684585571289,5460812,0.0,0.0
2004-09-10 00:00:00-04:00,95.89824474058517,96.49406034259064,95.1038179155569,96.1252212524414,3388964,0.0,0.0
2004-09-13 00:00:00-04:00,96.12522490739622,96.60755227181302,95.6428975429794,95.75638580322266,3572921,0.0,0.0
2004-09-14 00:00:00-04:00,95.33079663345096,95.95498657226562,95.10382011634229,95.95498657226562,2885651,0.0,0.0
2004-09-15 00:00:00-04:00,95.95494817573059,95.95494817573059,95.01866815892848,95.13215637207031,2621067,0.0,0.0
2004-09-16 00:00:00-04:00,95.27401889687961,95.78471133925382,95.04703343706788,95.13215637207031,1974945,0.0,0.0
2004-09-17 00:00:00-04:00,95.61451793246478,97.14662291132771,95.61451793246478,97.08987426757812,6131849,0.0,0.0
2004-09-20 00:00:00-04:00,96.60758549918263,97.7992171583545,96.5224715331089,97.06153869628906,4127086,0.0,0.0
2004-09-21 00:00:00-04:00,97.08985309538495,97.9693936469846,96.55077723144439,97.77078247070312,3182619,0.0,0.0
2004-09-22 00:00:00-04:00,97.03314105083564,97.1750036492326,95.6429074603176,96.26709747314453,4252492,0.0,0.0
2004-09-23 00:00:00-04:00,96.38123364468986,96.38123364468986,95.32524054775918,95.38231658935547,3179280,0.958487,0.0
2004-09-24 00:00:00-04:00,95.6106475819729,95.66773271582963,94.78297675071875,95.3537826538086,2780214,0.0,0.0
2004-09-27 00:00:00-04:00,94.52606201171875,95.06833414922355,94.2121212022254,94.52606201171875,3527579,0.0,0.0
2004-09-28 00:00:00-04:00,94.75444741610896,95.52504230821431,94.2978026298673,95.06839752197266,3217528,0.0,0.0
2004-09-29 00:00:00-04:00,95.46792602539062,95.83895202964393,94.98272978558899,95.46792602539062,3016524,0.0,0.0
2004-09-30 00:00:00-04:00,95.32524416966423,95.9245926082183,95.03983668955466,95.83897399902344,4388101,0.0,0.0
2004-10-01 00:00:00-04:00,96.18142426025064,97.00909476181913,96.03872056954741,96.95201873779297,3274492,0.0,0.0
2004-10-04 00:00:00-04:00,97.03766633346694,97.77971847733782,96.72372538971908,97.3801498413086,3241190,0.0,0.0
2004-10-05 00:00:00-04:00,97.29451240450857,97.38013099312363,96.52391784569456,97.18035125732422,2607045,0.0,0.0
2004-10-06 00:00:00-04:00,97.29452927979162,98.17928513924677,96.83788461185131,98.12220001220703,2992089,0.0,0.0
2004-10-07 00:00:00-04:00,97.43723084252929,98.12219782920072,96.89495849609375,96.89495849609375,2910648,0.0,0.0
2004-10-08 00:00:00-04:00,96.98063696517558,97.89393593162409,95.61069305905272,96.29566955566406,3828490,0.0,0.0
2004-10-11 00:00:00-04:00,96.46684530544043,97.32305848384394,96.40976018623672,97.03765106201172,1831490,0.0,0.0
2004-10-12 00:00:00-04:00,96.46683574892718,97.6084471489757,96.18142835536892,97.0947265625,2525103,0.0,0.0
2004-10-13 00:00:00-04:00,97.75120272420222,97.83683043996932,95.75336808318956,96.21002197265625,3198226,0.0,0.0
2004-10-14 00:00:00-04:00,96.18144362620784,96.46685106508056,95.32523039668335,95.49646759033203,2641746,0.0,0.0
2004-10-15 00:00:00-04:00,95.66768495688468,96.40973680400425,95.32520158600433,95.75330352783203,3155910,0.0,0.0
2004-10-18 00:00:00-04:00,95.32523117840749,97.12327624902585,94.81150141906117,96.72371673583984,3158852,0.0,0.0
2004-10-19 00:00:00-04:00,96.6951981296312,97.3230892035982,95.38233084447471,95.41087341308594,3417635,0.0,0.0
2004-10-20 00:00:00-04:00,95.553575687309,95.7248220092249,94.35486960808961,94.8115234375,3425668,0.0,0.0
2004-10-21 00:00:00-04:00,94.61172539058194,95.61064248303835,94.18362325786919,95.23961639404297,3477082,0.0,0.0
2004-10-22 00:00:00-04:00,95.2396055531414,95.46793696330545,93.44156044364414,94.04090881347656,3441693,0.0,0.0
2004-10-25 00:00:00-04:00,94.46901585860826,94.46901585860826,93.18469148856468,93.89820098876953,3059591,0.0,0.0
2004-10-26 00:00:00-04:00,94.4689987256481,96.03872115883158,93.89818395933273,95.98163604736328,4187160,0.0,0.0
2004-10-27 00:00:00-04:00,95.81042289031689,96.89495849609375,95.18253194232096,96.89495849609375,3482341,0.0,0.0
2004-10-28 00:00:00-04:00,96.46684378947337,97.4657606630951,96.20997893127961,97.1232681274414,3000540,0.0,0.0
2004-10-29 00:00:00-04:00,96.75225886671828,97.46577753358996,96.4668604870642,97.3801498413086,3824985,0.0,0.0
2004-11-01 00:00:00-05:00,97.32305496307787,97.43721611026221,96.49537528712526,97.18035125732422,2695747,0.0,0.0
2004-11-02 00:00:00-05:00,96.89494384581691,98.12218299336834,96.75224014006326,97.18035125732422,3531189,0.0,0.0
2004-11-03 00:00:00-05:00,98.17925045689007,98.32195413698416,97.1232486764485,97.97946166992188,3945091,0.0,0.0
2004-11-04 00:00:00-05:00,98.06512968086766,100.14858245849611,97.97950198532347,100.1485824584961,5265379,0.0,0.0
2004-11-05 00:00:00-05:00,100.46249488603743,101.0333005404692,99.26378938109345,100.43395233154297,4358221,0.0,0.0
2004-11-08 00:00:00-05:00,100.14853517952886,100.51956109044524,99.66334814887597,100.2341537475586,2800099,0.0,0.0
2004-11-09 00:00:00-05:00,99.94882538933805,101.14752252840613,99.94882538933805,101.09044647216797,3299928,0.0,0.0
2004-11-10 00:00:00-05:00,101.26165259245623,101.60413608587068,100.74792280878748,100.80500793457031,3556854,0.0,0.0
2004-11-11 00:00:00-05:00,101.09041405429235,102.40327197192381,101.03332892926338,102.1749496459961,2999580,0.0,0.0
2004-11-12 00:00:00-05:00,102.66012192164943,103.45925903320312,102.2605533658726,103.45925903320312,3929608,0.0,0.0
2004-11-15 00:00:00-05:00,103.45925428295811,103.51633030996692,102.603032093995,103.03114318847656,2991046,0.0,0.0
2004-11-16 00:00:00-05:00,102.88843949031603,103.43071172590754,102.3176337847663,103.03114318847656,2742237,0.0,0.0
2004-11-17 00:00:00-05:00,103.54490252961132,105.02900687628558,103.03117270390177,103.74468231201172,3891172,0.0,0.0
2004-11-18 00:00:00-05:00,103.88739968731953,105.20026698914762,103.83032363646831,105.11463928222656,3276642,0.0,0.0
2004-11-19 00:00:00-05:00,105.11465389186893,105.11465389186893,102.57455572918758,103.51638793945312,4551025,0.0,0.0
2004-11-22 00:00:00-05:00,103.45927826912222,103.51635430936362,102.57452240507766,103.00262451171875,3204778,0.0,0.0
2004-11-23 00:00:00-05:00,102.66018183923156,102.85996169017504,101.2902381963529,102.20353698730469,4386307,0.0,0.0
2004-11-24 00:00:00-05:00,102.31764821283859,102.74575028059557,101.48996846421282,101.71829986572266,3506712,0.0,0.0
2004-11-26 00:00:00-05:00,101.60417443227892,101.68980215326992,101.14752960205078,101.14752960205078,1646323,0.0,0.0
2004-11-29 00:00:00-05:00,101.51854255870612,101.97519641647675,100.2342177823144,100.7479476928711,4513465,0.0,0.0
2004-11-30 00:00:00-05:00,100.74792789543558,101.63268378008053,100.74792789543558,100.91917419433594,4813292,0.0,0.0
2004-12-01 00:00:00-05:00,100.91913839757255,102.80281066894531,100.91913839757255,102.80281066894531,4530012,0.0,0.0
2004-12-02 00:00:00-05:00,102.3176590231507,103.00262603876911,102.03225155642907,102.57452392578125,3334065,0.0,0.0
2004-12-03 00:00:00-05:00,102.28907111589173,102.83134324486304,101.74679898692042,102.26052856445312,3164340,0.0,0.0
2004-12-06 00:00:00-05:00,101.74686993544208,102.08936261734584,101.5756326815871,101.803955078125,2442285,0.0,0.0
2004-12-07 00:00:00-05:00,101.6041755522881,101.74687933508186,100.66234330778609,100.77650451660156,3915335,0.0,0.0
2004-12-08 00:00:00-05:00,101.74692068788639,102.46043989184943,101.43297950782379,101.91816711425781,3419680,0.0,0.0
2004-12-09 00:00:00-05:00,101.5470291546968,103.00259037422018,101.31870689521371,102.80281066894531,3313950,0.0,0.0
2004-12-10 00:00:00-05:00,103.17386802171279,105.05754086653415,102.74575683953303,104.71505737304688,6685325,0.0,0.0
2004-12-13 00:00:00-05:00,105.17168031985372,107.08389533282337,105.08606173593017,106.96973419189453,5883332,0.0,0.0
2004-12-14 00:00:00-05:00,106.71292214876333,107.74037292544948,106.11356450349203,106.68437957763672,5502503,0.0,0.0
2004-12-15 00:00:00-05:00,106.71288299560545,107.05536646217635,105.62833838749074,106.71288299560547,4254850,0.0,0.0
2004-12-16 00:00:00-05:00,106.45605269254762,106.99831608559644,105.59983920454212,105.91378021240234,4971520,0.0,0.0
2004-12-17 00:00:00-05:00,103.88742742564351,105.85671981709778,103.487858614614,104.88634490966797,7302422,0.0,0.0
2004-12-20 00:00:00-05:00,105.37150773225707,106.17064516751363,105.37150773225707,105.91378021240234,3573088,0.0,0.0
2004-12-21 00:00:00-05:00,105.91373756220275,106.2847635605006,105.51416900547596,106.0849838256836,3419554,0.0,0.0
2004-12-22 00:00:00-05:00,105.56824150555212,106.63052222250694,105.25242214294309,105.76921081542969,3629385,1.054336,0.0
2004-12-23 00:00:00-05:00,105.5107589038958,106.0849722894104,105.39591805503214,105.56818389892578,2211443,0.0,0.0
2004-12-27 00:00:00-05:00,105.79790631795184,106.05630061264935,104.99401092529295,104.99401092529297,2065483,0.0,0.0
2004-12-28 00:00:00-05:00,104.9079169244627,105.79794099332703,104.87920440648578,105.33857727050781,2674568,0.0,0.0
2004-12-29 00:00:00-05:00,104.99398198494309,105.08011948689935,104.56333103995095,104.96527862548828,2335993,0.0,0.0
2004-12-30 00:00:00-05:00,105.16629044398408,105.74049498361393,104.96532114041388,105.08016204833984,2182981,0.0,0.0
2004-12-31 00:00:00-05:00,105.22370526279829,105.53951544366372,104.50593823137667,104.79304504394531,2746348,0.0,0.0
2005-01-03 00:00:00-05:00,105.39599067949666,105.91277942608124,104.6208075596198,105.05146789550781,4638370,0.0,0.0
2005-01-04 00:00:00-05:00,105.08014897010446,105.79790684061014,103.70204910530964,103.78817749023438,3932780,0.0,0.0
2005-01-05 00:00:00-05:00,103.78816167694279,104.33366269448581,103.15653228759767,103.15653228759766,3955628,0.0,0.0
2005-01-06 00:00:00-05:00,103.44365142994627,104.56335696218754,103.1852571424137,103.98914337158203,3992645,0.0,0.0
2005-01-07 00:00:00-05:00,104.39110598445285,104.41981849632886,102.92687757318674,103.35752868652344,3130766,0.0,0.0
2005-01-10 00:00:00-05:00,103.01299271040709,103.75946307591151,102.58234165249283,103.09912109375,3433013,0.0,0.0
2005-01-11 00:00:00-05:00,102.20907677869455,102.58232102760309,101.40519069965498,101.63487243652344,3945696,0.0,0.0
2005-01-12 00:00:00-05:00,101.72099963352986,102.49618234245054,100.7735601945364,102.43876647949219,4794950,0.0,0.0
2005-01-13 00:00:00-05:00,102.2090543774878,102.32390436194814,100.77353926608359,101.14677429199219,3011578,0.0,0.0
2005-01-14 00:00:00-05:00,101.52003713583548,102.26650739219615,101.26164288238769,101.97940063476562,3041646,0.0,0.0
2005-01-18 00:00:00-05:00,101.29033403417517,103.30006263013748,100.68741728362576,103.24263763427734,4222862,0.0,0.0
2005-01-19 00:00:00-05:00,102.84069515798576,103.07038601155612,101.66357409677244,101.74970245361328,2655830,0.0,0.0
2005-01-20 00:00:00-05:00,101.77839535222284,102.49615285046168,101.29031952212483,101.54871368408203,3735657,0.0,0.0
2005-01-21 00:00:00-05:00,102.78325721243982,102.86938555077175,100.80224144244134,100.85965728759766,5863655,0.0,0.0
2005-01-24 00:00:00-05:00,101.11810740815581,102.49620729015794,100.34292451055462,101.23294830322266,4733792,0.0,0.0
2005-01-25 00:00:00-05:00,102.35264716681382,103.01298912599827,102.1229653917582,102.49620056152344,4557931,0.0,0.0
2005-01-26 00:00:00-05:00,103.18522821659911,103.64459164735096,101.77841628342532,101.89325714111328,4598495,0.0,0.0
2005-01-27 00:00:00-05:00,102.20911097431389,102.49621781205435,101.54877804519208,102.23782348632812,3845517,0.0,0.0
2005-01-28 00:00:00-05:00,102.06555839086494,102.69718789777336,101.69232318865542,102.63976287841797,3703898,0.0,0.0
2005-01-31 00:00:00-05:00,103.21395486141517,103.87429679799968,103.07041061281767,103.73074340820312,3590991,0.0,0.0
2005-02-01 00:00:00-05:00,103.35753482581339,104.4485372122988,103.0417246000212,104.16143035888672,3883661,0.0,0.0
2005-02-02 00:00:00-05:00,103.87426275254434,104.16136943803637,103.35747437513709,104.07524108886719,2909063,0.0,0.0
2005-02-03 00:00:00-05:00,103.78813047472507,103.78813047472507,103.15650127526901,103.5584487915039,2750354,0.0,0.0
2005-02-04 00:00:00-05:00,103.41489936871392,104.30492278078239,103.41489936871392,104.07524108886719,3685286,0.0,0.0
2005-02-07 00:00:00-05:00,103.50109458947912,104.39111857658814,103.50109458947912,104.01788330078125,2889511,0.0,0.0
2005-02-08 00:00:00-05:00,104.16139613579288,104.87915389229644,103.93171438500761,104.59205627441406,3666861,0.0,0.0
2005-02-09 00:00:00-05:00,104.27626307496631,104.39110397906335,102.98429147737376,103.61592102050781,4006229,0.0,0.0
2005-02-10 00:00:00-05:00,103.84558313278694,104.04656153273862,103.38621960352415,103.50106048583984,2701819,0.0,0.0
2005-02-11 00:00:00-05:00,103.35754115398387,104.70693796291809,103.21398771848861,104.01788330078125,3355725,0.0,0.0
2005-02-14 00:00:00-05:00,104.01787367363514,104.50594982442502,103.9317452767902,104.2762680053711,2187885,0.0,0.0
2005-02-15 00:00:00-05:00,104.13268835672434,105.10884041245438,104.07527248702195,104.47721099853516,3255191,0.0,0.0
2005-02-16 00:00:00-05:00,104.10398426146322,104.33367518242515,103.52977981205728,103.98914337158203,2817877,0.0,0.0
2005-02-17 00:00:00-05:00,103.73073163902339,104.50591437125391,103.41492153026171,103.44363403320312,3382454,0.0,0.0
2005-02-18 00:00:00-05:00,103.52976610675015,103.52976610675015,102.46747658947596,103.01297760009766,4622804,0.0,0.0
2005-02-22 00:00:00-05:00,102.18041049785111,103.09913777872292,101.46264338316857,101.4913558959961,4502782,0.0,0.0
2005-02-23 00:00:00-05:00,100.91711222987055,101.5487415612503,100.83097472477495,101.26163482666016,4066136,0.0,0.0
2005-02-24 00:00:00-05:00,101.40607352735465,102.87949178288333,101.26161913392716,102.7061538696289,3346105,1.054336,0.0
2005-02-25 00:00:00-05:00,102.70623935383378,103.13959369623149,102.30176855530328,102.9084701538086,2972454,0.0,0.0
2005-02-28 00:00:00-05:00,102.33061664662493,102.50395462851706,101.52167540253885,101.69502258300781,3887813,0.0,0.0
2005-03-01 00:00:00-05:00,101.89727736072166,102.24396260496248,101.55059211648083,101.75282287597656,3381473,0.0,0.0
2005-03-02 00:00:00-05:00,101.34823756554337,103.11056372935677,101.2904613561194,102.85054779052734,3702104,0.0,0.0
2005-03-03 00:00:00-05:00,103.25506952636555,103.51508559482039,102.41724508277392,102.7061538696289,3748155,0.0,0.0
2005-03-04 00:00:00-05:00,103.48623199103818,104.67075110599694,103.19733229356117,104.35295867919922,4241766,0.0,0.0
2005-03-07 00:00:00-05:00,104.49737473573865,104.8151762723304,104.15068967647191,104.3818130493164,2563852,0.0,0.0
2005-03-08 00:00:00-05:00,104.0929727091053,104.61300519342902,104.03518723370074,104.17964172363281,2508765,0.0,0.0
2005-03-09 00:00:00-05:00,103.65955168427703,104.32403828958903,103.13951948869149,103.25508117675781,3245175,0.0,0.0
2005-03-10 00:00:00-05:00,103.57288124436069,104.67072186465907,103.42842683668935,104.3818130493164,3257633,0.0,0.0
2005-03-11 00:00:00-05:00,104.09293944642862,104.4107318638658,103.2839982407362,103.4862289428711,2749269,0.0,0.0
2005-03-14 00:00:00-05:00,103.42845074530761,104.64185333251953,103.37066528945171,104.64185333251953,3613840,0.0,0.0
2005-03-15 00:00:00-05:00,104.81522802403207,105.39303674143184,104.00628662109374,104.00628662109375,3627340,0.0,0.0
2005-03-16 00:00:00-05:00,103.45731897017606,104.35292893379089,102.50392356439136,102.87950134277344,3691504,0.0,0.0
2005-03-17 00:00:00-05:00,102.9950354041969,103.168382485639,101.8971950845878,102.18610382080078,3073676,0.0,0.0
2005-03-18 00:00:00-05:00,102.30168171106183,103.65953826904295,101.92610397380862,103.65953826904297,8924144,0.0,0.0
2005-03-21 00:00:00-05:00,103.22617123480543,104.35290430401581,102.50389937102554,104.03510284423828,3561069,0.0,0.0
2005-03-22 00:00:00-05:00,104.00620896907769,104.55513373970905,102.33056034038408,102.56168365478516,3791995,0.0,0.0
2005-03-23 00:00:00-05:00,102.56168365478514,103.48617691238941,102.21499868318355,102.56168365478516,4685403,0.0,0.0
2005-03-24 00:00:00-05:00,103.51511885836291,104.29516731438818,103.16843372187705,103.2262191772461,3752746,0.0,0.0
2005-03-28 00:00:00-05:00,103.717355491362,104.55518017782812,103.6306773110347,103.91958618164062,2955761,0.0,0.0
2005-03-29 00:00:00-05:00,103.48619328232708,103.91955646430935,102.35946004746104,102.64836883544922,3787968,0.0,0.0
2005-03-30 00:00:00-05:00,102.85063185256743,104.64185218438014,102.8217483235326,104.58407592773438,3993354,0.0,0.0
2005-03-31 00:00:00-05:00,104.29520347586259,104.43965796579467,103.89073274376867,104.17964172363281,3578388,0.0,0.0
2005-04-01 00:00:00-05:00,104.52625719237012,104.64181886744406,102.41724512405432,102.47502136230469,4323228,0.0,0.0
2005-04-04 00:00:00-04:00,102.61950938317457,102.64840211105421,101.17498337210709,101.81057739257812,4295205,0.0,0.0
2005-04-05 00:00:00-04:00,101.75274285580964,102.56168365478514,101.60828848466603,102.56168365478516,3323257,0.0,0.0
2005-04-06 00:00:00-04:00,102.79280696918622,103.22617008261705,102.38833656969847,102.56168365478516,2907539,0.0,0.0
2005-04-07 00:00:00-04:00,102.79281241094773,103.57286053727522,102.59058179978383,103.37062072753906,3000790,0.0,0.0
2005-04-08 00:00:00-04:00,103.13951948869149,103.89067506040966,103.05285052228531,103.25508117675781,3584877,0.0,0.0
2005-04-11 00:00:00-04:00,103.31289096920587,103.83292328735436,103.19732925390358,103.4862289428711,2411716,0.0,0.0
2005-04-12 00:00:00-04:00,103.05287847481738,104.87299165306257,102.44617714826123,104.26628112792969,4061336,0.0,0.0
2005-04-13 00:00:00-04:00,104.15066531425856,104.64180466631267,102.67724725809627,102.96615600585938,4236759,0.0,0.0
2005-04-14 00:00:00-04:00,103.22617008261705,104.52624102576597,102.27277491249794,102.56168365478516,5239797,0.0,0.0
2005-04-15 00:00:00-04:00,103.48621963658546,105.4218942913366,103.28398895263672,103.28398895263672,8729295,0.0,0.0
2005-04-18 00:00:00-04:00,103.28402342469936,105.10413698202127,103.28402342469936,104.00628662109375,5726022,0.0,0.0
2005-04-19 00:00:00-04:00,104.72855901606677,104.93078976751202,103.71738686168318,104.00628662109375,4222110,0.0,0.0
2005-04-20 00:00:00-04:00,103.57286394088634,104.03511060934976,102.12832930407933,102.61946868896484,4936757,0.0,0.0
2005-04-21 00:00:00-04:00,103.42845573097345,104.38184220994326,102.9084233975075,104.35295867919922,4004351,0.0,0.0
2005-04-22 00:00:00-04:00,104.00624192300918,104.90185194901234,103.08174837248312,104.29515075683594,4136935,0.0,0.0
2005-04-25 00:00:00-04:00,105.01745540219727,105.36414982007956,104.43964670335737,105.10413360595703,3477542,0.0,0.0
2005-04-26 00:00:00-04:00,105.16188491067504,105.7397026709169,104.46851463667619,104.52629089355469,3744587,0.0,0.0
2005-04-27 00:00:00-04:00,104.150716209828,105.42190428289369,103.8329237908498,105.1618881225586,3687769,0.0,0.0
2005-04-28 00:00:00-04:00,104.23741389973581,105.27746953710671,102.90844012078354,103.05289459228516,4570889,0.0,0.0
2005-04-29 00:00:00-04:00,103.48622586712754,104.64185218438014,102.87952458017837,104.58407592773438,4884341,0.0,0.0
2005-05-02 00:00:00-04:00,104.23734574459267,104.98850114639876,104.15066759921893,104.72848510742188,2871253,0.0,0.0
2005-05-03 00:00:00-04:00,104.29515075683594,104.4396051737493,103.34176448321224,104.29515075683594,5500792,0.0,0.0
2005-05-04 00:00:00-04:00,104.32405977638814,104.78630662385874,103.65957303421708,104.58407592773438,3771129,0.0,0.0
2005-05-05 00:00:00-04:00,104.43963164612812,104.67075509234265,103.22622895421337,103.57291412353516,3114177,0.0,0.0
2005-05-06 00:00:00-04:00,103.48623593227194,104.15072273907145,103.42845967000682,103.57291412353516,3726225,0.0,0.0
2005-05-09 00:00:00-04:00,103.54401224987468,104.67074584960938,103.51511952200494,104.67074584960938,3043608,0.0,0.0
2005-05-10 00:00:00-04:00,104.17960054215519,104.5551783880835,103.19732143720046,103.5151138305664,3764452,0.0,0.0
2005-05-11 00:00:00-04:00,103.71737383478998,104.61298413320503,103.05288699430575,104.5551986694336,3169723,0.0,0.0
2005-05-12 00:00:00-04:00,104.49735520804681,104.90182563422728,103.45730022460438,103.6306381225586,3344415,0.0,0.0
2005-05-13 00:00:00-04:00,103.63065054241777,104.20846813437474,102.73504063374324,103.13951110839844,3806205,0.0,0.0
2005-05-16 00:00:00-04:00,103.57288967465247,104.72851583151096,103.4284352552233,104.69962310791016,3236412,0.0,0.0
2005-05-17 00:00:00-04:00,104.29516339733696,105.36412069290797,104.09293270829284,105.3352279663086,3092623,0.0,0.0
2005-05-18 00:00:00-04:00,105.45077343727773,106.89530836049018,105.3929879929765,106.60639953613281,4868212,0.0,0.0
2005-05-19 00:00:00-04:00,106.6063854440394,106.80861607521244,105.99968435194708,106.6641616821289,2894727,0.0,0.0
2005-05-20 00:00:00-04:00,106.75084741550911,107.09753246437732,106.46193860883201,106.89530181884766,3530876,0.0,0.0
2005-05-23 00:00:00-04:00,106.4041875455806,107.87761557681607,106.4041875455806,107.41535949707031,3165467,0.0,0.0
2005-05-24 00:00:00-04:00,106.95314072686664,107.61762769212966,106.89536445082332,107.09759521484375,2795300,0.0,0.0
2005-05-25 00:00:00-04:00,106.89533058382567,107.15533754151298,106.20195110093059,106.49085998535156,2545052,0.0,0.0
2005-05-26 00:00:00-04:00,106.95306241902415,107.18418575113422,106.40413760633335,106.72193908691406,2283473,0.0,0.0
2005-05-27 00:00:00-04:00,106.664176192426,106.83752332742255,106.49083825600388,106.54861450195312,1776424,0.0,0.0
2005-05-31 00:00:00-04:00,106.54863166049857,106.63530984124267,105.33522911584025,105.39300537109375,4215851,0.0,0.0
2005-06-01 00:00:00-04:00,105.39296632606373,106.92416990236552,105.39296632606373,106.69304656982422,3108690,0.0,0.0
2005-06-02 00:00:00-04:00,106.43305240180352,106.80863019403834,106.34638343392606,106.60639953613281,4116110,0.0,0.0
2005-06-03 00:00:00-04:00,106.31752678125987,106.77977369819492,105.88417259627765,106.02861785888672,2501587,0.0,0.0
2005-06-06 00:00:00-04:00,105.88414847716922,106.40417154097753,105.65301587277337,105.7685775756836,2503528,0.0,0.0
2005-06-07 00:00:00-04:00,106.23083663552276,107.27090119014785,106.14415845692022,106.43306732177734,3566223,0.0,0.0
2005-06-08 00:00:00-04:00,106.8375448232533,107.03977552262627,106.31751251220703,106.31751251220703,2667828,0.0,0.0
2005-06-09 00:00:00-04:00,106.1730735233628,106.43308971672998,105.50858667380473,106.28863525390625,2458311,0.0,0.0
2005-06-10 00:00:00-04:00,106.2597641961884,106.75090390830732,105.04635208514871,105.82640075683594,2847340,0.0,0.0
2005-06-13 00:00:00-04:00,105.79752956081325,106.49090936522882,105.50862054242504,105.59529876708984,2928468,0.0,0.0
2005-06-14 00:00:00-04:00,105.45075855819431,105.99968340730524,105.0462881008796,105.19074249267578,3087030,0.0,0.0
2005-06-15 00:00:00-04:00,105.30634111565028,105.7108117148832,104.49739991718442,104.9307632446289,3754916,0.0,0.0
2005-06-16 00:00:00-04:00,104.78632070107372,105.27746034213598,104.179619332619,104.3240737915039,3350863,0.0,0.0
2005-06-17 00:00:00-04:00,105.24856732959023,105.8841613722901,104.26627893736205,105.45079803466797,7356925,0.0,0.0
2005-06-20 00:00:00-04:00,104.93077779474731,105.19079398755362,104.61298533608272,104.81521606445312,3358291,0.0,0.0
2005-06-21 00:00:00-04:00,104.9596609391833,105.16189164908047,104.43962860107422,104.43962860107422,4589815,0.0,0.0
2005-06-22 00:00:00-04:00,104.5840841394229,104.98855476200578,103.0817725686095,103.19733428955078,6093016,0.0,0.0
2005-06-23 00:00:00-04:00,103.19730835875967,103.57521368213834,100.34847791754824,100.75545501708984,10209189,1.054336,0.0
2005-06-24 00:00:00-04:00,101.01706487735547,101.94729676330887,99.27288818982377,101.1042709350586,14093142,0.0,0.0
2005-06-27 00:00:00-04:00,100.92988610860286,101.336853991637,100.5519807489421,100.61011505126953,4883298,0.0,0.0
2005-06-28 00:00:00-04:00,101.27870276812482,102.32521259097949,100.92986924569963,102.17986297607422,5869101,0.0,0.0
2005-06-29 00:00:00-04:00,102.26706746438653,102.84846591503428,101.71474078738696,101.74381256103516,4398513,0.0,0.0
2005-06-30 00:00:00-04:00,101.74384059612024,102.645001038472,100.43570297729,100.72640228271484,6932923,0.0,0.0
2005-07-01 00:00:00-04:00,101.30780821958271,101.5694357622682,100.75548135045061,100.988037109375,4230207,0.0,0.0
2005-07-05 00:00:00-04:00,100.66827358470167,101.4531469441552,100.29036816882328,100.92990112304688,5517360,0.0,0.0
2005-07-06 00:00:00-04:00,100.43566212829968,100.84263913925328,99.65078913180507,99.7670669555664,4391711,0.0,0.0
2005-07-07 00:00:00-04:00,99.36011505126953,99.99964787134518,98.6333761552318,99.36011505126953,6301887,0.0,0.0
2005-07-08 00:00:00-04:00,99.9415183766918,102.09267284582741,99.85431228846161,101.71476745605469,6318184,0.0,0.0
2005-07-11 00:00:00-04:00,102.2961237580704,102.99379068657842,101.91821852456748,102.06356811523438,4089318,0.0,0.0
2005-07-12 00:00:00-04:00,101.88917338160338,102.4415001193594,101.59847412430231,102.0345230102539,3670763,0.0,0.0
2005-07-13 00:00:00-04:00,102.0345645630128,102.61595405880112,101.91828666385513,102.26712036132812,3784630,0.0,0.0
2005-07-14 00:00:00-04:00,102.87753424223226,104.01125017831748,102.47055715491409,103.57521057128906,5978085,0.0,0.0
2005-07-15 00:00:00-04:00,102.73216588522081,103.86589087011846,101.598450155901,103.28449249267578,9458945,0.0,0.0
2005-07-18 00:00:00-04:00,102.84850381443118,103.16826567565563,102.17989905203882,102.32524871826172,3633475,0.0,0.0
2005-07-19 00:00:00-04:00,102.79036161624164,103.05198916781474,102.06362253101975,102.70315551757812,4625413,0.0,0.0
2005-07-20 00:00:00-04:00,102.70311345084727,102.8193912866326,101.86008757193022,102.61589813232422,3854344,0.0,0.0
2005-07-21 00:00:00-04:00,102.26706746438653,102.7903223677379,101.74381256103516,101.74381256103516,3399293,0.0,0.0
2005-07-22 00:00:00-04:00,102.44149455860563,102.44149455860563,101.36591291832465,101.94731140136719,3133979,0.0,0.0
2005-07-25 00:00:00-04:00,102.325229016688,102.325229016688,100.87174188989405,101.07522583007812,3783503,0.0,0.0
2005-07-26 00:00:00-04:00,101.24963994908664,102.063594162315,100.84266284247246,100.87173461914062,3420410,0.0,0.0
2005-07-27 00:00:00-04:00,100.90087082819981,101.22063280900034,100.72644931239033,101.1624984741211,3482466,0.0,0.0
2005-07-28 00:00:00-04:00,101.39499664306642,101.88917985854471,101.16244092467436,101.3949966430664,3392115,0.0,0.0
2005-07-29 00:00:00-04:00,101.1624250437429,101.51125856656955,100.26126483475636,100.29033660888672,4118009,0.0,0.0
2005-08-01 00:00:00-04:00,100.49385381231804,100.63920347554792,99.44734364152863,99.5636215209961,4024132,0.0,0.0
2005-08-02 00:00:00-04:00,99.5636215209961,100.46478202855562,99.41827185776621,99.5636215209961,4008274,0.0,0.0
2005-08-03 00:00:00-04:00,99.59269922020296,99.97060466481399,99.09851588921799,99.44734954833984,3738014,0.0,0.0
2005-08-04 00:00:00-04:00,99.27295171527538,99.47643573198624,98.8078308468755,98.86597442626953,3926228,0.0,0.0
2005-08-05 00:00:00-04:00,98.40080848959629,98.86592914496757,98.11011849251659,98.28453063964844,3893802,0.0,0.0
2005-08-08 00:00:00-04:00,98.40082582559313,98.74966869247478,97.96478612536333,98.13919830322266,2958974,0.0,0.0
2005-08-09 00:00:00-04:00,98.7496674509835,99.65082787719884,98.54617423859729,99.24385070800781,3654404,0.0,0.0
2005-08-10 00:00:00-04:00,99.70893615445628,100.23219105602092,98.45894244764249,98.4880142211914,4342070,0.0,0.0
2005-08-11 00:00:00-04:00,98.89500617994841,100.31941223144531,98.69151299003431,100.31941223144531,4432609,0.0,0.0
2005-08-12 00:00:00-04:00,99.76711475175082,100.46478202855562,99.47641542529105,99.5636215209961,3586797,0.0,0.0
2005-08-15 00:00:00-04:00,99.18572199010276,99.62177100569214,98.89503190195927,99.44734954833984,2853955,0.0,0.0
2005-08-16 00:00:00-04:00,99.1566094793427,99.41823693012503,98.45894244764249,98.4880142211914,3461454,0.0,0.0
2005-08-17 00:00:00-04:00,98.48804579017673,99.94152386656737,98.42990222444178,99.12757873535156,3362777,0.0,0.0
2005-08-18 00:00:00-04:00,98.95311937845332,99.65079562203867,98.6624201723279,98.80776977539062,2846443,0.0,0.0
2005-08-19 00:00:00-04:00,99.09849018606609,99.59267338887487,98.42988557114462,98.69151306152344,2832233,0.0,0.0
2005-08-22 00:00:00-04:00,99.04039260128886,99.53458528906516,98.31365334872291,98.74970245361328,2836031,0.0,0.0
2005-08-23 00:00:00-04:00,98.83690857235749,99.06946439273182,98.19737543853573,98.74970245361328,3203547,0.0,0.0
2005-08-24 00:00:00-04:00,98.60429315476632,99.1275480621415,97.49964904785156,97.49964904785156,4046438,0.0,0.0
2005-08-25 00:00:00-04:00,97.38337707519531,97.73221990467054,97.12174958087914,97.38337707519531,3419492,0.0,0.0
2005-08-26 00:00:00-04:00,97.38337182412802,97.52872145264179,96.83105434247169,97.03453826904297,3672223,0.0,0.0
2005-08-29 00:00:00-04:00,96.42408593481676,97.73222345390377,96.2206019898836,97.67407989501953,3876650,0.0,0.0
2005-08-30 00:00:00-04:00,97.38338184755837,97.55780327084366,95.493854993555,96.62757110595703,5590871,0.0,0.0
2005-08-31 00:00:00-04:00,96.51127320482183,97.906616534663,95.81360616769076,97.70313262939453,5685479,0.0,0.0
2005-09-01 00:00:00-04:00,97.17988499967817,97.47058424803713,95.9298911895462,96.33686828613281,5616578,0.0,0.0
2005-09-02 00:00:00-04:00,97.09269150566818,97.26710367281471,96.54036471334867,96.88919830322266,4203853,0.0,0.0
2005-09-06 00:00:00-04:00,97.23805399968451,98.77873820580709,97.23805399968451,98.66246032714844,5735432,0.0,0.0
2005-09-07 00:00:00-04:00,98.51714071665772,98.98225232947348,97.90667015535689,98.86597442626953,4572538,0.0,0.0
2005-09-08 00:00:00-04:00,98.86594623626661,98.86594623626661,98.05199189034064,98.40082550048828,3730607,0.0,0.0
2005-09-09 00:00:00-04:00,98.66244680768477,99.50547288191993,98.54616894495939,98.77872467041016,4058060,0.0,0.0
2005-09-12 00:00:00-04:00,98.83685917586273,100.37755228531888,98.8077873989492,100.08685302734375,5012752,0.0,0.0
2005-09-13 00:00:00-04:00,99.85432474238698,100.1159522952894,99.01130776946948,99.65084075927734,4431232,0.0,0.0
2005-09-14 00:00:00-04:00,99.62173338388936,100.05777297922714,98.83685100558625,98.9822006225586,3512931,0.0,0.0
2005-09-15 00:00:00-04:00,99.04034511853173,99.99964898713914,99.04034511853173,99.9415054321289,3933510,0.0,0.0
2005-09-16 00:00:00-04:00,100.34847462045917,100.52289601612608,99.47638615328358,100.203125,8371210,0.0,0.0
2005-09-19 00:00:00-04:00,99.70893945184106,99.79614551979276,98.5170892527105,98.9822006225586,4939553,0.0,0.0
2005-09-20 00:00:00-04:00,99.24383841498391,99.47639412412101,98.11012239125539,98.37174987792969,3982462,0.0,0.0
2005-09-21 00:00:00-04:00,97.44151097008405,98.08104375326795,97.3833674190766,97.52871704101562,4592757,0.0,0.0
2005-09-22 00:00:00-04:00,97.52874545944941,98.14324540980081,97.03130021710801,97.44096374511719,4535104,1.054336,0.0
2005-09-23 00:00:00-04:00,97.44092537454962,98.26025210793114,97.32388002930534,97.7335433959961,3261388,0.0,0.0
2005-09-26 00:00:00-04:00,98.2603271848471,98.37737261952127,96.94355439891436,97.35321807861328,4066469,0.0,0.0
2005-09-27 00:00:00-04:00,97.93837645609385,99.02105761215908,97.20684067407106,98.43582153320312,4553299,0.0,0.0
2005-09-28 00:00:00-04:00,98.55291158937469,98.61143895048723,97.32393017277523,97.9969482421875,3502247,0.0,0.0
2005-09-29 00:00:00-04:00,97.44095669126288,98.7577288943001,96.79720242718629,98.4651107788086,4607530,0.0,0.0
2005-09-30 00:00:00-04:00,98.4650932661101,98.81622935224318,97.55798472276162,98.52362060546875,4439182,0.0,0.0
2005-10-03 00:00:00-04:00,98.31878645447902,98.40656814882622,97.1483234909328,97.23611450195312,5062121,0.0,0.0
2005-10-04 00:00:00-04:00,97.52872981274764,97.87987524709222,96.12417602539062,96.12417602539062,5655765,0.0,0.0
2005-10-05 00:00:00-04:00,96.270524490532,96.85576090962955,95.59750633524085,95.62677001953125,4806323,0.0,0.0
2005-10-06 00:00:00-04:00,97.08979544095287,98.72843969403382,97.08979544095287,98.28951263427734,6979330,0.0,0.0
2005-10-07 00:00:00-04:00,99.1966083297895,100.36707102173449,98.55285431505331,100.13298034667969,5994152,0.0,0.0
2005-10-10 00:00:00-04:00,100.16229604997051,100.33785948914084,99.37223262367655,99.46001434326172,3668509,0.0,0.0
2005-10-11 00:00:00-04:00,99.46000838461319,99.72336284426694,98.58216329132576,98.90404510498047,3814573,0.0,0.0
2005-10-12 00:00:00-04:00,98.2602907943463,99.63558112994077,98.2602907943463,98.90404510498047,3861062,0.0,0.0
2005-10-13 00:00:00-04:00,98.75771208123712,100.1037384133288,98.75771208123712,99.54777526855469,4180336,0.0,0.0
2005-10-14 00:00:00-04:00,100.6597111920623,100.89380191867065,99.78186630894453,100.48413848876953,5795840,0.0,0.0
2005-10-17 00:00:00-04:00,100.10374338426462,100.9523339535255,99.3136801577142,99.51851654052734,4999565,0.0,0.0
2005-10-18 00:00:00-04:00,99.48925018310547,100.71823118010975,99.34294114695292,99.48925018310547,4141650,0.0,0.0
2005-10-19 00:00:00-04:00,99.28442635311427,100.68898010253906,99.19663533856217,100.68898010253906,4813229,0.0,0.0
2005-10-20 00:00:00-04:00,100.83526188297517,100.83526188297517,98.72843629208789,99.13809967041016,4263196,0.0,0.0
2005-10-21 00:00:00-04:00,99.34295008882813,99.69408621719614,98.46510510957107,98.6991958618164,4695648,0.0,0.0
2005-10-24 00:00:00-04:00,98.78699313697201,99.89893836042933,98.78699313697201,99.86967468261719,3446889,0.0,0.0
2005-10-25 00:00:00-04:00,99.51853212750119,99.86966828873985,98.40658697523307,99.22591400146484,3907824,0.0,0.0
2005-10-26 00:00:00-04:00,99.43079889871638,100.07455356020536,98.58221701994106,98.61148071289062,4499464,0.0,0.0
2005-10-27 00:00:00-04:00,98.40653068071735,98.58210331923591,97.76277676170872,98.2602310180664,3590490,0.0,0.0
2005-10-28 00:00:00-04:00,98.5528928989782,99.75261972417152,98.0847113655733,99.63557434082031,4510127,0.0,0.0
2005-10-31 00:00:00-05:00,99.48926845156257,99.89893196467847,99.02108690324437,99.22591400146484,5443681,0.0,0.0
2005-11-01 00:00:00-05:00,99.40149874576362,99.43075310856054,98.17250805798304,98.31881713867188,4302633,0.0,0.0
2005-11-02 00:00:00-05:00,98.31879800823137,99.40147940465971,98.05544357756902,98.93328857421875,4780595,0.0,0.0
2005-11-03 00:00:00-05:00,99.19663436117088,99.92817955852944,98.90402559890089,99.43072509765625,3754499,0.0,0.0
2005-11-04 00:00:00-05:00,99.43072058894646,99.78186599442516,98.75771208123712,99.54777526855469,3475851,0.0,0.0
2005-11-07 00:00:00-05:00,99.78186599442516,99.86964768745834,99.34293889591328,99.54777526855469,3107521,0.0,0.0
2005-11-08 00:00:00-05:00,99.13814044086467,99.34296755592482,98.69921321572421,98.78699493408203,3092435,0.0,0.0
2005-11-09 00:00:00-05:00,99.05033632480797,99.92819065915559,98.64068214878843,99.25517272949219,3723679,0.0,0.0
2005-11-10 00:00:00-05:00,99.4014462616871,101.65458069127988,99.25513725824958,100.95230865478516,6067163,0.0,0.0
2005-11-11 00:00:00-05:00,101.09863253345591,101.77165038364656,100.65971473478581,101.39125061035156,2881060,0.0,0.0
2005-11-14 00:00:00-05:00,101.4204979101101,101.4204979101101,100.3670804566668,100.65969848632812,2967655,0.0,0.0
2005-11-15 00:00:00-05:00,100.68896215262863,101.30345256157995,100.33781679036629,100.65969848632812,3123922,0.0,0.0
2005-11-16 00:00:00-05:00,100.6303938130819,101.566765536423,100.51334851224777,101.06932067871094,3438480,0.0,0.0
2005-11-17 00:00:00-05:00,101.18644906208065,101.74241236836812,100.65974011752094,101.42053985595703,3363716,0.0,0.0
2005-11-18 00:00:00-05:00,103.76143467187816,104.75632489970441,103.14693488017573,104.61001586914062,12345409,0.0,0.0
2005-11-21 00:00:00-05:00,104.6392423517085,106.33641345976261,104.31736073552447,105.92675018310547,7071892,0.0,0.0
2005-11-22 00:00:00-05:00,105.48790245667409,106.01461144834974,105.01972082704089,105.51716613769531,5369251,0.0,0.0
2005-11-23 00:00:00-05:00,105.48788046972095,105.75123491066752,105.07821697084022,105.16600799560547,3657533,0.0,0.0
2005-11-25 00:00:00-05:00,105.34151426883255,105.98526818453104,105.1074236297912,105.92675018310547,1946963,0.0,0.0
2005-11-28 00:00:00-05:00,105.9267664044178,105.9267664044178,105.16596705269207,105.28301239013672,3903671,0.0,0.0
2005-11-29 00:00:00-05:00,105.72195319458925,106.01457126052311,104.93189932324464,105.13672637939453,4871321,0.0,0.0
2005-11-30 00:00:00-05:00,105.19523286073385,105.8097325951077,104.52222442626953,104.52222442626953,5073076,0.0,0.0
2005-12-01 00:00:00-05:00,104.90263393026818,105.04894296083197,104.28814345523861,104.61001586914062,4450429,0.0,0.0
2005-12-02 00:00:00-05:00,104.61003788217256,104.61003788217256,103.17622026093755,103.87850189208984,5308906,0.0,0.0
2005-12-05 00:00:00-05:00,103.64440974359442,104.9319182863723,103.58588239316148,104.66856384277344,5041777,0.0,0.0
2005-12-06 00:00:00-05:00,105.04891987670861,105.63414655368939,104.5222112090905,104.75630187988281,5533260,0.0,0.0
2005-12-07 00:00:00-05:00,104.75634619782652,104.90265525813653,103.61514670741803,104.08332824707031,5892805,0.0,0.0
2005-12-08 00:00:00-05:00,104.08330644765903,104.34666083772466,103.20546158633118,103.4395523071289,4541405,0.0,0.0
2005-12-09 00:00:00-05:00,103.67365996902221,104.75634137547135,103.41030553592238,103.96627807617188,3640757,0.0,0.0
2005-12-12 00:00:00-05:00,104.34667561914519,104.55151201636427,103.73218506083619,104.0248031616211,2871378,0.0,0.0
2005-12-13 00:00:00-05:00,103.87847856813914,104.40518734407213,103.4395514826374,103.79068756103516,5297784,0.0,0.0
2005-12-14 00:00:00-05:00,104.37594572395808,105.01969999534703,104.0248095713845,104.66856384277344,4570242,0.0,0.0
2005-12-15 00:00:00-05:00,105.16596649928377,105.80972051017726,104.66852148859392,105.3415298461914,7100834,0.0,0.0
2005-12-16 00:00:00-05:00,105.42938441130822,106.10239317473683,105.400120730287,105.51716613769531,7241263,0.0,0.0
2005-12-19 00:00:00-05:00,105.34158167490807,105.66346349705815,104.3174274862632,104.81487274169922,4397136,0.0,0.0
2005-12-20 00:00:00-05:00,104.37597488524071,104.58080203563266,103.52739328360325,103.99557495117188,4383761,0.0,0.0
2005-12-21 00:00:00-05:00,104.34666639778581,104.34666639778581,103.14693974392965,103.35177612304688,4767553,0.0,0.0
2005-12-22 00:00:00-05:00,103.64648719810835,104.5011271272512,103.64648719810835,104.38324737548828,3647142,1.198109,0.0
2005-12-23 00:00:00-05:00,104.79582181511381,104.82529409882687,104.29483052434907,104.38324737548828,2234646,0.0,0.0
2005-12-27 00:00:00-05:00,104.82523096266004,104.91363837746216,103.23384119771963,103.32225799560547,3561465,0.0,0.0
2005-12-28 00:00:00-05:00,103.32229826439978,103.61699288962224,102.99812197864146,103.46965026855469,3504584,0.0,0.0
2005-12-29 00:00:00-05:00,103.46970763998522,104.47169056410895,103.4402353461951,103.7054672241211,3368119,0.0,0.0
2005-12-30 00:00:00-05:00,103.49910331845254,103.79380729873121,103.0865290057662,103.29281616210938,3769001,0.0,0.0
2006-01-03 00:00:00-05:00,103.44016004797922,104.32426253646157,102.55605755949686,104.23585510253906,6932005,0.0,0.0
2006-01-04 00:00:00-05:00,104.17695422390842,104.3243062642661,103.44020340520973,104.08854675292969,5011458,0.0,0.0
2006-01-05 00:00:00-05:00,103.94116768888782,104.17692713892907,103.44017651177832,103.82328796386719,3934887,0.0,0.0
2006-01-06 00:00:00-05:00,104.26534862805694,104.7073952708609,103.70541287187842,104.53057098388672,4608094,0.0,0.0
2006-01-09 00:00:00-05:00,104.32430841748612,104.41271589028956,103.85278938508131,104.26537322998047,4322644,0.0,0.0
2006-01-10 00:00:00-05:00,103.94122680825696,104.0591066003249,103.29288326033702,103.7054672241211,4390584,0.0,0.0
2006-01-11 00:00:00-05:00,103.55807396926191,104.76635308647857,103.44019422405648,104.41270446777344,4672862,0.0,0.0
2006-01-12 00:00:00-05:00,104.47168235673499,104.50115464820975,102.96870808862417,103.14552307128906,4623743,0.0,0.0
2006-01-13 00:00:00-05:00,102.85081541681114,103.88227051853352,102.55612066138441,103.44022369384766,3592452,0.0,0.0
2006-01-17 00:00:00-05:00,105.0020798891101,105.0020798891101,102.61499467986435,102.96864318847656,3352949,0.0,0.0
2006-01-18 00:00:00-05:00,102.85080316964117,102.88027545660184,101.99617252941495,102.61504364013672,4205438,0.0,0.0
2006-01-19 00:00:00-05:00,102.85077393851505,102.85077393851505,101.67197662601772,102.20243072509766,6116345,0.0,0.0
2006-01-20 00:00:00-05:00,101.08258316904202,101.67199129340752,97.89981119997121,98.34185791015625,18378414,0.0,0.0
2006-01-23 00:00:00-05:00,98.81337451935244,99.22595828065909,98.0176792760656,98.10608673095703,8098802,0.0,0.0
2006-01-24 00:00:00-05:00,98.87231630206873,98.87231630206873,96.98623104545646,97.13358306884766,9698447,0.0,0.0
2006-01-25 00:00:00-05:00,97.69348554712212,97.84083753438794,96.2199844406366,96.54415130615234,10722248,0.0,0.0
2006-01-26 00:00:00-05:00,97.04517014031651,97.45775394584011,96.4852436885457,97.3104019165039,10193581,0.0,0.0
2006-01-27 00:00:00-05:00,97.10408782958984,97.31037498371263,96.51468925846304,97.10408782958984,9038845,0.0,0.0
2006-01-30 00:00:00-05:00,96.95677379990484,97.51670969900668,96.48525475840228,97.04518127441406,7383383,0.0,0.0
2006-01-31 00:00:00-05:00,96.95676381215061,97.19252330861573,96.16106847426401,96.51471710205078,8282696,0.0,0.0
2006-02-01 00:00:00-05:00,96.2494809436897,97.81138988248118,96.19053638071067,97.66404724121094,7942576,0.0,0.0
2006-02-02 00:00:00-05:00,97.45772482379826,98.10606792928814,96.89779853934303,96.95673370361328,6357370,0.0,0.0
2006-02-03 00:00:00-05:00,96.66207330228181,97.66406537737393,96.57366582448472,96.8094253540039,5389241,0.0,0.0
2006-02-06 00:00:00-05:00,96.80941178108763,96.9272915293202,96.22001303992484,96.51471710205078,4833010,0.0,0.0
2006-02-07 00:00:00-05:00,96.24949540874654,96.4557826439981,94.92333637330059,95.2180404663086,7676824,0.0,0.0
2006-02-08 00:00:00-05:00,95.21806053782352,96.63262734611982,94.9822915838641,96.48527526855469,5582963,0.0,0.0
2006-02-09 00:00:00-05:00,96.60313270760993,97.36935582723108,96.54418813698221,97.01571655273438,5492675,0.0,0.0
2006-02-10 00:00:00-05:00,97.01570431956337,98.34185377747801,96.86835229466426,98.07662200927734,5542023,0.0,0.0
2006-02-13 00:00:00-05:00,97.84083770973572,98.60706053842212,97.48719856951577,97.98818969726562,4174890,0.0,0.0
2006-02-14 00:00:00-05:00,97.78196580096126,98.84289329103481,97.36938184558906,98.60712432861328,6106475,0.0,0.0
2006-02-15 00:00:00-05:00,98.84289329103481,98.84289329103481,98.01772538029041,98.60712432861328,3929462,0.0,0.0
2006-02-16 00:00:00-05:00,98.54819086156628,98.7250058576321,97.42831876538416,98.282958984375,4985229,0.0,0.0
2006-02-17 00:00:00-05:00,98.28292548288576,99.04914855957031,98.1061011640011,99.04914855957031,5289375,0.0,0.0
2006-02-21 00:00:00-05:00,99.04911320091469,99.46169687563476,97.89977899617837,98.31236267089844,4153377,0.0,0.0
2006-02-22 00:00:00-05:00,98.87230336443452,99.46171138087408,98.72495136032464,99.13753509521484,5367185,0.0,0.0
2006-02-23 00:00:00-05:00,98.72189396096506,99.3453987092918,98.6031316019192,98.7515869140625,4621511,1.198109,0.0
2006-02-24 00:00:00-05:00,98.72187298531205,98.90002121270123,98.0389824758857,98.39527893066406,3813133,0.0,0.0
2006-02-27 00:00:00-05:00,98.63283026428873,99.01881031686584,98.30622666799955,98.92974090576172,4032979,0.0,0.0
2006-02-28 00:00:00-05:00,98.57344268343833,98.87035331987748,97.53426490924555,97.5936508178711,5779919,0.0,0.0
2006-03-01 00:00:00-05:00,97.89051810777195,98.06866631862302,97.0888747922946,97.26701354980469,5110740,0.0,0.0
2006-03-02 00:00:00-05:00,97.08887673722394,97.71238130768154,96.7325803083843,97.53423309326172,5245264,0.0,0.0
2006-03-03 00:00:00-05:00,97.23733207459156,98.98908346201557,97.17794618529663,98.1577377319336,5333925,0.0,0.0
2006-03-06 00:00:00-05:00,98.1577327440471,98.72186085031805,97.83113872954438,98.27650451660156,4467581,0.0,0.0
2006-03-07 00:00:00-05:00,98.09836323782714,98.69217487582502,98.0092938554628,98.42495727539062,4538150,0.0,0.0
2006-03-08 00:00:00-05:00,98.15770082078609,99.55317416105248,98.00925506005255,99.25626373291016,5233475,0.0,0.0
2006-03-09 00:00:00-05:00,99.10786056293566,99.58291938809657,98.45466295001417,98.57342529296875,5052022,0.0,0.0
2006-03-10 00:00:00-05:00,98.81095941632188,99.99859241264122,98.75158296584483,99.9095230102539,5377076,0.0,0.0
2006-03-13 00:00:00-05:00,99.93918675647407,100.14701845242335,99.25629632881956,99.96887969970703,4072917,0.0,0.0
2006-03-14 00:00:00-05:00,99.46417091877615,100.50334875335035,99.40479446004481,100.29551696777344,4097915,0.0,0.0
2006-03-15 00:00:00-05:00,100.29547966088674,102.49259688358143,100.29547966088674,102.19568634033203,7632233,0.0,0.0
2006-03-16 00:00:00-05:00,102.8785953833559,103.02705068178443,101.95818009577343,102.07694244384766,6542808,0.0,0.0
2006-03-17 00:00:00-05:00,102.34414355490291,103.20518225600425,102.13631184268755,102.46290588378906,8470804,0.0,0.0
2006-03-20 00:00:00-05:00,102.55197459743641,103.0270238660883,102.13630176069574,102.43321228027344,3364843,0.0,0.0
2006-03-21 00:00:00-05:00,102.46291031270387,102.99734554246295,101.78002925542671,101.95816802978516,4181317,0.0,0.0
2006-03-22 00:00:00-05:00,102.07689687676763,102.64102486830097,101.95813458170885,102.52226257324219,3370519,0.0,0.0
2006-03-23 00:00:00-05:00,102.28479396292862,102.34417041628497,100.97839854896144,101.30499267578125,4294787,0.0,0.0
2006-03-24 00:00:00-05:00,101.03777955258768,101.33469019277275,100.6221160003418,100.80025482177734,3014979,0.0,0.0
2006-03-27 00:00:00-05:00,100.56269707714955,100.77052878504323,100.02826188160435,100.3251724243164,3154303,0.0,0.0
2006-03-28 00:00:00-05:00,100.0876738241307,100.50333734811456,99.4344761321427,99.76107025146484,4779969,0.0,0.0
2006-03-29 00:00:00-05:00,99.61261108378731,101.06746172142027,99.61261108378731,100.7408676147461,5224273,0.0,0.0
2006-03-30 00:00:00-05:00,101.15650274512028,103.17548108184705,101.09712631208342,102.87857055664062,9110020,0.0,0.0
2006-03-31 00:00:00-05:00,103.14578693733986,103.91774673121317,103.08641050499455,103.2645492553711,7801166,0.0,0.0
2006-04-03 00:00:00-04:00,103.2942937877138,103.8881056744445,102.70048190098309,102.99738311767578,4662575,0.0,0.0
2006-04-04 00:00:00-04:00,103.53178852432535,103.53178852432535,101.89879921927701,103.02704620361328,4500007,0.0,0.0
2006-04-05 00:00:00-04:00,102.87857680846912,103.14579440672533,102.10661695869373,102.19568634033203,4077883,0.0,0.0
2006-04-06 00:00:00-04:00,101.83940129380147,102.5816682126752,101.30496608714313,102.46290588378906,4219147,0.0,0.0
2006-04-07 00:00:00-04:00,102.58166999990075,103.17549110801875,100.97837380533382,101.03775024414062,4943184,0.0,0.0
2006-04-10 00:00:00-04:00,101.12684696976933,101.18622341907871,100.3548869553443,100.71117401123047,4789734,0.0,0.0
2006-04-11 00:00:00-04:00,100.71117270774408,101.15652915850181,99.8501338504843,101.09715270996094,4792071,0.0,0.0
2006-04-12 00:00:00-04:00,101.83935823394917,102.52224842631001,101.45337846493433,102.31440734863281,5456806,0.0,0.0
2006-04-13 00:00:00-04:00,101.5128154660684,102.01755776800839,99.79074737787526,100.6220932006836,7859821,0.0,0.0
2006-04-17 00:00:00-04:00,100.23609400887585,100.23609400887585,98.18743205294203,98.84062957763672,7384677,0.0,0.0
2006-04-18 00:00:00-04:00,99.52351335425116,100.8596012588498,98.60309829256552,100.56269073486328,6957566,0.0,0.0
2006-04-19 00:00:00-04:00,100.80023198175522,100.85961787767391,99.4641438570069,100.6220932006836,5137574,0.0,0.0
2006-04-20 00:00:00-04:00,100.354893795328,101.48314094253821,99.85014194840726,101.30499267578125,5297784,0.0,0.0
2006-04-21 00:00:00-04:00,101.69097859734066,101.89881982948205,99.99860305186262,100.8596420288086,6101926,0.0,0.0
2006-04-24 00:00:00-04:00,100.38457110320996,100.94869936868936,100.35488760503476,100.7408676147461,3423018,0.0,0.0
2006-04-25 00:00:00-04:00,100.94871144067234,101.12685971774432,100.35489960600658,100.8596420288086,4739634,0.0,0.0
2006-04-26 00:00:00-04:00,101.15653039541499,102.25509396695759,100.59241158733444,101.33467864990234,4810871,0.0,0.0
2006-04-27 00:00:00-04:00,100.65175977721569,102.96763916861926,100.62207628758793,102.22537231445312,5273642,0.0,0.0
2006-04-28 00:00:00-04:00,102.40350608379217,103.26453513511778,101.98783330085108,102.7004165649414,5175550,0.0,0.0
2006-05-01 00:00:00-04:00,102.84888003634121,103.08641413410658,101.89878145864357,102.10661315917969,3715458,0.0,0.0
2006-05-02 00:00:00-04:00,102.10663793766122,102.7004591461673,101.24560852933925,102.37385559082031,3432178,0.0,0.0
2006-05-03 00:00:00-04:00,101.60187158261837,102.93795953281072,101.5128022037192,102.13630676269531,4629210,0.0,0.0
2006-05-04 00:00:00-04:00,102.4332597208509,103.73965526802353,102.37387380809535,103.32398223876953,4559267,0.0,0.0
2006-05-05 00:00:00-04:00,103.73963407879984,104.57097051415923,103.53179287995275,104.392822265625,5438151,0.0,0.0
2006-05-08 00:00:00-04:00,104.21471923104053,104.63039231802726,103.82873910455564,103.91780853271484,3417301,0.0,0.0
2006-05-09 00:00:00-04:00,103.769353183552,104.27409569869795,103.62089783438915,103.91780853271484,3495132,0.0,0.0
2006-05-10 00:00:00-04:00,103.73962971442846,103.88807555306165,102.43323448905277,103.02704620361328,4441373,0.0,0.0
2006-05-11 00:00:00-04:00,102.43322239157362,102.93796465267506,101.33465903270002,102.46290588378906,4754929,0.0,0.0
2006-05-12 00:00:00-04:00,102.07696101197446,102.5520199440291,101.48314916358707,101.78005981445312,4748753,0.0,0.0
2006-05-15 00:00:00-04:00,101.24561727858544,102.70046802113596,101.18623137126565,102.61138916015625,4805905,0.0,0.0
2006-05-16 00:00:00-04:00,103.14580283392202,103.68023807409872,103.05673344500659,103.29425811767578,4879626,0.0,0.0
2006-05-17 00:00:00-04:00,102.78950742683082,103.47239789496791,102.13630990368692,102.19568634033203,5325954,0.0,0.0
2006-05-18 00:00:00-04:00,102.40354288219456,102.58168167222628,101.36436527808621,101.39405822753906,5040942,0.0,0.0
2006-05-19 00:00:00-04:00,101.63154717442067,102.43319980766422,100.80020160216675,101.4237060546875,6262408,0.0,0.0
2006-05-22 00:00:00-04:00,101.09711771263876,102.01753269981452,101.00804834398947,101.156494140625,5573260,0.0,0.0
2006-05-23 00:00:00-04:00,101.24559591576651,101.60188292447661,100.68146772863567,100.97837829589844,4652831,0.0,0.0
2006-05-24 00:00:00-04:00,100.23612130729482,102.07695205579935,100.05798249508076,101.72066497802734,6081269,0.0,0.0
2006-05-25 00:00:00-04:00,101.98785463206222,102.22537928532523,101.00806307401703,102.19568634033203,4202246,0.0,0.0
2006-05-26 00:00:00-04:00,102.34418562187027,102.52233391509526,101.24563126479464,101.92851257324219,4421487,0.0,0.0
2006-05-30 00:00:00-04:00,101.95818211387754,102.04726096670363,100.978390359536,101.09715270996094,4623201,0.0,0.0
2006-05-31 00:00:00-04:00,101.39407085340564,101.72066497802734,100.85963551007569,101.72066497802734,6317579,0.0,0.0
2006-06-01 00:00:00-04:00,101.8393678463955,102.78947561877933,101.60184326663413,102.58163452148438,4095035,0.0,0.0
2006-06-02 00:00:00-04:00,102.84890877336477,103.353651147132,102.37385935178234,102.90829467773438,4416667,0.0,0.0
2006-06-05 00:00:00-04:00,102.58164376008335,102.7894848760967,101.48309011641565,101.60185241699219,3815303,0.0,0.0
2006-06-06 00:00:00-04:00,102.1362782977664,102.67071332889866,101.57215033082936,102.58163452148438,6024304,0.0,0.0
2006-06-07 00:00:00-04:00,102.58166311053209,103.68022641476604,102.13630676269531,102.13630676269531,5827306,0.0,0.0
2006-06-08 00:00:00-04:00,101.92847640876009,102.73012926382606,100.77053654700103,102.64105987548828,7785809,0.0,0.0
2006-06-09 00:00:00-04:00,102.49258193706399,102.7301065556887,100.7111378440386,101.156494140625,5361113,0.0,0.0
2006-06-12 00:00:00-04:00,101.45341285348215,101.75032337746866,100.5329977917965,100.56269073486328,3808083,0.0,0.0
2006-06-13 00:00:00-04:00,100.14703369140625,101.57219119670111,100.08765724924598,100.14703369140625,6622956,0.0,0.0
2006-06-14 00:00:00-04:00,100.05796746770066,100.91899680633712,99.93920512627986,100.65177917480469,5024667,0.0,0.0
2006-06-15 00:00:00-04:00,100.88927343931894,101.66124260581756,99.76102680931876,101.27525329589844,6600420,0.0,0.0
2006-06-16 00:00:00-04:00,100.53302640745946,100.97839232020793,99.9095216922863,100.7408676147461,7063692,0.0,0.0
2006-06-19 00:00:00-04:00,100.80026134072054,100.80026134072054,99.87984585929726,100.11737060546875,4266222,0.0,0.0
2006-06-20 00:00:00-04:00,100.11741328938409,100.41432407535547,99.58298710932422,100.05803680419922,5757613,0.0,0.0
2006-06-21 00:00:00-04:00,100.44392897807153,100.62207718412857,99.28598927205252,99.96887969970703,6461952,0.0,0.0
2006-06-22 00:00:00-04:00,99.5202032735673,100.0885419498318,99.13133595862482,99.43045806884766,5288311,1.198109,0.0
2006-06-23 00:00:00-04:00,99.25093881122037,99.81927721321732,99.04154295864966,99.19110870361328,4278199,0.0,0.0
2006-06-26 00:00:00-04:00,99.25095496083509,99.52017144076437,98.4732205797184,99.34069061279297,4048608,0.0,0.0
2006-06-27 00:00:00-04:00,98.86217895370459,99.52026323116225,98.3536605834961,98.3536605834961,4916016,0.0,0.0
2006-06-28 00:00:00-04:00,98.5031509399414,98.83219762014218,98.05446304301418,98.5031509399414,4240807,0.0,0.0
2006-06-29 00:00:00-04:00,98.65273793344926,99.55012344408289,98.35361577927809,99.52021789550781,5918158,0.0,0.0
2006-06-30 00:00:00-04:00,99.69971352424032,99.81936431981276,98.53311112436228,98.59294128417969,8112260,0.0,0.0
2006-07-03 00:00:00-04:00,99.01169465228875,99.81933490337815,98.98177958119592,99.6996841430664,2497059,0.0,0.0
2006-07-05 00:00:00-04:00,99.40056054344036,99.99881433620664,99.16124950227443,99.63986206054688,5350785,0.0,0.0
2006-07-06 00:00:00-04:00,99.63985225180402,100.56715268235104,99.60993718409574,100.20819091796875,4179001,0.0,0.0
2006-07-07 00:00:00-04:00,99.759528315819,100.23813142437858,99.34074583379892,99.6099624633789,4240160,0.0,0.0
2006-07-10 00:00:00-04:00,99.60992687058717,100.08852980813153,99.01167319865672,100.05862426757812,3304185,0.0,0.0
2006-07-11 00:00:00-04:00,99.8193402670737,99.84925533977399,98.68265322100355,99.49030303955078,4670901,0.0,0.0
2006-07-12 00:00:00-04:00,99.34072627758346,99.37064134699457,98.71255744024509,98.89202880859375,4493225,0.0,0.0
2006-07-13 00:00:00-04:00,98.7424714003539,98.89202769761128,97.39638853256612,97.72542572021484,6560420,0.0,0.0
2006-07-14 00:00:00-04:00,96.58871070036858,96.82801213520393,95.90071193217479,96.05027770996094,10273311,0.0,0.0
2006-07-17 00:00:00-04:00,95.96057850997232,97.00752982817382,95.96057850997232,96.79813385009766,4917247,0.0,0.0
2006-07-18 00:00:00-04:00,96.79814308252531,97.18701047997361,96.46910583425091,97.09727478027344,5479007,0.0,0.0
2006-07-19 00:00:00-04:00,97.45626514000115,98.83226386744188,97.18704841176555,98.3536605834961,5319527,0.0,0.0
2006-07-20 00:00:00-04:00,98.2638688140721,98.53308541488106,97.15709686279297,97.15709686279297,4292701,0.0,0.0
2006-07-21 00:00:00-04:00,97.5459751048552,97.5459751048552,96.3195427284095,96.46910858154297,6133455,0.0,0.0
2006-07-24 00:00:00-04:00,97.15709379921843,97.99464912327866,96.58874554341858,97.57586669921875,4770683,0.0,0.0
2006-07-25 00:00:00-04:00,98.11430771015542,98.14422278370157,97.06735632852312,97.815185546875,4615000,0.0,0.0
2006-07-26 00:00:00-04:00,97.93481382276967,98.02454949873675,97.15707923356652,97.75533294677734,4444252,0.0,0.0
2006-07-27 00:00:00-04:00,97.96477353964015,98.35364101147898,97.33659494938607,97.66564178466797,4513424,0.0,0.0
2006-07-28 00:00:00-04:00,98.1142703786574,99.4005323351887,97.93479905378825,98.77235412597656,4402123,0.0,0.0
2006-07-31 00:00:00-04:00,98.11430027341004,98.44334700935626,97.75534799024476,97.78526306152344,4750714,0.0,0.0
2006-08-01 00:00:00-04:00,97.6655864562309,98.11427431044095,97.15706847529572,97.39636993408203,3482654,0.0,0.0
2006-08-02 00:00:00-04:00,97.366486404898,98.14422115986777,96.97761902741313,97.51605224609375,3472638,0.0,0.0
2006-08-03 00:00:00-04:00,97.36645131375106,98.35358170025435,97.00749913868475,97.9048843383789,4041889,0.0,0.0
2006-08-04 00:00:00-04:00,98.44334268095119,98.68264419253966,97.5160421805015,98.11429595947266,3339866,0.0,0.0
2006-08-07 00:00:00-04:00,97.75534799024476,98.20404548724608,97.2468298747457,97.78526306152344,3274472,0.0,0.0
2006-08-08 00:00:00-04:00,98.11428480603267,98.11428480603267,96.31951414908602,96.73829650878906,4954953,0.0,0.0
2006-08-09 00:00:00-04:00,97.15710126354779,97.87500588218276,96.43918712085251,96.558837890625,3801093,0.0,0.0
2006-08-10 00:00:00-04:00,96.7682197022848,98.05447243192249,96.43917299057715,97.72542572021484,4985459,0.0,0.0
2006-08-11 00:00:00-04:00,97.57583295594861,98.05444535681657,96.97757935993401,97.21688079833984,3202358,0.0,0.0
2006-08-14 00:00:00-04:00,97.84504853604929,99.99878050958306,97.60574709989136,98.1740951538086,5206077,0.0,0.0
2006-08-15 00:00:00-04:00,99.28091408777819,99.55013071303192,98.8322260617291,99.31082916259766,4233816,0.0,0.0
2006-08-16 00:00:00-04:00,99.81937202489019,101.22528564849824,99.66981566192713,100.83641815185547,4983059,0.0,0.0
2006-08-17 00:00:00-04:00,100.806454701498,101.70384006901565,100.6568888862353,101.46453857421875,3655426,0.0,0.0
2006-08-18 00:00:00-04:00,100.83637184557142,101.70384216308594,100.83637184557142,101.70384216308594,3569854,0.0,0.0
2006-08-21 00:00:00-04:00,101.70386403242644,102.0029957334331,101.01586492973546,101.58421325683594,2669247,0.0,0.0
2006-08-22 00:00:00-04:00,101.4047323314198,102.27221235952692,100.74664830364163,101.58421325683594,3310654,0.0,0.0
2006-08-23 00:00:00-04:00,100.95602521139304,101.31497747028031,100.50732774473973,101.07567596435547,3787321,0.0,0.0
2006-08-24 00:00:00-04:00,101.52435877348161,101.7337547236222,100.95602010666228,101.25514221191406,3036472,0.0,0.0
2006-08-25 00:00:00-04:00,100.8662732265236,101.46453647519799,100.83636768333655,101.22523498535156,2429286,0.0,0.0
2006-08-28 00:00:00-04:00,100.80643933567269,101.70382456640282,100.80643933567269,101.49443817138672,2778857,0.0,0.0
2006-08-29 00:00:00-04:00,101.4047291664485,102.42177501331567,101.4047291664485,102.27220916748047,3839487,0.0,0.0
2006-08-30 00:00:00-04:00,102.3020939169458,103.02000792617356,102.27218837310765,102.51148986816406,3001562,0.0,0.0
2006-08-31 00:00:00-04:00,102.57129774248178,102.66104293502718,101.73374261379288,101.88330841064453,3851172,0.0,0.0
2006-09-01 00:00:00-04:00,102.24225509633615,102.51147161134303,101.76365219146031,102.12260437011719,4108577,0.0,0.0
2006-09-05 00:00:00-04:00,101.94316536394265,102.0927312141237,101.46456226261192,101.61412811279297,3778933,0.0,0.0
2006-09-06 00:00:00-04:00,101.31501968343206,101.85345305813203,101.25518951999298,101.5543212890625,3892320,0.0,0.0
2006-09-07 00:00:00-04:00,101.25511539956211,102.15251004986287,101.19529480397564,101.8234634399414,6208010,0.0,0.0
2006-09-08 00:00:00-04:00,101.40470270984758,101.85340013028747,101.34488210155706,101.73374938964844,2991234,0.0,0.0
2006-09-11 00:00:00-04:00,101.25515435097917,102.99010467529298,100.98593775713634,102.99010467529297,4488238,0.0,0.0
2006-09-12 00:00:00-04:00,102.99012410305211,103.88750974378854,102.84055824225246,103.70803833007812,4692769,0.0,0.0
2006-09-13 00:00:00-04:00,103.79775504677691,104.21653747558594,103.1695861655932,104.21653747558594,5598863,0.0,0.0
2006-09-14 00:00:00-04:00,103.34902663326862,104.27632690395542,103.1994703686267,104.03702545166016,4275361,0.0,0.0
2006-09-15 00:00:00-04:00,104.39599335993016,104.69512498239921,103.85756977316746,104.2464370727539,6965850,0.0,0.0
2006-09-18 00:00:00-04:00,103.64819045350558,104.57549101265668,103.52853969013702,104.3062744140625,4779739,0.0,0.0
2006-09-19 00:00:00-04:00,104.2464370727539,104.27634261575419,103.49860801658127,104.2464370727539,3900103,0.0,0.0
2006-09-20 00:00:00-04:00,104.30629204251368,104.9045554845267,103.64820797073621,104.75498962402344,5146963,0.0,0.0
2006-09-21 00:00:00-04:00,105.14657005585619,105.14657005585619,103.18825434648659,103.76068878173828,5514188,1.198109,0.0
2006-09-22 00:00:00-04:00,103.51976293784323,103.94155661914361,103.24861054218886,103.64027404785156,3658994,0.0,0.0
2006-09-25 00:00:00-04:00,103.42934188601245,105.2671573544688,103.42934188601245,105.11651611328125,4687010,0.0,0.0
2006-09-26 00:00:00-04:00,105.1466154869877,107.31583357464994,105.11649491885498,106.77352905273438,7486128,0.0,0.0
2006-09-27 00:00:00-04:00,106.44215420417744,107.40624286021323,105.9601002836194,106.47227478027344,5529900,0.0,0.0
2006-09-28 00:00:00-04:00,106.65299041323283,107.2856756609566,106.1106860316024,106.89401245117188,4065197,0.0,0.0
2006-09-29 00:00:00-04:00,106.7132960378465,106.98444834381432,106.05048035576287,106.35175323486328,4266076,0.0,0.0
2006-10-02 00:00:00-04:00,106.65302511443409,107.58699300973005,106.29149193989515,106.95430755615234,4342300,0.0,0.0
2006-10-03 00:00:00-04:00,106.98445025373734,108.09918007064172,106.83380901522823,107.58700561523438,6907341,0.0,0.0
2006-10-04 00:00:00-04:00,107.46645452205624,108.82221557120873,107.1350420022475,108.76195526123047,6443026,0.0,0.0
2006-10-05 00:00:00-04:00,108.49083223905461,109.90684438660406,108.27994028246539,109.33441925048828,5219098,0.0,0.0
2006-10-06 00:00:00-04:00,108.70177597814445,109.36459186080158,108.55113469673935,108.88253784179688,3927897,0.0,0.0
2006-10-09 00:00:00-04:00,108.88248107588082,109.18376348161733,108.03890376937056,108.94274139404297,3832351,0.0,0.0
2006-10-10 00:00:00-04:00,108.76195249758601,109.54527895218403,108.64144147322752,109.36451721191406,4893585,0.0,0.0
2006-10-11 00:00:00-04:00,109.0632603568533,109.66581561954041,108.55108598543481,108.97286987304688,4062839,0.0,0.0
2006-10-12 00:00:00-04:00,109.21394093142227,109.4248329512339,108.76201712713,109.12355041503906,4875703,0.0,0.0
2006-10-13 00:00:00-04:00,108.24984091194587,108.79214563176802,106.86394894072457,108.40048217773438,8884435,0.0,0.0
2006-10-16 00:00:00-04:00,107.64723946392975,107.64723946392975,106.47224001114378,107.13505554199219,6631073,0.0,0.0
2006-10-17 00:00:00-04:00,106.50237016994076,107.25556658464308,106.17096720078507,107.13505554199219,5201132,0.0,0.0
2006-10-18 00:00:00-04:00,107.91838211549148,107.97864243308544,106.83378273163348,107.13505554199219,5744321,0.0,0.0
2006-10-19 00:00:00-04:00,106.65302946614588,106.92418175624834,105.86970275974734,106.29149627685547,5467072,0.0,0.0
2006-10-20 00:00:00-04:00,106.65299208380176,107.19529647392662,106.23119871453407,106.86388397216797,5697790,0.0,0.0
2006-10-23 00:00:00-04:00,106.29145099517955,107.52669126382644,106.26132084410655,107.04464721679688,5443493,0.0,0.0
2006-10-24 00:00:00-04:00,106.80363007135536,107.19529327558907,106.47221757948492,106.71324920654297,4556387,0.0,0.0
2006-10-25 00:00:00-04:00,107.10495140037298,107.40622425693216,106.50238650217763,107.28571319580078,4611808,0.0,0.0
2006-10-26 00:00:00-04:00,107.707454472179,107.82796547486731,106.71323630186703,107.22541046142578,4170362,0.0,0.0
2006-10-27 00:00:00-04:00,106.83378002379288,106.95429106338926,105.96006299604814,106.08057403564453,6189210,0.0,0.0
2006-10-30 00:00:00-05:00,106.11071154313258,106.68314621526602,105.77930855942304,106.05046081542969,3438146,0.0,0.0
2006-10-31 00:00:00-05:00,106.29150183565976,106.50239380897366,105.20689261852729,105.77932739257812,5556254,0.0,0.0
2006-11-01 00:00:00-05:00,106.05043824251938,106.05043824251938,104.99595960305952,105.14659118652344,5060390,0.0,0.0
2006-11-02 00:00:00-05:00,105.0863625830659,105.17674347066855,104.3030359770765,104.57418823242188,4885030,0.0,0.0
2006-11-03 00:00:00-05:00,104.78510453228692,105.44792024474478,104.51395221389328,104.75497436523438,3978852,0.0,0.0
2006-11-06 00:00:00-05:00,105.5081636681028,106.68315366196913,105.14662090649922,106.26136016845703,5596568,0.0,0.0
2006-11-07 00:00:00-05:00,106.5023943247395,107.40623214588058,106.26137218477378,107.0748291015625,5093546,0.0,0.0
2006-11-08 00:00:00-05:00,106.80367963160037,107.70751747673832,106.65303839198748,107.19534301757812,3733299,0.0,0.0
2006-11-09 00:00:00-05:00,106.98442503474399,107.43633905120413,106.20108886064133,106.32160949707031,3906446,0.0,0.0
2006-11-10 00:00:00-05:00,106.35175401620029,106.38188418209346,105.8094494002805,105.96009063720703,3753455,0.0,0.0
2006-11-13 00:00:00-05:00,106.2915248061848,107.43638500916158,106.2915248061848,106.53254699707031,4346223,0.0,0.0
2006-11-14 00:00:00-05:00,106.83374730455533,107.707454472179,105.99016069320335,107.22541046142578,5950396,0.0,0.0
2006-11-15 00:00:00-05:00,106.98441047843275,108.21965090839146,106.92415016841728,107.82798767089844,4960357,0.0,0.0
2006-11-16 00:00:00-05:00,108.06898913804504,108.85231546380234,108.06898913804504,108.34014129638672,4778299,0.0,0.0
2006-11-17 00:00:00-05:00,108.00878517502886,109.27415606654887,107.79788363141677,109.21390533447266,6376463,0.0,0.0
2006-11-20 00:00:00-05:00,108.97290747668133,109.30432017992425,108.24984091194587,108.40048217773438,4184426,0.0,0.0
2006-11-21 00:00:00-05:00,108.40043589698072,108.46068662204786,107.61710932334883,107.8581314086914,5238921,0.0,0.0
2006-11-22 00:00:00-05:00,107.85813023948502,108.73183768751493,107.61710815675518,108.4305648803711,3919717,0.0,0.0
2006-11-24 00:00:00-05:00,108.00878722689559,108.09916812299596,107.52673339843751,107.5267333984375,1515012,0.0,0.0
2006-11-27 00:00:00-05:00,107.16516771081628,107.70747210797636,106.29146040013359,106.80363464355469,5135445,0.0,0.0
2006-11-28 00:00:00-05:00,106.35173363901905,106.53250500720262,105.59853719123947,106.05046081542969,5211523,0.0,0.0
2006-11-29 00:00:00-05:00,106.20109033152829,106.77352499234561,106.02032855945554,106.50237274169922,3788406,0.0,0.0
2006-11-30 00:00:00-05:00,106.68315963005475,106.95431192015721,105.92995349502641,106.29149627685547,4935651,0.0,0.0
2006-12-01 00:00:00-05:00,106.59277873086681,106.65302946614588,105.32739817954241,106.29149627685547,5006555,0.0,0.0
2006-12-04 00:00:00-05:00,106.74339770652011,106.95429923633247,106.26135351129905,106.62288665771484,3927313,0.0,0.0
2006-12-05 00:00:00-05:00,106.68315366196913,106.95430593690276,105.83956667494493,106.26136016845703,6310547,0.0,0.0
2006-12-06 00:00:00-05:00,106.50239380897366,106.80367627874139,105.65881632317887,105.77932739257812,8411065,0.0,0.0
2006-12-07 00:00:00-05:00,105.92997741699219,106.62292338068946,105.7190854070821,105.92997741699219,5339955,0.0,0.0
2006-12-08 00:00:00-05:00,105.89982699939158,106.53251244339066,105.44790334365617,106.26136016845703,4666060,0.0,0.0
2006-12-11 00:00:00-05:00,106.17100099839784,107.01457856549169,105.5985661691791,106.1107406616211,6274845,0.0,0.0
2006-12-12 00:00:00-05:00,106.08057292498688,108.2196606423659,105.658789087084,107.37608337402344,10381273,0.0,0.0
2006-12-13 00:00:00-05:00,108.00878650962795,108.21967846330777,106.65302511443409,106.95430755615234,9426999,0.0,0.0
2006-12-14 00:00:00-05:00,106.92417326980552,109.45492457905299,106.5325099476921,109.09339141845703,9020713,0.0,0.0
2006-12-15 00:00:00-05:00,109.30426548243342,113.01000615178258,109.09337357138766,112.5580825805664,18442265,0.0,0.0
2006-12-18 00:00:00-05:00,112.82926134511435,114.87796858698513,112.70875028295,114.4863052368164,10444977,0.0,0.0
2006-12-19 00:00:00-05:00,113.73312969301224,114.6972280421332,113.73312969301224,114.5164566040039,6546084,0.0,0.0
2006-12-20 00:00:00-05:00,114.8779206770335,115.96252937671392,114.51637804878365,114.93817138671875,7696418,0.0,0.0
2006-12-21 00:00:00-05:00,115.48456721142028,115.51491049279046,114.20983049951445,114.6347427368164,5184627,1.341882,0.0
2006-12-22 00:00:00-05:00,114.99892875029114,115.0292816897597,113.84560402165897,114.02770233154297,3250726,0.0,0.0
2006-12-26 00:00:00-05:00,114.11874527445782,114.5436573775155,113.60278402912435,114.45259857177734,2503340,0.0,0.0
2006-12-27 00:00:00-05:00,114.69538879394531,115.42380110921984,114.02766300975313,114.69538879394531,3341974,0.0,0.0
2006-12-28 00:00:00-05:00,114.6043617221355,114.6043617221355,113.66348830693674,113.75454711914062,3518564,0.0,0.0
2006-12-29 00:00:00-05:00,113.75456822179979,113.87597033046328,112.7833416890271,112.93509674072266,5273121,0.0,0.0
2007-01-03 00:00:00-05:00,113.5420381802442,115.78799031878765,113.45098907002698,115.2416763305664,9018960,0.0,0.0
2007-01-04 00:00:00-05:00,115.24172141114947,115.33278022044628,113.66348467822408,114.57400512695312,6528786,0.0,0.0
2007-01-05 00:00:00-05:00,114.02770350580954,114.60437070779602,113.23858505228264,113.99736022949219,5639552,0.0,0.0
2007-01-08 00:00:00-05:00,113.66346237323688,114.33117852640254,113.05645208102302,113.96697235107422,4948150,0.0,0.0
2007-01-09 00:00:00-05:00,114.66504143471577,115.30240465740553,113.39030532587543,113.96697235107422,5132545,0.0,0.0
2007-01-10 00:00:00-05:00,113.45104596728683,114.1491152649341,113.32964387162608,113.99736022949219,5007181,0.0,0.0
2007-01-11 00:00:00-05:00,113.81526176579736,115.21140047776703,113.5724575541847,115.0899887084961,6433407,0.0,0.0
2007-01-12 00:00:00-05:00,114.8471844660768,115.33280255263645,114.33122310067216,114.99893951416016,5413529,0.0,0.0
2007-01-16 00:00:00-05:00,115.33279551012033,116.09156104074033,115.12033459039121,115.6666488647461,6493189,0.0,0.0
2007-01-17 00:00:00-05:00,115.87917626523823,116.18267685352842,114.87759629981892,115.27215576171875,6356432,0.0,0.0
2007-01-18 00:00:00-05:00,115.36313746609781,115.8487555174436,113.08684090030351,115.33279418945312,8680969,0.0,0.0
2007-01-19 00:00:00-05:00,112.75297605114602,113.81525162994859,111.84245550695292,112.14596557617188,13126097,0.0,0.0
2007-01-22 00:00:00-05:00,112.69221310927819,113.29922322483603,111.05327130208497,111.53887939453125,8635418,0.0,0.0
2007-01-23 00:00:00-05:00,111.32644381168453,111.50854204004472,110.41592367950554,110.931884765625,7331551,0.0,0.0
2007-01-24 00:00:00-05:00,111.38719933855181,111.538954385335,110.84088503551814,111.2051010131836,4477575,0.0,0.0
2007-01-25 00:00:00-05:00,111.23542131789257,111.38716665668798,110.05173423297963,110.29454803466797,5389784,0.0,0.0
2007-01-26 00:00:00-05:00,110.62836068589826,110.93187057896297,109.2929287525633,109.47503662109375,5409314,0.0,0.0
2007-01-29 00:00:00-05:00,109.47507298024081,110.3248874342232,109.35367091538619,109.83927917480469,5205597,0.0,0.0
2007-01-30 00:00:00-05:00,109.86966771859773,110.29457991504506,108.53423490888581,109.35370635986328,9002121,0.0,0.0
2007-01-31 00:00:00-05:00,109.26262029688411,109.93033653529028,108.74665906676961,109.41437530517578,7546118,0.0,0.0
2007-02-01 00:00:00-05:00,109.80893834571515,109.99104629479945,108.53421169251229,109.960693359375,7901804,0.0,0.0
2007-02-02 00:00:00-05:00,110.05172409601927,110.47663613050776,109.62682172499157,110.08207702636719,5238921,0.0,0.0
2007-02-05 00:00:00-05:00,110.08207961591206,110.7194428509076,109.86962842540056,110.38558959960938,5467385,0.0,0.0
2007-02-06 00:00:00-05:00,110.47665593551022,110.5980580152047,109.96069468094308,110.20349884033203,4742889,0.0,0.0
2007-02-07 00:00:00-05:00,110.2338324862145,110.32488161418695,109.44471427455758,109.56611633300781,4459464,0.0,0.0
2007-02-08 00:00:00-05:00,109.44473707558939,109.44473707558939,108.04859861735774,108.4735107421875,7027364,0.0,0.0
2007-02-09 00:00:00-05:00,108.38241167422466,108.77697068051893,107.6843427666399,107.83609771728516,6219967,0.0,0.0
2007-02-12 00:00:00-05:00,107.89683348532797,108.89840290850424,107.89683348532797,108.16999053955078,3966729,0.0,0.0
2007-02-13 00:00:00-05:00,108.17003879177699,108.95915737521518,108.17003879177699,108.5645980834961,4791508,0.0,0.0
2007-02-14 00:00:00-05:00,109.05011472012725,110.78010549068513,108.6252028414283,110.68905639648438,6658011,0.0,0.0
2007-02-15 00:00:00-05:00,110.35529279962991,110.68915588420516,109.44477204887201,109.68757629394531,5971659,0.0,0.0
2007-02-16 00:00:00-05:00,109.47510795019139,109.56615711205112,108.86808776855469,108.86808776855469,6478833,0.0,0.0
2007-02-20 00:00:00-05:00,108.83772353514438,109.65718516103556,108.5038605668317,109.59648895263672,4913074,0.0,0.0
2007-02-21 00:00:00-05:00,109.23228526520586,109.56613857785992,108.71631433271045,108.98947143554688,7234377,0.0,0.0
2007-02-22 00:00:00-05:00,109.5706479155803,109.75418694459772,108.01060025683887,108.28590393066406,7859007,1.341882,0.0
2007-02-23 00:00:00-05:00,108.07181070972167,108.13298390870939,107.33766414603832,107.36825561523438,7960918,0.0,0.0
2007-02-26 00:00:00-05:00,107.85768943760014,108.22476762070282,107.5212124657288,108.10240173339844,6032546,0.0,0.0
2007-02-27 00:00:00-05:00,107.98001591751218,109.17299533630643,105.5328838924843,106.02230834960938,13078627,0.0,0.0
2007-02-28 00:00:00-05:00,106.4505562124006,107.30704898495786,105.99171349397896,106.78703308105469,10583195,0.0,0.0
2007-03-01 00:00:00-05:00,105.86937545722941,107.73531863310006,104.9822910707906,107.0623550415039,10721789,0.0,0.0
2007-03-02 00:00:00-05:00,106.84824244981382,107.521206093076,106.14468733653865,106.66470336914062,9426706,0.0,0.0
2007-03-05 00:00:00-05:00,106.26699736545174,106.97055217343802,105.59403401420408,105.68579864501953,6854424,0.0,0.0
2007-03-06 00:00:00-05:00,106.23644568142407,106.57293235272172,105.59407354642431,106.20586395263672,7093989,0.0,0.0
2007-03-07 00:00:00-05:00,106.2670101226306,106.29760158304167,104.98226617938114,105.01284790039062,8135151,0.0,0.0
2007-03-08 00:00:00-05:00,105.83878453677266,105.96114066865876,105.07405627763355,105.37995147705078,6077179,0.0,0.0
2007-03-09 00:00:00-05:00,105.74698969864488,105.96111043349691,104.67636654558235,104.98226165771484,7142462,0.0,0.0
2007-03-12 00:00:00-04:00,104.85992549465512,105.93054885124356,104.03401437853209,105.34934997558594,6302972,0.0,0.0
2007-03-13 00:00:00-04:00,104.8293397405489,105.16581665466838,104.03402004600805,104.27873229980469,8116559,0.0,0.0
2007-03-14 00:00:00-04:00,104.27871197853997,105.2269790817615,103.69751318448115,104.95167541503906,8465671,0.0,0.0
2007-03-15 00:00:00-04:00,104.61521165711984,106.08349495359366,104.33990793031828,105.59407043457031,7475278,0.0,0.0
2007-03-16 00:00:00-04:00,105.83875849790847,106.57290484801148,104.76813530275103,105.10462188720703,9347498,0.0,0.0
2007-03-19 00:00:00-04:00,105.53290906527769,106.05292510986328,105.31877850965695,106.05292510986328,5535638,0.0,0.0
2007-03-20 00:00:00-04:00,105.93056879307363,106.60353245074297,105.5329088926056,106.35881042480469,5897709,0.0,0.0
2007-03-21 00:00:00-04:00,106.29756827285202,109.20354183443233,106.23638537120259,108.53057861328125,10523622,0.0,0.0
2007-03-22 00:00:00-04:00,108.40826338838369,109.63183422772283,108.28590727838998,109.54006958007812,7016513,0.0,0.0
2007-03-23 00:00:00-04:00,109.47890641733387,109.8459748135742,108.8977074854004,109.57067108154297,6982626,0.0,0.0
2007-03-26 00:00:00-04:00,109.66245139966726,110.12128448486328,108.40828880394947,110.12128448486328,6192110,0.0,0.0
2007-03-27 00:00:00-04:00,109.50945040236059,109.815345469628,109.08119925606616,109.4788589477539,6192527,0.0,0.0
2007-03-28 00:00:00-04:00,109.20360694308512,109.2953813502764,107.98003583517378,108.7447738647461,8643097,0.0,0.0
2007-03-29 00:00:00-04:00,108.8977117312562,109.2953813502764,108.10239197202448,108.7447738647461,5732323,0.0,0.0
2007-03-30 00:00:00-04:00,108.77537791673362,108.8365608674168,107.0623819098872,108.1635971069336,7130004,0.0,0.0
2007-04-02 00:00:00-04:00,108.16356842363284,108.68358440891429,107.39884017932529,107.94944763183594,4902766,0.0,0.0
2007-04-03 00:00:00-04:00,108.37771387531215,108.89772997891622,107.58239398281111,108.0412368774414,6461409,0.0,0.0
2007-04-04 00:00:00-04:00,108.19414621009248,108.22473767345352,107.27647048507954,107.3988265991211,7240032,0.0,0.0
2007-04-05 00:00:00-04:00,107.46004268692101,107.64358180095758,106.87885334805031,107.12356567382812,5555691,0.0,0.0
2007-04-09 00:00:00-04:00,107.36821700696554,107.52116455854339,106.29759388532145,106.38935852050781,5520343,0.0,0.0
2007-04-10 00:00:00-04:00,106.45057734251112,107.0317665472601,106.29762973934429,106.6952896118164,6109417,0.0,0.0
2007-04-11 00:00:00-04:00,107.06234852955637,107.67413888801629,106.63409722651511,106.9094009399414,6359228,0.0,0.0
2007-04-12 00:00:00-04:00,107.5518007562304,107.79652280635611,106.63412472132794,107.61298370361328,6425478,0.0,0.0
2007-04-13 00:00:00-04:00,108.89770051778247,108.89770051778247,107.82707712603042,108.22474670410156,7437322,0.0,0.0
2007-04-16 00:00:00-04:00,108.59184854349678,108.89773407869362,107.67417245909357,108.1635971069336,7053697,0.0,0.0
2007-04-17 00:00:00-04:00,108.19415690108741,108.19415690108741,107.24588961901225,107.67414093017578,8008514,0.0,0.0
2007-04-18 00:00:00-04:00,107.55177137046334,107.82707507965499,106.75645170822155,107.46000671386719,7927302,0.0,0.0
2007-04-19 00:00:00-04:00,107.21530264042174,108.22475289751794,106.75645984366821,107.0623550415039,8439505,0.0,0.0
2007-04-20 00:00:00-04:00,107.76590188839194,107.79649335372504,106.84822610422087,107.46000671386719,12181505,0.0,0.0
2007-04-23 00:00:00-04:00,107.4600635331003,107.52124649611685,106.3894395955772,106.45062255859375,7335787,0.0,0.0
2007-04-24 00:00:00-04:00,106.45058032020415,106.87883167316974,105.68584228297829,106.3282241821289,7809867,0.0,0.0
2007-04-25 00:00:00-04:00,107.00117740063591,108.43886918769414,106.78704687528457,108.31651306152344,9394844,0.0,0.0
2007-04-26 00:00:00-04:00,108.46944800473062,109.66242740032607,108.46944800473062,109.6318359375,9632885,0.0,0.0
2007-04-27 00:00:00-04:00,110.42711770074375,113.85310713901191,110.1824055607816,112.69071960449219,19137694,0.0,0.0
2007-04-30 00:00:00-04:00,112.87427869921315,113.91431034913938,111.98718485947545,112.75192260742188,10474566,0.0,0.0
2007-05-01 00:00:00-04:00,112.62958358265519,113.73078857564485,112.32368843712362,113.48607635498047,9173057,0.0,0.0
2007-05-02 00:00:00-04:00,113.54723662487618,114.89316330939282,113.54723662487618,114.12842559814453,8400631,0.0,0.0
2007-05-03 00:00:00-04:00,114.2201919555664,114.46490411024128,113.57782011469496,114.2201919555664,5874610,0.0,0.0
2007-05-04 00:00:00-04:00,114.52613985957238,114.52613985957238,113.36374197945112,113.63904571533203,6267771,0.0,0.0
2007-05-07 00:00:00-04:00,113.88375332055128,114.4955437038642,113.63904106298759,113.91434478759766,4335414,0.0,0.0
2007-05-08 00:00:00-04:00,113.45550085575219,113.76139604432326,113.02725927903701,113.42491912841797,5560302,0.0,0.0
2007-05-09 00:00:00-04:00,112.9354605449935,114.18962275638185,112.7519312629182,113.97550201416016,6140362,0.0,0.0
2007-05-10 00:00:00-04:00,113.48610468117799,113.48610468117799,112.26253353304985,112.50725555419922,5705489,0.0,0.0
2007-05-11 00:00:00-04:00,112.5684391187604,113.30258577098975,112.5684391187604,113.08845520019531,4309143,0.0,0.0
2007-05-14 00:00:00-04:00,113.18015924509764,113.18015924509764,111.6506936852722,111.95658874511719,5783550,0.0,0.0
2007-05-15 00:00:00-04:00,112.17081286353795,113.79204454031361,111.98727371053012,112.07904815673828,5787452,0.0,0.0
2007-05-16 00:00:00-04:00,112.32370983491595,112.84372583774191,111.71191942730603,112.66018676757812,5478820,0.0,0.0
2007-05-17 00:00:00-04:00,112.41543314475544,112.66014532201272,111.49775761034037,111.74246978759766,5084866,0.0,0.0
2007-05-18 00:00:00-04:00,112.56841394086058,114.00610571146304,112.26251875923337,113.0578384399414,8657119,0.0,0.0
2007-05-21 00:00:00-04:00,114.128448369075,114.55669962493876,113.18019094885113,113.48607635498047,8471138,0.0,0.0
2007-05-22 00:00:00-04:00,113.85311398415448,114.89315525062212,113.51663720632644,114.2201919555664,6376400,0.0,0.0
2007-05-23 00:00:00-04:00,114.709699198221,115.62737531141696,114.22027453502493,115.01559448242188,7152603,0.0,0.0
2007-05-24 00:00:00-04:00,115.44382058058777,115.65794138886277,114.03671037379502,114.34260559082031,6414210,0.0,0.0
2007-05-25 00:00:00-04:00,114.495536278355,115.10731688258772,114.1590496414747,114.89319610595703,4984812,0.0,0.0
2007-05-29 00:00:00-04:00,115.04614463132667,115.29085687501806,113.60844315568421,114.40376281738281,6092516,0.0,0.0
2007-05-30 00:00:00-04:00,113.76140838579765,115.47440409670455,113.66964371503263,115.4132308959961,5634628,0.0,0.0
2007-05-31 00:00:00-04:00,115.56612058119849,115.59671203592158,114.74020974007392,114.95433044433594,6603425,0.0,0.0
2007-06-01 00:00:00-04:00,115.26026428786815,115.47438506416329,113.91433722126234,114.55670928955078,6908635,0.0,0.0
2007-06-04 00:00:00-04:00,115.59679340066535,116.30033891809991,115.26030664066914,115.65796661376953,7284707,0.0,0.0
2007-06-05 00:00:00-04:00,115.65792524055516,115.65792524055516,114.31199816084933,114.40376281738281,8479005,0.0,0.0
2007-06-06 00:00:00-04:00,114.09786746362938,114.40375287195059,113.54726009348798,114.06727600097656,7112101,0.0,0.0
2007-06-07 00:00:00-04:00,113.82254789636744,114.31197227291155,112.35426502733415,112.44602966308594,8216675,0.0,0.0
2007-06-08 00:00:00-04:00,112.56837305710897,114.22019475068606,112.10954019071524,114.15901184082031,6257776,0.0,0.0
2007-06-11 00:00:00-04:00,113.39430855569611,115.07671233055898,113.33312563252926,114.58728790283203,5523202,0.0,0.0
2007-06-12 00:00:00-04:00,114.25083840183372,114.67908000893945,113.3331527709961,113.3331527709961,6689707,0.0,0.0
2007-06-13 00:00:00-04:00,113.9449898494015,115.19914319416542,113.48614684609706,115.13796997070312,6956335,0.0,0.0
2007-06-14 00:00:00-04:00,115.01557674824514,116.17796501381125,115.01557674824514,115.62735748291016,7243266,0.0,0.0
2007-06-15 00:00:00-04:00,116.11675385593347,116.72853439063088,116.11675385593347,116.6061782836914,9932524,0.0,0.0
2007-06-18 00:00:00-04:00,116.78969545900836,116.78969545900836,116.11673212707147,116.45320892333984,5323679,0.0,0.0
2007-06-19 00:00:00-04:00,116.08618769283326,121.13340985707676,115.9638315592289,120.18514251708984,16206367,0.0,0.0
2007-06-20 00:00:00-04:00,120.67458977588635,121.65343895004862,119.17571480369394,119.51219177246094,12555323,0.0,0.0
2007-06-21 00:00:00-04:00,120.00512357403694,120.00512357403694,118.61866891163118,119.54296875,9263553,1.341882,0.0
2007-06-22 00:00:00-04:00,119.26563481564733,120.6212767057256,117.81756591796876,117.81756591796875,14237870,0.0,0.0
2007-06-25 00:00:00-04:00,118.09489955369602,118.92677235271373,116.86249649697035,117.72518157958984,10274000,0.0,0.0
2007-06-26 00:00:00-04:00,118.00250926488,118.06412404156863,116.67767875443107,117.13982391357422,9312255,0.0,0.0
2007-06-27 00:00:00-04:00,116.5235874495548,117.3554602246072,115.96900559951986,117.26302337646484,8639028,0.0,0.0
2007-06-28 00:00:00-04:00,117.5403106415166,118.24894407335194,116.40034450393362,117.44788360595703,7124183,0.0,0.0
2007-06-29 00:00:00-04:00,117.78676721640376,119.23484609062507,117.07814372698775,117.9408187866211,9325589,0.0,0.0
2007-07-02 00:00:00-04:00,118.37216863358286,118.74188653943406,117.13976580437559,117.87921142578125,6184348,0.0,0.0
2007-07-03 00:00:00-04:00,118.18732197704865,119.51216183281629,118.18732197704865,119.23487091064453,4557201,0.0,0.0
2007-07-05 00:00:00-04:00,118.86512925910718,119.14242014889433,118.21812045283835,118.74188995361328,5418099,0.0,0.0
2007-07-06 00:00:00-04:00,118.5569839477539,118.92670170222279,118.21806864888302,118.5569839477539,6221594,0.0,0.0
2007-07-09 00:00:00-04:00,118.80352418338047,119.17324212996206,118.21813007734804,118.98838806152344,6400292,0.0,0.0
2007-07-10 00:00:00-04:00,118.4646210594616,118.58787019754303,116.73926065249137,116.77007293701172,8232554,0.0,0.0
2007-07-11 00:00:00-04:00,116.46197852711123,117.81762105157216,116.24631213855403,117.69438171386719,6945818,0.0,0.0
2007-07-12 00:00:00-04:00,118.43377415147127,120.15913391113281,117.69432864892966,120.15913391113281,9397807,0.0,0.0
2007-07-13 00:00:00-04:00,122.10019147764488,123.76393693052002,121.69966125488281,121.69966125488281,15865998,0.0,0.0
2007-07-16 00:00:00-04:00,122.00778785910607,123.85639754252405,121.82293375755854,123.60990905761719,8434435,0.0,0.0
2007-07-17 00:00:00-04:00,123.27100077950719,126.16713986771532,123.24018849331848,125.42770385742188,12117174,0.0,0.0
2007-07-18 00:00:00-04:00,124.22615566723468,125.64341341211652,123.02456438036444,124.6266860961914,10395128,0.0,0.0
2007-07-19 00:00:00-04:00,125.02717356608646,125.67418252751969,124.71907032361125,125.42770385742188,6211119,0.0,0.0
2007-07-20 00:00:00-04:00,124.59583356812637,125.76661218018309,123.24019104481603,123.60990905761719,10283097,0.0,0.0
2007-07-23 00:00:00-04:00,124.16443530601668,126.19789817917216,124.16443530601668,125.76655578613281,6978328,0.0,0.0
2007-07-24 00:00:00-04:00,125.18121460719671,126.25956605501342,123.7023329018968,123.91799926757812,9610809,0.0,0.0
2007-07-25 00:00:00-04:00,124.9963191366054,125.45847384449985,123.05528309703229,124.53416442871094,8787199,0.0,0.0
2007-07-26 00:00:00-04:00,123.27095742096024,125.21198362253566,121.23749439333189,121.79207611083984,13048642,0.0,0.0
2007-07-27 00:00:00-04:00,122.03859759625598,122.43912788751572,119.51217651367188,119.51217651367188,10040194,0.0,0.0
2007-07-30 00:00:00-04:00,120.25162011248047,121.51483563834253,119.0808414510004,120.9910659790039,8363823,0.0,0.0
2007-07-31 00:00:00-04:00,121.82294587482954,122.46995491401366,119.32732696835318,119.41975402832031,8925876,0.0,0.0
2007-08-01 00:00:00-04:00,118.92676791554204,121.0526584494667,118.46461310787357,120.00511932373047,11177569,0.0,0.0
2007-08-02 00:00:00-04:00,120.15922087314756,120.71380294899227,119.05005672145815,120.25164794921875,7729741,0.0,0.0
2007-08-03 00:00:00-04:00,119.69701713619384,120.43646287280868,117.26302337646486,117.26302337646484,9917521,0.0,0.0
2007-08-06 00:00:00-04:00,117.78681764125982,120.86783074519118,117.10899632794802,120.46730041503906,10984807,0.0,0.0
2007-08-07 00:00:00-04:00,119.82027176660415,122.4083174608697,119.35812670566398,121.63806915283203,9754222,0.0,0.0
2007-08-08 00:00:00-04:00,121.69968197681122,124.65745544433595,121.57644264187759,124.65745544433594,9700659,0.0,0.0
2007-08-09 00:00:00-04:00,122.22349044420204,123.64074803743344,119.75868354065122,119.97434997558594,12513173,0.0,0.0
2007-08-10 00:00:00-04:00,118.6186386373762,119.01916879210151,114.58252481444354,117.7867660522461,17854234,0.0,0.0
2007-08-13 00:00:00-04:00,118.8343778818082,119.54300174063881,117.07820476133956,117.60197448730469,8770735,0.0,0.0
2007-08-14 00:00:00-04:00,117.60193325406796,117.66354800685069,115.56846983756019,116.09223937988281,9213329,0.0,0.0
2007-08-15 00:00:00-04:00,115.78409568595086,116.86244667463592,113.13443661993645,113.68901824951172,11325928,0.0,0.0
2007-08-16 00:00:00-04:00,112.4874745858002,114.89065610299328,111.53236247362783,114.61336517333984,13707034,0.0,0.0
2007-08-17 00:00:00-04:00,117.41708328879281,119.05001667173028,116.21549246526051,118.4646224975586,13016654,0.0,0.0
2007-08-20 00:00:00-04:00,118.58792330622872,118.61872579483837,116.30797018594876,117.75605010986328,8405097,0.0,0.0
2007-08-21 00:00:00-04:00,117.17056241773238,119.45050391356386,117.01651085846376,118.15648651123047,7340545,0.0,0.0
2007-08-22 00:00:00-04:00,119.08085885162049,121.02188614167629,118.6187038912979,120.5905532836914,8034784,0.0,0.0
2007-08-23 00:00:00-04:00,120.80618344810236,121.45319235056324,118.92677149777529,120.52889251708984,6909678,0.0,0.0
2007-08-24 00:00:00-04:00,120.28239508127905,121.60722496264191,120.09753121957822,121.42237091064453,7265593,0.0,0.0
2007-08-27 00:00:00-04:00,120.96019414989358,120.96019414989358,119.851030800932,120.15913391113281,4797788,0.0,0.0
2007-08-28 00:00:00-04:00,119.6353972554127,119.9126881685513,117.23221588134764,117.23221588134766,7824390,0.0,0.0
2007-08-29 00:00:00-04:00,117.81763912587951,119.38895808965849,117.54034812107777,119.26570892333984,8651381,0.0,0.0
2007-08-30 00:00:00-04:00,118.06406608950515,119.29646892513884,117.84839976239316,118.31055450439453,4827314,0.0,0.0
2007-08-31 00:00:00-04:00,119.54296793038338,120.43646528878774,118.58786562472454,119.7586441040039,7794155,0.0,0.0
2007-09-04 00:00:00-04:00,119.66619788979244,121.0834547892348,118.64946137067423,120.28239440917969,6950075,0.0,0.0
2007-09-05 00:00:00-04:00,119.45059946735044,120.06680619735582,118.4646745851677,119.38898468017578,7830358,0.0,0.0
2007-09-06 00:00:00-04:00,119.57375140427229,121.54559972657803,118.64945179493635,121.39154815673828,8228464,0.0,0.0
2007-09-07 00:00:00-04:00,119.88194221641226,120.1592332829727,118.95764193111397,119.38898468017578,9382115,0.0,0.0
2007-09-10 00:00:00-04:00,119.54295975159278,121.79209932568506,118.64947226402326,120.74456024169922,7933833,0.0,0.0
2007-09-11 00:00:00-04:00,120.77536149540914,122.43910694828428,120.3132165205244,121.69966125488281,7070494,0.0,0.0
2007-09-12 00:00:00-04:00,121.36075168221129,124.01041156127812,121.11427306225677,122.93206024169922,8779270,0.0,0.0
2007-09-13 00:00:00-04:00,123.2709587057732,125.70495190922574,123.05528258577083,124.81145477294922,9371557,0.0,0.0
2007-09-14 00:00:00-04:00,123.9795987118568,125.18118924081935,123.055289249852,124.3185043334961,7483332,0.0,0.0
2007-09-17 00:00:00-04:00,123.48674976188813,124.31862318717558,123.3635103444062,123.79485321044922,5066149,0.0,0.0
2007-09-18 00:00:00-04:00,124.34930336342221,128.6318955470504,123.85634621729875,128.41622924804688,10742968,0.0,0.0
2007-09-19 00:00:00-04:00,128.693603515625,129.61790366859793,128.29307312234644,128.693603515625,9280038,0.0,0.0
2007-09-20 00:00:00-04:00,128.72456494199378,128.72456494199378,127.32875375307208,127.91809844970703,6779139,1.341882,0.0
2007-09-21 00:00:00-04:00,129.0657586509315,129.43798155452447,127.73198789479082,127.9491195678711,8004173,0.0,0.0
2007-09-24 00:00:00-04:00,127.94909374119224,128.2282460486805,126.4602221791632,126.7083740234375,6048238,0.0,0.0
2007-09-25 00:00:00-04:00,126.39829545538089,128.22835138234498,125.808950389454,127.48392486572266,5558236,0.0,0.0
2007-09-26 00:00:00-04:00,127.73199192625216,128.72456990731743,127.04959641600225,128.0111541748047,6675956,0.0,0.0
2007-09-27 00:00:00-04:00,128.4143362499371,128.81756935090382,127.57684983810556,128.38331604003906,4793406,0.0,0.0
2007-09-28 00:00:00-04:00,127.98014467302316,128.72458069015772,127.48386057887166,128.41439819335938,6201416,0.0,0.0
2007-10-01 00:00:00-04:00,128.0421654989556,130.55461568542265,128.0421654989556,130.33749389648438,9151168,0.0,0.0
2007-10-02 00:00:00-04:00,130.36852756139362,130.74074061334775,129.65511180488468,130.64768981933594,4025008,0.0,0.0
2007-10-03 00:00:00-04:00,130.12037386858879,130.61665789339628,128.72456270393525,128.87965393066406,5492904,0.0,0.0
2007-10-04 00:00:00-04:00,129.37596041145807,129.87224452240636,128.5694937932132,129.34494018554688,3348505,0.0,0.0
2007-10-05 00:00:00-04:00,130.0583415509224,130.43055459277628,129.31390559130804,129.5620574951172,4546392,0.0,0.0
2007-10-08 00:00:00-04:00,129.46900227274054,129.65511373944796,128.44541389561712,128.817626953125,3027603,0.0,0.0
2007-10-09 00:00:00-04:00,128.7555811818905,130.36851411659148,128.72456096178337,130.33749389648438,4078676,0.0,0.0
2007-10-10 00:00:00-04:00,130.02727362683717,130.5235673764793,129.34487836249428,129.6860809326172,4011341,0.0,0.0
2007-10-11 00:00:00-04:00,130.1203729663637,130.55461654710635,128.32132857505172,129.0347442626953,6204672,0.0,0.0
2007-10-12 00:00:00-04:00,126.73938670720699,127.29771108432072,124.44405864346409,127.2667007446289,10726421,0.0,0.0
2007-10-15 00:00:00-04:00,126.8634930852986,126.98756409673301,125.34361085034419,126.61534118652344,8304313,0.0,0.0
2007-10-16 00:00:00-04:00,126.49127107654844,126.73941310118569,125.87091601495536,126.46025085449219,7358531,0.0,0.0
2007-10-17 00:00:00-04:00,126.95650040465709,127.60787546063177,126.46020665294542,127.17362213134766,9212014,0.0,0.0
2007-10-18 00:00:00-04:00,126.95653126687927,127.17365304635058,125.68479118108982,126.52227783203125,6722446,0.0,0.0
2007-10-19 00:00:00-04:00,125.71581257923094,126.52227901898357,123.66862626080382,124.19593048095703,11829179,0.0,0.0
2007-10-22 00:00:00-04:00,123.57557105610185,124.81629089036396,123.07927719685394,124.59915924072266,5948247,0.0,0.0
2007-10-23 00:00:00-04:00,124.87838760965508,125.90198621247333,124.1339612402512,125.56078338623047,5610318,0.0,0.0
2007-10-24 00:00:00-04:00,125.37463611395486,125.56074759120409,122.21081013207063,124.7853012084961,8592454,0.0,0.0
2007-10-25 00:00:00-04:00,125.25057188862115,125.77788612347486,123.20338503135144,124.56817626953125,9161977,0.0,0.0
2007-10-26 00:00:00-04:00,125.15752139863177,125.6227951802383,123.94782141754453,125.25057220458984,5365787,0.0,0.0
2007-10-29 00:00:00-04:00,125.52973662726457,126.18112190774232,125.0644727136756,125.80889892578125,5579896,0.0,0.0
2007-10-30 00:00:00-04:00,125.59180362059988,126.08808786686913,125.0334789055918,125.56078338623047,5397358,0.0,0.0
2007-10-31 00:00:00-04:00,125.99500913608148,127.85608452333689,125.4987249997222,127.66998291015625,7146364,0.0,0.0
2007-11-01 00:00:00-04:00,126.83248927209597,127.11165155291589,124.59919102553664,125.12649536132812,7943599,0.0,0.0
2007-11-02 00:00:00-04:00,125.62280917978144,125.71585999610919,123.97885546117239,125.09550476074219,7706788,0.0,0.0
2007-11-05 00:00:00-05:00,123.9167740915125,125.74683871453402,123.9167740915125,124.69223022460938,6196638,0.0,0.0
2007-11-06 00:00:00-05:00,124.6922513279749,125.59176874351775,123.97883551514708,124.63021087646484,8791143,0.0,0.0
2007-11-07 00:00:00-05:00,123.76170982381112,123.85477050559763,120.93907653702301,121.2182388305664,9748714,0.0,0.0
2007-11-08 00:00:00-05:00,121.59045196763076,121.96267494307591,116.31739849184393,121.0321273803711,11052894,0.0,0.0
2007-11-09 00:00:00-05:00,119.48116645363875,120.19458189488286,118.20942674323858,119.04691314697266,8905969,0.0,0.0
2007-11-12 00:00:00-05:00,118.61273282307288,121.09417335151473,118.39561097409533,118.64375305175781,7713820,0.0,0.0
2007-11-13 00:00:00-05:00,119.41916707821056,121.74551570728097,118.64372082715572,121.62144470214844,8774950,0.0,0.0
2007-11-14 00:00:00-05:00,123.76169104622896,123.91678228310073,120.4117539078811,121.0010986328125,8292169,0.0,0.0
2007-11-15 00:00:00-05:00,120.75297829391336,120.75297829391336,118.27154748302209,118.82987213134766,8678256,0.0,0.0
2007-11-16 00:00:00-05:00,119.41915629746747,119.94646049065406,117.46503073611215,119.88442993164062,10470893,0.0,0.0
2007-11-19 00:00:00-05:00,119.35718710231205,119.45023792662394,117.86832453377164,118.36460876464844,7389768,0.0,0.0
2007-11-20 00:00:00-05:00,118.33353286714382,119.76036417359816,116.31736678272388,117.99234008789062,9034443,0.0,0.0
2007-11-21 00:00:00-05:00,116.7826315918355,117.83723994443724,114.58035423723446,115.29376983642578,13457474,0.0,0.0
2007-11-23 00:00:00-05:00,115.91411300052509,117.46501503117683,115.26273790049474,116.84465026855469,4903100,0.0,0.0
2007-11-26 00:00:00-05:00,117.09281083470106,117.09281083470106,113.27760051623395,113.92898559570312,8761972,0.0,0.0
2007-11-27 00:00:00-05:00,114.3012323575277,116.84470336267994,114.14614109639884,116.16230773925781,9272902,0.0,0.0
2007-11-28 00:00:00-05:00,116.90670317850758,119.91544692115002,116.50346999010729,119.29508209228516,10838806,0.0,0.0
2007-11-29 00:00:00-05:00,118.7677768641928,118.86082763733872,117.2478948979849,118.3025131225586,7452220,0.0,0.0
2007-11-30 00:00:00-05:00,119.94647893903337,119.94647893903337,116.78265329330131,118.7677993774414,11309193,0.0,0.0
2007-12-03 00:00:00-05:00,118.48863634924938,118.48863634924938,113.52576623361318,114.54935455322266,14271882,0.0,0.0
2007-12-04 00:00:00-05:00,113.89798160059108,114.20816407538551,111.88181526624048,112.44013977050781,12270729,0.0,0.0
2007-12-05 00:00:00-05:00,113.52575819835118,114.27018421884885,112.40910929169898,113.86695098876953,12024028,0.0,0.0
2007-12-06 00:00:00-05:00,113.83595338456742,115.66601833136893,113.33966927230624,115.57296752929688,7422945,0.0,0.0
2007-12-07 00:00:00-05:00,115.54195989233995,116.31740637121482,114.61142214250836,115.47991943359375,6802363,0.0,0.0
2007-12-10 00:00:00-05:00,115.57295181420359,116.28635765959638,114.92156666054865,116.03821563720703,9335166,0.0,0.0
2007-12-11 00:00:00-05:00,116.00715600293191,117.71314911009728,112.1299159995703,114.8594970703125,13884501,0.0,0.0
2007-12-12 00:00:00-05:00,117.71316533554291,118.30250992665685,114.30118852681224,115.54190826416016,10717052,0.0,0.0
2007-12-13 00:00:00-05:00,114.76647910768683,117.21689872932903,113.9910229847011,116.56551361083984,7509039,0.0,0.0
2007-12-14 00:00:00-05:00,116.2553828886968,116.34843370659043,114.36327716819108,114.48735809326172,8729921,0.0,0.0
2007-12-17 00:00:00-05:00,114.20813686460842,114.45627883496,112.53316375087886,113.15351867675781,8424064,0.0,0.0
2007-12-18 00:00:00-05:00,113.77387471961197,114.54932078623868,112.40908411184299,114.14608764648438,8809463,0.0,0.0
2007-12-19 00:00:00-05:00,114.08407089775709,114.82849684155761,112.65723969161573,113.43268585205078,8352117,0.0,0.0
2007-12-20 00:00:00-05:00,114.49633666782243,114.6527538298207,113.3075702207712,114.24606323242188,7023962,1.485656,0.0
2007-12-21 00:00:00-05:00,114.84047210794583,117.62467630067903,114.65277943989399,116.1856460571289,15856253,0.0,0.0
2007-12-24 00:00:00-05:00,116.99897429479012,118.15645524729142,116.21689849249037,117.40565490722656,3540182,0.0,0.0
2007-12-26 00:00:00-05:00,117.03024994394853,117.90618194081709,116.99896452398805,117.46821594238281,4517242,0.0,0.0
2007-12-27 00:00:00-05:00,116.9989774764406,117.43694352336021,116.09176991951598,116.34203338623047,4876350,0.0,0.0
2007-12-28 00:00:00-05:00,116.84258761312361,117.56209269657876,115.93536996127837,116.8113021850586,4746437,0.0,0.0
2007-12-31 00:00:00-05:00,116.68612855509633,116.68612855509633,115.62249410499889,115.96661376953125,5035308,0.0,0.0
2008-01-02 00:00:00-05:00,116.06053527427221,117.15544589044136,114.33996571758195,114.99691009521484,8119960,0.0,0.0
2008-01-03 00:00:00-05:00,115.15321075944782,116.43581277931973,114.80909122023048,115.1219253540039,5628910,0.0,0.0
2008-01-04 00:00:00-05:00,114.30861482634022,114.71529539489576,112.55676083566536,112.74445343017578,8498995,0.0,0.0
2008-01-07 00:00:00-05:00,113.27630562322624,114.18351329743783,112.33780256120616,113.18244934082031,9913557,0.0,0.0
2008-01-08 00:00:00-05:00,113.9645407017448,113.9645407017448,110.11671182773279,110.74237060546875,9403879,0.0,0.0
2008-01-09 00:00:00-05:00,110.99260387061526,112.43163360777683,109.96026467858259,111.99366760253906,10162115,0.0,0.0
2008-01-10 00:00:00-05:00,111.3679930237697,113.33883496079282,110.64848815436247,112.36905670166016,9457776,0.0,0.0
2008-01-11 00:00:00-05:00,111.24285349244151,111.36798519834313,109.42843877669983,110.02281188964844,9602191,0.0,0.0
2008-01-14 00:00:00-05:00,111.8685543866103,111.8685543866103,110.27310724363193,110.93006134033203,7095763,0.0,0.0
2008-01-15 00:00:00-05:00,110.30440366664003,110.33568909538097,107.45763881836008,108.02073669433594,11248410,0.0,0.0
2008-01-16 00:00:00-05:00,107.39506321949587,109.74130094569784,107.33250232511625,108.11457824707031,12595219,0.0,0.0
2008-01-17 00:00:00-05:00,108.67763943431585,108.86534197481036,102.98411190990791,103.89131927490234,17008840,0.0,0.0
2008-01-18 00:00:00-05:00,106.11248485436992,109.42850187363314,105.73708952021055,107.33252716064453,19254566,0.0,0.0
2008-01-22 00:00:00-05:00,103.8600626034861,108.55253777155872,103.82877717802207,106.51913452148438,15355902,0.0,0.0
2008-01-23 00:00:00-05:00,105.58068561456955,108.55258314849736,104.01652325125085,108.2084732055664,16680072,0.0,0.0
2008-01-24 00:00:00-05:00,108.39616394042969,108.74028383743186,106.20634264790269,108.39616394042969,11180678,0.0,0.0
2008-01-25 00:00:00-05:00,109.33463647513983,109.77260264206585,105.95605882805867,106.36273956298828,11027625,0.0,0.0
2008-01-28 00:00:00-05:00,107.33251453883375,108.70897389589499,106.80070205456113,108.61512756347656,7897964,0.0,0.0
2008-01-29 00:00:00-05:00,109.39719382284038,109.71002818347054,107.92688826442267,108.74024963378906,7498481,0.0,0.0
2008-01-30 00:00:00-05:00,108.48999613534848,111.74345217191322,108.14588624359808,109.3033676147461,10733453,0.0,0.0
2008-01-31 00:00:00-05:00,108.27101795019486,111.58703489209367,107.92690805866255,110.61725616455078,11591429,0.0,0.0
2008-02-01 00:00:00-05:00,111.33674091745506,113.55784674972801,110.6172259367975,113.11988067626953,11735803,0.0,0.0
2008-02-04 00:00:00-05:00,113.15113522221334,113.4014086181621,110.08539319546733,110.64849090576172,9149645,0.0,0.0
2008-02-05 00:00:00-05:00,109.77260264687031,109.77260264687031,106.92583750223855,107.01968383789062,11517563,0.0,0.0
2008-02-06 00:00:00-05:00,107.80175714017261,108.30229415841157,106.36273686854557,106.98839569091797,7901407,0.0,0.0
2008-02-07 00:00:00-05:00,106.61298572121414,107.89559858094015,106.4252930805106,107.08223724365234,10770156,0.0,0.0
2008-02-08 00:00:00-05:00,106.70683470087155,106.95710816194628,104.92370476805108,105.86219787597656,8561280,0.0,0.0
2008-02-11 00:00:00-05:00,106.17502441335682,106.95711031935325,104.95498235241052,106.39401245117188,6718544,0.0,0.0
2008-02-12 00:00:00-05:00,107.14477462881516,108.39610178709434,106.6755331696714,107.52017974853516,7849367,0.0,0.0
2008-02-13 00:00:00-05:00,108.39611750842353,109.80386201070328,108.20842488167885,109.428466796875,8967149,0.0,0.0
2008-02-14 00:00:00-05:00,109.45978864368394,109.52235951933861,107.20740644594903,107.58280181884766,8739144,0.0,0.0
2008-02-15 00:00:00-05:00,107.48889432850224,107.958135787646,106.6755331696714,107.52017974853516,8319691,0.0,0.0
2008-02-19 00:00:00-05:00,108.11459270999012,109.08437136549381,106.70684789388133,107.2386703491211,6958839,0.0,0.0
2008-02-20 00:00:00-05:00,106.51915113031326,107.77047870093315,105.7370751338036,107.48892974853516,7558409,0.0,0.0
2008-02-21 00:00:00-05:00,108.46751914608556,108.46751914608556,105.65796739466548,106.35246276855469,11354139,1.485656,0.0
2008-02-22 00:00:00-05:00,106.41564712738345,106.69975944517635,104.64783268288323,105.91055297851562,8347485,0.0,0.0
2008-02-25 00:00:00-05:00,105.91052450528261,108.18342243657467,105.91052450528261,107.99401092529297,8163007,0.0,0.0
2008-02-26 00:00:00-05:00,107.5520304679026,107.80458243663325,106.60499325097624,107.14164733886719,9732334,0.0,0.0
2008-02-27 00:00:00-05:00,106.69970028168198,108.21496178604454,106.47871857313834,107.39419555664062,6852234,0.0,0.0
2008-02-28 00:00:00-05:00,107.26789647327432,107.33103696536547,106.13145807479124,106.85751342773438,6844889,0.0,0.0
2008-02-29 00:00:00-05:00,106.51034738167789,106.54191765040069,104.45843068006698,104.61627197265625,10880580,0.0,0.0
2008-03-03 00:00:00-05:00,105.24756974306925,105.75265356331722,104.61621496775928,105.43698120117188,7200073,0.0,0.0
2008-03-04 00:00:00-05:00,104.71091748425088,106.06833781293396,104.61621677906957,105.8157958984375,9369846,0.0,0.0
2008-03-05 00:00:00-05:00,106.4787233140053,107.17321861988569,105.08973270224449,106.28932189941406,9081788,0.0,0.0
2008-03-06 00:00:00-05:00,105.87895711750623,106.0367883066812,103.5429188238257,103.73233032226562,10920685,0.0,0.0
2008-03-07 00:00:00-05:00,103.13255959582304,104.0164667260035,101.04907283270371,101.74356842041016,11879425,0.0,0.0
2008-03-10 00:00:00-04:00,102.40646489023685,102.43802509280663,99.91259577500934,100.07042694091797,11598774,0.0,0.0
2008-03-11 00:00:00-04:00,102.31174742308453,105.43698120117188,101.99607506093918,105.43698120117188,13954882,0.0,0.0
2008-03-12 00:00:00-04:00,105.5948559981418,108.78321119146707,105.5948559981418,107.20481872558594,14740954,0.0,0.0
2008-03-13 00:00:00-04:00,105.78423417210135,108.94102845976937,105.15287933497585,108.1202621459961,13465194,0.0,0.0
2008-03-14 00:00:00-04:00,108.97263618425617,109.13047746056581,104.363709109905,106.76287841796875,15253094,0.0,0.0
2008-03-17 00:00:00-04:00,104.14270758223745,109.63553016224708,103.63762368325477,108.37281036376953,16996529,0.0,0.0
2008-03-18 00:00:00-04:00,110.20379318881935,114.3391967010664,109.57243809386819,114.08665466308594,17462054,0.0,0.0
2008-03-19 00:00:00-04:00,114.27602485016253,115.63344535120143,112.22410897056642,112.35037994384766,14491311,0.0,0.0
2008-03-20 00:00:00-04:00,115.34931389735647,119.13747261663174,114.9073605391215,118.3482666015625,23116525,0.0,0.0
2008-03-24 00:00:00-04:00,118.79028250954002,118.91655352823607,116.92777744550517,118.06421661376953,9806471,0.0,0.0
2008-03-25 00:00:00-04:00,117.59064762196269,118.47454433802855,116.54889964282484,117.65377807617188,9411349,0.0,0.0
2008-03-26 00:00:00-04:00,116.86453944212414,117.59060473233446,116.13847415191381,117.2117919921875,9280998,0.0,0.0
2008-03-27 00:00:00-04:00,117.62224702382193,117.90635926572122,115.91757357242616,116.26481628417969,7792214,0.0,0.0
2008-03-28 00:00:00-04:00,116.39107890624558,116.99087360735635,115.25464007138189,115.5703125,7158904,0.0,0.0
2008-03-31 00:00:00-04:00,115.47561012902997,117.68536735293715,115.34933914917995,116.8330307006836,8556001,0.0,0.0
2008-04-01 00:00:00-04:00,117.93794230819337,121.31571960449217,117.81167129301645,121.31571960449219,10569987,0.0,0.0
2008-04-02 00:00:00-04:00,120.77908247801184,121.59984921906351,119.04283818276949,120.02144622802734,7766904,0.0,0.0
2008-04-03 00:00:00-04:00,119.13751357163126,120.05298080259197,118.60084927649154,119.45318603515625,6758857,0.0,0.0
2008-04-04 00:00:00-04:00,119.39004898351295,119.57945044098591,117.81164654878063,118.56928253173828,6318643,0.0,0.0
2008-04-07 00:00:00-04:00,119.54787543217282,119.64257614918543,117.11713658666956,117.62223052978516,8234933,0.0,0.0
2008-04-08 00:00:00-04:00,116.48581259875468,117.05403715349257,115.3809337536584,116.6436538696289,7739903,0.0,0.0
2008-04-09 00:00:00-04:00,116.48575365816015,116.48575365816015,114.30756733448702,115.03362274169922,7215535,0.0,0.0
2008-04-10 00:00:00-04:00,114.90739697537431,117.02245368479767,114.14977102189332,116.01227569580078,9265932,0.0,0.0
2008-04-11 00:00:00-04:00,102.595915587553,104.20588873269422,100.41772785997783,101.17535400390625,76411640,0.0,0.0
2008-04-14 00:00:00-04:00,102.21704125069141,102.34331219899761,100.22825622558594,100.22825622558594,20461071,0.0,0.0
2008-04-15 00:00:00-04:00,101.14374955238851,101.3647212349726,99.59691762123879,100.95433807373047,13547303,0.0,0.0
2008-04-16 00:00:00-04:00,102.09082123977525,102.12239150535821,101.08064309828669,101.74356842041016,16584567,0.0,0.0
2008-04-17 00:00:00-04:00,101.36472438392018,102.28019144866276,101.01748172178355,101.08061218261719,12741325,0.0,0.0
2008-04-18 00:00:00-04:00,102.34334202322421,104.07957560666036,101.86981829082072,103.1956787109375,15032914,0.0,0.0
2008-04-21 00:00:00-04:00,103.22724039086245,103.35351136547146,102.21706254296947,102.4696044921875,6962261,0.0,0.0
2008-04-22 00:00:00-04:00,102.59588117444495,103.22724613363518,101.648843786681,102.0592269897461,8555646,0.0,0.0
2008-04-23 00:00:00-04:00,102.56431387898205,103.29037958261559,101.90138869349997,102.1539306640625,8738768,0.0,0.0
2008-04-24 00:00:00-04:00,102.40647672024059,105.34228952078949,102.3749064630039,103.5744857788086,11383644,0.0,0.0
2008-04-25 00:00:00-04:00,104.2058508520667,105.40543016939795,103.57448591061366,105.21601867675781,8656034,0.0,0.0
2008-04-28 00:00:00-04:00,105.65801337788537,106.25780829624092,104.26902202560673,104.71097564697266,7853227,0.0,0.0
2008-04-29 00:00:00-04:00,104.77401126611133,104.994992902216,103.38503122252843,103.60600280761719,8366599,0.0,0.0
2008-04-30 00:00:00-04:00,103.70077049208618,105.05819122284608,102.91157426276483,103.22725677490234,8429802,0.0,0.0
2008-05-01 00:00:00-04:00,103.54285464091943,105.08968577478696,103.03777102619337,104.55303192138672,8764163,0.0,0.0
2008-05-02 00:00:00-04:00,105.46855316518351,106.13148831697401,104.7109273503092,105.2475814819336,8486225,0.0,0.0
2008-05-05 00:00:00-04:00,105.31074004805562,105.31074004805562,104.04802008907858,104.74251556396484,5734535,0.0,0.0
2008-05-06 00:00:00-04:00,104.39526524437481,104.71094775426313,102.97470400089973,104.1742935180664,8882516,0.0,0.0
2008-05-07 00:00:00-04:00,104.20581621498258,104.48992833399589,102.59584419023454,102.81682586669922,7943182,0.0,0.0
2008-05-08 00:00:00-04:00,103.29040345135404,103.54294548027494,102.43806656547798,102.88002014160156,7184653,0.0,0.0
2008-05-09 00:00:00-04:00,102.46962971520097,102.46962971520097,101.45945161865151,101.86983489990234,8105938,0.0,0.0
2008-05-12 00:00:00-04:00,102.05925589344872,102.69062103144479,101.64887257416098,102.28022766113281,6402045,0.0,0.0
2008-05-13 00:00:00-04:00,102.69059194893632,103.22724613363518,101.83825528464234,102.0592269897461,7712443,0.0,0.0
2008-05-14 00:00:00-04:00,102.34334442912235,103.29038186517073,102.05923219320564,102.62745666503906,7404583,0.0,0.0
2008-05-15 00:00:00-04:00,103.10097830727135,103.25880950087775,101.55414617114218,102.18550109863281,11348171,0.0,0.0
2008-05-16 00:00:00-04:00,102.43804725879151,102.46961751921252,100.92278531982627,101.4278793334961,11856472,0.0,0.0
2008-05-19 00:00:00-04:00,101.4279008064769,103.2272753681269,101.01751748718915,102.28022766113281,12127858,0.0,0.0
2008-05-20 00:00:00-04:00,101.80669391473705,101.86982438555486,99.5969364666906,100.13359069824219,14309545,0.0,0.0
2008-05-21 00:00:00-04:00,100.2914627880935,100.32303305872034,97.57661048366687,97.82916259765625,19887688,0.0,0.0
2008-05-22 00:00:00-04:00,97.8922348022461,98.64987059106251,97.22930976891882,97.8922348022461,11318416,0.0,0.0
2008-05-23 00:00:00-04:00,97.73442840388897,97.76599866696297,95.80878307069607,96.06132507324219,13034912,0.0,0.0
2008-05-27 00:00:00-04:00,96.02974665431353,97.19775570739499,95.36681145954127,95.96660614013672,13716340,0.0,0.0
2008-05-28 00:00:00-04:00,96.50324733699556,96.85050001625683,95.36679864271453,96.44011688232422,13229761,0.0,0.0
2008-05-29 00:00:00-04:00,96.1244636407587,97.79756693731434,95.52466885866586,96.72425842285156,13259036,0.0,0.0
2008-05-30 00:00:00-04:00,97.19778603654727,97.63973962062693,96.50329041900042,96.97681427001953,10440783,0.0,0.0
2008-06-02 00:00:00-04:00,97.07151576830881,97.51346935579627,95.27214120220033,95.99820709228516,10614787,0.0,0.0
2008-06-03 00:00:00-04:00,96.47170885631334,97.22934491902845,95.49311110396678,96.15603637695312,10940821,0.0,0.0
2008-06-04 00:00:00-04:00,96.1559904141679,97.00832680817001,95.65089659678617,96.12442016601562,9372851,0.0,0.0
2008-06-05 00:00:00-04:00,96.47167726173839,98.30262126689276,96.15600488576122,98.05007934570312,11561132,0.0,0.0
2008-06-06 00:00:00-04:00,97.41873164710894,97.41873164710894,94.70388066878736,94.76702117919922,14511071,0.0,0.0
2008-06-09 00:00:00-04:00,95.42991875009209,95.80873155020728,94.32504054482624,94.89326477050781,12279785,0.0,0.0
2008-06-10 00:00:00-04:00,94.48290108406987,97.03990057255479,94.00937744863656,95.74562072753906,10293510,0.0,0.0
2008-06-11 00:00:00-04:00,95.90349547291058,96.1244672160992,94.07255084712223,94.16725158691406,14009489,0.0,0.0
2008-06-12 00:00:00-04:00,94.60920149402541,95.68251000722545,91.19986443108654,91.70494842529297,19949348,0.0,0.0
2008-06-13 00:00:00-04:00,92.68352439286667,92.80979534808144,89.93711352766194,92.02059936523438,24158020,0.0,0.0
2008-06-16 00:00:00-04:00,90.56847811545005,92.33628173099052,89.589870568254,91.45238494873047,18078045,0.0,0.0
2008-06-17 00:00:00-04:00,92.1153185817933,92.30473007819211,90.8210284669476,91.10514068603516,13235854,0.0,0.0
2008-06-18 00:00:00-04:00,90.60007798274081,90.82104973777457,88.89540426897078,89.0532455444336,18368378,0.0,0.0
2008-06-19 00:00:00-04:00,89.91501465965526,90.1065306934948,88.73401774925676,89.08512878417969,11839466,1.485656,0.0
2008-06-20 00:00:00-04:00,88.92556139308195,89.43625742495385,87.04236215352886,87.39346313476562,18717699,0.0,0.0
2008-06-23 00:00:00-04:00,88.06377027474431,88.73406147947165,87.07428891054586,87.45732116699219,12756098,0.0,0.0
2008-06-24 00:00:00-04:00,87.36154668798179,88.92556607124459,86.81892958489694,88.06375885009766,11934011,0.0,0.0
2008-06-25 00:00:00-04:00,88.54254238962825,91.41522291095431,88.25527332122554,89.34050750732422,17111314,0.0,0.0
2008-06-26 00:00:00-04:00,88.06376367481053,88.2872008347758,84.61654476406264,84.68038177490234,18246811,0.0,0.0
2008-06-27 00:00:00-04:00,85.57405673279547,85.63789878897059,83.46742131945653,83.81852722167969,19047823,0.0,0.0
2008-06-30 00:00:00-04:00,84.10582383524728,85.41448987201528,83.97814984356498,85.1910629272461,16286368,0.0,0.0
2008-07-01 00:00:00-04:00,84.32927282605361,86.85085245377391,83.94624569260273,86.56358337402344,18621214,0.0,0.0
2008-07-02 00:00:00-04:00,86.81890494490926,87.01042099393277,84.45692109954472,84.61651611328125,12783704,0.0,0.0
2008-07-03 00:00:00-04:00,85.38258903780718,86.46783346796094,84.58462386029267,85.89329528808594,8067461,0.0,0.0
2008-07-07 00:00:00-04:00,86.49971008300781,87.68070702103385,85.66982418811837,86.49971008300781,16171229,0.0,0.0
2008-07-08 00:00:00-04:00,86.75511561396003,90.10658205913626,86.53167841999299,89.56396484375,18587619,0.0,0.0
2008-07-09 00:00:00-04:00,89.81928815082865,90.45765818028673,86.62741767813739,86.78700256347656,13694514,0.0,0.0
2008-07-10 00:00:00-04:00,87.93607385765424,88.51061193336137,86.40397571000186,88.22334289550781,19319793,0.0,0.0
2008-07-11 00:00:00-04:00,88.09567720081819,90.17039257938261,87.1381170386116,88.28719329833984,20435113,0.0,0.0
2008-07-14 00:00:00-04:00,89.78734044204165,89.78734044204165,86.24435988338038,86.75506591796875,12399056,0.0,0.0
2008-07-15 00:00:00-04:00,86.34014018798175,86.81891512261947,81.71191981650364,85.06338500976562,19659036,0.0,0.0
2008-07-16 00:00:00-04:00,85.54214284322573,88.8297752685903,84.32923513894494,88.35099029541016,17300508,0.0,0.0
2008-07-17 00:00:00-04:00,89.69157306757094,90.71296464692216,88.38290240315743,89.37238311767578,15343842,0.0,0.0
2008-07-18 00:00:00-04:00,89.75540495993248,89.97884198993742,88.0318015884294,89.37238311767578,11548445,0.0,0.0
2008-07-21 00:00:00-04:00,89.75542987874114,89.94694593438803,88.12757897518789,88.38292694091797,8778873,0.0,0.0
2008-07-22 00:00:00-04:00,88.79784034671091,91.06407057239058,88.0956285935156,90.96830749511719,14971609,0.0,0.0
2008-07-23 00:00:00-04:00,91.86204949182262,93.80909008738251,91.12791659897469,93.61758422851562,16353787,0.0,0.0
2008-07-24 00:00:00-04:00,94.92626428869696,95.40504935924812,91.54287824569231,91.63864135742188,12761732,0.0,0.0
2008-07-25 00:00:00-04:00,92.40468527506506,93.29841334168101,90.4895653182582,91.63864135742188,10014654,0.0,0.0
2008-07-28 00:00:00-04:00,91.6067178743322,92.40468280791337,88.25525295805292,88.38292694091797,10280865,0.0,0.0
2008-07-29 00:00:00-04:00,88.67021514427577,90.64917755126953,88.57446217706666,90.64917755126953,9544934,0.0,0.0
2008-07-30 00:00:00-04:00,91.70245952325688,93.68142125790907,91.15984262225504,92.46851348876953,11566515,0.0,0.0
2008-07-31 00:00:00-04:00,91.60672099913799,92.43660699741841,90.29804992675781,90.29804992675781,11436894,0.0,0.0
2008-08-01 00:00:00-04:00,90.74492141934276,91.60672852591246,89.69160839755745,90.04270935058594,7814312,0.0,0.0
2008-08-04 00:00:00-04:00,89.81927085840215,90.74490976358312,88.60635279189779,89.91502380371094,7690763,0.0,0.0
2008-08-05 00:00:00-04:00,90.58528710391107,93.36221313476562,90.58528710391107,93.36221313476562,10900132,0.0,0.0
2008-08-06 00:00:00-04:00,93.10690228985047,93.13882332881093,91.70247820258439,92.56428527832031,8120252,0.0,0.0
2008-08-07 00:00:00-04:00,91.83013467546053,92.81961555555587,90.93641689397595,91.19176483154297,8668324,0.0,0.0
2008-08-08 00:00:00-04:00,91.22370007507604,94.92626607197191,91.19177903723318,94.60708618164062,12727574,0.0,0.0
2008-08-11 00:00:00-04:00,94.54325220908298,97.0009894050474,94.06446708850162,95.59656524658203,10259080,0.0,0.0
2008-08-12 00:00:00-04:00,95.50080758256222,96.33069362052441,94.3836525189439,94.92626953125,7887865,0.0,0.0
2008-08-13 00:00:00-04:00,94.41555600118623,94.67090394035377,92.81961613734285,93.55374908447266,8076997,0.0,0.0
2008-08-14 00:00:00-04:00,92.94732497982378,95.40507268250286,92.59622397241327,94.22407531738281,7488006,0.0,0.0
2008-08-15 00:00:00-04:00,94.67091095537477,95.91573987308023,94.22404694737062,95.1177749633789,8386588,0.0,0.0
2008-08-18 00:00:00-04:00,95.66042002018764,96.74565424225686,93.04308743675563,93.68145751953125,8775868,0.0,0.0
2008-08-19 00:00:00-04:00,93.20266039265034,93.3622452534685,90.77683432804912,91.63864135742188,8778331,0.0,0.0
2008-08-20 00:00:00-04:00,91.73438966174979,92.34084868786854,89.659674786473,91.4471206665039,8485766,0.0,0.0
2008-08-21 00:00:00-04:00,90.32995914446032,91.98973092383812,90.01076913682685,91.76630401611328,7851433,0.0,0.0
2008-08-22 00:00:00-04:00,92.27700521806278,93.33032823889967,92.08549933260024,92.94729614257812,6228814,0.0,0.0
2008-08-25 00:00:00-04:00,92.69191692940393,92.69191692940393,89.9469120867225,90.3937759399414,8988161,0.0,0.0
2008-08-26 00:00:00-04:00,90.93643445739232,90.93643445739232,89.30857325627763,90.23422241210938,8407309,0.0,0.0
2008-08-27 00:00:00-04:00,90.23422577573172,91.25561776134491,89.56393474449808,90.07463073730469,6978704,0.0,0.0
2008-08-28 00:00:00-04:00,90.48956941315195,92.27701546457165,90.3299743824128,92.02166748046875,8906971,0.0,0.0
2008-08-29 00:00:00-04:00,91.86209608854067,92.18128623215595,89.62778540863756,89.6916275024414,9825293,0.0,0.0
2008-09-02 00:00:00-04:00,91.09600794554859,93.04304858844196,90.7768179560817,91.0640869140625,12267495,0.0,0.0
2008-09-03 00:00:00-04:00,90.80874292519243,91.5747867378935,90.32995792023112,91.19176483154297,7741405,0.0,0.0
2008-09-04 00:00:00-04:00,90.61725288303975,90.93644297790277,88.09567349156275,88.41486358642578,12579611,0.0,0.0
2008-09-05 00:00:00-04:00,87.74455101316664,89.14897489113089,87.42536099652988,88.9893798828125,10449797,0.0,0.0
2008-09-08 00:00:00-04:00,92.18126386183945,93.1069028584497,90.17038067284193,92.85155487060547,17637497,0.0,0.0
2008-09-09 00:00:00-04:00,92.43659830438655,93.45800026879077,89.56391861804082,89.75542449951172,15129900,0.0,0.0
2008-09-10 00:00:00-04:00,90.55339346490145,90.74490951769859,88.57444167859047,89.65967559814453,11655030,0.0,0.0
2008-09-11 00:00:00-04:00,88.4148465562929,90.42571937612226,85.70175159794408,89.88310241699219,17130323,0.0,0.0
2008-09-12 00:00:00-04:00,88.51059072716927,88.54251175988281,84.04197135359163,85.38255310058594,32253567,0.0,0.0
2008-09-15 00:00:00-04:00,79.22225439986066,83.14825728303472,76.31765353258918,78.5200424194336,36064029,0.0,0.0
2008-09-16 00:00:00-04:00,70.76381560725211,81.16931932791766,70.73189456172472,79.98832702636719,38267188,0.0,0.0
2008-09-17 00:00:00-04:00,76.57302346754506,77.81785276784933,71.1787580848758,74.65789794921875,47563418,0.0,0.0
2008-09-18 00:00:00-04:00,76.79281244157411,82.5830072173302,71.77896106054733,80.18929290771484,43521716,1.485656,0.0
2008-09-19 00:00:00-04:00,94.19573390388986,94.45452190928319,82.55065988120026,86.10887908935547,44005165,0.0,0.0
2008-09-22 00:00:00-04:00,88.56729826432795,88.89077560334391,82.97119076544209,84.58856201171875,11680633,0.0,0.0
2008-09-23 00:00:00-04:00,82.03307597700422,82.93880799015749,79.7687562433184,80.70683288574219,13375845,0.0,0.0
2008-09-24 00:00:00-04:00,81.1273771910283,81.1273771910283,77.01925252957288,79.54235076904297,12673134,0.0,0.0
2008-09-25 00:00:00-04:00,76.53403849205249,84.87967632340016,76.01647792008046,83.06822204589844,21889258,0.0,0.0
2008-09-26 00:00:00-04:00,80.05991314232428,83.48874378462527,79.31592459989326,81.67728424072266,9881778,0.0,0.0
2008-09-29 00:00:00-04:00,81.25674699471637,82.93881724279623,74.72256469726562,74.72256469726562,15998081,0.0,0.0
2008-09-30 00:00:00-04:00,77.21332775469806,84.26507144177442,77.21332775469806,82.4859619140625,15852789,0.0,0.0
2008-10-01 00:00:00-04:00,77.63382970090136,83.29463450372447,70.03218739491406,79.25120544433594,37959119,0.0,0.0
2008-10-02 00:00:00-04:00,73.84918450218997,74.04326774034263,71.19669298237419,71.6495590209961,108449617,0.0,0.0
2008-10-03 00:00:00-04:00,73.42866969600247,74.39909105554462,69.51462932643707,69.77340698242188,44834535,0.0,0.0
2008-10-06 00:00:00-04:00,66.44164191380149,70.74385523952256,63.692110450109546,69.15882873535156,38510467,0.0,0.0
2008-10-07 00:00:00-04:00,72.07010163940785,73.2669564368525,65.3094841164142,65.6653060913086,32972199,0.0,0.0
2008-10-08 00:00:00-04:00,64.75957496508207,71.13202033964245,64.3714083699782,66.7974624633789,28957749,0.0,0.0
2008-10-09 00:00:00-04:00,69.22354983236924,69.93519402880605,61.46016327997012,61.49250793457031,32785342,0.0,0.0
2008-10-10 00:00:00-04:00,60.489709826807264,69.5469970703125,59.519288216631885,69.5469970703125,57425936,0.0,0.0
2008-10-13 00:00:00-04:00,72.03775147674277,72.23183993448986,65.82704441925792,67.92962646484375,29696914,0.0,0.0
2008-10-14 00:00:00-04:00,72.16715003658636,72.4259277970542,63.88619990640102,67.44441986083984,31955618,0.0,0.0
2008-10-15 00:00:00-04:00,66.18286323323329,66.82981271244074,61.621872237101144,62.268821716308594,23900531,0.0,0.0
2008-10-16 00:00:00-04:00,63.10985341787671,64.56549100866351,59.22816175844617,64.33905792236328,31525190,0.0,0.0
2008-10-17 00:00:00-04:00,62.592308088785316,66.40930593384715,61.46014762373136,63.4980354309082,25992724,0.0,0.0
2008-10-20 00:00:00-04:00,65.5359021245865,65.89172401752946,62.85106560954408,65.14773559570312,19737222,0.0,0.0
2008-10-21 00:00:00-04:00,64.46844075546888,68.02665992276522,64.37140169156085,65.82703399658203,21468053,0.0,0.0
2008-10-22 00:00:00-04:00,64.82425334199579,65.34181382354605,59.8427523743721,61.33073425292969,24677672,0.0,0.0
2008-10-23 00:00:00-04:00,62.23649392876821,62.23649392876821,58.128368000448155,60.81320571899414,31979656,0.0,0.0
2008-10-24 00:00:00-04:00,56.47863275425865,58.96938650902641,55.86403305098896,57.67548751831055,26935668,0.0,0.0
2008-10-27 00:00:00-04:00,58.35477113480835,60.974918435916564,56.672705839914066,57.35200500488281,25192317,0.0,0.0
2008-10-28 00:00:00-04:00,59.42222651127434,63.4009611517242,57.351995038662125,63.04513931274414,29124533,0.0,0.0
2008-10-29 00:00:00-04:00,63.20688500892981,64.69486694348026,60.489698815542205,62.10707473754883,28621574,0.0,0.0
2008-10-30 00:00:00-04:00,64.01556876365474,64.59781849575168,61.23368833412815,62.592281341552734,19127616,0.0,0.0
2008-10-31 00:00:00-04:00,62.333494685861005,64.04790944299302,61.848284030929065,63.109832763671875,19182974,0.0,0.0
2008-11-03 00:00:00-05:00,63.9832104061521,64.30668758578437,62.10706233275919,62.43053436279297,11770545,0.0,0.0
2008-11-04 00:00:00-05:00,64.14495745772722,68.058997860253,63.88617464996405,67.18561553955078,24384043,0.0,0.0
2008-11-05 00:00:00-05:00,66.92683276811967,67.86490950387214,64.04791329588534,64.46842956542969,18168396,0.0,0.0
2008-11-06 00:00:00-05:00,63.88618436899773,63.88618436899773,58.225383613486535,59.325199127197266,26574682,0.0,0.0
2008-11-07 00:00:00-05:00,60.23093248995303,61.78360913602353,59.131122011319974,61.00727081298828,16478942,0.0,0.0
2008-11-10 00:00:00-05:00,62.559922636688576,62.7216612251135,58.5488437507791,59.68100357055664,16886585,0.0,0.0
2008-11-11 00:00:00-05:00,59.0987529078878,59.19579709765401,56.15513923029897,57.61077117919922,21704885,0.0,0.0
2008-11-12 00:00:00-05:00,56.543320248860745,56.76975331688436,51.91763527203606,52.693973541259766,36960086,0.0,0.0
2008-11-13 00:00:00-05:00,53.0821372143078,54.76420235136976,47.16255430177143,54.53776931762695,62783335,0.0,0.0
2008-11-14 00:00:00-05:00,52.92040905553395,55.281773760477094,51.59416552380442,51.82059860229492,26770553,0.0,0.0
2008-11-17 00:00:00-05:00,51.59417560982394,53.373285646328355,49.81506557331952,52.11173629760742,20336645,0.0,0.0
2008-11-18 00:00:00-05:00,51.85293367342539,52.88805465561894,49.39453035251473,51.94997787475586,28194004,0.0,0.0
2008-11-19 00:00:00-05:00,51.33536587070603,52.40283122782533,46.742027282714844,46.742027282714844,37880558,0.0,0.0
2008-11-20 00:00:00-05:00,45.609885722128226,46.74204593296687,40.693075737194704,41.53411102294922,49061528,0.0,0.0
2008-11-21 00:00:00-05:00,43.86314002487368,45.48051154083122,41.404732951801336,45.38347244262695,35987992,0.0,0.0
2008-11-24 00:00:00-05:00,47.32428818705998,51.46476134849738,46.12743387076921,49.36217498779297,33221884,0.0,0.0
2008-11-25 00:00:00-05:00,51.56183012373592,52.01469640709994,48.8122980737162,51.011924743652344,25515826,0.0,0.0
2008-11-26 00:00:00-05:00,49.94443976223562,52.564581926937876,49.1681015337905,52.37049865722656,17284712,0.0,0.0
2008-11-28 00:00:00-05:00,52.95272856052664,55.60521410698138,52.402823648407654,55.54051971435547,12312753,0.0,0.0
2008-12-01 00:00:00-05:00,52.920391824223046,52.98508623278382,49.87973402347174,50.138511657714844,21816352,0.0,0.0
2008-12-02 00:00:00-05:00,52.20874884866497,57.54607624523067,51.011894550574254,56.96382141113281,45715402,0.0,0.0
2008-12-03 00:00:00-05:00,55.21707199837798,59.09876300846438,54.537772853113054,58.645896911621094,32802933,0.0,0.0
2008-12-04 00:00:00-05:00,57.67548348750022,58.904687957734026,55.37881834656917,56.76975631713867,23398574,0.0,0.0
2008-12-05 00:00:00-05:00,56.21985777246217,59.195822507262214,54.92595871830536,57.74018478393555,22370391,0.0,0.0
2008-12-08 00:00:00-05:00,59.58399323811016,62.43056929349721,59.35756011559503,61.07197570800781,27420682,0.0,0.0
2008-12-09 00:00:00-05:00,59.13110485292686,60.36030383711571,56.89912960336456,57.513729095458984,23098893,0.0,0.0
2008-12-10 00:00:00-05:00,58.322439433326814,59.68103291498318,57.15792926344964,58.22539520263672,16053668,0.0,0.0
2008-12-11 00:00:00-05:00,56.28453429214426,56.963828247044184,54.95828586652152,55.152374267578125,16817622,0.0,0.0
2008-12-12 00:00:00-05:00,53.69674899934575,55.92872491315209,53.04979953374392,55.34646987915039,15039028,0.0,0.0
2008-12-15 00:00:00-05:00,54.82891082763671,55.34647144467798,53.890838968100326,54.82891082763672,13297868,0.0,0.0
2008-12-16 00:00:00-05:00,55.411154696998786,58.6458963141846,55.02298817474432,57.96660232543945,24789578,0.0,0.0
2008-12-17 00:00:00-05:00,56.99619482114999,57.54610010374384,55.378823616673486,56.252201080322266,21072075,0.0,0.0
2008-12-18 00:00:00-05:00,56.737392608848616,56.802087023032556,51.01189833157652,51.626502990722656,32057675,0.0,0.0
2008-12-19 00:00:00-05:00,52.27346014278018,53.535014407350104,51.75590470049553,53.37327575683594,28443439,0.0,0.0
2008-12-22 00:00:00-05:00,53.5673330817634,53.7937660528033,50.947191901668404,51.98230743408203,15137016,0.0,0.0
2008-12-23 00:00:00-05:00,52.629282361926215,53.373276038537824,52.338154849304324,53.14684295654297,13593897,0.0,0.0
2008-12-24 00:00:00-05:00,53.08091587778285,53.50951920405911,52.48746350335959,53.113887786865234,4880794,1.485656,0.0
2008-12-26 00:00:00-05:00,52.91607901538142,53.17983860288283,52.02590549738594,52.65232467651367,6191735,0.0,0.0
2008-12-29 00:00:00-05:00,52.586354353633524,52.75120334024913,50.608182260137745,51.6302375793457,11664837,0.0,0.0
2008-12-30 00:00:00-05:00,52.09181444352265,52.25665818720733,51.26757473057654,52.157752990722656,12188036,0.0,0.0
2008-12-31 00:00:00-05:00,52.157759518714506,53.87217245774956,51.99291050576688,53.41060256958008,12581990,0.0,0.0
2009-01-02 00:00:00-05:00,54.432624868906295,56.278919219970696,53.64135736091545,56.2789192199707,11917130,0.0,0.0
2009-01-05 00:00:00-05:00,56.60862082218583,56.83940830881567,54.39966687559617,54.828269958496094,15133594,0.0,0.0
2009-01-06 00:00:00-05:00,55.586570739746094,55.98220721677291,54.26779472979326,55.586570739746094,14854133,0.0,0.0
2009-01-07 00:00:00-05:00,54.960178231034874,55.05908870964957,52.784189690571225,53.113887786865234,14774883,0.0,0.0
2009-01-08 00:00:00-05:00,52.91605009073359,53.41059707873486,51.82805616466623,53.21277618408203,12966158,0.0,0.0
2009-01-09 00:00:00-05:00,53.44353576457368,54.03698764074851,52.190693498052156,52.75117874145508,11091079,0.0,0.0
2009-01-12 00:00:00-05:00,52.65228698633987,53.41058804071924,51.69617031941237,52.190711975097656,13639511,0.0,0.0
2009-01-13 00:00:00-05:00,51.59727216513957,51.729149258133674,48.53110613418893,49.25643539428711,26938568,0.0,0.0
2009-01-14 00:00:00-05:00,48.102489863809836,48.26733880949474,46.223228678615335,46.519954681396484,21022831,0.0,0.0
2009-01-15 00:00:00-05:00,46.42105352994084,46.618874403699614,43.68458567879026,45.39899826049805,29309595,0.0,0.0
2009-01-16 00:00:00-05:00,46.81670439329115,47.278274326878204,43.058180119494374,46.02543640136719,26915928,0.0,0.0
2009-01-20 00:00:00-05:00,45.992455837350185,46.45403093267105,42.20096299638509,42.62956619262695,24783172,0.0,0.0
2009-01-21 00:00:00-05:00,39.16776641565178,43.618649738250824,39.16776641565178,42.959259033203125,30765911,0.0,0.0
2009-01-22 00:00:00-05:00,40.849227152090535,44.706659703513296,39.794202169190264,44.44290542602539,31624138,0.0,0.0
2009-01-23 00:00:00-05:00,41.83831282138226,43.48679025134004,39.13481298543111,39.66232681274414,68118303,0.0,0.0
2009-01-26 00:00:00-05:00,41.14594604394359,41.70642640855577,40.12389052692636,40.94812774658203,25927684,0.0,0.0
2009-01-27 00:00:00-05:00,41.97018757620049,43.4867850559843,41.706430694054944,43.05818176269531,24889485,0.0,0.0
2009-01-28 00:00:00-05:00,43.882398266035416,45.3330538694102,43.42082590931095,44.508819580078125,24082819,0.0,0.0
2009-01-29 00:00:00-05:00,43.94835302440809,44.01429158195315,41.83830343707174,41.93721389770508,16564828,0.0,0.0
2009-01-30 00:00:00-05:00,41.93720728110244,42.20096146966911,39.596373111681245,39.99200439453125,23242641,0.0,0.0
2009-02-02 00:00:00-05:00,39.66229709221376,39.66229709221376,37.9478823745998,38.310546875,29322178,0.0,0.0
2009-02-03 00:00:00-05:00,39.16776379419299,39.16776379419299,37.321471518219084,37.48632049560547,26280969,0.0,0.0
2009-02-04 00:00:00-05:00,38.11274716975707,38.8380738481432,36.89287349064909,37.123661041259766,21515086,0.0,0.0
2009-02-05 00:00:00-05:00,36.56317554711433,37.18959431099881,35.14548641819691,35.771907806396484,40646603,0.0,0.0
2009-02-06 00:00:00-05:00,35.93675870250807,37.75008193104836,35.442216958111786,36.59614944458008,45652678,0.0,0.0
2009-02-09 00:00:00-05:00,37.38741261575068,42.530652938314965,36.66208341492627,41.67344665527344,48605205,0.0,0.0
2009-02-10 00:00:00-05:00,41.343739924051,41.67343516298885,37.45334082835021,38.310546875,40961620,0.0,0.0
2009-02-11 00:00:00-05:00,39.39856605419029,39.72826150800694,38.607298014756765,39.365596771240234,18270473,0.0,0.0
2009-02-12 00:00:00-05:00,38.739165814950816,38.739165814950816,36.92584519223146,38.50838088989258,27560903,0.0,0.0
2009-02-13 00:00:00-05:00,38.079770445889466,38.7061891761884,37.42037982253957,37.717105865478516,18069094,0.0,0.0
2009-02-17 00:00:00-05:00,36.925845971650595,36.925845971650595,35.310338340566084,35.64003372192383,27914940,0.0,0.0
2009-02-18 00:00:00-05:00,36.49723556214655,36.760992359021,35.21142609797456,35.80487823486328,19881011,0.0,0.0
2009-02-19 00:00:00-05:00,37.12848568102682,37.26423788960186,33.768596907362706,34.14191818237305,32753229,1.485656,0.0
2009-02-20 00:00:00-05:00,32.954073938404875,33.39527125993714,30.476577546284076,31.834110260009766,67793708,0.0,0.0
2009-02-23 00:00:00-05:00,32.51286270986994,32.580741483304664,29.79780091959455,30.035369873046875,46742478,0.0,0.0
2009-02-24 00:00:00-05:00,30.37475510009652,31.426842395497903,28.60996359495317,30.81595230102539,54563384,0.0,0.0
2009-02-25 00:00:00-05:00,30.849877947728363,32.10559296927544,29.56022490139029,30.578371047973633,40027398,0.0,0.0
2009-02-26 00:00:00-05:00,31.494728951292817,33.08982809361505,30.57839350470027,30.883838653564453,32411044,0.0,0.0
2009-02-27 00:00:00-05:00,29.186922474603197,31.22321876319679,28.50815614459583,28.88147735595703,66919435,0.0,0.0
2009-03-02 00:00:00-05:00,28.134827820873152,28.168765858651284,25.48764196418424,25.793087005615234,61717322,0.0,0.0
2009-03-03 00:00:00-05:00,26.607605598256825,26.777298490380872,23.247718211049413,23.790729522705078,86477332,0.0,0.0
2009-03-04 00:00:00-05:00,24.571309896593316,24.605247934862152,19.9217662366283,22.70470428466797,157102606,0.0,0.0
2009-03-05 00:00:00-05:00,22.908338924645683,24.33374486699842,22.161696558991643,22.602893829345703,92920379,0.0,0.0
2009-03-06 00:00:00-05:00,23.75678858979992,24.605244842752146,22.602887329385187,23.960416793823242,66658357,0.0,0.0
2009-03-09 00:00:00-04:00,23.58710145325984,26.573667739689547,23.34953248325194,25.14826202392578,55305052,0.0,0.0
2009-03-10 00:00:00-04:00,27.18455833285124,30.510507765527894,26.980927397469035,30.103248596191406,76934902,0.0,0.0
2009-03-11 00:00:00-04:00,31.325032116163793,31.766232110596572,28.202710318199166,28.813600540161133,52443001,0.0,0.0
2009-03-12 00:00:00-04:00,29.628120379825933,33.191639632524684,28.609970864156903,32.47893524169922,74075459,0.0,0.0
2009-03-13 00:00:00-04:00,33.598883253744894,33.87039020511965,31.562587872002513,32.64861297607422,45131002,0.0,0.0
2009-03-16 00:00:00-04:00,33.836457665958534,35.1600492035698,32.58074220185127,32.78437042236328,47197967,0.0,0.0
2009-03-17 00:00:00-04:00,33.429204849204176,34.107971115540366,32.037734273357806,33.93827819824219,31382570,0.0,0.0
2009-03-18 00:00:00-04:00,33.700697944534966,36.28000727472329,32.92012051067962,35.0242919921875,41608160,0.0,0.0
2009-03-19 00:00:00-04:00,38.01086375180367,38.519936975712056,33.768579682093495,34.37946701049805,60035025,0.0,0.0
2009-03-20 00:00:00-04:00,34.10795879677309,34.175834858606265,31.42683544437156,32.377105712890625,52742223,0.0,0.0
2009-03-23 00:00:00-04:00,34.8885413977766,35.46549341201535,33.191628793879445,35.39761734008789,44413809,0.0,0.0
2009-03-24 00:00:00-04:00,34.68491057916639,37.026651093500675,34.1079613096508,35.32973861694336,41000828,0.0,0.0
2009-03-25 00:00:00-04:00,36.449713906633065,37.637556363727384,34.24372733264157,35.60125732421875,43723054,0.0,0.0
2009-03-26 00:00:00-04:00,36.82302755435443,37.332100821478726,36.14426139723683,36.99271774291992,33313403,0.0,0.0
2009-03-27 00:00:00-04:00,36.551511189729034,37.43390534712837,36.14425214005033,36.58544921875,21835778,0.0,0.0
2009-03-30 00:00:00-04:00,35.05823493697349,37.909048921422716,33.191629416798754,33.70070266723633,32184208,0.0,0.0
2009-03-31 00:00:00-04:00,35.05824598960252,35.499443305932736,33.70071329188315,34.31160354614258,27697868,0.0,0.0
2009-04-01 00:00:00-04:00,33.63283744697037,34.820677215578954,33.259516222468896,34.51523208618164,23778401,0.0,0.0
2009-04-02 00:00:00-04:00,36.4836325004612,37.33208856764831,35.8727426192874,36.44969177246094,30600275,0.0,0.0
2009-04-03 00:00:00-04:00,36.68725531838171,37.298145110612374,36.347872400634294,37.12845230102539,25811814,0.0,0.0
2009-04-06 00:00:00-04:00,36.82303734832396,38.11269122871951,36.178209057411905,37.97693634033203,27455737,0.0,0.0
2009-04-07 00:00:00-04:00,36.99271672892038,37.02665476570321,35.87275341080376,36.14426040649414,22431822,0.0,0.0
2009-04-08 00:00:00-04:00,36.41575567083306,36.551510485729345,35.32973336022525,36.110313415527344,20000846,0.0,0.0
2009-04-09 00:00:00-04:00,38.14661947058295,39.47021105751374,37.63754619890616,38.452064514160156,31393942,0.0,0.0
2009-04-13 00:00:00-04:00,38.8253874613879,42.15133695499864,38.18055930586305,41.1671257019043,39756847,0.0,0.0
2009-04-14 00:00:00-04:00,42.388910301411435,42.422848344522514,38.757512674243955,39.062957763671875,38304601,0.0,0.0
2009-04-15 00:00:00-04:00,38.99508514377316,40.5562460713692,37.80724542501219,40.14898681640625,25082331,0.0,0.0
2009-04-16 00:00:00-04:00,40.929561056652325,42.18527667673096,39.74172151850851,41.64226531982422,27650544,0.0,0.0
2009-04-17 00:00:00-04:00,42.083464256940495,43.20342775847423,39.8774752962139,42.04952621459961,46630302,0.0,0.0
2009-04-20 00:00:00-04:00,40.72593206854726,41.133188552733294,38.180560132388294,38.51994323730469,29959536,0.0,0.0
2009-04-21 00:00:00-04:00,37.2981549229163,40.35259658334474,36.823019793643184,39.70777130126953,25750655,0.0,0.0
2009-04-22 00:00:00-04:00,39.572029661853406,42.35496781501252,39.09689170528666,40.04716491699219,27168388,0.0,0.0
2009-04-23 00:00:00-04:00,41.26893374751579,41.37074784471039,39.26657632888497,40.318660736083984,19799946,0.0,0.0
2009-04-24 00:00:00-04:00,40.827761626798065,41.91378743287734,40.55625449992098,41.099266052246094,20330803,0.0,0.0
2009-04-27 00:00:00-04:00,41.167131878531606,41.91377696635189,40.21686122390283,41.03137969970703,17052993,0.0,0.0
2009-04-28 00:00:00-04:00,40.55623636878302,41.676199727350635,39.97928431978099,40.725929260253906,17222239,0.0,0.0
2009-04-29 00:00:00-04:00,41.30287452400072,42.66040401440268,41.09924361465526,41.472564697265625,21261958,0.0,0.0
2009-04-30 00:00:00-04:00,42.52466368226357,43.47493702066198,42.49072563818809,42.931922912597656,23874949,0.0,0.0
2009-05-01 00:00:00-04:00,43.23737330145696,43.61069453339711,42.42285474112004,43.06768035888672,16698664,0.0,0.0
2009-05-04 00:00:00-04:00,43.984001737797406,44.69670592615113,43.474928475299514,44.459136962890625,24498640,0.0,0.0
2009-05-05 00:00:00-04:00,44.96821022538852,45.782728525956266,44.119753887416095,44.459136962890625,21996803,0.0,0.0
2009-05-06 00:00:00-04:00,45.71486840826502,46.834832137834375,45.17185691882021,46.39363479614258,26898296,0.0,0.0
2009-05-07 00:00:00-04:00,48.531740920196924,48.837186036651694,46.733010969010834,47.37784194946289,29658687,0.0,0.0
2009-05-08 00:00:00-04:00,48.80322847435815,49.38017769706976,47.988710335572776,49.31230163574219,26714214,0.0,0.0
2009-05-11 00:00:00-04:00,48.803228359942494,48.93898048227937,47.85295269787532,48.15839767456055,19507986,0.0,0.0
2009-05-12 00:00:00-04:00,48.32810143437572,48.56567040350109,45.002152075187766,46.427555084228516,24646018,0.0,0.0
2009-05-13 00:00:00-04:00,44.83246128040225,44.96821343972453,43.27130064248406,43.81431198120117,22249743,0.0,0.0
2009-05-14 00:00:00-04:00,43.33919090351846,44.730661797598444,42.42285812539629,44.255523681640625,18830606,0.0,0.0
2009-05-15 00:00:00-04:00,44.357334812680214,45.002163100117784,43.101618985790466,43.644630432128906,17397911,0.0,0.0
2009-05-18 00:00:00-04:00,44.493088808168515,45.816683483423,44.39127466435775,45.714866638183594,16035619,0.0,0.0
2009-05-19 00:00:00-04:00,46.2918115811042,47.37783981350522,45.78273821091604,46.495445251464844,19218655,0.0,0.0
2009-05-20 00:00:00-04:00,47.6153976520925,48.8032370380413,46.63118648585779,46.73299789428711,23693100,0.0,0.0
2009-05-21 00:00:00-04:00,45.850609083174035,45.91848516461903,44.289451105655075,44.93427658081055,21999787,0.0,0.0
2009-05-22 00:00:00-04:00,45.34153133826772,45.47728348788642,44.187629962225444,44.459136962890625,11273971,0.0,0.0
2009-05-26 00:00:00-04:00,44.18763345661819,46.18999403040893,43.61068407368534,45.44335174560547,20010569,0.0,0.0
2009-05-27 00:00:00-04:00,45.71485992660343,45.8166767568947,43.644625799247336,44.08582305908203,22426334,0.0,0.0
2009-05-28 00:00:00-04:00,44.90032808954565,45.070018253662774,43.47492260667951,44.76457595825195,17210470,0.0,0.0
2009-05-29 00:00:00-04:00,45.23973366553632,45.918497361710756,41.47258313041014,45.748809814453125,17712970,0.0,0.0
2009-06-01 00:00:00-04:00,46.90268856427923,47.47963786098934,45.85060137448124,47.0384407043457,18028133,0.0,0.0
2009-06-02 00:00:00-04:00,46.49545453885964,47.00452801073443,45.98638106698485,46.834835052490234,13795924,0.0,0.0
2009-06-03 00:00:00-04:00,46.32573501465847,46.4954278755906,45.137895793842986,45.8166618347168,14260593,0.0,0.0
2009-06-04 00:00:00-04:00,46.22393335461446,46.665130615234375,45.57910783590607,46.665130615234375,12179961,0.0,0.0
2009-06-05 00:00:00-04:00,47.37783545758928,47.445711540516726,45.8506100845811,45.95242691040039,15786560,0.0,0.0
2009-06-08 00:00:00-04:00,45.81669256435305,46.46151830438852,45.27367828687888,46.020320892333984,12202809,0.0,0.0
2009-06-09 00:00:00-04:00,46.020296627525695,46.4614938069532,45.47728263636281,46.054237365722656,11344415,0.0,0.0
2009-06-10 00:00:00-04:00,46.56331538599745,46.73300288578894,44.52701676279514,45.47728729248047,17092221,0.0,0.0
2009-06-11 00:00:00-04:00,45.57911805271059,46.6651410754768,45.27367289568247,45.68093490600586,14904670,0.0,0.0
2009-06-12 00:00:00-04:00,45.646976784736445,45.88454575012246,45.103965479975614,45.85060501098633,11985237,0.0,0.0
2009-06-15 00:00:00-04:00,45.34153144465284,45.34153144465284,44.15369202841885,44.62882995605469,15754509,0.0,0.0
2009-06-16 00:00:00-04:00,44.73064796282283,44.900338165017814,43.1694872969168,43.37311553955078,19070192,0.0,0.0
2009-06-17 00:00:00-04:00,43.13554322977,43.20341930116465,41.20106168788419,41.57438278198242,27059613,0.0,0.0
2009-06-18 00:00:00-04:00,41.711268526754914,41.711268526754914,39.213383828133,40.95848083496094,36750819,0.479244,0.0
2009-06-19 00:00:00-04:00,41.505957167105535,41.98500581027187,40.821607020812436,41.40330505371094,25974466,0.0,0.0
2009-06-22 00:00:00-04:00,40.582084761671034,40.71895697681565,39.350251167344915,39.41868591308594,21374698,0.0,0.0
2009-06-23 00:00:00-04:00,39.452889082552915,39.89772021705139,38.49479753977524,39.692413330078125,18148427,0.0,0.0
2009-06-24 00:00:00-04:00,40.27410937320697,41.16376887856109,39.760846264332194,40.03458786010742,17243585,0.0,0.0
2009-06-25 00:00:00-04:00,39.76085104917929,40.821597477255445,39.41867469419788,40.58207321166992,15812851,0.0,0.0
2009-06-26 00:00:00-04:00,40.71892744177263,41.061103645946424,40.03457503342504,40.20566177368164,14212371,0.0,0.0
2009-06-29 00:00:00-04:00,40.44520559340522,40.479422958089,39.82928758177335,40.239898681640625,10995929,0.0,0.0
2009-06-30 00:00:00-04:00,40.51363457062119,40.8558108925385,39.52132568835639,40.103023529052734,18296035,0.0,0.0
2009-07-01 00:00:00-04:00,40.239892003181694,40.71894047657263,39.82928097146194,40.308326721191406,13391432,0.0,0.0
2009-07-02 00:00:00-04:00,39.829302047307756,40.30834805052647,39.21338653564453,39.21338653564453,14945527,0.0,0.0
2009-07-06 00:00:00-04:00,38.90541698950391,39.41868023225512,38.563240586449055,39.28181076049805,13662568,0.0,0.0
2009-07-07 00:00:00-04:00,39.247589847353694,39.48711140129278,37.5024906217736,37.673580169677734,20712926,0.0,0.0
2009-07-08 00:00:00-04:00,37.605143281955804,37.844664822149596,35.928478882290385,36.64704895019531,29145003,0.0,0.0
2009-07-09 00:00:00-04:00,37.43405538234523,37.605144927919675,36.37330891550176,37.160316467285156,17022820,0.0,0.0
2009-07-10 00:00:00-04:00,36.749690212533025,37.126086540704776,36.27064454960867,36.88656234741211,14630363,0.0,0.0
2009-07-13 00:00:00-04:00,37.22876504488451,39.35025604408904,37.194547667773385,39.21338653564453,21233287,0.0,0.0
2009-07-14 00:00:00-04:00,39.589766924461856,40.13724749544763,39.21337318076477,39.829288482666016,14937556,0.0,0.0
2009-07-15 00:00:00-04:00,40.78738694698999,42.01922039708762,40.58208001014259,41.88235092163086,19248014,0.0,0.0
2009-07-16 00:00:00-04:00,41.300643664382534,42.772001187228106,40.718945762130694,42.42982482910156,19291311,0.0,0.0
2009-07-17 00:00:00-04:00,40.75316600049309,40.992687561515346,39.52133265853545,39.86350631713867,37749080,0.0,0.0
2009-07-20 00:00:00-04:00,40.068815271174536,40.821602805661925,39.6239867687342,39.93194580078125,19700936,0.0,0.0
2009-07-21 00:00:00-04:00,40.30833284906108,40.41098766534321,38.73432320090314,39.247589111328125,21118273,0.0,0.0
2009-07-22 00:00:00-04:00,38.87118516599097,40.17145283512091,38.494791534971625,39.79505920410156,16307965,0.0,0.0
2009-07-23 00:00:00-04:00,39.86348974313782,41.334846758035184,39.58975093006734,40.890018463134766,21355000,0.0,0.0
2009-07-24 00:00:00-04:00,40.68474291789109,41.232226412390865,40.308349036796116,41.16379165649414,12464180,0.0,0.0
2009-07-27 00:00:00-04:00,41.642830295435594,42.36140055240021,41.16378436534667,42.15609359741211,16065833,0.0,0.0
2009-07-28 00:00:00-04:00,41.91656451923728,43.45635687423887,41.677040235075836,42.84043884277344,22016542,0.0,0.0
2009-07-29 00:00:00-04:00,42.56669035535356,42.56669035535356,41.43750929482155,41.950775146484375,16700542,0.0,0.0
2009-07-30 00:00:00-04:00,44.51709944569345,45.748935474997765,44.380229986287155,44.859275817871094,35274911,0.0,0.0
2009-07-31 00:00:00-04:00,45.30410482042139,46.02267493812689,44.996148533115,45.851585388183594,22805139,0.0,0.0
2009-08-03 00:00:00-04:00,46.70703178983086,47.35716451042093,46.02267897731922,46.946556091308594,20663953,0.0,0.0
2009-08-04 00:00:00-04:00,46.74125271937705,47.28873062133789,45.817375588831375,47.28873062133789,23860406,0.0,0.0
2009-08-05 00:00:00-04:00,47.39138303815859,48.246819940070566,47.32294830389859,47.870426177978516,20806866,0.0,0.0
2009-08-06 00:00:00-04:00,48.55478299417036,49.376005320712,47.97308498106268,48.965396881103516,25085273,0.0,0.0
2009-08-07 00:00:00-04:00,49.71817544451363,50.915791347007136,49.23912690458676,50.29987335205078,19982734,0.0,0.0
2009-08-10 00:00:00-04:00,50.02612337912537,50.74469058278676,49.23911601576054,49.85503387451172,17885075,0.0,0.0
2009-08-11 00:00:00-04:00,49.41022131713885,49.581310876450935,47.459817772418575,47.870426177978516,21434438,0.0,0.0
2009-08-12 00:00:00-04:00,47.22027592070201,49.068023953313066,46.80966222049833,48.349456787109375,19270257,0.0,0.0
2009-08-13 00:00:00-04:00,49.204904017663715,49.341773449753646,47.69932937002896,48.24680709838867,17482211,0.0,0.0
2009-08-14 00:00:00-04:00,48.28103782073858,48.41790728299319,47.11763649692643,47.63090515136719,13703549,0.0,0.0
2009-08-17 00:00:00-04:00,45.680496686441536,45.920018233401585,45.030364049602404,45.71471405029297,16960284,0.0,0.0
2009-08-18 00:00:00-04:00,46.296414601017155,46.70702843798695,46.02267567458663,46.50172424316406,12548208,0.0,0.0
2009-08-19 00:00:00-04:00,45.61207091594355,46.60438010982653,45.475201433659656,46.29642105102539,12594823,0.0,0.0
2009-08-20 00:00:00-04:00,46.74124579149217,47.49402779511263,46.43328679362195,47.25450897216797,13329501,0.0,0.0
2009-08-21 00:00:00-04:00,48.45211920227961,48.86272751980715,47.90463599825316,48.62320327758789,18908604,0.0,0.0
2009-08-24 00:00:00-04:00,49.13648018414363,49.61552330255468,48.07573367953321,48.58899688720703,17861058,0.0,0.0
2009-08-25 00:00:00-04:00,48.69165472213805,49.410227695616484,48.58900533115894,48.93117904663086,16091874,0.0,0.0
2009-08-26 00:00:00-04:00,48.725872539327106,48.931176759011926,47.93887030687296,48.281044006347656,13905555,0.0,0.0
2009-08-27 00:00:00-04:00,48.281032528834125,48.76008104154251,47.733549292499305,48.554771423339844,13316189,0.0,0.0
2009-08-28 00:00:00-04:00,49.10224824876155,49.17068296345297,47.836197855986256,48.17837142944336,15416873,0.0,0.0
2009-08-31 00:00:00-04:00,47.69933511630301,47.83620456488141,47.04919706457044,47.56246566772461,13999140,0.0,0.0
2009-09-01 00:00:00-04:00,47.0149838018293,47.494026885871364,45.475191565618346,45.646278381347656,21591205,0.0,0.0
2009-09-02 00:00:00-04:00,45.201453694115145,45.57784744366877,44.585535658968475,45.167236328125,14691314,0.0,0.0
2009-09-03 00:00:00-04:00,45.680486828124025,46.12531790951728,45.475182689322146,46.02266311645508,11363237,0.0,0.0
2009-09-04 00:00:00-04:00,46.125337955244945,47.56247844607366,45.509419823843366,47.45982360839844,16115244,0.0,0.0
2009-09-08 00:00:00-04:00,49.68395520459962,50.26565311035136,49.13647738616206,49.61552047729492,29829143,0.0,0.0
2009-09-09 00:00:00-04:00,50.57362130026877,51.42906371806717,49.99192328877468,50.8815803527832,32145543,0.0,0.0
2009-09-10 00:00:00-04:00,51.05265785610094,51.12109257966674,49.68395249013833,50.64204406738281,25014432,0.0,0.0
2009-09-11 00:00:00-04:00,50.881560988871875,51.257954637887714,50.06033897713936,50.197208404541016,21120589,0.0,0.0
2009-09-14 00:00:00-04:00,49.78661541769944,52.72933080018161,49.273352183598035,52.52402114868164,29063311,0.0,0.0
2009-09-15 00:00:00-04:00,53.00303266517539,55.26139367343046,52.96881259808647,54.748130798339844,43651817,0.0,0.0
2009-09-16 00:00:00-04:00,56.082656409291936,58.78584758421483,55.87735219845999,58.16992950439453,56123467,0.0,0.0
2009-09-17 00:00:00-04:00,58.41089408228775,60.30399972190928,56.276852208172215,57.343875885009766,53222730,0.479244,0.0
2009-09-18 00:00:00-04:00,58.10108052579453,58.10108052579453,56.552179757101,56.793121337890625,25670466,0.0,0.0
2009-09-21 00:00:00-04:00,56.55216398938935,58.1354868908338,55.89818457777805,57.688026428222656,22806579,0.0,0.0
2009-09-22 00:00:00-04:00,58.720642267554865,59.16810284915309,58.204342017984345,58.548545837402344,20012885,0.0,0.0
2009-09-23 00:00:00-04:00,59.09926576712075,60.23512855769915,58.34202390673514,58.51412582397461,28025009,0.0,0.0
2009-09-24 00:00:00-04:00,58.72063664826189,59.09925752565554,56.242392399746,57.06847381591797,25713283,0.0,0.0
2009-09-25 00:00:00-04:00,56.27681387389194,57.034055613927464,55.27863058392586,56.34565353393555,21645729,0.0,0.0
2009-09-28 00:00:00-04:00,56.68984328872278,58.20432654050052,56.58658655400021,57.688026428222656,15396466,0.0,0.0
2009-09-29 00:00:00-04:00,58.204355381296715,58.82391801485117,57.37827369641001,57.515953063964844,16855348,0.0,0.0
2009-09-30 00:00:00-04:00,57.92897260226927,58.03222934529892,56.13913060783034,56.51774597167969,25198785,0.0,0.0
2009-10-01 00:00:00-04:00,56.139173317018596,56.41453214732395,54.90004762152522,54.96888732910156,23681916,0.0,0.0
2009-10-02 00:00:00-04:00,53.17901726069906,53.901836566951815,52.14641120662201,52.86923599243164,27771213,0.0,0.0
2009-10-05 00:00:00-04:00,53.66088379596026,54.76232929364154,53.38552516131781,54.48696517944336,15461673,0.0,0.0
2009-10-06 00:00:00-04:00,55.55398830655388,56.448909351895836,55.07211069420746,55.347469329833984,19968545,0.0,0.0
2009-10-07 00:00:00-04:00,55.175380254774204,56.17356376003692,54.76234220542503,55.622840881347656,12709921,0.0,0.0
2009-10-08 00:00:00-04:00,56.65545795928088,56.965239296192294,55.76053653245149,55.829376220703125,16144082,0.0,0.0
2009-10-09 00:00:00-04:00,55.76052224367384,56.345662183648194,55.41631841106068,55.69167709350586,14691251,0.0,0.0
2009-10-12 00:00:00-04:00,56.311241694279545,56.75870230960483,56.00146042527637,56.207984924316406,12233295,0.0,0.0
2009-10-13 00:00:00-04:00,56.1735672029139,56.9308091526891,55.34748557402799,56.41450881958008,14740516,0.0,0.0
2009-10-14 00:00:00-04:00,57.722461891839316,58.0666602170895,56.99963718947957,57.96339797973633,19315745,0.0,0.0
2009-10-15 00:00:00-04:00,57.79130935668945,57.963405802763404,56.72428618506881,57.79130935668945,19265541,0.0,0.0
2009-10-16 00:00:00-04:00,56.27681294440713,56.483331921127025,54.5558050330741,55.347469329833984,38046360,0.0,0.0
2009-10-19 00:00:00-04:00,55.244215910515614,55.519580069605354,54.383717297196334,54.52139663696289,20708815,0.0,0.0
2009-10-20 00:00:00-04:00,54.3837065422705,54.45254619854004,53.24784399448975,53.62646484375,21093129,0.0,0.0
2009-10-21 00:00:00-04:00,53.38553654736042,54.90002032001378,53.35111397091061,53.454376220703125,20174202,0.0,0.0
2009-10-22 00:00:00-04:00,53.351109491380576,53.62647364118785,52.0087277545731,52.800392150878906,26108093,0.0,0.0
2009-10-23 00:00:00-04:00,52.90365191010747,53.006914157080864,52.008730701527185,52.318511962890625,18380355,0.0,0.0
2009-10-26 00:00:00-04:00,52.456194532768365,53.17901934693471,51.04497296162038,51.66453552246094,20088087,0.0,0.0
2009-10-27 00:00:00-04:00,51.87107406456723,52.11201575993679,51.14825445801772,51.389190673828125,18250671,0.0,0.0
2009-10-28 00:00:00-04:00,50.83844954076605,51.010551454915934,49.39280551693156,49.63374710083008,22383767,0.0,0.0
2009-10-29 00:00:00-04:00,50.04679612910435,51.59570273808369,49.77143738953372,51.18265914916992,17455460,0.0,0.0
2009-10-30 00:00:00-04:00,51.389185620399466,51.423608207592615,48.704421083443805,49.08304214477539,27094167,0.0,0.0
2009-11-02 00:00:00-05:00,49.22071096253101,50.21889454247494,48.84208998252175,49.805850982666016,21101580,0.0,0.0
2009-11-03 00:00:00-05:00,48.87652026529791,49.805858832106956,48.773257989182106,49.28955841064453,16084029,0.0,0.0
2009-11-04 00:00:00-05:00,49.70257542802151,50.2188755730904,48.70439222512547,48.842071533203125,16756317,0.0,0.0
2009-11-05 00:00:00-05:00,49.151859270941706,50.0812029437342,48.91091770989668,49.66815948486328,14719879,0.0,0.0
2009-11-06 00:00:00-05:00,51.56127713252607,53.31670269325274,51.044976786325876,52.7659797668457,34440387,0.0,0.0
2009-11-09 00:00:00-05:00,54.039505023081865,54.79674675301494,53.69530672745582,54.55580520629883,21473186,0.0,0.0
2009-11-10 00:00:00-05:00,54.900016478645554,55.03769581569751,53.28227056939377,54.314876556396484,15357551,0.0,0.0
2009-11-11 00:00:00-05:00,54.8655860418546,54.968848269623386,53.867408251497835,54.48696517944336,14877064,0.0,0.0
2009-11-12 00:00:00-05:00,54.3836993001603,54.86557682987694,53.901816290888846,54.21159744262695,13705343,0.0,0.0
2009-11-13 00:00:00-05:00,54.246040238711956,54.383719584268526,53.55763803137224,53.90183639526367,13652719,0.0,0.0
2009-11-16 00:00:00-05:00,54.38368833712,55.72606940434211,54.28042614750533,55.07209014892578,20496752,0.0,0.0
2009-11-17 00:00:00-05:00,54.934453079142564,55.34749119575977,54.69351143800357,55.14097213745117,10858462,0.0,0.0
2009-11-18 00:00:00-05:00,55.1065344888289,55.55399506594349,54.90001548698134,55.381893157958984,9925805,0.0,0.0
2009-11-19 00:00:00-05:00,54.796773141235434,54.93445800534587,53.59207030706762,54.246055603027344,14558625,0.0,0.0
2009-11-20 00:00:00-05:00,53.901830238858246,54.10834923360551,53.179011017464724,53.660888671875,13336846,0.0,0.0
2009-11-23 00:00:00-05:00,54.486986900137055,55.209811823554034,54.486986900137055,55.14097213745117,15421276,0.0,0.0
2009-11-24 00:00:00-05:00,55.34748528483195,55.76052883689538,54.79676237526647,55.485164642333984,16840157,0.0,0.0
2009-11-25 00:00:00-05:00,55.898201584896434,55.93261868042374,55.209799399226796,55.69167709350586,10050335,0.0,0.0
2009-11-27 00:00:00-05:00,53.316684808127775,55.347468411051224,52.662705319593144,54.86558532714844,12711194,0.0,0.0
2009-11-30 00:00:00-05:00,54.45256979686458,55.2786515096569,54.418147214034185,55.14097213745117,14641506,0.0,0.0
2009-12-01 00:00:00-05:00,56.0014746065311,56.27683884846268,54.93445666255536,55.65727615356445,20456042,0.0,0.0
2009-12-02 00:00:00-05:00,55.48513590513737,55.82933960017773,54.93441876035997,55.31303405761719,13630788,0.0,0.0
2009-12-03 00:00:00-05:00,55.485127948277025,56.13911268324706,55.07209014892578,55.07209014892578,15556969,0.0,0.0
2009-12-04 00:00:00-05:00,56.242410161019386,56.75871052422929,55.27864911772372,55.76053237915039,18446083,0.0,0.0
2009-12-07 00:00:00-05:00,55.313046760602795,55.89819208064279,55.1065277838829,55.347469329833984,13441469,0.0,0.0
2009-12-08 00:00:00-05:00,54.72789587229194,54.8311580795844,53.867397569888496,54.108333587646484,16453465,0.0,0.0
2009-12-09 00:00:00-05:00,54.142777989766095,54.349297008100955,53.41995868581567,53.90183639526367,12247755,0.0,0.0
2009-12-10 00:00:00-05:00,54.41812914589199,54.55580847238484,53.52320804413236,53.729732513427734,11639610,0.0,0.0
2009-12-11 00:00:00-05:00,54.108354548057044,55.072120910649915,54.00509778031979,54.796756744384766,11778704,0.0,0.0
2009-12-14 00:00:00-05:00,55.00328667155557,55.31306248492015,54.796762156569436,54.9000244140625,9151398,0.0,0.0
2009-12-15 00:00:00-05:00,54.48695603103646,55.14094089784127,53.867399207115064,54.21159744262695,16534655,0.0,0.0
2009-12-16 00:00:00-05:00,54.3837442502117,54.55584077043398,53.90186084264689,54.005123138427734,15137287,0.0,0.0
2009-12-17 00:00:00-05:00,53.66088683527718,54.900011720462906,53.52320751015789,54.34928894042969,14246133,0.0,0.0
2009-12-18 00:00:00-05:00,54.7623342696395,54.7623342696395,53.660888671875,53.660888671875,16526559,0.0,0.0
2009-12-21 00:00:00-05:00,54.00508057898729,54.349278827741074,53.488780466079106,53.592037200927734,11086780,0.0,0.0
2009-12-22 00:00:00-05:00,53.592057434175786,54.00510096817659,53.11017970399145,53.28227615356445,10050689,0.0,0.0
2009-12-23 00:00:00-05:00,53.55942297776205,53.62871023967719,53.039765755806265,53.386207580566406,8834920,0.479244,0.0
2009-12-24 00:00:00-05:00,53.28226580941111,53.62870206618686,53.21297855805596,53.49012756347656,3876983,0.0,0.0
2009-12-28 00:00:00-05:00,53.28227417045148,53.455495083612924,52.86654508190089,53.143699645996094,9545206,0.0,0.0
2009-12-29 00:00:00-05:00,53.21297855805596,53.801922952166535,53.005116803990504,53.49012756347656,10096595,0.0,0.0
2009-12-30 00:00:00-05:00,53.00513691942573,53.24763963360668,52.866556848940746,53.17835235595703,9379382,0.0,0.0
2009-12-31 00:00:00-05:00,52.901215299720555,53.14372358434645,52.41619873046876,52.41619873046875,9292057,0.0,0.0
2010-01-04 00:00:00-05:00,52.72795724216771,54.18300041187917,52.48544912801863,53.5247688293457,13997032,0.0,0.0
2010-01-05 00:00:00-05:00,53.55942130714601,54.28694580733883,53.524780434861164,53.80192947387695,13469263,0.0,0.0
2010-01-06 00:00:00-05:00,53.80191780826862,54.11371316714844,53.49012244938881,53.5247688293457,11573422,0.0,0.0
2010-01-07 00:00:00-05:00,53.62870872508107,57.09309929891811,53.455493332777415,56.296287536621094,38701038,0.0,0.0
2010-01-08 00:00:00-05:00,56.50417409869822,57.82063800198355,56.365594016343735,57.50884246826172,24019636,0.0,0.0
2010-01-11 00:00:00-05:00,58.305626113016515,58.47884148004461,57.30095271744636,58.06311798095703,15999249,0.0,0.0
2010-01-12 00:00:00-05:00,57.43955233028583,58.340292487304914,57.40491144780825,58.0977897644043,13484329,0.0,0.0
2010-01-13 00:00:00-05:00,58.06310258896545,58.61740595599164,57.40487113230947,58.30561065673828,13634482,0.0,0.0
2010-01-14 00:00:00-05:00,58.1670543381639,58.44420335053869,57.78597168855669,57.85525894165039,11969170,0.0,0.0
2010-01-15 00:00:00-05:00,57.78597763171767,58.02848028489462,56.6427295653155,56.954524993896484,15463551,0.0,0.0
2010-01-19 00:00:00-05:00,56.642725048878965,58.028475657964556,56.608078663939494,57.30095672607422,12665246,0.0,0.0
2010-01-20 00:00:00-05:00,57.16238784790039,57.78597871677159,56.57344336738176,57.16238784790039,13457787,0.0,0.0
2010-01-21 00:00:00-05:00,57.05847242978652,57.09311882920958,55.25699202425527,55.4995002746582,20689097,0.0,0.0
2010-01-22 00:00:00-05:00,57.33561795456133,58.0631370747982,55.74199413845147,55.81128692626953,33944669,0.0,0.0
2010-01-25 00:00:00-05:00,57.02380865352252,57.26631129138739,56.19235606820086,56.712013244628906,15683126,0.0,0.0
2010-01-26 00:00:00-05:00,56.57345869139114,57.85528164950812,56.33095045278827,56.64274597167969,16279190,0.0,0.0
2010-01-27 00:00:00-05:00,56.43486273676696,56.78130455591858,55.53412283126767,56.46950912475586,16035807,0.0,0.0
2010-01-28 00:00:00-05:00,56.919883435415905,56.98917070151415,55.46483981698331,55.9844970703125,16512683,0.0,0.0
2010-01-29 00:00:00-05:00,56.1923565507411,57.1623836560823,55.67269385466662,55.707340240478516,16934723,0.0,0.0
2010-02-01 00:00:00-05:00,56.12307214431745,56.60808296402564,55.77663032934161,56.296287536621094,11881324,0.0,0.0
2010-02-02 00:00:00-05:00,56.365583925667195,58.721367691350345,56.26165577648944,58.37493133544922,24152512,0.0,0.0
2010-02-03 00:00:00-05:00,58.167070610217806,58.9985233951222,57.57812052138886,57.785987854003906,14768727,0.0,0.0
2010-02-04 00:00:00-05:00,57.09312178561562,57.16240907286343,55.46485674732609,55.568790435791016,22973529,0.0,0.0
2010-02-05 00:00:00-05:00,55.568766222312256,56.08842340782911,52.831900265430626,54.702667236328125,29943678,0.0,0.0
2010-02-08 00:00:00-05:00,54.84123203696871,54.87587841695249,53.59405611566471,54.04442596435547,14707965,0.0,0.0
2010-02-09 00:00:00-05:00,54.598729437814505,55.04909928650526,53.45548162609572,54.04442596435547,20361309,0.0,0.0
2010-02-10 00:00:00-05:00,53.940517768368004,54.97983796046063,53.69800953970687,54.35624694824219,14267709,0.0,0.0
2010-02-11 00:00:00-05:00,54.11374636619185,54.70269106531499,53.628729840333705,54.63340377807617,13958805,0.0,0.0
2010-02-12 00:00:00-05:00,54.00979798649089,54.564101648811246,53.17834525060282,53.87122344970703,15963297,0.0,0.0
2010-02-16 00:00:00-05:00,54.39089552220544,55.84593958478224,54.32160823495764,55.568790435791016,14490497,0.0,0.0
2010-02-17 00:00:00-05:00,56.088472401271915,56.192406135235316,55.63810207941192,55.94989776611328,12635303,0.0,0.0
2010-02-18 00:00:00-05:00,55.77664506649879,56.434876967611196,55.70735778823357,56.261661529541016,9876707,0.0,0.0
2010-02-19 00:00:00-05:00,55.91521611180931,56.2962988759306,55.430205194409275,56.01914978027344,13605102,0.0,0.0
2010-02-22 00:00:00-05:00,56.227000276662785,56.60808296402564,55.984492109216546,56.296287536621094,9387290,0.0,0.0
2010-02-23 00:00:00-05:00,56.08844526394589,56.538815367902885,54.94519680424286,55.25699234008789,13223146,0.0,0.0
2010-02-24 00:00:00-05:00,55.36092106191427,55.91521928468189,55.01447915749881,55.84593200683594,11820833,0.0,0.0
2010-02-25 00:00:00-05:00,54.939556347296204,55.6018968727734,54.7652541644192,55.497314453125,13221769,0.479244,0.0
2010-02-26 00:00:00-05:00,55.776203699491724,56.29910474204766,55.60190150210258,55.9853630065918,12637494,0.0,0.0
2010-03-01 00:00:00-05:00,56.12480025743072,56.299102447716606,55.18357508942045,55.42759704589844,13103625,0.0,0.0
2010-03-02 00:00:00-05:00,55.49731681209054,55.60189923618432,55.18357508942045,55.42759704589844,10973039,0.0,0.0
2010-03-03 00:00:00-05:00,55.70648642547053,56.7871456686945,55.60190399243066,55.88078308105469,17489514,0.0,0.0
2010-03-04 00:00:00-05:00,56.02022667943217,56.3339684516449,55.671627793424776,56.159671783447266,9834703,0.0,0.0
2010-03-05 00:00:00-05:00,56.43855500922799,57.066038599425944,56.29911544465345,56.99631881713867,13601409,0.0,0.0
2010-03-08 00:00:00-05:00,57.0660307129207,57.41462957618081,56.61284941587668,56.71742630004883,11200334,0.0,0.0
2010-03-09 00:00:00-05:00,56.82199638200522,57.937518051559934,56.647694213458664,57.484336853027344,17462012,0.0,0.0
2010-03-10 00:00:00-05:00,57.48434212575691,57.902666258717154,57.24032017733103,57.55406188964844,14156346,0.0,0.0
2010-03-11 00:00:00-05:00,57.48436197146911,57.693526884966175,56.89174099899106,57.44950485229492,13543317,0.0,0.0
2010-03-12 00:00:00-05:00,57.83295017791609,59.47137305812655,57.519208445618034,59.40165328979492,23552817,0.0,0.0
2010-03-15 00:00:00-04:00,59.3319225600032,60.48230684936093,59.05304353819904,60.27314758300781,24611923,0.0,0.0
2010-03-16 00:00:00-04:00,60.97036408360464,63.305990278426805,60.830918992453135,62.99224853515625,47694123,0.0,0.0
2010-03-17 00:00:00-04:00,63.86374104288583,64.14262006941006,62.64363697742663,62.88765335083008,33490224,0.0,0.0
2010-03-18 00:00:00-04:00,63.06198282705736,63.654609339482,62.434499196027105,63.410587310791016,18469808,0.0,0.0
2010-03-19 00:00:00-04:00,62.99224853515625,63.933473764967914,62.50421013976664,62.99224853515625,23953698,0.0,0.0
2010-03-22 00:00:00-04:00,62.26018816726603,63.20140784746608,62.05102330534458,62.99224853515625,13550662,0.0,0.0
2010-03-23 00:00:00-04:00,63.30596567714089,64.31691028486004,63.271103030498054,63.89858627319336,22447889,0.0,0.0
2010-03-24 00:00:00-04:00,64.00317576328308,66.0250596533963,63.68943410713256,64.3169174194336,25924408,0.0,0.0
2010-03-25 00:00:00-04:00,65.22327714864521,65.39757929505741,63.65457447976496,63.79401397705078,20379692,0.0,0.0
2010-03-26 00:00:00-04:00,63.863740479579604,64.94440502224477,63.375696637856485,63.9334602355957,17607011,0.0,0.0
2010-03-29 00:00:00-04:00,64.56091729914813,64.70035675439841,63.61969265179638,64.14259338378906,17510255,0.0,0.0
2010-03-30 00:00:00-04:00,64.38663461532043,64.42149171483696,63.61971183063858,63.79401397705078,11094292,0.0,0.0
2010-03-31 00:00:00-04:00,63.4803277674608,64.00322911371042,63.20144297974355,63.445465087890625,12356239,0.0,0.0
2010-04-01 00:00:00-04:00,63.689427042164745,64.1426081508648,63.37568542081709,63.89858627319336,9489535,0.0,0.0
2010-04-05 00:00:00-04:00,64.21234844875451,65.01413408209464,63.89860672697891,64.59580993652344,11659912,0.0,0.0
2010-04-06 00:00:00-04:00,64.316942634618,65.01414597166475,64.1775030771311,64.83984375,11289975,0.0,0.0
2010-04-07 00:00:00-04:00,64.73526555126686,65.36274915070938,64.10778195182435,64.49124908447266,12616586,0.0,0.0
2010-04-08 00:00:00-04:00,64.1077748888524,65.0141430713076,63.61973645942023,64.70040130615234,12643441,0.0,0.0
2010-04-09 00:00:00-04:00,64.80501358243593,65.08389838686936,64.14267257743471,64.56099700927734,11395600,0.0,0.0
2010-04-12 00:00:00-04:00,64.70038850117962,66.16451459893227,64.63066873934483,65.2232894897461,14961176,0.0,0.0
2010-04-13 00:00:00-04:00,65.362733309652,66.68741997080556,65.2581564348315,66.0599365234375,19319000,0.0,0.0
2010-04-14 00:00:00-04:00,66.9662941944852,67.62863470236589,66.26909103111089,67.45433807373047,17101736,0.0,0.0
2010-04-15 00:00:00-04:00,67.80293172173448,68.63957434420438,67.52405269744798,67.97723388671875,21517631,0.0,0.0
2010-04-16 00:00:00-04:00,67.76808225705035,67.80293936420989,65.01413215817054,66.12965393066406,35968107,0.0,0.0
2010-04-19 00:00:00-04:00,64.97926069421804,66.12964496756099,64.97926069421804,66.02506256103516,16308236,0.0,0.0
2010-04-20 00:00:00-04:00,66.37366955608039,66.93143316399686,66.16451028421567,66.2342300415039,12032812,0.0,0.0
2010-04-21 00:00:00-04:00,66.58283573235664,66.86171479042841,65.85077543011269,66.33881378173828,12187327,0.0,0.0
2010-04-22 00:00:00-04:00,65.92049699060266,66.26909582268976,64.87469494473005,66.0599365234375,15241639,0.0,0.0
2010-04-23 00:00:00-04:00,65.74620549350318,66.58284837620513,65.53704616023073,66.478271484375,12055974,0.0,0.0
2010-04-26 00:00:00-04:00,66.89656028619743,67.52404355549872,66.58281865154677,67.28002166748047,13711791,0.0,0.0
2010-04-27 00:00:00-04:00,67.07090466775757,67.94240482432417,64.80499205153541,65.1884536743164,22875437,0.0,0.0
2010-04-28 00:00:00-04:00,65.08385424398232,66.54798043797072,65.0141344775649,66.0599365234375,17737613,0.0,0.0
2010-04-29 00:00:00-04:00,66.37366480265415,67.94236755371094,66.33880215170149,67.94236755371094,14620201,0.0,0.0
2010-04-30 00:00:00-04:00,67.83778676984697,68.67442929852785,65.5021557796392,65.74617767333984,23397927,0.0,0.0
2010-05-03 00:00:00-04:00,66.12967219006441,67.41949650332882,66.0948150732803,67.14061737060547,12552631,0.0,0.0
2010-05-04 00:00:00-04:00,66.44340436661301,66.4782670279608,63.96833299849784,64.7701187133789,19640048,0.0,0.0
2010-05-05 00:00:00-04:00,63.51514706870259,64.45637226114047,62.504207657874574,63.09682846069336,22326760,0.0,0.0
2010-05-06 00:00:00-04:00,62.74822223398614,63.27112325349434,52.81308621449665,60.34287643432617,38002124,0.0,0.0
2010-05-07 00:00:00-04:00,61.04007145653267,61.66754926601522,57.58891853113145,58.84387969970703,34526461,0.0,0.0
2010-05-10 00:00:00-04:00,62.88765335083007,64.03803765965822,62.32989529778163,62.88765335083008,28831112,0.0,0.0
2010-05-11 00:00:00-04:00,62.22532511349846,63.933473360587044,62.120748232810804,62.748226165771484,17424077,0.0,0.0
2010-05-12 00:00:00-04:00,63.06194718222938,64.49121587828385,62.99222743481328,64.28205108642578,14169721,0.0,0.0
2010-05-13 00:00:00-04:00,64.17749425737192,64.24721402653394,62.60878557719755,62.92252731323242,13419602,0.0,0.0
2010-05-14 00:00:00-04:00,62.64363997918667,62.887656364282904,60.691470051141515,61.493255615234375,17468293,0.0,0.0
2010-05-17 00:00:00-04:00,61.38869968033988,61.7721613003959,59.57597403993439,61.21439743041992,16433079,0.0,0.0
2010-05-18 00:00:00-04:00,61.772135755705555,62.295036739616535,59.436509881006934,60.063987731933594,16587071,0.0,0.0
2010-05-19 00:00:00-04:00,59.506234723963225,60.58689943948479,58.39070735005198,60.168575286865234,28157488,0.0,0.0
2010-05-20 00:00:00-04:00,58.599851502158074,58.66957124469926,56.64768206217667,56.68254470825195,32225001,0.0,0.0
2010-05-21 00:00:00-04:00,54.7303902318034,57.27518095394673,54.556093602601635,57.240318298339844,30542976,0.0,0.0
2010-05-24 00:00:00-04:00,56.89173440101667,57.13575640538766,55.67162992877407,55.81106948852539,15468058,0.0,0.0
2010-05-25 00:00:00-04:00,54.03320814479224,55.671637055646634,53.161708009974134,55.6019172668457,25505372,0.0,0.0
2010-05-26 00:00:00-04:00,56.99631684563633,57.48435530476597,55.67162992877407,55.81106948852539,17377275,0.0,0.0
2010-05-27 00:00:00-04:00,57.24033966939034,58.14670800784806,56.26425709291235,58.076988220214844,14631031,0.0,0.0
2010-05-28 00:00:00-04:00,58.07698376701015,58.181560665634784,56.333972560990816,56.99631881713867,14686326,0.0,0.0
2010-06-01 00:00:00-04:00,56.61282118756752,57.55404042386455,55.53215692588482,55.706459045410156,15259041,0.0,0.0
2010-06-02 00:00:00-04:00,56.333972560990816,57.13575838171322,55.601912072168226,56.99631881713867,13114183,0.0,0.0
2010-06-03 00:00:00-04:00,57.205473928415806,57.44949592315974,56.57799038467773,57.344913482666016,10816417,0.0,0.0
2010-06-04 00:00:00-04:00,56.055078937586586,56.055078937586586,54.242353967611834,54.765254974365234,23875137,0.0,0.0
2010-06-07 00:00:00-04:00,54.834973660123154,54.90469342301161,53.58000682890897,53.719451904296875,15277424,0.0,0.0
2010-06-08 00:00:00-04:00,53.89375069330603,54.207492413664156,52.4644871724833,53.963470458984375,18649508,0.0,0.0
2010-06-09 00:00:00-04:00,54.31208626593375,54.73040494803099,53.05711912041726,53.405723571777344,13949812,0.0,0.0
2010-06-10 00:00:00-04:00,54.34691814932271,55.32300572026683,54.102901806196485,54.66065979003906,16404158,0.0,0.0
2010-06-11 00:00:00-04:00,54.13777673016795,54.41666136352141,53.58001301307266,54.24235916137695,14784064,0.0,0.0
2010-06-14 00:00:00-04:00,54.9744173774777,55.357878877407096,53.51029114596443,53.64973068237305,15802898,0.0,0.0
2010-06-15 00:00:00-04:00,54.10291267111161,55.253291518610226,53.545149025649465,55.044132232666016,16502751,0.0,0.0
2010-06-16 00:00:00-04:00,54.76524240186973,56.08992316830748,54.45150075992136,55.25328063964844,18080111,0.0,0.0
2010-06-17 00:00:00-04:00,55.67427323136117,55.884760509563556,54.90248095977261,55.814598083496094,11902315,0.479244,0.0
2010-06-18 00:00:00-04:00,56.130342056167784,56.30574536098418,55.63919939904792,55.954933166503906,12379671,0.0,0.0
2010-06-21 00:00:00-04:00,56.86705160968188,57.70900647834825,56.2355840619702,56.48115539550781,14861227,0.0,0.0
2010-06-22 00:00:00-04:00,56.4460693178659,56.72672465371874,55.32346472899668,55.39362716674805,13559426,0.0,0.0
2010-06-23 00:00:00-04:00,55.28838696548707,55.74444560876306,53.92020545081164,53.9903678894043,20360016,0.0,0.0
2010-06-24 00:00:00-04:00,53.95527778184315,54.20084905617786,52.62218056748779,52.902835845947266,20093951,0.0,0.0
2010-06-25 00:00:00-04:00,53.04317922938423,53.148420108843865,51.99073692569867,52.30646514892578,28008629,0.0,0.0
2010-06-28 00:00:00-04:00,52.481875113548185,53.35891410743844,52.306466197800475,52.62220001220703,12612768,0.0,0.0
2010-06-29 00:00:00-04:00,51.74515969070979,51.88548457062312,50.06124996205465,50.79795837402344,23976297,0.0,0.0
2010-06-30 00:00:00-04:00,50.76287048768562,51.53466285315768,50.341895880072016,50.587467193603516,17020191,0.0,0.0
2010-07-01 00:00:00-04:00,50.27172510994432,50.6225372247877,48.657978211972356,49.535011291503906,22343057,0.0,0.0
2010-07-02 00:00:00-04:00,49.67534313306679,50.02615525787323,48.23699945924446,48.693058013916016,16389280,0.0,0.0
2010-07-06 00:00:00-04:00,49.499954713014546,50.20158483712362,48.447512319275276,49.008811950683594,16099261,0.0,0.0
2010-07-07 00:00:00-04:00,49.07894235635365,51.429402575009874,48.973701536610555,51.28907775878906,19136692,0.0,0.0
2010-07-08 00:00:00-04:00,52.16614659870548,53.218594615261736,51.113704166998104,52.025821685791016,18451383,0.0,0.0
2010-07-09 00:00:00-04:00,52.446800231933594,52.587125140092375,51.745170106291,52.446800231933594,9618112,0.0,0.0
2010-07-12 00:00:00-04:00,52.27138799370311,52.58712180948771,51.85040771104086,52.37662887573242,8010705,0.0,0.0
2010-07-13 00:00:00-04:00,53.39398421901043,53.85004286100578,53.18349690382352,53.35890579223633,12073355,0.0,0.0
2010-07-14 00:00:00-04:00,53.534297848356545,53.674628280512124,52.83267361180998,53.32381057739258,9541116,0.0,0.0
2010-07-15 00:00:00-04:00,53.183488088885255,53.60446264948432,52.201208529307586,53.49922180175781,16552955,0.0,0.0
2010-07-16 00:00:00-04:00,52.62219278073882,52.83268568464896,50.86812061885545,51.04352951049805,26169356,0.0,0.0
2010-07-19 00:00:00-04:00,51.35924016689947,51.7100522074515,50.762851320693464,51.28907775878906,10239675,0.0,0.0
2010-07-20 00:00:00-04:00,50.376975780509085,52.657268681195376,50.376975780509085,52.41169738769531,14038660,0.0,0.0
2010-07-21 00:00:00-04:00,53.00811305889892,53.323846973270335,51.359286600348305,52.060916900634766,13567606,0.0,0.0
2010-07-22 00:00:00-04:00,52.902847150240966,53.63955554581887,52.516950946641245,53.35890579223633,13417118,0.0,0.0
2010-07-23 00:00:00-04:00,53.35891139001133,55.60412082390693,52.727443793357175,55.11298370361328,23523583,0.0,0.0
2010-07-26 00:00:00-04:00,55.81461571670888,56.69164911205187,55.07790163298469,56.62148666381836,16891259,0.0,0.0
2010-07-27 00:00:00-04:00,57.182790567656895,58.12999197509649,56.4811605160181,56.761810302734375,14594265,0.0,0.0
2010-07-28 00:00:00-04:00,56.48114923051858,56.761798961158235,55.95492819314575,56.30574035644531,10950399,0.0,0.0
2010-07-29 00:00:00-04:00,56.65656661987305,56.97230040671982,55.91985258894798,56.65656661987305,14561213,0.0,0.0
2010-07-30 00:00:00-04:00,55.849677816217735,56.97228782936424,55.81459939478311,56.551307678222656,12546935,0.0,0.0
2010-08-02 00:00:00-04:00,57.25293087041881,57.77915180940756,57.217852453070726,57.56866455078125,14066329,0.0,0.0
2010-08-03 00:00:00-04:00,57.49854429862585,57.95460315252984,57.39329779970569,57.53362274169922,11495800,0.0,0.0
2010-08-04 00:00:00-04:00,57.568679620939655,57.91949181048475,57.42835474512162,57.81425094604492,9624330,0.0,0.0
2010-08-05 00:00:00-04:00,57.358198633922946,58.02474466000353,57.077543266482685,57.95458221435547,9723007,0.0,0.0
2010-08-06 00:00:00-04:00,57.25296374069193,57.70902252197265,56.44608707544195,57.709022521972656,12301507,0.0,0.0
2010-08-09 00:00:00-04:00,57.603772481781334,57.74410297761069,57.18279774883968,57.46344757080078,8329540,0.0,0.0
2010-08-10 00:00:00-04:00,56.796863695082976,57.32308455387523,55.98999320089354,57.00735092163086,11108418,0.0,0.0
2010-08-11 00:00:00-04:00,56.06015428566301,56.23555751122087,54.51657015774612,55.0778694152832,16101202,0.0,0.0
2010-08-12 00:00:00-04:00,54.095616712809885,55.007734039375066,53.814966946127576,54.37626647949219,12153169,0.0,0.0
2010-08-13 00:00:00-04:00,53.81497447446977,54.446442122690605,53.81497447446977,53.955299377441406,8690943,0.0,0.0
2010-08-16 00:00:00-04:00,53.639559280268614,54.341189297920735,53.14841659245778,54.23594284057617,11774718,0.0,0.0
2010-08-17 00:00:00-04:00,54.93757881968925,55.21822862326522,54.37627362768888,54.65692901611328,12709232,0.0,0.0
2010-08-18 00:00:00-04:00,54.656894972130395,55.218194229667475,54.41132375453544,55.0778694152832,8826991,0.0,0.0
2010-08-19 00:00:00-04:00,54.5867477939085,54.86739750097455,52.79759194924619,53.49922180175781,17180569,0.0,0.0
2010-08-20 00:00:00-04:00,53.253657124147146,53.253657124147146,52.23629343251355,52.72743606567383,13647106,0.0,0.0
2010-08-23 00:00:00-04:00,53.39398236328799,53.56939124560442,52.09596892081037,52.23629379272461,11597648,0.0,0.0
2010-08-24 00:00:00-04:00,51.71006906367764,51.74515307159189,50.55238057521007,51.113685607910156,18709916,0.0,0.0
2010-08-25 00:00:00-04:00,50.72778944508763,51.49958177073268,49.991081127356836,51.113685607910156,16021722,0.0,0.0
2010-08-26 00:00:00-04:00,51.42941564915893,51.95563663618297,50.65762337889796,50.86811065673828,12161933,0.0,0.0
2010-08-27 00:00:00-04:00,51.25401014333927,51.78023116477261,50.41205539207658,51.604827880859375,9697153,0.0,0.0
2010-08-30 00:00:00-04:00,51.4644992381128,51.63990811301868,50.90319977416922,50.93827819824219,7633548,0.0,0.0
2010-08-31 00:00:00-04:00,50.376983734283435,51.14877057380677,50.20157484196799,50.79795837402344,12357950,0.0,0.0
2010-09-01 00:00:00-04:00,51.67499642501975,52.97300992074801,51.218937780165156,52.65727615356445,16284553,0.0,0.0
2010-09-02 00:00:00-04:00,52.97300369836029,53.32381585133029,52.41169866876147,53.148406982421875,11358229,0.0,0.0
2010-09-03 00:00:00-04:00,53.990367889404304,54.586756994713056,53.32382193035034,53.9903678894043,13425548,0.0,0.0
2010-09-07 00:00:00-04:00,53.604462670479286,54.37625495005971,53.35889696912358,54.165767669677734,11552744,0.0,0.0
2010-09-08 00:00:00-04:00,53.990343726537674,55.39360304007029,53.74477809378768,55.0778694152832,15664242,0.0,0.0
2010-09-09 00:00:00-04:00,55.814598083496094,56.13033179322291,55.49886437376928,55.814598083496094,12625350,0.0,0.0
2010-09-10 00:00:00-04:00,55.99000298416449,56.41097751081818,55.46377644857829,56.06016540527344,9731541,0.0,0.0
2010-09-13 00:00:00-04:00,56.796863695082976,57.217843733023834,56.30572124829282,57.00735092163086,11749867,0.0,0.0
2010-09-14 00:00:00-04:00,56.76179756276732,57.112615302271074,56.51623184693091,56.69163513183594,10049083,0.0,0.0
2010-09-15 00:00:00-04:00,56.37590362615542,57.77916346988277,56.02509145764712,57.32310485839844,14305038,0.0,0.0
2010-09-16 00:00:00-04:00,57.18175283077469,57.641191224900076,56.93437028354048,57.35845947265625,9822142,0.575092,0.0
2010-09-17 00:00:00-04:00,57.64118657214614,58.02993215103969,56.82834058603661,57.570499420166016,15128127,0.0,0.0
2010-09-20 00:00:00-04:00,57.49980460952881,58.66605795525545,57.35844159056162,58.489356994628906,9617507,0.0,0.0
2010-09-21 00:00:00-04:00,58.38332748413086,59.01946664734449,58.02991433738354,58.38332748413086,11300200,0.0,0.0
2010-09-22 00:00:00-04:00,58.3479828968531,58.913440546044484,57.95923181793984,58.312644958496094,9898909,0.0,0.0
2010-09-23 00:00:00-04:00,57.49982663001874,57.923921475499185,56.722324101777126,57.0403938293457,11096608,0.0,0.0
2010-09-24 00:00:00-04:00,57.711866832751674,58.87812042236328,57.60584173327205,58.87812042236328,17742517,0.0,0.0
2010-09-27 00:00:00-04:00,58.84274860189499,58.84274860189499,57.95922153344497,58.06524658203125,8465004,0.0,0.0
2010-09-28 00:00:00-04:00,58.06528431795068,58.38335404425578,57.0403936027639,58.10062789916992,11242067,0.0,0.0
2010-09-29 00:00:00-04:00,57.74720863825171,58.17130343832587,57.39380099332861,57.81789016723633,9206985,0.0,0.0
2010-09-30 00:00:00-04:00,58.171287211365104,58.984127381028564,57.075715378465105,57.42912292480469,12311585,0.0,0.0
2010-10-01 00:00:00-04:00,57.95925322520557,58.41868597668882,57.46448252231323,57.81789016723633,10106214,0.0,0.0
2010-10-04 00:00:00-04:00,57.64117013859647,57.853214655584196,56.54559836157971,56.89900588989258,9563943,0.0,0.0
2010-10-05 00:00:00-04:00,57.429115373441526,58.59536856225862,57.21707087351954,58.34798049926758,13064730,0.0,0.0
2010-10-06 00:00:00-04:00,58.27729176275445,60.079683853690945,58.171272339040414,59.72627639770508,15441016,0.0,0.0
2010-10-07 00:00:00-04:00,60.079671668592326,60.50376615592579,59.54955777904721,60.256378173828125,12227265,0.0,0.0
2010-10-08 00:00:00-04:00,60.53916791866768,61.104625955989526,60.18576016169666,60.50382995605469,10756197,0.0,0.0
2010-10-11 00:00:00-04:00,60.9278899171455,60.99857143449437,59.79698001339795,59.9383430480957,10907873,0.0,0.0
2010-10-12 00:00:00-04:00,59.97368778055832,61.13994138804115,59.867668305620164,60.751190185546875,13515774,0.0,0.0
2010-10-13 00:00:00-04:00,61.13992207308658,61.81140479100621,60.715833054977274,61.06924057006836,12688095,0.0,0.0
2010-10-14 00:00:00-04:00,61.45800862677223,61.45800862677223,59.97368540103481,60.64516830444336,12078614,0.0,0.0
2010-10-15 00:00:00-04:00,59.3021947421207,59.33753830849987,57.075713219008016,57.60582733154297,42809302,0.0,0.0
2010-10-18 00:00:00-04:00,57.641173078773306,57.74719252959274,56.89900879221288,57.42912292480469,14082417,0.0,0.0
2010-10-19 00:00:00-04:00,56.89902055177783,57.464478368951625,56.47493140852202,56.79299545288086,15474923,0.0,0.0
2010-10-20 00:00:00-04:00,57.217073819917665,57.25241738480675,56.121502074658,56.72229766845703,14534274,0.0,0.0
2010-10-21 00:00:00-04:00,56.863662323979,57.853214655584196,56.616279867242284,56.89900588989258,12397595,0.0,0.0
2010-10-22 00:00:00-04:00,56.93436271580576,57.252432378447985,56.58094947901845,56.75765609741211,6535046,0.0,0.0
2010-10-25 00:00:00-04:00,57.46447694482084,57.676521511193684,56.75765609741211,56.75765609741211,11184664,0.0,0.0
2010-10-26 00:00:00-04:00,56.75766108391552,57.67652657842498,56.6516359783312,57.11106872558594,10306384,0.0,0.0
2010-10-27 00:00:00-04:00,56.75764628690577,57.04037232653397,56.51025818914864,56.93435287475586,10563101,0.0,0.0
2010-10-28 00:00:00-04:00,57.32309952118001,57.60582553875585,56.651616790190666,56.82832336425781,9236094,0.0,0.0
2010-10-29 00:00:00-04:00,56.79299968531245,57.005049898909185,56.47493561725025,56.61629867553711,7965550,0.0,0.0
2010-11-01 00:00:00-04:00,56.863667065266945,57.181736680351435,56.1215083808465,56.368896484375,11028918,0.0,0.0
2010-11-02 00:00:00-04:00,56.54560347654277,56.79298595565704,56.12150877804028,56.333553314208984,10546909,0.0,0.0
2010-11-03 00:00:00-04:00,56.40424848679069,56.89901914166067,56.12151677212766,56.75765609741211,13721703,0.0,0.0
2010-11-04 00:00:00-04:00,57.2524144365886,58.63071212532768,57.181727310450476,58.34798049926758,18195585,0.0,0.0
2010-11-05 00:00:00-04:00,58.38334471470083,59.58493626547057,58.34800113912943,59.12550354003906,14570331,0.0,0.0
2010-11-08 00:00:00-05:00,58.73673237355931,59.51423451017731,58.73673237355931,59.05480194091797,9977825,0.0,0.0
2010-11-09 00:00:00-05:00,59.443545398689274,59.443545398689274,58.45399888591156,58.736724853515625,10418018,0.0,0.0
2010-11-10 00:00:00-05:00,58.80742097422264,58.91344605153048,57.85321778311167,58.489356994628906,10370026,0.0,0.0
2010-11-11 00:00:00-05:00,58.100589811987696,58.38331577173576,57.32308779651718,57.78252029418945,9727326,0.0,0.0
2010-11-12 00:00:00-05:00,57.42912292480469,57.92389911584497,56.93435235992928,57.42912292480469,10082344,0.0,0.0
2010-11-15 00:00:00-05:00,57.35844560602594,58.06526637650882,57.1817390068639,57.25242614746094,8176612,0.0,0.0
2010-11-16 00:00:00-05:00,57.04038158117657,57.1110631025515,55.69742704888707,56.05083465576172,15430374,0.0,0.0
2010-11-17 00:00:00-05:00,56.08617278935134,56.26287376256631,55.697421646413936,55.874122619628906,7573704,0.0,0.0
2010-11-18 00:00:00-05:00,56.54559150410943,57.252412101181285,56.54559150410943,56.686954498291016,10451988,0.0,0.0
2010-11-19 00:00:00-05:00,56.75764714443385,57.35844280080341,56.368896020989126,57.32310485839844,10279216,0.0,0.0
2010-11-22 00:00:00-05:00,57.040377741389534,57.040377741389534,55.76810481612056,56.65162658691406,13710497,0.0,0.0
2010-11-23 00:00:00-05:00,55.944816011936126,56.15686622667948,55.2379950905134,55.69743347167969,11674435,0.0,0.0
2010-11-24 00:00:00-05:00,55.874120672760924,56.47492196448654,55.76810121775912,56.333553314208984,8848128,0.0,0.0
2010-11-26 00:00:00-05:00,55.76809794155897,56.12150548107856,55.66207286662072,55.83877944946289,3639088,0.0,0.0
2010-11-29 00:00:00-05:00,55.591372685717054,56.722282058474924,55.41466616223015,56.43955612182617,11791036,0.0,0.0
2010-11-30 00:00:00-05:00,55.66207528665857,56.36889602259317,55.55605020711063,55.944801330566406,11243715,0.0,0.0
2010-12-01 00:00:00-05:00,56.65161855328125,57.605827331542976,56.65161855328125,57.60582733154297,14386250,0.0,0.0
2010-12-02 00:00:00-05:00,57.57050658702261,58.94881057739258,57.535168632799575,58.94881057739258,16857414,0.0,0.0
2010-12-03 00:00:00-05:00,58.27729868986367,59.37287037288972,58.17127925354767,59.302188873291016,10487231,0.0,0.0
2010-12-06 00:00:00-05:00,59.01947784423828,59.58492998444576,58.77208971981475,59.01947784423828,12264406,0.0,0.0
2010-12-07 00:00:00-05:00,59.79700157000728,61.06927496710268,59.655632858181086,60.185752868652344,20127524,0.0,0.0
2010-12-08 00:00:00-05:00,60.115046064630896,60.53913514339862,59.58492627692347,60.221065521240234,9922133,0.0,0.0
2010-12-09 00:00:00-05:00,60.821857198480835,60.89253870696335,60.291743071779585,60.53913116455078,8156538,0.0,0.0
2010-12-10 00:00:00-05:00,60.85720328188657,63.18971003673916,60.78652177048179,62.62425231933594,26268617,0.0,0.0
2010-12-13 00:00:00-05:00,63.22505057680467,63.26039414704158,62.02345920739408,62.27084732055664,14163065,0.0,0.0
2010-12-14 00:00:00-05:00,62.412203362326245,63.260387065242625,62.12947171057769,62.51822280883789,15934814,0.0,0.0
2010-12-15 00:00:00-05:00,62.341526965782506,62.588915071528035,61.38731811197767,61.8114128112793,14762759,0.0,0.0
2010-12-16 00:00:00-05:00,61.95278051891303,63.15437194313133,61.74073596631548,62.80096435546875,11250079,0.0,0.0
2010-12-17 00:00:00-05:00,62.6596101568237,62.80097321182412,62.09415231065572,62.553585052490234,13615327,0.0,0.0
2010-12-20 00:00:00-05:00,62.80097321182412,62.90699268999127,62.37687842065655,62.553585052490234,8460956,0.0,0.0
2010-12-21 00:00:00-05:00,62.83631548847341,63.613817970669366,62.694952423740816,63.26041030883789,8729796,0.0,0.0
2010-12-22 00:00:00-05:00,63.50971858984541,64.40021053819954,63.474102087399444,64.32897186279297,8967712,0.670941,0.0
2010-12-23 00:00:00-05:00,64.11527406093126,64.6495671608615,64.044035358975,64.25775146484375,6459949,0.0,0.0
2010-12-27 00:00:00-05:00,63.830299647682935,64.93450769462335,63.830299647682935,64.79203033447266,6952204,0.0,0.0
2010-12-28 00:00:00-05:00,64.86328837233609,65.57568105621093,64.6851887837382,65.2551040649414,9958190,0.0,0.0
2010-12-29 00:00:00-05:00,65.43318930907074,65.86062713094033,65.04137933892122,65.07699584960938,7213302,0.0,0.0
2010-12-30 00:00:00-05:00,65.11260723006923,65.36193977507544,64.68516947910213,64.79203033447266,6029145,0.0,0.0
2010-12-31 00:00:00-05:00,64.64955501581835,65.36194757206778,64.57831632724498,65.14823150634766,5649338,0.0,0.0
2011-01-03 00:00:00-05:00,65.86062658662054,65.89624876753024,64.89889574824936,65.11261749267578,11023243,0.0,0.0
2011-01-04 00:00:00-05:00,65.3263247119088,66.28805541992188,64.54269354327188,66.28805541992188,16488374,0.0,0.0
2011-01-05 00:00:00-05:00,65.96750335707746,66.67989611231589,65.61130414419962,66.39493560791016,10709039,0.0,0.0
2011-01-06 00:00:00-05:00,66.57302445828611,66.67988533898763,65.61129354352148,66.10997009277344,8271386,0.0,0.0
2011-01-07 00:00:00-05:00,66.18121234163834,66.4661671447806,64.8276656856793,65.64691925048828,11963954,0.0,0.0
2011-01-10 00:00:00-05:00,66.28806098610362,66.78673179950884,65.75376232311031,65.9318618774414,13144981,0.0,0.0
2011-01-11 00:00:00-05:00,66.64423046594845,67.00042377604515,66.18117632756596,66.3592758178711,9722255,0.0,0.0
2011-01-12 00:00:00-05:00,66.14557853705018,66.71549371374174,65.82500160456841,66.50177764892578,12772895,0.0,0.0
2011-01-13 00:00:00-05:00,66.7154726811103,66.96481084671407,66.10994118643964,66.2524185180664,9348667,0.0,0.0
2011-01-14 00:00:00-05:00,66.28807024687208,67.10731810432,66.07434848361054,67.03607940673828,8812989,0.0,0.0
2011-01-18 00:00:00-05:00,67.60596450954836,67.64158100719811,66.10994118643964,66.2524185180664,14711908,0.0,0.0
2011-01-19 00:00:00-05:00,66.28807120013259,66.3949264127836,64.7920471883701,65.29071807861328,17149958,0.0,0.0
2011-01-20 00:00:00-05:00,65.7537744664083,66.21682885677279,64.72081046975929,65.64691925048828,14133268,0.0,0.0
2011-01-21 00:00:00-05:00,68.78140952844433,71.13229679097475,68.56768786506667,70.31304931640625,47800353,0.0,0.0
2011-01-24 00:00:00-05:00,70.98985242007566,71.66662855078138,70.31308195988633,71.38166809082031,20563086,0.0,0.0
2011-01-25 00:00:00-05:00,71.16793823242188,72.23652415665477,70.52678440967604,71.16793823242188,21072179,0.0,0.0
2011-01-26 00:00:00-05:00,71.88033220882353,71.95157089386166,70.9542236328125,70.9542236328125,14137608,0.0,0.0
2011-01-27 00:00:00-05:00,71.0967093536473,72.41463368742427,70.88299327343063,72.23653411865234,14155761,0.0,0.0
2011-01-28 00:00:00-05:00,72.62833122393675,73.87501654600037,71.66660627325443,71.9515609741211,21323116,0.0,0.0
2011-01-31 00:00:00-05:00,71.70222420093796,72.27213928451498,71.5953633507314,71.73784637451172,10792713,0.0,0.0
2011-02-01 00:00:00-05:00,72.59270650710687,74.44492319417549,72.30774616797126,74.08872985839844,14252518,0.0,0.0
2011-02-02 00:00:00-05:00,74.23123519360466,74.65866735776957,73.5544590945694,73.76818084716797,8821461,0.0,0.0
2011-02-03 00:00:00-05:00,73.55447582714444,73.98191375906138,72.73522782420329,73.91067504882812,8579705,0.0,0.0
2011-02-04 00:00:00-05:00,74.05311909366844,74.08874126798891,72.66395636443734,73.23387145996094,8995026,0.0,0.0
2011-02-07 00:00:00-05:00,73.981872747363,74.80112029615594,73.8393954058785,74.33806610107422,9470525,0.0,0.0
2011-02-08 00:00:00-05:00,74.65863952294549,75.90532470940161,74.4805456895332,75.79846954345703,11463958,0.0,0.0
2011-02-09 00:00:00-05:00,75.86973322122755,76.33278754766965,75.01486325929476,75.90534973144531,12740198,0.0,0.0
2011-02-10 00:00:00-05:00,75.40666974763043,75.90534052379938,74.58741639529438,75.76286315917969,10478050,0.0,0.0
2011-02-11 00:00:00-05:00,74.94363662671618,76.36841634550619,74.90801444025095,75.97660064697266,8483241,0.0,0.0
2011-02-14 00:00:00-05:00,76.61773167861483,77.11640811658522,76.4040156354197,76.58211517333984,9056602,0.0,0.0
2011-02-15 00:00:00-05:00,76.40402734912784,76.54650473310153,75.65601257749209,76.43964385986328,8266983,0.0,0.0
2011-02-16 00:00:00-05:00,76.2971695083068,76.54650777542862,75.69163776709392,76.368408203125,8139804,0.0,0.0
2011-02-17 00:00:00-05:00,75.79849610912781,76.86708216617303,75.72725741669252,76.65336608886719,7649114,0.0,0.0
2011-02-18 00:00:00-05:00,76.72460734773223,76.93832343218686,75.86973733939755,76.368408203125,9490828,0.0,0.0
2011-02-22 00:00:00-05:00,74.37371211345187,75.54915906327969,73.59008081356666,74.15999603271484,15132237,0.0,0.0
2011-02-23 00:00:00-05:00,73.09140670220928,73.69693845288965,71.52414405067212,72.55711364746094,17723821,0.0,0.0
2011-02-24 00:00:00-05:00,72.16257593939476,74.063474113613,72.09083854625682,73.81241607666016,13631936,0.670941,0.0
2011-02-25 00:00:00-05:00,74.27865263113279,74.88837461216713,73.52546161654116,74.67317962646484,9533187,0.0,0.0
2011-02-28 00:00:00-05:00,75.13949129277914,75.56988156781354,74.67323230661196,75.03189086914062,8900002,0.0,0.0
2011-03-01 00:00:00-05:00,75.74918591906025,75.92851798942526,72.59296888747312,72.62883758544922,12935610,0.0,0.0
2011-03-02 00:00:00-05:00,72.37778382795372,74.02762425786888,72.30605213184946,72.8799057006836,10246352,0.0,0.0
2011-03-03 00:00:00-05:00,74.88840084939568,75.06773292185464,74.24280995634963,74.4221420288086,9643819,0.0,0.0
2011-03-04 00:00:00-05:00,74.7808066703045,74.81667537167628,72.41364367251461,73.05923461914062,12758518,0.0,0.0
2011-03-07 00:00:00-05:00,73.16681681919084,73.84827058797407,71.76804058917203,73.09508514404297,13850322,0.0,0.0
2011-03-08 00:00:00-05:00,73.27444509298068,74.56562725750874,72.66472271962442,73.99176788330078,10504383,0.0,0.0
2011-03-09 00:00:00-05:00,73.81244146804035,74.27870042528448,72.80818613573655,73.99176788330078,10374637,0.0,0.0
2011-03-10 00:00:00-05:00,72.66472548491363,73.63311214516207,71.83980795599656,72.09086608886719,16852093,0.0,0.0
2011-03-11 00:00:00-05:00,71.55285491108047,73.45375897690492,71.5169919208382,73.02336883544922,11713685,0.0,0.0
2011-03-14 00:00:00-04:00,71.58872247244169,72.05498130648174,69.75955012595338,71.44525909423828,19024641,0.0,0.0
2011-03-15 00:00:00-04:00,67.57172937485954,70.87141040288981,66.7109432679716,70.33341979980469,27860374,0.0,0.0
2011-03-16 00:00:00-04:00,69.50848746341703,69.97474630486397,67.10546156594107,67.96624755859375,27553558,0.0,0.0
2011-03-17 00:00:00-04:00,69.11398065935755,70.40516288333944,68.36079483520793,68.93465423583984,17433843,0.0,0.0
2011-03-18 00:00:00-04:00,70.44100522462645,70.8355323762708,68.93463401812804,69.04222869873047,16685894,0.0,0.0
2011-03-21 00:00:00-04:00,70.58448002815625,71.01487020491798,70.11822114845178,70.72794342041016,11060844,0.0,0.0
2011-03-22 00:00:00-04:00,70.90726248811103,70.90726248811103,69.83127582437622,69.90300750732422,9702182,0.0,0.0
2011-03-23 00:00:00-04:00,69.75955150938738,70.15407866214977,69.04222889438684,70.04647827148438,9240371,0.0,0.0
2011-03-24 00:00:00-04:00,70.58447205305289,71.01486218118629,69.8671494630727,70.94313049316406,9137876,0.0,0.0
2011-03-25 00:00:00-04:00,71.1941896393056,71.48111637278785,70.62033046258362,70.83552551269531,8361403,0.0,0.0
2011-03-28 00:00:00-04:00,71.05072627256449,71.3017900192402,70.51273579240653,70.83552551269531,7396299,0.0,0.0
2011-03-29 00:00:00-04:00,70.51275499245914,71.40940413362021,70.04649035895416,71.23007202148438,7519910,0.0,0.0
2011-03-30 00:00:00-04:00,71.66045017626517,72.73643116270975,71.48111810860519,72.126708984375,9797082,0.0,0.0
2011-03-31 00:00:00-04:00,72.01911659635459,72.27018037699652,71.58872643790407,71.9115219116211,8542668,0.0,0.0
2011-04-01 00:00:00-04:00,72.23430519953658,73.52548116682725,72.16257351856251,72.95162200927734,10099245,0.0,0.0
2011-04-04 00:00:00-04:00,74.35038662124516,74.42211828539213,73.3102689264802,73.63306427001953,9477057,0.0,0.0
2011-04-05 00:00:00-04:00,73.4537466671252,73.99173710866448,72.80815585337525,72.91575622558594,8673415,0.0,0.0
2011-04-06 00:00:00-04:00,73.77655041191419,73.95588248261366,73.05922783887402,73.70481872558594,10616998,0.0,0.0
2011-04-07 00:00:00-04:00,73.48962293139532,73.5254859193218,72.41363622772062,72.98749542236328,10880372,0.0,0.0
2011-04-08 00:00:00-04:00,73.48962968587006,73.59722436929624,71.98325273007964,72.41364288330078,10122281,0.0,0.0
2011-04-11 00:00:00-04:00,72.59294921168211,73.05920790044894,72.01909016790904,72.37775421142578,6111963,0.0,0.0
2011-04-12 00:00:00-04:00,71.80390650222552,72.30603395850957,71.0148523336403,71.7680435180664,10172548,0.0,0.0
2011-04-13 00:00:00-04:00,71.9115408203354,72.12673595614494,71.265949703147,71.51701354980469,8356708,0.0,0.0
2011-04-14 00:00:00-04:00,71.19420998862766,72.01912743805265,70.29755512557004,71.7322006225586,9178837,0.0,0.0
2011-04-15 00:00:00-04:00,71.91155536360999,72.8082047990332,71.6963544745188,71.87568664550781,10462046,0.0,0.0
2011-04-18 00:00:00-04:00,70.90725311136592,71.73217021105988,69.97472993684357,71.66043853759766,13270095,0.0,0.0
2011-04-19 00:00:00-04:00,71.69628403221421,72.95159657625852,71.48108906431511,72.7005386352539,13249229,0.0,0.0
2011-04-20 00:00:00-04:00,73.59719908740611,73.66893075496859,72.73641336690015,73.16680908203125,11598983,0.0,0.0
2011-04-21 00:00:00-04:00,74.52973369155654,74.60147108544632,70.76379458070599,71.55284881591797,25392111,0.0,0.0
2011-04-25 00:00:00-04:00,72.2343010091713,72.27016399269925,71.337646484375,71.337646484375,11633350,0.0,0.0
2011-04-26 00:00:00-04:00,71.87567095650965,72.91578932754393,71.73220753493796,72.09086608886719,10956471,0.0,0.0
2011-04-27 00:00:00-04:00,72.41363637068312,74.78079912978008,72.27017299917864,74.0634765625,18430705,0.0,0.0
2011-04-28 00:00:00-04:00,74.2069450265958,74.49387749905372,73.41789642917122,73.8841552734375,8786865,0.0,0.0
2011-04-29 00:00:00-04:00,74.314508651352,74.38624030653867,73.1667964586102,73.34612274169922,8656952,0.0,0.0
2011-05-02 00:00:00-04:00,74.24282024560516,74.27868894897108,73.27443377182816,73.45376586914062,7537417,0.0,0.0
2011-05-03 00:00:00-04:00,73.02334645465534,74.06345849927024,72.98747776564834,74.02759552001953,8360610,0.0,0.0
2011-05-04 00:00:00-04:00,73.74065621139914,74.09931449123096,72.27014298970042,72.7005386352539,12079594,0.0,0.0
2011-05-05 00:00:00-04:00,72.55707018412814,72.8081281073504,71.05069409602001,71.37348937988281,11950808,0.0,0.0
2011-05-06 00:00:00-04:00,72.41362862074396,72.6288293647269,71.55284277408347,71.7680435180664,9107683,0.0,0.0
2011-05-09 00:00:00-04:00,71.62457412173596,72.12670157570358,71.37351610450919,71.98323822021484,7969556,0.0,0.0
2011-05-10 00:00:00-04:00,72.23432813271388,73.23857769494049,72.16259642896621,72.80818176269531,7966886,0.0,0.0
2011-05-11 00:00:00-04:00,72.48533682850814,73.20265908675347,71.7321515977159,72.05494689941406,8031195,0.0,0.0
2011-05-12 00:00:00-04:00,71.73219400369679,72.37778498874768,71.3735355174233,72.23432159423828,7997893,0.0,0.0
2011-05-13 00:00:00-04:00,72.16256933235844,72.2343010091713,70.87138773021287,71.337646484375,8805540,0.0,0.0
2011-05-16 00:00:00-04:00,71.1941943773097,71.69631619432005,70.5844721732039,70.87139892578125,9556035,0.0,0.0
2011-05-17 00:00:00-04:00,70.36925236307536,70.76377939602267,69.7953990131566,70.26165771484375,9917459,0.0,0.0
2011-05-18 00:00:00-04:00,70.26167672167546,71.26592606545404,69.61608581861856,70.87139892578125,9623725,0.0,0.0
2011-05-19 00:00:00-04:00,71.26591917927155,71.91151001994722,71.15831880257316,71.58871459960938,8933930,0.0,0.0
2011-05-20 00:00:00-04:00,71.48111228866617,71.51698098318082,70.22579933676826,70.3692626953125,9500510,0.0,0.0
2011-05-23 00:00:00-04:00,69.29327832127596,69.86713743642993,68.61182454748848,69.54434204101562,8142120,0.0,0.0
2011-05-24 00:00:00-04:00,69.6878079411254,70.01060334834561,68.3248946339464,68.50422668457031,9536817,0.0,0.0
2011-05-25 00:00:00-04:00,68.14559970113085,69.43677621535302,68.03799927921246,68.93465423583984,8978354,0.0,0.0
2011-05-26 00:00:00-04:00,68.6118366061585,69.90301270498566,68.6118366061585,69.6519546508789,8681929,0.0,0.0
2011-05-27 00:00:00-04:00,69.90299728574188,70.22579266668573,69.65193928701365,69.72367095947266,6306520,0.0,0.0
2011-05-31 00:00:00-04:00,70.58445568583532,70.72791902861331,69.86713326218882,70.44098663330078,11095607,0.0,0.0
2011-06-01 00:00:00-04:00,69.83128375275807,70.29754259973603,68.50423890291633,68.6118392944336,13565540,0.0,0.0
2011-06-02 00:00:00-04:00,68.71942656714884,69.1498223770563,67.93037234044975,68.46836853027344,8400527,0.0,0.0
2011-06-03 00:00:00-04:00,67.53585536278815,68.10971462553627,67.24892858629327,67.49999237060547,10246477,0.0,0.0
2011-06-06 00:00:00-04:00,67.10545588629282,67.42825131993666,65.9577375200574,66.20880126953125,12617859,0.0,0.0
2011-06-07 00:00:00-04:00,66.49574125296826,67.06959479137218,66.24467747503745,66.2805404663086,11036889,0.0,0.0
2011-06-08 00:00:00-04:00,66.3164289918226,66.96202012527678,65.99363342509551,66.3881607055664,10894915,0.0,0.0
2011-06-09 00:00:00-04:00,66.53161315427185,67.28480458893303,66.31641804855107,66.63921356201172,8219116,0.0,0.0
2011-06-10 00:00:00-04:00,66.3881495778643,66.424018283604,65.0611045313977,65.70669555664062,11651336,0.0,0.0
2011-06-13 00:00:00-04:00,65.67081403281401,66.42400531850394,65.34801858319801,65.9577407836914,8858040,0.0,0.0
2011-06-14 00:00:00-04:00,66.45985851630219,67.24891267472567,66.35226385545344,66.71092224121094,10299331,0.0,0.0
2011-06-15 00:00:00-04:00,66.24467324432665,66.961995831278,65.7066827315526,65.9577407836914,12199116,0.0,0.0
2011-06-16 00:00:00-04:00,65.84927557521762,67.29571911316968,65.8131118962474,66.68097686767578,11493901,0.718866,0.0
2011-06-17 00:00:00-04:00,67.36801980868366,67.58498454503346,66.31934828125752,66.86176300048828,11778579,0.0,0.0
2011-06-20 00:00:00-04:00,66.31936375956214,67.11490706856279,66.17472056823726,66.82561492919922,8116392,0.0,0.0
2011-06-21 00:00:00-04:00,67.25955645447537,68.4890294506848,67.11491324982889,68.01893615722656,12267098,0.0,0.0
2011-06-22 00:00:00-04:00,67.58499955589197,68.01892912496884,67.11490631103516,67.11490631103516,10031931,0.0,0.0
2011-06-23 00:00:00-04:00,66.31934610499242,66.50014716766138,65.12603145915827,66.4639892578125,14471655,0.0,0.0
2011-06-24 00:00:00-04:00,66.60864392164031,66.64480759445111,64.98139953613281,64.98139953613281,16864967,0.0,0.0
2011-06-27 00:00:00-04:00,65.12602144928138,66.60862217287979,65.08985778827856,66.10237121582031,9691269,0.0,0.0
2011-06-28 00:00:00-04:00,66.28320518257468,66.68097686767578,65.66846869379505,66.68097686767578,8074889,0.0,0.0
2011-06-29 00:00:00-04:00,67.04258471618901,67.29571317650739,66.53632779555225,67.11490631103516,8093606,0.0,0.0
2011-06-30 00:00:00-04:00,67.22337984085281,68.34437309625004,67.11490033659712,68.1997299194336,9398015,0.0,0.0
2011-07-01 00:00:00-04:00,68.19972086560283,69.64616395517156,67.80194930380704,69.42919921875,11657638,0.0,0.0
2011-07-05 00:00:00-04:00,69.50151637968074,69.60999586263976,68.3805233443567,68.85061645507812,8743734,0.0,0.0
2011-07-06 00:00:00-04:00,68.59747827083885,69.06757131442805,68.56132036725344,68.88676452636719,6589987,0.0,0.0
2011-07-07 00:00:00-04:00,69.53769642147759,70.3332397477126,69.21224635558929,69.79082489013672,9383555,0.0,0.0
2011-07-08 00:00:00-04:00,68.9952727170288,69.0675943049846,68.16357157718049,68.6698226928711,11403842,0.0,0.0
2011-07-11 00:00:00-04:00,67.69347674973218,67.91044150838366,66.89793354463036,67.36802673339844,9713408,0.0,0.0
2011-07-12 00:00:00-04:00,66.64479607719376,67.47649708426539,66.4639892578125,66.4639892578125,9839273,0.0,0.0
2011-07-13 00:00:00-04:00,67.00641124491817,68.0912407657357,66.89793174686416,66.93408966064453,11924183,0.0,0.0
2011-07-14 00:00:00-04:00,67.44032857961902,67.98274319583778,66.78942873747197,67.00639343261719,9128027,0.0,0.0
2011-07-15 00:00:00-04:00,67.07872263160544,67.54881573627506,66.13853642226621,66.57247161865234,10545928,0.0,0.0
2011-07-18 00:00:00-04:00,66.28320827267213,66.50017308646547,65.66847175523371,66.13856506347656,8253942,0.0,0.0
2011-07-19 00:00:00-04:00,66.53631014534417,67.40417480999162,66.3555033278349,67.18721008300781,9531204,0.0,0.0
2011-07-20 00:00:00-04:00,67.80193585057783,68.3805141229466,67.25952123879333,67.94657897949219,10131609,0.0,0.0
2011-07-21 00:00:00-04:00,68.63366684600511,69.71849645475423,68.19973154847744,69.28456115722656,14009927,0.0,0.0
2011-07-22 00:00:00-04:00,70.26089578724238,70.62250365829264,68.52516649277682,68.85061645507812,17142717,0.0,0.0
2011-07-25 00:00:00-04:00,68.59751351298193,69.21225000015771,68.16358390675701,68.56135559082031,9143135,0.0,0.0
2011-07-26 00:00:00-04:00,68.70599291107783,68.8506361007701,66.89794152649672,67.11490631103516,14262722,0.0,0.0
2011-07-27 00:00:00-04:00,66.78945585244328,66.93409904126187,65.27069085642053,65.48765563964844,16305336,0.0,0.0
2011-07-28 00:00:00-04:00,65.59614090961924,66.75329217688177,65.41533404523913,65.48765563964844,10157671,0.0,0.0
2011-07-29 00:00:00-04:00,65.05373461618905,65.48766423962942,64.29434914009668,64.76444244384766,14638981,0.0,0.0
2011-08-01 00:00:00-04:00,66.50015865992115,66.60864392164031,63.93272786189201,64.98139953613281,14418676,0.0,0.0
2011-08-02 00:00:00-04:00,64.14969073825259,64.65594760240583,62.05235320828865,62.233154296875,20213076,0.0,0.0
2011-08-03 00:00:00-04:00,62.377781648899884,63.281804049244,61.69071817712191,63.17332458496094,17981226,0.0,0.0
2011-08-04 00:00:00-04:00,62.16081407246806,62.45010608955161,59.37641366789608,59.557220458984375,26733057,0.0,0.0
2011-08-05 00:00:00-04:00,60.244321190633485,61.29298741086541,58.2192988465242,59.701900482177734,25935926,0.0,0.0
2011-08-08 00:00:00-04:00,56.66435446600193,58.32776238404403,55.326396548958584,55.79648971557617,36230792,0.0,0.0
2011-08-09 00:00:00-04:00,56.3750716887664,57.713035583496094,53.590675898960654,57.713035583496094,41409180,0.0,0.0
2011-08-10 00:00:00-04:00,57.315246272106606,57.45989518828236,54.27772265324155,54.56700897216797,28127900,0.0,0.0
2011-08-11 00:00:00-04:00,54.78396455397017,57.56836505670549,54.24154991829397,56.70050048828125,27504397,0.0,0.0
2011-08-12 00:00:00-04:00,58.00232272400024,58.29160910681337,57.09829414263847,57.423744201660156,15608404,0.0,0.0
2011-08-15 00:00:00-04:00,58.47239370014461,59.3402582746963,58.14694376509876,59.26793670654297,13622066,0.0,0.0
2011-08-16 00:00:00-04:00,58.72554696634542,58.834026486214334,57.676875148423484,58.40009689331055,12379755,0.0,0.0
2011-08-17 00:00:00-04:00,58.94249761512057,59.81036234933294,58.146954462366516,58.689369201660156,10598490,0.0,0.0
2011-08-18 00:00:00-04:00,56.91747620789107,57.06212512788567,54.96478199016003,55.471038818359375,24704339,0.0,0.0
2011-08-19 00:00:00-04:00,54.60317264039004,56.44738731532734,54.35004423297315,54.56700897216797,16630556,0.0,0.0
2011-08-22 00:00:00-04:00,56.230410270444125,56.230410270444125,54.42235947430679,54.63932418823242,14487555,0.0,0.0
2011-08-23 00:00:00-04:00,54.856312937549404,56.194271087646484,54.63934239461511,56.194271087646484,14631073,0.0,0.0
2011-08-24 00:00:00-04:00,55.97727781530007,56.95362759191898,55.76031311717746,56.84514236450195,13646563,0.0,0.0
2011-08-25 00:00:00-04:00,57.64068033657539,58.03845179357498,55.471022030549236,55.86879348754883,14152506,0.0,0.0
2011-08-26 00:00:00-04:00,55.688014163084866,56.700522255494306,54.60318447526859,56.194271087646484,13013170,0.0,0.0
2011-08-29 00:00:00-04:00,57.09828705214123,58.07463710796258,56.95364387869653,58.002315521240234,9965847,0.0,0.0
2011-08-30 00:00:00-04:00,57.67685916107796,58.725530688320504,56.95363761665939,58.291595458984375,10132026,0.0,0.0
2011-08-31 00:00:00-04:00,58.72554356801834,59.629566379277655,58.43625143277582,58.97867202758789,13118878,0.0,0.0
2011-09-01 00:00:00-04:00,58.978673760128146,59.484924937425006,58.40009522936069,58.580902099609375,12773605,0.0,0.0
2011-09-02 00:00:00-04:00,57.315262897837286,57.56839137868045,56.23043313046856,56.98981857299805,12883611,0.0,0.0
2011-09-06 00:00:00-04:00,55.14557647705078,55.29021960795109,54.24154827385674,55.14557647705078,20337584,0.0,0.0
2011-09-07 00:00:00-04:00,56.049613723499796,57.31525008813737,55.83264896985954,57.13444900512695,12569679,0.0,0.0
2011-09-08 00:00:00-04:00,56.736670858135845,57.24292189148628,56.01344933949438,56.375057220458984,24605601,0.0,0.0
2011-09-09 00:00:00-04:00,55.61568051334506,55.904966832271484,54.35004423297315,54.56700897216797,30139361,0.0,0.0
2011-09-12 00:00:00-04:00,54.277732849121094,55.29024091227216,53.22906111095473,54.277732849121094,35430239,0.0,0.0
2011-09-13 00:00:00-04:00,54.31387420919984,55.90496029053892,53.73530163904881,55.724159240722656,17381698,0.0,0.0
2011-09-14 00:00:00-04:00,55.97731491164569,58.00233737291325,54.96480655936955,57.09830856323242,19059320,0.0,0.0
2011-09-15 00:00:00-04:00,58.04745897084568,58.777616455072334,57.82841346915407,58.7046012878418,14048467,0.718866,0.0
2011-09-16 00:00:00-04:00,59.21575727840771,59.87289427185432,58.66813439931378,59.61734390258789,18613702,0.0,0.0
2011-09-19 00:00:00-04:00,58.33956146944168,59.39828495388116,57.93797489578106,59.0697135925293,11299803,0.0,0.0
2011-09-20 00:00:00-04:00,59.325260074979965,60.055417891018884,58.558597564697266,58.558597564697266,11734217,0.0,0.0
2011-09-21 00:00:00-04:00,58.30304526651579,58.66812129242547,56.07606697865595,56.14908218383789,15516280,0.0,0.0
2011-09-22 00:00:00-04:00,54.61575698916417,55.564960568178094,54.10465049919317,54.90781784057617,23724546,0.0,0.0
2011-09-23 00:00:00-04:00,54.39671682528707,55.67449189670185,54.25068638488404,55.52846145629883,13670184,0.0,0.0
2011-09-26 00:00:00-04:00,56.222087985534145,57.025260920124204,55.01732858364905,56.84272003173828,19593516,0.0,0.0
2011-09-27 00:00:00-04:00,57.71891204186614,58.66811542624551,57.20780565669772,57.536376953125,16774679,0.0,0.0
2011-09-28 00:00:00-04:00,57.49986245779587,58.412561085856225,56.2951030584794,56.40462875366211,11977851,0.0,0.0
2011-09-29 00:00:00-04:00,57.75541310954424,58.23001472418411,56.587158510490134,57.90144348144531,12664391,0.0,0.0
2011-09-30 00:00:00-04:00,57.134774626089026,57.426835336680334,55.45541391634479,55.56493377685547,15812330,0.0,0.0
2011-10-03 00:00:00-04:00,55.12686942676879,56.18559292170607,53.59353832923126,53.630043029785156,19343310,0.0,0.0
2011-10-04 00:00:00-04:00,52.89989634740223,54.43322179092576,51.184024134609686,54.25068664550781,23370154,0.0,0.0
2011-10-05 00:00:00-04:00,54.542734181687386,55.9665393519552,53.849086850206064,55.747493743896484,16596315,0.0,0.0
2011-10-06 00:00:00-04:00,55.747490036687,56.733203925287384,54.615745752425156,56.696693420410156,13551184,0.0,0.0
2011-10-07 00:00:00-04:00,57.31732746234477,57.46335786298558,55.63796623112761,56.5871696472168,13681785,0.0,0.0
2011-10-10 00:00:00-04:00,57.64591942916758,58.9236946105957,57.53639949539866,58.9236946105957,11730232,0.0,0.0
2011-10-11 00:00:00-04:00,58.33957279869211,59.21576132847351,58.266557572204164,58.9236946105957,9598352,0.0,0.0
2011-10-12 00:00:00-04:00,59.32525454096074,60.530013953253174,59.32525454096074,59.87287139892578,12885948,0.0,0.0
2011-10-13 00:00:00-04:00,59.25223344696898,59.544300004209894,58.485571084547544,59.215728759765625,9626855,0.0,0.0
2011-10-14 00:00:00-04:00,59.94591122230535,60.78559501159367,59.87289599870538,60.60305404663086,9417797,0.0,0.0
2011-10-17 00:00:00-04:00,60.201469684753796,60.603056335684954,59.10623547746009,59.25226593017578,9779658,0.0,0.0
2011-10-18 00:00:00-04:00,59.32526954120125,61.990345123206815,59.288764841132604,61.00463104248047,13657643,0.0,0.0
2011-10-19 00:00:00-04:00,61.00464458380052,61.58877222188255,59.9094103478321,60.310997009277344,10829396,0.0,0.0
2011-10-20 00:00:00-04:00,60.4935321561253,61.33321010626731,59.617343689404,60.71257781982422,11495487,0.0,0.0
2011-10-21 00:00:00-04:00,59.76336095353224,60.34748259459217,58.88717268001804,59.544315338134766,23732058,0.0,0.0
2011-10-24 00:00:00-04:00,59.76338188722662,60.93163139048087,59.58084090449346,60.055442810058594,13989583,0.0,0.0
2011-10-25 00:00:00-04:00,60.091916807642754,60.20143668117563,58.595090958080426,59.215728759765625,17185577,0.0,0.0
2011-10-26 00:00:00-04:00,59.90937223613518,60.27444814523743,59.21572510287967,59.69032669067383,13897020,0.0,0.0
2011-10-27 00:00:00-04:00,61.917333403155354,63.88875586386737,61.36971637584231,63.414154052734375,23052988,0.0,0.0
2011-10-28 00:00:00-04:00,62.75698850555577,63.304605334006716,62.46492774689475,62.97603988647461,12054764,0.0,0.0
2011-10-31 00:00:00-04:00,61.990345123206815,62.09987084726247,60.96812634241183,61.00463104248047,10414951,0.0,0.0
2011-11-01 00:00:00-04:00,58.88718230294027,59.6903555025708,58.303054754502085,58.485595703125,18728528,0.0,0.0
2011-11-02 00:00:00-04:00,59.76334564878912,60.31096245300625,58.99667747334688,59.32524871826172,10047747,0.0,0.0
2011-11-03 00:00:00-04:00,60.31099118078744,60.93162346706286,59.72686359915584,60.85860824584961,11450896,0.0,0.0
2011-11-04 00:00:00-04:00,60.4205036434775,60.45700834010082,59.2522487368936,59.83637619018555,8696723,0.0,0.0
2011-11-07 00:00:00-05:00,59.7633609850146,59.98240660052746,58.814157505867875,59.83637619018555,8600071,0.0,0.0
2011-11-08 00:00:00-05:00,60.018917099447144,60.20145220638309,59.36177444108966,60.164947509765625,11246574,0.0,0.0
2011-11-09 00:00:00-05:00,58.960187975214076,59.10621838570213,57.499872246484955,57.86494827270508,16407538,0.0,0.0
2011-11-10 00:00:00-05:00,58.70463752675662,59.10622410038832,58.303050953124924,58.631622314453125,12368258,0.0,0.0
2011-11-11 00:00:00-05:00,59.28874785309048,60.1284254571743,59.25223735155835,59.50779342651367,10478718,0.0,0.0
2011-11-14 00:00:00-05:00,59.215726767455145,59.43477231907394,58.485569116803184,58.77762985229492,8378075,0.0,0.0
2011-11-15 00:00:00-05:00,58.5221002806781,59.58082964373399,58.5221002806781,59.142738342285156,8299827,0.0,0.0
2011-11-16 00:00:00-05:00,58.66809438711575,59.325236744310644,58.120477693427226,58.230003356933594,11046655,0.0,0.0
2011-11-17 00:00:00-05:00,58.33956748012654,58.59511784357394,56.58718476839487,57.098297119140625,14079036,0.0,0.0
2011-11-18 00:00:00-05:00,57.572879685552316,57.86494046713147,57.02526281412964,57.134788513183594,9773461,0.0,0.0
2011-11-21 00:00:00-05:00,56.51417374444774,56.550684263036935,55.49195477898725,55.63798522949219,14036761,0.0,0.0
2011-11-22 00:00:00-05:00,55.8205225094429,55.8205225094429,54.688777874937045,54.72528839111328,15638118,0.0,0.0
2011-11-23 00:00:00-05:00,54.43322574733332,54.57926201097788,53.739578195706976,53.77608871459961,13965816,0.0,0.0
2011-11-25 00:00:00-05:00,53.88559913622922,54.83480271678482,53.66655349731445,53.66655349731445,4833386,0.0,0.0
2011-11-28 00:00:00-05:00,55.6014731338504,55.674488349399745,53.59354017643048,54.03163146972656,16198355,0.0,0.0
2011-11-29 00:00:00-05:00,54.43318936512949,55.30937730173818,54.10462397433305,54.46969985961914,16789494,0.0,0.0
2011-11-30 00:00:00-05:00,55.89351503069569,58.08398818969726,55.7109741477981,58.083988189697266,20578214,0.0,0.0
2011-12-01 00:00:00-05:00,58.01097299892286,58.412559454143654,57.426845660804474,58.083988189697266,12144718,0.0,0.0
2011-12-02 00:00:00-05:00,58.55858433095023,59.50778753371171,58.55858433095023,58.741119384765625,14280061,0.0,0.0
2011-12-05 00:00:00-05:00,59.69035912408196,60.237976191250276,59.06972102349396,59.61734390258789,12850455,0.0,0.0
2011-12-06 00:00:00-05:00,60.23794577896309,61.7712762800583,60.12842009605533,61.04111862182617,17322563,0.0,0.0
2011-12-07 00:00:00-05:00,60.89507497725817,61.44269164856955,60.347452494025376,61.11412048339844,13628931,0.0,0.0
2011-12-08 00:00:00-05:00,60.53002351338556,60.78557963731143,59.325263910812986,59.544315338134766,16635606,0.0,0.0
2011-12-09 00:00:00-05:00,59.79985644588423,61.99032969847945,59.726841251990066,61.479217529296875,17890270,0.0,0.0
2011-12-12 00:00:00-05:00,61.004627203404304,61.552244165370844,59.58082193990639,60.09193420410156,37435127,0.0,0.0
2011-12-13 00:00:00-05:00,60.45700839728609,61.041135851130555,59.50780491724153,59.94589614868164,15413117,0.0,0.0
2011-12-14 00:00:00-05:00,59.65384652580024,61.2236882629584,59.50781608790771,60.63956069946289,18589330,0.0,0.0
2011-12-15 00:00:00-05:00,61.40623472536289,61.58877571234495,60.566556646713096,61.296714782714844,12817987,0.0,0.0
2011-12-16 00:00:00-05:00,61.84431643376323,62.39193344555199,61.734790706635465,62.09987258911133,20133388,0.0,0.0
2011-12-19 00:00:00-05:00,61.953813455435565,62.42841507773663,61.296676771273,61.55222702026367,13834902,0.0,0.0
2011-12-20 00:00:00-05:00,62.24588225679447,63.48714629460015,62.20937175595402,63.0855598449707,12826730,0.0,0.0
2011-12-21 00:00:00-05:00,63.23158495687964,64.87444111937714,62.61095298967951,64.5823745727539,16751935,0.0,0.0
2011-12-22 00:00:00-05:00,65.24594365916964,66.8678772258297,65.06163142614339,66.53611755371094,19954898,0.814714,0.0
2011-12-23 00:00:00-05:00,66.42547770150965,67.38389705151319,66.16744781668373,67.1995849609375,9825940,0.0,0.0
2011-12-27 00:00:00-05:00,67.01528023346182,67.08900390412892,66.38862609863281,66.38862609863281,8817538,0.0,0.0
2011-12-28 00:00:00-05:00,66.35177480654895,66.42549849219084,65.31963733924393,65.7251205444336,8194703,0.0,0.0
2011-12-29 00:00:00-05:00,65.65138106559353,66.79410672062481,65.57765739768672,66.60979461669922,9028183,0.0,0.0
2011-12-30 00:00:00-05:00,66.46235986134417,66.64667200015765,65.90942931322196,66.02001190185547,6553617,0.0,0.0
2012-01-03 00:00:00-05:00,67.199603248376,68.19488176635586,67.199603248376,67.6788101196289,12249842,0.0,0.0
2012-01-04 00:00:00-05:00,67.49449892372213,68.56350113929633,67.38391633238857,68.41605377197266,8921285,0.0,0.0
2012-01-05 00:00:00-05:00,68.04742143680565,68.56349302971675,67.42076726564049,68.37918090820312,9560730,0.0,0.0
2012-01-06 00:00:00-05:00,69.04272807225925,69.26389918748886,68.41607364494868,68.74783325195312,10656248,0.0,0.0
2012-01-09 00:00:00-05:00,69.07957712080629,69.5956429387686,68.41605805796458,69.52191925048828,9804489,0.0,0.0
2012-01-10 00:00:00-05:00,70.07484813369689,70.22229550665305,68.63722744489648,69.00585174560547,12382927,0.0,0.0
2012-01-11 00:00:00-05:00,68.37918494953666,69.85367027215516,68.19487868544788,69.59563446044922,9988300,0.0,0.0
2012-01-12 00:00:00-05:00,69.89056439065335,70.03801181115979,69.15332141980066,69.77997589111328,8129016,0.0,0.0
2012-01-13 00:00:00-05:00,69.22701013339373,69.44818115234375,68.56349120822614,69.44818115234375,8771591,0.0,0.0
2012-01-17 00:00:00-05:00,70.00113905114263,70.40662234552494,68.85841286985433,69.07958984375,10267594,0.0,0.0
2012-01-18 00:00:00-05:00,68.48977683229104,70.22229218505369,68.4160531493002,70.11170959472656,11040854,0.0,0.0
2012-01-19 00:00:00-05:00,70.14857909098755,70.73837451226233,69.77996062039033,70.59092712402344,11248472,0.0,0.0
2012-01-20 00:00:00-05:00,69.33761258735444,70.77523929348165,68.85840564141844,70.59092712402344,19287117,0.0,0.0
2012-01-23 00:00:00-05:00,70.36973166596152,70.92266211448478,69.66934801195718,69.8167953491211,10555088,0.0,0.0
2012-01-24 00:00:00-05:00,69.44818115234375,69.5219048253271,69.11642168975996,69.44818115234375,8291543,0.0,0.0
2012-01-25 00:00:00-05:00,69.41130708383888,70.62775632759322,69.26385975762321,70.51717376708984,10693974,0.0,0.0
2012-01-26 00:00:00-05:00,70.99639841814444,71.03325732483653,69.96426100599258,70.2960205078125,8866783,0.0,0.0
2012-01-27 00:00:00-05:00,70.03799222880046,70.51719914562217,69.7430916019202,70.14857482910156,6804846,0.0,0.0
2012-01-30 00:00:00-05:00,69.41131389007228,69.77993811007418,68.93210709872363,69.66934967041016,7873050,0.0,0.0
2012-01-31 00:00:00-05:00,69.96425733507498,70.07483991766738,68.8952552040017,68.96897888183594,9648660,0.0,0.0
2012-02-01 00:00:00-05:00,69.81682466835157,70.25917273392237,69.11644658854408,69.19017028808594,10853955,0.0,0.0
2012-02-02 00:00:00-05:00,69.4850641492621,69.77995891854779,68.93212765437286,69.11643981933594,7890140,0.0,0.0
2012-02-03 00:00:00-05:00,70.0379859117357,70.40660432669,69.74308531145395,70.11170959472656,9364296,0.0,0.0
2012-02-06 00:00:00-05:00,70.00113420757913,70.59092964995838,69.85368681406416,70.22230529785156,8917300,0.0,0.0
2012-02-07 00:00:00-05:00,70.11169533619368,70.77521421649067,69.70621222804742,70.70148468017578,7520370,0.0,0.0
2012-02-08 00:00:00-05:00,70.73840960190702,71.18075785436886,70.33292614895122,70.92272186279297,7027906,0.0,0.0
2012-02-09 00:00:00-05:00,71.18069260337707,71.32813992959274,70.443450103982,70.51717376708984,9219421,0.0,0.0
2012-02-10 00:00:00-05:00,70.0011176307534,70.07484131005252,69.19015129014502,69.59563446044922,22857847,0.0,0.0
2012-02-13 00:00:00-05:00,70.14856727608948,70.33287941450459,69.66936041086475,70.2960205078125,21763268,0.0,0.0
2012-02-14 00:00:00-05:00,69.77993644898869,70.36973166596152,69.3007296690474,69.8167953491211,8185689,0.0,0.0
2012-02-15 00:00:00-05:00,70.07486961006941,70.11173439876599,68.9321433169614,69.1533203125,8646707,0.0,0.0
2012-02-16 00:00:00-05:00,69.52190623818628,70.14856040543862,69.30073521474151,70.07483673095703,8453047,0.0,0.0
2012-02-17 00:00:00-05:00,70.70149749004256,71.21756912784711,70.44346753945845,71.07012176513672,12118426,0.0,0.0
2012-02-21 00:00:00-05:00,71.58618117478956,71.88107584983726,71.21755696266275,71.54931640625,8747991,0.0,0.0
2012-02-22 00:00:00-05:00,71.62304090612936,71.7704882453642,70.70148623343576,71.47559356689453,8529856,0.0,0.0
2012-02-23 00:00:00-05:00,70.91777254800824,72.03341472742483,70.65745446075181,71.81028747558594,9520917,0.814714,0.0
2012-02-24 00:00:00-05:00,71.99625776539314,72.03344861830854,71.17811820350344,71.55000305175781,4992199,0.0,0.0
2012-02-27 00:00:00-05:00,70.73185088294014,71.25248128938652,70.58309933824117,70.91779327392578,7829398,0.0,0.0
2012-02-28 00:00:00-05:00,71.10372039868133,71.36403852779975,70.62027498184273,71.25247192382812,7307910,0.0,0.0
2012-02-29 00:00:00-05:00,71.32685980562196,71.58717797897131,70.69466275621932,70.84341430664062,9318452,0.0,0.0
2012-03-01 00:00:00-05:00,71.21530350726934,71.36405506689029,70.76904290818206,71.1037368774414,7790274,0.0,0.0
2012-03-02 00:00:00-05:00,71.17811076801024,71.17811076801024,70.28559551374966,70.54591369628906,7559932,0.0,0.0
2012-03-05 00:00:00-05:00,70.47157236931913,70.58313905072652,69.6534324929375,70.09969329833984,7422653,0.0,0.0
2012-03-06 00:00:00-05:00,69.16996019569356,69.20715104863261,68.12869327632384,68.50057220458984,11737034,0.0,0.0
2012-03-07 00:00:00-05:00,69.09558164546836,70.09966359194976,68.98401501133996,69.80215454101562,11361901,0.0,0.0
2012-03-08 00:00:00-05:00,70.58309886982762,70.99216857514699,70.3599656340361,70.76903533935547,7508684,0.0,0.0
2012-03-09 00:00:00-05:00,70.73185286326348,71.32685905871811,70.35996807088031,70.80622863769531,7820613,0.0,0.0
2012-03-12 00:00:00-04:00,70.99217099759909,71.36404986956815,70.80622860150255,71.14092254638672,7376080,0.0,0.0
2012-03-13 00:00:00-04:00,71.40122631159176,73.11188061797085,70.99215667484408,72.8515625,13338766,0.0,0.0
2012-03-14 00:00:00-04:00,73.00033239831869,73.9672234340283,72.8143899929209,73.59534454345703,14888583,0.0,0.0
2012-03-15 00:00:00-04:00,73.89285569622197,75.12006504897671,73.85566484300594,74.9713134765625,15926802,0.0,0.0
2012-03-16 00:00:00-04:00,75.34317583248368,75.49192737217332,74.41347574931162,75.12004852294922,16533841,0.0,0.0
2012-03-19 00:00:00-04:00,74.67377356236717,75.71504597954737,74.59939780688609,75.15721893310547,8915547,0.0,0.0
2012-03-20 00:00:00-04:00,74.45065431085604,75.15722702410316,74.30190278388012,74.6365966796875,9918878,0.0,0.0
2012-03-21 00:00:00-04:00,74.97129057549486,75.56629668339849,74.52503007434399,74.6365966796875,10662967,0.0,0.0
2012-03-22 00:00:00-04:00,74.19035271625299,74.22754356639872,73.22346165515746,73.81847381591797,10591458,0.0,0.0
2012-03-23 00:00:00-04:00,73.59534972630011,74.04160442641245,73.26065574110349,73.55815887451172,7138810,0.0,0.0
2012-03-26 00:00:00-04:00,74.30190719402643,74.78535264550433,74.07877989031897,74.56222534179688,8964875,0.0,0.0
2012-03-27 00:00:00-04:00,74.82255634519602,74.89693212587737,74.41348659133634,74.5250473022461,7996140,0.0,0.0
2012-03-28 00:00:00-04:00,74.45065996107554,78.09509632946194,73.52095988680762,74.4134750366211,11566390,0.0,0.0
2012-03-29 00:00:00-04:00,73.706892699235,74.2647139002147,73.29782302915345,74.19033813476562,8484847,0.0,0.0
2012-03-30 00:00:00-04:00,74.6365966796875,74.85972397015135,74.19033617853661,74.6365966796875,8548197,0.0,0.0
2012-04-02 00:00:00-04:00,74.48785155061636,74.78535463012128,74.00440608630902,74.4506607055664,9216417,0.0,0.0
2012-04-03 00:00:00-04:00,74.26470872373191,74.45065108450548,73.63251180136925,74.22752380371094,9138940,0.0,0.0
2012-04-04 00:00:00-04:00,73.07468419994768,73.66969614985706,72.96311760927018,73.40937805175781,9117094,0.0,0.0
2012-04-05 00:00:00-04:00,72.9259511069299,73.29782996938675,72.36812985313269,72.47969055175781,8338930,0.0,0.0
2012-04-09 00:00:00-04:00,71.02932994344495,71.66152675465825,70.91776928277311,71.40121459960938,7587225,0.0,0.0
2012-04-10 00:00:00-04:00,71.10373561634503,71.14092646570288,69.54183242757813,69.69058990478516,11361734,0.0,0.0
2012-04-11 00:00:00-04:00,70.7318548498373,71.21530035733426,70.58310329679581,70.69466400146484,7893290,0.0,0.0
2012-04-12 00:00:00-04:00,70.69467452381167,71.84750811180974,70.50873801494672,71.77313232421875,5887505,0.0,0.0
2012-04-13 00:00:00-04:00,71.32686237618857,71.32686237618857,70.13684400970655,70.21121978759766,8411732,0.0,0.0
2012-04-16 00:00:00-04:00,70.58307715341707,71.14089823082251,70.09963182498421,70.28556823730469,6272362,0.0,0.0
2012-04-17 00:00:00-04:00,70.7690040191341,71.9962125919668,70.35993449485653,71.92183685302734,7411719,0.0,0.0
2012-04-18 00:00:00-04:00,71.51281109866402,71.92188087331559,70.80623818616579,71.02936553955078,6955000,0.0,0.0
2012-04-19 00:00:00-04:00,71.28964427278531,71.587147245907,70.54588091975953,71.1780776977539,10885693,0.0,0.0
2012-04-20 00:00:00-04:00,72.25655684932478,73.03750535158751,71.5871690358291,71.9962387084961,14174478,0.0,0.0
2012-04-23 00:00:00-04:00,70.8806024276391,71.10372974468756,70.43434187331835,70.91779327392578,10859380,0.0,0.0
2012-04-24 00:00:00-04:00,71.36406422010023,72.88877678211242,71.06656106270036,72.6656494140625,10342608,0.0,0.0
2012-04-25 00:00:00-04:00,73.52095671237252,73.66970824421482,72.21937192841744,72.3309326171875,10088499,0.0,0.0
2012-04-26 00:00:00-04:00,72.25651664604865,73.29778270978322,72.1449500991335,72.96308898925781,7216599,0.0,0.0
2012-04-27 00:00:00-04:00,73.2234648893151,73.89285285970834,72.88877090411847,73.55815887451172,7803044,0.0,0.0
2012-04-30 00:00:00-04:00,73.18624623790845,73.33499773607677,72.29373132867649,72.81436157226562,6859808,0.0,0.0
2012-05-01 00:00:00-04:00,72.81436809082865,74.19032845239882,72.36811355637361,73.63250732421875,7303424,0.0,0.0
2012-05-02 00:00:00-04:00,73.33503078893881,73.55815813675711,72.59126704265312,73.5209732055664,7024693,0.0,0.0
2012-05-03 00:00:00-04:00,73.63255268924263,73.63255268924263,72.77722801112692,72.92597961425781,5049852,0.0,0.0
2012-05-04 00:00:00-04:00,72.73997590158248,72.85154247010225,71.58714306768923,71.92183685302734,7261232,0.0,0.0
2012-05-07 00:00:00-04:00,71.2152914221023,72.44250046105557,71.17810057839608,71.84748840332031,7459878,0.0,0.0
2012-05-08 00:00:00-04:00,71.51277482699258,71.8846594809038,70.73182652613394,71.58715057373047,8408122,0.0,0.0
2012-05-09 00:00:00-04:00,70.65749370638731,70.80624529023505,69.69060249115157,70.32279968261719,12875202,0.0,0.0
2012-05-10 00:00:00-04:00,71.10372530326018,71.5127949857421,70.69465562077824,70.9921646118164,7372971,0.0,0.0
2012-05-11 00:00:00-04:00,70.35997004700938,71.66155501645873,70.3227851188611,70.69466400146484,5484725,0.0,0.0
2012-05-14 00:00:00-04:00,69.988099582328,70.0624753677944,68.98401759819419,69.16996002197266,9802590,0.0,0.0
2012-05-15 00:00:00-04:00,68.98399918069781,69.43025969457753,68.12867491607801,68.42617797851562,9924929,0.0,0.0
2012-05-16 00:00:00-04:00,70.24835550926178,71.62431520079942,69.57896811331925,70.65742492675781,17739095,0.0,0.0
2012-05-17 00:00:00-04:00,70.47153797032868,71.14092589157295,70.17403485876426,70.21121978759766,10883418,0.0,0.0
2012-05-18 00:00:00-04:00,70.4715347290039,71.25248332105309,70.09965585665286,70.4715347290039,12757016,0.0,0.0
2012-05-21 00:00:00-04:00,70.62029134856111,71.36405506689029,70.47153978894016,71.1037368774414,8055734,0.0,0.0
2012-05-22 00:00:00-04:00,71.25245226088114,71.73589754430738,70.88057355063845,71.32682800292969,9846284,0.0,0.0
2012-05-23 00:00:00-04:00,71.10370077678407,71.43839457611323,69.72774066855392,71.32682800292969,13250043,0.0,0.0
2012-05-24 00:00:00-04:00,71.21527184004107,72.10778672111744,70.73182652613394,71.58715057373047,8739060,0.0,0.0
2012-05-25 00:00:00-04:00,71.73590250184677,72.21935373890489,71.10370569063346,71.40121459960938,5602076,0.0,0.0
2012-05-29 00:00:00-04:00,71.73594264109461,72.25657908295383,71.4012545515853,71.95907592773438,7435027,0.0,0.0
2012-05-30 00:00:00-04:00,71.36404990604605,71.40124075337397,70.62028624150373,70.80622863769531,8729963,0.0,0.0
2012-05-31 00:00:00-04:00,70.69465562077824,71.47561006200202,70.17402524685252,70.9921646118164,10231245,0.0,0.0
2012-06-01 00:00:00-04:00,69.98808989271186,70.62028694176318,68.46337762140452,68.94682312011719,12715763,0.0,0.0
2012-06-04 00:00:00-04:00,68.57493275239422,68.83525090444829,67.12459637409475,67.49647521972656,13895330,0.0,0.0
2012-06-05 00:00:00-04:00,67.2361705379871,68.0543100104713,67.01303728532831,67.8311767578125,8021325,0.0,0.0
2012-06-06 00:00:00-04:00,68.38899842870478,70.21121978759766,68.09149531714036,70.21121978759766,8948515,0.0,0.0
2012-06-07 00:00:00-04:00,70.99211862472909,71.40118804222512,70.28554040891434,70.65742492675781,29077584,0.0,0.0
2012-06-08 00:00:00-04:00,70.58307546031386,71.58715100746974,70.28556655133795,71.40121459960938,22521630,0.0,0.0
2012-06-11 00:00:00-04:00,71.95904330153009,72.25654632186179,70.91777681014665,71.0665283203125,10735852,0.0,0.0
2012-06-12 00:00:00-04:00,71.25245067844394,72.44247436523438,70.99213854716602,72.44247436523438,9828256,0.0,0.0
2012-06-13 00:00:00-04:00,71.58718664014488,72.66564439151577,71.40125013973423,72.033447265625,8391868,0.0,0.0
2012-06-14 00:00:00-04:00,71.99625369635896,73.52097201566899,71.54999900794473,73.33502960205078,13007703,0.0,0.0
2012-06-15 00:00:00-04:00,74.0994920575603,74.58428955078125,73.65198348247455,74.58428955078125,12476783,0.263584,0.0
2012-06-18 00:00:00-04:00,74.13681164839791,74.50973063807761,73.65200805664062,73.65200805664062,8757548,0.0,0.0
2012-06-19 00:00:00-04:00,74.0994920575603,75.10638189891789,74.02490828450942,74.58428955078125,9010488,0.0,0.0
2012-06-20 00:00:00-04:00,74.58429546066513,75.14367677126103,74.02491415006924,74.95721435546875,9752386,0.0,0.0
2012-06-21 00:00:00-04:00,75.1828914195465,75.48377734096572,73.18955287568228,73.45281982421875,12713635,0.814714,0.0
2012-06-22 00:00:00-04:00,74.01695714836349,74.8819897006585,73.37757849349639,74.50588989257812,10721997,0.0,0.0
2012-06-25 00:00:00-04:00,73.2647593405454,73.71607915826468,72.55016064802508,73.41519927978516,9319642,0.0,0.0
2012-06-26 00:00:00-04:00,73.49040395911811,74.84437510541298,73.37757103445364,74.46826934814453,12255977,0.0,0.0
2012-06-27 00:00:00-04:00,74.88197854971696,75.93506384294362,74.80675859930216,75.70940399169922,11224330,0.0,0.0
2012-06-28 00:00:00-04:00,74.91961638363294,75.97270202636719,74.73156345147352,75.97270202636719,11866613,0.0,0.0
2012-06-29 00:00:00-04:00,76.80013672894552,78.37976837158203,76.80013672894552,78.37976837158203,15236965,0.0,0.0
2012-07-02 00:00:00-04:00,78.00364522736784,78.30453108502779,76.27357399865122,77.06339263916016,12876934,0.0,0.0
2012-07-03 00:00:00-04:00,76.64969108429479,77.10101095595581,76.46163814405853,76.83773803710938,4433527,0.0,0.0
2012-07-05 00:00:00-04:00,76.49922350107,77.02576918982409,76.31117660144639,76.46161651611328,6061091,0.0,0.0
2012-07-06 00:00:00-04:00,75.82223985728496,76.19833962397323,75.0324213661101,75.22047424316406,11737430,0.0,0.0
2012-07-09 00:00:00-04:00,75.18291104873575,75.37096405029297,74.88203103618311,75.37096405029297,6881300,0.0,0.0
2012-07-10 00:00:00-04:00,75.37095260158678,75.48378558286673,73.34000085050694,73.79132080078125,11390989,0.0,0.0
2012-07-11 00:00:00-04:00,74.0169677734375,74.4306806154242,73.49042197911945,74.0169677734375,8923372,0.0,0.0
2012-07-12 00:00:00-04:00,73.34000171363276,73.8665416618162,72.81345577802651,73.11434173583984,10472375,0.0,0.0
2012-07-13 00:00:00-04:00,73.37758949810221,74.73156098509038,73.18954255957037,74.35546112060547,6765117,0.0,0.0
2012-07-16 00:00:00-04:00,73.37760374761908,73.75370967256288,73.07672379760194,73.6784896850586,7463989,0.0,0.0
2012-07-17 00:00:00-04:00,73.8665335089899,74.65635232522509,73.07672068017686,74.16741943359375,10840830,0.0,0.0
2012-07-18 00:00:00-04:00,73.90412078300125,74.69393333703204,73.67846090862388,74.61871337890625,8197311,0.0,0.0
2012-07-19 00:00:00-04:00,74.99481501335248,74.99481501335248,73.86650372896685,74.46826934814453,8751079,0.0,0.0
2012-07-20 00:00:00-04:00,74.8067949992228,76.61208666244615,73.15194331003103,74.73157501220703,24217844,0.0,0.0
2012-07-23 00:00:00-04:00,73.565631271592,75.70941514271401,73.41519134860455,75.55897521972656,12831341,0.0,0.0
2012-07-24 00:00:00-04:00,75.44614358309734,75.55897652099128,74.24261819105047,75.10765075683594,11453692,0.0,0.0
2012-07-25 00:00:00-04:00,75.44613410317702,75.82223985728496,75.14525428982641,75.22047424316406,8886438,0.0,0.0
2012-07-26 00:00:00-04:00,75.97270385084985,77.85321525534032,75.82226389647806,77.32667541503906,11951246,0.0,0.0
2012-07-27 00:00:00-04:00,77.58994252145858,78.9815210837579,77.32667559440807,78.6806411743164,16748951,0.0,0.0
2012-07-30 00:00:00-04:00,78.19171135697216,78.64303722604073,77.81560546817808,78.22932434082031,9388459,0.0,0.0
2012-07-31 00:00:00-04:00,78.04124450683594,78.56778418733467,78.04124450683594,78.04124450683594,7997684,0.0,0.0
2012-08-01 00:00:00-04:00,78.45498204589761,78.79347494119747,77.89082921620503,77.96604919433594,7456394,0.0,0.0
2012-08-02 00:00:00-04:00,77.17623901367188,77.85322487945459,75.97271324249773,77.17623901367188,9181215,0.0,0.0
2012-08-03 00:00:00-04:00,78.30454533633022,78.98152516757752,78.11649238949502,78.83108520507812,7906520,0.0,0.0
2012-08-06 00:00:00-04:00,78.86868286132812,79.65849550466126,78.60540998441017,78.86868286132812,7127793,0.0,0.0
2012-08-07 00:00:00-04:00,79.50807368249552,79.69612663561921,79.32002072937185,79.43285369873047,6492584,0.0,0.0
2012-08-08 00:00:00-04:00,79.1695974088311,79.32003740799422,78.6054444182577,79.01915740966797,6749363,0.0,0.0
2012-08-09 00:00:00-04:00,78.75586559026513,79.43285141208422,78.75586559026513,79.20719146728516,6501848,0.0,0.0
2012-08-10 00:00:00-04:00,78.98152199011287,79.35762786865234,78.75586205544218,79.35762786865234,5095340,0.0,0.0
2012-08-13 00:00:00-04:00,79.13195396809226,79.20717393304035,78.53018826108689,78.94390106201172,5607502,0.0,0.0
2012-08-14 00:00:00-04:00,79.28240519206571,79.39523216185019,78.60541942367307,78.755859375,6279686,0.0,0.0
2012-08-15 00:00:00-04:00,78.45498529882963,79.09435813316301,78.19171237074472,78.83108520507812,6024095,0.0,0.0
2012-08-16 00:00:00-04:00,78.4925776015231,79.508056139424,78.30453067731315,79.16956329345703,7010629,0.0,0.0
2012-08-17 00:00:00-04:00,79.05670938841936,79.16953630700195,78.75582363488876,78.98148345947266,6266644,0.0,0.0
2012-08-20 00:00:00-04:00,78.79348934002122,79.05676230530104,78.3421634013383,78.71826934814453,5714316,0.0,0.0
2012-08-21 00:00:00-04:00,78.86870721317966,79.16958717260366,78.22933430569239,78.4173812866211,6351424,0.0,0.0
2012-08-22 00:00:00-04:00,78.11647626280296,78.49257609140784,77.89081636564003,78.15408325195312,5846044,0.0,0.0
2012-08-23 00:00:00-04:00,78.0036480692748,78.19170098873599,77.58993523891279,77.62754821777344,7624262,0.0,0.0
2012-08-24 00:00:00-04:00,77.43950556680579,78.6054242421926,77.28906560625687,78.22932434082031,6121770,0.0,0.0
2012-08-27 00:00:00-04:00,78.30455429554839,78.79348722332367,78.1917213170531,78.4173812866211,6004377,0.0,0.0
2012-08-28 00:00:00-04:00,78.07884624192516,78.68061182375055,78.07884624192516,78.26689910888672,5406936,0.0,0.0
2012-08-29 00:00:00-04:00,78.3045425415039,78.79347539588703,78.26692955851058,78.3045425415039,4157759,0.0,0.0
2012-08-30 00:00:00-04:00,77.92842809897454,78.15408800987535,77.55232824747317,77.62754821777344,4431524,0.0,0.0
2012-08-31 00:00:00-04:00,78.07886265393255,78.34213552553426,77.51470992188354,77.89081573486328,6192882,0.0,0.0
2012-09-04 00:00:00-04:00,77.5899459829295,77.81560592507786,77.02579313384771,77.13862609863281,7965383,0.0,0.0
2012-09-05 00:00:00-04:00,77.28907643752275,78.11650232391878,77.13863645589123,77.66517639160156,6892839,0.0,0.0
2012-09-06 00:00:00-04:00,78.49256419131844,80.18502813200121,78.4173442370014,80.14741516113281,11096358,0.0,0.0
2012-09-07 00:00:00-04:00,80.18503564553363,81.20050811767578,80.10981568416831,81.20050811767578,7591085,0.0,0.0
2012-09-10 00:00:00-04:00,80.78680419921875,81.42618292209795,80.59875726888578,80.78680419921875,7026132,0.0,0.0
2012-09-11 00:00:00-04:00,80.82440831084912,81.57661391192276,80.48591549099497,81.20050811767578,7009606,0.0,0.0
2012-09-12 00:00:00-04:00,81.5013861621391,82.47925155386217,81.46377319134064,82.32881164550781,8973722,0.0,0.0
2012-09-13 00:00:00-04:00,81.87752073303756,83.6452053760612,81.80230074688998,82.81777954101562,23327211,0.0,0.0
2012-09-14 00:00:00-04:00,83.4947428398999,84.13411554307943,82.66731722846028,83.15625,20897174,0.0,0.0
2012-09-17 00:00:00-04:00,82.47929071737566,82.93061065673828,82.36645773882371,82.93061065673828,16543398,0.0,0.0
2012-09-18 00:00:00-04:00,82.70492122863705,83.64517974853516,82.59209427769518,83.64517974853516,8102599,0.0,0.0
2012-09-19 00:00:00-04:00,83.87086931919427,84.58546221525752,83.68281635117984,84.35980224609375,8443011,0.0,0.0
2012-09-20 00:00:00-04:00,84.09452700674152,85.15565537185091,83.82924340717689,85.00406646728516,9113734,0.814714,0.0
2012-09-21 00:00:00-04:00,85.4588205587841,85.98938160894471,85.11774258139268,85.38302612304688,13886817,0.0,0.0
2012-09-24 00:00:00-04:00,84.89034312587273,85.07983220921102,84.51137099234325,84.73875427246094,7678723,0.0,0.0
2012-09-25 00:00:00-04:00,84.85248661834271,85.91361509669781,84.51140853009468,84.54930877685547,9815298,0.0,0.0
2012-09-26 00:00:00-04:00,83.98080889158162,84.32188684831095,83.63973696799971,83.75342559814453,8580874,0.0,0.0
2012-09-27 00:00:00-04:00,84.28400310890854,86.63364886545702,83.86713066929987,86.14097595214844,14043042,0.0,0.0
2012-09-28 00:00:00-04:00,86.29258256189169,87.01263286129787,85.72412116413427,86.06519317626953,14799588,0.0,0.0
2012-10-01 00:00:00-04:00,86.14098426620284,87.1642183621329,86.06518981833565,86.44416809082031,8878718,0.0,0.0
2012-10-02 00:00:00-04:00,86.8989388454508,87.12632823284439,86.06519384673845,86.36837768554688,9451850,0.0,0.0
2012-10-03 00:00:00-04:00,86.63363705820677,87.08840363953733,86.10307001350711,86.8231201171875,6871117,0.0,0.0
2012-10-04 00:00:00-04:00,86.97472381591797,87.35370206482955,86.29257382754422,86.97472381591797,8418389,0.0,0.0
2012-10-05 00:00:00-04:00,87.31578901703986,87.84635607442003,87.16420015297338,87.61897277832031,7994366,0.0,0.0
2012-10-08 00:00:00-04:00,86.67154146416883,87.12631413220592,86.59574702502064,86.86103057861328,5050082,0.0,0.0
2012-10-09 00:00:00-04:00,86.93681512711663,87.05050978947808,85.64829774189386,85.7240982055664,8174546,0.0,0.0
2012-10-10 00:00:00-04:00,85.68622257098016,86.17888952739342,84.92827201500228,85.00406646728516,6840799,0.0,0.0
2012-10-11 00:00:00-04:00,85.61041187312688,86.06517850052688,85.19353944810288,85.3072280883789,5041652,0.0,0.0
2012-10-12 00:00:00-04:00,85.57250702012496,86.06517385646474,84.92825131616489,85.19353485107422,6876376,0.0,0.0
2012-10-15 00:00:00-04:00,85.4209088536492,86.02727029126997,85.23141977317765,85.79988098144531,6171932,0.0,0.0
2012-10-16 00:00:00-04:00,86.36834822285996,86.70942615444997,85.53460350856153,85.79988098144531,7442726,0.0,0.0
2012-10-17 00:00:00-04:00,86.29255910563518,86.86102034887206,86.10307001350711,86.8231201171875,5899399,0.0,0.0
2012-10-18 00:00:00-04:00,86.44416809082031,87.46739615360163,86.40626785031235,86.44416809082031,9001829,0.0,0.0
2012-10-19 00:00:00-04:00,85.30722237496238,85.38302284093363,82.88178845830883,83.48814392089844,22510445,0.0,0.0
2012-10-22 00:00:00-04:00,82.84388742985628,83.18496539086169,80.53214216806188,82.2375259399414,18098327,0.0,0.0
2012-10-23 00:00:00-04:00,80.91111336908111,81.10060246364766,80.34265211852886,80.64583587646484,11747112,0.0,0.0
2012-10-24 00:00:00-04:00,81.21430887553379,81.32799752220205,80.49425262527602,80.57005310058594,8825467,0.0,0.0
2012-10-25 00:00:00-04:00,81.47959243967358,81.74486997066506,79.69840796600494,80.57005310058594,9550380,0.0,0.0
2012-10-26 00:00:00-04:00,80.30476306201908,81.10060765712662,79.84999041256633,80.00157928466797,8936455,0.0,0.0
2012-10-31 00:00:00-04:00,80.57004603034204,80.79742933687336,79.47101766571897,79.81209564208984,8175235,0.0,0.0
2012-11-01 00:00:00-04:00,79.69840709015213,81.06271910036452,79.66051288606191,80.87322998046875,9646720,0.0,0.0
2012-11-02 00:00:00-04:00,81.59325081317154,82.16171193504425,80.57002320705907,80.75950622558594,9906274,0.0,0.0
2012-11-05 00:00:00-05:00,80.3426685470819,81.36590262719638,80.3426685470819,81.13851928710938,6259884,0.0,0.0
2012-11-06 00:00:00-05:00,81.51747808593706,82.54071199741543,81.29009478332442,81.8206558227539,6830178,0.0,0.0
2012-11-07 00:00:00-05:00,80.94899928549091,81.55536066098094,79.84997117777347,80.07735443115234,9442669,0.0,0.0
2012-11-08 00:00:00-05:00,80.1910653180914,80.30475998438426,79.12993722089921,79.16783142089844,8507299,0.0,0.0
2012-11-09 00:00:00-05:00,78.67514724885933,80.7216145922035,78.4477639995365,79.58468627929688,8410501,0.0,0.0
2012-11-12 00:00:00-05:00,79.73629871921514,80.11527088494536,79.12993722089921,79.16783142089844,4552256,0.0,0.0
2012-11-13 00:00:00-05:00,78.06876305909924,79.39517390622537,77.95506845989208,78.37194061279297,8570441,0.0,0.0
2012-11-14 00:00:00-05:00,78.56147280798125,78.63726723809042,75.60546590113455,75.83285522460938,13675609,0.0,0.0
2012-11-15 00:00:00-05:00,75.41599855874188,76.66661596588631,75.41599855874188,76.02235412597656,10800412,0.0,0.0
2012-11-16 00:00:00-05:00,76.17394470236495,76.51502273305167,75.30230553861458,76.36343383789062,9449784,0.0,0.0
2012-11-19 00:00:00-05:00,77.34874140260541,78.52356399056299,77.27294698078363,78.29618072509766,7988294,0.0,0.0
2012-11-20 00:00:00-05:00,78.33408135726296,78.40986974632958,77.19715295776945,78.14459228515625,5601722,0.0,0.0
2012-11-21 00:00:00-05:00,78.4477350012164,78.59932377806327,77.95506845989208,78.37194061279297,8559402,0.0,0.0
2012-11-23 00:00:00-05:00,78.86465258867467,79.73629760742188,78.56147486031783,79.73629760742188,7398427,0.0,0.0
2012-11-26 00:00:00-05:00,79.1299396893481,79.84998984327117,79.09203945501899,79.81209564208984,9961799,0.0,0.0
2012-11-27 00:00:00-05:00,79.73628739681476,80.3426427758818,79.01623133445256,79.09202575683594,6886204,0.0,0.0
2012-11-28 00:00:00-05:00,78.63725701841442,80.15315748988634,77.68981771545782,80.1152572631836,7257831,0.0,0.0
2012-11-29 00:00:00-05:00,80.4942267455868,80.94899928549091,79.39520467101573,80.07735443115234,5765918,0.0,0.0
2012-11-30 00:00:00-05:00,80.11525465662201,80.57002719652613,79.73628256765723,80.07735443115234,7899321,0.0,0.0
2012-12-03 00:00:00-05:00,80.26685550119011,80.45634459059576,78.82675531451953,78.90254974365234,6256086,0.0,0.0
2012-12-04 00:00:00-05:00,79.09203238138599,79.62259941565534,78.48567695153216,79.05413818359375,7682354,0.0,0.0
2012-12-05 00:00:00-05:00,79.24362019061374,80.94900373440174,79.05413111914396,80.45633697509766,9695797,0.0,0.0
2012-12-06 00:00:00-05:00,80.34263872211784,81.06269474814894,79.88787221076325,80.98690032958984,6833934,0.0,0.0
2012-12-07 00:00:00-05:00,81.25219323791784,81.40378210387902,80.49424287496436,81.32798767089844,7000321,0.0,0.0
2012-12-10 00:00:00-05:00,81.2142872081382,81.47957070150224,80.94900371477416,81.06269836425781,5759971,0.0,0.0
2012-12-11 00:00:00-05:00,81.40376903628854,82.42700276699013,80.94900251140778,81.51746368408203,9547793,0.0,0.0
2012-12-12 00:00:00-05:00,81.89646232383802,83.18497383338854,81.74486741111315,82.54071807861328,8850110,0.0,0.0
2012-12-13 00:00:00-05:00,82.38912936223231,83.0712793216789,81.66907313309427,81.93435668945312,7087417,0.0,0.0
2012-12-14 00:00:00-05:00,81.89646248605793,82.46492380217082,81.66907313309427,81.93435668945312,9919086,0.0,0.0
2012-12-17 00:00:00-05:00,82.1996147176179,83.18494816395814,82.1996147176179,83.1091537475586,10116710,0.0,0.0
2012-12-18 00:00:00-05:00,82.80600759116803,83.03339092689018,81.13851772957518,82.19964599609375,16926502,0.0,0.0
2012-12-19 00:00:00-05:00,82.01017553926697,82.08597000176528,79.47104596269868,79.62263488769531,19265917,0.0,0.0
2012-12-20 00:00:00-05:00,79.96679443297502,81.22881843975244,79.81381610687006,80.502197265625,10606586,0.910563,0.0
2012-12-21 00:00:00-05:00,79.69909379480274,80.27274275854158,78.62828198994322,79.85206604003906,16866950,0.0,0.0
2012-12-24 00:00:00-05:00,79.50786452844449,80.15799952554383,79.35489230420986,79.62259674072266,3150213,0.0,0.0
2012-12-26 00:00:00-05:00,79.58435345523074,80.08151624567869,79.20192288111872,79.43138122558594,5958784,0.0,0.0
2012-12-27 00:00:00-05:00,79.54613300154938,79.81383142514994,78.09288428617458,79.12545013427734,7998164,0.0,0.0
2012-12-28 00:00:00-05:00,78.2075896829714,79.20192133263163,78.1311035696444,78.16934967041016,6761361,0.0,0.0
2012-12-31 00:00:00-05:00,77.59573277816772,80.31100614161335,77.48100051675738,80.27276611328125,12266201,0.0,0.0
2013-01-02 00:00:00-05:00,82.26138686001003,82.37611907790998,81.07584293179457,81.61125183105469,9617131,0.0,0.0
2013-01-03 00:00:00-05:00,82.14666284491139,82.18490895076536,80.50220205729703,80.69342041015625,10122010,0.0,0.0
2013-01-04 00:00:00-05:00,81.11408991348482,81.30530824932352,80.76989934425707,81.07584381103516,6218673,0.0,0.0
2013-01-07 00:00:00-05:00,80.92286056045764,81.15231887930176,80.15799340943994,80.8081283569336,6832995,0.0,0.0
2013-01-08 00:00:00-05:00,80.69339491358893,80.76988101292436,79.08717465113814,79.92852783203125,8355978,0.0,0.0
2013-01-09 00:00:00-05:00,80.46394915068801,80.5786752734621,80.04327249470619,80.11975860595703,5955320,0.0,0.0
2013-01-10 00:00:00-05:00,80.46398811506494,81.19060956791378,80.15803743370178,80.96115112304688,6958505,0.0,0.0
2013-01-11 00:00:00-05:00,81.15231887930176,81.22880498558312,80.38745781648801,80.8081283569336,8730359,0.0,0.0
2013-01-14 00:00:00-05:00,80.99934050353318,81.22879880491791,80.57866390689274,80.76988220214844,6617906,0.0,0.0
2013-01-15 00:00:00-05:00,80.46395487747897,81.11408991348482,80.3492226583348,81.07584381103516,5540187,0.0,0.0
2013-01-16 00:00:00-05:00,80.88461439694255,81.07582660399476,80.5404239007637,80.76988220214844,8123653,0.0,0.0
2013-01-17 00:00:00-05:00,81.15233190825352,82.37612198164207,80.76990131544767,81.45828247070312,13323429,0.0,0.0
2013-01-18 00:00:00-05:00,83.90586282309972,84.86194857851177,82.56734641844635,84.28829956054688,23595384,0.0,0.0
2013-01-22 00:00:00-05:00,84.82369459580335,84.90018071306208,83.75287677777143,84.17355346679688,11511011,0.0,0.0
2013-01-23 00:00:00-05:00,84.0588468885812,84.25005918210498,83.17924720318813,83.90586853027344,9854798,0.0,0.0
2013-01-24 00:00:00-05:00,83.98235355182693,84.86194707358634,83.94410744347813,84.3265380859375,9805261,0.0,0.0
2013-01-25 00:00:00-05:00,85.20611423843138,85.32084644368597,84.55597928113148,85.24435424804688,8747073,0.0,0.0
2013-01-28 00:00:00-05:00,85.81806502692409,86.20049581294253,85.12968352388287,86.04752349853516,10340959,0.0,0.0
2013-01-29 00:00:00-05:00,86.00927737582931,86.35346812734991,85.6650866243087,86.04752349853516,7125393,0.0,0.0
2013-01-30 00:00:00-05:00,86.12396568241489,86.23869790374425,85.01490783691406,85.01490783691406,7553651,0.0,0.0
2013-01-31 00:00:00-05:00,84.9384569304133,85.66507839817731,84.82373074972854,85.20616149902344,7183756,0.0,0.0
2013-02-01 00:00:00-05:00,85.77976625287157,86.58287345466968,85.35908960235726,86.50639343261719,9147809,0.0,0.0
2013-02-04 00:00:00-05:00,85.70332307685202,86.00926767114613,85.20616006702042,85.32089233398438,7477740,0.0,0.0
2013-02-05 00:00:00-05:00,85.97098113153902,86.50638997011032,85.85624892664403,86.200439453125,6451352,0.0,0.0
2013-02-06 00:00:00-05:00,85.9327727368513,86.0475049920851,85.3208836108223,85.81804656982422,8969507,0.0,0.0
2013-02-07 00:00:00-05:00,86.04747915978392,86.08571917457736,85.16787967287162,85.97099304199219,7997162,0.0,0.0
2013-02-08 00:00:00-05:00,86.04752349853516,86.27698197014622,85.85630506142193,86.04752349853516,5096488,0.0,0.0
2013-02-11 00:00:00-05:00,86.00923444508389,86.08572056411022,85.47383161189964,85.85626220703125,4118718,0.0,0.0
2013-02-12 00:00:00-05:00,85.97100107695897,86.6211361830537,85.97100107695897,86.35343170166016,7156588,0.0,0.0
2013-02-13 00:00:00-05:00,88.3803219785542,89.79532430610888,88.11261751913469,89.45113372802734,17721024,0.0,0.0
2013-02-14 00:00:00-05:00,88.91571431423779,89.83355365520599,88.38030549525475,89.52760314941406,11267023,0.0,0.0
2013-02-15 00:00:00-05:00,89.79529309904069,90.0629974654234,88.83921390393468,89.06867218017578,8196873,0.0,0.0
2013-02-19 00:00:00-05:00,89.56588859701047,90.82791900634766,89.52764248390639,90.82791900634766,8600843,0.0,0.0
2013-02-20 00:00:00-05:00,90.67490689177717,90.82787910057124,89.29814483622296,89.52760314941406,7951570,0.0,0.0
2013-02-21 00:00:00-05:00,89.37341392580915,90.02886889203938,89.14207796208495,89.6818618774414,9976385,0.910563,0.0
2013-02-22 00:00:00-05:00,90.02885862234278,90.41442465592453,89.56618674767192,90.1830825805664,5808381,0.0,0.0
2013-02-25 00:00:00-05:00,90.6072096110616,90.72288065905113,87.94683074951172,87.94683074951172,10771095,0.0,0.0
2013-02-26 00:00:00-05:00,88.56374439839117,89.25775236333916,88.33240227205113,88.8721923828125,8621146,0.0,0.0
2013-02-27 00:00:00-05:00,88.75651845352566,90.22165860826291,88.67940645991042,90.10598754882812,6192340,0.0,0.0
2013-02-28 00:00:00-05:00,90.10594590323912,90.45295278313836,89.45049119143879,89.52760314941406,8286931,0.0,0.0
2013-03-01 00:00:00-05:00,88.75652461504949,89.99032887459234,88.67941261608108,89.41197967529297,8602491,0.0,0.0
2013-03-04 00:00:00-05:00,89.25772000230992,89.75895086428176,88.79504819342293,89.72039794921875,5312078,0.0,0.0
2013-03-05 00:00:00-05:00,90.45297744153305,91.41688638602679,90.37586546253627,90.95420837402344,7455079,0.0,0.0
2013-03-06 00:00:00-05:00,91.91812738659436,91.91812738659436,91.2626724243164,91.2626724243164,6581015,0.0,0.0
2013-03-07 00:00:00-05:00,91.37830519762657,91.87953600872947,91.26264032615434,91.30119323730469,4789984,0.0,0.0
2013-03-08 00:00:00-05:00,91.99523851561527,92.14946248906236,91.30122449708004,91.64823150634766,6041206,0.0,0.0
2013-03-11 00:00:00-04:00,91.3397802667208,91.57111621855195,90.41443032137312,91.06988525390625,7292156,0.0,0.0
2013-03-12 00:00:00-04:00,90.95419143202471,90.99275048335207,89.95172975377204,90.26017761230469,7635572,0.0,0.0
2013-03-13 00:00:00-04:00,90.37586627375846,90.68431419251422,90.22164231438059,90.56864929199219,5039690,0.0,0.0
2013-03-14 00:00:00-04:00,90.79998509043985,91.60966394493119,90.64576113130082,91.33977508544922,7225926,0.0,0.0
2013-03-15 00:00:00-04:00,90.3758544921875,91.4554282051201,90.0674066136416,90.3758544921875,12281266,0.0,0.0
2013-03-18 00:00:00-04:00,89.33480322973567,90.02881685781048,89.18057934305679,89.64325714111328,7031912,0.0,0.0
2013-03-19 00:00:00-04:00,89.83606700987319,90.0674090630961,89.33483612459376,89.9131851196289,7543176,0.0,0.0
2013-03-20 00:00:00-04:00,91.49400871211844,91.76390373814105,89.95175668172364,90.45298767089844,8190822,0.0,0.0
2013-03-21 00:00:00-04:00,90.29876210829443,90.99277612357585,89.79753112792969,89.79753112792969,8042651,0.0,0.0
2013-03-22 00:00:00-04:00,89.91321063380195,90.22165860826291,89.75898050854762,90.10598754882812,6386333,0.0,0.0
2013-03-25 00:00:00-04:00,90.41442128565137,90.53008618099624,88.87216948485849,89.604736328125,8697954,0.0,0.0
2013-03-26 00:00:00-04:00,89.72040986247963,89.83607476104869,88.71794800542703,89.1420669555664,6750949,0.0,0.0
2013-03-27 00:00:00-04:00,88.75650872438895,89.2191867733873,88.10105378149586,89.06495666503906,5736643,0.0,0.0
2013-03-28 00:00:00-04:00,89.21917893395333,89.45051486911409,88.64083602704011,89.1420669555664,6500033,0.0,0.0
2013-04-01 00:00:00-04:00,88.79503141261206,89.06492018111399,88.56369555188726,88.98780822753906,5727712,0.0,0.0
2013-04-02 00:00:00-04:00,89.33482688180847,90.10595265738411,89.06493193965377,89.99028778076172,6088781,0.0,0.0
2013-04-03 00:00:00-04:00,90.14451432474624,90.22162629073985,88.37092683084975,88.67937469482422,10969429,0.0,0.0
2013-04-04 00:00:00-04:00,88.71791945903712,89.18059118048673,88.52513650608945,88.98780822753906,6358372,0.0,0.0
2013-04-05 00:00:00-04:00,87.90826915857379,88.44805918296531,87.75404519103995,88.40950012207031,6552449,0.0,0.0
2013-04-08 00:00:00-04:00,88.87217196220087,89.1420669555664,88.0239340619221,89.1420669555664,6362858,0.0,0.0
2013-04-09 00:00:00-04:00,89.64330148573247,89.64330148573247,88.29383260270917,88.91072845458984,6607953,0.0,0.0
2013-04-10 00:00:00-04:00,89.06495110110144,91.1855459056542,88.91072714041084,90.91565704345703,8298971,0.0,0.0
2013-04-11 00:00:00-04:00,90.79998441602989,91.45543930651382,90.33730640402653,90.95420837402344,5651488,0.0,0.0
2013-04-12 00:00:00-04:00,90.56865872148623,90.95421866007325,89.95175668172364,90.45298767089844,5682766,0.0,0.0
2013-04-15 00:00:00-04:00,89.75897162720041,89.83608361318568,87.94683074951172,87.94683074951172,9693147,0.0,0.0
2013-04-16 00:00:00-04:00,88.94929175630686,89.06495666503906,88.29383681341378,89.06495666503906,7515320,0.0,0.0
2013-04-17 00:00:00-04:00,88.52516184419244,88.7950568279657,87.32991701464118,87.75403594970703,8904217,0.0,0.0
2013-04-18 00:00:00-04:00,87.75402749483399,88.10103442082033,87.02146072776387,87.40702056884766,8590806,0.0,0.0
2013-04-19 00:00:00-04:00,84.59243020383546,84.93943720348729,83.32007938914292,83.85986328125,22710344,0.0,0.0
2013-04-22 00:00:00-04:00,83.55140024198545,83.58995315829925,81.39224664972896,82.31759643554688,18326562,0.0,0.0
2013-04-23 00:00:00-04:00,83.08871953924235,83.62850945400608,82.35615277322455,82.89594268798828,13665197,0.0,0.0
2013-04-24 00:00:00-04:00,83.62853457489024,84.93944456449354,83.47431059235146,84.6695556640625,10747496,0.0,0.0
2013-04-25 00:00:00-04:00,85.63343557057107,85.71054754108114,84.4767498748978,84.63097381591797,8651735,0.0,0.0
2013-04-26 00:00:00-04:00,84.74666245494772,86.3660203102585,84.70810339266734,85.63345336914062,9809727,0.0,0.0
2013-04-29 00:00:00-04:00,86.01901434268184,86.05756726465444,84.82376941514147,85.86478424072266,7622802,0.0,0.0
2013-04-30 00:00:00-04:00,85.94190216064453,86.2889091724882,85.63345421146053,85.94190216064453,7105946,0.0,0.0
2013-05-01 00:00:00-04:00,85.2093166142009,86.1732254520494,85.2093166142009,85.402099609375,8179888,0.0,0.0
2013-05-02 00:00:00-04:00,85.78767639222866,86.05757141113281,85.40211646381073,86.05757141113281,5769820,0.0,0.0
2013-05-03 00:00:00-04:00,87.02144622802734,88.1010197412025,86.94433427265918,87.02144622802734,9498987,0.0,0.0
2013-05-06 00:00:00-04:00,86.98290847253413,87.291356369507,86.05755864359323,87.06002044677734,5960203,0.0,0.0
2013-05-07 00:00:00-04:00,87.48412481110682,87.86969075616209,87.21423601519368,87.44557189941406,5886712,0.0,0.0
2013-05-08 00:00:00-04:00,87.4455920501318,88.756501834151,87.214256112603,88.71794891357422,8341747,0.0,0.0
2013-05-09 00:00:00-04:00,88.64083117601962,89.06494396492606,87.48413928747246,87.83114624023438,6254500,0.0,0.0
2013-05-10 00:00:00-04:00,87.79258476057771,88.33236852710553,87.09857092273452,88.29381561279297,7327649,0.0,0.0
2013-05-13 00:00:00-04:00,88.13964092202127,88.21675293174962,87.2142906672559,88.10108184814453,6319081,0.0,0.0
2013-05-14 00:00:00-04:00,88.1010469421414,88.94928485110302,87.94682298378886,88.71794891357422,8261412,0.0,0.0
2013-05-15 00:00:00-04:00,88.83361042772856,89.64329538525493,88.33237951317425,89.604736328125,8378409,0.0,0.0
2013-05-16 00:00:00-04:00,89.06493701292943,90.02884582181008,89.06493701292943,89.72039794921875,6890711,0.0,0.0
2013-05-17 00:00:00-04:00,89.72042071857142,90.53009965861584,89.45052569254882,90.45298767089844,8563012,0.0,0.0
2013-05-20 00:00:00-04:00,90.452986715911,90.91566477535392,90.33731566654444,90.87710571289062,6861811,0.0,0.0
2013-05-21 00:00:00-04:00,90.9542184389889,91.68679152755863,90.9542184389889,91.22411346435547,7055909,0.0,0.0
2013-05-22 00:00:00-04:00,91.68678370461565,93.03625257828506,91.57111266417836,91.99523162841797,14296358,0.0,0.0
2013-05-23 00:00:00-04:00,90.68432341362235,91.571120477252,90.41443452627915,91.22411346435547,9261175,0.0,0.0
2013-05-24 00:00:00-04:00,90.60719121914232,91.2626521740031,90.56863830298698,90.72286224365234,8558317,0.0,0.0
2013-05-28 00:00:00-04:00,91.64822222375844,91.9181172189662,90.91565535507112,90.99276733398438,9874516,0.0,0.0
2013-05-29 00:00:00-04:00,90.29876515718239,91.3783391407251,90.22165316821672,91.14700317382812,8187170,0.0,0.0
2013-05-30 00:00:00-04:00,90.91565535507112,91.60966316529047,90.60720130139539,90.99276733398438,6123627,0.0,0.0
2013-05-31 00:00:00-04:00,90.95419980704351,91.72532566240159,89.87462606475104,89.9131851196289,10276107,0.0,0.0
2013-06-03 00:00:00-04:00,90.10598211575649,91.68679323461122,89.91320521235409,91.14700317382812,9435366,0.0,0.0
2013-06-04 00:00:00-04:00,90.9542184389889,91.6096734020053,90.26020441319585,91.22411346435547,8075494,0.0,0.0
2013-06-05 00:00:00-04:00,90.79997586357632,90.91564689018777,89.48906620608307,89.9131851196289,9338922,0.0,0.0
2013-06-06 00:00:00-04:00,89.64329272094834,90.18307653856711,89.06494370932339,90.14452362060547,8905176,0.0,0.0
2013-06-07 00:00:00-04:00,90.761427657163,92.342238611707,90.49153879284738,91.99523162841797,10233039,0.0,0.0
2013-06-10 00:00:00-04:00,92.07231209210794,92.22653600121673,91.14696249943441,91.68675231933594,8685872,0.0,0.0
2013-06-11 00:00:00-04:00,90.56865006289179,91.33977600436758,90.53009100370774,90.91565704345703,7550020,0.0,0.0
2013-06-12 00:00:00-04:00,91.37832654393654,91.49399758045116,90.29875270921646,90.6072006225586,7061542,0.0,0.0
2013-06-13 00:00:00-04:00,90.41440262459231,91.72531208808569,89.9902837738113,91.30119323730469,7288671,0.0,0.0
2013-06-14 00:00:00-04:00,91.30119750372043,91.57109244646959,90.45295976252109,90.68429565429688,5810405,0.0,0.0
2013-06-17 00:00:00-04:00,91.5711195196241,91.95667945324185,91.18555344798307,91.64823150634766,8195892,0.0,0.0
2013-06-18 00:00:00-04:00,91.87954628831062,94.27003573980339,91.64821038146283,93.80735778808594,15183693,0.0,0.0
2013-06-19 00:00:00-04:00,93.3061081088434,93.8844508283703,92.45787048339844,92.45787048339844,9615608,0.0,0.0
2013-06-20 00:00:00-04:00,91.83605723925348,92.06924689578626,90.16489976067977,90.35922241210938,13090041,0.910563,0.0
2013-06-21 00:00:00-04:00,91.64175554369326,91.87493905076234,90.20378130286775,90.7867431640625,13568294,0.0,0.0
2013-06-24 00:00:00-04:00,89.85400140468306,89.97059006269205,88.45488801222281,89.1155776977539,10174530,0.0,0.0
2013-06-25 00:00:00-04:00,90.04830798912384,90.35922547937399,89.15443489888264,89.81512451171875,7630585,0.0,0.0
2013-06-26 00:00:00-04:00,91.05877282057824,91.09763982568143,89.46534316516775,90.35922241210938,6788133,0.0,0.0
2013-06-27 00:00:00-04:00,90.98104346713446,91.25309393715143,90.39808170969411,90.63127136230469,6440961,0.0,0.0
2013-06-28 00:00:00-04:00,90.63130077241931,91.09766785489181,90.00947180874424,90.12606048583984,9582431,0.0,0.0
2013-07-01 00:00:00-04:00,90.20377328260028,91.8749308819076,90.12603926677798,90.7090072631836,7466931,0.0,0.0
2013-07-02 00:00:00-04:00,90.4369671987299,90.70901772435181,88.92126508217909,88.99899291992188,9926306,0.0,0.0
2013-07-03 00:00:00-04:00,88.72693048762646,89.3098922859892,88.45487999851225,89.037841796875,4475489,0.0,0.0
2013-07-05 00:00:00-04:00,90.04831539954601,90.32036590576172,89.19330305832173,90.32036590576172,4734313,0.0,0.0
2013-07-08 00:00:00-04:00,90.78672700601638,91.44741658531257,90.43694871414355,90.63127136230469,7403560,0.0,0.0
2013-07-09 00:00:00-04:00,91.4085805242629,92.49678277270627,91.36971969370144,91.79722595214844,6581494,0.0,0.0
2013-07-10 00:00:00-04:00,92.18583128246449,92.2246982857739,90.78672434305494,91.48627471923828,5937918,0.0,0.0
2013-07-11 00:00:00-04:00,92.92427437676615,93.11859087301958,91.83607229993494,93.04086303710938,6806224,0.0,0.0
2013-07-12 00:00:00-04:00,93.23520341572407,93.27406424753258,91.68063402838644,92.34132385253906,6939621,0.0,0.0
2013-07-15 00:00:00-04:00,92.22472020640006,92.26358103190331,91.56403048944583,91.83607482910156,7481266,0.0,0.0
2013-07-16 00:00:00-04:00,91.95267155059602,91.9915385639344,90.70901992943467,91.05879211425781,7969306,0.0,0.0
2013-07-17 00:00:00-04:00,91.48627471923828,91.75832518127547,91.05876861804926,91.48627471923828,5604351,0.0,0.0
2013-07-18 00:00:00-04:00,91.7194861655475,93.04086559945596,91.56403048944583,91.83607482910156,8646581,0.0,0.0
2013-07-19 00:00:00-04:00,94.0901830298009,96.96613105890201,93.66267690725651,96.07225799560547,21640116,0.0,0.0
2013-07-22 00:00:00-04:00,96.26660799265247,96.84957615221893,96.11115229158621,96.61638641357422,8672163,0.0,0.0
2013-07-23 00:00:00-04:00,96.65522265315643,96.69408347252536,95.72248255673838,96.03339385986328,6792577,0.0,0.0
2013-07-24 00:00:00-04:00,96.34431394043231,96.53863661611081,95.45044076899029,95.68362426757812,5735078,0.0,0.0
2013-07-25 00:00:00-04:00,95.64476949604637,95.95568084716797,95.29499113251241,95.95568084716797,6249784,0.0,0.0
2013-07-26 00:00:00-04:00,95.80022430419922,95.8390851292154,95.2172624326024,95.80022430419922,6492563,0.0,0.0
2013-07-29 00:00:00-04:00,95.33386909461802,95.60591966927403,95.06181851996202,95.17841339111328,5339371,0.0,0.0
2013-07-30 00:00:00-04:00,95.48929851025943,95.7613490100209,94.82860885872708,95.1395263671875,6510570,0.0,0.0
2013-07-31 00:00:00-04:00,95.48928379902739,95.95565689634597,94.67313861252333,94.71200561523438,8128411,0.0,0.0
2013-08-01 00:00:00-04:00,95.60589643471552,96.65523145892669,95.29498510326506,95.68362426757812,6664187,0.0,0.0
2013-08-02 00:00:00-04:00,95.29497927117036,95.9945297241211,94.82860611549299,95.9945297241211,5367081,0.0,0.0
2013-08-05 00:00:00-04:00,95.48931468422218,95.60590954302411,95.17840331014337,95.29499816894531,3749992,0.0,0.0
2013-08-06 00:00:00-04:00,95.17836201721319,95.21722901563307,94.24562211259922,94.47880554199219,4780761,0.0,0.0
2013-08-07 00:00:00-04:00,94.09018687077447,94.59542083740234,93.62381372394074,94.59542083740234,5836613,0.0,0.0
2013-08-08 00:00:00-04:00,95.10065001835068,95.37270049139322,94.12904295378254,94.55654907226562,4668293,0.0,0.0
2013-08-09 00:00:00-04:00,94.59542959084858,94.98406875997013,94.09019557746856,94.24565124511719,4332555,0.0,0.0
2013-08-12 00:00:00-04:00,93.81815308940568,94.4399820002264,93.5072417275176,94.3233871459961,5710226,0.0,0.0
2013-08-13 00:00:00-04:00,94.43995294807002,94.43995294807002,93.66266859541791,94.05130767822266,5953901,0.0,0.0
2013-08-14 00:00:00-04:00,94.05133849787983,94.40111688054418,93.46837658912078,93.54610443115234,5839158,0.0,0.0
2013-08-15 00:00:00-04:00,93.15747442930214,94.28453753073323,92.96315171149276,93.27406311035156,8338617,0.0,0.0
2013-08-16 00:00:00-04:00,92.80766144785773,93.4683510178958,92.72993362709106,93.0797119140625,7577668,0.0,0.0
2013-08-19 00:00:00-04:00,92.88540085571428,93.11858434710298,92.34129985543024,92.69107818603516,6722884,0.0,0.0
2013-08-20 00:00:00-04:00,92.38017473702097,92.6910860853691,91.83607369036747,92.18585205078125,6354074,0.0,0.0
2013-08-21 00:00:00-04:00,92.1858374285191,92.45788790869396,91.56401483045461,91.75833129882812,6655695,0.0,0.0
2013-08-22 00:00:00-04:00,91.95267127120765,92.49677233402504,91.75834857919507,92.4190444946289,6475411,0.0,0.0
2013-08-23 00:00:00-04:00,92.61336099959702,92.69108883899317,91.8749434318115,92.4190444946289,4317302,0.0,0.0
2013-08-26 00:00:00-04:00,92.26356525327716,92.45788790869396,91.56401483045461,91.75833129882812,5414552,0.0,0.0
2013-08-27 00:00:00-04:00,90.78675313518143,90.90334180799883,89.81514580178232,90.08719635009766,10723750,0.0,0.0
2013-08-28 00:00:00-04:00,90.0094536999113,90.94219386424513,90.0094536999113,90.16490936279297,6022530,0.0,0.0
2013-08-29 00:00:00-04:00,90.00944716974467,90.55354195035655,89.73739668591705,89.81512451171875,4612392,0.0,0.0
2013-08-30 00:00:00-04:00,91.09767910310585,91.33086267313425,89.54310959549147,89.93175506591797,9655963,0.0,0.0
2013-09-03 00:00:00-04:00,90.59244180598117,91.1365429709298,89.07673937268292,89.62083435058594,10860820,0.0,0.0
2013-09-04 00:00:00-04:00,89.34877402381903,90.08719159854662,89.23217917010646,90.04832458496094,6599940,0.0,0.0
2013-09-05 00:00:00-04:00,90.70901717168593,90.7478779967984,89.73740992525437,90.00946044921875,6322941,0.0,0.0
2013-09-06 00:00:00-04:00,89.970593437062,90.86447284622434,89.23217588948235,90.00946044921875,7664472,0.0,0.0
2013-09-09 00:00:00-04:00,90.3592255315738,91.17537079648478,90.08717504758901,90.9033203125,5880473,0.0,0.0
2013-09-10 00:00:00-04:00,91.99152058372493,93.04084930718665,91.79719792910329,92.768798828125,7452951,0.0,0.0
2013-09-11 00:00:00-04:00,93.07973780592002,93.62383270263672,92.18585833788984,93.62383270263672,7220459,0.0,0.0
2013-09-12 00:00:00-04:00,93.89586883877571,94.05132449970152,92.38016686418356,92.69107818603516,6401252,0.0,0.0
2013-09-13 00:00:00-04:00,92.38017748140862,92.88541153100573,92.30244964201248,92.4190444946289,3979499,0.0,0.0
2013-09-16 00:00:00-04:00,93.50724962260296,94.16793941592134,93.00201552335419,93.81816101074219,7666496,0.0,0.0
2013-09-17 00:00:00-04:00,93.77929751450633,95.10067706357492,93.70156348263652,95.02294921875,7472231,0.0,0.0
2013-09-18 00:00:00-04:00,95.10068404761022,96.8107091334297,94.8286334772216,96.61638641357422,10660964,0.0,0.0
2013-09-19 00:00:00-04:00,97.12549246258776,97.47796468156413,95.55895065262486,95.79393005371094,10373260,0.910563,0.0
2013-09-20 00:00:00-04:00,96.14643641162351,96.185602776392,93.99244221677448,94.03160858154297,14179215,0.0,0.0
2013-09-23 00:00:00-04:00,94.77568476780196,95.48062924309481,94.57987170720548,95.08899688720703,8641657,0.0,0.0
2013-09-24 00:00:00-04:00,94.85400505069059,96.10724097715989,94.85400505069059,95.24564361572266,6890919,0.0,0.0
2013-09-25 00:00:00-04:00,95.16731897160544,95.87226341440356,94.77568039907557,94.89317321777344,6144723,0.0,0.0
2013-09-26 00:00:00-04:00,95.16732350702294,95.98975457301924,93.83576102553508,94.97150421142578,7148659,0.0,0.0
2013-09-27 00:00:00-04:00,94.38407465149051,94.38407465149051,93.75745649972613,94.1882553100586,5373842,0.0,0.0
2013-09-30 00:00:00-04:00,93.52243199344042,94.3057027472739,93.28745263769837,93.56159210205078,7374869,0.0,0.0
2013-10-01 00:00:00-04:00,93.75743930734403,94.85401619582922,93.6007863568026,94.658203125,6048112,0.0,0.0
2013-10-02 00:00:00-04:00,94.54069317081553,95.36312412954067,94.18822097859217,95.28479766845703,7141377,0.0,0.0
2013-10-03 00:00:00-04:00,94.85398426716263,94.9714770578672,93.36577550326773,94.38402557373047,7819028,0.0,0.0
2013-10-04 00:00:00-04:00,94.69738061002455,94.69738061002455,93.60080352045911,94.1882553100586,6949971,0.0,0.0
2013-10-07 00:00:00-04:00,93.36579109096792,94.50153414175095,93.20913816700352,93.7574234008789,6047361,0.0,0.0
2013-10-08 00:00:00-04:00,93.67911151023671,93.67911151023671,92.70002746582031,92.70002746582031,8845353,0.0,0.0
2013-10-09 00:00:00-04:00,93.36581221376984,93.36581221376984,92.03424958943552,92.30839538574219,7323100,0.0,0.0
2013-10-10 00:00:00-04:00,93.6007816116354,94.97150421142578,93.28747572643583,94.97150421142578,7965780,0.0,0.0
2013-10-11 00:00:00-04:00,95.24563124916298,95.9114092416405,94.77566627908298,95.5589370727539,7131736,0.0,0.0
2013-10-14 00:00:00-04:00,94.8148508468517,95.48062896728516,94.61903155212603,95.48062896728516,4596179,0.0,0.0
2013-10-15 00:00:00-04:00,95.04981707080032,95.75476144624028,94.57985831030297,94.73651123046875,5919159,0.0,0.0
2013-10-16 00:00:00-04:00,95.3631316226665,95.55895090810903,94.50154048304734,95.40229797363281,6307980,0.0,0.0
2013-10-17 00:00:00-04:00,95.48060692104836,96.65550994873047,94.89315540720732,96.65550994873047,9482106,0.0,0.0
2013-10-18 00:00:00-04:00,98.73117437230984,100.8460072574144,98.26121566541543,100.06273651123047,20554739,0.0,0.0
2013-10-21 00:00:00-04:00,101.31601142768127,103.19585956818665,101.00270548249573,102.37342834472656,12682983,0.0,0.0
2013-10-22 00:00:00-04:00,102.56918978076065,102.76500901521882,101.746758971545,101.90341186523438,9046107,0.0,0.0
2013-10-23 00:00:00-04:00,101.78596606432474,101.82512618607916,100.41524334370762,100.65022277832031,8251709,0.0,0.0
2013-10-24 00:00:00-04:00,101.19850269169997,101.90344719238007,100.53272454536656,101.59014129638672,7223694,0.0,0.0
2013-10-25 00:00:00-04:00,102.09925283621756,102.13841918532471,101.04183622665515,101.35514831542969,5711791,0.0,0.0
2013-10-28 00:00:00-04:00,101.35513564680996,102.45171223372157,100.8851706897373,102.17756652832031,6667171,0.0,0.0
2013-10-29 00:00:00-04:00,102.56923503292651,103.00003379798136,102.09927614451887,102.64756774902344,8020136,0.0,0.0
2013-10-30 00:00:00-04:00,102.96086402563142,103.70496864655746,102.56922542063188,103.274169921875,8313181,0.0,0.0
2013-10-31 00:00:00-04:00,103.19585956818665,103.5483318738684,102.29510185843017,102.37342834472656,8941692,0.0,0.0
2013-11-01 00:00:00-04:00,102.02093493167268,104.33158138610065,101.94260846158146,103.93994903564453,11608811,0.0,0.0
2013-11-04 00:00:00-05:00,104.13576706407638,104.13576706407638,103.0391901957633,103.5091552734375,5877197,0.0,0.0
2013-11-05 00:00:00-05:00,103.07832320188841,103.86158768678347,102.84333762172686,103.46995544433594,5195164,0.0,0.0
2013-11-06 00:00:00-05:00,103.6657871712185,105.6631212003534,103.58746071329324,105.34981536865234,12239868,0.0,0.0
2013-11-07 00:00:00-05:00,105.5064906893937,106.48557473872035,104.17493438720703,104.17493438720703,12424075,0.0,0.0
2013-11-08 00:00:00-05:00,103.46998082293962,105.97644025876181,103.39165435523859,105.93728637695312,7868418,0.0,0.0
2013-11-11 00:00:00-05:00,105.8198011647621,105.89813387740374,105.31067594076369,105.78064727783203,4984583,0.0,0.0
2013-11-12 00:00:00-05:00,105.42816121954914,106.28975859895506,104.99735629515162,105.93728637695312,7837390,0.0,0.0
2013-11-13 00:00:00-05:00,105.62396639459284,106.32891082763672,104.76236902858243,106.32891082763672,7176640,0.0,0.0
2013-11-14 00:00:00-05:00,106.3289357925623,106.52475512209405,105.19319864454843,105.70232391357422,6772045,0.0,0.0
2013-11-15 00:00:00-05:00,105.78064372829174,107.42550594466422,105.62397830826548,106.52474212646484,10787517,0.0,0.0
2013-11-18 00:00:00-05:00,106.8380386613816,107.69963604903926,106.17226056219921,106.60306549072266,8155370,0.0,0.0
2013-11-19 00:00:00-05:00,106.25057098996089,107.0338355102617,105.42814012629839,105.85893249511719,7453827,0.0,0.0
2013-11-20 00:00:00-05:00,105.70231020312177,106.40725471024224,105.27151770954272,105.58482360839844,6319624,0.0,0.0
2013-11-21 00:00:00-05:00,105.81978475411934,105.81978475411934,104.80153446403384,105.38899230957031,6335294,0.0,0.0
2013-11-22 00:00:00-05:00,105.23234040705714,106.09393777396971,105.19317405642727,106.05477142333984,4600540,0.0,0.0
2013-11-25 00:00:00-05:00,106.28976745140704,106.40725404539631,104.6840591430664,104.6840591430664,6747172,0.0,0.0
2013-11-26 00:00:00-05:00,104.64491236994944,105.54567634412676,104.64491236994944,104.87989807128906,7626808,0.0,0.0
2013-11-27 00:00:00-05:00,105.07568359375,105.34982309925797,104.76236526966998,105.07568359375,4738236,0.0,0.0
2013-11-29 00:00:00-05:00,104.76239343209554,105.23236480985992,104.29243452372297,104.40992736816406,4466600,0.0,0.0
2013-12-02 00:00:00-05:00,104.37076100845172,104.72323954177502,104.01829494452026,104.40992736816406,7230287,0.0,0.0
2013-12-03 00:00:00-05:00,104.17493297629186,104.17493297629186,103.15668258612939,104.01828002929688,6832807,0.0,0.0
2013-12-04 00:00:00-05:00,103.15666274574822,104.40989231536636,102.608371302025,104.3315658569336,9378756,0.0,0.0
2013-12-05 00:00:00-05:00,104.29239383705935,104.33156018149207,103.19581724395844,103.58745574951172,5937563,0.0,0.0
2013-12-06 00:00:00-05:00,104.84072203275393,105.66315320744388,104.48824974797375,105.50650024414062,5289021,0.0,0.0
2013-12-09 00:00:00-05:00,105.46731487294413,107.03385669296122,105.27150805615744,106.48556518554688,6411268,0.0,0.0
2013-12-10 00:00:00-05:00,106.09392226098541,107.26882532236554,106.0155895711794,106.28974151611328,6440293,0.0,0.0
2013-12-11 00:00:00-05:00,106.1722486682378,106.25058136260837,103.93993521541232,104.09658813476562,8380162,0.0,0.0
2013-12-12 00:00:00-05:00,103.78328986076734,104.56656079637432,103.70496339067611,103.93994903564453,6460220,0.0,0.0
2013-12-13 00:00:00-05:00,104.13576128994649,105.50648385800764,103.82245541199926,105.1148452758789,8311783,0.0,0.0
2013-12-16 00:00:00-05:00,105.5064940185965,106.09395194836353,105.23235446633957,105.66314697265625,8379870,0.0,0.0
2013-12-17 00:00:00-05:00,106.1330719598758,106.28973733332258,105.50646034363517,105.85893249511719,7643835,0.0,0.0
2013-12-18 00:00:00-05:00,105.85895125239307,107.58214597177641,105.11484047421744,107.34716033935547,11532503,0.0,0.0
2013-12-19 00:00:00-05:00,107.2681912704376,108.17624312327483,105.92586140032664,107.86038970947266,10586659,1.054336,0.0
2013-12-20 00:00:00-05:00,107.66299409962238,108.45259617534992,106.67597579211417,108.01831817626953,16307944,0.0,0.0
2013-12-23 00:00:00-05:00,108.29468382067117,108.53157074616064,107.66300211307251,108.1762466430664,6239706,0.0,0.0
2013-12-24 00:00:00-05:00,108.09724322753583,109.20269840858276,108.01828932618999,109.00529479980469,3152822,0.0,0.0
2013-12-26 00:00:00-05:00,109.28167515824636,110.38713057041892,108.96583434627657,109.87388610839844,5167579,0.0,0.0
2013-12-27 00:00:00-05:00,109.91336935246423,110.30816408228733,109.59751597021615,109.87388610839844,3962639,0.0,0.0
2013-12-30 00:00:00-05:00,109.9133876958788,110.46610292392928,109.75545469325823,110.11077880859375,4972898,0.0,0.0
2013-12-31 00:00:00-05:00,110.15026860541619,110.90040013132229,109.87391097496716,110.66351318359375,6323859,0.0,0.0
2014-01-02 00:00:00-05:00,109.99235683856786,110.30819774692823,108.21573601618812,108.57106018066406,8649816,0.0,0.0
2014-01-03 00:00:00-05:00,108.6500087459658,108.96584960215523,108.21571814099532,108.4920883178711,5752981,0.0,0.0
2014-01-06 00:00:00-05:00,109.2027367519053,109.47909435906404,107.18922929160571,107.62351989746094,6125610,0.0,0.0
2014-01-07 00:00:00-05:00,108.49209777410037,108.53158102713545,107.4261253638403,107.7419662475586,5159796,0.0,0.0
2014-01-08 00:00:00-05:00,107.97883706303276,108.01832031016887,107.07078523029827,107.42610931396484,5397859,0.0,0.0
2014-01-09 00:00:00-05:00,107.8998924144322,108.01834217982218,106.32067534176862,107.46561431884766,6533502,0.0,0.0
2014-01-10 00:00:00-05:00,107.34714911797792,107.50508211578865,106.04430244827921,106.4391098022461,8102057,0.0,0.0
2014-01-13 00:00:00-05:00,106.5180573916395,106.9918186460367,105.33364797050687,105.53105163574219,7181982,0.0,0.0
2014-01-14 00:00:00-05:00,105.96534733176959,106.5970416800268,105.57055250567535,106.47859191894531,5205264,0.0,0.0
2014-01-15 00:00:00-05:00,107.18926040938726,108.17627908637836,106.63654503461271,107.93939208984375,6648663,0.0,0.0
2014-01-16 00:00:00-05:00,107.4656165973835,107.66302030693711,106.91288872468978,107.38665008544922,6812463,0.0,0.0
2014-01-17 00:00:00-05:00,106.12326614835563,106.28118657172148,103.75443465730845,104.93885040283203,20290427,0.0,0.0
2014-01-21 00:00:00-05:00,105.5310442130792,105.570527457405,102.80689519391318,103.79390716552734,12506934,0.0,0.0
2014-01-22 00:00:00-05:00,103.8334219602659,103.87290521897889,102.60953521728516,102.60953521728516,10156273,0.0,0.0
2014-01-23 00:00:00-05:00,102.57004257783285,102.57004257783285,100.79342808620271,101.9383544921875,12112292,0.0,0.0
2014-01-24 00:00:00-05:00,100.95136440313806,101.03032464061151,98.50357818603516,98.50357818603516,19949139,0.0,0.0
2014-01-27 00:00:00-05:00,99.7274429957707,99.84588646094213,98.30614655427398,98.9773178100586,12634072,0.0,0.0
2014-01-28 00:00:00-05:00,100.00380715491393,101.1487397041247,99.88536368943001,100.51705169677734,10521953,0.0,0.0
2014-01-29 00:00:00-05:00,100.04329126959001,100.75393954299983,99.33264299618018,99.84589385986328,8269216,0.0,0.0
2014-01-30 00:00:00-05:00,100.67501831054688,101.03034258485839,100.00385303024422,100.67501831054688,6279519,0.0,0.0
2014-01-31 00:00:00-05:00,99.53004375521827,100.2012087558011,99.01679919181488,99.21420288085938,8416177,0.0,0.0
2014-02-03 00:00:00-05:00,99.21418534036601,99.53002615888607,96.01627505486289,96.13471221923828,15743847,0.0,0.0
2014-02-04 00:00:00-05:00,96.8453754645246,97.83238760419061,96.33213091173754,97.0032958984375,9568409,0.0,0.0
2014-02-05 00:00:00-05:00,96.56903646481852,97.27968488582141,96.01631480359329,96.80592346191406,8400673,0.0,0.0
2014-02-06 00:00:00-05:00,97.91137326241328,99.09578310965705,97.20072484001025,98.50357818603516,9332287,0.0,0.0
2014-02-07 00:00:00-05:00,99.49057120527803,99.80641209365837,98.70096269918653,99.45108795166016,7244936,0.0,0.0
2014-02-10 00:00:00-05:00,100.24070529975134,100.24070529975134,98.42460746108932,98.89836883544922,6886767,0.0,0.0
2014-02-11 00:00:00-05:00,99.5300518452422,100.75394476057423,99.33264814015229,100.39862060546875,6799755,0.0,0.0
2014-02-12 00:00:00-05:00,100.95134039204852,101.18822104812728,100.08277170128605,100.24069213867188,5264106,0.0,0.0
2014-02-13 00:00:00-05:00,99.60901094127188,100.43810272216797,99.13524959659482,100.43810272216797,6751721,0.0,0.0
2014-02-14 00:00:00-05:00,100.55653281007912,102.05678953249122,100.2012086841094,101.62250518798828,5201612,0.0,0.0
2014-02-18 00:00:00-05:00,102.68848564153149,102.80692283607529,101.2671890258789,101.2671890258789,6096272,0.0,0.0
2014-02-19 00:00:00-05:00,101.38563765762224,101.7409618295917,100.16174468420327,100.28018188476562,7072205,0.0,0.0
2014-02-20 00:00:00-05:00,100.79790711619485,100.83772899813926,99.6429710989361,100.04122161865234,6734548,1.054336,0.0
2014-02-21 00:00:00-05:00,100.0412222781052,100.32000081377143,99.32437133789062,99.32437133789062,7750962,0.0,0.0
2014-02-24 00:00:00-05:00,99.64296820724533,101.35545490240955,99.40401790235005,100.71825408935547,7934021,0.0,0.0
2014-02-25 00:00:00-05:00,101.07667559601336,101.4749324411505,100.24034636531208,100.63860321044922,6904712,0.0,0.0
2014-02-26 00:00:00-05:00,100.87755785550321,100.99702984214333,99.96157214430498,100.7580795288086,6214875,0.0,0.0
2014-02-27 00:00:00-05:00,100.3996522773647,101.79353863451067,100.16070196072513,101.5545883178711,4760292,0.0,0.0
2014-02-28 00:00:00-05:00,101.71388289411323,102.3112618226452,100.79790356104533,101.43510437011719,6142344,0.0,0.0
2014-03-03 00:00:00-05:00,100.39965025642417,100.39965025642417,99.24472057921987,100.04122161865234,7138455,0.0,0.0
2014-03-04 00:00:00-05:00,101.63423344953094,102.47056902692177,101.39528314458539,102.15196228027344,7645045,0.0,0.0
2014-03-05 00:00:00-05:00,102.66971079681805,103.38656818915858,102.15198186680665,103.26708984375,6286718,0.0,0.0
2014-03-06 00:00:00-05:00,103.78478238889006,104.66093970790847,103.6254822108964,104.42198944091797,7284623,0.0,0.0
2014-03-07 00:00:00-05:00,104.86007540070821,104.93972549525022,103.42636735889828,104.06356811523438,5693136,0.0,0.0
2014-03-10 00:00:00-04:00,104.02375353010702,104.06357541014272,102.9086394482414,103.70514678955078,4645548,0.0,0.0
2014-03-11 00:00:00-04:00,103.78479140453446,103.94409793642012,102.59003362574174,103.14759063720703,5188112,0.0,0.0
2014-03-12 00:00:00-04:00,102.27147973273705,102.86885889369056,102.07235123240032,102.59008026123047,4896068,0.0,0.0
2014-03-13 00:00:00-04:00,103.5458616219177,103.5458616219177,100.39966002000962,100.91738891601562,7901011,0.0,0.0
2014-03-14 00:00:00-04:00,100.55895455889899,101.07668342563835,99.92175370140728,100.00140380859375,6147456,0.0,0.0
2014-03-17 00:00:00-04:00,100.59878117142956,102.07231764086248,100.55895294844683,101.27581024169922,9517913,0.0,0.0
2014-03-18 00:00:00-04:00,101.63423344953094,102.47056902692177,101.43510502538253,102.15196228027344,4963049,0.0,0.0
2014-03-19 00:00:00-04:00,102.11212772290864,102.35107799819005,100.00138444112257,100.67841339111328,7354671,0.0,0.0
2014-03-20 00:00:00-04:00,101.03685371553216,101.03685371553216,100.0412179427435,100.63860321044922,7451803,0.0,0.0
2014-03-21 00:00:00-04:00,102.31123912607661,102.86879605038112,100.91735315536813,101.15630340576172,11509571,0.0,0.0
2014-03-24 00:00:00-04:00,101.51475978400278,101.67406633466223,100.35983008708995,101.19615936279297,6499115,0.0,0.0
2014-03-25 00:00:00-04:00,101.87318253332238,102.39091135785884,101.11650340670464,102.35108947753906,6500763,0.0,0.0
2014-03-26 00:00:00-04:00,102.74932916329138,103.22723605719278,101.95282190015803,102.03247833251953,6641735,0.0,0.0
2014-03-27 00:00:00-04:00,101.87317607216455,102.94846187341304,101.59440390744423,102.7891616821289,6183993,0.0,0.0
2014-03-28 00:00:00-04:00,103.1475974889021,103.62549809614275,102.66969054160721,103.06794738769531,6195470,0.0,0.0
2014-03-31 00:00:00-04:00,103.62550167288957,103.86445832481196,102.78917241132449,103.10777282714844,6695737,0.0,0.0
2014-04-01 00:00:00-04:00,102.86883697672462,103.50604423800644,102.55023651611138,103.02813720703125,5946035,0.0,0.0
2014-04-02 00:00:00-04:00,103.22724618879764,103.7847968896763,103.02811776845675,103.70514678955078,5509451,0.0,0.0
2014-04-03 00:00:00-04:00,104.14325382954452,104.58133266938707,103.74500322062212,104.46186065673828,4644693,0.0,0.0
2014-04-04 00:00:00-04:00,105.01938989446586,105.13886822257986,103.50603155197963,103.62550354003906,6915229,0.0,0.0
2014-04-07 00:00:00-04:00,103.34675221875386,103.70518095743779,102.51042272186217,102.94850158691406,6351444,0.0,0.0
2014-04-08 00:00:00-04:00,102.59002328993469,103.22723033311817,102.23159472439731,102.55020141601562,5616328,0.0,0.0
2014-04-09 00:00:00-04:00,102.98828034922568,103.38653078976402,101.91299464969237,103.3467025756836,5253590,0.0,0.0
2014-04-10 00:00:00-04:00,103.90428543674413,103.98393554470928,101.83336994954091,101.8731918334961,7573119,0.0,0.0
2014-04-11 00:00:00-04:00,101.59441700539729,102.5900464993104,101.27581024169922,101.27581024169922,7787248,0.0,0.0
2014-04-14 00:00:00-04:00,101.87319366527663,102.55022910523626,101.27581467476922,102.39092254638672,5230533,0.0,0.0
2014-04-15 00:00:00-04:00,102.23159304340442,103.10775033585512,101.87316448376068,102.82897186279297,6319811,0.0,0.0
2014-04-16 00:00:00-04:00,103.5856867925688,104.34236600132382,103.10777979647544,104.02376556396484,6989471,0.0,0.0
2014-04-17 00:00:00-04:00,105.4176486199016,106.57257833846087,105.3379985131063,105.77607727050781,14535109,0.0,0.0
2014-04-21 00:00:00-04:00,106.0548232454826,106.37342359386969,105.77605111067045,105.89552307128906,5243950,0.0,0.0
2014-04-22 00:00:00-04:00,106.33362112983319,106.61239965558495,105.81589229917459,105.85572052001953,5800097,0.0,0.0
2014-04-23 00:00:00-04:00,105.81587707633481,106.17430565215808,105.09901992468826,105.21849822998047,6169533,0.0,0.0
2014-04-24 00:00:00-04:00,105.29817276730712,106.09468019405637,104.46184345625056,105.37782287597656,5337180,0.0,0.0
2014-04-25 00:00:00-04:00,105.81590831714817,106.73188779464199,105.73625820345545,105.93538665771484,7042387,0.0,0.0
2014-04-28 00:00:00-04:00,106.41326504861034,106.93099384918769,105.65658595700974,106.6522216796875,7212822,0.0,0.0
2014-04-29 00:00:00-04:00,106.8513480155765,107.05047642425276,105.89553418995193,106.57256317138672,5774974,0.0,0.0
2014-04-30 00:00:00-04:00,106.73188808982482,107.13014499944505,106.13450906544972,107.09031677246094,6085651,0.0,0.0
2014-05-01 00:00:00-04:00,106.45307318808229,106.85132993805621,106.09464464912685,106.61237335205078,5379246,0.0,0.0
2014-05-02 00:00:00-04:00,106.61242652044082,107.01068346902838,106.17434768102804,106.25399780273438,4898030,0.0,0.0
2014-05-05 00:00:00-04:00,106.29379924904251,106.29379924904251,105.53711377342283,105.85572052001953,3461621,0.0,0.0
2014-05-06 00:00:00-04:00,105.57695041871153,105.65660052670277,104.30253601074219,104.30253601074219,5223688,0.0,0.0
2014-05-07 00:00:00-04:00,104.62114320403812,105.65660095214844,104.62114320403812,105.65660095214844,5074599,0.0,0.0
2014-05-08 00:00:00-04:00,105.45744929043398,105.9353561751292,104.74059213341788,105.29814910888672,4358304,0.0,0.0
2014-05-09 00:00:00-04:00,105.77605520127297,105.81587707633481,104.78041956398017,105.21849822998047,3638629,0.0,0.0
2014-05-12 00:00:00-04:00,105.85572021683129,106.97082797659023,105.57694169187799,106.93099975585938,4947545,0.0,0.0
2014-05-13 00:00:00-04:00,107.09030841918802,107.32926508234311,106.6124077729873,107.20979309082031,4274005,0.0,0.0
2014-05-14 00:00:00-04:00,107.16994839741551,107.36907680609178,106.21414091184471,106.57256317138672,4327986,0.0,0.0
2014-05-15 00:00:00-04:00,106.41328733987113,106.73188779464199,104.82027872596163,105.93538665771484,7049252,0.0,0.0
2014-05-16 00:00:00-04:00,105.49729979601373,106.25397898826614,105.01939281034318,106.21415710449219,6018002,0.0,0.0
2014-05-19 00:00:00-04:00,105.73623891150356,106.29379594567952,105.45746039441558,105.97518920898438,3782981,0.0,0.0
2014-05-20 00:00:00-04:00,105.97520204128513,106.01503026571501,104.1432368586622,104.74061584472656,4898781,0.0,0.0
2014-05-21 00:00:00-04:00,105.01937702172488,105.61675590896205,104.93972692609684,105.49728393554688,3639881,0.0,0.0
2014-05-22 00:00:00-04:00,105.21852902192019,105.815908043096,104.78045022771722,105.57695770263672,3261117,0.0,0.0
2014-05-23 00:00:00-04:00,105.73625792960956,105.85573626986681,105.258357248691,105.57695770263672,3095106,0.0,0.0
2014-05-27 00:00:00-04:00,105.7362602241406,106.05486068500011,105.3380096480662,105.81591033935547,3822230,0.0,0.0
2014-05-28 00:00:00-04:00,105.77608871735927,106.37346141294307,105.6566103742093,106.1743392944336,3798839,0.0,0.0
2014-05-29 00:00:00-04:00,106.29379151225278,106.492919921875,105.73623450133206,106.492919921875,3135085,0.0,0.0
2014-05-30 00:00:00-04:00,106.09467707041486,106.69206237792969,105.9353768577661,106.69206237792969,3950725,0.0,0.0
2014-06-02 00:00:00-04:00,106.3734356202344,106.93099263300117,105.97518513972517,106.85134887695312,3573025,0.0,0.0
2014-06-03 00:00:00-04:00,106.53274948517165,106.77170614419943,106.21415539992876,106.69206237792969,3889753,0.0,0.0
2014-06-04 00:00:00-04:00,106.49292200762889,106.49292200762889,105.69641469359352,105.73623657226562,4166940,0.0,0.0
2014-06-05 00:00:00-04:00,105.69639423920562,106.65220156306926,105.33796570025017,106.61237335205078,5225191,0.0,0.0
2014-06-06 00:00:00-04:00,106.69205281363877,108.48418321531115,106.57256815478132,108.2452392578125,7039591,0.0,0.0
2014-06-09 00:00:00-04:00,107.76730715514046,109.63910634914708,107.56819145204742,109.28067779541016,5901444,0.0,0.0
2014-06-10 00:00:00-04:00,108.76300296977188,109.36037573529711,108.4842180230962,109.16124725341797,4557681,0.0,0.0
2014-06-11 00:00:00-04:00,108.80283039059995,108.96214333757136,107.76737231596726,108.12580108642578,5158544,0.0,0.0
2014-06-12 00:00:00-04:00,107.92661626345135,108.1655728791001,107.09028712884118,107.36907196044922,5371505,0.0,0.0
2014-06-13 00:00:00-04:00,107.05047472252545,107.80714744733778,107.05047472252545,107.68767547607422,3992019,0.0,0.0
2014-06-16 00:00:00-04:00,107.32926757840758,107.40891134790517,106.53275380277307,106.81153869628906,5567334,0.0,0.0
2014-06-17 00:00:00-04:00,106.69205024569699,107.44872299970807,106.25396520064673,107.01065063476562,4444210,0.0,0.0
2014-06-18 00:00:00-04:00,107.05050122558728,107.28944522727105,106.29381563333095,107.09031677246094,5474730,0.0,0.0
2014-06-19 00:00:00-04:00,107.05015073084978,108.33507126235229,107.05015073084978,108.1343002319336,6594807,1.054336,0.0
2014-06-20 00:00:00-04:00,108.49567763201489,108.57599115221869,107.89337736930855,108.29490661621094,10382650,0.0,0.0
2014-06-23 00:00:00-04:00,108.61617613747508,108.6563201233033,106.8092493103944,107.13047790527344,6519522,0.0,0.0
2014-06-24 00:00:00-04:00,107.05014851103641,107.93353974808983,106.44784182462313,106.72891998291016,5512623,0.0,0.0
2014-06-25 00:00:00-04:00,106.28721203697128,106.44782627757618,105.76521255882926,106.08644104003906,5479717,0.0,0.0
2014-06-26 00:00:00-04:00,106.24707459724634,106.24707459724634,105.20307545115455,105.56446075439453,4832405,0.0,0.0
2014-06-27 00:00:00-04:00,105.56446868214394,106.12662506103516,105.32354725934219,106.12662506103516,7335558,0.0,0.0
2014-06-30 00:00:00-04:00,106.166747714869,106.20690447102781,105.28336300289651,105.52428436279297,6189147,0.0,0.0
2014-07-01 00:00:00-04:00,105.48413455450236,106.40766963514518,105.44397779813207,106.00613403320312,5855997,0.0,0.0
2014-07-02 00:00:00-04:00,105.80535869045768,107.0099718391606,105.7652083280886,106.84935760498047,4441185,0.0,0.0
2014-07-03 00:00:00-04:00,107.65245468271232,107.97368320930264,107.5319971814175,107.85322570800781,4280473,0.0,0.0
2014-07-07 00:00:00-04:00,107.61230821491141,107.77292249357093,107.13046537893283,107.41153717041016,5271430,0.0,0.0
2014-07-08 00:00:00-04:00,106.88952984997373,107.00998734688939,105.8053740236157,105.88568115234375,6073235,0.0,0.0
2014-07-09 00:00:00-04:00,106.12659836607001,106.12659836607001,105.44397825130652,105.68490600585938,7891705,0.0,0.0
2014-07-10 00:00:00-04:00,104.92197821818492,105.56444157302442,104.80152073389463,105.20305633544922,6935615,0.0,0.0
2014-07-11 00:00:00-04:00,105.1629032136076,106.60844421386719,104.88183147898148,106.60844421386719,7395026,0.0,0.0
2014-07-14 00:00:00-04:00,106.92968411659353,107.85322571916585,106.88953374694213,107.0501480102539,5273684,0.0,0.0
2014-07-15 00:00:00-04:00,107.41150742461093,107.61227841351206,106.60843625371027,106.84935760498047,8646999,0.0,0.0
2014-07-16 00:00:00-04:00,107.17058076166518,109.01765064537138,107.0501169030099,108.49565124511719,9803717,0.0,0.0
2014-07-17 00:00:00-04:00,108.09413390075629,108.33504885967459,106.8092072426114,106.84935760498047,7835032,0.0,0.0
2014-07-18 00:00:00-04:00,107.49184816060563,107.5320049254979,105.40384980269206,106.24707794189453,11560506,0.0,0.0
2014-07-21 00:00:00-04:00,105.72507128933329,105.72507128933329,103.2756877804372,104.31968688964844,12382634,0.0,0.0
2014-07-22 00:00:00-04:00,104.6810872172912,104.8015511288711,103.797702245316,104.48031616210938,7206062,0.0,0.0
2014-07-23 00:00:00-04:00,104.68107583704764,104.7613829719191,104.03861236572266,104.03861236572266,6689874,0.0,0.0
2014-07-24 00:00:00-04:00,104.19923851060045,104.72124453528568,103.9984738467182,104.15908813476562,4592820,0.0,0.0
2014-07-25 00:00:00-04:00,104.27952557097798,104.35983269461215,103.31583369501544,103.55675506591797,5140203,0.0,0.0
2014-07-28 00:00:00-04:00,103.07492116897596,103.31584896784645,102.15138591448364,102.75369262695312,6881717,0.0,0.0
2014-07-29 00:00:00-04:00,102.6733621574037,103.2756687329901,102.19151306152344,102.19151306152344,4700927,0.0,0.0
2014-07-30 00:00:00-04:00,102.71353996494543,103.55677450996045,101.99076932417644,102.9544677734375,5391453,0.0,0.0
2014-07-31 00:00:00-04:00,102.51277932714726,102.6332368437549,100.98693084716797,100.98693084716797,7928158,0.0,0.0
2014-08-01 00:00:00-04:00,100.66567198732763,101.83012839001292,99.38074531957893,101.78997802734375,8387966,0.0,0.0
2014-08-04 00:00:00-04:00,101.70969429665165,102.07107960553044,100.7861526423273,101.4687728881836,5928153,0.0,0.0
2014-08-05 00:00:00-04:00,100.78613326803,101.54906050338347,100.18382666646562,100.46490478515625,5778751,0.0,0.0
2014-08-06 00:00:00-04:00,100.90660476325617,102.67337433714899,100.74599050969368,102.15137481689453,9853566,0.0,0.0
2014-08-07 00:00:00-04:00,102.83399589162896,103.19538118397823,102.07107493686559,102.39230346679688,7546786,0.0,0.0
2014-08-08 00:00:00-04:00,102.23171971160711,103.07494805050425,101.58925606765617,103.03479766845703,4784517,0.0,0.0
2014-08-11 00:00:00-04:00,103.7575196788272,104.39998306025304,103.27567693702214,103.55675506591797,5816059,0.0,0.0
2014-08-12 00:00:00-04:00,103.79769935189726,103.83785611875585,102.75370012182027,102.8340072631836,4544723,0.0,0.0
2014-08-13 00:00:00-04:00,103.27568430132433,104.07876198728376,103.19537717196368,103.71737670898438,4146137,0.0,0.0
2014-08-14 00:00:00-04:00,103.95830985790938,104.19923127324688,103.31585275034274,103.91815948486328,4866438,0.0,0.0
2014-08-15 00:00:00-04:00,104.19923161966298,104.27954515072943,102.43246817562738,102.9544677734375,5877573,0.0,0.0
2014-08-18 00:00:00-04:00,103.87798316537578,104.68106079101562,103.79767604204703,104.68106079101562,5594210,0.0,0.0
2014-08-19 00:00:00-04:00,104.96215434724438,105.04246148237748,104.60076904296875,104.60076904296875,3367222,0.0,0.0
2014-08-20 00:00:00-04:00,104.721221487683,106.00614190162437,104.44014334928414,105.84552764892578,6021028,0.0,0.0
2014-08-21 00:00:00-04:00,106.0864682943913,106.20693220196908,105.60461905643399,106.12662506103516,4629168,0.0,0.0
2014-08-22 00:00:00-04:00,105.7652237599537,105.8856812569884,104.84168219013905,105.0022964477539,4754241,0.0,0.0
2014-08-25 00:00:00-04:00,105.00228533849584,105.56444157302442,104.48028586029879,105.20305633544922,4560560,0.0,0.0
2014-08-26 00:00:00-04:00,105.2833831464428,105.524304552434,104.44015502929688,104.44015502929688,5490651,0.0,0.0
2014-08-27 00:00:00-04:00,104.60076853135128,105.20307523808023,104.48030463306415,104.9219970703125,4418733,0.0,0.0
2014-08-28 00:00:00-04:00,104.52046216462728,104.76138357061849,104.23938399479418,104.44015502929688,2804189,0.0,0.0
2014-08-29 00:00:00-04:00,104.52045791599002,104.76137931218805,103.9984583613844,104.31968688964844,4572621,0.0,0.0
2014-09-02 00:00:00-04:00,103.9583132567522,104.52046963660594,103.47647041032371,103.79769897460938,5086910,0.0,0.0
2014-09-03 00:00:00-04:00,104.31967500115272,104.39998212406675,103.67721162548804,104.19921112060547,4165354,0.0,0.0
2014-09-04 00:00:00-04:00,104.3598514154442,104.92200138172599,103.95830933288934,104.23938751220703,5611299,0.0,0.0
2014-09-05 00:00:00-04:00,103.99845127239216,104.80152893066406,103.59690924707988,104.80152893066406,4390584,0.0,0.0
2014-09-08 00:00:00-04:00,104.9621356569327,105.48413513852356,104.64090078124833,104.7212142944336,4252471,0.0,0.0
2014-09-09 00:00:00-04:00,104.6810650048587,104.84167925798157,103.79768022033024,103.99845123291016,4520956,0.0,0.0
2014-09-10 00:00:00-04:00,104.35983175878592,104.52044600461399,103.79767550603529,104.19921112060547,3987533,0.0,0.0
2014-09-11 00:00:00-04:00,104.03862367612177,104.76139436089312,103.71739510171408,104.48031616210938,4711799,0.0,0.0
2014-09-12 00:00:00-04:00,104.27954041975124,104.27954041975124,103.59692018313113,103.87799835205078,5134131,0.0,0.0
2014-09-15 00:00:00-04:00,103.71737297445901,104.19921573327333,103.39614446858279,104.0787582397461,3202379,0.0,0.0
2014-09-16 00:00:00-04:00,104.0787696767599,105.48415413293233,103.9181554061722,105.24323272705078,5734639,0.0,0.0
2014-09-17 00:00:00-04:00,105.6849247812364,106.00615332123824,104.80153990387804,105.4841537475586,6178651,0.0,0.0
2014-09-18 00:00:00-04:00,106.05106537993605,106.73945064060487,105.80810928893857,106.1320571899414,6593346,1.054336,0.0
2014-09-19 00:00:00-04:00,106.6989191447218,106.90138570952065,106.2939924614615,106.45596313476562,7980532,0.0,0.0
2014-09-22 00:00:00-04:00,106.0510298362041,106.3749776286336,105.40314714401983,105.6056137084961,4800417,0.0,0.0
2014-09-23 00:00:00-04:00,105.24118085297465,105.84857412535655,105.20068495985828,105.36265563964844,4524796,0.0,0.0
2014-09-24 00:00:00-04:00,105.32220078095564,105.32220078095564,104.02642202442199,104.99825286865234,7106968,0.0,0.0
2014-09-25 00:00:00-04:00,104.79577884345599,104.79577884345599,103.37852544742114,103.45951080322266,6403193,0.0,0.0
2014-09-26 00:00:00-04:00,103.58096543360821,104.06688392008721,102.97357216026272,103.78343200683594,6036991,0.0,0.0
2014-09-29 00:00:00-04:00,102.69012011447167,103.33800928016156,102.44716409471458,102.9330825805664,6415858,0.0,0.0
2014-09-30 00:00:00-04:00,102.69011294257072,104.06687651771605,102.56863816434483,103.74293518066406,8513580,0.0,0.0
2014-10-01 00:00:00-04:00,102.97358379497602,103.13555449332377,101.55633051492559,101.8802719116211,8780751,0.0,0.0
2014-10-02 00:00:00-04:00,102.0017441565904,102.24470018267043,101.2728696320125,101.71829223632812,5946682,0.0,0.0
2014-10-03 00:00:00-04:00,102.40667278991818,102.97357015906594,101.83976897443289,102.85208892822266,4519224,0.0,0.0
2014-10-06 00:00:00-04:00,103.66195799443751,103.78343923610373,101.5158366648139,102.12322998046875,6362650,0.0,0.0
2014-10-07 00:00:00-04:00,101.63730985845326,102.00174713137066,100.42252324628724,100.4630126953125,6674099,0.0,0.0
2014-10-08 00:00:00-04:00,101.02991856384328,102.24470520019531,99.85562137732265,102.24470520019531,7703408,0.0,0.0
2014-10-09 00:00:00-04:00,102.16370185020796,102.48764962346151,100.13905566430553,100.34152221679688,7097161,0.0,0.0
2014-10-10 00:00:00-04:00,100.38203739187132,100.7059852481671,98.0334492770048,98.27640533447266,9981831,0.0,0.0
2014-10-13 00:00:00-04:00,98.1549197497123,98.51935704299603,96.7781623718301,96.98062896728516,8149256,0.0,0.0
2014-10-14 00:00:00-04:00,97.91195405906304,99.77462979330411,97.38554611979954,97.5880126953125,8815222,0.0,0.0
2014-10-15 00:00:00-04:00,96.6161743574018,98.80279127885657,95.92779579183937,98.31687927246094,13695870,0.0,0.0
2014-10-16 00:00:00-04:00,97.14261838520235,99.24825075542266,97.02113711525132,98.1954345703125,10787392,0.0,0.0
2014-10-17 00:00:00-04:00,101.2324224976929,102.24474291932891,100.01762896685294,100.50354766845703,10983513,0.0,0.0
2014-10-20 00:00:00-04:00,100.86793169090784,101.71828091067614,100.05807191447573,101.35384368896484,7067072,0.0,0.0
2014-10-21 00:00:00-04:00,102.32568216252457,103.3784979542907,101.75877837634104,103.05455017089844,6611375,0.0,0.0
2014-10-22 00:00:00-04:00,102.60914043743053,103.17604429448815,101.83977644257062,102.00174713134766,6265851,0.0,0.0
2014-10-23 00:00:00-04:00,102.93311375664611,104.02641939985905,102.85212194585887,103.01409912109375,6460283,0.0,0.0
2014-10-24 00:00:00-04:00,103.01407654903977,103.86442591258447,102.89259530581703,103.82393646240234,4290906,0.0,0.0
2014-10-27 00:00:00-04:00,103.90490886856983,104.06687954180254,102.77110126326609,103.33800506591797,4128275,0.0,0.0
2014-10-28 00:00:00-04:00,103.58097562523733,104.79576873779297,103.4999902772454,104.79576873779297,5964981,0.0,0.0
2014-10-29 00:00:00-04:00,104.79580622524622,104.87679160220817,102.81164837382704,103.90496063232422,6015665,0.0,0.0
2014-10-30 00:00:00-04:00,102.93309917615348,104.14788591713291,102.52816596493454,103.94541931152344,5461480,0.0,0.0
2014-10-31 00:00:00-04:00,104.71480336272379,104.99824891158978,103.94543274054597,104.51233673095703,8336363,0.0,0.0
2014-11-03 00:00:00-05:00,103.21652357068399,104.6337766273082,103.17603412564931,104.06687927246094,7325500,0.0,0.0
2014-11-04 00:00:00-05:00,104.18836050023975,104.4718059544947,103.62145669905512,104.06687927246094,4706144,0.0,0.0
2014-11-05 00:00:00-05:00,104.87674321488379,104.87674321488379,103.94540214000637,104.55279541015625,6590738,0.0,0.0
2014-11-06 00:00:00-05:00,104.8362464492427,106.86089281500138,104.75526111031935,106.73941802978516,8392139,0.0,0.0
2014-11-07 00:00:00-05:00,106.45597482856743,107.3468200759336,106.1320334463754,106.94188690185547,5506759,0.0,0.0
2014-11-10 00:00:00-05:00,106.94189772192783,107.4278162907178,106.8204229144844,107.18486022949219,3396560,0.0,0.0
2014-11-11 00:00:00-05:00,107.18484895881548,107.30632375348561,106.253507819208,106.8204116821289,3957089,0.0,0.0
2014-11-12 00:00:00-05:00,106.37499375955653,107.71126168432707,106.37499375955653,107.38731384277344,5864156,0.0,0.0
2014-11-13 00:00:00-05:00,107.18483502916023,107.99469482251075,106.77990190931634,106.98236846923828,5305463,0.0,0.0
2014-11-14 00:00:00-05:00,107.02288097618217,107.34682236528278,106.82041438482516,107.14435577392578,3535550,0.0,0.0
2014-11-17 00:00:00-05:00,107.18486488929805,108.03521436372557,106.98239827297188,107.75176239013672,5135904,0.0,0.0
2014-11-18 00:00:00-05:00,108.11618622302649,109.53344591403038,108.07569677261964,109.37147521972656,7673361,0.0,0.0
2014-11-19 00:00:00-05:00,109.29048743340752,109.33098333163738,108.39964213573522,109.00704193115234,7039299,0.0,0.0
2014-11-20 00:00:00-05:00,108.52112043114285,109.20949915250233,108.31865382615288,108.72358703613281,4423094,0.0,0.0
2014-11-21 00:00:00-05:00,109.69545303090466,109.735936048415,108.76411155991381,109.29051971435547,7549707,0.0,0.0
2014-11-24 00:00:00-05:00,109.37145902551461,109.69540036615749,108.5615927812329,109.33096313476562,5008620,0.0,0.0
2014-11-25 00:00:00-05:00,109.37148368244945,109.45246258952893,108.68309206254773,108.76408386230469,5848381,0.0,0.0
2014-11-26 00:00:00-05:00,108.88555196117268,109.20949335488858,108.44013576798248,108.80457305908203,4025029,0.0,0.0
2014-11-28 00:00:00-05:00,108.52111474776382,108.92604793653692,107.06337202866032,107.26583862304688,6507169,0.0,0.0
2014-12-01 00:00:00-05:00,105.92955946525161,106.17251548493685,104.67427702737146,105.36265563964844,10217577,0.0,0.0
2014-12-02 00:00:00-05:00,105.56512382990537,106.09153177045722,105.40315314763369,105.48413848876953,5265108,0.0,0.0
2014-12-03 00:00:00-05:00,105.92956643830352,107.18484895881548,105.64611450684308,106.8204116821289,7169817,0.0,0.0
2014-12-04 00:00:00-05:00,106.33449684548359,106.41548219351323,104.9577394826414,105.6461181640625,6173706,0.0,0.0
2014-12-05 00:00:00-05:00,105.84857437660743,105.88906382348226,104.99821863618419,105.3221664428711,4671777,0.0,0.0
2014-12-08 00:00:00-05:00,104.79576817638734,105.64611754891638,103.70245631484578,104.02639770507812,7851516,0.0,0.0
2014-12-09 00:00:00-05:00,103.0950586990125,104.02639338038118,102.32569470602637,103.58097076416016,6783438,0.0,0.0
2014-12-10 00:00:00-05:00,103.7429521028243,103.78344155339168,101.83978032136268,102.32569885253906,9454521,0.0,0.0
2014-12-11 00:00:00-05:00,102.52815610726667,104.02639466278202,102.48766665784088,102.89259338378906,8534363,0.0,0.0
2014-12-12 00:00:00-05:00,102.64966361333082,102.73064897924229,100.66550603265044,100.7869873046875,10651052,0.0,0.0
2014-12-15 00:00:00-05:00,101.31338297088783,101.35387242570394,98.84331349791955,99.57218170166016,13265484,0.0,0.0
2014-12-16 00:00:00-05:00,99.3697411281164,101.96129236919965,98.80283707819999,99.16727447509766,10096741,0.0,0.0
2014-12-17 00:00:00-05:00,99.6531459682859,100.0985685262198,97.4260331786164,99.85560607910156,16189945,0.0,0.0
2014-12-18 00:00:00-05:00,102.71680453184852,102.79855231697574,100.87746309891764,102.75767517089844,10859756,1.102261,0.0
2014-12-19 00:00:00-05:00,102.6759359488482,105.04664143633431,102.18544919717877,104.71965026855469,18093862,0.0,0.0
2014-12-22 00:00:00-05:00,104.84228862103066,105.33278197291258,104.4744202338765,105.08753204345703,7352856,0.0,0.0
2014-12-23 00:00:00-05:00,105.00577293182909,106.2728735718357,104.63790458427694,105.78238677978516,6551927,0.0,0.0
2014-12-24 00:00:00-05:00,105.82326159416237,106.02763435241492,105.04665422264293,105.57801818847656,3727769,0.0,0.0
2014-12-26 00:00:00-05:00,105.61888536540084,105.86413527005678,105.21014636935516,105.37364196777344,3125445,0.0,0.0
2014-12-29 00:00:00-05:00,105.04664611816406,105.65975783859064,104.96489832257572,105.04664611816406,4352316,0.0,0.0
2014-12-30 00:00:00-05:00,104.67876198495671,105.04663026309461,103.90215479056963,104.51526641845703,4629064,0.0,0.0
2014-12-31 00:00:00-05:00,103.90218191735319,104.31092094031597,103.28907012939453,103.28907012939453,5885627,0.0,0.0
2015-01-02 00:00:00-05:00,103.57518562603815,104.06567896741373,101.65410243097065,102.43070983886719,8538620,0.0,0.0
2015-01-05 00:00:00-05:00,102.2263077419136,102.2263077419136,100.22347731574156,100.55046844482422,8770735,0.0,0.0
2015-01-06 00:00:00-05:00,99.97825485440742,100.4278710335976,97.81192827015389,98.38416290283203,13304295,0.0,0.0
2015-01-07 00:00:00-05:00,98.9563975181606,99.69213421869581,98.01628806591481,98.42503356933594,9106535,0.0,0.0
2015-01-08 00:00:00-05:00,99.40598649604726,99.65122982684795,98.62937936166503,99.61035919189453,9019294,0.0,0.0
2015-01-09 00:00:00-05:00,100.22350241275805,100.26437306061423,97.89367376706265,98.22066497802734,9000055,0.0,0.0
2015-01-12 00:00:00-05:00,98.3841494521581,98.67026998289444,97.15792604274876,98.01628112792969,8945573,0.0,0.0
2015-01-13 00:00:00-05:00,99.16075611983646,99.44687012296916,96.5856780354215,97.52578735351562,8591202,0.0,0.0
2015-01-14 00:00:00-05:00,96.66745150031144,97.48493610061608,95.68647128135174,97.19882202148438,8732675,0.0,0.0
2015-01-15 00:00:00-05:00,97.52580817542177,97.97542435680235,96.29958459239437,96.38133239746094,6568703,0.0,0.0
2015-01-16 00:00:00-05:00,96.09520424011791,96.66743883040962,95.84996084427861,96.42219543457031,10390099,0.0,0.0
2015-01-20 00:00:00-05:00,97.44405367019768,97.56667211585192,96.25870081769277,97.48492431640625,9298421,0.0,0.0
2015-01-21 00:00:00-05:00,97.40315132364054,98.42500831295087,96.91266465383092,98.26151275634766,7849930,0.0,0.0
2015-01-22 00:00:00-05:00,99.3242633611798,99.56950675282467,97.9345377944688,99.24251556396484,9834098,0.0,0.0
2015-01-23 00:00:00-05:00,99.85563243092835,101.73584487760512,99.28339131397202,100.06000518798828,13299850,0.0,0.0
2015-01-26 00:00:00-05:00,101.04098349732745,101.12273129727748,99.73300568406977,100.50961303710938,8174317,0.0,0.0
2015-01-27 00:00:00-05:00,99.69210700039153,99.97822096623622,98.91549335873668,99.65122985839844,8012228,0.0,0.0
2015-01-28 00:00:00-05:00,100.01912559947573,100.10087339890437,97.32142869724512,97.44405364990234,10360866,0.0,0.0
2015-01-29 00:00:00-05:00,97.44405347096514,98.91552036500707,97.19881007312958,98.42503356933594,8437544,0.0,0.0
2015-01-30 00:00:00-05:00,97.60755922023012,98.5476622632135,97.36231579689043,97.64842987060547,11416362,0.0,0.0
2015-02-02 00:00:00-05:00,98.09805147945033,98.99728392167334,97.68931241799876,98.95641326904297,8263540,0.0,0.0
2015-02-03 00:00:00-05:00,99.28337503414915,100.26435499734212,99.16075660564229,100.01911163330078,7871527,0.0,0.0
2015-02-04 00:00:00-05:00,99.773879010271,99.85562680708523,98.4250306022939,98.75202178955078,6935093,0.0,0.0
2015-02-05 00:00:00-05:00,99.1198893087295,100.1417465209961,99.0790121571464,100.1417465209961,5351640,0.0,0.0
2015-02-06 00:00:00-05:00,100.30526618734011,101.16362150631473,100.01914557867195,100.22351837158203,5732365,0.0,0.0
2015-02-09 00:00:00-05:00,100.01913725755755,101.16361308998539,99.9373894486005,100.71399688720703,5693136,0.0,0.0
2015-02-10 00:00:00-05:00,101.24535900186507,101.3679839665176,100.34612661315764,101.0409927368164,5649693,0.0,0.0
2015-02-11 00:00:00-05:00,101.00012551112837,101.44974174969373,100.55050927256302,101.24536895751953,5102894,0.0,0.0
2015-02-12 00:00:00-05:00,101.40886496184488,102.14460181075721,101.00012588302127,101.7358627319336,5534199,0.0,0.0
2015-02-13 00:00:00-05:00,102.14457983315171,102.88031652376166,101.94021359122662,102.79856872558594,6901749,0.0,0.0
2015-02-17 00:00:00-05:00,102.67595255096067,103.04382092770894,102.10371791481927,102.88032531738281,7509644,0.0,0.0
2015-02-18 00:00:00-05:00,103.37081565019943,103.37081565019943,102.7985745236652,103.20731353759766,6414440,0.0,0.0
2015-02-19 00:00:00-05:00,103.24857595176546,103.99107614309479,102.9185787853286,103.16607666015625,6934446,1.102261,0.0
2015-02-20 00:00:00-05:00,102.62981042070531,104.03231127177857,102.29981331073293,103.99105834960938,8323489,0.0,0.0
2015-02-23 00:00:00-05:00,104.03230126199779,104.36229834021852,103.53729907782203,103.8260498046875,6421471,0.0,0.0
2015-02-24 00:00:00-05:00,103.61982365232384,104.9810717826811,103.49607800119355,104.73357391357422,8860648,0.0,0.0
2015-02-25 00:00:00-05:00,104.98108121863818,107.49732619784007,104.93983485350284,106.87857818603516,14234844,0.0,0.0
2015-02-26 00:00:00-05:00,107.00229485366712,107.29104558103762,106.4660463171982,106.7960433959961,7980741,0.0,0.0
2015-02-27 00:00:00-05:00,106.54856392029653,108.36356129967389,106.2185667847173,107.20856475830078,10752733,0.0,0.0
2015-03-02 00:00:00-05:00,106.75479970806208,107.74479753600055,106.63104751700295,107.70354461669922,6762530,0.0,0.0
2015-03-03 00:00:00-05:00,107.45604862451223,107.57980081767091,106.3422985866189,106.67230224609375,6373020,0.0,0.0
2015-03-04 00:00:00-05:00,106.25978635454386,106.30103926951408,105.06353718938168,105.8472900390625,6581995,0.0,0.0
2015-03-05 00:00:00-05:00,105.68232370707362,106.50731658935547,105.5173185637711,106.50731658935547,5920536,0.0,0.0
2015-03-06 00:00:00-05:00,106.05355792131513,106.34230868821759,104.48606501557991,104.85731506347656,6737031,0.0,0.0
2015-03-09 00:00:00-04:00,105.2697836446247,106.01228354416808,105.14603147241951,105.76478576660156,6591865,0.0,0.0
2015-03-10 00:00:00-04:00,105.187297602615,105.76479905634594,103.8260498046875,103.8260498046875,7812747,0.0,0.0
2015-03-11 00:00:00-04:00,104.27978112148404,105.14602658613309,103.70227976715563,103.90853118896484,7553171,0.0,0.0
2015-03-12 00:00:00-04:00,104.23854596887243,104.81604081836043,103.82604308096533,104.77478790283203,6128301,0.0,0.0
2015-03-13 00:00:00-04:00,104.27981577010439,104.60981290117108,102.34106620797327,103.2898178100586,9453853,0.0,0.0
2015-03-16 00:00:00-04:00,103.3722954275401,105.1047931362261,102.95979910015978,104.98104095458984,7221878,0.0,0.0
2015-03-17 00:00:00-04:00,104.36228865057166,104.73353861252315,103.49604311724757,104.4035415649414,7148555,0.0,0.0
2015-03-18 00:00:00-04:00,103.86728967157059,106.63103127150629,103.57853898098773,105.76478576660156,7992342,0.0,0.0
2015-03-19 00:00:00-04:00,104.93981807058813,105.64106526736087,104.19731794843075,104.48606872558594,7994846,0.0,0.0
2015-03-20 00:00:00-04:00,104.52729011019431,105.3110429704801,104.36229158176917,104.77478790283203,10565104,0.0,0.0
2015-03-23 00:00:00-04:00,105.10479814517696,106.17729521432182,104.98104595764308,105.06354522705078,6673953,0.0,0.0
2015-03-24 00:00:00-04:00,104.69231394642476,105.1048169340483,104.23857116699219,104.23857116699219,5383753,0.0,0.0
2015-03-25 00:00:00-04:00,104.07355793792318,104.48606089346592,102.7535629272461,102.7535629272461,7281764,0.0,0.0
2015-03-26 00:00:00-04:00,102.29981231689453,102.79481454388949,101.76356373497639,102.29981231689453,6782436,0.0,0.0
2015-03-27 00:00:00-04:00,102.79479897613604,102.79479897613604,101.92854685179569,102.54729461669922,5909436,0.0,0.0
2015-03-30 00:00:00-04:00,103.04231704867823,103.94981570030171,103.00106412503828,103.61981201171875,5692594,0.0,0.0
2015-03-31 00:00:00-04:00,103.49605981024644,103.49605981024644,102.34105682373047,102.34105682373047,7290841,0.0,0.0
2015-04-01 00:00:00-04:00,101.9698175608609,102.79481691364123,101.3510631211416,102.46481323242188,8085552,0.0,0.0
2015-04-02 00:00:00-04:00,102.34107174805072,103.12482482702998,101.88732238484813,102.87732696533203,6095667,0.0,0.0
2015-04-06 00:00:00-04:00,102.71230658670736,104.8160545161652,102.25855729081822,103.8673095703125,6978724,0.0,0.0
2015-04-07 00:00:00-04:00,103.82607676212484,104.27982614591231,103.12482950541138,103.20732879638672,4436490,0.0,0.0
2015-04-08 00:00:00-04:00,103.33107524337467,103.61982604743012,102.58858161889177,103.16607666015625,4682210,0.0,0.0
2015-04-09 00:00:00-04:00,103.49607339787494,106.54856668162921,102.79482618317252,106.13607025146484,12551004,0.0,0.0
2015-04-10 00:00:00-04:00,111.91106969194318,118.30480104944334,111.37482100130718,117.60355377197266,73595516,0.0,0.0
2015-04-13 00:00:00-04:00,115.74731427868714,116.28356295955707,113.43730783768476,113.97355651855469,32130811,0.0,0.0
2015-04-14 00:00:00-04:00,113.35478035890999,114.8397802917811,112.94227745895938,114.38602447509766,11638587,0.0,0.0
2015-04-15 00:00:00-04:00,114.22100619624604,114.88100021512146,113.14850934873017,113.27225494384766,11772736,0.0,0.0
2015-04-16 00:00:00-04:00,112.65353628031797,113.43727605046774,112.11728774971476,112.52977752685547,13012815,0.0,0.0
2015-04-17 00:00:00-04:00,113.02479076780301,114.26228641581305,111.044795104249,112.40603637695312,18319384,0.0,0.0
2015-04-20 00:00:00-04:00,112.69476321897551,113.18977190902369,111.41602798179956,111.45726776123047,12871738,0.0,0.0
2015-04-21 00:00:00-04:00,111.49852624649137,111.62227185834374,109.51853078841144,109.80728149414062,16040335,0.0,0.0
2015-04-22 00:00:00-04:00,110.13729541858052,111.45729040387711,109.72479903781445,111.00354766845703,9818824,0.0,0.0
2015-04-23 00:00:00-04:00,110.46730590892614,111.66354877041158,110.17854857429779,110.75605010986328,7963756,0.0,0.0
2015-04-24 00:00:00-04:00,110.87983026861578,111.12732159324366,110.13732346049781,110.54981994628906,5782861,0.0,0.0
2015-04-27 00:00:00-04:00,111.20980363650347,111.37480219547786,110.5910491900813,110.87980651855469,7557261,0.0,0.0
2015-04-28 00:00:00-04:00,111.16854201931285,112.0347876696057,109.88979343699869,111.86978912353516,8018175,0.0,0.0
2015-04-29 00:00:00-04:00,111.1685464724079,112.4060421843525,110.96229499813539,111.74604797363281,7752631,0.0,0.0
2015-04-30 00:00:00-04:00,111.62229761739651,112.81855363155329,111.25104756247771,111.70480346679688,8969340,0.0,0.0
2015-05-01 00:00:00-04:00,111.74606570256218,112.69480424757002,111.33356268857203,112.653564453125,5905826,0.0,0.0
2015-05-04 00:00:00-04:00,112.85976768829391,113.89101164849816,112.40601194024443,112.48851776123047,5467301,0.0,0.0
2015-05-05 00:00:00-04:00,112.40607974960875,112.85983577138815,110.75608053770196,111.04483795166016,6332331,0.0,0.0
2015-05-06 00:00:00-04:00,111.37477914937168,112.11727907796089,109.766027115147,110.59102630615234,5792668,0.0,0.0
2015-05-07 00:00:00-04:00,110.4672902217434,111.86978437060121,109.97228803771762,111.53978729248047,6476496,0.0,0.0
2015-05-08 00:00:00-04:00,112.40605395782404,113.39605851128759,112.28230831377552,112.85980987548828,7766716,0.0,0.0
2015-05-11 00:00:00-04:00,112.40607974960875,112.61233129280895,110.79733347308095,111.04483795166016,6771794,0.0,0.0
2015-05-12 00:00:00-04:00,110.63229710680645,111.74604717975126,110.3435397914002,111.49854278564453,6216002,0.0,0.0
2015-05-13 00:00:00-04:00,111.45727496685902,112.3647734456995,111.04478521006867,112.24102783203125,7756053,0.0,0.0
2015-05-14 00:00:00-04:00,112.6947900001451,113.14854588490674,111.99354284523244,113.0660400390625,5628889,0.0,0.0
2015-05-15 00:00:00-04:00,112.94226037559307,113.18976470486432,112.40601194024443,112.48851776123047,7463572,0.0,0.0
2015-05-18 00:00:00-04:00,112.24106143913485,112.98356161084011,112.24106143913485,112.653564453125,4692706,0.0,0.0
2015-05-19 00:00:00-04:00,112.48857581118077,112.98357159147993,112.24107135418436,112.81857299804688,6082667,0.0,0.0
2015-05-20 00:00:00-04:00,112.77730517123777,114.26230544969798,112.19980360364859,114.01480102539062,8382707,0.0,0.0
2015-05-21 00:00:00-04:00,114.17976618611307,114.63352197561797,113.64351770177242,114.34476470947266,8411398,0.0,0.0
2015-05-22 00:00:00-04:00,114.22103197164498,114.59228197446124,113.93228780664991,114.17977905273438,4859594,0.0,0.0
2015-05-26 00:00:00-04:00,113.51976013183594,113.76726445764142,112.94225879408093,113.51976013183594,9904188,0.0,0.0
2015-05-27 00:00:00-04:00,113.72601154772606,113.93226296361618,113.27225580603044,113.51976013183594,5284743,0.0,0.0
2015-05-28 00:00:00-04:00,113.43730783768476,113.97355651855469,112.61231491853599,113.97355651855469,5512498,0.0,0.0
2015-05-29 00:00:00-04:00,113.43725590044869,113.43725590044869,112.48851776123047,112.48851776123047,8693071,0.0,0.0
2015-06-01 00:00:00-04:00,112.44728482490301,112.77728190009125,111.66353192106402,112.52977752685547,6953122,0.0,0.0
2015-06-02 00:00:00-04:00,112.2822954759143,113.10728823139807,111.99353816122726,112.73603820800781,5493092,0.0,0.0
2015-06-03 00:00:00-04:00,113.14854744750282,113.68479605182351,112.85980325044208,113.56105041503906,5489128,0.0,0.0
2015-06-04 00:00:00-04:00,113.10729035938219,113.93229626407779,112.24104466640424,112.44729614257812,6961072,0.0,0.0
2015-06-05 00:00:00-04:00,112.4472992861874,112.94229496262868,112.03479632230754,112.571044921875,6395013,0.0,0.0
2015-06-08 00:00:00-04:00,112.6948195903377,112.85983132535317,112.24107672012799,112.36482238769531,6220801,0.0,0.0
2015-06-09 00:00:00-04:00,112.5297867357143,113.3135397036916,112.07604400362078,112.73603820800781,6492291,0.0,0.0
2015-06-10 00:00:00-04:00,112.85981936112707,114.17980803176512,112.6948076436044,113.97355651855469,6922511,0.0,0.0
2015-06-11 00:00:00-04:00,113.72604290723746,114.01478708889168,112.85979722858444,113.4785385131836,6549569,0.0,0.0
2015-06-12 00:00:00-04:00,113.18977193977399,113.35477045860564,112.52976473075968,112.9835205078125,4626164,0.0,0.0
2015-06-15 00:00:00-04:00,112.98352778141788,112.98352778141788,111.82852494155233,112.24102783203125,5946598,0.0,0.0
2015-06-16 00:00:00-04:00,112.07607421673475,112.36481847557026,111.37482690211093,112.2823257446289,5752709,0.0,0.0
2015-06-17 00:00:00-04:00,112.15850761097317,113.02476619657911,111.82851059440277,112.48851776123047,7626245,0.0,0.0
2015-06-18 00:00:00-04:00,112.65495587163015,114.02777593148934,112.44695002262605,113.86137390136719,7862534,1.102261,0.0
2015-06-19 00:00:00-04:00,113.44539100256652,113.90299333679012,113.0709830721075,113.3205795288086,12575563,0.0,0.0
2015-06-22 00:00:00-04:00,113.57018321091351,114.40219343149386,113.52857938853283,114.06938934326172,5739188,0.0,0.0
2015-06-23 00:00:00-04:00,114.06937383461884,114.818189554037,113.94457562985077,114.61018371582031,6783792,0.0,0.0
2015-06-24 00:00:00-04:00,114.61018846392822,114.77659049231436,113.36216662832946,113.40377044677734,6772483,0.0,0.0
2015-06-25 00:00:00-04:00,113.48694501594767,113.77815844881236,112.4053253976573,112.48853302001953,4870611,0.0,0.0
2015-06-26 00:00:00-04:00,112.4885274030091,112.86293519413722,111.94771762086876,112.696533203125,5378766,0.0,0.0
2015-06-29 00:00:00-04:00,111.90612837200369,112.19732858281287,110.36689982081792,110.82450866699219,6963534,0.0,0.0
2015-06-30 00:00:00-04:00,111.57334022714338,112.15575397706208,110.36691552957063,110.53331756591797,7419565,0.0,0.0
2015-07-01 00:00:00-04:00,110.9493568214887,111.7813738324678,110.11733981050962,110.90775299072266,6349045,0.0,0.0
2015-07-02 00:00:00-04:00,111.07409552831474,111.61491192485137,110.65809055717249,111.40690612792969,5425694,0.0,0.0
2015-07-06 00:00:00-04:00,110.36689305125094,110.82450186935688,108.99406659693312,109.45167541503906,5812929,0.0,0.0
2015-07-07 00:00:00-04:00,109.74289408360187,110.45010598177568,107.87085479702131,110.11730194091797,6812212,0.0,0.0
2015-07-08 00:00:00-04:00,108.53645386080838,109.16046465884477,107.66284006809772,107.70443725585938,6683593,0.0,0.0
2015-07-09 00:00:00-04:00,108.86925768427226,109.82607909642,108.20364969951011,108.24524688720703,6345706,0.0,0.0
2015-07-10 00:00:00-04:00,109.78449967858974,109.99250553139458,108.32847195436155,109.28529357910156,5291629,0.0,0.0
2015-07-13 00:00:00-04:00,110.20050295113239,110.36690497156125,109.1604803893985,110.11730194091797,5075622,0.0,0.0
2015-07-14 00:00:00-04:00,109.61812695484029,111.19895993797104,109.61812695484029,110.90775299072266,4652038,0.0,0.0
2015-07-15 00:00:00-04:00,110.69970362630762,111.44852592720818,110.65810643457553,111.36531829833984,5826910,0.0,0.0
2015-07-16 00:00:00-04:00,112.23892339833594,112.48853302001953,111.65650977800965,112.48853302001953,6392447,0.0,0.0
2015-07-17 00:00:00-04:00,113.40378717798055,113.69498745926762,112.44696543954,113.3205795288086,8595000,0.0,0.0
2015-07-20 00:00:00-04:00,112.82134864347833,113.19575649188016,112.36374640954526,112.90455627441406,5151158,0.0,0.0
2015-07-21 00:00:00-04:00,112.36375674849492,112.94615723701565,111.49012952490243,111.69813537597656,6110106,0.0,0.0
2015-07-22 00:00:00-04:00,111.82293472132916,112.15573874883653,110.53330255798275,110.78290557861328,5035726,0.0,0.0
2015-07-23 00:00:00-04:00,110.57492001034133,110.65812102747964,108.99408743930776,109.24369049072266,4841211,0.0,0.0
2015-07-24 00:00:00-04:00,109.45168119779888,109.49328501196192,106.78922914972371,107.12203979492188,6494441,0.0,0.0
2015-07-27 00:00:00-04:00,106.24841012531058,108.07884533635162,106.1652091268725,107.95404052734375,7569635,0.0,0.0
2015-07-28 00:00:00-04:00,108.57806396484375,109.16047098617544,107.95404650793563,108.57806396484375,5792105,0.0,0.0
2015-07-29 00:00:00-04:00,108.53647853369564,109.32689150786095,108.37007649941904,109.24369049072266,5005365,0.0,0.0
2015-07-30 00:00:00-04:00,109.11888665302575,109.16048384809976,108.20366888896642,108.6612777709961,4615376,0.0,0.0
2015-07-31 00:00:00-04:00,109.11887379600266,109.36847680514481,108.37005814587438,108.57806396484375,4840439,0.0,0.0
2015-08-03 00:00:00-04:00,108.6612996596568,108.70289686311013,106.4980530216701,107.62127685546875,6798273,0.0,0.0
2015-08-04 00:00:00-04:00,107.7044441605026,108.41165600210121,107.45484114982696,107.74604797363281,4587478,0.0,0.0
2015-08-05 00:00:00-04:00,108.53646015196915,109.53487881123958,108.286857142827,108.57806396484375,5314916,0.0,0.0
2015-08-06 00:00:00-04:00,108.7860789545279,108.91088378856888,107.99566599947575,108.28687286376953,3609479,0.0,0.0
2015-08-07 00:00:00-04:00,107.95405258086566,108.41166143471987,106.53962882679025,107.28844451904297,5407728,0.0,0.0
2015-08-10 00:00:00-04:00,107.74606046676548,109.4100873535819,107.74606046676548,109.16048431396484,4899219,0.0,0.0
2015-08-11 00:00:00-04:00,108.2868721792075,108.2868721792075,106.66444246044522,106.95564270019531,5891637,0.0,0.0
2015-08-12 00:00:00-04:00,106.24841398079236,107.66284425096896,105.45800115559769,107.57964324951172,6567598,0.0,0.0
2015-08-13 00:00:00-04:00,107.20524351131513,107.78765056540999,106.58123264200526,107.28844451904297,3425960,0.0,0.0
2015-08-14 00:00:00-04:00,106.70603475832125,108.57807405765628,106.58123655350055,108.494873046875,4337313,0.0,0.0
2015-08-17 00:00:00-04:00,107.95407895627625,109.16050379713768,107.3300679345076,109.03570556640625,4011257,0.0,0.0
2015-08-18 00:00:00-04:00,108.86927501519638,109.03568366057898,107.91246007343449,108.4532699584961,4246023,0.0,0.0
2015-08-19 00:00:00-04:00,107.74606848256055,108.28687841998253,106.58124758832112,107.03885650634766,6082479,0.0,0.0
2015-08-20 00:00:00-04:00,106.12360276252804,106.66441251696273,104.75077647295514,104.79237365722656,7229265,0.0,0.0
2015-08-21 00:00:00-04:00,103.58596645364736,104.54278794498634,102.17154274626171,102.29634094238281,13584299,0.0,0.0
2015-08-24 00:00:00-04:00,95.01620480102451,100.0083049130786,80.58073418503571,99.30108642578125,19037599,0.0,0.0
2015-08-25 00:00:00-04:00,102.87876757691969,102.92037139600922,96.8050537109375,96.8050537109375,12682065,0.0,0.0
2015-08-26 00:00:00-04:00,99.21786174334427,100.13307921655401,96.80501989205528,99.88347625732422,16477190,0.0,0.0
2015-08-27 00:00:00-04:00,101.63075152828817,104.04359436035156,101.42274566636269,104.04359436035156,13540959,0.0,0.0
2015-08-28 00:00:00-04:00,103.66917520963035,104.70919109456793,103.08676154571984,104.66758728027344,6873851,0.0,0.0
2015-08-31 00:00:00-04:00,103.91878856413139,103.91878856413139,102.25475503546679,103.253173828125,7721916,0.0,0.0
2015-09-01 00:00:00-04:00,100.84029874984797,101.3395113298076,98.51065770390571,99.3426742553711,13634816,0.0,0.0
2015-09-02 00:00:00-04:00,100.42429581911078,102.2547309448617,99.1346704693589,102.21312713623047,10533429,0.0,0.0
2015-09-03 00:00:00-04:00,103.00356164230641,103.7939745180432,101.4643330828705,101.96353912353516,7003701,0.0,0.0
2015-09-04 00:00:00-04:00,100.59071942116692,100.59071942116692,99.21789278188805,99.84190368652344,7434296,0.0,0.0
2015-09-08 00:00:00-04:00,101.96353969865017,103.91877992570377,100.96512098898722,103.83557891845703,9642859,0.0,0.0
2015-09-09 00:00:00-04:00,104.8339998191473,104.91720082813292,101.8387436275577,102.12994384765625,7222045,0.0,0.0
2015-09-10 00:00:00-04:00,102.17154742624932,103.41956918083807,101.92194439987202,102.6707534790039,7312166,0.0,0.0
2015-09-11 00:00:00-04:00,102.92036950170014,103.83558727779644,101.92195071165895,103.79398345947266,6656947,0.0,0.0
2015-09-14 00:00:00-04:00,103.87719814607831,103.91880196987813,102.3379692514457,103.04518127441406,5474792,0.0,0.0
2015-09-15 00:00:00-04:00,103.58595914301368,105.87400317527701,102.7539425292178,105.24999237060547,9668295,0.0,0.0
2015-09-16 00:00:00-04:00,106.20682286240927,108.286861263143,105.74921401688573,107.870849609375,12841086,0.0,0.0
2015-09-17 00:00:00-04:00,107.03138982236497,108.83623038230726,106.06601200810812,106.40179443359375,10191912,1.102261,0.0
2015-09-18 00:00:00-04:00,105.56235063445439,105.8141874987688,103.71553359887022,104.09329223632812,16248371,0.0,0.0
2015-09-21 00:00:00-04:00,104.47103830328739,105.7722053019742,104.2611709339581,105.31050109863281,6180342,0.0,0.0
2015-09-22 00:00:00-04:00,103.92538157365185,105.6043003706595,103.25381004566599,105.39443969726562,9223908,0.0,0.0
2015-09-23 00:00:00-04:00,104.9747130338024,106.31785619273828,104.84879795650781,105.5203628540039,8594791,0.0,0.0
2015-09-24 00:00:00-04:00,104.38709382189464,106.82152994097346,103.46368540521637,104.55498504638672,11109065,0.0,0.0
2015-09-25 00:00:00-04:00,104.93276738825135,105.1006586507364,104.34514128758032,104.59698486328125,8127409,0.0,0.0
2015-09-28 00:00:00-04:00,103.63157047811188,103.84143783725513,102.03659057617188,102.03659057617188,8897623,0.0,0.0
2015-09-29 00:00:00-04:00,102.12052244810107,103.2537980166819,101.82671620318357,103.12787628173828,8677797,0.0,0.0
2015-09-30 00:00:00-04:00,103.79947112572815,105.94010101039963,103.63157989594451,105.85615539550781,9130698,0.0,0.0
2015-10-01 00:00:00-04:00,105.56231815935955,106.23388960623559,104.05128407438107,105.73020935058594,8288809,0.0,0.0
2015-10-02 00:00:00-04:00,104.38708270913826,106.98940977567271,104.21919150251941,106.90546417236328,8904905,0.0,0.0
2015-10-05 00:00:00-04:00,110.6830755622625,114.16684250985719,110.05348001151292,112.57186889648438,21997846,0.0,0.0
2015-10-06 00:00:00-04:00,113.285387699458,115.04825222057262,113.15947262336226,114.5445785522461,15004766,0.0,0.0
2015-10-07 00:00:00-04:00,115.4259971238221,116.55927276611327,114.67048002896132,116.55927276611328,13703048,0.0,0.0
2015-10-08 00:00:00-04:00,115.97165583751392,118.36412236817173,115.13219975831073,117.65058135986328,10665700,0.0,0.0
2015-10-09 00:00:00-04:00,117.44072284024689,118.23821619848404,117.0629642351813,117.8184814453125,9875476,0.0,0.0
2015-10-12 00:00:00-04:00,117.4407319948606,118.2382254152631,117.14692566310444,117.9024429321289,5266548,0.0,0.0
2015-10-13 00:00:00-04:00,117.39877686649633,118.69994409648797,116.97904205322266,116.97904205322266,9014870,0.0,0.0
2015-10-14 00:00:00-04:00,116.43337488004431,116.8531096310914,115.34207521847705,115.84574890136719,8160336,0.0,0.0
2015-10-15 00:00:00-04:00,116.68519684582238,118.23820729727701,116.01363198245983,117.65058135986328,16062516,0.0,0.0
2015-10-16 00:00:00-04:00,120.08502059884911,122.51946320478346,118.44807126829221,121.63803100585938,29634440,0.0,0.0
2015-10-19 00:00:00-04:00,120.88252035101262,124.07246689555188,120.67265298498758,121.68000030517578,27342329,0.0,0.0
2015-10-20 00:00:00-04:00,120.96644466654732,121.72196174739514,120.462771067296,120.79855346679688,15681999,0.0,0.0
2015-10-21 00:00:00-04:00,120.8405484469142,122.72934144349898,120.79857229944703,121.09239196777344,13647356,0.0,0.0
2015-10-22 00:00:00-04:00,121.512145107353,124.8280210728629,121.34425383755037,124.15645599365234,17001036,0.0,0.0
2015-10-23 00:00:00-04:00,124.6601186049552,125.20576852378537,123.48487982190736,123.86262512207031,16039271,0.0,0.0
2015-10-26 00:00:00-04:00,123.90458912647333,124.49221514234684,123.44289156225149,124.030517578125,10173821,0.0,0.0
2015-10-27 00:00:00-04:00,123.44290358684252,124.40828832381978,122.6873862591165,123.65277099609375,14106851,0.0,0.0
2015-10-28 00:00:00-04:00,123.10710233351584,124.15642585605752,122.35158512082374,123.35893249511719,14831180,0.0,0.0
2015-10-29 00:00:00-04:00,122.43553722791695,123.31696961625528,121.97383963933801,123.14907836914062,8841827,0.0,0.0
2015-10-30 00:00:00-04:00,122.64537542792262,123.10708627052118,121.34420854961162,121.38618469238281,14819474,0.0,0.0
2015-11-02 00:00:00-05:00,121.47011770157035,123.40088653564453,121.2182875850853,123.40088653564453,12416375,0.0,0.0
2015-11-03 00:00:00-05:00,122.60340061492951,125.0378431908134,122.47748554919252,124.1983871459961,19996067,0.0,0.0
2015-11-04 00:00:00-05:00,124.03052443167863,125.03787191688639,123.65276578373934,123.9885482788086,21937459,0.0,0.0
2015-11-05 00:00:00-05:00,123.69474010425832,124.82801615372725,123.02317505151233,124.40829467773438,25580616,0.0,0.0
2015-11-06 00:00:00-05:00,123.56879567898471,125.70941879967215,122.7713023451081,125.58350372314453,26314334,0.0,0.0
2015-11-09 00:00:00-05:00,124.91191021924054,125.70939000651448,123.31692391681159,124.86993408203125,30352447,0.0,0.0
2015-11-10 00:00:00-05:00,124.36625190846333,127.05252404458516,124.28229963986283,126.42293548583984,49967267,0.0,0.0
2015-11-11 00:00:00-05:00,126.75875913726767,129.36109321671074,126.75875913726767,128.7314910888672,41231379,0.0,0.0
2015-11-12 00:00:00-05:00,127.64016651166689,129.6968503577896,126.38097586569866,126.5908432006836,61094507,0.0,0.0
2015-11-13 00:00:00-05:00,125.33163539730236,127.97594502855803,125.12178143261053,127.09451293945312,51571608,0.0,0.0
2015-11-16 00:00:00-05:00,125.41559016617556,128.43765837622658,124.95389272516287,127.4302978515625,59427840,0.0,0.0
2015-11-17 00:00:00-05:00,128.31175176207356,129.06726894297063,125.91928514388067,127.2624282836914,90002762,0.0,0.0
2015-11-18 00:00:00-05:00,126.84269210206479,128.31175030064512,126.33901844185125,128.1018829345703,37094987,0.0,0.0
2015-11-19 00:00:00-05:00,127.51428508925022,128.05993495855438,126.96863521994607,127.05257415771484,20642961,0.0,0.0
2015-11-20 00:00:00-05:00,127.01061864613885,130.07466433347818,126.80075122169603,128.68954467773438,43977100,0.0,0.0
2015-11-23 00:00:00-05:00,128.39569091796875,129.36107536855565,127.0105717733976,128.39569091796875,28251073,0.0,0.0
2015-11-24 00:00:00-05:00,127.30443838593762,129.57097716923658,127.0945709614948,128.68954467773438,30438937,0.0,0.0
2015-11-25 00:00:00-05:00,128.6055495696804,128.64751234508793,127.17845437941118,127.4302978515625,11301076,0.0,0.0
2015-11-27 00:00:00-05:00,127.05253932530613,127.51425013026001,126.7167569383985,127.4302978515625,6915875,0.0,0.0
2015-11-30 00:00:00-05:00,127.30439159401888,127.80806520918348,125.66744232177733,125.66744232177734,16633832,0.0,0.0
2015-12-01 00:00:00-05:00,125.87734668403655,126.96864651976723,125.37365955681774,126.63285064697266,11318854,0.0,0.0
2015-12-02 00:00:00-05:00,126.29708508574281,126.88471123705341,125.41565254075084,125.79341125488281,9206923,0.0,0.0
2015-12-03 00:00:00-05:00,126.29704193941659,126.96862018174934,125.7933682806245,126.04521179199219,13139431,0.0,0.0
2015-12-04 00:00:00-05:00,126.21316311515048,128.10194357605667,125.75145201843031,127.97602844238281,12144801,0.0,0.0
2015-12-07 00:00:00-05:00,127.6821344724202,127.76607338267242,126.4229439071129,127.4722671508789,13913859,0.0,0.0
2015-12-08 00:00:00-05:00,126.21307754148327,127.5142442537417,125.54149943467662,126.71675109863281,11114491,0.0,0.0
2015-12-09 00:00:00-05:00,126.00322836297417,128.39569480887837,125.75138486616333,127.89202117919922,10550039,0.0,0.0
2015-12-10 00:00:00-05:00,127.76608980007488,129.82277377872623,127.4722835305285,128.64752197265625,9824333,0.0,0.0
2015-12-11 00:00:00-05:00,127.26245605770265,128.47967102371564,126.54891486756266,127.01061248779297,13126452,0.0,0.0
2015-12-14 00:00:00-05:00,127.01061248779297,127.850082144861,124.95394122865835,127.01061248779297,13575410,0.0,0.0
2015-12-15 00:00:00-05:00,127.59821072765821,128.47964298405697,126.84269354676114,127.2624282836914,12383177,0.0,0.0
2015-12-16 00:00:00-05:00,127.8500395508874,131.08196190760523,127.68214834819699,130.0326385498047,15405835,0.0,0.0
2015-12-17 00:00:00-05:00,130.83611351650242,131.30126440124909,129.10233993393334,129.18692016601562,12107430,1.102261,0.0
2015-12-18 00:00:00-05:00,128.51028626539065,129.31374441177365,128.04513549804688,128.04513549804688,17349168,0.0,0.0
2015-12-21 00:00:00-05:00,128.6372383455498,129.3984068703775,127.49548555830829,128.5526580810547,8496553,0.0,0.0
2015-12-22 00:00:00-05:00,128.93321228027344,129.5252336019771,127.53774595273991,128.93321228027344,8817309,0.0,0.0
2015-12-23 00:00:00-05:00,129.06000376775236,131.0897805105571,129.06000376775236,130.87835693359375,7464970,0.0,0.0
2015-12-24 00:00:00-05:00,130.66695849231772,130.79381536874922,129.77893342949494,130.37094116210938,2820882,0.0,0.0
2015-12-28 00:00:00-05:00,129.9903754098422,131.08983773111302,129.44064424920677,130.66697692871094,5541585,0.0,0.0
2015-12-29 00:00:00-05:00,131.13211243959302,133.11961317930974,131.08982232515194,132.27386474609375,6969397,0.0,0.0
2015-12-30 00:00:00-05:00,132.27392103413914,132.95050929750715,131.1321682417752,131.3013153076172,6077847,0.0,0.0
2015-12-31 00:00:00-05:00,130.49786260609878,133.1619388378336,130.20184515996843,131.72418212890625,10914634,0.0,0.0
2016-01-04 00:00:00-05:00,129.18689176196736,130.07491668407332,127.91828280697324,129.8634796142578,13120985,0.0,0.0
2016-01-05 00:00:00-05:00,129.736688380688,130.4132765752069,128.76408275313773,129.9904022216797,11513181,0.0,0.0
2016-01-06 00:00:00-05:00,128.00284830393502,129.90576844975388,127.07253328419013,127.91828155517578,13073243,0.0,0.0
2016-01-07 00:00:00-05:00,125.38108199505501,126.6919813763272,121.9981284450999,122.50556945800781,19252709,0.0,0.0
2016-01-08 00:00:00-05:00,123.47814691223644,123.90100759543301,119.84145348223119,120.3066177368164,15544512,0.0,0.0
2016-01-11 00:00:00-05:00,120.68722964283508,126.52283497902876,119.46089702587965,120.85637664794922,12192835,0.0,0.0
2016-01-12 00:00:00-05:00,121.6175619723427,122.12500305890616,119.84149797351424,121.110107421875,9949593,0.0,0.0
2016-01-13 00:00:00-05:00,122.25186901215059,122.88618051522703,119.24948546595155,119.41863250732422,11626172,0.0,0.0
2016-01-14 00:00:00-05:00,119.7146019695749,123.68957604530223,119.63002175081908,122.8861312866211,13612468,0.0,0.0
2016-01-15 00:00:00-05:00,118.99576815271861,121.61756741311014,118.82662111629705,120.47581481933594,14486324,0.0,0.0
2016-01-19 00:00:00-05:00,121.44842037668856,122.16729864745643,119.24948197539855,120.47581481933594,10847674,0.0,0.0
2016-01-20 00:00:00-05:00,118.10772077795482,120.22206507012685,116.20480014387815,118.40372467041016,18375368,0.0,0.0
2016-01-21 00:00:00-05:00,118.95344636068859,122.59012687147803,118.95344636068859,120.89864349365234,11692923,0.0,0.0
2016-01-22 00:00:00-05:00,120.72953217589134,120.77182230221081,117.17743084316002,119.41863250732422,18335013,0.0,0.0
2016-01-25 00:00:00-05:00,119.7569108115607,120.47578892783416,118.40372134709784,118.57286834716797,9358244,0.0,0.0
2016-01-26 00:00:00-05:00,118.69972701795938,120.68722786052824,118.61516024860235,119.7146224975586,8854138,0.0,0.0
2016-01-27 00:00:00-05:00,119.24945969449851,120.85637643611985,117.64255641677948,118.40372467041016,9622744,0.0,0.0
2016-01-28 00:00:00-05:00,119.33403816342935,119.88376928692962,118.10771903066784,119.291748046875,8361069,0.0,0.0
2016-01-29 00:00:00-05:00,120.34895622309685,123.09762612775585,119.84151506416698,123.05533599853516,10761998,0.0,0.0
2016-02-01 00:00:00-05:00,122.6747342686593,122.75930105113443,120.77181336416602,121.110107421875,9065575,0.0,0.0
2016-02-02 00:00:00-05:00,119.54550288628263,119.63006967501636,118.06545617634285,119.41863250732422,8361466,0.0,0.0
2016-02-03 00:00:00-05:00,120.05294907882212,121.32155867462819,117.85402398423749,121.23699188232422,9235718,0.0,0.0
2016-02-04 00:00:00-05:00,121.15234826630686,124.57760450117063,120.47576042609123,123.39356231689453,11267398,0.0,0.0
2016-02-05 00:00:00-05:00,123.26670273789156,123.4781397992596,119.67229962243186,120.68719482421875,10847236,0.0,0.0
2016-02-08 00:00:00-05:00,119.33402620901686,119.54546330670559,117.38881568140117,119.12258911132812,10035895,0.0,0.0
2016-02-09 00:00:00-05:00,117.34655388498801,120.68723083070206,117.34655388498801,119.5877685546875,7727091,0.0,0.0
2016-02-10 00:00:00-05:00,119.96834430148682,121.36382399637621,119.46090325966479,119.6723403930664,6779974,0.0,0.0
2016-02-11 00:00:00-05:00,117.34656475878285,118.53059391595247,114.59789535014143,116.07794189453125,16807731,0.0,0.0
2016-02-12 00:00:00-05:00,116.58538637135767,119.50318908691406,115.69736121408867,119.50318908691406,12028451,0.0,0.0
2016-02-16 00:00:00-05:00,120.85640646311766,122.75931410607295,120.17980481184173,122.04043579101562,9852773,0.0,0.0
2016-02-17 00:00:00-05:00,123.22444020012028,125.21192747937505,123.13985997109174,124.07017517089844,7982327,0.0,0.0
2016-02-18 00:00:00-05:00,123.90103362450046,124.11247074246695,122.59013426422977,122.97071838378906,6479855,0.0,0.0
2016-02-19 00:00:00-05:00,122.3786954063745,123.18215375044385,121.27923317970166,122.71700286865234,7525419,0.0,0.0
2016-02-22 00:00:00-05:00,122.71702493039756,124.70451262608812,122.71702493039756,124.36621856689453,8036224,0.0,0.0
2016-02-23 00:00:00-05:00,123.5204463959212,124.15475773385504,122.97071528860589,123.56273651123047,6500074,0.0,0.0
2016-02-24 00:00:00-05:00,122.20959055285945,122.84390211649195,120.0952456018975,122.46331787109375,9374875,0.0,0.0
2016-02-25 00:00:00-05:00,122.7616464615484,124.80767322398987,122.67638912609029,124.59454345703125,7487067,1.102261,0.0
2016-02-26 00:00:00-05:00,124.89290858557972,126.00117244185668,124.8502799207185,125.31916809082031,6123210,0.0,0.0
2016-02-29 00:00:00-05:00,125.48967195474765,125.95856013522251,124.12564965081334,124.21090698242188,7129232,0.0,0.0
2016-03-01 00:00:00-05:00,125.36184330062939,127.74887298721028,124.93558363712505,127.36524200439453,6746609,0.0,0.0
2016-03-02 00:00:00-05:00,126.93897224565391,128.6439971923828,126.85372846274679,128.6439971923828,7765401,0.0,0.0
2016-03-03 00:00:00-05:00,128.72923986939043,129.58174545970812,128.13247917032396,128.81448364257812,5866096,0.0,0.0
2016-03-04 00:00:00-05:00,128.81450397253644,130.39165652814611,128.81450397253644,129.8375244140625,6893131,0.0,0.0
2016-03-07 00:00:00-05:00,128.98493751585661,129.7948277087768,128.43080569219626,129.11282348632812,5476796,0.0,0.0
2016-03-08 00:00:00-05:00,128.21772057825584,128.81448126631372,127.74884590515254,128.13247680664062,6499386,0.0,0.0
2016-03-09 00:00:00-05:00,128.5587166640937,128.72921775286403,127.74882631367026,128.08982849121094,5179181,0.0,0.0
2016-03-10 00:00:00-05:00,128.60141118788016,129.11292834181432,126.98164305827314,127.62103271484375,6916710,0.0,0.0
2016-03-11 00:00:00-05:00,128.47350000170985,130.34902614356068,128.47350000170985,129.32601928710938,6710489,0.0,0.0
2016-03-14 00:00:00-04:00,128.81448860948367,129.45387800564203,128.21772788740697,129.02761840820312,4624015,0.0,0.0
2016-03-15 00:00:00-04:00,128.00457060832537,129.45383648880048,128.00457060832537,129.07020568847656,6030126,0.0,0.0
2016-03-16 00:00:00-04:00,128.8997971775599,129.19817087131636,128.175163716985,128.60140991210938,6853924,0.0,0.0
2016-03-17 00:00:00-04:00,128.81447444236767,132.60815458462687,128.6439733364817,131.96876525878906,12653958,0.0,0.0
2016-03-18 00:00:00-04:00,132.52292732479125,132.77868582751373,131.71305028093548,131.7982940673828,10928447,0.0,0.0
2016-03-21 00:00:00-04:00,131.49985133623505,132.9917457459274,131.24409296794835,132.52285766601562,5710727,0.0,0.0
2016-03-22 00:00:00-04:00,132.05406299153617,133.16232730464512,132.0114343091032,132.3950653076172,5432726,0.0,0.0
2016-03-23 00:00:00-04:00,132.30978015225807,133.16228567595354,132.18189414493844,132.43765258789062,5682933,0.0,0.0
2016-03-24 00:00:00-04:00,131.75569584037768,132.60821533203125,131.37207835516566,132.60821533203125,5759700,0.0,0.0
2016-03-28 00:00:00-04:00,132.7360106027056,135.12303936153955,132.56550951790928,134.2279052734375,8239398,0.0,0.0
2016-03-29 00:00:00-04:00,134.10006064725215,134.61156400765876,133.33279882079805,134.18531799316406,8043882,0.0,0.0
2016-03-30 00:00:00-04:00,135.37887410713753,136.18876489533622,135.25100161436154,135.67726135253906,7322787,0.0,0.0
2016-03-31 00:00:00-04:00,135.9329581956104,136.6149626777989,135.37882616091017,135.50669860839844,7685922,0.0,0.0
2016-04-01 00:00:00-04:00,134.27058753544463,136.48711609427207,134.05745770145109,136.10348510742188,8221203,0.0,0.0
2016-04-04 00:00:00-04:00,135.08045800500227,135.16570178284704,132.52291395094832,133.1196746826172,9374979,0.0,0.0
2016-04-05 00:00:00-04:00,131.92609795102717,132.69335940971217,131.20146514486504,132.05397033691406,6527388,0.0,0.0
2016-04-06 00:00:00-04:00,131.67042978995997,134.2705893711869,130.6047941771138,131.7130584716797,7646047,0.0,0.0
2016-04-07 00:00:00-04:00,130.94574938437094,131.20150781099804,130.0506152487055,130.56211853027344,7003430,0.0,0.0
2016-04-08 00:00:00-04:00,131.71304418847657,132.48030608946368,130.81790982788814,131.24415588378906,5594001,0.0,0.0
2016-04-11 00:00:00-04:00,131.41462523461735,132.1392582832371,130.9031219482422,130.9031219482422,5242948,0.0,0.0
2016-04-12 00:00:00-04:00,130.77524428970221,131.84087948662264,130.34898478225972,131.32937622070312,5749746,0.0,0.0
2016-04-13 00:00:00-04:00,132.05397033691406,132.56547345214346,131.88346929850425,132.05397033691406,4943768,0.0,0.0
2016-04-14 00:00:00-04:00,132.09663014742804,132.4802609672586,131.54249824897113,132.22450256347656,4485692,0.0,0.0
2016-04-15 00:00:00-04:00,132.43771309670103,132.56558559075663,131.84095217161953,132.2672119140625,5099722,0.0,0.0
2016-04-18 00:00:00-04:00,131.71306067545515,132.94919746417168,131.71306067545515,132.3950653076172,4397428,0.0,0.0
2016-04-19 00:00:00-04:00,132.73608835192573,133.0344756038616,132.18195610883728,132.77871704101562,4772603,0.0,0.0
2016-04-20 00:00:00-04:00,132.9918469147717,133.6312229643465,132.35245729350348,132.77871704101562,5540166,0.0,0.0
2016-04-21 00:00:00-04:00,132.65073075718928,133.3327349108285,131.49983856916177,132.05397033691406,8273744,0.0,0.0
2016-04-22 00:00:00-04:00,132.267149330894,132.90652507033988,129.19810235215584,131.1162567138672,11788886,0.0,0.0
2016-04-25 00:00:00-04:00,131.32936994161628,131.54249968514742,129.58171690200908,130.77523803710938,7402601,0.0,0.0
2016-04-26 00:00:00-04:00,131.4572999530525,132.05406078205516,131.03104027923763,131.7130584716797,5985451,0.0,0.0
2016-04-27 00:00:00-04:00,131.8835405407849,132.18191412626027,131.37203714924604,131.84091186523438,4787522,0.0,0.0
2016-04-28 00:00:00-04:00,131.03104027923763,133.07706771318163,130.8605391240499,131.7130584716797,6015060,0.0,0.0
2016-04-29 00:00:00-04:00,131.07362365722656,132.01138647248035,130.4342479391864,131.07362365722656,6030877,0.0,0.0
2016-05-02 00:00:00-04:00,130.60475956700688,132.09665445831757,130.5621308965837,131.67039489746094,3587131,0.0,0.0
2016-05-03 00:00:00-04:00,130.604747196659,130.9031207179854,129.36859730159534,130.56211853027344,5783174,0.0,0.0
2016-05-04 00:00:00-04:00,129.58174750240138,129.6670048486212,127.40784803405634,128.17510986328125,8303624,0.0,0.0
2016-05-05 00:00:00-04:00,128.473502991499,128.8997626441185,127.02423645862113,127.40786743164062,6614421,0.0,0.0
2016-05-06 00:00:00-04:00,126.5127036204401,128.89973269138713,125.36181096881727,128.3882293701172,5905429,0.0,0.0
2016-05-09 00:00:00-04:00,128.08981715942386,128.26031823311038,126.29954909987303,127.32255554199219,5666073,0.0,0.0
2016-05-10 00:00:00-04:00,127.8341027091178,130.26374697937442,127.79147403764611,129.92274475097656,5661086,0.0,0.0
2016-05-11 00:00:00-04:00,130.0080238580769,131.07365939313618,129.32601928710938,129.32601928710938,4926616,0.0,0.0
2016-05-12 00:00:00-04:00,127.19469499730631,128.72921837534543,127.19469499730631,128.2603302001953,9863374,0.0,0.0
2016-05-13 00:00:00-04:00,127.74886188807886,128.34562265079876,125.91596449462388,126.34222412109375,7358865,0.0,0.0
2016-05-16 00:00:00-04:00,125.95856759083154,128.43084035021076,125.83068158584904,127.70620727539062,5362261,0.0,0.0
2016-05-17 00:00:00-04:00,127.40782565932598,128.26033111336957,126.08643202679391,126.64056396484375,6994374,0.0,0.0
2016-05-18 00:00:00-04:00,126.59799412364181,127.2373836900347,125.44710104714996,126.21436309814453,5801954,0.0,0.0
2016-05-19 00:00:00-04:00,125.02081682437006,125.53232017865608,123.86992409846042,125.14868927001953,7103859,0.0,0.0
2016-05-20 00:00:00-04:00,125.87337109620461,126.5127607151113,125.4471113502668,126.0012435913086,7304112,0.0,0.0
2016-05-23 00:00:00-04:00,125.83074572845953,126.47013536424234,125.36187085290713,125.70287322998047,4927639,0.0,0.0
2016-05-24 00:00:00-04:00,126.68321081687266,127.74884618032928,126.55532480164257,127.23734283447266,5053858,0.0,0.0
2016-05-25 00:00:00-04:00,127.87669935568553,129.24072164412985,127.70619826609072,128.2603302001953,5771239,0.0,0.0
2016-05-26 00:00:00-04:00,128.17512016744027,128.85712470527258,127.87673300337156,127.96199035644531,4725654,0.0,0.0
2016-05-27 00:00:00-04:00,128.47347313781856,128.68660291460284,128.04721358424996,128.3882293701172,4068723,0.0,0.0
2016-05-31 00:00:00-04:00,128.38822679824654,129.32598965429983,128.17509702573165,128.8571014404297,6321689,0.0,0.0
2016-06-01 00:00:00-04:00,128.04722443081707,128.47348402049306,127.40784861799149,128.34561157226562,4408341,0.0,0.0
2016-06-02 00:00:00-04:00,127.9193274024406,128.08982849121094,127.23732304735927,128.08982849121094,3971111,0.0,0.0
2016-06-03 00:00:00-04:00,127.96203510300373,128.08990760564018,127.06690044116023,127.62103271484375,4966679,0.0,0.0
2016-06-06 00:00:00-04:00,127.87671247715997,128.85710402169283,127.66358270037567,128.3882293701172,3894073,0.0,0.0
2016-06-07 00:00:00-04:00,128.47348022460938,129.62437293971718,128.4308515525636,128.47348022460938,5352370,0.0,0.0
2016-06-08 00:00:00-04:00,128.85713308488494,130.0080259960869,128.55875947310236,129.19813537597656,6080685,0.0,0.0
2016-06-09 00:00:00-04:00,128.55870184126908,129.28333477791423,127.96194131353654,128.8997039794922,5535221,0.0,0.0
2016-06-10 00:00:00-04:00,127.96195167895158,129.07021550379244,127.57832084945395,128.0471954345703,6140925,0.0,0.0
2016-06-13 00:00:00-04:00,127.7914890414566,128.4308649018488,126.98159847515778,127.152099609375,6877502,0.0,0.0
2016-06-14 00:00:00-04:00,127.10945542649169,129.83750038454474,126.98158298435062,129.7522430419922,9118638,0.0,0.0
2016-06-15 00:00:00-04:00,129.9228046562248,131.75570265774792,129.8801895367918,130.39169311523438,9132138,0.0,0.0
2016-06-16 00:00:00-04:00,129.44677714140784,132.02368294852053,129.18908109089446,131.59420776367188,14109334,1.102261,0.0
2016-06-17 00:00:00-04:00,131.6371703705942,131.9378180982666,130.7782061654754,131.4224395751953,11609103,0.0,0.0
2016-06-20 00:00:00-04:00,132.49610525625803,134.51468073915586,132.4102020263672,132.4102020263672,9993057,0.0,0.0
2016-06-21 00:00:00-04:00,132.6249181754662,133.18324802731385,132.58196656967013,132.8826141357422,7518992,0.0,0.0
2016-06-22 00:00:00-04:00,133.1403492609641,133.5698381403753,132.15254398262647,132.19549560546875,7514297,0.0,0.0
2016-06-23 00:00:00-04:00,133.39806024497418,134.0422936361528,133.01152294516848,133.95639038085938,8394267,0.0,0.0
2016-06-24 00:00:00-04:00,129.31793314304807,131.20766767373078,127.77178422257947,128.07241821289062,17875914,0.0,0.0
2016-06-27 00:00:00-04:00,126.86983189694966,127.21341740782749,125.28073181601351,125.92496490478516,11276120,0.0,0.0
2016-06-28 00:00:00-04:00,128.02952985594493,128.8455425776357,127.42824796792897,128.58786010742188,7972665,0.0,0.0
2016-06-29 00:00:00-04:00,131.03584883059224,131.50827553213492,130.1339196898706,131.2076416015625,7484334,0.0,0.0
2016-06-30 00:00:00-04:00,131.68007241927484,135.28774807142668,131.6371208065641,135.2018585205078,11375110,0.0,0.0
2016-07-01 00:00:00-04:00,135.20187406857283,135.84609363530788,134.51468920968347,135.24481201171875,6823313,0.0,0.0
2016-07-05 00:00:00-04:00,134.21404936276554,135.41659888282348,133.65571938125558,135.07301330566406,6752410,0.0,0.0
2016-07-06 00:00:00-04:00,134.29996810440713,136.5762401408723,134.29996810440713,136.3185577392578,6699284,0.0,0.0
2016-07-07 00:00:00-04:00,136.61915776058635,137.86465885706062,136.31852380869697,136.662109375,7828563,0.0,0.0
2016-07-08 00:00:00-04:00,137.39228880961534,138.59483878784403,137.39228880961534,138.29420471191406,8040105,0.0,0.0
2016-07-11 00:00:00-04:00,138.55185684475185,139.5826136417179,138.20827124576317,138.3371124267578,7924798,0.0,0.0
2016-07-12 00:00:00-04:00,138.7666396189527,139.53970059310524,137.9935649702919,138.55189514160156,7948148,0.0,0.0
2016-07-13 00:00:00-04:00,138.55186331942312,139.49673059804886,138.50891169891625,138.98133850097656,6774090,0.0,0.0
2016-07-14 00:00:00-04:00,139.5826002125153,140.52746735608102,139.53964859814795,140.14093017578125,7069013,0.0,0.0
2016-07-15 00:00:00-04:00,140.6992989963703,141.5153251967014,140.6134094184184,141.21469116210938,8828243,0.0,0.0
2016-07-18 00:00:00-04:00,141.25758737351075,141.47233176669587,140.26978230916316,141.34349060058594,7984476,0.0,0.0
2016-07-19 00:00:00-04:00,140.65636716734025,141.51533135678406,140.52751228304302,141.42942810058594,7002220,0.0,0.0
2016-07-20 00:00:00-04:00,141.5582765992473,141.7300694293866,140.44161636608868,140.7852020263672,7419565,0.0,0.0
2016-07-21 00:00:00-04:00,140.57045899492937,141.08583749057118,139.53968832913873,139.96917724609375,8848608,0.0,0.0
2016-07-22 00:00:00-04:00,136.27559226418222,137.73583797327842,136.10379945573,137.69288635253906,12053115,0.0,0.0
2016-07-25 00:00:00-04:00,137.73580533628663,137.77875694684843,134.77236299955317,135.88902282714844,9541846,0.0,0.0
2016-07-26 00:00:00-04:00,136.01793032210796,136.27562643665868,134.47178098382065,135.15896606445312,7700445,0.0,0.0
2016-07-27 00:00:00-04:00,135.2448264610926,135.54547414226005,133.65573950879994,134.34291076660156,8191343,0.0,0.0
2016-07-28 00:00:00-04:00,133.99930588712988,134.47173264037244,133.4839275178188,134.21405029296875,6321940,0.0,0.0
2016-07-29 00:00:00-04:00,134.34288925757645,134.98712246449946,133.6127664944324,133.74160766601562,10443997,0.0,0.0
2016-08-01 00:00:00-04:00,133.65576571611908,134.0852409992041,133.22627675852573,133.78460693359375,6500847,0.0,0.0
2016-08-02 00:00:00-04:00,133.61281390696496,133.82755838547476,133.14037331934176,133.35511779785156,5634002,0.0,0.0
2016-08-03 00:00:00-04:00,133.26921104945956,134.1711268034502,133.26921104945956,133.69869995117188,4174494,0.0,0.0
2016-08-04 00:00:00-04:00,133.999339863597,134.21408432388583,133.52689931606017,133.87049865722656,4234526,0.0,0.0
2016-08-05 00:00:00-04:00,134.29995914436256,135.07303364664222,134.08521470767315,134.34291076660156,4502365,0.0,0.0
2016-08-08 00:00:00-04:00,134.42881214031448,134.8582873332109,134.04227489455386,134.29995727539062,4263822,0.0,0.0
2016-08-09 00:00:00-04:00,134.12815483483308,134.64353323401525,133.78456923537834,134.42880249023438,4195944,0.0,0.0
2016-08-10 00:00:00-04:00,134.21406770661352,134.60060495237414,133.99932327291256,134.29995727539062,3868199,0.0,0.0
2016-08-11 00:00:00-04:00,134.47173856043804,134.72943459369037,133.99931178639707,134.38584899902344,7926280,0.0,0.0
2016-08-12 00:00:00-04:00,133.9993192536401,134.34290486745365,133.91341601293416,134.17111206054688,4450136,0.0,0.0
2016-08-15 00:00:00-04:00,134.4288081081596,134.6435388609143,134.08520881984097,134.17111206054688,4080032,0.0,0.0
2016-08-16 00:00:00-04:00,133.74164591713318,134.38587930831181,133.4839635002676,133.95639038085938,4670609,0.0,0.0
2016-08-17 00:00:00-04:00,134.2570078196494,134.5576417963569,133.91340855047818,134.38584899902344,3672056,0.0,0.0
2016-08-18 00:00:00-04:00,134.2140472085789,134.98712158203125,133.95635119259367,134.98712158203125,5851135,0.0,0.0
2016-08-19 00:00:00-04:00,134.51468425644097,134.85826983598167,133.91340265499286,134.21405029296875,5162884,0.0,0.0
2016-08-22 00:00:00-04:00,133.87047462316602,134.98713467658575,133.48393739894345,134.5146942138672,4269331,0.0,0.0
2016-08-23 00:00:00-04:00,135.07302583139654,135.58840424492826,134.12815856933594,134.12815856933594,6701538,0.0,0.0
2016-08-24 00:00:00-04:00,134.29996478261899,134.64355042594443,133.87048956571533,134.08522033691406,4599977,0.0,0.0
2016-08-25 00:00:00-04:00,133.95637885658903,134.42881937104409,133.69869646189187,134.0422821044922,3553077,0.0,0.0
2016-08-26 00:00:00-04:00,134.2999513738465,135.1159774511504,133.74162134056093,134.12815856933594,4645987,0.0,0.0
2016-08-29 00:00:00-04:00,133.9134184375914,135.0730301610871,133.87048049096603,134.68649291992188,4433840,0.0,0.0
2016-08-30 00:00:00-04:00,134.60057473206354,135.15890466452845,134.4287819585745,134.7294158935547,3784692,0.0,0.0
2016-08-31 00:00:00-04:00,134.38585648780662,134.6435388609143,133.95636763328713,134.17111206054688,6972715,0.0,0.0
2016-09-01 00:00:00-04:00,133.78450799934365,134.3857893604224,132.96848231827266,133.99925231933594,8608480,0.0,0.0
2016-09-02 00:00:00-04:00,134.21405620168997,135.0730201883573,134.1281529657711,134.38584899902344,4341736,0.0,0.0
2016-09-06 00:00:00-04:00,134.47177814649584,134.6006330383067,132.28140907981089,133.35511779785156,8545902,0.0,0.0
2016-09-07 00:00:00-04:00,133.0974372196606,133.3980712890625,132.28141092484327,133.3980712890625,5689568,0.0,0.0
2016-09-08 00:00:00-04:00,133.14035780424706,133.35510225773228,132.71088257178334,133.31216430664062,6313322,0.0,0.0
2016-09-09 00:00:00-04:00,132.36729394462148,132.36729394462148,129.3179473876953,129.3179473876953,9310440,0.0,0.0
2016-09-12 00:00:00-04:00,128.84551758564442,131.29358262488927,128.15834623235025,130.9499969482422,8640134,0.0,0.0
2016-09-13 00:00:00-04:00,129.79035017405053,129.91920502406546,127.64293343451456,128.20126342773438,9403607,0.0,0.0
2016-09-14 00:00:00-04:00,128.0294931296905,128.84550561730177,127.42821141415686,127.55705261230469,10657959,0.0,0.0
2016-09-15 00:00:00-04:00,127.90328379193681,129.20179211866733,127.34059639097944,128.76895141601562,7324018,1.102261,0.0
2016-09-16 00:00:00-04:00,128.24962871160486,128.76902960141965,127.86007459893551,128.46604919433594,13549410,0.0,0.0
2016-09-19 00:00:00-04:00,128.89878626585383,129.67789394652095,127.25401104068071,127.38385772705078,6364465,0.0,0.0
2016-09-20 00:00:00-04:00,128.4226531982422,128.98534046263552,128.2062328994415,128.4226531982422,6186101,0.0,0.0
2016-09-21 00:00:00-04:00,128.76898718006163,129.50480831020027,128.07645288845546,129.2018280029297,6057794,0.0,0.0
2016-09-22 00:00:00-04:00,129.6779333165246,130.32719450793624,129.54808659073328,130.02420043945312,6130471,0.0,0.0
2016-09-23 00:00:00-04:00,129.93764174889318,130.0674884758832,129.0286870975076,129.3749542236328,4762024,0.0,0.0
2016-09-26 00:00:00-04:00,128.98539083743864,129.02867767034854,127.77344220332078,127.86001586914062,5405558,0.0,0.0
2016-09-27 00:00:00-04:00,128.11970122260297,129.72120368943712,127.5570137739472,129.33164978027344,5319193,0.0,0.0
2016-09-28 00:00:00-04:00,129.5048338386808,129.59140753281153,128.11975120120735,129.41827392578125,5581836,0.0,0.0
2016-09-29 00:00:00-04:00,129.02873691027693,130.28395917237816,127.42723360713774,127.81678771972656,8111467,0.0,0.0
2016-09-30 00:00:00-04:00,128.11969465462607,129.20179644751065,128.03313477993035,128.20626831054688,7536875,0.0,0.0
2016-10-03 00:00:00-04:00,127.51378437105033,128.55258596356913,127.25407708230539,128.2928924560547,4130278,0.0,0.0
2016-10-04 00:00:00-04:00,128.5958750204112,128.76900862214225,127.47049971854416,127.68692016601562,6495171,0.0,0.0
2016-10-05 00:00:00-04:00,127.77348007626577,128.55258817467077,127.2540792710727,127.68692016601562,5203386,0.0,0.0
2016-10-06 00:00:00-04:00,127.25404798623212,127.68688877476309,126.12867296103352,126.69136047363281,5860880,0.0,0.0
2016-10-07 00:00:00-04:00,125.78242050865238,126.43166798592229,125.17644609029922,125.86898040771484,7895794,0.0,0.0
2016-10-10 00:00:00-04:00,125.52273784274614,126.86453368155944,124.70034284376106,124.91676330566406,7090734,0.0,0.0
2016-10-11 00:00:00-04:00,124.44061627158202,125.65255124270783,124.18090903001249,125.17643737792969,6456464,0.0,0.0
2016-10-12 00:00:00-04:00,125.17643267980563,125.60927347243344,124.70030505166952,125.08985900878906,4748043,0.0,0.0
2016-10-13 00:00:00-04:00,124.57048563650214,125.08988643278956,124.05108484021474,124.5271987915039,5924459,0.0,0.0
2016-10-14 00:00:00-04:00,125.3495806627594,125.65256098372191,124.7436062396053,125.04660034179688,5880390,0.0,0.0
2016-10-17 00:00:00-04:00,125.08986548860126,125.4794194659002,124.22419763973039,124.87345886230469,8290687,0.0,0.0
2016-10-18 00:00:00-04:00,125.6525027310651,125.86892305194662,125.0898154092622,125.43609619140625,5751228,0.0,0.0
2016-10-19 00:00:00-04:00,125.78239440917969,126.47492858289654,125.65253391568821,125.78239440917969,6090429,0.0,0.0
2016-10-20 00:00:00-04:00,125.95554558297948,126.38838639275157,125.34957120554417,125.82569885253906,5932952,0.0,0.0
2016-10-21 00:00:00-04:00,123.09877326335298,125.52265605102525,122.6226458011691,125.43609619140625,13386341,0.0,0.0
2016-10-24 00:00:00-04:00,125.52270451253706,126.43165918618841,125.08986370366384,125.17643737792969,6497675,0.0,0.0
2016-10-25 00:00:00-04:00,125.26299615005375,125.56599022604486,123.87792762401851,124.00777435302734,5525518,0.0,0.0
2016-10-26 00:00:00-04:00,123.74804295021957,125.82567289604143,123.57490941827194,124.95999145507812,5082424,0.0,0.0
2016-10-27 00:00:00-04:00,125.04658628146868,125.34956656836388,123.83463757143286,123.92121124267578,5306882,0.0,0.0
2016-10-28 00:00:00-04:00,125.00328024491546,128.07642460235346,124.959993415943,126.47492218017578,14162063,0.0,0.0
2016-10-31 00:00:00-04:00,127.60034246158295,128.33616369110638,125.91227956187092,125.95556640625,9090093,0.0,0.0
2016-11-01 00:00:00-04:00,125.52271188966346,126.38839355828708,124.26749000763377,125.00331115722656,6679440,0.0,0.0
2016-11-02 00:00:00-04:00,124.91675878030932,124.91675878030932,122.92571540914813,123.31526947021484,6442087,0.0,0.0
2016-11-03 00:00:00-04:00,123.7913721352611,123.7913721352611,122.01674938028253,122.40630340576172,4799374,0.0,0.0
2016-11-04 00:00:00-04:00,122.14659715599528,124.70032798341694,122.14659715599528,123.09883880615234,7483645,0.0,0.0
2016-11-07 00:00:00-05:00,124.87340644018981,126.95102218652066,124.78683280103242,126.86444854736328,8608188,0.0,0.0
2016-11-08 00:00:00-05:00,127.12423963562114,128.20632815235817,126.7779586315323,127.34066009521484,7476237,0.0,0.0
2016-11-09 00:00:00-05:00,126.9077773714105,129.02868063930552,125.8256892111235,128.24957275390625,11277456,0.0,0.0
2016-11-10 00:00:00-05:00,129.2018033069651,133.4868825343669,129.11522964644803,131.6256866455078,16969403,0.0,0.0
2016-11-11 00:00:00-05:00,131.97195298174253,133.18390153480001,131.4525523652432,132.9241943359375,8912459,0.0,0.0
2016-11-14 00:00:00-05:00,133.05415478032413,133.5302827550318,131.97206579233395,132.0586395263672,7875012,0.0,0.0
2016-11-15 00:00:00-05:00,131.9286891474731,133.18392474933833,130.88988773340682,133.09735107421875,8385295,0.0,0.0
2016-11-16 00:00:00-05:00,132.66452313505266,133.22722451547918,132.1884092193765,133.0540771484375,5272015,0.0,0.0
2016-11-17 00:00:00-05:00,132.88095376919358,133.61677501072114,132.707820170083,133.2705078125,3721301,0.0,0.0
2016-11-18 00:00:00-05:00,133.09733521198916,133.74659635432425,132.10180697289928,132.75106811523438,5964376,0.0,0.0
2016-11-21 00:00:00-05:00,132.83765086475023,133.66003183047852,132.36152323823035,133.6167449951172,4619007,0.0,0.0
2016-11-22 00:00:00-05:00,133.87645366184321,135.21824910384308,133.6600332639429,134.9585418701172,5784384,0.0,0.0
2016-11-23 00:00:00-05:00,135.21823651500472,135.8242108164638,134.9585293054576,135.6510772705078,5064876,0.0,0.0
2016-11-25 00:00:00-05:00,136.12719491407051,136.3003284649072,135.43466071072376,136.0839080810547,2746306,0.0,0.0
2016-11-28 00:00:00-05:00,135.60780276792516,136.04064356278136,135.08840208283428,135.26153564453125,4609909,0.0,0.0
2016-11-29 00:00:00-05:00,135.39141785884942,135.69439822592844,134.09290891514755,134.39588928222656,6556935,0.0,0.0
2016-11-30 00:00:00-05:00,134.95851872179855,135.34807261495664,133.09732291281,133.14060974121094,9522691,0.0,0.0
2016-12-01 00:00:00-05:00,132.62124447919052,136.17050351044054,132.53467079932224,135.86752319335938,9327613,0.0,0.0
2016-12-02 00:00:00-05:00,135.73763715287265,136.30032462253615,135.30481017859586,135.6510772705078,4465577,0.0,0.0
2016-12-05 00:00:00-05:00,136.04070731352257,136.12726724432056,134.43920389080242,134.65562438964844,4619424,0.0,0.0
2016-12-06 00:00:00-05:00,135.00182783420058,135.2182482307034,134.2227199192814,134.91526794433594,3666882,0.0,0.0
2016-12-07 00:00:00-05:00,134.2227596199888,136.77650451660156,133.87649239565556,136.77650451660156,6864357,0.0,0.0
2016-12-08 00:00:00-05:00,136.77639785158965,137.2092246538506,135.91071668462607,136.47340393066406,5872815,0.0,0.0
2016-12-09 00:00:00-05:00,136.12721850013244,138.16154841086146,135.69437765743126,137.5555877685547,6515975,0.0,0.0
2016-12-12 00:00:00-05:00,137.07947578844337,138.4645583750175,137.03618894296875,137.90187072753906,6477017,0.0,0.0
2016-12-13 00:00:00-05:00,138.07501124399948,138.50785215796444,136.8197891309787,137.38247680664062,7198926,0.0,0.0
2016-12-14 00:00:00-05:00,136.81981682281804,138.42130647865397,136.0839816076547,136.34368896484375,9113379,0.0,0.0
2016-12-15 00:00:00-05:00,136.3003854940039,138.29144283353912,134.7421828845101,135.30487060546875,9051219,0.0,0.0
2016-12-16 00:00:00-05:00,136.4301601765306,137.94508876261438,136.17045301446166,137.42567443847656,15018704,0.0,0.0
2016-12-19 00:00:00-05:00,137.4690256768709,138.5078410306854,137.25260523727496,138.16156005859375,7293116,0.0,0.0
2016-12-20 00:00:00-05:00,138.1615356486746,140.15259231619987,138.1182625933849,139.58990478515625,8308549,0.0,0.0
2016-12-21 00:00:00-05:00,139.37347588014953,139.54660943442812,138.7242147156846,139.07049560546875,5835173,0.0,0.0
2016-12-22 00:00:00-05:00,139.15768334165762,139.33211983788718,138.5907612576767,138.76519775390625,5048329,1.150185,0.0
2016-12-23 00:00:00-05:00,138.98330251730036,139.2885630367439,138.5472041595709,139.0269012451172,3127553,0.0,0.0
2016-12-27 00:00:00-05:00,139.0704621104973,139.76820811528074,138.89602560930143,139.11407470703125,3266793,0.0,0.0
2016-12-28 00:00:00-05:00,138.85246301711078,139.41938532139565,138.11110414881097,138.24192810058594,3940730,0.0,0.0
2016-12-29 00:00:00-05:00,138.41639082684068,139.0269119125727,138.24194036240726,138.28555297851562,3357811,0.0,0.0
2016-12-30 00:00:00-05:00,137.93670166964912,138.6780607211425,137.41339184829175,137.80587768554688,5311535,0.0,0.0
2017-01-03 00:00:00-05:00,138.11106276552317,138.85242141168393,136.933605897524,138.1982879638672,6708382,0.0,0.0
2017-01-04 00:00:00-05:00,138.45997727684087,138.8088642898158,137.89305497255603,138.24192810058594,4474320,0.0,0.0
2017-01-05 00:00:00-05:00,137.67500550569346,138.45997698457634,136.5411608995171,137.45697021484375,5395334,0.0,0.0
2017-01-06 00:00:00-05:00,137.7186037055687,138.54718770988808,136.75919576344128,137.8494415283203,4615772,0.0,0.0
2017-01-09 00:00:00-05:00,137.9803146943737,138.06752605571296,137.06451903309502,137.19534301757812,4436678,0.0,0.0
2017-01-10 00:00:00-05:00,137.19529637390576,137.8930425671938,136.8028106689453,136.8028106689453,5676131,0.0,0.0
2017-01-11 00:00:00-05:00,136.23588630930004,137.4569560136187,136.23588630930004,137.23890686035156,5922894,0.0,0.0
2017-01-12 00:00:00-05:00,137.15170835171944,137.2389335839885,135.75621571498417,136.8900604248047,6242356,0.0,0.0
2017-01-13 00:00:00-05:00,136.75918579101562,137.15167146076348,136.279488797403,136.75918579101562,5075455,0.0,0.0
2017-01-17 00:00:00-05:00,135.9306452524137,137.1517012462978,135.8870326385386,136.36672973632812,6015165,0.0,0.0
2017-01-18 00:00:00-05:00,136.10507991818147,136.67200223578712,135.7562067819542,136.19229125976562,5154246,0.0,0.0
2017-01-19 00:00:00-05:00,136.27953913616778,136.67202495089154,135.40734226569379,136.1051025390625,7866123,0.0,0.0
2017-01-20 00:00:00-05:00,134.14262313184094,134.75315793509557,132.13658219042466,133.1396026611328,17434281,0.0,0.0
2017-01-23 00:00:00-05:00,133.00882377810368,133.05243639702212,128.99675442149498,129.7381134033203,12330552,0.0,0.0
2017-01-24 00:00:00-05:00,130.2178036454332,131.09000043772312,130.0433670639645,130.82833862304688,7029095,0.0,0.0
2017-01-25 00:00:00-05:00,132.65989787787572,132.8779470008686,131.78770138590414,132.4418487548828,7956640,0.0,0.0
2017-01-26 00:00:00-05:00,132.74712554664308,132.9651746964932,131.39523192552693,132.22381591796875,5585279,0.0,0.0
2017-01-27 00:00:00-05:00,132.572668915002,132.74710543146108,130.56664203325226,130.8719024658203,6261031,0.0,0.0
2017-01-30 00:00:00-05:00,130.65391540527344,131.26445044533457,129.82534502978487,130.65391540527344,5469409,0.0,0.0
2017-01-31 00:00:00-05:00,130.17419760632438,130.39224679215647,128.6478671904454,129.52005004882812,8075932,0.0,0.0
2017-02-01 00:00:00-05:00,129.65087700539908,129.99976404176815,128.90951808738842,129.4764404296875,5358922,0.0,0.0
2017-02-02 00:00:00-05:00,128.99676288023824,129.5636853085118,128.64788967590803,129.432861328125,4529950,0.0,0.0
2017-02-03 00:00:00-05:00,129.91253580633676,129.9561484204923,128.82230376212195,129.52005004882812,6490288,0.0,0.0
2017-02-06 00:00:00-05:00,129.43280626113423,129.73806671381354,128.95309539556143,129.3455810546875,4950529,0.0,0.0
2017-02-07 00:00:00-05:00,129.73811486866927,129.99977670018828,128.77870666636258,128.90953063964844,4961630,0.0,0.0
2017-02-08 00:00:00-05:00,128.69140226767223,128.82224004542525,127.6011707626962,128.342529296875,6715038,0.0,0.0
2017-02-09 00:00:00-05:00,128.73510029012465,129.5200719378026,128.47345233086395,129.04037475585938,4520873,0.0,0.0
2017-02-10 00:00:00-05:00,129.69452643361385,129.7381390611574,128.86595593503537,129.60731506347656,4754804,0.0,0.0
2017-02-13 00:00:00-05:00,130.30498523108756,131.08995652723237,129.6508378559863,131.0027313232422,7724671,0.0,0.0
2017-02-14 00:00:00-05:00,131.39523000143492,132.04937744140625,130.4794346934295,132.04937744140625,7309078,0.0,0.0
2017-02-15 00:00:00-05:00,132.09299689379597,132.35464477539062,131.61328596929943,132.35464477539062,5315103,0.0,0.0
2017-02-16 00:00:00-05:00,132.3546426578578,132.87796618256215,132.13659350338827,132.79074096679688,5411130,0.0,0.0
2017-02-17 00:00:00-05:00,132.6162852762888,132.7471091961079,131.70049006767195,132.4418487548828,4559141,0.0,0.0
2017-02-21 00:00:00-05:00,132.61629604042528,133.40126739293726,132.31103557442296,133.0959930419922,6310150,0.0,0.0
2017-02-22 00:00:00-05:00,133.09598027151557,133.22681807434225,131.96213595666612,132.2674102783203,6285841,0.0,0.0
2017-02-23 00:00:00-05:00,132.04765426104146,132.22348214991098,131.21247528783445,131.95974731445312,6040329,1.150185,0.0
2017-02-24 00:00:00-05:00,131.16845117810783,132.7069549560547,130.90470247491928,132.7069549560547,5701420,0.0,0.0
2017-02-27 00:00:00-05:00,132.0916317783736,132.53120855512043,131.43228060894802,131.6081085205078,4918541,0.0,0.0
2017-02-28 00:00:00-05:00,131.8278380817462,132.22344020945044,130.4212014212737,131.03660583496094,8161171,0.0,0.0
2017-03-01 00:00:00-05:00,131.7838554884238,133.41026617030946,131.080530278483,132.7069549560547,7696084,0.0,0.0
2017-03-02 00:00:00-05:00,132.88278275961838,132.88278275961838,131.87176239236263,132.7069549560547,5767504,0.0,0.0
2017-03-03 00:00:00-05:00,132.70698722431985,132.83885461013523,132.0915827643657,132.3992919921875,4164269,0.0,0.0
2017-03-06 00:00:00-05:00,131.8717498779297,132.2234054516855,131.52009430417388,131.8717498779297,4886991,0.0,0.0
2017-03-07 00:00:00-05:00,131.56407207937022,131.82782079227027,130.94866774639448,131.25636291503906,6256295,0.0,0.0
2017-03-08 00:00:00-05:00,131.38833791108362,131.60812632919794,130.68501217397855,130.9927215576172,6741538,0.0,0.0
2017-03-09 00:00:00-05:00,130.7728744767803,131.12453018973716,129.93768166174004,130.37725830078125,5412736,0.0,0.0
2017-03-10 00:00:00-05:00,131.16847984013896,133.7619510061754,130.24538017079868,133.10260009765625,12355279,0.0,0.0
2017-03-13 00:00:00-04:00,132.8827876524974,133.01465501110414,130.94866774639448,131.25636291503906,6299049,0.0,0.0
2017-03-14 00:00:00-04:00,130.81688356599113,130.94875100844408,129.54211363806277,129.84982299804688,4757830,0.0,0.0
2017-03-15 00:00:00-04:00,129.89374891196346,131.12454403729203,129.54207916617787,130.8168487548828,5246349,0.0,0.0
2017-03-16 00:00:00-04:00,130.9926459572826,131.08055287637632,130.2014137069969,130.77285766601562,4425097,0.0,0.0
2017-03-17 00:00:00-04:00,131.21243194223928,132.04761063954774,130.86077628066852,131.34429931640625,9105805,0.0,0.0
2017-03-20 00:00:00-04:00,131.43220708442396,131.52011399318053,130.5090935705159,130.7288818359375,3938998,0.0,0.0
2017-03-21 00:00:00-04:00,131.25641781636156,131.25641781636156,128.97064133409899,129.1904296875,5599405,0.0,0.0
2017-03-22 00:00:00-04:00,129.93766877195662,130.59703366510962,128.83874127905716,129.80580139160156,5425360,0.0,0.0
2017-03-23 00:00:00-04:00,129.67391730767312,130.68492375298007,129.14641986282325,130.20140075683594,5148737,0.0,0.0
2017-03-24 00:00:00-04:00,130.06959282402264,131.03665325386098,129.8058439810873,130.6410369873047,5817541,0.0,0.0
2017-03-27 00:00:00-04:00,129.45419301869066,129.7179278757748,128.57503950655965,129.4102325439453,6048425,0.0,0.0
2017-03-28 00:00:00-04:00,128.83872468306672,130.68492375298007,128.57497596064178,130.20140075683594,5810759,0.0,0.0
2017-03-29 00:00:00-04:00,129.7619147267098,130.59710793386185,129.4981798160173,130.46524047851562,5750477,0.0,0.0
2017-03-30 00:00:00-04:00,130.37726943840414,131.82786687288294,130.24540203370296,131.3003692626953,7503760,0.0,0.0
2017-03-31 00:00:00-04:00,131.25645646279713,132.04768916973003,130.72897265674072,130.9927215576172,10599304,0.0,0.0
2017-04-03 00:00:00-04:00,130.81681582405014,131.87178280876236,130.77285536743173,131.34429931640625,6241563,0.0,0.0
2017-04-04 00:00:00-04:00,131.43226364784456,132.26744262105157,130.55311020780417,131.95974731445312,5228488,0.0,0.0
2017-04-05 00:00:00-04:00,132.26747402622766,133.71807194844266,131.65206927121815,131.739990234375,5391307,0.0,0.0
2017-04-06 00:00:00-04:00,131.87179741187722,132.66302973587435,131.5201417113651,131.56410217285156,4496668,0.0,0.0
2017-04-07 00:00:00-04:00,131.52015633166434,132.70700494959482,131.52015633166434,131.82786560058594,3959509,0.0,0.0
2017-04-10 00:00:00-04:00,132.17955086341158,132.88286249970824,131.6960136166868,131.91580200195312,3861334,0.0,0.0
2017-04-11 00:00:00-04:00,131.87182531078784,132.31140202727005,131.16851376097043,132.0476531982422,4598954,0.0,0.0
2017-04-12 00:00:00-04:00,131.34433248401083,131.43225341944978,130.33331170492173,130.86080932617188,5642494,0.0,0.0
2017-04-13 00:00:00-04:00,130.55308760782611,130.99266425175145,129.89373663762854,129.93768310546875,4172824,0.0,0.0
2017-04-17 00:00:00-04:00,130.20144673869382,130.55310249565954,129.89375145027182,130.28936767578125,4543951,0.0,0.0
2017-04-18 00:00:00-04:00,130.11349130316876,131.4322210356787,130.02558438508106,131.16847229003906,5363993,0.0,0.0
2017-04-19 00:00:00-04:00,131.38822696293664,132.1354985560889,131.30030607165534,131.8717498779297,5549243,0.0,0.0
2017-04-20 00:00:00-04:00,132.09157939842163,134.24548795553073,132.00367247534788,133.0586395263672,7737524,0.0,0.0
2017-04-21 00:00:00-04:00,133.05863763801048,133.5421746929655,129.4541459379822,129.8937225341797,15096994,0.0,0.0
2017-04-24 00:00:00-04:00,131.21243832708325,131.5640940057657,129.6299737773234,129.8937225341797,10137889,0.0,0.0
2017-04-25 00:00:00-04:00,129.45416259765625,130.1135135811166,128.88271854733497,129.45416259765625,8316040,0.0,0.0
2017-04-26 00:00:00-04:00,129.76186090581396,129.893742302157,128.6189727783203,128.6189727783203,7797368,0.0,0.0
2017-04-27 00:00:00-04:00,128.75084334894734,128.8387642820074,127.56400872247595,127.82774353027344,6873288,0.0,0.0
2017-04-28 00:00:00-04:00,127.91564307767358,128.1793778413784,127.16837125436159,127.4321060180664,5024416,0.0,0.0
2017-05-01 00:00:00-04:00,127.52000469713686,128.223315938612,127.1683490763993,127.21229553222656,5011187,0.0,0.0
2017-05-02 00:00:00-04:00,127.52002693642734,127.69585477746023,127.08045033600064,127.4321060180664,7044432,0.0,0.0
2017-05-03 00:00:00-04:00,127.12442985417282,128.75084112648716,126.81673458515665,128.4871063232422,5611612,0.0,0.0
2017-05-04 00:00:00-04:00,128.66298102555234,128.83880895694958,127.6959204050195,128.35528564453125,4092740,0.0,0.0
2017-05-05 00:00:00-04:00,128.0475143399289,128.5310514141894,127.95960741459301,128.44313049316406,3532044,0.0,0.0
2017-05-08 00:00:00-04:00,128.17939278004158,128.5750089673949,127.47608133394264,127.7837905883789,4513424,0.0,0.0
2017-05-09 00:00:00-04:00,127.82776236723119,127.87172284023931,126.86070193951927,127.16841125488281,4974233,0.0,0.0
2017-05-10 00:00:00-04:00,127.12445486797536,127.1684153423965,125.71781765635606,126.15739440917969,5435063,0.0,0.0
2017-05-11 00:00:00-04:00,126.06941702284036,126.9925305896585,125.2781848202463,126.90460968017578,5845752,0.0,0.0
2017-05-12 00:00:00-04:00,124.66282046857715,125.05843665248635,122.4209907611949,124.26720428466797,14279415,0.0,0.0
2017-05-15 00:00:00-04:00,123.38802974396523,124.13530151919667,122.94846716750965,123.87156677246094,8297970,0.0,0.0
2017-05-16 00:00:00-04:00,124.17925648552736,124.31113784875281,123.08032909944029,123.25615692138672,6157451,0.0,0.0
2017-05-17 00:00:00-04:00,122.28915383824365,126.50905152103375,120.48690032958984,120.48690032958984,10946789,0.0,0.0
2017-05-18 00:00:00-04:00,119.82751076416527,121.54184277333333,119.1241853787728,120.79457092285156,10109177,0.0,0.0
2017-05-19 00:00:00-04:00,121.10230117651557,123.82765459324908,120.88251280475401,123.3001708984375,10117753,0.0,0.0
2017-05-22 00:00:00-04:00,124.0913550585328,124.39905026162053,123.34408328330136,123.87156677246094,5803039,0.0,0.0
2017-05-23 00:00:00-04:00,124.00345560393383,124.31116485595703,123.56387895572384,124.31116485595703,4982246,0.0,0.0
2017-05-24 00:00:00-04:00,124.48700841831882,125.2782268909307,121.40999948411026,122.33309936523438,11205008,0.0,0.0
2017-05-25 00:00:00-04:00,122.15723192357555,122.64075494445964,120.53080704416371,120.83851623535156,8190905,0.0,0.0
2017-05-26 00:00:00-04:00,120.70665730181652,121.10227348137428,119.95938540613862,120.6626968383789,6390068,0.0,0.0
2017-05-30 00:00:00-04:00,120.04730153104398,120.66269201179304,119.38793659292597,120.26708984375,7602749,0.0,0.0
2017-05-31 00:00:00-04:00,120.13523787858728,120.61877508409171,119.51983325144221,120.35502624511719,7430561,0.0,0.0
2017-06-01 00:00:00-04:00,120.92647127844926,122.55289680517191,120.88251080568521,121.84957122802734,6758085,0.0,0.0
2017-06-02 00:00:00-04:00,122.50892649365709,122.8166217869075,121.4099987369716,122.55288696289062,7722083,0.0,0.0
2017-06-05 00:00:00-04:00,122.64076832210387,123.38804016042022,122.24515217291412,122.99242401123047,9078783,0.0,0.0
2017-06-06 00:00:00-04:00,122.9924030556715,123.25615177542335,122.245131344676,122.77262878417969,7036336,0.0,0.0
2017-06-07 00:00:00-04:00,122.86056218534823,122.90452264740028,120.4429187164537,121.67371368408203,9084960,0.0,0.0
2017-06-08 00:00:00-04:00,121.673730540745,122.2891351076622,121.01437950137732,121.27811431884766,8538411,0.0,0.0
2017-06-09 00:00:00-04:00,121.45391313890791,122.94847072834428,121.27808530409571,122.81658935546875,5292255,0.0,0.0
2017-06-12 00:00:00-04:00,128.5310251035223,129.54203151422118,126.28919602886879,127.21229553222656,29022706,0.0,0.0
2017-06-13 00:00:00-04:00,128.0035449927784,128.1793728269328,124.57488123323483,125.05841827392578,12274276,0.0,0.0
2017-06-14 00:00:00-04:00,125.19028083937225,126.59691745423682,124.70674381726434,126.1133804321289,8580248,0.0,0.0
2017-06-15 00:00:00-04:00,126.24636172703276,128.32977746462785,126.02471935260726,128.2854461669922,9988258,1.150185,0.0
2017-06-16 00:00:00-04:00,128.46280413258313,128.59578394566478,126.86698992057764,128.55145263671875,17019649,0.0,0.0
2017-06-19 00:00:00-04:00,128.3740772016401,128.55138823483819,127.3988594621758,127.66483306884766,6365174,0.0,0.0
2017-06-20 00:00:00-04:00,127.26594830920993,127.31027961984037,124.47327333208908,124.69491577148438,9920401,0.0,0.0
2017-06-21 00:00:00-04:00,124.91652705882755,124.96085835840253,122.56713754639497,123.14340209960938,7044036,0.0,0.0
2017-06-22 00:00:00-04:00,123.09909670611997,123.36507044579032,122.07954717009945,122.1238784790039,7592087,0.0,0.0
2017-06-23 00:00:00-04:00,123.18778864970379,123.18778864970379,121.90226506798442,122.21257019042969,6622204,0.0,0.0
2017-06-26 00:00:00-04:00,122.30116894013788,122.7001224253687,121.90221545490705,122.38983154296875,5947203,0.0,0.0
2017-06-27 00:00:00-04:00,121.99087839959557,122.30116928286508,120.57237554660486,120.61670684814453,8623879,0.0,0.0
2017-06-28 00:00:00-04:00,120.83837344107961,121.4589694456527,119.90748649109841,120.04046630859375,6471822,0.0,0.0
2017-06-29 00:00:00-04:00,120.39508634960177,121.50328440710905,118.7549549181418,119.77449035644531,7664597,0.0,0.0
2017-06-30 00:00:00-04:00,120.08478579512716,120.52805651438493,119.28687874120547,119.73016357421875,5478256,0.0,0.0
2017-07-03 00:00:00-04:00,120.39508621720469,122.30119139042321,119.95180134918661,121.68059539794922,4312002,0.0,0.0
2017-07-05 00:00:00-04:00,122.07955959117353,122.1682222180035,120.70540178537189,121.23733520507812,4438284,0.0,0.0
2017-07-06 00:00:00-04:00,119.06522723158,119.90746552723162,115.69629521960513,116.62718200683594,15993094,0.0,0.0
2017-07-07 00:00:00-04:00,116.36123071948288,116.58286609143798,115.16437007203719,115.9179458618164,8459808,0.0,0.0
2017-07-10 00:00:00-04:00,115.82928954507781,116.09525622381355,114.58810465409961,115.43033599853516,9756038,0.0,0.0
2017-07-11 00:00:00-04:00,115.38600199440475,117.24778270194767,114.85406162501641,116.93748474121094,8607645,0.0,0.0
2017-07-12 00:00:00-04:00,117.64673979375597,118.84359331175413,116.89315699279095,117.82405090332031,10638908,0.0,0.0
2017-07-13 00:00:00-04:00,117.82403480552188,118.93223967420626,117.46940557796697,118.75492858886719,5794045,0.0,0.0
2017-07-14 00:00:00-04:00,118.53332118654976,119.24256573722575,118.48898987369309,118.71063232421875,4394069,0.0,0.0
2017-07-17 00:00:00-04:00,118.62195808638478,119.15390556107614,118.4446469660731,118.88793182373047,5779022,0.0,0.0
2017-07-18 00:00:00-04:00,118.62194705406475,119.3312055831039,118.53329855903172,119.19821166992188,5455700,0.0,0.0
2017-07-19 00:00:00-04:00,119.02091490912494,119.81882202935164,118.97658359938863,119.41986846923828,5173234,0.0,0.0
2017-07-20 00:00:00-04:00,119.77448868235936,119.90748260930616,117.91271484266858,118.3116683959961,11509404,0.0,0.0
2017-07-21 00:00:00-04:00,112.504690047782,115.29736508919031,111.97275664924238,114.85408020019531,18915198,0.0,0.0
2017-07-24 00:00:00-04:00,114.27780116258523,114.58809913460283,112.37169613814218,112.726318359375,11867093,0.0,0.0
2017-07-25 00:00:00-04:00,113.34691742480773,114.0561689436828,112.41602348311957,112.7706527709961,9636328,0.0,0.0
2017-07-26 00:00:00-04:00,113.43558502197266,113.87886285776787,112.46036672634446,113.43558502197266,8499516,0.0,0.0
2017-07-27 00:00:00-04:00,113.43556571829834,114.36645254349583,113.12526775760668,114.32212829589844,8323113,0.0,0.0
2017-07-28 00:00:00-04:00,114.63244412170445,114.72109968759341,112.59334493562261,113.16961669921875,5902383,0.0,0.0
2017-07-31 00:00:00-04:00,113.21393296986285,113.87885319557908,112.9922905423314,113.52423095703125,6388461,0.0,0.0
2017-08-01 00:00:00-04:00,113.61288409805665,113.7458709631201,112.28304367493409,112.7706527709961,8745299,0.0,0.0
2017-08-02 00:00:00-04:00,112.77063721732607,113.34690179165754,112.54899482508259,113.12525939941406,5714629,0.0,0.0
2017-08-03 00:00:00-04:00,113.43558734329555,114.27781877698108,112.4603690277107,114.18916320800781,6451143,0.0,0.0
2017-08-04 00:00:00-04:00,114.1448217087399,114.58809948664278,113.56855706902728,114.27780151367188,4864539,0.0,0.0
2017-08-07 00:00:00-04:00,114.10050128150239,114.32214372002537,113.2582698947449,113.6128921508789,3937537,0.0,0.0
2017-08-08 00:00:00-04:00,113.6128721055237,114.7654012914905,113.12526306093183,113.30257415771484,5663840,0.0,0.0
2017-08-09 00:00:00-04:00,113.25823920045322,114.0118148189495,112.85928574198424,113.96748352050781,6191213,0.0,0.0
2017-08-10 00:00:00-04:00,113.9674966673547,113.9674966673547,112.0170675053341,112.1500473022461,6192861,0.0,0.0
2017-08-11 00:00:00-04:00,112.59330430133913,112.81494666451135,111.66241766701746,111.70674896240234,4009922,0.0,0.0
2017-08-14 00:00:00-04:00,112.06143144542632,113.25829238284,111.92844454453152,112.41605377197266,5068840,0.0,0.0
2017-08-15 00:00:00-04:00,111.7510938528474,112.23870290781228,111.26348479788253,111.4407958984375,5703757,0.0,0.0
2017-08-16 00:00:00-04:00,111.35215959392075,111.92842429876292,111.04186158587991,111.26350402832031,5732741,0.0,0.0
2017-08-17 00:00:00-04:00,111.13051630713963,111.26349611764633,109.57903343412221,109.7120132446289,6514785,0.0,0.0
2017-08-18 00:00:00-04:00,109.1800916736537,109.66770083085925,108.33785318410304,108.8254623413086,7151497,0.0,0.0
2017-08-21 00:00:00-04:00,108.55947875976562,109.04708784117516,107.80590301309937,108.55947875976562,9609933,0.0,0.0
2017-08-22 00:00:00-04:00,108.91410176102613,109.66768456997335,108.51515528871946,109.04708862304688,6253415,0.0,0.0
2017-08-23 00:00:00-04:00,108.69246795698636,108.8697790709685,107.89456088718885,108.11620330810547,7205853,0.0,0.0
2017-08-24 00:00:00-04:00,108.29349630295143,108.78110531325692,107.71723175048828,107.71723175048828,5330878,0.0,0.0
2017-08-25 00:00:00-04:00,108.11620098433775,109.04708784117516,107.93888281728886,108.55947875976562,4771643,0.0,0.0
2017-08-28 00:00:00-04:00,108.73678421734864,109.35738012756427,107.93887720617924,108.47081756591797,4994870,0.0,0.0
2017-08-29 00:00:00-04:00,107.85022813388771,108.4264927750404,107.6285927728213,108.33783721923828,4989131,0.0,0.0
2017-08-30 00:00:00-04:00,108.55944953347088,108.55944953347088,107.05229844589248,107.6285629272461,7068637,0.0,0.0
2017-08-31 00:00:00-04:00,108.20487335924261,109.49038263624728,107.6286086331705,108.8254623413086,11535738,0.0,0.0
2017-09-01 00:00:00-04:00,109.04708192719055,112.15004735753479,108.55947287222567,111.4407958984375,12279368,0.0,0.0
2017-09-05 00:00:00-04:00,111.08618499905201,111.08618499905201,108.91410615407639,109.7120132446289,9293476,0.0,0.0
2017-09-06 00:00:00-04:00,110.33260456888128,110.908869208477,110.02230659597333,110.46559143066406,11481632,0.0,0.0
2017-09-07 00:00:00-04:00,108.64816171013322,108.82547286501281,105.63385090654177,106.47608947753906,16715628,0.0,0.0
2017-09-08 00:00:00-04:00,106.16575739491908,106.38739273903002,104.52561915273635,105.58949279785156,9307268,0.0,0.0
2017-09-11 00:00:00-04:00,105.5008542858104,105.89980079238553,104.70294715890334,105.14622497558594,9036446,0.0,0.0
2017-09-12 00:00:00-04:00,105.58951078846614,105.98846435546875,105.10190165733835,105.98846435546875,10362702,0.0,0.0
2017-09-13 00:00:00-04:00,106.07710007216338,107.18529794481948,106.0327687699561,106.875,8060554,0.0,0.0
2017-09-14 00:00:00-04:00,106.83069593858774,107.5842717634701,106.12144436740986,107.53994750976562,8781440,0.0,0.0
2017-09-15 00:00:00-04:00,107.89811397976005,108.21151238130817,106.33112909940807,107.13700866699219,13888549,1.150185,0.0
2017-09-18 00:00:00-04:00,107.27130107350628,109.91278927164414,107.1369925839965,109.50984954833984,10955699,0.0,0.0
2017-09-19 00:00:00-04:00,109.5098703381173,109.55464459471231,107.53995272310145,108.3458251953125,9460843,0.0,0.0
2017-09-20 00:00:00-04:00,108.34583168383226,109.28602698213398,108.30106455194507,108.88308715820312,8298554,0.0,0.0
2017-09-21 00:00:00-04:00,108.92784424328283,111.21116732582875,108.2115131800438,110.8082275390625,10874529,0.0,0.0
2017-09-22 00:00:00-04:00,111.21116623582343,112.1065871834846,110.89776783503375,111.3454818725586,8287537,0.0,0.0
2017-09-25 00:00:00-04:00,111.56932109410658,112.73336600216447,111.25592274330928,112.41996765136719,8865635,0.0,0.0
2017-09-26 00:00:00-04:00,112.59905985056898,112.86768397637792,111.569330471274,111.61409759521484,8503648,0.0,0.0
2017-09-27 00:00:00-04:00,111.92752843957092,112.151378378984,108.70401661264397,109.1069564819336,11787113,0.0,0.0
2017-09-28 00:00:00-04:00,109.19645804033222,109.46508214604825,108.1667216106729,108.52488708496094,7544053,0.0,0.0
2017-09-29 00:00:00-04:00,108.4353235452546,108.74872183487166,107.49513580378942,108.25624084472656,7026425,0.0,0.0
2017-10-02 00:00:00-04:00,108.43534989327554,110.18142446615651,107.89810166114889,110.00233459472656,8868389,0.0,0.0
2017-10-03 00:00:00-04:00,110.1814273544164,111.16638959985582,108.92783385848412,111.03207397460938,7075210,0.0,0.0
2017-10-04 00:00:00-04:00,111.39024572604214,111.43501997943409,109.37555399855907,109.59941101074219,6708361,0.0,0.0
2017-10-05 00:00:00-04:00,109.19647804119734,110.00235050595228,108.12197429413533,109.8680419921875,7252865,0.0,0.0
2017-10-06 00:00:00-04:00,109.2860059124748,109.86802840652255,108.0324195504787,109.19646453857422,8498765,0.0,0.0
2017-10-09 00:00:00-04:00,107.89809831555378,108.12195530235928,104.09256517679769,104.8984375,29275875,0.0,0.0
2017-10-10 00:00:00-04:00,106.10726298529637,106.8236011092368,104.40596974109624,104.58505249023438,16812134,0.0,0.0
2017-10-11 00:00:00-04:00,103.5553138765214,104.18211061309063,102.52558452631513,103.28668975830078,16937707,0.0,0.0
2017-10-12 00:00:00-04:00,103.19717407226562,103.37625686232136,102.21221159956954,103.19717407226562,12509021,0.0,0.0
2017-10-13 00:00:00-04:00,103.64484846832335,104.0030210632386,102.79420191925082,102.88374328613281,8428237,0.0,0.0
2017-10-16 00:00:00-04:00,102.92852636962482,105.12230073764876,102.65989511852969,104.58505249023438,10382567,0.0,0.0
2017-10-17 00:00:00-04:00,103.95826736175333,104.09258300231525,102.9733050040025,103.8239517211914,12235757,0.0,0.0
2017-10-18 00:00:00-04:00,103.86871695985623,104.22688246707574,103.28669444693047,103.51055145263672,7297059,0.0,0.0
2017-10-19 00:00:00-04:00,103.60009794132341,106.46544352262694,103.19715816212538,105.57002258300781,15769450,0.0,0.0
2017-10-20 00:00:00-04:00,99.12299277471493,106.73406716180898,98.94391001311524,106.68929290771484,40147504,0.0,0.0
2017-10-23 00:00:00-04:00,104.94321604535055,104.94321604535055,99.30207391501301,99.92886352539062,39090944,0.0,0.0
2017-10-24 00:00:00-04:00,99.03344489040698,99.88409864322585,97.37691876331102,98.00371551513672,27880573,0.0,0.0
2017-10-25 00:00:00-04:00,97.77986285125631,98.00371986217887,95.36223136641291,96.25765228271484,23060959,0.0,0.0
2017-10-26 00:00:00-04:00,96.57104541871918,96.92921806862184,94.91451918600819,95.45177459716797,18004137,0.0,0.0
2017-10-27 00:00:00-04:00,95.18312769962982,95.36221041807322,92.40732418159702,93.07888793945312,20560436,0.0,0.0
2017-10-30 00:00:00-04:00,92.31778902016892,92.76549584633439,90.7060301911988,91.37759399414062,20529324,0.0,0.0
2017-10-31 00:00:00-04:00,90.70603816434748,91.33283490346237,89.76585018306294,90.25833129882812,20450366,0.0,0.0
2017-11-01 00:00:00-04:00,89.85539539713588,91.8700870691749,89.36291426031903,89.63153839111328,19137318,0.0,0.0
2017-11-02 00:00:00-04:00,89.76583460697044,89.90014307962726,87.88545184329601,89.27335357666016,17012575,0.0,0.0
2017-11-03 00:00:00-04:00,89.18384555461436,91.01945476193406,88.91521425411744,90.16880798339844,14160018,0.0,0.0
2017-11-06 00:00:00-05:00,91.87007550007534,91.91484974659674,89.90015120087841,90.12400817871094,12661511,0.0,0.0
2017-11-07 00:00:00-05:00,90.3031026092573,90.66127524566991,90.07925272981107,90.48218536376953,8693113,0.0,0.0
2017-11-08 00:00:00-05:00,90.48217146366046,90.97465252660695,89.8553819191567,90.07923889160156,8280233,0.0,0.0
2017-11-09 00:00:00-05:00,89.7210722582816,89.8553878761304,88.87042568493924,89.4972152709961,10610572,0.0,0.0
2017-11-10 00:00:00-05:00,89.45245587237078,92.58642545537212,89.0942903637037,91.73577880859375,21019137,0.0,0.0
2017-11-13 00:00:00-05:00,90.70604289224265,92.89982446610405,83.94562254250452,85.1544418334961,54577114,0.0,0.0
2017-11-14 00:00:00-05:00,84.12469928483996,84.52763901970181,78.1701588880582,80.14008331298828,65218755,0.0,0.0
2017-11-15 00:00:00-05:00,78.39401977441881,82.2890945683885,78.34924552281547,81.75184631347656,30124129,0.0,0.0
2017-11-16 00:00:00-05:00,82.73681420008724,82.73681420008724,80.81166363217176,81.70708465576172,18649508,0.0,0.0
2017-11-17 00:00:00-05:00,82.11000709216651,82.69202956519241,81.52798461914062,81.52798461914062,12615126,0.0,0.0
2017-11-20 00:00:00-05:00,80.36395960182954,81.16983213766893,79.82670411721388,80.4982681274414,13340623,0.0,0.0
2017-11-21 00:00:00-05:00,80.36396142945101,80.90120979889527,79.24468330202446,79.82670593261719,16258721,0.0,0.0
2017-11-22 00:00:00-05:00,81.25935363769531,81.70706761983648,79.87145882426556,81.25935363769531,11444448,0.0,0.0
2017-11-24 00:00:00-05:00,82.28908495007121,82.28908495007121,81.25934855743482,81.43843841552734,5195206,0.0,0.0
2017-11-27 00:00:00-05:00,82.11000799187865,82.82634609244727,80.99073015520192,81.12504577636719,16453507,0.0,0.0
2017-11-28 00:00:00-05:00,81.34889736315311,82.55770936375838,80.85641628812513,82.42340087890625,11709157,0.0,0.0
2017-11-29 00:00:00-05:00,82.60248503090443,83.00542474716505,81.9756883328574,82.7367935180664,11509697,0.0,0.0
2017-11-30 00:00:00-05:00,83.09495794596765,83.22926641992677,81.39365788093,81.88613891601562,14200582,0.0,0.0
2017-12-01 00:00:00-05:00,81.8413708833851,81.8413708833851,79.96098812254888,80.05052947998047,17116050,0.0,0.0
2017-12-04 00:00:00-05:00,80.58777958386317,80.85641079007557,80.05053142621185,80.36392974853516,14261616,0.0,0.0
2017-12-05 00:00:00-05:00,79.60284705691733,80.63258376583182,79.11036583252113,79.5133056640625,13733075,0.0,0.0
2017-12-06 00:00:00-05:00,78.84171766826744,79.8714540639095,78.79695054915403,79.0655746459961,9163104,0.0,0.0
2017-12-07 00:00:00-05:00,79.73715086750822,80.85642880304485,78.93127132411291,79.28944396972656,11598420,0.0,0.0
2017-12-08 00:00:00-05:00,79.33421109581056,79.78192512098055,79.06558695714156,79.28944396972656,11360294,0.0,0.0
2017-12-11 00:00:00-05:00,78.8417150043151,79.64759439499896,78.48354955396093,79.02079772949219,12138124,0.0,0.0
2017-12-12 00:00:00-05:00,80.36394247506239,80.76687509341637,79.02080761346022,80.18485260009766,13945388,0.0,0.0
2017-12-13 00:00:00-05:00,80.22964393429044,80.543042372977,79.5133056640625,79.5133056640625,8785613,0.0,0.0
2017-12-14 00:00:00-05:00,79.55809696063449,79.78195405440265,78.97607421875,78.97607421875,10129668,0.0,0.0
2017-12-15 00:00:00-05:00,79.60281628406321,79.82667324335634,79.06556813462366,79.78190612792969,18441952,0.0,0.0
2017-12-18 00:00:00-05:00,80.0057868884587,80.81166655154146,79.46853853132978,79.5133056640625,11249683,0.0,0.0
2017-12-19 00:00:00-05:00,79.55804606818697,79.69235453661942,78.57308403854604,78.75216674804688,13666553,0.0,0.0
2017-12-20 00:00:00-05:00,78.93126090676186,79.02080227450053,77.7224488785963,78.12538146972656,15725818,0.0,0.0
2017-12-21 00:00:00-05:00,78.17015342708861,79.19988268960823,78.0806120619733,78.21492767333984,14163503,0.0,0.0
2017-12-22 00:00:00-05:00,78.3940326818269,78.61788259453593,77.9015514700443,78.34925842285156,9675745,0.0,0.0
2017-12-26 00:00:00-05:00,78.66482852518484,79.6115155196154,78.43943301121669,78.57466888427734,11546922,0.575092,0.0
2017-12-27 00:00:00-05:00,78.70988158865437,79.47624182921128,78.03368095424541,78.3492431640625,12546163,0.0,0.0
2017-12-28 00:00:00-05:00,78.21399559075651,78.43939818123883,77.76319758638991,78.25907897949219,12714804,0.0,0.0
2017-12-29 00:00:00-05:00,77.8533585003295,79.0254405080489,77.8533585003295,78.664794921875,15889514,0.0,0.0
2018-01-02 00:00:00-05:00,79.25084013403219,81.09913002274939,79.02544470437769,81.05404663085938,16185981,0.0,0.0
2018-01-03 00:00:00-05:00,82.49665800281345,82.67697731182903,81.2794919020548,81.82044982910156,17000180,0.0,0.0
2018-01-04 00:00:00-05:00,82.85725424375073,83.93917672110054,82.496615810167,83.53345489501953,17225995,0.0,0.0
2018-01-05 00:00:00-05:00,85.02111339795154,85.06619679797826,83.3982329991865,83.57855224609375,16667865,0.0,0.0
2018-01-08 00:00:00-05:00,84.16461028649454,84.29984616052946,81.5950425606159,82.40648651123047,17130657,0.0,0.0
2018-01-09 00:00:00-05:00,82.63186240467611,84.1195069020061,81.64009940645613,83.66870880126953,13855205,0.0,0.0
2018-01-10 00:00:00-05:00,83.80395705790242,85.92272638673747,83.75888082945096,85.33668518066406,17177522,0.0,0.0
2018-01-11 00:00:00-05:00,86.6890653696643,87.41034943548757,85.65222625310476,85.74238586425781,20808952,0.0,0.0
2018-01-12 00:00:00-05:00,86.19320062120495,86.32844365243925,84.29983406692594,84.57032012939453,18169606,0.0,0.0
2018-01-16 00:00:00-05:00,82.58677038128202,83.4432901971003,80.96388317594408,82.09088897705078,42912819,0.0,0.0
2018-01-17 00:00:00-05:00,79.56642914458058,79.7918318267468,77.80830544752635,78.21402740478516,39131904,0.0,0.0
2018-01-18 00:00:00-05:00,78.43940315403452,78.80004158039107,75.55427421338666,75.59935760498047,35944841,0.0,0.0
2018-01-19 00:00:00-05:00,75.05841662035087,75.41905516121236,72.2183701695648,73.30029296875,44851332,0.0,0.0
2018-01-22 00:00:00-05:00,71.67736607378878,73.61581511478408,71.22656814367176,72.89453125,28005019,0.0,0.0
2018-01-23 00:00:00-05:00,73.48060805413569,76.77145967017083,73.34536502071494,76.14033508300781,25714786,0.0,0.0
2018-01-24 00:00:00-05:00,76.63620858369006,78.25909610780191,73.25519769285678,74.11172485351562,34850262,0.0,0.0
2018-01-25 00:00:00-05:00,74.38218118829514,74.92313874810083,72.71421794733149,72.93961334228516,19834813,0.0,0.0
2018-01-26 00:00:00-05:00,72.7142333984375,72.84946922882658,71.8126300972482,72.7142333984375,18965005,0.0,0.0
2018-01-29 00:00:00-05:00,72.21837464626425,74.06665804765257,71.9929719559531,73.39045715332031,15469060,0.0,0.0
2018-01-30 00:00:00-05:00,72.5789946052788,73.34535494397382,71.90279388427734,71.90279388427734,14242064,0.0,0.0
2018-01-31 00:00:00-05:00,72.39864993857286,73.34532918011703,72.08308779919253,72.89453125,16018822,0.0,0.0
2018-02-01 00:00:00-05:00,72.39867249972295,72.62407512332071,71.76754802428887,72.21835327148438,11022366,0.0,0.0
2018-02-02 00:00:00-05:00,71.63230055816618,71.81261975712052,70.32497560085035,70.50529479980469,17171805,0.0,0.0
2018-02-05 00:00:00-05:00,69.78401365208875,70.46021426383756,67.21444702148438,67.21444702148438,25715850,0.0,0.0
2018-02-06 00:00:00-05:00,66.80872445565284,69.15288821154316,66.31284310909163,68.83732604980469,26462505,0.0,0.0
2018-02-07 00:00:00-05:00,69.01767126204756,69.9643581042703,68.7471923828125,68.7471923828125,15859821,0.0,0.0
2018-02-08 00:00:00-05:00,68.4766883583564,68.56684795166072,65.14075469970703,65.14075469970703,28928098,0.0,0.0
2018-02-09 00:00:00-05:00,66.22268743940865,67.75541512049112,64.14900211319015,67.34969329833984,26929053,0.0,0.0
2018-02-12 00:00:00-05:00,67.89067673073994,68.25131525969137,66.62842752620892,66.80875396728516,15771182,0.0,0.0
2018-02-13 00:00:00-05:00,66.44809243838999,66.67349505360956,65.50141293702586,66.13253021240234,15378459,0.0,0.0
2018-02-14 00:00:00-05:00,66.22268593619707,67.75541358248762,65.99729051080598,67.16937255859375,17926577,0.0,0.0
2018-02-15 00:00:00-05:00,67.30459280623693,68.25127920959866,66.58331612930995,66.94395446777344,11452419,0.0,0.0
2018-02-16 00:00:00-05:00,66.94397019077964,68.6570170540148,66.76365097919665,67.84557342529297,13505612,0.0,0.0
2018-02-20 00:00:00-05:00,67.25951007076742,67.484912598717,65.90710925626203,66.44806671142578,12867294,0.0,0.0
2018-02-21 00:00:00-05:00,66.31285354747921,66.40301315408271,65.1407643084367,65.32109069824219,20472151,0.0,0.0
2018-02-22 00:00:00-05:00,65.5014131715572,67.93573702420889,65.32109394937542,65.90713500976562,16379390,0.0,0.0
2018-02-23 00:00:00-05:00,66.04349058740854,66.67983087331886,65.86167907714844,65.86167907714844,11040854,0.575092,0.0
2018-02-26 00:00:00-05:00,65.40714611487832,66.72529047970423,63.407204936795246,66.58892822265625,30302034,0.0,0.0
2018-02-27 00:00:00-05:00,66.67983762460209,68.99795270510323,65.90713500976562,65.90713500976562,19410582,0.0,0.0
2018-02-28 00:00:00-05:00,66.36167761451135,66.45258338781409,64.04356230531054,64.13446807861328,18490403,0.0,0.0
2018-03-01 00:00:00-05:00,64.36172365492158,64.81625243333596,63.4072023662648,63.72537612915039,19170976,0.0,0.0
2018-03-02 00:00:00-05:00,63.58901012795592,64.72534286097194,63.49810437763352,64.17990112304688,15572368,0.0,0.0
2018-03-05 00:00:00-05:00,64.45264905906035,66.58894582284677,64.1799244728803,65.54352569580078,18247395,0.0,0.0
2018-03-06 00:00:00-05:00,66.36166078952911,66.6798272974262,65.95258129538644,66.54347229003906,12124707,0.0,0.0
2018-03-07 00:00:00-05:00,65.81620583819866,66.31619098221513,64.4526126221498,65.95256805419922,17318787,0.0,0.0
2018-03-08 00:00:00-05:00,65.90713348337664,66.54348105497007,65.49805393535108,65.99803924560547,10348638,0.0,0.0
2018-03-09 00:00:00-05:00,66.45257455901601,67.95253047321768,65.95258925428213,67.90707397460938,13386967,0.0,0.0
2018-03-12 00:00:00-04:00,68.27072321726621,69.67977391094257,67.9980058289401,68.63435363769531,14653629,0.0,0.0
2018-03-13 00:00:00-04:00,66.77074086795139,66.99800888820204,65.17987919817979,65.58895874023438,24772029,0.0,0.0
2018-03-14 00:00:00-04:00,65.725317900571,66.31620893656842,64.72534734180749,64.86170959472656,11907699,0.0,0.0
2018-03-15 00:00:00-04:00,65.04353729280066,66.13441387962365,64.8162692267146,65.27080535888672,9895779,0.0,0.0
2018-03-16 00:00:00-04:00,65.17988836773505,65.54351869849016,64.4526421782098,65.04353332519531,23889514,0.0,0.0
2018-03-19 00:00:00-04:00,64.81624878177693,64.90715453233844,63.634466788486655,63.952640533447266,13810133,0.0,0.0
2018-03-20 00:00:00-04:00,64.0889848126168,64.13444129828333,61.90723269239074,61.998138427734375,18554546,0.0,0.0
2018-03-21 00:00:00-04:00,62.089064111271284,63.45265765659931,61.67998460047469,63.089027404785156,13592791,0.0,0.0
2018-03-22 00:00:00-04:00,62.49814557920071,62.67995711385577,60.54366072767081,60.68001937866211,14862500,0.0,0.0
2018-03-23 00:00:00-04:00,60.90728973177195,61.13455779023171,59.18006913026094,59.4073371887207,17536442,0.0,0.0
2018-03-26 00:00:00-04:00,60.13458517992812,60.18003806663286,57.86192637270656,58.589176177978516,22000434,0.0,0.0
2018-03-27 00:00:00-04:00,58.7255279511893,62.361787405103684,58.27099913744581,61.08909225463867,32336072,0.0,0.0
2018-03-28 00:00:00-04:00,61.45273121239071,63.40721624124614,59.49824256553896,62.17997741699219,29025877,0.0,0.0
2018-03-29 00:00:00-04:00,61.72544099271651,62.08907128655335,60.68001746542014,61.270912170410156,15548310,0.0,0.0
2018-04-02 00:00:00-04:00,61.13454993186302,61.54362949010954,58.90734422962604,59.63459396362305,15041824,0.0,0.0
2018-04-03 00:00:00-04:00,59.63460082345893,59.72550659841607,58.180097570155866,59.6800537109375,12474884,0.0,0.0
2018-04-04 00:00:00-04:00,58.27099600946246,60.45274867029809,58.13463375466352,60.361839294433594,11929712,0.0,0.0
2018-04-05 00:00:00-04:00,60.407299984170265,61.63453503657249,59.861861781103066,61.043643951416016,11168889,0.0,0.0
2018-04-06 00:00:00-04:00,60.543663521895276,61.22546042631419,58.77098650521147,59.361881256103516,13242927,0.0,0.0
2018-04-09 00:00:00-04:00,59.54368705962504,59.81640796590224,58.27099914498695,58.31645202636719,14258423,0.0,0.0
2018-04-10 00:00:00-04:00,59.13460636877869,59.72549743332199,58.86188908575674,59.31642150878906,11982984,0.0,0.0
2018-04-11 00:00:00-04:00,58.68007602535231,59.45278225729049,58.40735873266533,58.952796936035156,10479010,0.0,0.0
2018-04-12 00:00:00-04:00,59.22551006605107,60.2254806382787,58.95279279253205,59.907310485839844,13277419,0.0,0.0
2018-04-13 00:00:00-04:00,60.9527374214868,62.17996884047542,60.725469395899715,61.31636047363281,14850168,0.0,0.0
2018-04-16 00:00:00-04:00,61.36181755728273,61.72544061289027,60.13457889061973,60.589111328125,12160618,0.0,0.0
2018-04-17 00:00:00-04:00,60.81637182018398,63.04358098228608,60.7254660621381,62.67995071411133,15050609,0.0,0.0
2018-04-18 00:00:00-04:00,63.08903274460529,63.270851503896864,61.907250607163505,62.08906936645508,8969027,0.0,0.0
2018-04-19 00:00:00-04:00,62.1345054038034,63.90717823264835,61.95269391920238,63.58900451660156,18316838,0.0,0.0
2018-04-20 00:00:00-04:00,67.90706531673192,68.4070505577197,65.17987111971021,66.08893585205078,39371615,0.0,0.0
2018-04-23 00:00:00-04:00,67.04346636522448,67.17982139057193,65.40714817312224,65.99803924560547,15298437,0.0,0.0
2018-04-24 00:00:00-04:00,66.6343902535909,67.13437558962995,66.08894841609738,66.72529602050781,15495602,0.0,0.0
2018-04-25 00:00:00-04:00,66.90709710362684,66.95255359798108,63.22538879259282,63.86173629760742,23216120,0.0,0.0
2018-04-26 00:00:00-04:00,64.13443331931154,65.90710579195816,63.90716539123216,65.3616714477539,13533448,0.0,0.0
2018-04-27 00:00:00-04:00,64.63441841949303,65.81620006792411,64.4980562154477,65.3616714477539,10188469,0.0,0.0
2018-04-30 00:00:00-04:00,65.31623402786056,65.40713977842208,63.952640533447266,63.952640533447266,10127373,0.0,0.0
2018-05-01 00:00:00-04:00,63.99809130868853,64.04354780304278,62.86176578172209,63.86173629760742,10719493,0.0,0.0
2018-05-02 00:00:00-04:00,64.08899883244534,65.36169387764427,63.99809307721556,64.45262908935547,10783239,0.0,0.0
2018-05-03 00:00:00-04:00,64.49809709471727,64.49809709471727,62.952691570663,63.316314697265625,12665163,0.0,0.0
2018-05-04 00:00:00-04:00,63.04358462074365,64.22536677953593,62.58904856829022,64.08900451660156,8744820,0.0,0.0
2018-05-07 00:00:00-04:00,64.04354628400877,64.45262577953089,63.634466788486655,63.952640533447266,6858410,0.0,0.0
2018-05-08 00:00:00-04:00,64.45263007196047,65.86168015349007,64.04355054919439,64.86170959472656,12381195,0.0,0.0
2018-05-09 00:00:00-04:00,65.22535949778606,66.7253159539996,64.9980913946038,66.45259857177734,10614202,0.0,0.0
2018-05-10 00:00:00-04:00,67.08891812135045,67.08891812135045,65.90713593246926,66.77074432373047,7820843,0.0,0.0
2018-05-11 00:00:00-04:00,66.99799639663495,67.13435863055932,65.99802597716322,66.36165618896484,5970052,0.0,0.0
2018-05-14 00:00:00-04:00,66.81620731314567,67.27073618531998,66.54348998984109,66.86166381835938,8562032,0.0,0.0
2018-05-15 00:00:00-04:00,66.81620731314567,66.90711308758053,66.22531616132281,66.86166381835938,7357154,0.0,0.0
2018-05-16 00:00:00-04:00,66.86166251086767,68.63433593167134,66.7707495022181,68.316162109375,11397833,0.0,0.0
2018-05-17 00:00:00-04:00,68.72524170432852,69.27067634027162,67.8161767417643,68.316162109375,10585136,0.0,0.0
2018-05-18 00:00:00-04:00,68.54342711788836,68.63433288651224,67.81617373290517,68.04344177246094,7170422,0.0,0.0
2018-05-21 00:00:00-04:00,69.81610830037256,70.67971663600501,69.08885498637129,69.361572265625,16258282,0.0,0.0
2018-05-22 00:00:00-04:00,69.95245353988258,70.86151824626312,69.4979248046875,69.4979248046875,13717258,0.0,0.0
2018-05-23 00:00:00-04:00,69.0888515500382,69.1343080456486,64.13445532805574,64.45262908935547,30743980,0.0,0.0
2018-05-24 00:00:00-04:00,65.17986704559725,66.90709065268207,64.7253383258329,66.36165618896484,21995906,0.0,0.0
2018-05-25 00:00:00-04:00,66.40712584433028,66.67984315997224,65.49806088953142,66.49803161621094,10370235,0.0,0.0
2018-05-29 00:00:00-04:00,65.81622265379315,65.9980341642527,63.72537581152623,64.45262908935547,15867583,0.0,0.0
2018-05-30 00:00:00-04:00,64.27081814069723,64.72534692081922,63.72537636855975,64.40717315673828,10893914,0.0,0.0
2018-05-31 00:00:00-04:00,64.08903278703457,64.22539511011996,63.40723564359726,63.99812698364258,11571648,0.0,0.0
2018-06-01 00:00:00-04:00,64.08900451660156,64.31627254282829,63.40720767391307,64.08900451660156,11870536,0.0,0.0
2018-06-04 00:00:00-04:00,64.22535755354961,64.58898055448452,62.17996008331426,62.316322326660156,17197157,0.0,0.0
2018-06-05 00:00:00-04:00,62.31634228048237,63.31631308923669,61.45273375873743,62.72542190551758,14699910,0.0,0.0
2018-06-06 00:00:00-04:00,62.81629728181651,63.13447097351394,61.95268917805728,61.998138427734375,12967368,0.0,0.0
2018-06-07 00:00:00-04:00,61.952705597122964,62.72540817032468,61.86179983768696,62.63450241088867,14811336,0.0,0.0
2018-06-08 00:00:00-04:00,62.63451771688914,63.95266240481334,62.316343863115286,63.316314697265625,10484206,0.0,0.0
2018-06-11 00:00:00-04:00,63.589005467213596,63.77082419052268,62.952665261597176,63.543556213378906,9098022,0.0,0.0
2018-06-12 00:00:00-04:00,63.77082419052268,64.27080939864491,63.22538249257565,63.543556213378906,8663462,0.0,0.0
2018-06-13 00:00:00-04:00,63.72536665004743,63.90717813436885,62.861758481525676,63.13447570800781,7407462,0.0,0.0
2018-06-14 00:00:00-04:00,63.04356523817031,63.225376708857574,61.634515486359845,61.998138427734375,12659759,0.0,0.0
2018-06-15 00:00:00-04:00,61.95230118233677,61.99816114193401,60.989315032958984,60.989315032958984,20069141,0.575092,0.0
2018-06-18 00:00:00-04:00,60.576610403239464,60.66832303100745,60.07218730040698,60.53075408935547,14260009,0.0,0.0
2018-06-19 00:00:00-04:00,59.88875762985526,59.934613940358716,59.15504936158342,59.384334564208984,16249456,0.0,0.0
2018-06-20 00:00:00-04:00,58.51305605486704,60.11803783689226,58.467199745389884,59.06333541870117,20120367,0.0,0.0
2018-06-21 00:00:00-04:00,58.74235057200554,58.78820688875794,57.82521693674001,58.513065338134766,14750782,0.0,0.0
2018-06-22 00:00:00-04:00,58.51305168203296,59.98046442596309,58.51305168203296,59.8428955078125,14178026,0.0,0.0
2018-06-25 00:00:00-04:00,59.75118912962502,59.84290540700503,58.42134873397168,58.46720504760742,16029380,0.0,0.0
2018-06-26 00:00:00-04:00,61.72302736283644,63.924144964163176,61.402029525097774,63.00701141357422,44618882,0.0,0.0
2018-06-27 00:00:00-04:00,63.55728348299029,66.21697135568886,63.2821456238128,64.01585388183594,28252972,0.0,0.0
2018-06-28 00:00:00-04:00,63.92416199170807,64.19929994010846,62.73188294820199,63.41973876953125,13444307,0.0,0.0
2018-06-29 00:00:00-04:00,63.41971179901281,63.74070958574521,62.2274405627631,62.410865783691406,15015178,0.0,0.0
2018-07-02 00:00:00-04:00,61.81474108997052,62.13573893343227,60.48489705289585,61.31031799316406,13098533,0.0,0.0
2018-07-03 00:00:00-04:00,61.21860171638319,61.860593753198174,60.98932014970231,61.31031799316406,6721507,0.0,0.0
2018-07-05 00:00:00-04:00,61.3561754282203,61.63131332963554,59.797049703207506,61.5854606628418,11172227,0.0,0.0
2018-07-06 00:00:00-04:00,61.310322475603854,63.74072551065221,61.08103724205125,63.51144027709961,12524399,0.0,0.0
2018-07-09 00:00:00-04:00,63.924133307864956,64.84126669121848,63.78656074528647,63.96998596191406,13993109,0.0,0.0
2018-07-10 00:00:00-04:00,64.1992751895351,65.02469601673288,64.10756257542602,64.97883605957031,12585475,0.0,0.0
2018-07-11 00:00:00-04:00,64.47440198030743,65.52910781209883,64.15340423583984,64.15340423583984,9862643,0.0,0.0
2018-07-12 00:00:00-04:00,64.42854933122051,64.84125967407674,63.878266440673954,64.15340423583984,8309863,0.0,0.0
2018-07-13 00:00:00-04:00,64.06168986092024,64.5202601403613,63.64897952950913,63.69483947753906,10121259,0.0,0.0
2018-07-16 00:00:00-04:00,63.69484363174272,63.969981437223204,63.28213327341447,63.74070358276367,8943299,0.0,0.0
2018-07-17 00:00:00-04:00,63.51144122733637,63.694866496835765,62.5943075796217,62.777732849121094,12334350,0.0,0.0
2018-07-18 00:00:00-04:00,63.00699235268191,63.32799009331226,62.82356715809734,63.0528450012207,8562449,0.0,0.0
2018-07-19 00:00:00-04:00,62.915306084713805,63.64900717009746,62.45673560613127,62.961158752441406,15641895,0.0,0.0
2018-07-20 00:00:00-04:00,62.91529913493297,63.190437011559425,59.52190643911404,60.16389846801758,35732423,0.0,0.0
2018-07-23 00:00:00-04:00,59.70532940056691,60.16389616080063,59.15505001830812,59.5677604675293,18849031,0.0,0.0
2018-07-24 00:00:00-04:00,59.24676491237911,60.20975478078865,58.92577072298158,60.16389846801758,11824171,0.0,0.0
2018-07-25 00:00:00-04:00,60.209746976447406,60.301463240209834,59.43018611027672,60.11803436279297,11132811,0.0,0.0
2018-07-26 00:00:00-04:00,60.072175093177655,60.85173957100785,59.888749874915405,60.30146026611328,11374588,0.0,0.0
2018-07-27 00:00:00-04:00,60.163901317391414,60.4390428571571,59.521909258083014,59.888763427734375,8206805,0.0,0.0
2018-07-30 00:00:00-04:00,59.79703756529186,60.57660209461256,59.6594686425087,60.347320556640625,8255716,0.0,0.0
2018-07-31 00:00:00-04:00,60.48489038524655,62.59429516661109,60.34732146040316,62.50258255004883,14959799,0.0,0.0
2018-08-01 00:00:00-04:00,62.135724722623046,62.135724722623046,60.71416473388672,60.71416473388672,9291368,0.0,0.0
2018-08-02 00:00:00-04:00,60.393184661865234,60.57660991592563,59.888761563090625,60.393184661865234,7631879,0.0,0.0
2018-08-03 00:00:00-04:00,60.301471382805495,60.760034512998104,60.07218616760069,60.255611419677734,7354316,0.0,0.0
2018-08-06 00:00:00-04:00,60.1638905003593,60.43903199065654,59.888752660170056,60.07217788696289,6779285,0.0,0.0
2018-08-07 00:00:00-04:00,60.16389167615502,60.76002732499011,59.70532495010308,60.347320556640625,11811088,0.0,0.0
2018-08-08 00:00:00-04:00,60.484887442623204,60.484887442623204,59.47604140930298,59.8428955078125,8429823,0.0,0.0
2018-08-09 00:00:00-04:00,59.65947609634178,59.75118872298909,59.20090931299668,59.33848190307617,6778847,0.0,0.0
2018-08-10 00:00:00-04:00,59.20089461775878,59.20089461775878,58.283764928833094,58.558902740478516,10110158,0.0,0.0
2018-08-13 00:00:00-04:00,58.32962283601965,58.375479139222534,56.81635388000147,57.09149169921875,14001101,0.0,0.0
2018-08-14 00:00:00-04:00,57.22908178875156,57.77936124584971,56.49537341254814,56.6329460144043,10349974,0.0,0.0
2018-08-15 00:00:00-04:00,56.266074104567714,56.67878447993001,54.75280516164441,56.03678894042969,13501919,0.0,0.0
2018-08-16 00:00:00-04:00,56.22021934550665,56.67878603626675,55.99093417507271,56.40364456176758,10847153,0.0,0.0
2018-08-17 00:00:00-04:00,56.22021934550665,56.58706977802851,55.99093417507271,56.40364456176758,9795746,0.0,0.0
2018-08-20 00:00:00-04:00,56.26607564957188,56.81635494846245,55.66994004661609,56.40364456176758,7878350,0.0,0.0
2018-08-21 00:00:00-04:00,56.58707579854958,58.19205756191634,56.54121948960552,57.91691970825195,12091467,0.0,0.0
2018-08-22 00:00:00-04:00,57.82520422377279,57.87106053044361,56.95392709681139,57.18321228027344,9065575,0.0,0.0
2018-08-23 00:00:00-04:00,56.908071961979935,57.595920226314135,56.816359346749785,57.504207611083984,7940552,0.0,0.0
2018-08-24 00:00:00-04:00,57.41249432191725,57.595919550224416,57.183212786533296,57.32078170776367,8068963,0.0,0.0
2018-08-27 00:00:00-04:00,57.2290626839771,58.60475904241942,57.09149012804677,58.558902740478516,9324212,0.0,0.0
2018-08-28 00:00:00-04:00,58.558921654887165,59.10920110602472,58.329640071125176,58.513065338134766,12325524,0.0,0.0
2018-08-29 00:00:00-04:00,58.55890648873713,59.5218961913507,58.100339789868386,59.47603988647461,9971648,0.0,0.0
2018-08-30 00:00:00-04:00,59.017469409995165,59.47603607951181,58.46719013659671,58.558902740478516,9320414,0.0,0.0
2018-08-31 00:00:00-04:00,58.375492023062314,59.384338216399826,58.23792308309134,59.33848190307617,10517216,0.0,0.0
2018-09-04 00:00:00-04:00,59.06333541067823,59.06333541067823,57.91692037368854,58.100345611572266,9355782,0.0,0.0
2018-09-05 00:00:00-04:00,57.09149374463552,57.68762935773842,56.128507692766426,57.595916748046875,11491355,0.0,0.0
2018-09-06 00:00:00-04:00,57.320789499678,58.69648619920343,57.320789499678,57.36664581298828,8475812,0.0,0.0
2018-09-07 00:00:00-04:00,56.816368264045224,57.045649838106215,56.26608883619022,56.86222457885742,9570746,0.0,0.0
2018-09-10 00:00:00-04:00,56.678797463225564,58.23792306610063,56.63294114991529,57.36664581298828,9050656,0.0,0.0
2018-09-11 00:00:00-04:00,57.04564083740971,57.18321341024865,56.082651078077404,56.54121780395508,8378597,0.0,0.0
2018-09-12 00:00:00-04:00,56.40365767904256,57.916927015445545,56.08265982582667,57.82521438598633,8385211,0.0,0.0
2018-09-13 00:00:00-04:00,58.10034643898568,58.46720057008575,56.99978769579375,58.283775329589844,11408558,0.0,0.0
2018-09-14 00:00:00-04:00,58.00600080761486,59.02446243230482,57.31159649438011,58.70040512084961,14600045,0.575092,0.0
2018-09-17 00:00:00-04:00,58.37636275470467,59.67258488076191,58.33006937055255,58.793006896972656,10573242,0.0,0.0
2018-09-18 00:00:00-04:00,58.654123432053495,59.02447419252097,58.144892518247794,58.60783004760742,8950101,0.0,0.0
2018-09-19 00:00:00-04:00,58.422661782951444,60.13552821675321,58.14489776630562,59.53371047973633,12958354,0.0,0.0
2018-09-20 00:00:00-04:00,58.283778767159944,58.74671263076811,57.21902351106313,57.68196105957031,18430204,0.0,0.0
2018-09-21 00:00:00-04:00,57.40418682909005,58.14488456379573,56.293138384582356,56.33943176269531,19910349,0.0,0.0
2018-09-24 00:00:00-04:00,56.01536149703724,56.01536149703724,53.70067838625717,54.34878921508789,31005079,0.0,0.0
2018-09-25 00:00:00-04:00,54.30251055347676,54.44139069335868,51.941533435890165,52.17300033569336,27896911,0.0,0.0
2018-09-26 00:00:00-04:00,52.08041603415123,53.515521935368604,51.89524250556783,52.7285270690918,19483739,0.0,0.0
2018-09-27 00:00:00-04:00,52.635946251605226,54.395106026593275,52.58965286422915,53.376644134521484,17151231,0.0,0.0
2018-09-28 00:00:00-04:00,52.95999878439077,53.2840524662628,52.080417135226305,52.26559066772461,15978112,0.0,0.0
2018-10-01 00:00:00-04:00,60.2743914777392,60.50586204084108,55.27467374445554,55.969078063964844,64290209,0.0,0.0
2018-10-02 00:00:00-04:00,57.033843994140625,57.774545516015785,54.487689421880134,57.033843994140625,31029263,0.0,0.0
2018-10-03 00:00:00-04:00,57.12642525711178,58.46894433305217,56.84866497685422,57.774539947509766,17311880,0.0,0.0
2018-10-04 00:00:00-04:00,57.45048806665779,58.70041681649957,57.12643069063639,58.60783004760742,15631315,0.0,0.0
2018-10-05 00:00:00-04:00,59.62629357353588,61.57063051524648,59.53370680200661,61.015106201171875,31541445,0.0,0.0
2018-10-08 00:00:00-04:00,62.589081774360665,63.14460230947625,61.385446578480206,63.0057258605957,36025406,0.0,0.0
2018-10-09 00:00:00-04:00,63.46867194308788,63.792729336287955,62.07986296628538,62.72797775268555,23046331,0.0,0.0
2018-10-10 00:00:00-04:00,61.98726185163754,63.23719406346493,61.246560462799486,61.47802734375,19185019,0.0,0.0
2018-10-11 00:00:00-04:00,60.7373398271961,61.524334724225774,58.607829425678865,58.88559341430664,24238585,0.0,0.0
2018-10-12 00:00:00-04:00,58.00601243853998,59.39482502838176,56.478319695183686,57.033843994140625,25708943,0.0,0.0
2018-10-15 00:00:00-04:00,56.7097942516374,57.867136314648526,56.20056330172461,56.246856689453125,13070635,0.0,0.0
2018-10-16 00:00:00-04:00,56.61719852880687,56.89496251425938,55.55244702511878,56.015380859375,18046308,0.0,0.0
2018-10-17 00:00:00-04:00,56.709782232429546,58.144884317652775,56.10796094971205,56.4320182800293,17409325,0.0,0.0
2018-10-18 00:00:00-04:00,56.20056625653704,57.5430819410466,55.83021545033815,57.311614990234375,17010175,0.0,0.0
2018-10-19 00:00:00-04:00,56.848660297837036,58.931876967900386,56.756073545371684,58.14488220214844,18108844,0.0,0.0
2018-10-22 00:00:00-04:00,58.28378355344437,58.46895711409416,57.08014435452282,57.311614990234375,10483914,0.0,0.0
2018-10-23 00:00:00-04:00,56.246843209057005,58.978170854931555,55.92278588772345,58.746700286865234,17086295,0.0,0.0
2018-10-24 00:00:00-04:00,58.83929260528681,59.302230071314746,56.200551628356436,56.33943176269531,17394134,0.0,0.0
2018-10-25 00:00:00-04:00,56.478318035756196,56.84866878581225,54.25622090521738,54.62657165527344,18412572,0.0,0.0
2018-10-26 00:00:00-04:00,53.65440895740159,53.93216928587055,51.71007191852227,52.3118896484375,24541312,0.0,0.0
2018-10-29 00:00:00-04:00,52.913697380038755,54.30250981465779,50.59901367390549,51.66376876831055,25007880,0.0,0.0
2018-10-30 00:00:00-04:00,48.88615085909268,52.7748207776891,45.691885361878086,47.126991271972656,71983559,0.0,0.0
2018-10-31 00:00:00-04:00,47.126992139110286,48.09915687297321,45.367828834722914,46.75664138793945,42124411,0.0,0.0
2018-11-01 00:00:00-04:00,46.33999537446525,47.35845713521382,44.16419170874749,44.349365234375,49320916,0.0,0.0
2018-11-02 00:00:00-04:00,44.53454783708002,44.71972138512808,41.98839312692387,43.00685501098633,54985507,0.0,0.0
2018-11-05 00:00:00-05:00,43.46977918617082,44.11789008975199,42.91425502811582,42.960548400878906,25955269,0.0,0.0
2018-11-06 00:00:00-05:00,43.330901400082894,44.16418583956633,43.330901400082894,43.60866165161133,23563834,0.0,0.0
2018-11-07 00:00:00-05:00,43.7475519820675,43.79384536812078,42.312449644617814,42.5902099609375,25878418,0.0,0.0
2018-11-08 00:00:00-05:00,42.31245079371135,43.23832222482016,41.89580662301788,42.12727355957031,33760858,0.0,0.0
2018-11-09 00:00:00-05:00,40.692165780244586,41.47915694492918,37.72936727636453,39.71999740600586,57077908,0.0,0.0
2018-11-12 00:00:00-05:00,38.97930085993984,39.11818470586851,35.73874165985475,36.98867416381836,51161628,0.0,0.0
2018-11-13 00:00:00-05:00,37.12755462397002,41.89580668849384,36.89608400215675,39.858882904052734,42945997,0.0,0.0
2018-11-14 00:00:00-05:00,40.553280878781564,40.96992498313036,37.914539797770516,38.516357421875,35507986,0.0,0.0
2018-11-15 00:00:00-05:00,38.14601016242677,39.81258288531457,37.31272195853363,37.82195281982422,26807841,0.0,0.0
2018-11-16 00:00:00-05:00,37.405308494144116,37.960836416682405,35.78502916061976,37.12754821777344,36851582,0.0,0.0
2018-11-19 00:00:00-05:00,36.98865836665886,38.14599991742489,36.06278365208705,36.29425048828125,30898119,0.0,0.0
2018-11-20 00:00:00-05:00,35.50727488478846,36.38685292683806,34.85916009393201,35.41468811035156,29903260,0.0,0.0
2018-11-21 00:00:00-05:00,36.06278587943279,36.71089674570333,35.78502197394671,36.155372619628906,17620011,0.0,0.0
2018-11-23 00:00:00-05:00,36.016506752632466,36.38685385987656,34.951751449507334,35.04433822631836,9070771,0.0,0.0
2018-11-26 00:00:00-05:00,35.22950973479096,35.83132743402497,33.609230179961244,35.09062957763672,33103782,0.0,0.0
2018-11-27 00:00:00-05:00,34.673979400606335,35.3220903730227,34.118455183549685,34.44251251220703,23037755,0.0,0.0
2018-11-28 00:00:00-05:00,34.211046062229975,35.970209365682884,34.11845929571115,35.83132553100586,25938200,0.0,0.0
2018-11-29 00:00:00-05:00,35.4146829309501,37.034962301327,34.67398147398443,36.757198333740234,25745417,0.0,0.0
2018-11-30 00:00:00-05:00,35.46096956557198,35.55355630885505,34.25733453309636,34.72026824951172,39037109,0.0,0.0
2018-12-03 00:00:00-05:00,34.90544425718588,36.80348348589945,34.859147202190094,36.155372619628906,27268484,0.0,0.0
2018-12-04 00:00:00-05:00,35.87761596478627,36.15537621298021,33.70180892944336,33.70180892944336,27820875,0.0,0.0
2018-12-06 00:00:00-05:00,33.33147060546973,34.211048638535125,33.099999986842704,34.025875091552734,23571659,0.0,0.0
2018-12-07 00:00:00-05:00,33.794404342125354,34.16475139427454,32.359298460351376,32.45188522338867,23887657,0.0,0.0
2018-12-10 00:00:00-05:00,32.26671255525236,32.961116981394206,31.248250764965007,32.08153533935547,23545806,0.0,0.0
2018-12-11 00:00:00-05:00,32.590770282450436,33.00741446384451,30.831610464774464,31.29454803466797,25995248,0.0,0.0
2018-12-12 00:00:00-05:00,31.664893524083176,32.54447144315311,31.016778823843982,31.063072204589844,22080622,0.0,0.0
2018-12-13 00:00:00-05:00,34.67398210190687,34.72027548319325,32.96111593961505,33.33146667480469,43251895,0.0,0.0
2018-12-14 00:00:00-05:00,32.77594731172804,33.56293859608435,32.405596521201986,32.868534088134766,26875823,0.0,0.0
2018-12-17 00:00:00-05:00,32.82223816634159,33.470349236059306,32.45188740440338,33.099998474121094,27069962,0.0,0.0
2018-12-18 00:00:00-05:00,33.23887149755539,35.32208809860223,33.146284748157406,33.70180892944336,30626065,0.0,0.0
2018-12-19 00:00:00-05:00,35.41703625879989,36.85411230360485,34.99981908548332,35.50975036621094,45795945,0.047924,0.0
2018-12-20 00:00:00-05:00,35.46339272928867,36.251466319289094,34.11902712403679,34.48988723754883,38050283,0.0,0.0
2018-12-21 00:00:00-05:00,33.933608196263336,34.53625373937077,32.91374537255297,33.145530700683594,38738388,0.0,0.0
2018-12-24 00:00:00-05:00,32.72831009902944,33.05281321545171,31.986593434308105,32.079307556152344,14608516,0.0,0.0
2018-12-26 00:00:00-05:00,32.403805397378584,34.35081639901255,31.383942843186208,34.25809860229492,27092394,0.0,0.0
2018-12-27 00:00:00-05:00,33.284595543188765,33.701812744140625,32.21837954737173,33.701812744140625,24993253,0.0,0.0
2018-12-28 00:00:00-05:00,33.3309660864633,35.46340608479155,33.3309660864633,34.81439971923828,25388083,0.0,0.0
2018-12-31 00:00:00-05:00,34.860744153614924,35.324318379562754,34.07267055248041,35.092533111572266,22610937,0.0,0.0
2019-01-02 00:00:00-05:00,34.582603262986765,37.92033339995966,34.350817985405456,37.31768798828125,26991297,0.0,0.0
2019-01-03 00:00:00-05:00,37.17861976739387,38.01305421273282,36.06604296692013,37.36404800415039,25654795,0.0,0.0
2019-01-04 00:00:00-05:00,37.96669058489445,38.291193664581435,36.993185035800515,38.152122497558594,25056937,0.0,0.0
2019-01-07 00:00:00-05:00,39.635554522562266,40.748131103199114,38.43026015190021,40.51634216308594,37493322,0.0,0.0
2019-01-08 00:00:00-05:00,41.30442325584798,41.90706865254842,39.49648337577974,39.681915283203125,30669237,0.0,0.0
2019-01-09 00:00:00-05:00,39.49648455828139,40.60906127626393,37.92033359281161,39.403770446777344,24268716,0.0,0.0
2019-01-10 00:00:00-05:00,39.40377143974392,41.48985376102177,39.35741438282371,41.44349670410156,23441412,0.0,0.0
2019-01-11 00:00:00-05:00,41.118993615692986,41.48985376102177,40.42363407192274,41.44349670410156,16832625,0.0,0.0
2019-01-14 00:00:00-05:00,40.84085088642886,41.72163864951774,40.60906191406131,41.2580680847168,17043123,0.0,0.0
2019-01-15 00:00:00-05:00,41.30442804657917,41.39714216606093,40.33092241208595,40.469993591308594,19626381,0.0,0.0
2019-01-16 00:00:00-05:00,40.37726999492602,41.72163179181275,40.14548106065717,41.6289176940918,17583057,0.0,0.0
2019-01-17 00:00:00-05:00,41.25806691189292,42.60242889153428,40.5627037045241,42.370643615722656,22074822,0.0,0.0
2019-01-18 00:00:00-05:00,42.787860058953704,42.88057786563074,41.86071520188842,41.999786376953125,19350175,0.0,0.0
2019-01-22 00:00:00-05:00,41.62891774486299,41.675274793780005,39.68191062044901,40.14548110961914,22571396,0.0,0.0
2019-01-23 00:00:00-05:00,40.28456535234506,40.97992493842565,39.913705184450656,40.469993591308594,15104193,0.0,0.0
2019-01-24 00:00:00-05:00,40.006418833953454,41.582569916529515,39.913704715560854,40.701778411865234,18848780,0.0,0.0
2019-01-25 00:00:00-05:00,41.026276295936306,42.69514128455505,40.97991924263858,42.463356018066406,23434130,0.0,0.0
2019-01-28 00:00:00-05:00,41.62892579232212,41.72163990807909,40.56270608118254,41.39714050292969,19120938,0.0,0.0
2019-01-29 00:00:00-05:00,41.2580680847168,42.324284073726055,40.099130602813176,41.2580680847168,23885070,0.0,0.0
2019-01-30 00:00:00-05:00,41.628930365415755,43.01965332444806,41.16535604573833,42.185218811035156,18035624,0.0,0.0
2019-01-31 00:00:00-05:00,46.07923545206069,49.92689699336823,45.2448010503472,47.09909439086914,72747847,0.0,0.0
2019-02-01 00:00:00-05:00,47.28452768189186,48.35074739841514,46.171950907256026,47.2381706237793,33002372,0.0,0.0
2019-02-04 00:00:00-05:00,47.60902920184122,47.933532312999645,46.82095548898128,47.33088684082031,21543088,0.0,0.0
2019-02-05 00:00:00-05:00,47.51631008073526,49.370607052258755,47.14544994843716,49.277889251708984,21455283,0.0,0.0
2019-02-06 00:00:00-05:00,49.46331552485786,50.5758921049702,48.35073894474552,48.53616714477539,25140965,0.0,0.0
2019-02-07 00:00:00-05:00,48.30438594516503,48.397100052954244,46.218303760040264,46.635520935058594,22682446,0.0,0.0
2019-02-08 00:00:00-05:00,46.40373777661079,46.82095500378599,44.224941211322594,45.47658920288086,24736786,0.0,0.0
2019-02-11 00:00:00-05:00,45.75472441805709,47.052729161988346,45.56929253323372,46.49644088745117,14749801,0.0,0.0
2019-02-12 00:00:00-05:00,46.68187704820221,47.05273347188541,45.94015682090219,46.2646598815918,14005879,0.0,0.0
2019-02-13 00:00:00-05:00,46.26466865485782,48.304394131780086,46.12559746960426,48.07260513305664,20644401,0.0,0.0
2019-02-14 00:00:00-05:00,47.7017421746439,47.748099230112906,46.12559121879647,46.54280471801758,19486347,0.0,0.0
2019-02-15 00:00:00-05:00,46.913664518691235,47.6553810908969,46.63552218785173,46.774593353271484,16347527,0.0,0.0
2019-02-19 00:00:00-05:00,46.496447727353015,47.052736083723495,46.125591283084034,46.96002197265625,13264315,0.0,0.0
2019-02-20 00:00:00-05:00,46.77460393291004,46.960032195410506,46.403743717941296,46.820960998535156,10151119,0.0,0.0
2019-02-21 00:00:00-05:00,46.49644088745117,47.28451809552594,46.35736974130849,46.49644088745117,10335701,0.0,0.0
2019-02-22 00:00:00-05:00,46.58916592095026,47.191811337932286,46.311019895437845,47.145450592041016,10587786,0.0,0.0
2019-02-25 00:00:00-05:00,53.63549304710673,54.46992384726179,49.97325934484439,50.158687591552734,60560499,0.0,0.0
2019-02-26 00:00:00-05:00,52.02040210986785,52.550727933300394,50.766897999995436,51.39365005493164,20864323,0.0,1.04
2019-02-27 00:00:00-05:00,52.21323415871559,52.69535043601097,51.297214707841015,52.45429229736328,21835966,0.0,0.0
2019-02-28 00:00:00-05:00,52.16502756373549,52.30966320296391,49.80265898621727,50.09192657470703,18230265,0.0,0.0
2019-03-01 00:00:00-05:00,50.38120364730646,50.71868438434038,48.452738075721236,49.51339340209961,17856700,0.0,0.0
2019-03-04 00:00:00-05:00,49.75444136374693,50.718673951190844,49.27232507002497,50.0437126159668,13996993,0.0,0.0
2019-03-05 00:00:00-05:00,50.0437232638723,50.959742940860714,46.18678840348196,47.68135070800781,35870538,0.0,0.0
2019-03-06 00:00:00-05:00,44.644011980554225,46.4760549833476,43.63156978504002,43.92083740234375,41286543,0.0,0.0
2019-03-07 00:00:00-05:00,43.77620577785381,45.56003952026367,43.72799634884973,45.56003952026367,25577378,0.0,0.0
2019-03-08 00:00:00-05:00,45.02914620609926,46.71834105979662,44.787832655571066,46.235713958740234,17559457,0.049841,0.0
2019-03-11 00:00:00-04:00,45.608291571057705,48.359268615090706,45.02913987005762,47.780113220214844,21277594,0.0,0.0
2019-03-12 00:00:00-04:00,47.924911795218044,48.93843024806697,46.62181928003837,47.10444641113281,19937161,0.0,0.0
2019-03-13 00:00:00-04:00,46.95964388408296,48.504053209799665,46.81485504806258,48.3592643737793,14880115,0.0,0.0
2019-03-14 00:00:00-04:00,49.71063232421875,50.67588653182223,49.22800522041701,49.71063232421875,26859385,0.0,0.0
2019-03-15 00:00:00-04:00,49.662356704347566,50.43456137022456,47.7801092164757,48.06968688964844,37959266,0.0,0.0
2019-03-18 00:00:00-04:00,48.21448607577916,49.758895739050445,48.11796139529377,49.228004455566406,18387845,0.0,0.0
2019-03-19 00:00:00-04:00,49.32452977530442,49.90368155959891,48.938427354482656,49.17974090576172,10970991,0.0,0.0
2019-03-20 00:00:00-04:00,48.8901611497697,49.855419008941674,48.84190065783061,49.324527740478516,9704794,0.0,0.0
2019-03-21 00:00:00-04:00,49.2280034530477,49.855419404239925,48.890161537414535,49.56584167480469,10135942,0.0,0.0
2019-03-22 00:00:00-04:00,49.32451714031338,49.421041797323944,47.876636203528854,48.16621017456055,16364625,0.0,0.0
2019-03-25 00:00:00-04:00,48.069700002963714,48.89016537560711,47.3457593164178,47.683597564697266,9977198,0.0,0.0
2019-03-26 00:00:00-04:00,48.02142474396736,48.986682464078385,47.924900080118945,48.74536895751953,9555279,0.0,0.0
2019-03-27 00:00:00-04:00,48.64884223599392,49.131469228698165,47.7801092164757,48.06968688964844,11064769,0.0,0.0
2019-03-28 00:00:00-04:00,48.06970319994738,48.31101677817845,47.29749827205726,47.73186492919922,9068655,0.0,0.0
2019-03-29 00:00:00-04:00,48.16622860394174,48.40754218573732,47.8766545221131,48.21449279785156,9734708,0.0,0.0
2019-04-01 00:00:00-04:00,48.35926660825025,48.890154106354345,48.26274194440183,48.74536895751953,10301888,0.0,0.0
2019-04-02 00:00:00-04:00,48.552321562332715,49.61410406933463,48.45579688729874,49.421051025390625,10382584,0.0,0.0
2019-04-03 00:00:00-04:00,49.51756996218248,49.61409831990652,48.26274194440183,48.74536895751953,11263640,0.0,0.0
2019-04-04 00:00:00-04:00,48.745369793661965,48.84189445916609,48.117953927071596,48.407527923583984,8232943,0.0,0.0
2019-04-05 00:00:00-04:00,48.60058617489794,48.93842438743082,48.16621959260474,48.31100845336914,8678979,0.0,0.0
2019-04-08 00:00:00-04:00,45.89787802002785,46.0426668963543,44.16041889186354,45.80134963989258,35313691,0.0,0.0
2019-04-09 00:00:00-04:00,45.12566107294681,45.415235054274085,44.0156182431702,44.49824523925781,16687089,0.0,0.0
2019-04-10 00:00:00-04:00,44.6430419741646,44.6913024659853,43.8225729805752,44.208675384521484,10808576,0.0,0.0
2019-04-11 00:00:00-04:00,44.015628814697266,44.69130529395145,43.91910043719548,44.015628814697266,10997856,0.0,0.0
2019-04-12 00:00:00-04:00,44.160410583287955,44.44998458758236,43.38820585075132,43.43647003173828,13735824,0.0,0.0
2019-04-15 00:00:00-04:00,43.48473944031387,43.67779250999328,42.422960485644964,43.33995056152344,16642146,0.0,0.0
2019-04-16 00:00:00-04:00,43.62952500290919,44.353465647959474,43.38821145455909,44.112152099609375,12085548,0.0,0.0
2019-04-17 00:00:00-04:00,44.208678181948066,44.30520286557347,43.72605106994468,44.015628814697266,9643619,0.0,0.0
2019-04-18 00:00:00-04:00,44.063885072608635,45.125667572021484,43.91909621415452,45.125667572021484,10334612,0.0,0.0
2019-04-22 00:00:00-04:00,44.64304251496273,45.12566960227301,44.305200598744584,44.98088073730469,13467232,0.0,0.0
2019-04-23 00:00:00-04:00,44.88435542418761,45.2221936417543,44.49825302102162,45.029144287109375,8126706,0.0,0.0
2019-04-24 00:00:00-04:00,44.93261655102318,45.12566960227301,44.4499894637129,44.98088073730469,5775345,0.0,0.0
2019-04-25 00:00:00-04:00,44.49825592670065,44.546520115451536,43.3399486415667,44.015628814697266,12515311,0.0,0.0
2019-04-26 00:00:00-04:00,44.015628424188805,46.283975091704576,43.967364235866114,46.18745040893555,14905235,0.0,0.0
2019-04-29 00:00:00-04:00,46.18744339960776,47.007912313322414,46.04265824436473,46.95964813232422,13243923,0.0,0.0
2019-04-30 00:00:00-04:00,49.37280304258179,50.82068461651609,48.06970667093934,49.08322525024414,35549901,0.0,0.0
2019-05-01 00:00:00-04:00,48.986682464078385,50.28977466072105,48.69710477865751,48.74536895751953,19938144,0.0,0.0
2019-05-02 00:00:00-04:00,48.98669128982181,50.19325903999873,48.64885305854754,49.46931838989258,15895597,0.0,0.0
2019-05-03 00:00:00-04:00,49.71063382478282,50.67588806152344,49.42105607621006,50.67588806152344,13806910,0.0,0.0
2019-05-06 00:00:00-04:00,49.42104210156229,50.62760955631042,49.27625326821744,50.338035583496094,8754137,0.0,0.0
2019-05-07 00:00:00-04:00,49.9036754459939,50.00020011590521,48.55231898560802,48.79363250732422,11415060,0.0,0.0
2019-05-08 00:00:00-04:00,48.64885911273788,49.469324546187146,48.64885911273788,49.03495788574219,9500004,0.0,0.0
2019-05-09 00:00:00-04:00,48.79363348649303,49.27626053961057,48.359270616237616,48.45579528808594,11937839,0.0,0.0
2019-05-10 00:00:00-04:00,48.35927204909991,49.1314768345184,47.152704380556024,48.890159606933594,12666230,0.0,0.0
2019-05-13 00:00:00-04:00,47.53879802717232,48.600580417750145,47.394009183559376,47.63532638549805,12065484,0.0,0.0
2019-05-14 00:00:00-04:00,47.97317192735157,49.95194447498537,47.828383061497064,49.80715560913086,14148995,0.0,0.0
2019-05-15 00:00:00-04:00,48.9866943131799,50.144997947287344,48.841905435447345,49.517581939697266,10777477,0.0,0.0
2019-05-16 00:00:00-04:00,49.324526183935006,49.66236439235209,48.55232139851651,48.890159606933594,10935800,0.0,0.0
2019-05-17 00:00:00-04:00,48.31100539150987,49.034945955573825,48.16621653992191,48.26274490356445,7436095,0.0,0.0
2019-05-20 00:00:00-04:00,47.82838644078174,48.55232712732765,47.20097044033332,47.683597564697266,10474656,0.0,0.0
2019-05-21 00:00:00-04:00,48.06968688964844,48.06968688964844,47.297482223771446,48.06968688964844,12121141,0.0,0.0
2019-05-22 00:00:00-04:00,48.02142673678786,48.841895648236736,47.683588552360796,47.780113220214844,10361698,0.0,0.0
2019-05-23 00:00:00-04:00,47.34575846298904,47.442283147346636,45.70482405340435,46.139190673828125,11404487,0.0,0.0
2019-05-24 00:00:00-04:00,46.42876072785895,46.718338449865975,45.56003125571396,45.60829544067383,9536881,0.0,0.0
2019-05-28 00:00:00-04:00,45.41524467096821,46.04266433138903,44.739568210921014,45.17393112182617,14488312,0.0,0.0
2019-05-29 00:00:00-04:00,44.93262072946265,45.31872317399111,44.16041953428226,45.222198486328125,8945986,0.0,0.0
2019-05-30 00:00:00-04:00,45.222187891766104,45.8978679348631,44.83608553769292,45.70481491088867,10138450,0.0,0.0
2019-05-31 00:00:00-04:00,45.07741235862123,45.70482840753176,44.88436297151495,45.56003952026367,9297080,0.0,0.0
2019-06-03 00:00:00-04:00,44.88436440773617,46.04267184906791,44.64305081919334,45.994407653808594,9484896,0.0,0.0
2019-06-04 00:00:00-04:00,46.380497220672666,48.26274490356445,46.28396885703013,48.26274490356445,12320032,0.0,0.0
2019-06-05 00:00:00-04:00,48.60059454960642,48.697119242123506,47.39402296457434,47.73186492919922,8258886,0.0,0.0
2019-06-06 00:00:00-04:00,47.731851474922166,48.2627426749378,47.15269978918964,47.87664031982422,7730128,0.0,0.0
2019-06-07 00:00:00-04:00,47.780107852642935,48.504052014910556,47.39400553072532,48.16621017456055,8243075,0.0,0.0
2019-06-10 00:00:00-04:00,48.504058837890625,49.951939978346026,48.26274531448139,48.504058837890625,10486695,0.0,0.0
2019-06-11 00:00:00-04:00,48.74537519562517,49.228002270506245,48.06969507446602,48.84189987182617,7816341,0.0,0.0
2019-06-12 00:00:00-04:00,48.64884358307849,50.1449850855645,48.35926590188736,49.614097595214844,11029015,0.0,0.0
2019-06-13 00:00:00-04:00,50.00019806255944,50.772402777889674,49.46931055291114,49.758888244628906,12462684,0.0,0.0
2019-06-14 00:00:00-04:00,49.61410099515669,49.903675002316106,49.13147395601518,49.37278747558594,6892891,0.0,0.0
2019-06-17 00:00:00-04:00,49.22799940811833,49.421048749295366,48.35926998506991,48.504058837890625,9239377,0.0,0.0
2019-06-18 00:00:00-04:00,48.79364169846437,50.338051483465456,48.697117010370945,50.28978729248047,14759552,0.0,0.0
2019-06-19 00:00:00-04:00,50.531094832630984,51.206774956447354,49.855418402690724,49.90367889404297,12161930,0.0,0.0
2019-06-20 00:00:00-04:00,50.53109416007618,51.64113716066891,50.53109416007618,51.30329895019531,13234293,0.0,0.0
2019-06-21 00:00:00-04:00,51.49634708163236,51.689400121529715,50.43456829076277,50.5793571472168,13156947,0.0,0.0
2019-06-24 00:00:00-04:00,50.482826944912674,50.820665110385285,49.565833417057796,49.614097595214844,7343060,0.0,0.0
2019-06-25 00:00:00-04:00,49.517577095987214,49.61410546761772,48.745375980076254,49.324527740478516,7121838,0.0,0.0
2019-06-26 00:00:00-04:00,49.324528131567384,50.14499343979898,49.2280034530477,49.56584167480469,6847327,0.0,0.0
2019-06-27 00:00:00-04:00,49.42104406944218,50.38629807167581,49.42104406944218,50.1932487487793,6677849,0.0,0.0
2019-06-28 00:00:00-04:00,50.19325294927484,50.72465515136719,50.096635375466555,50.72465515136719,8832104,0.049841,0.0
2019-07-01 00:00:00-04:00,51.30436956571279,51.78746487927854,50.86958859016463,51.35268020629883,8010518,0.0,0.0
2019-07-02 00:00:00-04:00,51.35268534024007,51.78747005668701,51.06282886260878,51.30437469482422,6043516,0.0,0.0
2019-07-03 00:00:00-04:00,51.49759969163806,51.49759969163806,50.917890590138214,51.25605392456055,4449238,0.0,0.0
2019-07-05 00:00:00-04:00,50.91789399641493,50.96620093460349,50.096635375466555,50.72465515136719,6072809,0.0,0.0
2019-07-08 00:00:00-04:00,50.338179860247145,50.386490494620716,48.98552276952891,49.2753791809082,9659269,0.0,0.0
2019-07-09 00:00:00-04:00,48.88891357386857,49.71016861689933,48.50243952496242,49.51693344116211,7113732,0.0,0.0
2019-07-10 00:00:00-04:00,49.71016010054607,50.386490494620716,49.17876160959213,49.2753791809082,7845233,0.0,0.0
2019-07-11 00:00:00-04:00,49.371997441161525,49.80678206429745,48.792288307744755,48.84059524536133,6755455,0.0,0.0
2019-07-12 00:00:00-04:00,49.17876893024536,50.19325912622571,48.985530061416995,50.096641540527344,7864053,0.0,0.0
2019-07-15 00:00:00-04:00,49.51692688902726,49.95170782562117,49.275381102601486,49.61354446411133,8445819,0.0,0.0
2019-07-16 00:00:00-04:00,49.42030592767928,50.24156080576854,49.32368466178446,50.14494323730469,7931808,0.0,0.0
2019-07-17 00:00:00-04:00,50.096633253006296,50.096633253006296,48.21257400512695,48.21257400512695,10770776,0.0,0.0
2019-07-18 00:00:00-04:00,48.357506634090306,49.22707223596866,48.115960838981394,48.59905242919922,9059787,0.0,0.0
2019-07-19 00:00:00-04:00,48.69567262712333,49.22707114613959,48.45412313993069,48.50243377685547,6952842,0.0,0.0
2019-07-22 00:00:00-04:00,48.55074420167916,49.42030978050754,48.55074420167916,49.32368850708008,8692963,0.0,0.0
2019-07-23 00:00:00-04:00,49.66186058130721,51.594227085979306,49.61354993971776,51.44929885864258,14906960,0.0,0.0
2019-07-24 00:00:00-04:00,51.11113899229912,51.69084824428036,50.91790380744933,51.59423065185547,9008083,0.0,0.0
2019-07-25 00:00:00-04:00,51.35266907632859,51.54590420192865,50.04831903752058,50.3864860534668,9253562,0.0,0.0
2019-07-26 00:00:00-04:00,50.579729437653754,50.96620344938755,50.241566063923436,50.77296829223633,5420359,0.0,0.0
2019-07-29 00:00:00-04:00,50.72465234551881,51.111126316805226,50.14494323730469,50.14494323730469,7497670,0.0,0.0
2019-07-30 00:00:00-04:00,50.193257782039844,51.11113406517253,49.66185922621394,50.8212776184082,9091748,0.0,0.0
2019-07-31 00:00:00-04:00,51.980693830400575,52.12562203739522,48.55074228706224,50.48310852050781,34604621,0.0,0.0
2019-08-01 00:00:00-04:00,50.09664691205629,50.67635618583651,48.212587150480566,48.695682525634766,17640313,0.0,0.0
2019-08-02 00:00:00-04:00,48.35750340950973,48.6956704580576,47.43962723084298,48.30919647216797,12900213,0.0,0.0
2019-08-05 00:00:00-04:00,47.29471456325151,47.39133215955769,46.425148801631806,46.66669464111328,14093359,0.0,0.0
2019-08-06 00:00:00-04:00,46.90822580417773,47.101460936331634,45.797114550715634,46.231895446777344,13321830,0.0,0.0
2019-08-07 00:00:00-04:00,45.60388683063019,45.74881506376681,44.58939659353735,45.70050811767578,15406967,0.0,0.0
2019-08-08 00:00:00-04:00,45.94204974501906,46.03866732580982,45.02417348392833,45.845428466796875,9912773,0.0,0.0
2019-08-09 00:00:00-04:00,45.748803512750705,45.79711414407566,44.0579831804091,44.202911376953125,15393002,0.0,0.0
2019-08-12 00:00:00-04:00,43.67151891727615,43.913064732662946,43.23673423112093,43.71982955932617,13156727,0.0,0.0
2019-08-13 00:00:00-04:00,44.58938876702877,46.32851616711433,44.49276749694253,45.169097900390625,14852407,0.0,0.0
2019-08-14 00:00:00-04:00,44.63769706496086,44.927553489190636,43.28503991427398,43.62320327758789,17895704,0.0,0.0
2019-08-15 00:00:00-04:00,41.256045289158024,41.69082985120104,36.95652878414032,38.69565963745117,80465058,0.0,0.0
2019-08-16 00:00:00-04:00,40.628030914597545,42.51209020129743,40.43479577118626,42.463783264160156,49935166,0.0,0.0
2019-08-19 00:00:00-04:00,42.89857683993569,42.94688748875492,41.59422999357065,41.88408279418945,22398591,0.0,0.0
2019-08-20 00:00:00-04:00,41.44928777715771,41.545905344806236,40.24155893797376,40.48310470581055,20525588,0.0,0.0
2019-08-21 00:00:00-04:00,40.38649409462497,40.9662032978004,39.32368957513318,39.42030715942383,17105978,0.0,0.0
2019-08-22 00:00:00-04:00,39.51692068734012,40.144940466911024,39.17875732831923,39.56523132324219,13672704,0.0,0.0
2019-08-23 00:00:00-04:00,39.08214684033466,39.13045378756456,37.48794363311048,38.502437591552734,25801529,0.0,0.0
2019-08-26 00:00:00-04:00,38.93720005165486,39.13043514336889,38.26086983579558,38.888893127441406,11634356,0.0,0.0
2019-08-27 00:00:00-04:00,39.08213288201224,39.17875043939661,38.2125674706918,38.30918502807617,13255982,0.0,0.0
2019-08-28 00:00:00-04:00,38.26088451797542,38.59905160438789,37.487940157080594,38.357505798339844,11576392,0.0,0.0
2019-08-29 00:00:00-04:00,38.840585796606824,39.61353362381193,38.647346991090345,39.178749084472656,11785596,0.0,0.0
2019-08-30 00:00:00-04:00,39.323688845090274,39.90339803750342,39.17876062262911,39.8550910949707,9494847,0.0,0.0
2019-09-03 00:00:00-04:00,39.13045425792133,40.531422298202095,39.03383666486829,40.24156951904297,13572847,0.0,0.0
2019-09-04 00:00:00-04:00,40.62804048902794,42.85026364910367,40.57973354050661,42.51210021972656,18790362,0.0,0.0
2019-09-05 00:00:00-04:00,43.42996358615912,44.589385464439374,42.512087470341726,42.56039810180664,17433537,0.0,0.0
2019-09-06 00:00:00-04:00,42.60870697454425,42.60870697454425,41.40097451464974,42.07730484008789,8596517,0.0,0.0
2019-09-09 00:00:00-04:00,42.27055170258971,43.71983031747415,42.173934114245874,43.2850456237793,10023906,0.0,0.0
2019-09-10 00:00:00-04:00,43.04350564915708,44.782637265232765,42.99519499970911,44.15461730957031,12563304,0.0,0.0
2019-09-11 00:00:00-04:00,44.20291711394771,45.2174072265625,43.768132467885955,45.2174072265625,11455328,0.0,0.0
2019-09-12 00:00:00-04:00,45.41065599579982,45.990365286374825,44.54109021122125,44.73432540893555,13666384,0.0,0.0
2019-09-13 00:00:00-04:00,45.02448221934257,45.70154379998782,44.202339451314,45.1695671081543,9146903,0.049841,0.0
2019-09-16 00:00:00-04:00,44.97612998794611,45.55646593119137,44.34743117383501,45.36302185058594,9178805,0.0,0.0
2019-09-17 00:00:00-04:00,44.976130264029436,45.411381298777904,44.73432331107385,45.26629638671875,7614962,0.0,0.0
2019-09-18 00:00:00-04:00,45.02448915738298,45.41138102002281,44.395790343271884,45.36302185058594,8079777,0.0,0.0
2019-09-19 00:00:00-04:00,45.21793616296479,45.943357004922156,45.16957329292941,45.55646514892578,6808664,0.0,0.0
2019-09-20 00:00:00-04:00,45.74991770483054,46.13680960122605,45.16957800952264,45.31466293334961,11542705,0.0,0.0
2019-09-23 00:00:00-04:00,44.5892312543358,45.41137402236437,44.49250922893745,45.1695671081543,6723554,0.0,0.0
2019-09-24 00:00:00-04:00,45.02448111334199,45.21792886081516,43.331832755450414,43.38019561767578,10702559,0.0,0.0
2019-09-25 00:00:00-04:00,43.331836910405116,44.492512402252736,43.23511487810831,44.29906463623047,8799802,0.0,0.0
2019-09-26 00:00:00-04:00,44.395789282709764,44.54087419041241,43.33183946193844,43.62200927734375,7469661,0.0,0.0
2019-09-27 00:00:00-04:00,43.71871566772461,44.34741424179581,43.47690880857627,43.71871566772461,6121624,0.0,0.0
2019-09-30 00:00:00-04:00,43.9121729814875,44.008895014171685,43.23511505126953,43.23511505126953,7040620,0.0,0.0
2019-10-01 00:00:00-04:00,43.331839286852386,43.718731138686564,41.15557678439262,41.639190673828125,13799506,0.0,0.0
2019-10-02 00:00:00-04:00,41.39737789452397,41.68754396643167,40.671953461183875,41.15557098388672,9534413,0.0,0.0
2019-10-03 00:00:00-04:00,41.10720468463578,42.12279510498047,39.8981702325245,42.12279510498047,11762643,0.0,0.0
2019-10-04 00:00:00-04:00,41.63918367551517,42.07443462228279,41.300651048664534,41.445735931396484,10487838,0.0,0.0
2019-10-07 00:00:00-04:00,41.349021772971284,41.83263567308954,41.01049278317429,41.39738464355469,6454560,0.0,0.0
2019-10-08 00:00:00-04:00,41.010482407830125,41.10720442309804,39.99489199394696,40.04325485229492,9129448,0.0,0.0
2019-10-09 00:00:00-04:00,40.18834619491058,40.47851601557535,39.84981720508764,40.38179397583008,6589067,0.0,0.0
2019-10-10 00:00:00-04:00,40.333421759505356,41.20392731836415,40.18833688279088,40.86539840698242,6128666,0.0,0.0
2019-10-11 00:00:00-04:00,41.542465200035466,43.138391643451094,41.49410233452071,42.55805206298828,11202546,0.0,0.0
2019-10-14 00:00:00-04:00,42.75149738426332,42.79985654559019,41.78426603915734,42.17115783691406,6832219,0.0,0.0
2019-10-15 00:00:00-04:00,42.267888208499805,43.1383939237811,41.639189430717266,42.993309020996094,7791583,0.0,0.0
2019-10-16 00:00:00-04:00,42.84822766747853,43.863818369669744,42.75150562475296,43.04167175292969,11605123,0.0,0.0
2019-10-17 00:00:00-04:00,43.1383799460541,43.96052252687295,42.944932237878895,43.71871566772461,6552993,0.0,0.0
2019-10-18 00:00:00-04:00,43.573643630724106,44.00889462466503,43.283473833811065,43.33183670043945,7827417,0.0,0.0
2019-10-21 00:00:00-04:00,43.476913047248196,44.10561168261278,42.36460064643823,42.50968551635742,12155530,0.0,0.0
2019-10-22 00:00:00-04:00,42.41296270950163,43.81544494628906,41.63918285260375,43.81544494628906,11459381,0.0,0.0
2019-10-23 00:00:00-04:00,43.42856681496022,44.2507134920845,43.186759839671744,44.20235061645508,9547274,0.0,0.0
2019-10-24 00:00:00-04:00,44.10562438233046,44.25070929402523,42.94494879020133,43.283477783203125,6848069,0.0,0.0
2019-10-25 00:00:00-04:00,43.138384428953756,43.96052709520888,43.138384428953756,43.52527618408203,8458780,0.0,0.0
2019-10-28 00:00:00-04:00,43.622008366968814,44.10562224826556,43.47692346229403,43.86381530761719,6371196,0.0,0.0
2019-10-29 00:00:00-04:00,43.573645498267624,44.20234428423915,43.18675365294446,43.86381530761719,9180931,0.0,0.0
2019-10-30 00:00:00-04:00,47.29746816396785,50.150791851240534,46.958939238746545,48.893394470214844,43326155,0.0,0.0
2019-10-31 00:00:00-04:00,48.60322298807996,49.37700277354962,47.68435463471073,48.26469039916992,17381933,0.0,0.0
2019-11-01 00:00:00-04:00,48.74831620447251,50.24751687766572,48.65159047597166,50.19915771484375,16462897,0.0,0.0
2019-11-04 00:00:00-05:00,50.39259972889462,52.9557574018311,50.39259972889462,52.859031677246094,19618249,0.0,0.0
2019-11-05 00:00:00-05:00,52.81068707381152,53.052494049072266,51.84345917276857,53.052494049072266,14321783,0.0,0.0
2019-11-06 00:00:00-05:00,52.859041527193874,53.68118813079838,52.181983537503214,53.29429626464844,15650118,0.0,0.0
2019-11-07 00:00:00-05:00,53.681179455626115,54.745129139526625,53.632816592137196,54.60004425048828,14261713,0.0,0.0
2019-11-08 00:00:00-05:00,54.30987794914748,55.857441455820904,53.874623283833195,55.71235656738281,12535897,0.0,0.0
2019-11-11 00:00:00-05:00,55.13201609130581,55.61562987792132,54.35823255214975,54.89020919799805,9144135,0.0,0.0
2019-11-12 00:00:00-05:00,54.745138226778906,56.002535871924565,54.60005331365764,55.22875213623047,9819738,0.0,0.0
2019-11-13 00:00:00-05:00,54.60004425048828,54.93857689205388,54.06807125925223,54.60004425048828,10830626,0.0,0.0
2019-11-14 00:00:00-05:00,54.06807125925223,54.89021402856497,54.06807125925223,54.60004425048828,6177722,0.0,0.0
2019-11-15 00:00:00-05:00,54.84185093818264,55.857441455820904,54.7934917763222,55.71235656738281,7671582,0.0,0.0
2019-11-18 00:00:00-05:00,55.18038877004332,55.615639774880194,54.79349693161681,55.325469970703125,10226930,0.0,0.0
2019-11-19 00:00:00-05:00,55.27710976866514,55.85744566471784,54.454966940804766,55.615638732910156,9396375,0.0,0.0
2019-11-20 00:00:00-05:00,55.32547088074512,55.567281522489345,54.45496885675259,55.08366394042969,9367744,0.0,0.0
2019-11-21 00:00:00-05:00,54.793487898718084,56.19596641770337,54.69676217898547,55.76071548461914,8364300,0.0,0.0
2019-11-22 00:00:00-05:00,55.567278670554835,56.679591279203265,55.567278670554835,55.857444763183594,7720858,0.0,0.0
2019-11-25 00:00:00-05:00,56.38941712460549,57.2599227380336,55.95416616860559,56.002525329589844,11378143,0.0,0.0
2019-11-26 00:00:00-05:00,56.19596568157433,56.43777257488209,54.696761462495,54.89020919799805,12879647,0.0,0.0
2019-11-27 00:00:00-05:00,55.08365807966383,55.47054988328994,54.45496306287834,54.60004425048828,9128706,0.0,0.0
2019-11-29 00:00:00-05:00,54.551689283223446,54.93858111659991,54.26151948283392,54.503326416015625,4562336,0.0,0.0
2019-12-02 00:00:00-05:00,54.69676085126007,55.71235127237469,53.87461816348674,53.97134017944336,13785963,0.0,0.0
2019-12-03 00:00:00-05:00,53.197567118996204,53.72954012515765,52.27869859692526,53.14920425415039,12850515,0.0,0.0
2019-12-04 00:00:00-05:00,54.01971148543996,54.06807435169501,52.56886991493193,52.713951110839844,8777551,0.0,0.0
2019-12-05 00:00:00-05:00,52.66559015878374,53.0041191067951,52.03689142594637,52.181976318359375,9484775,0.0,0.0
2019-12-06 00:00:00-05:00,52.71395144018445,53.72954202645669,52.472144510255696,53.681182861328125,10151591,0.0,0.0
2019-12-09 00:00:00-05:00,53.10084138930458,53.82626215342077,53.05248222588727,53.14920425415039,5356135,0.0,0.0
2019-12-10 00:00:00-05:00,53.14920006797801,53.342644109268086,52.81067114500625,53.24592208862305,4971956,0.0,0.0
2019-12-11 00:00:00-05:00,53.052494049072266,53.63283004941217,52.955771999253834,53.052494049072266,7365872,0.0,0.0
2019-12-12 00:00:00-05:00,54.890218965866254,55.95417244689636,54.358242225351205,55.325469970703125,20039606,0.0,0.0
2019-12-13 00:00:00-05:00,55.6156261384964,56.09923989259521,54.793483496814005,54.84184265136719,10560930,0.0,0.0
2019-12-16 00:00:00-05:00,54.55169110682335,54.93858295313317,53.826266581599434,54.01971435546875,11137921,0.0,0.0
2019-12-17 00:00:00-05:00,53.92298979125688,54.30988161942862,53.584457128213714,53.681182861328125,8376439,0.0,0.0
2019-12-18 00:00:00-05:00,53.29428582648698,53.87462166133345,52.810672013876875,53.00411605834961,15133639,0.0,0.0
2019-12-19 00:00:00-05:00,53.10084809097915,53.922994688547256,53.10084809097915,53.39101791381836,9090163,0.0,0.0
2019-12-20 00:00:00-05:00,53.633040266870566,53.92347315008377,52.76174532201555,53.391014099121094,14775102,0.049841,0.0
2019-12-23 00:00:00-05:00,53.24578619328411,54.06867418824557,53.24578619328411,54.020267486572266,8834673,0.0,0.0
2019-12-24 00:00:00-05:00,53.72985122617675,54.213903539408854,53.68144451293977,54.165496826171875,4167022,0.0,0.0
2019-12-26 00:00:00-05:00,54.117100856582006,54.359127044677734,53.87507096370137,54.359127044677734,6092672,0.0,0.0
2019-12-27 00:00:00-05:00,54.0686930434089,54.26231250805521,53.87506987397776,54.11709976196289,6013441,0.0,0.0
2019-12-30 00:00:00-05:00,53.58463074764144,54.02027631476184,53.391007614089155,53.633033752441406,9659851,0.0,0.0
2019-12-31 00:00:00-05:00,53.24578619328411,54.020267486572266,53.05216309137442,54.020267486572266,11367670,0.0,0.0
2020-01-02 00:00:00-05:00,54.35912710669075,57.89271019787657,54.35912710669075,57.747493743896484,17540015,0.0,0.0
2020-01-03 00:00:00-05:00,56.00489947111961,58.08632513700719,55.81127632499961,57.94110870361328,17231837,0.0,0.0
2020-01-06 00:00:00-05:00,57.311842939162226,59.1028358312952,57.311842939162226,58.763999938964844,22461009,0.0,0.0
2020-01-07 00:00:00-05:00,58.81240621145948,59.24805182620685,57.69908511236842,58.32835388183594,14160793,0.0,0.0
2020-01-08 00:00:00-05:00,58.03792461738782,58.32835751516711,57.457062526614,57.7958984375,11115771,0.0,0.0
2020-01-09 00:00:00-05:00,58.4251619141688,58.52197163633193,57.26343413385798,57.65067672729492,7900488,0.0,0.0
2020-01-10 00:00:00-05:00,57.311836850281644,57.65067270661366,56.101706145678584,56.48894500732422,11767739,0.0,0.0
2020-01-13 00:00:00-05:00,56.82779462886614,58.812410817672465,56.53736172643137,58.66719436645508,13274420,0.0,0.0
2020-01-14 00:00:00-05:00,58.86081727480154,59.006033734513814,58.03792894281205,58.23155212402344,9034667,0.0,0.0
2020-01-15 00:00:00-05:00,58.183144160552914,58.183144160552914,57.26344240519707,57.45706558227539,9239517,0.0,0.0
2020-01-16 00:00:00-05:00,57.795884672469235,57.989504088351964,57.21502272003715,57.311832427978516,7358067,0.0,0.0
2020-01-17 00:00:00-05:00,57.36024542618885,57.74748803022609,56.92459981213729,57.1666259765625,9345794,0.0,0.0
2020-01-21 00:00:00-05:00,56.82779439117756,57.11822729239757,56.19852557505744,56.4405517578125,8775485,0.0,0.0
2020-01-22 00:00:00-05:00,56.6825768023823,56.6825768023823,54.939986839623096,55.03679656982422,12428998,0.0,0.0
2020-01-23 00:00:00-05:00,56.77938393590368,57.36024599533072,56.15011516119748,56.97300338745117,14679157,0.0,0.0
2020-01-24 00:00:00-05:00,57.505451856597986,57.55385856297134,56.246914538729804,56.68256378173828,11912960,0.0,0.0
2020-01-27 00:00:00-05:00,55.42403613987309,56.10171162349003,55.085200250456886,55.37562942504883,9602991,0.0,0.0
2020-01-28 00:00:00-05:00,55.762861979118526,57.21502240949273,55.52083585818681,56.77937316894531,12625782,0.0,0.0
2020-01-29 00:00:00-05:00,60.845424638328076,62.92685408035804,60.45818574238107,62.63642120361328,44278356,0.0,0.0
2020-01-30 00:00:00-05:00,62.394396412329485,62.87844874768448,60.506590081574245,61.619911193847656,19154638,0.0,0.0
2020-01-31 00:00:00-05:00,61.37788175235319,61.66831461998871,59.732101677059234,60.26456069946289,15646447,0.0,0.0
2020-02-03 00:00:00-05:00,60.31296465166442,61.37787894294372,59.2964533662526,59.3448600769043,10105766,0.0,0.0
2020-02-04 00:00:00-05:00,60.45818753713523,61.08745261412166,59.97413149326283,60.89383316040039,8905297,0.0,0.0
2020-02-05 00:00:00-05:00,61.76512382977325,62.24917984008789,60.84542222639512,62.24917984008789,10046658,0.0,0.0
2020-02-06 00:00:00-05:00,62.6364153726402,62.92684822234788,62.103956383104176,62.68482208251953,12763278,0.0,0.0
2020-02-07 00:00:00-05:00,63.023652133995775,63.36249168230021,62.00714460343458,62.10395431518555,13369743,0.0,0.0
2020-02-10 00:00:00-05:00,62.15236374496401,62.78162875129139,61.813527886606764,62.49120330810547,6720424,0.0,0.0
2020-02-11 00:00:00-05:00,62.68482746772563,62.830040200270425,61.86193555778791,62.200775146484375,8202487,0.0,0.0
2020-02-12 00:00:00-05:00,62.684828350838494,64.18539204974034,62.34598875736841,63.70133972167969,13184414,0.0,0.0
2020-02-13 00:00:00-05:00,63.314092976305055,63.70133928182108,62.44280175563978,62.63642120361328,10234936,0.0,0.0
2020-02-14 00:00:00-05:00,62.78162600222634,63.26568567533329,61.71671546818169,62.10395431518555,7416954,0.0,0.0
2020-02-18 00:00:00-05:00,61.52310123945762,62.68482906286988,61.32948178794786,61.71672439575195,8820688,0.0,0.0
2020-02-19 00:00:00-05:00,61.474692847619025,62.63642063934806,60.942237518096306,61.03904724121094,11010597,0.0,0.0
2020-02-20 00:00:00-05:00,61.232660230511925,61.377876652263176,60.070936266070106,60.651798248291016,7937566,0.0,0.0
2020-02-21 00:00:00-05:00,60.26456774494825,60.31297446347483,59.15124656190041,59.29646301269531,8611565,0.0,0.0
2020-02-24 00:00:00-05:00,56.58576502515913,58.37675793583634,56.15011569783681,57.408653259277344,14240786,0.0,0.0
2020-02-25 00:00:00-05:00,57.94111324109217,58.086329685858246,54.117097484580576,54.794769287109375,16269102,0.0,0.0
2020-02-26 00:00:00-05:00,55.03679170941843,55.85967990063424,52.277690561247134,53.0037727355957,18682881,0.0,0.0
2020-02-27 00:00:00-05:00,51.40639274471334,53.0037697330066,49.905832882156034,50.29307174682617,18910102,0.0,0.0
2020-02-28 00:00:00-05:00,48.163248348259216,54.16550372440839,47.727602692782526,52.664939880371094,30359552,0.0,0.0
2020-03-02 00:00:00-05:00,54.26229476928711,54.89156338085204,52.084059832566396,54.26229476928711,25039892,0.0,0.0
2020-03-03 00:00:00-05:00,54.455936631249436,55.08520545954846,51.648428411212294,52.664939880371094,21919391,0.0,0.0
2020-03-04 00:00:00-05:00,53.536228057072094,53.82666092681152,51.793638248204374,53.0037727355957,16665500,0.0,0.0
2020-03-05 00:00:00-05:00,51.30958208428279,51.938850784967485,48.163238580859286,48.792510986328125,21686251,0.0,0.0
2020-03-06 00:00:00-05:00,47.193553176887676,47.29045903451158,44.480163204174595,45.546138763427734,29787216,0.049841,0.0
2020-03-09 00:00:00-04:00,40.36163593769069,41.96059569505476,39.29566029380551,39.78019332885742,24558063,0.0,0.0
2020-03-10 00:00:00-04:00,42.542030348767376,42.881202697753906,39.537922864552414,42.881202697753906,19850767,0.0,0.0
2020-03-11 00:00:00-04:00,41.76678025595576,41.96059569505476,39.53792681133147,39.78019332885742,20746329,0.0,0.0
2020-03-12 00:00:00-04:00,35.03175735473633,37.69669216411097,33.09362564498233,35.03175735473633,31583435,0.0,0.0
2020-03-13 00:00:00-04:00,37.793614473214454,38.956496230770036,34.83796084478326,38.03588104248047,22099041,0.0,0.0
2020-03-16 00:00:00-04:00,33.86888775577019,34.64413839641887,32.22147319102219,32.269927978515625,23255932,0.0,0.0
2020-03-17 00:00:00-04:00,33.48126054563362,35.51630228277521,30.525605660573238,34.30496597290039,24121739,0.0,0.0
2020-03-18 00:00:00-04:00,31.543122249797285,32.94827018448105,28.587471300438573,31.979204177856445,27873844,0.0,0.0
2020-03-19 00:00:00-04:00,31.01013145345574,33.481252720401706,29.798799135157033,31.39776039123535,19861762,0.0,0.0
2020-03-20 00:00:00-04:00,33.965781255059554,34.15959291753728,31.252395729596824,31.591567993164062,25306037,0.0,0.0
2020-03-23 00:00:00-04:00,31.25239637503196,32.12455629111872,29.21735533467535,29.604982376098633,21193467,0.0,0.0
2020-03-24 00:00:00-04:00,32.26992796647427,34.20806013006841,31.349312963688796,33.96579360961914,23974833,0.0,0.0
2020-03-25 00:00:00-04:00,36.09774183771939,38.76267360865963,33.72352767125796,36.63072967529297,27665082,0.0,0.0
2020-03-26 00:00:00-04:00,36.969898461400675,40.21627254151878,36.388459600702795,39.344112396240234,24714600,0.0,0.0
2020-03-27 00:00:00-04:00,37.21216138111349,38.13277251291393,36.53381301853039,36.92144012451172,18719196,0.0,0.0
2020-03-30 00:00:00-04:00,36.533817477837054,38.47195324431197,35.613206233667086,38.22968673706055,17425331,0.0,0.0
2020-03-31 00:00:00-04:00,38.13276691587171,39.634820340407664,37.89050418221316,38.47194290161133,24307107,0.0,0.0
2020-04-01 00:00:00-04:00,36.4369118768414,36.582272523923045,33.91733721666239,34.11115264892578,19974760,0.0,0.0
2020-04-02 00:00:00-04:00,34.01425057544952,35.807022199894796,32.802914187162514,33.43280792236328,19561750,0.0,0.0
2020-04-03 00:00:00-04:00,34.062703448717855,34.1596093265066,31.882304510382284,32.60910415649414,19622924,0.0,0.0
2020-04-06 00:00:00-04:00,34.256506895912466,35.370933370713594,33.62661334854984,35.03175735473633,19672140,0.0,0.0
2020-04-07 00:00:00-04:00,37.26062198602337,37.5513433170165,33.91734151345851,34.06270217895508,19278732,0.0,0.0
2020-04-08 00:00:00-04:00,34.78950605831387,35.75857233567792,34.20806703358834,35.370948791503906,18589124,0.0,0.0
2020-04-09 00:00:00-04:00,36.09773384012797,36.53381200446333,34.353413765860545,34.595680236816406,25701070,0.0,0.0
2020-04-13 00:00:00-04:00,34.547228131847106,34.547228131847106,32.75445684977578,34.014244079589844,18874790,0.0,0.0
2020-04-14 00:00:00-04:00,34.40187611088314,35.08022089539116,33.1420887014096,33.57816696166992,21481602,0.0,0.0
2020-04-15 00:00:00-04:00,32.60909948122056,32.60909948122056,30.767871379128504,31.494672775268555,27732155,0.0,0.0
2020-04-16 00:00:00-04:00,31.397763729001937,31.688481291220878,30.041068792358725,30.234882354736328,33241115,0.0,0.0
2020-04-17 00:00:00-04:00,31.349310927406176,33.626619038478616,30.719417273459833,33.142086029052734,33287181,0.0,0.0
2020-04-20 00:00:00-04:00,32.027654162363355,32.70599878196809,31.30085105783982,31.54311752319336,20001786,0.0,0.0
2020-04-21 00:00:00-04:00,30.96167853157008,31.882293318554833,30.525598526136257,31.39776039123535,15539929,0.0,0.0
2020-04-22 00:00:00-04:00,31.93074907716439,32.173019284879004,31.010136009163556,31.155498504638672,15398901,0.0,0.0
2020-04-23 00:00:00-04:00,31.30084679098505,32.65753955371642,31.155489898357956,31.591567993164062,16611930,0.0,0.0
2020-04-24 00:00:00-04:00,31.930746623243284,31.979201402755077,30.28333418409478,30.331787109375,31222349,0.0,0.0
2020-04-27 00:00:00-04:00,30.913230151155773,31.349310220654242,30.67096365190459,31.155498504638672,21475783,0.0,0.0
2020-04-28 00:00:00-04:00,31.833842284840895,33.529707729825915,31.833842284840895,32.94826889038086,28223273,0.0,0.0
2020-04-29 00:00:00-04:00,32.366832443313214,33.432804345830455,31.591578127775072,31.882299423217773,45188986,0.0,0.0
2020-04-30 00:00:00-04:00,31.785391211490747,33.04517474554448,31.05858988083693,32.94826889038086,35254082,0.0,0.0
2020-05-01 00:00:00-04:00,32.31837818107181,32.657550558936244,31.058592679277254,31.494672775268555,24151935,0.0,0.0
2020-05-04 00:00:00-04:00,30.52560145536095,30.574054381896133,29.798801994638332,30.089521408081055,27457604,0.0,0.0
2020-05-05 00:00:00-04:00,30.428696158593095,31.3008544148662,29.847255466846033,30.04106903076172,23474184,0.0,0.0
2020-05-06 00:00:00-04:00,30.041067460245166,30.283333938916414,28.926640916664795,28.975093841552734,23525367,0.0,0.0
2020-05-07 00:00:00-04:00,29.362715938766893,30.331781688093855,29.362715938766893,29.604982376098633,20196745,0.0,0.0
2020-05-08 00:00:00-04:00,30.089526590568266,30.670967371830123,29.84726006193381,30.477153778076172,18787072,0.0,0.0
2020-05-11 00:00:00-04:00,30.234883149222547,30.28333607753224,29.70189722935253,29.992616653442383,14414337,0.0,0.0
2020-05-12 00:00:00-04:00,30.137976061309825,30.42869547352228,29.072002410888672,29.072002410888672,19191335,0.0,0.0
2020-05-13 00:00:00-04:00,29.072002223893843,29.168908075930812,26.55242782015342,28.054481506347656,47299141,0.0,0.0
2020-05-14 00:00:00-04:00,27.23077723076805,28.587472282576943,26.552430631979504,27.618404388427734,28130338,0.0,0.0
2020-05-15 00:00:00-04:00,27.18232616768353,27.424592694312288,26.552432456755984,26.60088539123535,25779038,0.0,0.0
2020-05-18 00:00:00-04:00,27.812217637484057,31.44621709831728,27.812217637484057,30.380245208740234,51073738,0.0,0.0
2020-05-19 00:00:00-04:00,30.477148528825765,30.864775649570475,29.50808072696399,30.089521408081055,21766084,0.0,0.0
2020-05-20 00:00:00-04:00,30.67096038226277,31.349306878698087,30.477146832676745,31.107040405273438,18315596,0.0,0.0
2020-05-21 00:00:00-04:00,31.107039151458505,31.73693269866641,30.67095914602468,31.39776039123535,19827132,0.0,0.0
2020-05-22 00:00:00-04:00,31.39776606561129,31.39776606561129,30.380245250963295,31.058591842651367,13961540,0.0,0.0
2020-05-26 00:00:00-04:00,32.899817817030716,33.62661729345287,32.899817817030716,32.94826889038086,25984590,0.0,0.0
2020-05-27 00:00:00-04:00,35.128667556871136,36.00082758408788,34.353413375242255,35.322479248046875,29644242,0.0,0.0
2020-05-28 00:00:00-04:00,36.29154570860106,36.29154570860106,32.65754491826734,32.85136032104492,27831269,0.0,0.0
2020-05-29 00:00:00-04:00,31.785388347519362,32.560638827438964,31.203945852000924,31.833839416503906,25942336,0.0,0.0
2020-06-01 00:00:00-04:00,31.882295495973942,33.045173117574926,31.446213606526218,32.75445556640625,15083601,0.0,0.0
2020-06-02 00:00:00-04:00,33.432792404260674,34.78948511763529,33.238980748833846,34.15959167480469,22787385,0.0,0.0
2020-06-03 00:00:00-04:00,34.98330698280865,35.95237285695816,34.789491582900965,35.661651611328125,24642090,0.0,0.0
2020-06-04 00:00:00-04:00,35.41938768217977,37.5513349832362,34.74104300502645,37.50288391113281,25118482,0.0,0.0
2020-06-05 00:00:00-04:00,40.94306954737569,41.47605730044533,37.93896215147515,38.18122863769531,33669153,0.0,0.0
2020-06-08 00:00:00-04:00,39.828638590646705,41.524503807758734,39.29565089616923,40.99151611328125,31792699,0.0,0.0
2020-06-09 00:00:00-04:00,39.683290284806105,39.78019615701323,38.27814215817893,38.85958480834961,23603936,0.0,0.0
2020-06-10 00:00:00-04:00,38.61731779594423,38.66576887721651,36.43691530170141,36.87299728393555,23465356,0.0,0.0
2020-06-11 00:00:00-04:00,34.208063410491256,35.61321158892362,33.142091359984576,33.67507553100586,24979842,0.0,0.0
2020-06-12 00:00:00-04:00,35.564751787283875,36.00083372956455,34.304964454202285,35.1286735534668,20261430,0.0,0.0
2020-06-15 00:00:00-04:00,33.675063944440524,35.61319933550484,33.19053102379016,35.0802116394043,20497800,0.0,0.0
2020-06-16 00:00:00-04:00,37.454428295286306,37.50288307477232,35.322481041774914,36.19464111328125,19694772,0.0,0.0
2020-06-17 00:00:00-04:00,36.339998716480395,36.48535933436807,34.88639995452929,35.0802116394043,15090141,0.0,0.0
2020-06-18 00:00:00-04:00,34.54722554863072,35.46784036572289,34.01424153622653,35.274024963378906,15729550,0.0,0.0
2020-06-19 00:00:00-04:00,35.95237655284317,36.09773719060119,34.35341695443169,34.644134521484375,17792356,0.0,0.0
2020-06-22 00:00:00-04:00,34.741046313970536,34.789497390688695,33.723525492862585,34.11115264892578,15707761,0.0,0.0
2020-06-23 00:00:00-04:00,34.353405838328456,34.547217486983186,33.771967183902134,33.91732406616211,16168082,0.0,0.0
2020-06-24 00:00:00-04:00,33.43279915414388,33.43279915414388,31.591573222007355,31.64002799987793,29025298,0.0,0.0
2020-06-25 00:00:00-04:00,31.49466512366766,32.46373094411161,31.107038053797528,32.366825103759766,14836396,0.0,0.0
2020-06-26 00:00:00-04:00,32.12419148728214,32.26977002267844,31.299251405399595,31.4448299407959,17938840,0.049841,0.0
2020-06-29 00:00:00-04:00,31.88156434979281,32.99766159057617,31.541883549734226,32.99766159057617,15103383,0.0,0.0
2020-06-30 00:00:00-04:00,32.56093512581056,33.33735169677399,32.3183054116374,33.143245697021484,13947676,0.0,0.0
2020-07-01 00:00:00-04:00,33.628503740785405,34.01671201028347,32.56093378518309,32.70650863647461,24202957,0.0,0.0
2020-07-02 00:00:00-04:00,33.28882493675554,34.16229266812244,33.046195217710476,33.09471893310547,14877567,0.0,0.0
2020-07-06 00:00:00-04:00,33.87112667593677,34.35638598732611,33.43439478129533,33.968177795410156,15133900,0.0,0.0
2020-07-07 00:00:00-04:00,33.43440011250617,33.43440011250617,32.75503473982091,32.80356216430664,12526487,0.0,0.0
2020-07-08 00:00:00-04:00,33.0947199789852,33.33735341972149,32.609460525559605,33.28882598876953,12928884,0.0,0.0
2020-07-09 00:00:00-04:00,33.143252107512176,33.143252107512176,31.930103302001953,31.930103302001953,14997186,0.0,0.0
2020-07-10 00:00:00-04:00,31.735996984115747,32.60946485916524,31.687473260738766,32.46388626098633,12725057,0.0,0.0
2020-07-13 00:00:00-04:00,32.803562517511175,33.0947159254915,32.22125198752749,32.51240539550781,13742084,0.0,0.0
2020-07-14 00:00:00-04:00,32.318302000335265,33.434399310528754,31.88156633250847,33.38587188720703,13946091,0.0,0.0
2020-07-15 00:00:00-04:00,34.40491519253265,34.987225653665405,34.11375810495497,34.647544860839844,18022606,0.0,0.0
2020-07-16 00:00:00-04:00,34.25933521753618,34.841645654342514,33.91965443890103,34.21080780029297,10502384,0.0,0.0
2020-07-17 00:00:00-04:00,34.2593377220315,34.696069653057506,33.87112949777355,34.307865142822266,12029771,0.0,0.0
2020-07-20 00:00:00-04:00,34.01671448827886,34.25934421013696,33.28882532270456,33.33735275268555,9844356,0.0,0.0
2020-07-21 00:00:00-04:00,33.677029284532885,34.69607175672017,33.482923303623686,34.162288665771484,14019625,0.0,0.0
2020-07-22 00:00:00-04:00,33.919657568926155,34.40491693004709,33.48292191550365,34.25933837890625,13143364,0.0,0.0
2020-07-23 00:00:00-04:00,34.259339799214615,34.550496913566946,33.82260784170905,34.162288665771484,13769391,0.0,0.0
2020-07-24 00:00:00-04:00,34.06524259985988,34.50197462233351,33.0947199789852,33.28882598876953,13131567,0.0,0.0
2020-07-27 00:00:00-04:00,33.1917739902112,33.24029770589604,32.46388111470461,32.560935974121094,14185812,0.0,0.0
2020-07-28 00:00:00-04:00,32.51239991485232,33.774075612153936,32.4638724980244,33.43439483642578,15255125,0.0,0.0
2020-07-29 00:00:00-04:00,33.91966396080297,33.96818767764528,31.638941562533326,31.978622436523438,29782982,0.0,0.0
2020-07-30 00:00:00-04:00,31.541888880752108,31.590412595234415,30.37726402282715,30.37726402282715,25586567,0.0,0.0
2020-07-31 00:00:00-04:00,30.328736519154422,30.522840649775958,29.115588024034246,29.45526885986328,28609840,0.0,0.0
2020-08-03 00:00:00-04:00,29.794944908539733,30.037574553458242,29.21263264652864,29.64936637878418,18011050,0.0,0.0
2020-08-04 00:00:00-04:00,29.600846361562194,30.086105742224706,29.600846361562194,29.794950485229492,14253587,0.0,0.0
2020-08-05 00:00:00-04:00,29.94053353329059,31.056631088256836,29.794956802433163,31.056631088256836,21286984,0.0,0.0
2020-08-06 00:00:00-04:00,30.716947555541992,31.153681424644596,30.474317834597404,30.716947555541992,14027650,0.0,0.0
2020-08-07 00:00:00-04:00,30.522846027755882,31.347786406983552,30.32874186293412,31.056631088256836,16665861,0.0,0.0
2020-08-10 00:00:00-04:00,31.20220410606799,32.51240365697695,30.95957256503555,32.366825103759766,18929062,0.0,0.0
2020-08-11 00:00:00-04:00,33.33735499731199,33.96818934539881,32.463883482983306,32.657989501953125,18687596,0.0,0.0
2020-08-12 00:00:00-04:00,33.33735568158486,33.385879401805546,31.93010094275753,32.60946273803711,14073295,0.0,0.0
2020-08-13 00:00:00-04:00,31.978625579501465,32.80356970115765,31.978625579501465,32.02715301513672,10719714,0.0,0.0
2020-08-14 00:00:00-04:00,31.73598792799346,32.60945555379187,31.39630710518934,32.318302154541016,10111524,0.0,0.0
2020-08-17 00:00:00-04:00,32.36682771325556,32.46387885188391,31.29925776029743,31.39630889892578,11843460,0.0,0.0
2020-08-18 00:00:00-04:00,31.49335637519618,31.88156459858804,31.10515000881567,31.2507266998291,8564375,0.0,0.0
2020-08-19 00:00:00-04:00,31.39631143353281,31.881570879872427,30.813998983718232,30.959577560424805,10907008,0.0,0.0
2020-08-20 00:00:00-04:00,30.716947991959614,30.95957771635142,30.134635539212248,30.425792694091797,12793394,0.0,0.0
2020-08-21 00:00:00-04:00,30.328738738973207,30.959576745412562,30.231687595064848,30.61989402770996,12008403,0.0,0.0
2020-08-24 00:00:00-04:00,30.813993073819866,32.2212492837291,30.57136339718465,32.17272186279297,20622516,0.0,0.0
2020-08-25 00:00:00-04:00,32.26977959367124,32.51240931995324,31.444839267117114,31.978622436523438,13934033,0.0,0.0
2020-08-26 00:00:00-04:00,32.12419148728214,32.12419148728214,31.250723988926698,31.4448299407959,11497281,0.0,0.0
2020-08-27 00:00:00-04:00,31.638932178642715,32.17271890375503,31.299251405399595,31.4448299407959,14724301,0.0,0.0
2020-08-28 00:00:00-04:00,31.590409060962262,32.12419585871177,31.396306796702195,32.0756721496582,11870004,0.0,0.0
2020-08-31 00:00:00-04:00,31.590414659803685,32.46388243182645,30.377266008111942,30.765474319458008,28464920,0.0,0.0
2020-09-01 00:00:00-04:00,30.42579260551093,31.056628772885986,29.84348015445889,30.03758430480957,18695642,0.0,0.0
2020-09-02 00:00:00-04:00,30.086103886664873,31.2992541205116,29.940525338640086,31.2507266998291,16816680,0.0,0.0
2020-09-03 00:00:00-04:00,31.008099665581955,32.269775570563276,30.474314705711443,30.66841697692871,18884902,0.0,0.0
2020-09-04 00:00:00-04:00,31.20221014053872,31.833048183801285,30.377266084105763,31.153682708740234,17992270,0.0,0.0
2020-09-08 00:00:00-04:00,30.66841625621513,30.862522236893895,29.746424918565534,29.794950485229492,24206006,0.0,0.0
2020-09-09 00:00:00-04:00,30.08610623254354,30.08610623254354,29.21263859031137,29.89200210571289,21878280,0.0,0.0
2020-09-10 00:00:00-04:00,29.94052940739408,30.0861079752022,29.115589141845703,29.115589141845703,19526919,0.0,0.0
2020-09-11 00:00:00-04:00,29.3096929788901,29.358218548657216,28.775906140417074,28.87295913696289,14429505,0.0,0.0
2020-09-14 00:00:00-04:00,29.06706072332826,29.8920028177562,28.921484017496184,29.843477249145508,14847532,0.0,0.0
2020-09-15 00:00:00-04:00,29.94053579499588,30.183167412110354,29.212646514688476,29.600854873657227,17325133,0.0,0.0
2020-09-16 00:00:00-04:00,29.600847452794063,33.04619252513078,29.358217753518293,32.755035400390625,51360267,0.0,0.0
2020-09-17 00:00:00-04:00,33.0461869266803,34.841645654342514,32.36682165538754,34.21080780029297,52374245,0.0,0.0
2020-09-18 00:00:00-04:00,33.57997415244811,34.647547753342785,33.33734817790821,33.38587188720703,29148649,0.0,0.0
2020-09-21 00:00:00-04:00,32.17272425116785,32.26977538622208,30.231684836979742,30.813995361328125,32651524,0.0,0.0
2020-09-22 00:00:00-04:00,31.056626373737387,31.930095911345106,30.13463312355515,30.328737258911133,28269901,0.0,0.0
2020-09-23 00:00:00-04:00,30.474308285713782,31.153671662887835,29.600840821202702,29.64936637878418,17785373,0.0,0.0
2020-09-24 00:00:00-04:00,29.600848138616023,29.989056409256268,29.115588728821507,29.4067440032959,19154738,0.0,0.0
2020-09-25 00:00:00-04:00,29.455341215536187,29.990008321195955,29.260916306183418,29.69837188720703,16006529,0.049841,0.0
2020-09-28 00:00:00-04:00,30.281654834195376,30.6705028983601,30.038624096562064,30.135835647583008,16711586,0.0,0.0
2020-09-29 00:00:00-04:00,30.18444596950358,30.281659395247857,29.455353646787064,29.746990203857422,14761158,0.0,0.0
2020-09-30 00:00:00-04:00,29.844200544829167,30.57329279218485,29.844200544829167,30.28165626525879,19417934,0.0,0.0
2020-10-01 00:00:00-04:00,30.47607850354695,30.573290050444257,29.698378688045004,30.330259323120117,15885525,0.0,0.0
2020-10-02 00:00:00-04:00,29.406741678196124,31.107956740014437,29.406741678196124,31.059350967407227,18072625,0.0,0.0
2020-10-05 00:00:00-04:00,31.059353207566254,31.35099158440566,30.719109054613938,31.156566619873047,11693825,0.0,0.0
2020-10-06 00:00:00-04:00,31.253788092058322,31.982880502016766,29.698387974683307,29.99002456665039,34121508,0.0,0.0
2020-10-07 00:00:00-04:00,30.23305164656145,31.107961260882952,30.184444006809322,30.67050552368164,16710242,0.0,0.0
2020-10-08 00:00:00-04:00,30.913537558174323,32.42032785999571,30.816324140587763,32.323116302490234,20699139,0.0,0.0
2020-10-09 00:00:00-04:00,34.36457765000164,34.36457765000164,32.56614709337508,33.24663543701172,34410686,0.0,0.0
2020-10-12 00:00:00-04:00,33.63547857894049,33.63547857894049,32.7605672004094,33.19802474975586,17863963,0.0,0.0
2020-10-13 00:00:00-04:00,33.00361050229412,33.14942600434821,32.37172968612939,32.66336441040039,15105450,0.0,0.0
2020-10-14 00:00:00-04:00,32.66336016117913,33.48966773952519,32.66336016117913,33.14942169189453,19652097,0.0,0.0
2020-10-15 00:00:00-04:00,32.56614475907707,33.441056155233305,32.128690921079894,33.392452239990234,17907361,0.0,0.0
2020-10-16 00:00:00-04:00,33.829903090561466,35.725544901528046,33.7326915484979,35.43390655517578,33937143,0.0,0.0
2020-10-19 00:00:00-04:00,35.91996798565518,36.308817874071,35.142268208823516,35.43390655517578,26250714,0.0,0.0
2020-10-20 00:00:00-04:00,35.72555237394544,36.06579470241437,35.33670240419709,35.676944732666016,19746677,0.0,0.0
2020-10-21 00:00:00-04:00,35.38529656681763,36.01717712837947,35.33669265910446,35.5797233581543,14809210,0.0,0.0
2020-10-22 00:00:00-04:00,35.62833708337536,37.66979456073176,35.57972944718227,37.52397537231445,19214348,0.0,0.0
2020-10-23 00:00:00-04:00,38.54470161296182,39.030763039287635,36.746275079588614,37.086517333984375,26597033,0.0,0.0
2020-10-26 00:00:00-04:00,36.26021838392161,36.74628364369153,35.38530686859562,35.871368408203125,20917251,0.0,0.0
2020-10-27 00:00:00-04:00,35.96858745063241,35.96858745063241,34.46179503233861,34.51040267944336,19696497,0.0,0.0
2020-10-28 00:00:00-04:00,36.50324966300498,38.204464901989695,36.017184445990125,36.065792083740234,50860201,0.0,0.0
2020-10-29 00:00:00-04:00,37.23233418689599,37.62118404776941,35.531115580554605,35.82275390625,24738095,0.0,0.0
2020-10-30 00:00:00-04:00,35.67694214222559,36.649065135931146,35.43391139379921,36.065792083740234,20539191,0.0,0.0
2020-11-02 00:00:00-05:00,36.45464162565908,36.84349156291136,35.62833783409927,36.55185317993164,21844975,0.0,0.0
2020-11-03 00:00:00-05:00,37.1837452495354,38.496110934499114,36.649075957064206,38.15586853027344,19636808,0.0,0.0
2020-11-04 00:00:00-05:00,37.37816841761774,38.98217629503131,36.600472025125214,38.15586853027344,25465824,0.0,0.0
2020-11-05 00:00:00-05:00,38.641915045765465,39.12798021604633,38.4474919537825,38.836341857910156,17215987,0.0,0.0
2020-11-06 00:00:00-05:00,38.98217959456339,39.56545286834303,38.690541097591826,39.32242202758789,16878656,0.0,0.0
2020-11-09 00:00:00-05:00,45.446785764113805,45.738420421187705,41.84992856557324,42.38459396362305,38779589,0.0,0.0
2020-11-10 00:00:00-05:00,42.87066496188384,44.23163431922344,42.53041890238647,43.64836120605469,33051594,0.0,0.0
2020-11-11 00:00:00-05:00,44.28023772627003,44.32884536445205,42.919264778956716,43.21090316772461,17543666,0.0,0.0
2020-11-12 00:00:00-05:00,42.57901382446289,43.11367913506517,42.14155633015773,42.57901382446289,15954303,0.0,0.0
2020-11-13 00:00:00-05:00,43.0650855361897,44.96072769165039,43.01647789624369,44.96072769165039,26078809,0.0,0.0
2020-11-16 00:00:00-05:00,46.71054390751498,46.85635936598863,45.787024922932176,46.516117095947266,23830013,0.0,0.0
2020-11-17 00:00:00-05:00,45.93284673920916,47.342427253412254,45.349573711335644,47.05078887939453,18127238,0.0,0.0
2020-11-18 00:00:00-05:00,48.46037701628901,48.84922700275709,47.293827056884766,47.293827056884766,29867932,0.0,0.0
2020-11-19 00:00:00-05:00,46.75915211953043,47.439640442342,46.224486708923536,46.95357894897461,17490999,0.0,0.0
2020-11-20 00:00:00-05:00,46.85636328187884,47.77988234364218,46.61333253722986,47.439640045166016,16078116,0.0,0.0
2020-11-23 00:00:00-05:00,47.92570336638888,49.918557036750705,47.92570336638888,48.946434020996094,21708341,0.0,0.0
2020-11-24 00:00:00-05:00,52.05722597379106,52.73771054538573,50.550433925051884,50.79346466064453,35369990,0.0,0.0
2020-11-25 00:00:00-05:00,51.18232587038184,51.328145087931645,50.25880663934154,51.03650665283203,22044528,0.0,0.0
2020-11-27 00:00:00-05:00,51.27952632203106,51.328133957394634,50.11298027492425,50.55043411254883,10865436,0.0,0.0
2020-11-30 00:00:00-05:00,50.50183279328024,50.50183279328024,48.41176745400134,49.48110580444336,25100464,0.0,0.0
2020-12-01 00:00:00-05:00,50.210200548880785,50.939292885033645,49.14086214639322,49.335289001464844,17408658,0.0,0.0
2020-12-02 00:00:00-05:00,48.995028466658724,50.93927397462911,48.654782526634975,50.69624328613281,15496290,0.0,0.0
2020-12-03 00:00:00-05:00,50.550440858617876,52.00862547218033,50.5018332167675,51.52256393432617,18348801,0.0,0.0
2020-12-04 00:00:00-05:00,51.86280656897443,53.12656806282358,51.085110335973916,52.88353729248047,27090138,0.0,0.0
2020-12-07 00:00:00-05:00,52.93214274757671,53.952873428908454,52.30026202676003,52.78632354736328,19542810,0.0,0.0
2020-12-08 00:00:00-05:00,52.591892522064846,53.61262312217273,52.44607705361684,53.27238082885742,18735107,0.0,0.0
2020-12-09 00:00:00-05:00,53.46681491191415,55.848518728764596,53.46681491191415,55.36245346069336,25307401,0.0,0.0
2020-12-10 00:00:00-05:00,53.855659261823384,55.79990910458519,53.758447699725885,55.02220916748047,19195227,0.0,0.0
2020-12-11 00:00:00-05:00,54.82777205595337,55.45965262862909,53.56401091060194,54.2444953918457,17853791,0.0,0.0
2020-12-14 00:00:00-05:00,54.77917182517028,55.168021747035915,52.44607601413836,52.640499114990234,15913996,0.0,0.0
2020-12-15 00:00:00-05:00,53.22377634249391,54.19589929592863,51.76558819217991,54.00147247314453,17377921,0.0,0.0
2020-12-16 00:00:00-05:00,54.09868703338235,54.1959023102624,52.980744830720965,53.126564025878906,11800604,0.0,0.0
2020-12-17 00:00:00-05:00,53.17517570495717,53.41820647530028,52.494687315899,52.88353729248047,12528955,0.0,0.0
2020-12-18 00:00:00-05:00,52.44566046795791,54.09979167981669,52.2510585482491,52.59161376953125,23023775,0.049841,0.0
2020-12-21 00:00:00-05:00,50.93749266554024,52.88353086671111,50.402331694770226,52.39702224731445,17218374,0.0,0.0
2020-12-22 00:00:00-05:00,52.10511518301451,52.34836949083036,51.03479324975743,51.61860656738281,17858164,0.0,0.0
2020-12-23 00:00:00-05:00,51.959168282351186,53.41869430982881,51.667261587421805,52.83488464355469,12139419,0.0,0.0
2020-12-24 00:00:00-05:00,52.786238442916485,52.786238442916485,51.6672676132962,51.8132209777832,6029070,0.0,0.0
2020-12-28 00:00:00-05:00,52.056467475426246,52.445675147365556,51.47265782930955,51.764564514160156,10793588,0.0,0.0
2020-12-29 00:00:00-05:00,51.86185570457802,52.39701661785109,51.27804616874256,51.37534713745117,10640944,0.0,0.0
2020-12-30 00:00:00-05:00,51.47265205268039,52.786224539920596,51.32669872663501,52.1051139831543,10156427,0.0,0.0
2020-12-31 00:00:00-05:00,51.81321338745058,52.68892972250023,51.472658069260305,52.54297637939453,9570828,0.0,0.0
2021-01-04 00:00:00-05:00,52.9808355068301,53.02948413798084,50.59694087290966,50.937496185302734,16040798,0.0,0.0
2021-01-05 00:00:00-05:00,50.74289070721527,52.932179494500254,50.69423835584191,52.39702224731445,16793346,0.0,0.0
2021-01-06 00:00:00-05:00,52.68892173989615,56.53234181598993,52.68892173989615,55.26742172241211,26400690,0.0,0.0
2021-01-07 00:00:00-05:00,56.24044031457126,56.28909266398942,54.68360981619871,54.82956314086914,15105891,0.0,0.0
2021-01-08 00:00:00-05:00,54.926858335541006,55.65662115850784,54.294396477586346,55.17011260986328,14590235,0.0,0.0
2021-01-11 00:00:00-05:00,54.0511525038801,56.09449177645666,53.80789818320045,55.705284118652344,13493535,0.0,0.0
2021-01-12 00:00:00-05:00,55.99719543167267,57.94323015831811,55.51068675001132,57.310768127441406,18346073,0.0,0.0
2021-01-13 00:00:00-05:00,57.31076661739138,57.50537231907918,56.04584258896676,56.289100646972656,10776915,0.0,0.0
2021-01-14 00:00:00-05:00,56.48370108602518,57.06751072801192,56.33774774463237,56.72695541381836,11879594,0.0,0.0
2021-01-15 00:00:00-05:00,56.435055635187325,56.435055635187325,54.73227513232019,55.121482849121094,14768762,0.0,0.0
2021-01-19 00:00:00-05:00,55.85123312260776,56.67829700403466,55.46202549499978,55.60797882080078,12740305,0.0,0.0
2021-01-20 00:00:00-05:00,55.9485445371427,55.9485445371427,54.975527148375306,55.41338348388672,11840751,0.0,0.0
2021-01-21 00:00:00-05:00,55.4620235757135,55.60797689646373,53.856544494628906,53.856544494628906,13162304,0.0,0.0
2021-01-22 00:00:00-05:00,53.370040682642895,54.391710295715,53.02948166256266,54.051151275634766,10617570,0.0,0.0
2021-01-25 00:00:00-05:00,54.19709759836644,54.24574994453676,52.39701664382164,53.46733474731445,18462763,0.0,0.0
2021-01-26 00:00:00-05:00,58.52703831863506,59.500055594899756,54.48901215383533,54.9268684387207,42495519,0.0,0.0
2021-01-27 00:00:00-05:00,53.90520484816682,56.24045104111912,51.764568090004374,55.3647346496582,29983117,0.0,0.0
2021-01-28 00:00:00-05:00,55.51068429861083,55.80258726056614,53.8565526198593,53.953853607177734,18879766,0.0,0.0
2021-01-29 00:00:00-05:00,53.51600212694823,54.68362152720003,51.9105189353285,51.959171295166016,21921317,0.0,0.0
2021-02-01 00:00:00-05:00,52.834889276796225,53.516003716832095,51.764570840836974,52.25107955932617,13379614,0.0,0.0
2021-02-02 00:00:00-05:00,52.93218397080876,55.21877765421049,52.7375819960269,54.683616638183594,16946953,0.0,0.0
2021-02-03 00:00:00-05:00,54.68361564311572,54.975522323561265,53.85655167996597,54.489013671875,10877474,0.0,0.0
2021-02-04 00:00:00-05:00,54.63496585237876,55.94853843933199,54.44036016168441,55.705284118652344,13396066,0.0,0.0
2021-02-05 00:00:00-05:00,55.99719333736143,56.191795313313925,55.07282464262569,55.462032318115234,10396669,0.0,0.0
2021-02-08 00:00:00-05:00,55.80258923083447,56.6783055947891,55.5106862585727,56.48370361328125,8517928,0.0,0.0
2021-02-09 00:00:00-05:00,56.24044741131011,56.43504938637063,55.51068441945637,56.14314270019531,10581235,0.0,0.0
2021-02-10 00:00:00-05:00,56.38640101285098,56.38640101285098,55.36473133013899,55.462032318115234,9140985,0.0,0.0
2021-02-11 00:00:00-05:00,55.413377737955,55.80258539782114,54.440360450081855,55.753936767578125,10398836,0.0,0.0
2021-02-12 00:00:00-05:00,55.510678089112645,57.116157232821664,55.36472476266926,57.0675048828125,11725144,0.0,0.0
2021-02-16 00:00:00-05:00,57.50536736960521,58.28377893860492,57.31076168466708,58.235130310058594,12100796,0.0,0.0
2021-02-17 00:00:00-05:00,57.602673071406855,58.137834094368266,57.21346539321534,57.699974060058594,8615357,0.0,0.0
2021-02-18 00:00:00-05:00,57.6026709336262,57.69997191866685,55.99719164790994,56.58100128173828,9802022,0.0,0.0
2021-02-19 00:00:00-05:00,57.01886001189663,58.52703827850659,56.8242543226265,58.47838592529297,12248665,0.0,0.0
2021-02-22 00:00:00-05:00,58.72164122808726,61.78664644229132,58.527039259140885,60.813629150390625,19388781,0.0,0.0
2021-02-23 00:00:00-05:00,61.300140178966124,61.54339451139615,59.25680453127081,61.25149154663086,14454364,0.0,0.0
2021-02-24 00:00:00-05:00,62.2731522731501,64.94895342850039,61.54338933721391,63.829986572265625,21426186,0.0,0.0
2021-02-25 00:00:00-05:00,63.73267993686558,64.55974755139219,61.59203982218513,62.078548431396484,18526244,0.0,0.0
2021-02-26 00:00:00-05:00,61.68934270115973,62.46775798932968,60.37577016050916,61.00823211669922,17802448,0.0,0.0
2021-03-01 00:00:00-05:00,62.856965343803125,64.65705033058951,62.22450707664516,63.78133773803711,15657201,0.0,0.0
2021-03-02 00:00:00-05:00,63.9759400653042,64.46244871880323,63.10022002070459,63.14887237548828,15490231,0.0,0.0
2021-03-03 00:00:00-05:00,63.68403010320343,66.26253030222286,63.48942814126219,65.38681030273438,23589309,0.0,0.0
2021-03-04 00:00:00-05:00,67.52744999365832,68.7437214885283,64.1218823608543,66.01927185058594,33418377,0.0,0.0
2021-03-05 00:00:00-05:00,67.18774685154577,67.2364350773552,63.97442083269989,66.2140121459961,21061930,0.049841,0.0
2021-03-08 00:00:00-05:00,69.18391173072987,69.81684382718926,67.23644211576648,68.98916625976562,28835014,0.0,0.0
2021-03-09 00:00:00-05:00,68.6483511331915,70.20632969359328,67.3338137097212,68.16148376464844,22966413,0.0,0.0
2021-03-10 00:00:00-05:00,66.45745660449998,66.89563580255597,62.903319881021545,64.5099868774414,44186284,0.0,0.0
2021-03-11 00:00:00-05:00,61.78353194044728,62.611209611393605,58.18071046634005,59.738685607910156,61355743,0.0,0.0
2021-03-12 00:00:00-05:00,59.59261911840528,61.44271605838738,59.54393461223729,61.24797058105469,26996039,0.0,0.0
2021-03-15 00:00:00-04:00,62.0269710371819,65.04555256005439,61.978282795975176,64.99686431884766,22351422,0.0,0.0
2021-03-16 00:00:00-04:00,64.89947542896049,64.99685189275752,63.633626115562805,64.02311706542969,14938641,0.0,0.0
2021-03-17 00:00:00-04:00,64.26654522756206,66.26270294189453,63.925735086337006,66.26270294189453,15895858,0.0,0.0
2021-03-18 00:00:00-04:00,66.165334654909,66.65220208667365,64.21786492785044,64.5099868774414,12792812,0.0,0.0
2021-03-19 00:00:00-04:00,64.266545663085,64.99684672552209,63.19543445711324,64.36392211914062,13737991,0.0,0.0
2021-03-22 00:00:00-04:00,64.07180780443836,64.4612987695459,62.95200823759756,63.925743103027344,10591427,0.0,0.0
2021-03-23 00:00:00-04:00,63.09807244367308,64.16917631564085,61.10191076834975,61.63746643066406,13172818,0.0,0.0
2021-03-24 00:00:00-04:00,62.12432370070578,63.39017657303096,60.85846710205078,60.85846710205078,12454218,0.0,0.0
2021-03-25 00:00:00-04:00,60.371615517977425,62.95201388825236,59.54394155333511,62.562522888183594,14725103,0.0,0.0
2021-03-26 00:00:00-04:00,63.04937989850399,63.925738229515424,61.880895913271786,63.24412536621094,12143472,0.0,0.0
2021-03-29 00:00:00-04:00,62.90331275682306,63.53624481803008,62.22169992008172,63.04937744140625,10786807,0.0,0.0
2021-03-30 00:00:00-04:00,63.19543182335654,65.04553224268773,62.80594092068667,64.75341033935547,10618713,0.0,0.0
2021-03-31 00:00:00-04:00,65.14291168481458,65.38634540117202,63.925743103027344,63.925743103027344,12557044,0.0,0.0
2021-04-01 00:00:00-04:00,64.41261029091548,65.04554242263568,64.02311932728836,64.65604400634766,11874438,0.0,0.0
2021-04-05 00:00:00-04:00,65.58110553651241,66.0679730226803,65.09423805034452,65.53241729736328,10180082,0.0,0.0
2021-04-06 00:00:00-04:00,65.53240972925869,65.72715521070303,65.09423053284368,65.24028778076172,8035938,0.0,0.0
2021-04-07 00:00:00-04:00,65.24029285156841,65.87322503128334,64.55867988720433,65.19160461425781,8379669,0.0,0.0
2021-04-08 00:00:00-04:00,64.55865723953887,65.72713726177444,63.73097985359848,65.48370361328125,11018763,0.0,0.0
2021-04-09 00:00:00-04:00,65.72714479322126,67.33381152897404,65.33765389206526,66.2140121459961,12689464,0.0,0.0
2021-04-12 00:00:00-04:00,66.26269779793407,66.6035079127021,65.58108502105742,66.16532135009766,8442187,0.0,0.0
2021-04-13 00:00:00-04:00,65.77583823118434,65.92189546752665,64.5586697527974,65.43502807617188,10277370,0.0,0.0
2021-04-14 00:00:00-04:00,65.38634718670836,67.13907148287664,65.33766640423627,66.60352325439453,12968951,0.0,0.0
2021-04-15 00:00:00-04:00,66.84695452636356,66.94432354039873,65.43503302257568,65.97058868408203,10208753,0.0,0.0
2021-04-16 00:00:00-04:00,66.36009249906647,66.60352623295803,64.99685911767685,65.19160461425781,10036727,0.0,0.0
2021-04-19 00:00:00-04:00,64.85080430726057,65.58110553651241,64.12049562534699,65.53241729736328,9003729,0.0,0.0
2021-04-20 00:00:00-04:00,65.28897400157949,65.28897400157949,62.80594869489258,63.584938049316406,12330465,0.0,0.0
2021-04-21 00:00:00-04:00,62.952017809461516,65.14292158980578,62.17303203447106,64.99686431884766,9953202,0.0,0.0
2021-04-22 00:00:00-04:00,64.99686421195678,66.60353145316422,64.65605397673222,65.28898620605469,10555051,0.0,0.0
2021-04-23 00:00:00-04:00,65.72715497000286,66.26271063150921,65.04554206111334,65.97058868408203,9357311,0.0,0.0
2021-04-26 00:00:00-04:00,66.36007691971055,68.16148165599542,65.9705785653297,66.06795501708984,18815482,0.0,0.0
2021-04-27 00:00:00-04:00,65.72713212511677,65.92187753815995,62.85461678791951,65.6784439086914,30050351,0.0,0.0
2021-04-28 00:00:00-04:00,64.89948049221042,64.99685696360446,64.02312206030894,64.26655578613281,13261158,0.0,0.0
2021-04-29 00:00:00-04:00,64.16917425705817,64.70472990219157,63.682306843784296,64.31523895263672,11066635,0.0,0.0
2021-04-30 00:00:00-04:00,64.07180541180483,64.99685200888692,63.682307008581404,63.87705993652344,10011667,0.0,0.0
2021-05-03 00:00:00-04:00,64.46128079907807,65.87320192246567,64.12047071012405,65.48370361328125,12734908,0.0,0.0
2021-05-04 00:00:00-04:00,64.94816377690141,65.19159748416831,63.633626229256535,63.87705993652344,15557003,0.0,0.0
2021-05-05 00:00:00-04:00,64.07180524599977,64.70472990219157,63.730995075643804,64.31523895263672,11168297,0.0,0.0
2021-05-06 00:00:00-04:00,64.36392718449623,64.8021063659106,63.438873137147354,64.31523895263672,12595406,0.0,0.0
2021-05-07 00:00:00-04:00,64.07179753335333,64.94815579069041,63.6336184046848,64.75341033935547,10810442,0.0,0.0
2021-05-10 00:00:00-04:00,64.8021188066828,66.11666405595417,64.75343056547607,64.99686431884766,13154138,0.0,0.0
2021-05-11 00:00:00-04:00,64.21785106076224,64.70471838739361,63.000682744183784,63.73098373413086,13645738,0.0,0.0
2021-05-12 00:00:00-04:00,63.68230347218277,63.92573716593133,62.17301680673972,62.41645050048828,14215045,0.0,0.0
2021-05-13 00:00:00-04:00,62.31906624972763,63.487550069414965,61.92957536949484,63.1467399597168,13158312,0.0,0.0
2021-05-14 00:00:00-04:00,63.877049634663635,64.75340785842432,63.438863070123844,64.55866241455078,10167742,0.0,0.0
2021-05-17 00:00:00-04:00,64.41260801529657,64.94816366085901,63.87705982239476,64.02311706542969,15316179,0.0,0.0
2021-05-18 00:00:00-04:00,64.169162836152,64.60734939223802,63.1467399597168,63.1467399597168,9816408,0.0,0.0
2021-05-19 00:00:00-04:00,62.80593730406309,63.77967195732585,62.270381754236716,63.73098373413086,11921066,0.0,0.0
2021-05-20 00:00:00-04:00,63.73099529273184,63.82837175678256,62.90331770628265,63.584938049316406,9324527,0.0,0.0
2021-05-21 00:00:00-04:00,63.82836888560275,64.65603898216035,63.5362469592517,64.41260528564453,10697965,0.0,0.0
2021-05-24 00:00:00-04:00,64.70472214587643,64.80209859792271,63.87705211412206,64.1691665649414,7827397,0.0,0.0
2021-05-25 00:00:00-04:00,64.26655088708623,64.70473006963451,63.77968347255242,63.87705993652344,9496071,0.0,0.0
2021-05-26 00:00:00-04:00,63.877061957990406,65.38634502867976,63.48756354244083,65.24028778076172,12092309,0.0,0.0
2021-05-27 00:00:00-04:00,66.2140404722558,70.10898841336666,66.16535222561762,69.86554718017578,37035234,0.0,0.0
2021-05-28 00:00:00-04:00,69.57342833330081,69.81686209888001,68.30757126175652,68.45362854003906,14560581,0.0,0.0
2021-06-01 00:00:00-04:00,69.28129070608334,69.81684636016044,68.64835858666102,68.89179229736328,10087388,0.0,0.0
2021-06-02 00:00:00-04:00,69.0378495516432,69.0378495516432,68.21017204343235,68.59967041015625,8012785,0.0,0.0
2021-06-03 00:00:00-04:00,68.11280304124632,69.96289606204007,67.86936935679137,68.59967041015625,12672972,0.0,0.0
2021-06-04 00:00:00-04:00,68.94047828027098,69.13522375194542,67.47987606372193,67.96674346923828,12855029,0.0,0.0
2021-06-07 00:00:00-04:00,68.16149924801651,68.50230946447809,67.47988626775499,67.72332000732422,7493597,0.0,0.0
2021-06-08 00:00:00-04:00,68.01544708282425,68.11282356701457,66.79827829375618,67.67463684082031,8852489,0.0,0.0
2021-06-09 00:00:00-04:00,67.04170747752924,67.23645297996084,66.55483999511942,66.84696197509766,11189043,0.0,0.0
2021-06-10 00:00:00-04:00,67.23642742914659,67.52854929811429,66.16531639381797,66.36006927490234,9999489,0.0,0.0
2021-06-11 00:00:00-04:00,66.45746853316379,67.09040077966141,66.06797749890545,66.65221405029297,8500031,0.0,0.0
2021-06-14 00:00:00-04:00,67.09036762984286,67.33380126913764,65.28895571799816,65.5810775756836,9114079,0.0,0.0
2021-06-15 00:00:00-04:00,65.48371871040638,66.06796258254971,64.80210582801288,65.9218978881836,7629388,0.0,0.0
2021-06-16 00:00:00-04:00,65.7271500015168,66.45745108854896,64.70472698913971,65.43502807617188,14070907,0.0,0.0
2021-06-17 00:00:00-04:00,65.28897799051988,65.77584543519818,62.85464076712839,63.29281997680664,15451709,0.0,0.0
2021-06-18 00:00:00-04:00,62.513820672050855,63.3901789525845,62.07564153178403,62.22169876098633,16465184,0.0,0.0
2021-06-21 00:00:00-04:00,62.75725523765368,64.21785736083984,62.61119800639908,64.21785736083984,10825169,0.0,0.0
2021-06-22 00:00:00-04:00,63.87705224406094,64.26654314771886,63.00068653184099,63.438865661621094,7678083,0.0,0.0
2021-06-23 00:00:00-04:00,63.3901801334469,64.21785765477142,63.00068921321186,63.04937744140625,8763306,0.0,0.0
2021-06-24 00:00:00-04:00,63.58493788366429,64.26655077226165,62.9033175424063,64.02311706542969,9594524,0.0,0.0
2021-06-25 00:00:00-04:00,64.12057495117188,64.5103623705812,63.82823065744819,64.12057495117188,6844839,0.049841,0.0
2021-06-28 00:00:00-04:00,64.12056476220762,64.16928258814234,62.31778145265743,62.80501937866211,12396856,0.0,0.0
2021-06-29 00:00:00-04:00,63.633319232859954,64.46161913309767,63.146081365073776,63.77948760986328,13883493,0.0,0.0
2021-06-30 00:00:00-04:00,64.0718513082438,65.92336024392571,63.58461329227491,65.58229064941406,13754002,0.0,0.0
2021-07-01 00:00:00-04:00,66.16695568897148,66.41057461019997,65.09502945223379,65.6797103881836,9368346,0.0,0.0
2021-07-02 00:00:00-04:00,65.97206463435667,65.97206463435667,64.85142040933863,65.09503936767578,6653090,0.0,0.0
2021-07-06 00:00:00-04:00,64.70524514125788,64.90014627634606,62.4639529418989,62.95118713378906,14172730,0.0,0.0
2021-07-07 00:00:00-04:00,62.756292360891685,63.73076818598331,62.07416077499395,63.2435302734375,12250973,0.0,0.0
2021-07-08 00:00:00-04:00,62.02542996777625,63.04863098465742,61.44074527062943,62.70756149291992,10798825,0.0,0.0
2021-07-09 00:00:00-04:00,63.38971794602934,64.26674336886703,63.04864836029614,64.12057495117188,8290767,0.0,0.0
2021-07-12 00:00:00-04:00,63.63332273361255,64.0231100659529,62.85374061060012,63.8769416809082,11187237,0.0,0.0
2021-07-13 00:00:00-04:00,63.779495230671465,63.779495230671465,62.7562940943952,62.80501937866211,7907410,0.0,0.0
2021-07-14 00:00:00-04:00,62.7562956079592,63.243533545715145,61.976717145049406,62.41522979736328,8970443,0.0,0.0
2021-07-15 00:00:00-04:00,61.83054217627024,62.951186398273194,61.24585369450138,62.171607971191406,10310877,0.0,0.0
2021-07-16 00:00:00-04:00,62.36650566401073,62.70757148090712,61.002238667258894,61.14841079711914,9141767,0.0,0.0
2021-07-19 00:00:00-04:00,59.394347945214726,59.637966899102025,57.5915684322819,58.468597412109375,19842400,0.0,0.0
2021-07-20 00:00:00-04:00,58.517317310763055,62.07415841194424,58.419870477796714,61.8792610168457,15072405,0.0,0.0
2021-07-21 00:00:00-04:00,62.31777415344411,63.87693831736876,62.22032732549024,63.73076248168945,13548149,0.0,0.0
2021-07-22 00:00:00-04:00,63.58459737500301,63.633322656069105,61.8792610168457,61.8792610168457,8712244,0.0,0.0
2021-07-23 00:00:00-04:00,62.36651028199587,62.756301414096875,61.53820645701033,61.92799758911133,7579911,0.0,0.0
2021-07-26 00:00:00-04:00,61.68437077654253,63.048637701333156,61.53819865439245,62.95118713378906,10800049,0.0,0.0
2021-07-27 00:00:00-04:00,64.94885715402704,65.63099613720115,62.36649570283822,63.73076248168945,23964901,0.0,0.0
2021-07-28 00:00:00-04:00,64.07183868989382,65.67972084260036,63.53587548621428,63.974388122558594,13757312,0.0,0.0
2021-07-29 00:00:00-04:00,64.2667369597134,65.1924875822379,63.77949900487601,64.75397491455078,10889854,0.0,0.0
2021-07-30 00:00:00-04:00,64.12055976006812,64.41290398453117,62.95118286221595,63.09735870361328,12050777,0.0,0.0
2021-08-02 00:00:00-04:00,63.63333102782172,65.29603205150363,61.166685135775424,61.27022171020508,39943542,0.0,0.125
2021-08-03 00:00:00-04:00,61.026603419533096,62.85374951218362,59.75369349380587,62.76847839355469,23177543,0.0,0.0
2021-08-04 00:00:00-04:00,62.00717179411949,63.006014138284385,61.79400890486668,62.6771240234375,22702917,0.0,0.0
2021-08-05 00:00:00-04:00,62.73193065181762,63.73076534467266,62.439586425657325,62.744110107421875,13050690,0.0,0.0
2021-08-06 00:00:00-04:00,62.9511863659252,64.10838387265062,62.9511863659252,63.657684326171875,17637083,0.0,0.0
2021-08-09 00:00:00-04:00,63.072991499504965,63.50541810271002,62.14115128854691,63.16434860229492,12768033,0.0,0.0
2021-08-10 00:00:00-04:00,63.225244816707814,64.76004990340064,62.85373045709607,64.6077880859375,12930790,0.0,0.0
2021-08-11 00:00:00-04:00,64.68698672414452,64.68698672414452,63.231358801610355,64.58344268798828,13330458,0.0,0.0
2021-08-12 00:00:00-04:00,64.67479106942858,65.30820482513415,64.09619605339867,64.87577819824219,10270509,0.0,0.0
2021-08-13 00:00:00-04:00,64.8636103138435,64.93669452145066,63.694240617129104,63.90131378173828,9020462,0.0,0.0
2021-08-16 00:00:00-04:00,63.48106975691364,63.52370158697772,62.26906084985732,62.945106506347656,11101144,0.0,0.0
2021-08-17 00:00:00-04:00,62.451767255017984,62.896373331840586,61.124042481652175,61.89144515991211,13125487,0.0,0.0
2021-08-18 00:00:00-04:00,61.56255506154577,63.01817894911649,61.36766140452752,61.76354217529297,10427487,0.0,0.0
2021-08-19 00:00:00-04:00,60.90478936355178,61.40421047630346,60.052122991170286,60.55154037475586,17344153,0.0,0.0
2021-08-20 00:00:00-04:00,60.65508443430214,61.31285716832284,60.356650439623,60.935245513916016,10203095,0.0,0.0
2021-08-23 00:00:00-04:00,61.27021374326129,61.806176919146445,61.06922662001289,61.49556350708008,9642436,0.0,0.0
2021-08-24 00:00:00-04:00,61.69044347657323,63.04252684262802,61.550364850434505,62.896358489990234,11007246,0.0,0.0
2021-08-25 00:00:00-04:00,62.9511982185047,64.02921827532965,62.457874211567955,63.76732635498047,12627427,0.0,0.0
2021-08-26 00:00:00-04:00,63.62114032920969,63.71859089836818,62.63448501439202,62.963375091552734,13107992,0.0,0.0
2021-08-27 00:00:00-04:00,63.28006575849371,64.65042216357458,63.28006575849371,64.61387634277344,12473178,0.0,0.0
2021-08-30 00:00:00-04:00,64.76006097399829,64.83923862428047,63.828217000161004,64.06574249267578,11469513,0.0,0.0
2021-08-31 00:00:00-04:00,63.91348691771655,64.77834024023987,63.62114265787293,64.19974517822266,17641256,0.0,0.0
2021-09-01 00:00:00-04:00,64.16928412090932,64.2362823206682,62.890284534596475,63.13390350341797,12789542,0.0,0.0
2021-09-02 00:00:00-04:00,63.34098751284402,64.76615557386249,63.32880805541356,64.71743774414062,13633178,0.0,0.0
2021-09-03 00:00:00-04:00,64.55907303229273,65.38738043374428,63.38970358073243,63.79776382446289,12225833,0.0,0.0
2021-09-07 00:00:00-04:00,63.64551212043736,63.91349002094466,62.311697430034556,62.90856170654297,17639170,0.0,0.0
2021-09-08 00:00:00-04:00,62.70147738328108,63.785583166462004,61.16058608401254,62.47612762451172,19263203,0.0,0.0
2021-09-09 00:00:00-04:00,62.34214980319824,63.90131056334576,62.1898879373798,62.90856170654297,15066205,0.0,0.0
2021-09-10 00:00:00-04:00,62.90855867888958,63.31053296863725,61.98889779944079,62.12289047241211,15350467,0.0,0.0
2021-09-13 00:00:00-04:00,62.51877569782455,63.864773604799076,62.13507429579866,63.62114715576172,20038302,0.0,0.0
2021-09-14 00:00:00-04:00,63.669859064364154,63.67595252118435,60.94741890707299,61.13622283935547,25717763,0.0,0.0
2021-09-15 00:00:00-04:00,61.38593217034404,62.409133218992174,61.32502743480941,62.22032928466797,13007192,0.0,0.0
2021-09-16 00:00:00-04:00,62.36040885112073,62.5492127882068,61.404205980905765,61.720909118652344,9601506,0.0,0.0
2021-09-17 00:00:00-04:00,61.60519001355896,62.03761663000512,60.98396318723134,61.1910400390625,17203387,0.0,0.0
2021-09-20 00:00:00-04:00,59.991211233566325,60.82560832358903,59.24208151664191,60.7890625,16217539,0.0,0.0
2021-09-21 00:00:00-04:00,60.843889039915425,60.89870405652415,58.59650319228859,58.968021392822266,25342171,0.0,0.0
2021-09-22 00:00:00-04:00,59.48570197415545,60.314009357834806,59.47961224645664,60.01557540893555,18002884,0.0,0.0
2021-09-23 00:00:00-04:00,60.61853136643888,63.38970047639492,60.61244163890764,62.70756149291992,18620844,0.0,0.0
2021-09-24 00:00:00-04:00,62.573486279025424,63.512149499195026,62.53691576022742,63.268341064453125,10528608,0.049841,0.0
2021-09-27 00:00:00-04:00,63.72547219388744,64.81042105641286,63.62794584916069,64.21308898925781,12971559,0.0,0.0
2021-09-28 00:00:00-04:00,64.17651605641453,65.06641971181739,63.83518877115387,64.44470977783203,20146646,0.0,0.0
2021-09-29 00:00:00-04:00,64.60927800136274,65.21879899902727,64.18870403449517,64.77994537353516,11876404,0.0,0.0
2021-09-30 00:00:00-04:00,64.82871006363321,65.27365443103783,62.7502404272933,62.79900360107422,14356273,0.0,0.0
2021-10-01 00:00:00-04:00,63.49995363686837,64.84699061325776,63.18909493086127,64.49956512451172,12992425,0.0,0.0
2021-10-04 00:00:00-04:00,64.243557458215,65.2675541004873,63.75594072038351,63.93879699707031,12288913,0.0,0.0
2021-10-05 00:00:00-04:00,64.03631586615812,64.60927001158862,63.23784793643754,63.93879699707031,9208740,0.0,0.0
2021-10-06 00:00:00-04:00,63.19519999612963,63.646242614529704,62.2077735966652,63.59138870239258,11257962,0.0,0.0
2021-10-07 00:00:00-04:00,63.90223808176373,64.93233316595911,63.59138681532313,64.31062316894531,10684302,0.0,0.0
2021-10-08 00:00:00-04:00,64.22527493153706,64.74336775254045,63.79251952423657,63.82908630371094,6859525,0.0,0.0
2021-10-11 00:00:00-04:00,63.90223834085642,64.46300369742936,63.371956501963226,63.43900680541992,6615872,0.0,0.0
2021-10-12 00:00:00-04:00,63.122044874778645,63.41461645847103,61.90300656156978,62.610050201416016,13722903,0.0,0.0
2021-10-13 00:00:00-04:00,62.29309103072379,62.90261572672164,61.671381140339214,62.39061737060547,12065484,0.0,0.0
2021-10-14 00:00:00-04:00,62.86604656445868,63.17690526684216,62.396716877123005,62.62223815917969,9853826,0.0,0.0
2021-10-15 00:00:00-04:00,63.17689765362685,64.54831976805615,62.896515035691124,63.64012908935547,9069257,0.0,0.0
2021-10-18 00:00:00-04:00,63.1952116378987,63.737682519216065,62.80511359215811,63.46339797973633,6653913,0.0,0.0
2021-10-19 00:00:00-04:00,63.74376928530026,63.981479524565664,63.134248195765515,63.83519744873047,6767714,0.0,0.0
2021-10-20 00:00:00-04:00,63.847374596539126,64.6214647445861,63.31099464389513,64.6092758178711,9803748,0.0,0.0
2021-10-21 00:00:00-04:00,64.4630033944784,64.84699569606127,62.78681299313214,62.87215042114258,11588129,0.0,0.0
2021-10-22 00:00:00-04:00,62.8111867468105,63.701082863838046,62.506426268897386,63.42070770263672,8595273,0.0,0.0
2021-10-25 00:00:00-04:00,63.17081679360769,64.60319139507695,62.981869728915,64.18262481689453,10427005,0.0,0.0
2021-10-26 00:00:00-04:00,64.46300247388335,67.63861017887038,64.13385662334235,65.48699188232422,18781193,0.0,0.0
2021-10-27 00:00:00-04:00,65.7551841740365,65.99899259239871,63.20128651321313,63.29881286621094,14420637,0.0,0.0
2021-10-28 00:00:00-04:00,63.01843093158136,64.23138230550458,62.84167281186815,64.15824127197266,9487384,0.0,0.0
2021-10-29 00:00:00-04:00,63.9692877750072,64.14604589752535,63.46338380017359,63.92052459716797,9018536,0.0,0.0
2021-11-01 00:00:00-04:00,64.46300777254575,65.07861961463455,64.17043614717166,64.74948120117188,7844250,0.0,0.0
2021-11-02 00:00:00-04:00,64.81650623232233,65.30412298589808,64.18260743832626,65.02983856201172,7192101,0.0,0.0
2021-11-03 00:00:00-04:00,64.70680162233897,64.81650942599425,63.890039041377015,64.59098815917969,6599661,0.0,0.0
2021-11-04 00:00:00-04:00,64.53003355886408,64.85308115432059,63.56698896763055,64.12775421142578,7505094,0.0,0.0
2021-11-05 00:00:00-04:00,65.17612212019284,66.83401743826545,65.127358956458,66.27935791015625,12202399,0.0,0.0
2021-11-08 00:00:00-05:00,66.68166756042545,67.2363348050685,66.02338321077596,66.08433532714844,8305554,0.0,0.0
2021-11-09 00:00:00-05:00,69.93039793179153,70.80811264851395,67.33993368697602,67.83364868164062,40325875,0.0,0.0
2021-11-10 00:00:00-05:00,68.57115313741,68.68086839165768,65.89535938616886,66.4134521484375,13952431,0.0,0.0
2021-11-11 00:00:00-05:00,66.16357649580499,66.80357373633203,65.08472549745763,65.21881866455078,8848557,0.0,0.0
2021-11-12 00:00:00-05:00,65.46259367856995,65.78564123245482,64.88964704649503,65.57839965820312,12240118,0.0,0.0
2021-11-15 00:00:00-05:00,65.84659821999081,66.23668862012099,64.73117345219293,65.01764678955078,9831034,0.0,0.0
2021-11-16 00:00:00-05:00,64.700715748275,64.73728999921275,62.67100903215292,62.994056701660156,19257424,0.0,0.0
2021-11-17 00:00:00-05:00,63.20738018246275,63.317095455694485,61.81767080450166,62.165096282958984,13334471,0.0,0.0
2021-11-18 00:00:00-05:00,61.82376223111693,62.04928349804546,60.452340043418694,61.36052703857422,13692888,0.0,0.0
2021-11-19 00:00:00-05:00,60.83023847366181,61.40318890503885,60.5254780029363,60.92776107788086,10598911,0.0,0.0
2021-11-22 00:00:00-05:00,61.23862266584149,62.15290412164543,61.122812935026516,61.5860481262207,9962170,0.0,0.0
2021-11-23 00:00:00-05:00,62.0370915322065,62.29918703028608,61.65309184563699,62.219947814941406,9648856,0.0,0.0
2021-11-24 00:00:00-05:00,62.085861014884316,62.36623993051406,61.750624462441685,62.31138229370117,8943739,0.0,0.0
2021-11-26 00:00:00-05:00,58.91634572070214,59.794056678664795,58.21539659342302,59.635581970214844,13815999,0.0,0.0
2021-11-29 00:00:00-05:00,60.50719510001287,61.21423865136292,59.019959512446185,59.97690963745117,15692352,0.0,0.0
2021-11-30 00:00:00-05:00,58.9041508951033,59.385676930261305,57.581491909456155,57.898441314697266,18313148,0.0,0.0
2021-12-01 00:00:00-05:00,58.84930450719494,59.05654240572327,56.64893058290807,56.68550109863281,13895451,0.0,0.0
2021-12-02 00:00:00-05:00,57.416926790396374,58.379971527053534,56.56969179782829,58.044734954833984,9782400,0.0,0.0
2021-12-03 00:00:00-05:00,57.98378763103323,58.11788451021581,55.91141592282771,56.545318603515625,12973646,0.0,0.0
2021-12-06 00:00:00-05:00,57.20358856239602,59.05653681374572,56.83178151227917,58.52015686035156,10721861,0.0,0.0
2021-12-07 00:00:00-05:00,58.87979051999534,59.93426358285735,58.69693417837072,59.45883560180664,8104115,0.0,0.0
2021-12-08 00:00:00-05:00,59.45882622224922,60.30606121787302,59.11139698872894,59.903778076171875,7635106,0.0,0.0
2021-12-09 00:00:00-05:00,59.592911757809,59.84891280228711,59.12358210769764,59.62948226928711,6527432,0.0,0.0
2021-12-10 00:00:00-05:00,59.7879676728746,60.0744410669124,58.78835242761596,59.09311294555664,6863859,0.0,0.0
2021-12-13 00:00:00-05:00,58.49578046760246,58.75787600420023,56.57578921671942,56.764739990234375,11843339,0.0,0.0
2021-12-14 00:00:00-05:00,56.53311863860992,57.331594149853004,55.9053105035255,56.14302444458008,11654259,0.0,0.0
2021-12-15 00:00:00-05:00,56.21006664698222,56.32587263691394,54.96663948328539,56.124732971191406,12350388,0.0,0.0
2021-12-16 00:00:00-05:00,56.39291905687688,57.502245569885204,56.19787013529327,56.39901351928711,11440140,0.0,0.0
2021-12-17 00:00:00-05:00,56.350258889672745,56.72816413318507,54.92397906261678,55.74073791503906,14550168,0.0,0.0
2021-12-20 00:00:00-05:00,54.904968380489926,54.96597385110824,53.78856677404123,54.892765045166016,9651745,0.049841,0.0
2021-12-21 00:00:00-05:00,55.34421107633263,57.143876351041136,55.34421107633263,56.7717399597168,12227117,0.0,0.0
2021-12-22 00:00:00-05:00,56.68632002731127,57.16826390438294,56.22267554688805,56.777828216552734,7485993,0.0,0.0
2021-12-23 00:00:00-05:00,56.91814605328338,57.67461459803828,56.91814605328338,57.345184326171875,6236589,0.0,0.0
2021-12-27 00:00:00-05:00,57.119464326945625,57.753921922556195,57.00965299364118,57.723419189453125,5503703,0.0,0.0
2021-12-28 00:00:00-05:00,57.60751007193406,58.614100299549925,57.49159893502067,58.13825988769531,6503676,0.0,0.0
2021-12-29 00:00:00-05:00,57.955247659726254,58.248071687664726,57.61361402413057,57.82713317871094,5602577,0.0,0.0
2021-12-30 00:00:00-05:00,57.747825306072556,58.553096010246904,57.66851670149968,57.7722282409668,5247049,0.0,0.0
2021-12-31 00:00:00-05:00,57.65021163050122,57.93693956904583,57.28417882538059,57.63191223144531,6092452,0.0,0.0
2022-01-03 00:00:00-05:00,58.08946141543539,59.44378522623783,57.80273343652641,58.71171951293945,7415209,0.0,0.0
2022-01-04 00:00:00-05:00,60.26125220993115,61.03602017053251,59.8403137276148,60.62118148803711,12237390,0.0,0.0
2022-01-05 00:00:00-05:00,60.84080416426034,62.0975160760548,60.57237935413588,60.62118148803711,9461542,0.0,0.0
2022-01-06 00:00:00-05:00,61.28004490622808,61.66438087222362,60.65168705333601,60.97501754760742,6864983,0.0,0.0
2022-01-07 00:00:00-05:00,60.88350496037281,62.3720391104308,60.86520556137222,61.85959243774414,10029103,0.0,0.0
2022-01-10 00:00:00-05:00,62.054809414321696,62.22562620939744,60.358856003688835,60.65167999267578,9259300,0.0,0.0
2022-01-11 00:00:00-05:00,61.182425570375614,62.451340641426555,60.98720585580379,62.09750747680664,9107137,0.0,0.0
2022-01-12 00:00:00-05:00,61.87789625114645,62.60386206747508,61.84739351714386,62.372039794921875,7316816,0.0,0.0
2022-01-13 00:00:00-05:00,62.40253694658981,63.2322142255071,62.10360943303872,62.506248474121094,7034320,0.0,0.0
2022-01-14 00:00:00-05:00,62.01821028994276,63.00039757725698,61.560665544804394,62.93328857421875,7030789,0.0,0.0
2022-01-18 00:00:00-05:00,62.56726176528637,63.28102800760484,62.323239884562184,62.768577575683594,13499795,0.0,0.0
2022-01-19 00:00:00-05:00,62.64657035858861,62.829586780008945,61.29225033421171,61.383758544921875,9147425,0.0,0.0
2022-01-20 00:00:00-05:00,61.14582546041501,62.097509933689985,59.7670990119099,59.93791580200195,9045502,0.0,0.0
2022-01-21 00:00:00-05:00,59.60238271056274,59.99891819877463,58.479881504557866,58.74830627441406,12964978,0.0,0.0
2022-01-24 00:00:00-05:00,57.70512736108187,59.44378722392969,56.3020013634393,59.12045669555664,15847565,0.0,0.0
2022-01-25 00:00:00-05:00,55.58822641723579,56.34469497629037,53.86787369378395,55.58212661743164,33629909,0.0,0.0
2022-01-26 00:00:00-05:00,55.826140248583016,56.070162087383814,53.71534835468965,54.49011993408203,17073695,0.0,0.0
2022-01-27 00:00:00-05:00,54.90496909445849,55.98476444431055,53.727562002080816,54.843963623046875,12527109,0.0,0.0
2022-01-28 00:00:00-05:00,54.47792782616638,56.22268346640299,54.2034032197725,56.18608093261719,10398756,0.0,0.0
2022-01-31 00:00:00-05:00,55.88715647516478,57.686821618366345,55.53332698193682,57.63801574707031,11238219,0.0,0.0
2022-02-01 00:00:00-05:00,57.95524805728674,60.041633745079245,57.80273063906352,59.75490951538086,13080224,0.0,0.0
2022-02-02 00:00:00-05:00,59.58408056312121,60.13923324405805,58.6628988531195,59.8098030090332,8926564,0.0,0.0
2022-02-03 00:00:00-05:00,59.2668588786163,60.49306800022439,58.90082608199696,59.980621337890625,9972924,0.0,0.0
2022-02-04 00:00:00-05:00,59.60239461678513,61.03602320670321,59.56579208070505,60.40156555175781,10278374,0.0,0.0
2022-02-07 00:00:00-05:00,60.62118093733121,61.3654498920666,60.090434857058376,60.94451141357422,7039456,0.0,0.0
2022-02-08 00:00:00-05:00,60.99331451348217,61.310541440225045,60.16974072851498,60.58457565307617,8279712,0.0,0.0
2022-02-09 00:00:00-05:00,61.158028293502454,61.29224256005432,60.468665032789424,60.5479736328125,10632457,0.0,0.0
2022-02-10 00:00:00-05:00,60.023327378858916,61.420353299072545,59.78540531409471,60.26734924316406,8848717,0.0,0.0
2022-02-11 00:00:00-05:00,60.407668290972666,61.145837525282836,58.669012256904516,59.07164764404297,11966771,0.0,0.0
2022-02-14 00:00:00-05:00,58.99844072241995,59.419379232985854,58.29687778325473,58.93133544921875,11172731,0.0,0.0
2022-02-15 00:00:00-05:00,59.77930695305893,61.84739304987729,59.7549040189745,61.566768646240234,10741924,0.0,0.0
2022-02-16 00:00:00-05:00,61.06042530863315,62.17072712345769,60.938414366476636,61.865699768066406,7850670,0.0,0.0
2022-02-17 00:00:00-05:00,61.21903262945673,61.267838495544346,59.71219540416897,60.0660285949707,6229366,0.0,0.0
2022-02-18 00:00:00-05:00,60.041631678772184,60.37716550491536,56.076276060115575,56.546016693115234,25110235,0.0,0.0
2022-02-22 00:00:00-05:00,56.515509491099074,58.089452014093425,56.35079249106471,57.43669128417969,12349746,0.0,0.0
2022-02-23 00:00:00-05:00,57.21707719571658,57.8698379808807,56.314194724885404,56.52161407470703,11839969,0.0,0.0
2022-02-24 00:00:00-05:00,55.264903023200496,56.79003983333758,53.50184412361525,56.45450973510742,18285861,0.0,0.0
2022-02-25 00:00:00-05:00,56.98524715344294,59.431565316109044,56.771724311275385,58.79100799560547,11191511,0.0,0.0
2022-02-28 00:00:00-05:00,57.80883922144656,58.45549654628473,57.42450321287876,58.266380310058594,10142743,0.0,0.0
2022-03-01 00:00:00-05:00,57.93083837884194,58.60189850545558,56.04576873065149,56.326393127441406,10806289,0.0,0.0
2022-03-02 00:00:00-05:00,57.01575645752966,57.92473864993596,56.78393419210162,57.44279098510742,7131107,0.0,0.0
2022-03-03 00:00:00-05:00,57.918633992228294,58.138256654306026,56.112872976848834,56.39959716796875,7420184,0.0,0.0
2022-03-04 00:00:00-05:00,55.039178337165644,55.19779181202195,53.39203064796485,54.38032150268555,13545059,0.0,0.0
2022-03-07 00:00:00-05:00,54.14218439789201,54.471910601316225,52.078345790897785,52.13330078125,11428423,0.049841,0.0
2022-03-08 00:00:00-05:00,53.14078790146672,55.229051076071634,52.23709454094457,53.82466506958008,11006283,0.0,0.0
2022-03-09 00:00:00-05:00,55.845766559082215,56.77999017720274,55.62595033678592,55.7175407409668,10394261,0.0,0.0
2022-03-10 00:00:00-05:00,53.592635787878535,55.93124533810067,53.39724070458209,55.76638412475586,13026132,0.0,0.0
2022-03-11 00:00:00-05:00,56.66397415114639,57.164670597110224,55.967886341048235,56.34646224975586,11342229,0.0,0.0
2022-03-14 00:00:00-04:00,56.444162512127605,57.39059675266399,56.13886114421264,56.45026779174805,9700540,0.0,0.0
2022-03-15 00:00:00-04:00,56.938748379412125,57.128034474459206,55.72364822153882,56.38920593261719,8189827,0.0,0.0
2022-03-16 00:00:00-04:00,57.07308057791723,58.27596638250323,56.62733911845941,57.82412338256836,8954332,0.0,0.0
2022-03-17 00:00:00-04:00,57.51882186376811,58.35534984466012,56.97538468790338,58.33092498779297,6982315,0.0,0.0
2022-03-18 00:00:00-04:00,58.36756134033203,58.56295645971533,57.73864276337434,58.36756134033203,11872231,0.0,0.0
2022-03-21 00:00:00-04:00,57.6714708416629,58.446938526816986,57.182988673511346,57.897396087646484,8799280,0.0,0.0
2022-03-22 00:00:00-04:00,58.153848959723476,58.758346403326904,57.763062469203845,57.94624328613281,7730288,0.0,0.0
2022-03-23 00:00:00-04:00,57.750848091622814,57.79969780171619,57.09750471658549,57.21351623535156,7854202,0.0,0.0
2022-03-24 00:00:00-04:00,57.6348319293964,57.65315150506607,57.182985203537314,57.469970703125,8561245,0.0,0.0
2022-03-25 00:00:00-04:00,57.66536046412526,57.9523459557555,57.03644197144607,57.40890884399414,9227359,0.0,0.0
2022-03-28 00:00:00-04:00,57.152459500460466,57.176884357017194,55.39392217002509,56.17549514770508,12069336,0.0,0.0
2022-03-29 00:00:00-04:00,56.79831046039045,57.9889857295602,56.79831046039045,57.79359436035156,13794811,0.0,0.0
2022-03-30 00:00:00-04:00,57.16466527161243,58.09277977282022,56.96927018699224,57.7508430480957,9042452,0.0,0.0
2022-03-31 00:00:00-04:00,57.244045686481186,57.36616622156858,55.85187009100937,55.87018966674805,13203013,0.0,0.0
2022-04-01 00:00:00-04:00,56.236553682278014,56.517433915968525,55.63205625994922,56.47468948364258,9054811,0.0,0.0
2022-04-04 00:00:00-04:00,56.285405420378304,56.37088681072969,55.50383243870595,56.187705993652344,8249536,0.0,0.0
2022-04-05 00:00:00-04:00,55.96788596353516,56.383097282881174,54.89933126975096,55.01534652709961,10787509,0.0,0.0
2022-04-06 00:00:00-04:00,54.56960394984501,55.05808608551518,53.623169811984056,54.899330139160156,10556215,0.0,0.0
2022-04-07 00:00:00-04:00,54.84438136272145,55.00314106574616,53.17743439047645,54.62456512451172,11391666,0.0,0.0
2022-04-08 00:00:00-04:00,54.64287013847005,55.11913790453909,54.1116436541348,54.7955207824707,6447980,0.0,0.0
2022-04-11 00:00:00-04:00,54.67340862520232,55.925144097360636,54.361998272884996,54.752784729003906,8655143,0.0,0.0
2022-04-12 00:00:00-04:00,54.95428466796875,55.7724929861172,54.52686280282884,54.95428466796875,7240254,0.0,0.0
2022-04-13 00:00:00-04:00,55.051982739265,55.83966095842392,54.948181777266505,55.41223907470703,6362268,0.0,0.0
2022-04-14 00:00:00-04:00,55.589312008578105,56.267080216246725,55.338965664679286,55.461082458496094,6146543,0.0,0.0
2022-04-18 00:00:00-04:00,55.54656265169267,55.870183529601185,54.89321935621821,55.19852066040039,6291965,0.0,0.0
2022-04-19 00:00:00-04:00,55.442770315051526,56.334249513989285,55.442770315051526,56.11443328857422,7394824,0.0,0.0
2022-04-20 00:00:00-04:00,56.48079845265738,56.85326911592144,55.71754502578731,55.80913543701172,6424385,0.0,0.0
2022-04-21 00:00:00-04:00,56.75556319791485,57.26236491089367,55.82744863242059,56.004520416259766,7225326,0.0,0.0
2022-04-22 00:00:00-04:00,55.49772415837052,55.748070513768475,54.331470028420995,54.38642501831055,7967682,0.0,0.0
2022-04-25 00:00:00-04:00,54.038382500588504,54.954286528322754,52.86602310187528,54.881011962890625,11080599,0.0,0.0
2022-04-26 00:00:00-04:00,51.87073818232335,52.04170842619078,47.87739595428993,49.2085075378418,46154289,0.0,0.0
2022-04-27 00:00:00-04:00,48.84825526543545,49.916809949744824,47.54767006848618,47.75527572631836,20213257,0.0,0.0
2022-04-28 00:00:00-04:00,47.86517423040726,48.054460281874775,46.31424293434332,47.46217727661133,19277327,0.0,0.0
2022-04-29 00:00:00-04:00,47.31563842531484,47.70642487683427,45.398345318398306,45.52046585083008,16677077,0.0,0.0
2022-05-02 00:00:00-04:00,45.239597513337905,46.302043345695054,44.33590391527763,46.13107681274414,18536095,0.0,0.0
2022-05-03 00:00:00-04:00,46.92485757024439,47.791915697132126,46.39363468628594,47.4194450378418,12595004,0.0,0.0
2022-05-04 00:00:00-04:00,47.74305495335253,49.318411141145646,47.150771932723934,49.11080551147461,12019739,0.0,0.0
2022-05-05 00:00:00-04:00,48.469681571855304,48.897103465060674,47.35838614499699,47.9873046875,11491503,0.0,0.0
2022-05-06 00:00:00-04:00,47.82854684030845,47.86518225339635,46.521856356454244,47.767486572265625,8609237,0.0,0.0
2022-05-09 00:00:00-04:00,46.8821168797665,46.992023128862535,44.293156796713056,44.55571746826172,11266308,0.0,0.0
2022-05-10 00:00:00-04:00,45.18463368625098,45.61205554313685,43.438307108594834,44.7633171081543,10974181,0.0,0.0
2022-05-11 00:00:00-04:00,45.03808384668048,45.538776476885396,44.000059439782326,44.232086181640625,12465152,0.0,0.0
2022-05-12 00:00:00-04:00,43.80467380413252,45.31286477522775,43.45663174702012,44.74500274658203,13844409,0.0,0.0
2022-05-13 00:00:00-04:00,45.422766723704775,46.387516613449684,45.27622134817597,45.82576370239258,8309406,0.0,0.0
2022-05-16 00:00:00-04:00,45.3739216876326,46.039479355069545,45.019770638555634,45.569313049316406,10451563,0.0,0.0
2022-05-17 00:00:00-04:00,46.53406637883802,47.13856377324014,46.27761475148628,46.650081634521484,7218585,0.0,0.0
2022-05-18 00:00:00-04:00,46.19212960129916,46.72335243135613,45.68532788721209,45.9173583984375,11337253,0.0,0.0
2022-05-19 00:00:00-04:00,45.7952350584942,46.73556386508894,45.45940360890241,46.2470817565918,9992827,0.0,0.0
2022-05-20 00:00:00-04:00,46.47300110072301,46.67450145669401,44.73888894750804,45.94788360595703,11782667,0.0,0.0
2022-05-23 00:00:00-04:00,46.41805524899642,46.65008578098724,45.801347241786154,46.07611846923828,8467508,0.0,0.0
2022-05-24 00:00:00-04:00,45.63037348981874,45.71585861288719,44.00006582720252,45.50214767456055,9837776,0.0,0.0
2022-05-25 00:00:00-04:00,44.861013196142004,45.54489041664258,44.34200093659362,45.50825500488281,11389740,0.0,0.0
2022-05-26 00:00:00-04:00,45.92956913874426,47.44997054835194,45.61205724298596,47.02254867553711,7528368,0.0,0.0
2022-05-27 00:00:00-04:00,47.19352573838658,48.10332460398699,47.01034490928675,48.09111404418945,7819853,0.0,0.0
2022-05-31 00:00:00-04:00,47.59651726164141,48.26207494412558,47.48050200234231,47.80412292480469,8332038,0.0,0.0
2022-06-01 00:00:00-04:00,48.286493179274274,48.50630937067275,46.827152196715836,47.333953857421875,9514991,0.0,0.0
2022-06-02 00:00:00-04:00,47.63926278977473,48.03004926966058,47.120250489265636,47.62704849243164,9897164,0.0,0.0
2022-06-03 00:00:00-04:00,46.85768307123609,47.10802939704556,46.20433602632663,46.99812316894531,8463013,0.0,0.0
2022-06-06 00:00:00-04:00,47.572096606362706,47.80412338852262,46.876005043815766,47.01644515991211,7614722,0.0,0.0
2022-06-07 00:00:00-04:00,46.96149079462921,47.71863889840383,46.50964404409523,47.62704849243164,8227386,0.0,0.0
2022-06-08 00:00:00-04:00,46.82715779197499,47.798016803569645,46.723353092877545,47.114139556884766,5418794,0.0,0.0
2022-06-09 00:00:00-04:00,46.949278665194015,47.0469743472246,45.64258816930416,45.66090774536133,8114548,0.0,0.0
2022-06-10 00:00:00-04:00,44.586246680137286,44.67173180900935,43.19407097761855,43.49326705932617,15384656,0.0,0.0
2022-06-13 00:00:00-04:00,42.41860673107179,42.74222769576483,40.99590451527389,41.35005187988281,15183217,0.0,0.0
2022-06-14 00:00:00-04:00,41.4904877332379,42.07666558625996,41.234036090881105,41.55154800415039,8634919,0.0,0.0
2022-06-15 00:00:00-04:00,42.10719903983231,42.754437214770284,41.398900589170196,42.192684173583984,10576600,0.0,0.0
2022-06-16 00:00:00-04:00,40.92873292848534,41.056962494402235,39.59761746432068,39.86628341674805,14550650,0.0,0.0
2022-06-17 00:00:00-04:00,39.805221133191104,40.74555004986508,39.40832937357519,40.29981231689453,14449368,0.0,0.0
2022-06-21 00:00:00-04:00,41.191281576333196,41.557643112139985,40.122727096896725,40.147151947021484,12972362,0.0,0.0
2022-06-22 00:00:00-04:00,39.18850899179981,39.93344645869509,39.18240371311393,39.4083251953125,15573094,0.0,0.0
2022-06-23 00:00:00-04:00,39.30452248986699,39.73804959888511,38.51684436858698,39.121341705322266,10841280,0.0,0.0
2022-06-24 00:00:00-04:00,39.48159837127523,41.502692298891674,39.335052994508814,40.95925521850586,16044991,0.0,0.0
2022-06-27 00:00:00-04:00,41.24658618308051,41.50946033806436,40.433513442165626,40.78197479248047,10911904,0.049841,0.0
2022-06-28 00:00:00-04:00,41.23436363789977,41.845695438485684,39.956679426044545,40.27457046508789,11313819,0.0,0.0
2022-06-29 00:00:00-04:00,40.18286654704486,40.34792836205622,38.68510379021887,38.93574905395508,11088303,0.0,0.0
2022-06-30 00:00:00-04:00,38.2388329219579,38.97854737294483,37.755880065387714,38.923526763916016,13967359,0.0,0.0
2022-07-01 00:00:00-04:00,38.813480960887404,39.45537925637309,38.030974874843736,38.84404754638672,10997455,0.0,0.0
2022-07-05 00:00:00-04:00,37.60304942176979,37.96984851354517,36.63714364949991,37.92094421386719,12889860,0.0,0.0
2022-07-06 00:00:00-04:00,37.63361216250511,38.122677568169976,37.126209050019646,37.63972473144531,7852596,0.0,0.0
2022-07-07 00:00:00-04:00,38.25105707177936,38.5934020788332,37.86591659937331,38.5139274597168,10110160,0.0,0.0
2022-07-08 00:00:00-04:00,38.44057584679582,39.357573566364216,38.02486871666345,38.66676712036133,9940822,0.0,0.0
2022-07-11 00:00:00-04:00,38.1410168654557,38.281624658909635,37.548026591816786,37.84757614135742,7662393,0.0,0.0
2022-07-12 00:00:00-04:00,37.291268745075456,39.44927143845919,37.291268745075456,38.526161193847656,11678496,0.0,0.0
2022-07-13 00:00:00-04:00,37.933172132338306,38.33053784420971,37.419652617596824,37.90871810913086,6961770,0.0,0.0
2022-07-14 00:00:00-04:00,37.291269977405676,37.389082317384,36.67993817359947,37.346290588378906,8179393,0.0,0.0
2022-07-15 00:00:00-04:00,37.951504489344046,38.50781560399703,37.28515216820901,38.4283447265625,9391720,0.0,0.0
2022-07-18 00:00:00-04:00,39.36368270978953,39.79773125379659,38.71567179299243,38.92963790893555,10607899,0.0,0.0
2022-07-19 00:00:00-04:00,39.43092823088812,40.836995013685,39.418703093022,40.800315856933594,10070675,0.0,0.0
2022-07-20 00:00:00-04:00,40.531323567091775,41.74176177566295,40.37849064899706,41.50334167480469,11004036,0.0,0.0
2022-07-21 00:00:00-04:00,41.38719223188765,41.77844529171244,41.02039319014309,41.65006637573242,9551106,0.0,0.0
2022-07-22 00:00:00-04:00,41.81512742977548,42.03520612188903,41.47278238169293,41.68674850463867,9009387,0.0,0.0
2022-07-25 00:00:00-04:00,41.1915619166065,42.13912980690813,40.97759581886321,41.79066848754883,9468604,0.0,0.0
2022-07-26 00:00:00-04:00,42.59762732477476,44.85344200844298,42.27362003196629,43.716365814208984,28957643,0.0,0.0
2022-07-27 00:00:00-04:00,44.015920652817286,44.26045333738001,42.85438665799159,43.759159088134766,11570152,0.0,0.0
2022-07-28 00:00:00-04:00,45.57482184226268,45.78878796625672,44.572236969774245,44.71284103393555,18063717,0.0,0.0
2022-07-29 00:00:00-04:00,44.62725966209353,45.55648251812602,44.278798283716306,45.183570861816406,12729511,0.0,0.0
2022-08-01 00:00:00-04:00,44.81065602320811,46.675217915494805,44.43774065022828,46.338985443115234,14685317,0.0,0.0
2022-08-02 00:00:00-04:00,45.99664121774001,46.49181920994454,45.43421373534396,45.45866775512695,9290599,0.0,0.0
2022-08-03 00:00:00-04:00,45.80100501539922,46.03331254911021,45.27526052364298,45.69096755981445,9678390,0.0,0.0
2022-08-04 00:00:00-04:00,45.53814044405249,45.6359527758652,44.9696004167145,45.03684616088867,6942669,0.0,0.0
2022-08-05 00:00:00-04:00,44.89012770357345,45.87437486197824,44.74952364033933,45.45866775512695,7447953,0.0,0.0
2022-08-08 00:00:00-04:00,46.38788539957534,46.9380838948799,45.76432485900534,45.9599494934082,9833442,0.0,0.0
2022-08-09 00:00:00-04:00,46.07611565831146,46.51627681890844,45.770449745321955,45.80712890625,7581496,0.0,0.0
2022-08-10 00:00:00-04:00,46.58962877498527,47.561646994110774,46.40622925225038,47.15816879272461,16331500,0.0,0.0
2022-08-11 00:00:00-04:00,47.68391699029255,48.423631449765146,47.65946297009331,48.23411560058594,14557872,0.0,0.0
2022-08-12 00:00:00-04:00,48.472535512897835,48.888242624817465,48.02626181166509,48.86378860473633,8273452,0.0,0.0
2022-08-15 00:00:00-04:00,48.4847547002119,48.99827030347454,48.34414692022417,48.79042053222656,5467107,0.0,0.0
2022-08-16 00:00:00-04:00,48.49087274471146,49.70131107345567,48.38083153549729,49.56070327758789,9268610,0.0,0.0
2022-08-17 00:00:00-04:00,48.94326083953933,49.13888550431052,48.45419543445827,48.85767364501953,6485057,0.0,0.0
2022-08-18 00:00:00-04:00,48.76596711879805,48.8393254221258,48.30135579703305,48.423622131347656,6421014,0.0,0.0
2022-08-19 00:00:00-04:00,47.98957758591075,48.04459818949539,47.23764181409685,47.51274108886719,5801930,0.0,0.0
2022-08-22 00:00:00-04:00,46.54072914844428,46.565179426071694,45.458669609911006,45.715431213378906,8143279,0.0,0.0
2022-08-23 00:00:00-04:00,45.843807134559206,47.255982759907226,45.80101166521345,46.52238464355469,7642490,0.0,0.0
2022-08-24 00:00:00-04:00,46.55295256907139,47.24375897907619,46.38789448541165,46.913639068603516,7649392,0.0,0.0
2022-08-25 00:00:00-04:00,47.29877304290017,48.71095236831229,47.26209388683233,47.769500732421875,8349212,0.0,0.0
2022-08-26 00:00:00-04:00,47.9223298239546,48.06293761127911,45.97829353364243,46.01497268676758,8628819,0.0,0.0
2022-08-29 00:00:00-04:00,45.752106798251205,46.97477031022582,45.409758020375875,46.491817474365234,7868808,0.0,0.0
2022-08-30 00:00:00-04:00,46.92585449002327,47.18261603084691,45.44031707208324,45.929386138916016,6886330,0.0,0.0
2022-08-31 00:00:00-04:00,46.1005582494411,46.33286578297433,44.847328316919956,44.89623260498047,10274200,0.0,0.0
2022-09-01 00:00:00-04:00,44.78009519423625,44.78009519423625,43.66746898755072,44.67616653442383,8002191,0.0,0.0
2022-09-02 00:00:00-04:00,45.11020375688231,45.45866509631426,44.08316867444519,44.27879333496094,6479760,0.0,0.0
2022-09-06 00:00:00-04:00,44.321588829466066,44.407176029403644,43.490178336829445,44.113739013671875,6472859,0.0,0.0
2022-09-07 00:00:00-04:00,43.954787912278896,45.079639116708925,43.84475043966866,44.98182678222656,5494394,0.0,0.0
2022-09-08 00:00:00-04:00,44.34604842889153,45.287500260338525,44.06483651642132,45.09798812866211,5810597,0.0,0.0
2022-09-09 00:00:00-04:00,45.56259569398985,45.83157867795502,45.042959946940066,45.263038635253906,10795534,0.0,0.0
2022-09-12 00:00:00-04:00,45.48923252284159,46.7608040691161,45.39753275969159,46.0455436706543,11661482,0.0,0.0
2022-09-13 00:00:00-04:00,44.786203115173656,45.15300218505303,43.172286459073746,43.30677795410156,11574005,0.0,0.0
2022-09-14 00:00:00-04:00,43.22118282432425,43.404582325608345,41.98629434627236,42.81159210205078,9968109,0.0,0.0
2022-09-15 00:00:00-04:00,42.65875667284391,43.27620087551875,42.029083591578555,42.126895904541016,7908775,0.0,0.0
2022-09-16 00:00:00-04:00,39.981130233194534,40.7147283349343,39.84663500198376,40.58634567260742,22966955,0.0,0.0
2022-09-19 00:00:00-04:00,40.097278881688844,41.2588129123381,40.01780800264662,40.98982620239258,8045047,0.0,0.0
2022-09-20 00:00:00-04:00,40.62302715851015,41.081525956141455,40.31124872475144,40.708614349365234,8379870,0.0,0.0
2022-09-21 00:00:00-04:00,40.971491033133766,41.00205762433193,39.8344145891929,39.87109375,10164733,0.0,0.0
2022-09-22 00:00:00-04:00,39.736601593469445,40.17064643272512,39.44316082552435,39.95668029785156,11345279,0.0,0.0
2022-09-23 00:00:00-04:00,39.46149444580078,39.785501770874625,38.850162695210905,39.46149444580078,13124524,0.0,0.0
2022-09-26 00:00:00-04:00,39.49822403308869,40.495932859948255,39.30235660897057,39.38804626464844,16780605,0.049841,0.0
2022-09-27 00:00:00-04:00,39.69409035168563,39.97565491923595,38.873892256711,39.46149826049805,12596770,0.0,0.0
2022-09-28 00:00:00-04:00,39.779785143826054,39.82263371976807,39.29011283224727,39.455379486083984,10686228,0.0,0.0
2022-09-29 00:00:00-04:00,39.03302848345131,39.241139923395195,37.90066149165378,38.396453857421875,14124337,0.0,0.0
2022-09-30 00:00:00-04:00,38.3413740071242,38.73923277354927,37.87618604517147,37.89454650878906,12709126,0.0,0.0
2022-10-03 00:00:00-04:00,38.414821299980176,39.40640995957028,38.04144691950529,38.928977966308594,8721754,0.0,0.0
2022-10-04 00:00:00-04:00,39.712454748585806,41.401827170639685,39.70633459443594,41.34061813354492,12441557,0.0,0.0
2022-10-05 00:00:00-04:00,40.82033599295264,41.75071556951763,40.42860116892303,41.2794075012207,9327837,0.0,0.0
2022-10-06 00:00:00-04:00,40.84482297083251,41.3038945084852,40.26945725798848,40.532657623291016,7953396,0.0,0.0
2022-10-07 00:00:00-04:00,40.159277299791476,40.26333115098886,39.235021702422905,39.51658248901367,6856315,0.0,0.0
2022-10-10 00:00:00-04:00,39.81650732166418,40.16539728983414,39.21053718155016,39.773658752441406,5764210,0.0,0.0
2022-10-11 00:00:00-04:00,39.473737890974824,39.94504971497463,38.61069123637509,39.17381286621094,8500412,0.0,0.0
2022-10-12 00:00:00-04:00,38.98406748372489,40.04298535245601,38.59844904075855,39.62676239013672,8598323,0.0,0.0
2022-10-13 00:00:00-04:00,38.98406886328855,41.842533320687416,38.678023658928815,41.58545684814453,12818915,0.0,0.0
2022-10-14 00:00:00-04:00,41.805805737889465,42.09961061275828,41.12638618102804,41.358978271484375,9106174,0.0,0.0
2022-10-17 00:00:00-04:00,42.203660827629335,42.962653565598416,41.88537536386697,42.00779342651367,8251944,0.0,0.0
2022-10-18 00:00:00-04:00,42.96264932632576,43.54413506652039,42.803506610147736,43.27481460571289,9806637,0.0,0.0
2022-10-19 00:00:00-04:00,43.011629792847735,43.44621324149397,42.44238420312068,43.170772552490234,8408280,0.0,0.0
2022-10-20 00:00:00-04:00,43.31155125625403,43.83182807011296,42.74230571373622,42.827999114990234,9609852,0.0,0.0
2022-10-21 00:00:00-04:00,42.8463556148479,44.62142126929613,42.69333303668837,44.572452545166016,10352529,0.0,0.0
2022-10-24 00:00:00-04:00,44.68263284360942,45.49059060315647,44.54185056457116,44.902984619140625,10913990,0.0,0.0
2022-10-25 00:00:00-04:00,45.906820968771235,46.05984358040719,43.50742416964037,44.682640075683594,15445168,0.0,0.0
2022-10-26 00:00:00-04:00,44.86014273829327,46.90452538259861,44.798929951730315,46.188377380371094,12975572,0.0,0.0
2022-10-27 00:00:00-04:00,46.70252892105765,47.51661054624878,46.451572639271674,46.51890182495117,10105505,0.0,0.0
2022-10-28 00:00:00-04:00,46.94125080221254,47.96956416892142,46.87392160806095,47.9450798034668,8648081,0.0,0.0
2022-10-31 00:00:00-04:00,47.60843625678955,48.26949547077219,47.46153379281578,47.62679672241211,10585428,0.0,0.0
2022-11-01 00:00:00-04:00,48.085848023517016,49.02234762957979,47.40642857784273,47.871620178222656,9174391,0.0,0.0
2022-11-02 00:00:00-04:00,47.79816700689079,48.75915097132784,47.30237464195059,47.375823974609375,10230221,0.0,0.0
2022-11-03 00:00:00-04:00,47.05141813019161,48.2205097801477,46.867787303936325,47.97567367553711,13947456,0.0,0.0
2022-11-04 00:00:00-04:00,48.96114852131373,49.677296526258566,48.618378652489646,49.62220764160156,11558435,0.0,0.0
2022-11-07 00:00:00-05:00,49.64668602352214,51.31769408587816,49.62220166131444,51.08509826660156,12864178,0.0,0.0
2022-11-08 00:00:00-05:00,51.29321607686988,51.85021758404644,50.58931212604943,51.41563415527344,10052376,0.0,0.0
2022-11-09 00:00:00-05:00,50.93820386907425,51.8991880656454,50.7423364361391,50.89535903930664,7961743,0.0,0.0
2022-11-10 00:00:00-05:00,52.1685052001808,52.437825713780356,51.50744609841809,52.260318756103516,13786304,0.0,0.0
2022-11-11 00:00:00-05:00,52.505153751286144,53.117244110651846,52.11953532576658,52.82956314086914,12490513,0.0,0.0
2022-11-14 00:00:00-05:00,52.627576348665244,53.313116110986,52.437829070504876,52.535762786865234,7906367,0.0,0.0
2022-11-15 00:00:00-05:00,52.97033509392347,53.631394099029045,52.774467702379766,53.337589263916016,7913108,0.0,0.0
2022-11-16 00:00:00-05:00,53.147834916524694,53.20904393666939,51.81347677825154,51.96649932861328,7629328,0.0,0.0
2022-11-17 00:00:00-05:00,51.2626048546037,52.49902953349406,50.93207533657172,52.26643371582031,7466411,0.0,0.0
2022-11-18 00:00:00-05:00,52.939739934260764,53.34371884307654,51.93591094267742,52.321529388427734,6555521,0.0,0.0
2022-11-21 00:00:00-05:00,52.09504730216199,52.63980843328765,51.86245523062135,52.572479248046875,5247691,0.0,0.0
2022-11-22 00:00:00-05:00,52.823441299864626,53.613038643810924,52.63981418489098,53.4355354309082,6797569,0.0,0.0
2022-11-23 00:00:00-05:00,53.27027095037625,53.839516529119734,53.21518206407878,53.784427642822266,5867738,0.0,0.0
2022-11-25 00:00:00-05:00,53.6803598023922,54.096578922968135,53.46612821527603,53.949676513671875,3040207,0.0,0.0
2022-11-28 00:00:00-05:00,53.37431698670205,53.59467249954953,52.125651987689615,52.31540298461914,6876058,0.0,0.0
2022-11-29 00:00:00-05:00,52.486782905699556,52.59084050231492,52.00323083337455,52.43169403076172,7205262,0.0,0.0
2022-11-30 00:00:00-05:00,52.4194572112361,52.854040590792515,50.91983592062471,52.6214485168457,11654259,0.0,0.0
2022-12-01 00:00:00-05:00,52.76834491225644,53.01318477853696,51.948146913576515,52.186859130859375,6806718,0.0,0.0
2022-12-02 00:00:00-05:00,51.76452360027821,53.22129636282642,51.666586147503686,53.17845153808594,7191459,0.0,0.0
2022-12-05 00:00:00-05:00,52.541870987259756,52.6704091949755,51.795122353636955,51.819602966308594,7568656,0.0,0.0
2022-12-06 00:00:00-05:00,53.013193668060865,53.31311496525681,51.70331571717285,52.19911193847656,9444207,0.0,0.0
2022-12-07 00:00:00-05:00,52.0277214050293,52.68878048760249,51.91754738979904,52.0277214050293,7801715,0.0,0.0
2022-12-08 00:00:00-05:00,52.39497590013154,52.75610996111483,50.61379370690642,51.18915939331055,10334231,0.0,0.0
2022-12-09 00:00:00-05:00,51.18303576352817,51.293213527735084,49.78134808590792,49.854801177978516,8899117,0.0,0.0
2022-12-12 00:00:00-05:00,50.020060183134404,50.96268001618608,49.597717116945276,50.93207550048828,7480054,0.0,0.0
2022-12-13 00:00:00-05:00,51.76452057858886,51.96650813060044,50.14859767571062,50.73008346557617,12391318,0.0,0.0
2022-12-14 00:00:00-05:00,50.47276181275876,51.060939296609206,49.83557203953345,49.91522216796875,12271899,0.049841,0.0
2022-12-15 00:00:00-05:00,49.057474117096874,49.755932156769276,48.09556138875399,48.28549575805664,15598294,0.0,0.0
2022-12-16 00:00:00-05:00,47.66054424846471,48.00364522528012,46.986594427377206,47.57476806640625,15978540,0.0,0.0
2022-12-19 00:00:00-05:00,47.32970205035549,48.00365196608084,47.29906796327707,47.82597351074219,7061125,0.0,0.0
2022-12-20 00:00:00-05:00,47.813720626263226,49.50472520759492,47.69731034690794,49.21676254272461,11196647,0.0,0.0
2022-12-21 00:00:00-05:00,49.65176690529426,51.21410910728199,49.608880683689364,50.84037399291992,12127441,0.0,0.0
2022-12-22 00:00:00-05:00,50.35022440743743,50.67494345458904,49.18612543676345,50.099021911621094,9730074,0.0,0.0
2022-12-23 00:00:00-05:00,50.0622586861331,50.47888371327192,49.60274744359105,50.11127471923828,5286213,0.0,0.0
2022-12-27 00:00:00-05:00,50.239947080900905,50.907770969461154,50.178678903077376,50.754600524902344,6804792,0.0,0.0
2022-12-28 00:00:00-05:00,50.84649518838993,50.956775641130164,49.811062387720284,50.2215576171875,6210907,0.0,0.0
2022-12-29 00:00:00-05:00,50.39311123640357,51.41016211106238,50.23994081096042,51.3121337890625,7088733,0.0,0.0
2022-12-30 00:00:00-05:00,50.79748558067525,51.48369140737027,50.71783920218771,51.336647033691406,6625342,0.0,0.0
2023-01-03 00:00:00-05:00,51.495939368240805,52.13312910159107,51.18347244413618,52.06573486328125,10280781,0.0,0.0
2023-01-04 00:00:00-05:00,53.69130001394401,55.09617614746094,52.3884587061524,55.09617614746094,21031104,0.0,1.281
2023-01-05 00:00:00-05:00,54.86073263323639,56.15572997332427,54.15437044773391,55.95166778564453,16001061,0.0,0.0
2023-01-06 00:00:00-05:00,56.516754407061924,56.76790438540931,55.52784667804572,56.461814880371094,13018044,0.0,0.0
2023-01-09 00:00:00-05:00,56.508904265605445,58.00795996106952,56.477512393144835,57.034751892089844,9488844,0.0,0.0
2023-01-10 00:00:00-05:00,56.665871764838016,59.153831328643385,56.665871764838016,59.075347900390625,11597142,0.0,0.0
2023-01-11 00:00:00-05:00,59.507017974085166,60.982529822668845,59.263715947364645,60.97468185424805,12729603,0.0,0.0
2023-01-12 00:00:00-05:00,61.12379850528566,62.16764579233758,60.66073837416611,61.892948150634766,14407871,0.0,0.0
2023-01-13 00:00:00-05:00,61.830154655061364,63.258578501903706,61.61039656302125,62.944637298583984,13843395,0.0,0.0
2023-01-17 00:00:00-05:00,62.72488086237464,63.30566797728765,62.59930587829916,63.172245025634766,10640727,0.0,0.0
2023-01-18 00:00:00-05:00,63.525426243895076,63.71378496909017,62.112702042164955,62.2147331237793,9816378,0.0,0.0
2023-01-19 00:00:00-05:00,61.170890530821715,61.806617219930615,60.17413479639635,60.32325744628906,13045860,0.0,0.0
2023-01-20 00:00:00-05:00,60.8961957431726,61.02177073522618,59.38928833569212,60.96683120727539,10351409,0.0,0.0
2023-01-23 00:00:00-05:00,60.91188135986044,62.803357639712004,60.8569418412173,62.607147216796875,13729748,0.0,0.0
2023-01-24 00:00:00-05:00,61.21797650310494,63.45478603595774,60.80200796700169,63.337059020996094,16767395,0.0,0.0
2023-01-25 00:00:00-05:00,62.615006100211474,63.84721212259356,62.34031221052218,63.4077033996582,10652380,0.0,0.0
2023-01-26 00:00:00-05:00,63.94924185095837,64.02772903327373,62.881854435940525,63.682395935058594,8158534,0.0,0.0
2023-01-27 00:00:00-05:00,63.572521496088456,65.91921413958826,63.49403430807522,65.3227310180664,9760244,0.0,0.0
2023-01-30 00:00:00-05:00,64.67915240897433,64.94599834352984,63.313523359373,63.4390983581543,7175806,0.0,0.0
2023-01-31 00:00:00-05:00,63.14086573003012,63.50189481900186,62.37171223440598,63.16440963745117,8625026,0.0,0.0
2023-02-01 00:00:00-05:00,62.99958937030709,64.7262551810573,62.795530911629015,64.60852813720703,9112192,0.0,0.0
2023-02-02 00:00:00-05:00,64.5064747745998,65.95059068012286,64.27886873483408,65.87995147705078,10391129,0.0,0.0
2023-02-03 00:00:00-05:00,65.5424834266973,65.68375435053143,64.21608682884616,64.32596588134766,7240085,0.0,0.0
2023-02-06 00:00:00-05:00,63.94141366798632,64.70271181151024,63.760902846495384,64.632080078125,5425114,0.0,0.0
2023-02-07 00:00:00-05:00,64.34166398026062,64.64775724455689,63.21148904875243,64.44369506835938,5891982,0.0,0.0
2023-02-08 00:00:00-05:00,64.11406324701512,64.82827333685621,63.8079699930101,64.32596588134766,4269472,0.0,0.0
2023-02-09 00:00:00-05:00,64.62421348581091,64.85181956681207,63.13300200713132,63.4077033996582,4838334,0.0,0.0
2023-02-10 00:00:00-05:00,63.4234039314528,63.84721674886763,63.10161470692141,63.80012893676758,4373095,0.0,0.0
2023-02-13 00:00:00-05:00,63.72947806493367,65.07941846573361,63.635302457950495,64.89105224609375,5114245,0.0,0.0
2023-02-14 00:00:00-05:00,64.45939383108734,65.77793506041682,64.32597086474995,65.56603240966797,6726731,0.0,0.0
2023-02-15 00:00:00-05:00,64.83612867412383,66.54709089594644,64.70269820011951,66.5313949584961,7305617,0.0,0.0
2023-02-16 00:00:00-05:00,65.62096784623387,66.35087392447798,65.12651582567094,65.96630096435547,5645893,0.0,0.0
2023-02-17 00:00:00-05:00,65.60527516735648,65.78579345520083,64.53788388638486,65.1736068725586,5543523,0.0,0.0
2023-02-21 00:00:00-05:00,64.46724101678662,65.4404490011115,64.20823558300347,64.56141662597656,5101965,0.0,0.0
2023-02-22 00:00:00-05:00,64.4829426955986,66.18605681987543,64.43584738397158,65.29132843017578,10829053,0.0,0.0
2023-02-23 00:00:00-05:00,65.52678405715562,66.2488421596669,64.27888206582074,65.09512329101562,10120732,0.0,0.0
2023-02-24 00:00:00-05:00,64.16899168235514,65.7543785402051,64.08265654322791,65.57386779785156,8704340,0.0,0.0
2023-02-27 00:00:00-05:00,65.92705050191377,66.60201318978643,65.52677416663508,65.80147552490234,8007297,0.0,0.0
2023-02-28 00:00:00-05:00,65.6288176072034,67.22206027568788,65.5032426065327,66.48429870605469,11441143,0.0,0.0
2023-03-01 00:00:00-05:00,66.44505072541371,66.99444597533703,65.73084065193197,66.03693389892578,7512988,0.0,0.0
2023-03-02 00:00:00-05:00,65.61312593312215,67.28484839637055,65.44046310954562,67.2770004272461,8546337,0.0,0.0
2023-03-03 00:00:00-05:00,67.41825795863205,68.31298628348445,66.82962287723892,67.79498291015625,9618780,0.0,0.0
2023-03-06 00:00:00-05:00,68.06208606034086,68.98906484885445,67.92853941433695,68.39202880859375,8084105,0.063847,0.0
2023-03-07 00:00:00-05:00,68.31346338096971,68.80051846604132,67.63786745209325,67.86568450927734,8643445,0.0,0.0
2023-03-08 00:00:00-05:00,68.16421024082685,68.66697584060947,67.61430567244419,68.32917785644531,7598067,0.0,0.0
2023-03-09 00:00:00-05:00,70.67019469077019,74.5823463167852,70.52093004279024,71.92710876464844,35826152,0.0,0.0
2023-03-10 00:00:00-05:00,72.1941995755204,74.00101818799574,71.32221499749363,71.4871826171875,23152683,0.0,0.0
2023-03-13 00:00:00-04:00,70.465941631332,71.2750842710572,68.8633743484935,69.89247131347656,14201502,0.0,0.0
2023-03-14 00:00:00-04:00,71.62071990966797,73.12116114965725,70.85870891766368,71.62071990966797,14218418,0.0,0.0
2023-03-15 00:00:00-04:00,69.90819302302144,70.5130844116211,67.9128407200067,70.5130844116211,15107797,0.0,0.0
2023-03-16 00:00:00-04:00,70.23028098462838,72.3513322340622,69.57825812428524,72.24920654296875,10183883,0.0,0.0
2023-03-17 00:00:00-04:00,72.1077974173831,72.13921839310225,70.19099774181974,70.92943572998047,12765689,0.0,0.0
2023-03-20 00:00:00-04:00,71.19652325033488,71.66786788694537,70.23812349053259,70.63876342773438,8705343,0.0,0.0
2023-03-21 00:00:00-04:00,71.4714648707122,73.08974996912815,71.45575438565078,72.41415405273438,8553980,0.0,0.0
2023-03-22 00:00:00-04:00,72.657671681419,72.74408684726328,70.34808800633044,70.37950897216797,8784783,0.0,0.0
2023-03-23 00:00:00-04:00,71.19651995520492,73.01904896117821,71.11796752593395,71.95066833496094,10834691,0.0,0.0
2023-03-24 00:00:00-04:00,71.14939029106786,72.54770617505471,70.95299419335507,71.77784729003906,8342975,0.0,0.0
2023-03-27 00:00:00-04:00,72.49271444036985,73.56109501934488,72.35916780672198,73.3018569946289,7524516,0.0,0.0
2023-03-28 00:00:00-04:00,73.32543196373531,73.63965672611198,72.71268541632844,73.1683120727539,5023152,0.0,0.0
2023-03-29 00:00:00-04:00,73.82034753920051,74.17385605407947,73.58467519594787,73.89105224609375,6162254,0.0,0.0
2023-03-30 00:00:00-04:00,73.80461103861234,74.08741474692424,73.49823409644864,73.88316345214844,6623107,0.0,0.0
2023-03-31 00:00:00-04:00,74.26025889889709,75.15580914844082,74.08742853736554,75.10082244873047,9247391,0.0,0.0
2023-04-03 00:00:00-04:00,75.21866320162962,76.15348972243233,74.91228618369766,76.13777923583984,6199468,0.0,0.0
2023-04-04 00:00:00-04:00,76.16920359325691,76.88407575325229,74.37024032896228,74.66875457763672,8554983,0.0,0.0
2023-04-05 00:00:00-04:00,74.61376874712651,74.88086202743065,73.57680908796671,74.04029846191406,10642230,0.0,0.0
2023-04-06 00:00:00-04:00,73.93818118389446,74.15028778753154,73.48254700120543,73.5296859741211,8025340,0.0,0.0
2023-04-10 00:00:00-04:00,73.71035868091707,74.62162697939205,73.53753581903015,74.12671661376953,7499832,0.0,0.0
2023-04-11 00:00:00-04:00,74.2445303909599,74.59803879699206,73.74962012447315,73.773193359375,6663078,0.0,0.0
2023-04-12 00:00:00-04:00,74.04816914556717,74.37025670356255,73.69466060917051,73.92247772216797,8768118,0.0,0.0
2023-04-13 00:00:00-04:00,74.14241640250687,74.38594392854166,73.42754430868965,74.0795669555664,11044694,0.0,0.0
2023-04-14 00:00:00-04:00,73.73391724890057,75.13224053390054,73.69464103633048,74.97512817382812,7211767,0.0,0.0
2023-04-17 00:00:00-04:00,75.11653768777721,76.08279269360033,75.00655677160448,76.01994323730469,7676003,0.0,0.0
2023-04-18 00:00:00-04:00,76.20063453244028,77.39470670291777,76.0906536080705,77.35542297363281,8909832,0.0,0.0
2023-04-19 00:00:00-04:00,77.44183301043063,78.01530332579428,77.31614160663244,77.79534149169922,7038101,0.0,0.0
2023-04-20 00:00:00-04:00,78.00746402134442,78.92658025260742,77.81892312222693,78.36882781982422,8661237,0.0,0.0
2023-04-21 00:00:00-04:00,78.54164332510734,78.62020327730956,77.87391001566652,78.17242431640625,5112741,0.0,0.0
2023-04-24 00:00:00-04:00,78.22740714194106,79.16223363899924,78.22740714194106,78.67517852783203,7833505,0.0,0.0
2023-04-25 00:00:00-04:00,80.08921905513787,80.1363580274263,76.63269402148795,77.33185577392578,11649768,0.0,0.0
2023-04-26 00:00:00-04:00,77.16688144612422,77.33970430339608,75.48575429263882,75.58002471923828,8032357,0.0,0.0
2023-04-27 00:00:00-04:00,76.21633499815997,77.13545849174946,75.8863922684365,77.03333282470703,9348633,0.0,0.0
2023-04-28 00:00:00-04:00,76.30275973590564,78.33739555933687,76.1063636200888,77.74821472167969,6279159,0.0,0.0
2023-05-01 00:00:00-04:00,78.15669539354712,80.12848889941785,78.06242497509824,79.48431396484375,7408237,0.0,0.0
2023-05-02 00:00:00-04:00,79.03655140099727,80.15207114796081,78.70661613310605,79.74356842041016,7485046,0.0,0.0
2023-05-03 00:00:00-04:00,80.03422249240379,80.87478603860208,79.58644361467219,79.94780731201172,5917543,0.0,0.0
2023-05-04 00:00:00-04:00,79.7278480886092,79.93209942716616,76.52271367475244,78.02315521240234,9055431,0.0,0.0
2023-05-05 00:00:00-04:00,79.01297340131714,79.9399521285959,78.36095070098236,78.74588012695312,6302841,0.0,0.0
2023-05-08 00:00:00-04:00,78.7301705229888,79.4293321976708,78.7301705229888,79.28007507324219,4282128,0.0,0.0
2023-05-09 00:00:00-04:00,79.16225562319153,80.04995841798645,79.16225562319153,79.34294128417969,6520737,0.0,0.0
2023-05-10 00:00:00-04:00,79.71998322048051,79.86924032996251,77.34754991377983,78.19596862792969,5053224,0.0,0.0
2023-05-11 00:00:00-04:00,78.08601662975691,78.54164332510734,77.63038242461275,78.17242431640625,5117628,0.0,0.0
2023-05-12 00:00:00-04:00,78.22740100344082,78.55733620719835,76.75837303232437,77.61465454101562,4332874,0.0,0.0
2023-05-15 00:00:00-04:00,77.88175951874783,80.37202946519166,77.78748908501318,80.12850189208984,7973716,0.0,0.0
2023-05-16 00:00:00-04:00,79.52360541249644,80.30917478637599,79.25650461597641,79.4450454711914,5523851,0.0,0.0
2023-05-17 00:00:00-04:00,80.02637301478046,81.36970223495733,79.77499020806859,81.28328704833984,6871703,0.0,0.0
2023-05-18 00:00:00-04:00,80.82764180114928,81.91958806474113,79.9163811293404,81.70748901367188,5772320,0.0,0.0
2023-05-19 00:00:00-04:00,82.10814387293092,83.09796465774153,81.57395726201513,81.90389251708984,7230687,0.0,0.0
2023-05-22 00:00:00-04:00,81.77819775630759,83.22365265576967,81.77819775630759,82.13170623779297,4996087,0.0,0.0
2023-05-23 00:00:00-04:00,81.5896676701296,81.80962951316113,79.56288713047223,79.89282989501953,5738239,0.0,0.0
2023-05-24 00:00:00-04:00,79.56288178724961,79.71213891721402,78.4866458852456,79.32720947265625,6275400,0.0,0.0
2023-05-25 00:00:00-04:00,79.65714852435251,80.19919031692763,78.981552584542,79.75141143798828,6737506,0.0,0.0
2023-05-26 00:00:00-04:00,79.80641043393125,81.66036049351403,79.78284470410891,80.7098159790039,6796523,0.0,0.0
2023-05-30 00:00:00-04:00,80.92978127829157,80.96905749634521,79.07583113926276,80.4427261352539,7098370,0.0,0.0
2023-05-31 00:00:00-04:00,79.59430209942613,80.00279727009493,78.32953286211838,79.75926971435547,13358734,0.0,0.0
2023-06-01 00:00:00-04:00,79.50788077859042,82.61875206137424,79.39789987386233,82.22596740722656,7797043,0.0,0.0
2023-06-02 00:00:00-04:00,82.87798281654881,83.82852715348838,82.12383454435904,83.11365509033203,7477278,0.0,0.0
2023-06-05 00:00:00-04:00,83.11366447848333,83.11366447848333,81.77819061279297,81.77819061279297,5108732,0.0,0.0
2023-06-06 00:00:00-04:00,81.95888541277814,83.3572013769566,81.77819979095347,82.8465805053711,7794036,0.0,0.0
2023-06-07 00:00:00-04:00,83.77356476019003,84.3156066412412,82.9879877831178,83.3336410522461,9121088,0.0,0.0
2023-06-08 00:00:00-04:00,83.14510465870137,84.22919589114647,82.98012951932917,83.3257827758789,4477596,0.0,0.0
2023-06-09 00:00:00-04:00,83.49862211131551,83.7028659817889,82.54807743133986,83.50647735595703,4365076,0.0,0.0
2023-06-12 00:00:00-04:00,83.51431124284541,83.96994535470667,82.99582768013093,83.45146179199219,4677449,0.0,0.0
2023-06-13 00:00:00-04:00,83.29435960180716,84.17419945265672,83.12152922319815,83.85211944580078,5411582,0.0,0.0
2023-06-14 00:00:00-04:00,83.83639902330103,83.89924848001135,81.66821667837736,82.24954223632812,6429268,0.0,0.0
2023-06-15 00:00:00-04:00,82.04528562688085,82.98797484852153,81.69178467855801,82.80729675292969,8733159,0.0,0.0
2023-06-16 00:00:00-04:00,83.23150303211598,85.54894988960301,83.22364778919518,83.49860382080078,13731752,0.0,0.0
2023-06-20 00:00:00-04:00,83.33363266542972,83.43575833805245,81.23615503929116,81.7153549194336,8068443,0.0,0.0
2023-06-21 00:00:00-04:00,81.4168334594896,83.02726347820732,81.3697019995398,82.52449035644531,5983576,0.0,0.0
2023-06-22 00:00:00-04:00,82.21812725176746,83.10582238518762,82.20241676389371,82.34381866455078,5292046,0.0,0.0
2023-06-23 00:00:00-04:00,80.98478305226634,81.99031440663823,80.63127452740862,81.52682495117188,7532911,0.0,0.0
2023-06-26 00:00:00-04:00,81.3304114683281,82.57162241754365,81.19686483318449,82.05314636230469,5326378,0.0,0.0
2023-06-27 00:00:00-04:00,82.19455383817991,82.65018047331641,81.98244725212075,82.42237091064453,5973427,0.0,0.0
2023-06-28 00:00:00-04:00,82.71302918114702,84.34702488964449,82.46164638134628,84.09564208984375,6009012,0.0,0.0
2023-06-29 00:00:00-04:00,83.44363061937284,84.70840765577574,83.30222870140476,84.63770294189453,4070746,0.0,0.0
2023-06-30 00:00:00-04:00,85.61964636523378,86.61732979602736,85.31327687428033,86.29524230957031,9250648,0.0,0.0
2023-07-03 00:00:00-04:00,85.67464379254314,85.88674286740232,84.29988612367394,85.06189727783203,3723916,0.0,0.0
2023-07-05 00:00:00-04:00,85.01475634424204,85.61964760182205,84.65339263828784,85.35255432128906,4588235,0.0,0.0
2023-07-06 00:00:00-04:00,84.84979627352384,85.43112185386472,83.94638317344702,84.34703063964844,4594375,0.0,0.0
2023-07-07 00:00:00-04:00,84.16635157829599,85.5253914464181,84.00923918290792,85.0540542602539,4843847,0.0,0.0
2023-07-10 00:00:00-04:00,85.22699042455602,87.05087467657323,85.19554621754769,86.89363861083984,5805400,0.063847,0.0
2023-07-11 00:00:00-04:00,87.05086688520555,87.6797885458108,86.65778427140025,87.43608093261719,4746113,0.0,0.0
2023-07-12 00:00:00-04:00,87.49111384381035,88.0257029257689,87.17665675121887,87.42036437988281,5403938,0.0,0.0
2023-07-13 00:00:00-04:00,87.45967795151411,87.90778799370169,87.12163015679974,87.48326110839844,3477075,0.0,0.0
2023-07-14 00:00:00-04:00,87.26313119920492,87.43608936965147,86.50056408184719,86.69710540771484,3405529,0.0,0.0
2023-07-17 00:00:00-04:00,86.80716605241238,88.16721065882986,86.59490262683312,87.3731918334961,4557412,0.0,0.0
2023-07-18 00:00:00-04:00,87.18453363022348,87.91565664894318,86.88579107114772,87.31031799316406,4476718,0.0,0.0
2023-07-19 00:00:00-04:00,86.73641175959303,87.11376479712287,85.55717882022103,86.3905029296875,5604920,0.0,0.0
2023-07-20 00:00:00-04:00,86.50842639081974,87.92350592080106,86.44553797544954,87.45181274414062,5158852,0.0,0.0
2023-07-21 00:00:00-04:00,87.60903371409012,87.9549425147208,86.33546825962912,86.73640441894531,10277106,0.0,0.0
2023-07-24 00:00:00-04:00,86.79145388239303,87.24741747704101,86.52415554923807,86.67353057861328,6687261,0.0,0.0
2023-07-25 00:00:00-04:00,90.0146750952119,92.73477196135475,89.33072598915518,92.10585021972656,21329067,0.0,0.0
2023-07-26 00:00:00-04:00,92.09012446871897,92.28665827781259,89.18921600470159,90.18762969970703,9449750,0.0,0.0
2023-07-27 00:00:00-04:00,90.84799253395326,92.18445395479324,90.3527162291684,90.73793029785156,7752311,0.0,0.0
2023-07-28 00:00:00-04:00,90.82441227305173,91.07598095920011,89.63731830790711,89.9281997680664,5600785,0.0,0.0
2023-07-31 00:00:00-04:00,89.96752368759874,90.2112313725634,89.40149026868659,89.81029510498047,5169252,0.0,0.0
2023-08-01 00:00:00-04:00,89.37789961592719,89.77883584989911,88.26156249376139,89.00840759277344,6595040,0.0,0.0
2023-08-02 00:00:00-04:00,88.81185368150494,89.22851947729288,87.99425922380559,88.02570343017578,5377375,0.0,0.0
2023-08-03 00:00:00-04:00,87.9156475974063,88.96909622566558,87.69552310608691,88.33230590820312,4347409,0.0,0.0
2023-08-04 00:00:00-04:00,88.69392624625497,89.51938923230614,87.8920539292244,88.88260650634766,6118274,0.0,0.0
2023-08-07 00:00:00-04:00,89.25998537463775,90.39204471717674,89.25998537463775,90.19551086425781,4140914,0.0,0.0
2023-08-08 00:00:00-04:00,89.9282033590381,90.2741046797951,88.92978211096333,89.26782989501953,4735463,0.0,0.0
2023-08-09 00:00:00-04:00,89.54296680931698,89.56655747686837,88.0335548839618,88.18292236328125,3900213,0.0,0.0
2023-08-10 00:00:00-04:00,88.40306361997679,90.4392039084051,88.40306361997679,89.28355407714844,5853515,0.0,0.0
2023-08-11 00:00:00-04:00,89.2599756775188,90.71436060171446,89.18922620367924,90.09329986572266,4463437,0.0,0.0
2023-08-14 00:00:00-04:00,90.01466307398518,91.07597259862979,89.77881651295304,90.84012603759766,4916020,0.0,0.0
2023-08-15 00:00:00-04:00,90.13259143183517,90.1404524832894,89.20493475281795,89.50366973876953,4276614,0.0,0.0
2023-08-16 00:00:00-04:00,89.40933842817296,90.67505050599436,89.20494355484955,89.28355407714844,4614924,0.0,0.0
2023-08-17 00:00:00-04:00,89.60587747275254,89.92820315197272,87.21596734906736,87.231689453125,5734981,0.0,0.0
2023-08-18 00:00:00-04:00,86.71282915489523,87.9942632925352,86.4927046694342,87.88420104980469,5651281,0.0,0.0
2023-08-21 00:00:00-04:00,88.08073980498932,88.42664865649688,87.27886736841614,88.06501770019531,3686075,0.0,0.0
2023-08-22 00:00:00-04:00,88.16721176298852,88.87475151354975,87.13734634419048,87.78199768066406,3308421,0.0,0.0
2023-08-23 00:00:00-04:00,87.6562083580704,89.43291868531327,87.6562083580704,89.2049331665039,3568043,0.0,0.0
2023-08-24 00:00:00-04:00,88.99267087241006,89.59014835656741,87.278856449419,87.2945785522461,4211960,0.0,0.0
2023-08-25 00:00:00-04:00,87.61689868598042,88.34016052456917,86.6499292173312,88.02570343017578,3903596,0.0,0.0
2023-08-28 00:00:00-04:00,88.48167303131837,89.84171760330423,88.16720842674187,89.59014892578125,3524313,0.0,0.0
2023-08-29 00:00:00-04:00,89.36217319698301,90.93448136150356,88.7725566958695,90.66719055175781,5833091,0.0,0.0
2023-08-30 00:00:00-04:00,90.28982222530529,90.86370900937288,89.58228254362031,89.86529541015625,6086573,0.0,0.0
2023-08-31 00:00:00-04:00,90.07756309319726,90.3605759731662,89.47222456106972,89.98322296142578,5218620,0.0,0.0
2023-09-01 00:00:00-04:00,90.42349484407389,90.76940373811202,89.25212273943185,89.81029510498047,4435119,0.0,0.0
2023-09-05 00:00:00-04:00,89.3779022493293,89.77097744217811,88.29300930601671,88.74111938476562,4406550,0.0,0.0
2023-09-06 00:00:00-04:00,88.71753048543711,89.67663900436449,87.99426857002781,88.58387756347656,5018014,0.0,0.0
2023-09-07 00:00:00-04:00,88.22224131460622,88.95336423859362,87.58545852943728,87.88420104980469,4139035,0.0,0.0
2023-09-08 00:00:00-04:00,87.65621956068448,88.07287787963526,87.43609506505726,87.82917022705078,3170967,0.0,0.0
2023-09-11 00:00:00-04:00,88.24584232982907,89.85745586922481,88.14364112707477,89.82601165771484,5272499,0.0,0.0
2023-09-12 00:00:00-04:00,89.81815169977746,91.83857007482061,89.62161034475037,90.40776824951172,5275255,0.0,0.0
2023-09-13 00:00:00-04:00,90.16405134477355,90.69077190144345,88.55243043539761,89.30713653564453,3508651,0.0,0.0
2023-09-14 00:00:00-04:00,89.91246474874431,92.14514609838939,89.87315949244004,90.91874694824219,6637768,0.0,0.0
2023-09-15 00:00:00-04:00,90.73794912164831,91.12317078559218,89.77884051903962,90.79298400878906,8437076,0.0,0.0
2023-09-18 00:00:00-04:00,91.02096046867449,92.31810925600938,90.34486487651793,91.64202117919922,4700880,0.0,0.0
2023-09-19 00:00:00-04:00,91.2096185294687,91.72848547606561,90.58069686805067,91.35899353027344,3882045,0.0,0.0
2023-09-20 00:00:00-04:00,91.61058020453642,92.50679280882514,90.26625002508337,90.28984069824219,5134919,0.0,0.0
2023-09-21 00:00:00-04:00,89.58231232568994,89.88890844714237,88.09647549403985,88.82759857177734,5760292,0.0,0.0
2023-09-22 00:00:00-04:00,88.7568349577082,88.99268155912743,87.31817219212009,87.45967864990234,6249463,0.0,0.0
2023-09-25 00:00:00-04:00,87.1056560932885,88.08118819210434,87.03484819031614,87.89237213134766,4741101,0.063847,0.0
2023-09-26 00:00:00-04:00,87.3259289876026,88.06545227058336,86.34253020760444,86.48413848876953,6022043,0.0,0.0
2023-09-27 00:00:00-04:00,87.034845668501,87.80582826595045,86.65722107868366,87.23939514160156,5912656,0.0,0.0
2023-09-28 00:00:00-04:00,87.3731432306261,88.89150841205218,87.19219387075137,88.38014221191406,5518337,0.0,0.0
2023-09-29 00:00:00-04:00,88.60828161669713,88.70268964050109,86.46840150732547,86.9719009399414,4924165,0.0,0.0
2023-10-02 00:00:00-04:00,86.89324441538143,87.48328523492951,85.04444734054587,85.58728790283203,5389278,0.0,0.0
2023-10-03 00:00:00-04:00,85.20966137852528,86.53135128062982,84.21052160201303,84.77696228027344,8624900,0.0,0.0
2023-10-04 00:00:00-04:00,84.94216019734553,85.91769211803256,84.4622609447009,85.63446807861328,4876551,0.0,0.0
2023-10-05 00:00:00-04:00,85.25685383013752,85.8704947084312,84.32065533502454,85.5322036743164,4819539,0.0,0.0
2023-10-06 00:00:00-04:00,85.24112275958171,88.03397738376017,84.92643184274652,87.69568634033203,5284026,0.0,0.0
2023-10-09 00:00:00-04:00,87.33380006558122,87.43607480730425,86.17732611091591,86.74376678466797,5418473,0.0,0.0
2023-10-10 00:00:00-04:00,87.49114369632535,88.89150059138123,87.20791961719009,87.70355987548828,5707039,0.0,0.0
2023-10-11 00:00:00-04:00,88.11264692756612,89.2140537920382,87.96317194698322,89.10391235351562,3580573,0.0,0.0
2023-10-12 00:00:00-04:00,89.29273721483202,89.4815457561206,87.13712352348702,87.58555603027344,3861746,0.0,0.0
2023-10-13 00:00:00-04:00,87.56194333356294,87.69568490281819,85.48500437460767,86.05144500732422,4578337,0.0,0.0
2023-10-16 00:00:00-04:00,86.45267353646845,87.26299721730732,84.95790856162891,85.86263275146484,5616698,0.0,0.0
2023-10-17 00:00:00-04:00,85.55582223703493,87.0820541584755,85.0129816673102,86.5549545288086,4916647,0.0,0.0
2023-10-18 00:00:00-04:00,85.7682354586533,86.20880130547627,84.5016199301702,84.62749481201172,6080433,0.0,0.0
2023-10-19 00:00:00-04:00,84.70615007184732,85.83115704120611,83.91942659959562,84.13970947265625,5035055,0.0,0.0
2023-10-20 00:00:00-04:00,83.94304257711264,84.36787498692426,83.0225848904458,83.45527648925781,9714760,0.0,0.0
2023-10-23 00:00:00-04:00,83.76995700024742,85.20178824631994,83.54967411304331,83.93516540527344,7300229,0.0,0.0
2023-10-24 00:00:00-04:00,87.365273864745,90.38627823750844,85.21752686456256,89.38714599609375,15904078,0.0,0.0
2023-10-25 00:00:00-04:00,89.94570661984302,89.94570661984302,87.39673505022475,87.4832763671875,8224191,0.0,0.0
2023-10-26 00:00:00-04:00,87.93170157779892,88.36440064308788,84.1554482254977,85.59514617919922,9738191,0.0,0.0
2023-10-27 00:00:00-04:00,85.9413004699945,86.41333306013728,83.17991282596078,83.66767883300781,6677237,0.0,0.0
2023-10-30 00:00:00-04:00,84.5881507962546,86.91683958259028,84.50947618455417,86.38973999023438,5611435,0.0,0.0
2023-10-31 00:00:00-04:00,86.15371837532338,86.34252690273188,85.03657054507791,85.4614028930664,6349452,0.0,0.0
2023-11-01 00:00:00-04:00,85.20178950067466,85.22538962734667,83.25859207261217,84.375732421875,12703791,0.0,0.0
2023-11-02 00:00:00-04:00,85.6580845646368,85.9334344040275,84.46226966343504,84.79268646240234,9398127,0.0,0.0
2023-11-03 00:00:00-04:00,85.39846152687646,86.10651042489084,85.03657036927493,85.6895523071289,6941620,0.0,0.0
2023-11-06 00:00:00-05:00,85.98063676652608,88.01824217371326,85.39059600994646,87.93956756591797,6131806,0.0,0.0
2023-11-07 00:00:00-05:00,87.60914926748487,88.84429772054732,87.21578375595863,87.95530700683594,5237415,0.0,0.0
2023-11-08 00:00:00-05:00,88.26999500654533,89.725426417182,88.10478659717866,89.56808471679688,6065021,0.0,0.0
2023-11-09 00:00:00-05:00,89.9614421885402,90.29186652604591,88.84430183307339,88.97017669677734,5786605,0.0,0.0
2023-11-10 00:00:00-05:00,89.4736780315403,90.9133760458282,89.04885317789625,90.68522644042969,4382618,0.0,0.0
2023-11-13 00:00:00-05:00,90.5829395048596,91.70008725413511,90.24465601761415,90.88189697265625,5753776,0.0,0.0
2023-11-14 00:00:00-05:00,91.65289437798774,92.4868182110533,90.92124528682002,92.24293518066406,6007634,0.0,0.0
2023-11-15 00:00:00-05:00,92.01476961221,92.43960192476669,91.03923765982451,91.49553680419922,5245309,0.0,0.0
2023-11-16 00:00:00-05:00,91.72370495181912,93.58823544668604,91.50342204297566,93.57249450683594,5825072,0.0,0.0
2023-11-17 00:00:00-05:00,93.87930864245969,94.46934939883332,93.57248444084381,94.3513412475586,5186418,0.0,0.0
2023-11-20 00:00:00-05:00,94.3513453690217,94.9885864054396,94.12319576520758,94.46148681640625,5190678,0.0,0.0
2023-11-21 00:00:00-05:00,94.24907734670113,94.60310184121697,93.65116981290248,94.31988525390625,3506019,0.0,0.0
2023-11-22 00:00:00-05:00,94.32775217003773,94.79191812080286,93.9029197673866,94.09173583984375,3773785,0.0,0.0
2023-11-24 00:00:00-05:00,94.39068683910003,94.681777660468,94.15467050642543,94.38282012939453,1981995,0.0,0.0
2023-11-27 00:00:00-05:00,94.17040392583641,94.65817001059656,93.87145391551792,94.38282012939453,3984415,0.0,0.0
2023-11-28 00:00:00-05:00,94.38281013518856,94.49295158015748,93.27353649738109,93.5016860961914,4378107,0.0,0.0
2023-11-29 00:00:00-05:00,94.02879253785261,94.170400828649,93.18700198176637,93.50955963134766,3792831,0.0,0.0
2023-11-30 00:00:00-05:00,93.6590219575513,95.85396896975938,93.54101381106419,95.82250213623047,10174611,0.0,0.0
2023-12-01 00:00:00-05:00,95.74382531177733,96.96324781104028,95.56288350242765,96.37320709228516,5668572,0.0,0.0
2023-12-04 00:00:00-05:00,95.83037505356809,96.30240767010005,95.31900889257652,95.61009216308594,4747116,0.0,0.0
2023-12-05 00:00:00-05:00,95.20100512237575,95.33474670045128,94.39854813316805,94.58736419677734,3688206,0.0,0.0
2023-12-06 00:00:00-05:00,95.25605960058047,96.43614104156207,94.17038617902811,94.25692749023438,3964241,0.0,0.0
2023-12-07 00:00:00-05:00,94.01305550080754,94.42214693855901,92.96671549786518,93.99732208251953,5064626,0.0,0.0
2023-12-08 00:00:00-05:00,93.69836013666912,95.05152429442585,93.60395963141045,94.87057495117188,4925418,0.0,0.0
2023-12-11 00:00:00-05:00,94.8705843926781,95.12233413993016,94.12320186047633,94.62670135498047,4643869,0.0,0.0
2023-12-12 00:00:00-05:00,95.18526557951192,96.35747286975348,94.88630808482498,96.23160552978516,4664543,0.0,0.0
2023-12-13 00:00:00-05:00,96.08212982294056,96.26307917846108,94.81551441731526,95.33474731445312,5506309,0.0,0.0
2023-12-14 00:00:00-05:00,95.29540785646668,96.29454004223902,94.32774250596172,95.4684829711914,10454155,0.0,0.0
2023-12-15 00:00:00-05:00,96.30240207022885,97.29366749900339,95.846102898014,96.947509765625,13586279,0.0,0.0
2023-12-18 00:00:00-05:00,97.29368069491058,97.4274222771898,96.84525569106422,97.27008056640625,5206215,0.0,0.0
2023-12-19 00:00:00-05:00,97.31728822132361,99.11101079670908,97.31728822132361,99.07953643798828,5957138,0.0,0.0
2023-12-20 00:00:00-05:00,98.67831038827863,99.29981803367255,96.93965480229849,97.05766296386719,6231921,0.0,0.0
2023-12-21 00:00:00-05:00,97.73424824529343,99.95279573767577,97.70278140672897,99.88986206054688,5185165,0.0,0.0
2023-12-22 00:00:00-05:00,100.22027048450194,100.72376990445517,99.26833860332313,99.66956329345703,4030650,0.0,0.0
2023-12-26 00:00:00-05:00,99.75610358527382,100.47201916592637,99.63022873157412,100.283203125,2480063,0.0,0.0
2023-12-27 00:00:00-05:00,99.89747812800536,101.08617245521802,99.85811988057367,100.92086029052734,3314310,0.063847,0.0
2023-12-28 00:00:00-05:00,100.7634272298536,101.70808544192094,100.61385082759234,101.01533508300781,3965494,0.0,0.0
2023-12-29 00:00:00-05:00,100.95234579594644,101.14128043252897,99.94471446877945,100.4721450805664,4441133,0.0,0.0
2024-01-02 00:00:00-05:00,99.9840598341141,100.88148795404278,98.59069528937559,99.14961242675781,5189425,0.0,0.0
2024-01-03 00:00:00-05:00,98.49623641925469,98.5749529098665,97.33902875248992,97.66178894042969,4531850,0.0,0.0
2024-01-04 00:00:00-05:00,97.85072279367483,99.00793054027038,97.74839134882008,98.13412475585938,4364199,0.0,0.0
2024-01-05 00:00:00-05:00,98.32305514766826,99.45664798321909,98.18922957446034,99.41728973388672,4190157,0.0,0.0
2024-01-08 00:00:00-05:00,99.36217569037937,101.10192310603563,97.77987631513457,100.98383331298828,6920068,0.0,0.0
2024-01-09 00:00:00-05:00,100.18873205376242,101.37742614746094,99.93682426873075,101.37742614746094,4815028,0.0,0.0
2024-01-10 00:00:00-05:00,101.3144669309837,102.47167467840852,101.16489806291885,102.1016845703125,4571320,0.0,0.0
2024-01-11 00:00:00-05:00,102.43231051561888,102.49528370886145,100.6138391531044,102.20401763916016,5014005,0.0,0.0
2024-01-12 00:00:00-05:00,102.81017990987262,102.96762043018406,101.69233039177594,102.17253112792969,5640380,0.0,0.0
2024-01-16 00:00:00-05:00,101.70808013675703,102.21976746644418,100.16513897255977,100.73979949951172,6314619,0.0,0.0
2024-01-17 00:00:00-05:00,100.30682827587668,101.29871625834086,99.33855524052316,99.88172912597656,5031171,0.0,0.0
2024-01-18 00:00:00-05:00,100.13364023109686,101.29084793225319,99.79514426045195,101.19638061523438,6508082,0.0,0.0
2024-01-19 00:00:00-05:00,101.31446490519927,102.3772053105787,100.32257687036947,102.18827819824219,6154611,0.0,0.0
2024-01-22 00:00:00-05:00,102.55826996318766,104.12482606085548,102.54252666402726,103.30612182617188,10052443,0.0,0.0
2024-01-23 00:00:00-05:00,100.47213419804551,103.81779554452208,99.58258523372369,102.29846954345703,13333800,0.0,0.0
2024-01-24 00:00:00-05:00,102.55038886359252,102.64485618225963,99.54323064345219,102.2827377319336,10785198,0.0,0.0
2024-01-25 00:00:00-05:00,102.84166246902632,104.3058795691954,102.09381062007684,102.2827377319336,6086573,0.0,0.0
2024-01-26 00:00:00-05:00,102.75506122381066,104.1011959839675,102.64485061225916,103.27462768554688,4696495,0.0,0.0
2024-01-29 00:00:00-05:00,103.4399380154829,104.0224776589858,102.09380327907151,103.20377349853516,6126544,0.0,0.0
2024-01-30 00:00:00-05:00,103.50291280945294,105.70711751026265,103.29824241027806,105.43158721923828,7871346,0.0,0.0
2024-01-31 00:00:00-05:00,105.30564523002396,105.85669834897213,104.00674774514238,104.24291229248047,6253472,0.0,0.0
2024-02-01 00:00:00-05:00,104.72310661945231,106.63603783056803,104.28226415130923,106.59667205810547,6190572,0.0,0.0
2024-02-02 00:00:00-05:00,106.6124080861795,108.17109239169818,106.30539872967803,107.48622131347656,6103864,0.0,0.0
2024-02-05 00:00:00-05:00,107.04537151131275,109.1393578971786,106.86430854903047,108.4072494506836,7158013,0.0,0.0
2024-02-06 00:00:00-05:00,108.3836480297167,108.94257275746648,107.51771392827757,108.30492401123047,6026178,0.0,0.0
2024-02-07 00:00:00-05:00,109.12361922580844,109.28893889846054,108.58044536689167,109.0291519165039,5807655,0.0,0.0
2024-02-08 00:00:00-05:00,109.14723914866572,109.80063116946177,108.83235813726162,109.46212768554688,4327110,0.0,0.0
2024-02-09 00:00:00-05:00,109.43064652114916,109.76127084698646,108.80086941612754,109.64319610595703,4324604,0.0,0.0
2024-02-12 00:00:00-05:00,109.84786701865295,110.855505876013,109.34405135271167,110.34381103515625,4516313,0.0,0.0
2024-02-13 00:00:00-05:00,110.07615761725428,111.61909870626387,109.17873692161864,111.60335540771484,9054930,0.0,0.0
2024-02-14 00:00:00-05:00,112.57161612016955,115.64174713728657,112.0599288715628,115.32686614990234,13116028,0.0,0.0
2024-02-15 00:00:00-05:00,115.72048179331412,117.20831378555228,115.55516963600228,116.79896545410156,8627532,0.0,0.0
2024-02-16 00:00:00-05:00,117.25554813754133,118.36551836582343,116.90917300823429,117.42086029052734,8616756,0.0,0.0
2024-02-20 00:00:00-05:00,117.3106390361848,118.34976432982371,116.36598104659967,116.99575805664062,7166032,0.0,0.0
2024-02-21 00:00:00-05:00,116.87769230086053,117.60192919167793,116.24004355262448,117.35002136230469,5302571,0.0,0.0
2024-02-22 00:00:00-05:00,117.96403631710072,119.85334485609944,117.96403631710072,119.39676666259766,5753024,0.0,0.0
2024-02-23 00:00:00-05:00,119.65655507466418,121.07354222910593,119.58570270675122,120.70354461669922,7066168,0.0,0.0
2024-02-26 00:00:00-05:00,120.96332959449168,122.15989550152146,120.8846055787344,121.8371353149414,7705449,0.0,0.0
2024-02-27 00:00:00-05:00,122.01031642254404,122.02605972025214,120.52248448340522,121.22310638427734,7300354,0.0,0.0
2024-02-28 00:00:00-05:00,121.35694092946825,123.52177998327177,121.0892897976511,122.49839782714844,7633025,0.0,0.0
2024-02-29 00:00:00-05:00,122.79754125938513,123.73432773231697,122.09691931701632,123.50603485107422,8177329,0.0,0.0
2024-03-01 00:00:00-05:00,123.59262792799417,125.41897105085238,123.49029648274502,124.89153289794922,8698201,0.0,0.0
2024-03-04 00:00:00-05:00,125.4583333977553,127.34764225393606,124.8364354289201,126.7493667602539,8402242,0.0,0.0
2024-03-05 00:00:00-05:00,127.15083442429807,127.64677840470947,123.26199154418129,124.26962280273438,8003663,0.0,0.0
2024-03-06 00:00:00-05:00,125.24576516128114,126.72573295189545,124.7498211899952,125.56065368652344,8198755,0.0,0.0
2024-03-07 00:00:00-05:00,127.56017069955676,131.25221470183934,127.19018816504186,131.07115173339844,14393838,0.0,0.0
2024-03-08 00:00:00-05:00,133.4406857040145,138.40012597313577,131.74030403303647,132.2205047607422,21242234,0.0,0.0
2024-03-11 00:00:00-04:00,131.53562045734182,132.5826100135349,128.3001618956617,131.11839294433594,9338609,0.0,0.0
2024-03-12 00:00:00-04:00,131.81903264654818,132.09455545894292,129.04803112003398,131.826904296875,6928589,0.0,0.0
2024-03-13 00:00:00-04:00,130.29181953049795,134.65298397072235,130.29181953049795,133.95236206054688,8462887,0.0,0.0
2024-03-14 00:00:00-04:00,134.0232021939521,134.41681472996441,130.3862747385167,131.26795959472656,9460777,0.0,0.0
2024-03-15 00:00:00-04:00,130.40202630592432,134.22001697413708,129.8037508662349,132.95260620117188,13263757,0.0,0.0
2024-03-18 00:00:00-04:00,133.0077024041617,134.4168178567584,132.7085646963297,133.75555419921875,6228788,0.0,0.0
2024-03-19 00:00:00-04:00,133.67685337331196,136.92016874819592,133.03920458765546,136.55018615722656,9360787,0.0,0.0
2024-03-20 00:00:00-04:00,135.8810632035738,137.5893167204369,135.4087340711997,136.92018127441406,7229434,0.0,0.0
2024-03-21 00:00:00-04:00,137.46331897496674,139.37624995102706,136.25888151044552,139.05349731445312,7890893,0.0,0.0
2024-03-22 00:00:00-04:00,138.7858693823527,139.73052755541596,137.8254679098021,137.8805694580078,6842132,0.0,0.0
2024-03-25 00:00:00-04:00,137.49481930641642,138.1639395184628,136.02271570743684,136.5737762451172,6288181,0.0,0.0
2024-03-26 00:00:00-04:00,136.5738028155276,137.80185545252638,135.7157327741278,136.62103271484375,5056983,0.0,0.0
2024-03-27 00:00:00-04:00,137.77823250233325,141.98194916361646,137.51058137079465,141.7930145263672,12606433,0.0,0.0
2024-03-28 00:00:00-04:00,141.6591975980126,141.67494089699403,137.23504461608258,138.17970275878906,12122274,0.0,0.0
2024-04-01 00:00:00-04:00,138.23481781533727,138.57331379062018,136.23528340838712,138.04588317871094,7399592,0.0,0.0
2024-04-02 00:00:00-04:00,138.61590425248073,142.54169028739184,132.1649892091654,134.6112060546875,20490400,0.0,1.253
2024-04-03 00:00:00-04:00,136.26831069894243,145.92497363838729,136.13021818233636,143.63656616210938,16208500,0.0,0.0
2024-04-04 00:00:00-04:00,144.6525353615388,149.91981288263426,144.2185410612248,145.38246154785156,11880200,0.0,0.0
2024-04-05 00:00:00-04:00,146.50692496906137,154.33877948665136,146.50692496906137,154.1710968017578,14777900,0.0,0.0
2024-04-08 00:00:00-04:00,155.32516471595702,155.798622611842,151.60651017820072,154.3881072998047,9588800,0.0,0.0
2024-04-09 00:00:00-04:00,154.00341904456047,155.7197095513021,148.87423417354645,152.38575744628906,8807300,0.0,0.0
2024-04-10 00:00:00-04:00,149.82117082691457,155.64080343600642,149.5844343456767,154.4768829345703,8075400,0.0,0.0
2024-04-11 00:00:00-04:00,154.93062584703367,156.28196086336885,152.64221832204407,155.5323028564453,6063200,0.0,0.0
2024-04-12 00:00:00-04:00,154.0500853459909,155.11727188070154,151.21414557655848,152.795166015625,6851300,0.28,0.0
2024-04-15 00:00:00-04:00,155.33465912636552,156.80698418915324,150.87818029060702,151.87619018554688,6423700,0.0,0.0
2024-04-16 00:00:00-04:00,150.88806528457192,155.1568115857751,150.19637447032017,154.89988708496094,6187200,0.0,0.0
2024-04-17 00:00:00-04:00,156.12518441256896,156.79710834867998,151.80704331413273,153.8228302001953,6519900,0.0,0.0
2024-04-18 00:00:00-04:00,154.8208250660673,156.1251691596472,151.06592799656198,151.12521362304688,6186600,0.0,0.0
2024-04-19 00:00:00-04:00,151.62917325098715,151.70822578759606,145.03832067323245,146.30313110351562,9566100,0.0,0.0
2024-04-22 00:00:00-04:00,147.06398929080132,150.1074439083189,147.06398929080132,148.40785217285156,7322800,0.0,0.0
2024-04-23 00:00:00-04:00,155.95718314815238,161.7081148971148,151.00663748630652,160.69033813476562,19250900,0.0,0.0
2024-04-24 00:00:00-04:00,159.94926334083962,160.41368757811927,153.7141395277519,157.3010711669922,10416000,0.0,0.0
2024-04-25 00:00:00-04:00,156.21411335246665,159.56388728621687,155.25562208702894,159.34649658203125,5908200,0.0,0.0
2024-04-26 00:00:00-04:00,159.09945764217792,161.4314545985917,158.4077668241164,160.42356872558594,5898000,0.0,0.0
2024-04-29 00:00:00-04:00,161.06583718745526,164.09941571412344,161.06583718745526,162.5381622314453,5371700,0.0,0.0
2024-04-30 00:00:00-04:00,161.61920013623933,164.28715901162917,159.6626989713173,159.8998565673828,6723600,0.0,0.0
2024-05-01 00:00:00-04:00,160.64094743479842,161.3622810142536,156.93544503127634,157.80499267578125,4775800,0.0,0.0
2024-05-02 00:00:00-04:00,159.47496116407325,160.88800076189446,157.52833578856712,160.7101287841797,5030400,0.0,0.0
2024-05-03 00:00:00-04:00,163.33854047210212,163.33854047210212,160.08757142221035,162.16265869140625,3968600,0.0,0.0
2024-05-06 00:00:00-04:00,163.1607097700937,165.98677410710317,163.0717813132068,165.97689819335938,4831600,0.0,0.0
2024-05-07 00:00:00-04:00,165.81877620005315,168.77330250314057,165.23578071626278,166.7772674560547,4781800,0.0,0.0
2024-05-08 00:00:00-04:00,166.1053315707492,168.1705280138308,166.1053315707492,166.85630798339844,4878200,0.0,0.0
2024-05-09 00:00:00-04:00,166.75751000389096,167.33062960742626,165.14686162819837,165.51246643066406,4968800,0.0,0.0
2024-05-10 00:00:00-04:00,165.9175598720118,166.73771278425292,161.17451433359054,161.44131469726562,5711300,0.0,0.0
2024-05-13 00:00:00-04:00,161.1448976975095,161.17454051187403,156.97497092930857,157.6073760986328,7768600,0.0,0.0
2024-05-14 00:00:00-04:00,156.7575927120153,158.9117328861903,156.1548303090938,158.10145568847656,6103500,0.0,0.0
2024-05-15 00:00:00-04:00,158.10144709735772,161.7970738512409,157.3405796614376,161.5302734375,7133300,0.0,0.0
2024-05-16 00:00:00-04:00,161.06587275881793,161.97495440309825,159.17853283973704,159.2081756591797,4283200,0.0,0.0
2024-05-17 00:00:00-04:00,159.89985862515925,159.95914425550637,157.212132812743,157.9927520751953,5946300,0.0,0.0
2024-05-20 00:00:00-04:00,158.02237397495134,159.50457484836565,156.93543571441703,157.3899688720703,5586800,0.0,0.0
2024-05-21 00:00:00-04:00,156.06588155751967,159.30695977130824,155.49276204587406,159.08956909179688,5071300,0.0,0.0
2024-05-22 00:00:00-04:00,158.58562991393146,159.82079740478719,157.83463842974516,158.90182495117188,4432200,0.0,0.0
2024-05-23 00:00:00-04:00,160.0678240683209,164.29703617021215,159.8306664922207,163.29901123046875,7411500,0.0,0.0
2024-05-24 00:00:00-04:00,163.8622812569983,167.14287866150585,161.90577994112542,165.344482421875,5500300,0.0,0.0
2024-05-28 00:00:00-04:00,165.0183736426322,166.64878866848923,163.34842481429126,166.5598602294922,5749700,0.0,0.0
2024-05-29 00:00:00-04:00,164.62315488169318,165.44329295510306,161.45123763638475,161.65875244140625,4820800,0.0,0.0
2024-05-30 00:00:00-04:00,161.54015966804116,163.06189463707943,161.25360741107494,162.25161743164062,4384400,0.0,0.0
2024-05-31 00:00:00-04:00,162.34053049661304,163.38796521655627,158.17061882979448,163.18045043945312,11704800,0.0,0.0
2024-06-03 00:00:00-04:00,164.14880587703246,164.81085380988117,157.14293983594402,159.5441131591797,5220500,0.0,0.0
2024-06-04 00:00:00-04:00,159.08957688016488,160.05794399593233,156.47102776384986,159.46507263183594,5598600,0.0,0.0
2024-06-05 00:00:00-04:00,159.9097276139152,161.00655696103405,158.61527448161956,160.62118530273438,4279900,0.0,0.0
2024-06-06 00:00:00-04:00,160.3741692160827,161.23384106769998,157.86430013084498,158.71409606933594,3867300,0.0,0.0
2024-06-07 00:00:00-04:00,158.79316281475494,161.8563848637313,158.2002913418033,159.99868774414062,3341800,0.0,0.0
2024-06-10 00:00:00-04:00,160.07773155662704,161.95518040181625,159.64295012020918,160.9077606201172,4385200,0.0,0.0
2024-06-11 00:00:00-04:00,160.10736596471975,160.334632584462,157.71608326776038,158.45718383789062,5106400,0.0,0.0
2024-06-12 00:00:00-04:00,159.3464767385633,161.0065496294579,157.29115629531304,159.13897705078125,5790700,0.0,0.0
2024-06-13 00:00:00-04:00,158.6844568117937,158.72399062064565,152.3505134001303,153.8426055908203,8080900,0.0,0.0
2024-06-14 00:00:00-04:00,152.39005858819098,154.7418228253922,151.40192438133082,154.03036499023438,6247400,0.0,0.0
2024-06-17 00:00:00-04:00,154.28726893920467,165.51247373086704,153.60545394841373,161.2931365966797,9564800,0.0,0.0
2024-06-18 00:00:00-04:00,161.46111904768964,163.22988767415058,160.43346613426624,163.0124969482422,5105300,0.0,0.0
2024-06-20 00:00:00-04:00,163.0124866992715,164.32670688591475,161.11527100149684,163.04212951660156,4957200,0.0,0.0
2024-06-21 00:00:00-04:00,162.54806239677626,162.96307691697234,159.38603623499895,162.29115295410156,17195200,0.0,0.0
2024-06-24 00:00:00-04:00,162.1527947141524,162.8049516921955,157.31092908892316,158.63502502441406,5519000,0.0,0.0
2024-06-25 00:00:00-04:00,157.68642643317145,161.70812399580475,156.54018736794652,157.8346405029297,6825500,0.0,0.0
2024-06-26 00:00:00-04:00,156.688426519275,159.10935197217094,155.6508827315398,158.73385620117188,3998000,0.0,0.0
2024-06-27 00:00:00-04:00,158.89194797210226,159.92949167299852,157.70619020439,158.5955047607422,3339700,0.0,0.0
2024-06-28 00:00:00-04:00,158.35831940713044,159.70218199561168,156.02632300587553,157.08363342285156,8641200,0.0,0.0
2024-07-01 00:00:00-04:00,158.76345788902174,159.48479135058344,154.19828449887945,157.08363342285156,4435100,0.0,0.0
2024-07-02 00:00:00-04:00,156.93547341199127,161.0065812973535,156.37222970748775,159.5342559814453,5247300,0.0,0.0
2024-07-03 00:00:00-04:00,159.95912126796833,162.53815136154245,159.62314428140243,161.06582641601562,2577300,0.0,0.0
2024-07-05 00:00:00-04:00,161.30299731049647,161.30299731049647,157.7654758311164,158.5955047607422,4668300,0.0,0.0
2024-07-08 00:00:00-04:00,158.89193719700603,161.83657205397847,158.74370806251397,161.58953857421875,3453300,0.0,0.0
2024-07-09 00:00:00-04:00,162.03422561770267,163.6152462099798,161.09550123754494,161.19432067871094,3829900,0.0,0.0
2024-07-10 00:00:00-04:00,161.21405053693368,164.02036245971004,160.61128821450802,163.73379516601562,3904600,0.0,0.0
2024-07-11 00:00:00-04:00,163.5061417703904,163.99113730004566,160.14079053395614,160.26947021484375,4553800,0.28,0.0
2024-07-12 00:00:00-04:00,160.22990016144763,160.64561712863463,157.18129396549264,157.38914489746094,5983400,0.0,0.0
2024-07-15 00:00:00-04:00,158.96293999778644,159.11140494087937,156.98332687255,157.93353271484375,5383300,0.0,0.0
2024-07-16 00:00:00-04:00,158.25027578452293,162.19959424639194,158.02260940406106,161.19000244140625,6500700,0.0,0.0
2024-07-17 00:00:00-04:00,160.00222002662565,160.2991650071912,154.9146150508661,155.06309509277344,6041200,0.0,0.0
2024-07-18 00:00:00-04:00,155.76586312918064,158.80457670551226,154.82554985978746,157.17138671875,5274800,0.0,0.0
2024-07-19 00:00:00-04:00,158.03253087830177,158.80457884489923,156.01331688623875,157.5079345703125,5459800,0.0,0.0
2024-07-22 00:00:00-04:00,158.33936777911708,161.27909467791565,158.141409473805,161.10092163085938,6350500,0.0,0.0
2024-07-23 00:00:00-04:00,164.30788031289742,175.39371018082872,162.9419424989434,170.24671936035156,16428000,0.0,0.0
2024-07-24 00:00:00-04:00,169.7518484711079,171.107878812443,160.39817820865636,160.6456298828125,7335200,0.0,0.0
2024-07-25 00:00:00-04:00,161.63542483531646,166.48547125508094,160.2694868601805,162.991455078125,8791500,0.0,0.0
2024-07-26 00:00:00-04:00,165.54515331484416,170.86040990662153,164.41677439862184,168.0790557861328,7297700,0.0,0.0
2024-07-29 00:00:00-04:00,169.50438093976248,170.9692904848136,166.68342607698315,168.13844299316406,4886600,0.0,0.0
2024-07-30 00:00:00-04:00,168.74224734268185,172.9489259511947,165.5649761926616,165.7728271484375,5329500,0.0,0.0
2024-07-31 00:00:00-04:00,169.12825653011828,169.9992912104084,166.24793067279683,168.465087890625,5568800,0.0,0.0
2024-08-01 00:00:00-04:00,169.00947516866916,172.91920817681122,166.50526570532313,168.01966857910156,6112900,0.0,0.0
2024-08-02 00:00:00-04:00,163.88229538820335,165.72332127041886,156.7457827484526,158.64620971679688,8210700,0.0,0.0
2024-08-05 00:00:00-04:00,150.93562811688022,158.2700842366558,148.66896233112615,156.74578857421875,7064800,0.0,0.0
2024-08-06 00:00:00-04:00,158.29977713953338,163.7635143130308,158.13151181413738,160.61593627929688,5056700,0.0,0.0
2024-08-07 00:00:00-04:00,162.74400652540427,164.57515485733177,159.92306665314533,160.47735595703125,4307500,0.0,0.0
2024-08-08 00:00:00-04:00,162.8033735312924,164.634521649783,161.89275333772787,163.92185974121094,3842700,0.0,0.0
2024-08-09 00:00:00-04:00,163.76349345685512,166.16873126787544,162.89247394827848,165.42637634277344,2770100,0.0,0.0
2024-08-12 00:00:00-04:00,165.92129961270015,167.05957126033715,162.94197182166084,165.16903686523438,3173700,0.0,0.0
2024-08-13 00:00:00-04:00,166.04995140015436,166.91109342077272,164.555348856731,166.2479248046875,2942400,0.0,0.0
2024-08-14 00:00:00-04:00,166.78241852219872,167.45547978655588,163.93177057139036,166.23802185058594,4456000,0.0,0.0
2024-08-15 00:00:00-04:00,167.02986090384755,169.00947407011537,166.50526462304654,168.20773315429688,4162500,0.0,0.0
2024-08-16 00:00:00-04:00,168.31660664041078,168.59375126580878,167.13873443084464,167.69302368164062,3305600,0.0,0.0
2024-08-19 00:00:00-04:00,167.8811004519438,169.25693104166123,166.30731156002074,169.18763732910156,4506000,0.0,0.0
2024-08-20 00:00:00-04:00,169.16783760208682,169.16783760208682,167.465369162881,168.25721740722656,2573900,0.0,0.0
2024-08-21 00:00:00-04:00,168.3661016085591,170.4347936906315,168.11864996898348,169.4548797607422,4102900,0.0,0.0
2024-08-22 00:00:00-04:00,169.98937727826382,170.2269211771191,167.04965070393862,167.9503631591797,2996600,0.0,0.0
2024-08-23 00:00:00-04:00,168.26712042002396,169.63305834823825,167.12884888201202,169.4746856689453,4058000,0.0,0.0
2024-08-26 00:00:00-04:00,168.80160933357521,170.17743989052659,167.85140346431743,169.4746856689453,3707300,0.0,0.0
2024-08-27 00:00:00-04:00,168.9599874166165,169.75183573515656,167.87120919396813,169.24703979492188,3206000,0.0,0.0
2024-08-28 00:00:00-04:00,169.4548886345757,171.404808864803,168.5541609945722,170.11805725097656,4578700,0.0,0.0
2024-08-29 00:00:00-04:00,170.8603870588632,174.17624475604165,170.7317224886945,171.81060791015625,4262500,0.0,0.0
2024-08-30 00:00:00-04:00,172.1867659658574,173.03800026173016,170.01908705524826,172.84002685546875,5295600,0.0,0.0
2024-09-03 00:00:00-04:00,172.41438131618258,172.96867049036175,161.9323350382842,162.53611755371094,6099600,0.0,0.0
2024-09-04 00:00:00-04:00,161.83336780533102,164.92155934876,161.73438111093944,164.66421508789062,4112400,0.0,0.0
2024-09-05 00:00:00-04:00,163.100337759417,164.30790307461095,160.85347244629372,162.17982482910156,3144200,0.0,0.0
2024-09-06 00:00:00-04:00,162.83308184380593,164.3474847662364,158.95304170043994,159.58651733398438,3954900,0.0,0.0
2024-09-09 00:00:00-04:00,161.82346437612475,164.68400445542244,161.24937481411973,163.6645050048828,3716000,0.0,0.0
2024-09-10 00:00:00-04:00,165.74311865371186,166.020263304328,162.57574043006247,165.2779083251953,3473200,0.0,0.0
2024-09-11 00:00:00-04:00,164.54544806678516,165.0304436153861,160.5763140928087,164.65432739257812,4258000,0.0,0.0
2024-09-12 00:00:00-04:00,164.81269871792304,169.22724299191452,164.53555406609405,167.97018432617188,5148500,0.0,0.0
2024-09-13 00:00:00-04:00,167.68312840363947,177.492114771814,167.48517011766174,176.46270751953125,7360800,0.0,0.0
2024-09-16 00:00:00-04:00,176.8982549582858,179.66971674404397,174.46332382636746,179.5905303955078,6844600,0.0,0.0
2024-09-17 00:00:00-04:00,179.65978579673921,180.57040603236422,177.16548410477716,178.4918212890625,5936900,0.0,0.0
2024-09-18 00:00:00-04:00,179.35294934923405,183.87637267125737,178.59079405341012,181.6790008544922,5686500,0.0,0.0
2024-09-19 00:00:00-04:00,185.73722298528267,186.07376874496393,182.40157920750744,184.26242065429688,5021500,0.0,0.0
2024-09-20 00:00:00-04:00,183.11421696186696,185.9252640190962,182.4411557382697,185.51943969726562,9895700,0.0,0.0
2024-09-23 00:00:00-04:00,185.8955918153388,187.8455122006223,185.48976744813226,186.746826171875,3972500,0.0,0.0
2024-09-24 00:00:00-04:00,186.74681633914835,187.8653026716916,185.0938410682021,187.7267303466797,3648900,0.0,0.0
2024-09-25 00:00:00-04:00,187.8949887493741,188.9342887003504,186.2815991578276,187.40008544921875,3214800,0.0,0.0
2024-09-26 00:00:00-04:00,187.74702264791523,187.89572261190736,182.9195299709009,182.97900390625,4781500,0.28,0.0
2024-09-27 00:00:00-04:00,182.56268416221565,184.56505917261944,181.53176725004343,183.7621307373047,4452800,0.0,0.0
2024-09-30 00:00:00-04:00,183.46473474055185,187.0630591210542,181.4920968200657,186.93418884277344,5628400,0.0,0.0
2024-10-01 00:00:00-04:00,185.85371968914308,186.57734450830853,183.30614164850022,184.67410278320312,3794000,0.0,0.0
2024-10-02 00:00:00-04:00,183.95047907557003,186.55751594687672,183.1177985262381,184.81288146972656,2879800,0.0,0.0
2024-10-03 00:00:00-04:00,184.87233246054507,185.08050635344054,182.09676626711286,182.2851104736328,3999500,0.0,0.0
2024-10-04 00:00:00-04:00,184.95162936294653,185.52656924200275,183.24663941143314,185.447265625,3978300,0.0,0.0
2024-10-07 00:00:00-04:00,184.31723696243196,185.59597201179292,183.18718675871062,184.33706665039062,2514200,0.0,0.0
2024-10-08 00:00:00-04:00,185.9825624048541,188.22284818574008,184.93181585746706,185.83387756347656,3627200,0.0,0.0
2024-10-09 00:00:00-04:00,185.00121585503203,187.7668598386243,184.87234557287934,187.62808227539062,2312600,0.0,0.0
2024-10-10 00:00:00-04:00,186.50794741936622,188.09398974679428,185.75458563292923,186.47821044921875,2300900,0.0,0.0
2024-10-11 00:00:00-04:00,187.75694169827224,190.0963455757788,187.40999024744468,189.49166870117188,2983900,0.0,0.0
2024-10-14 00:00:00-04:00,190.304516250877,192.23749486419345,189.98731687296817,190.9488525390625,3132900,0.0,0.0
2024-10-15 00:00:00-04:00,192.15818728545264,192.63399386788532,188.10387111496584,188.9068145751953,3824300,0.0,0.0
2024-10-16 00:00:00-04:00,188.83741600043447,190.54240595337498,188.262476120897,190.50274658203125,2912800,0.0,0.0
2024-10-17 00:00:00-04:00,192.39610634182094,193.09991658347187,190.52260162536078,190.93893432617188,2633300,0.0,0.0
2024-10-18 00:00:00-04:00,191.41476043016874,191.75178951099426,189.47185932339568,190.9290313720703,3075900,0.0,0.0
2024-10-21 00:00:00-04:00,191.22639441070677,192.69347357377734,190.34416243165245,192.5348663330078,4728800,0.0,0.0
2024-10-22 00:00:00-04:00,182.88979882687158,183.3854351380555,174.21616338115274,175.11822509765625,15636200,0.0,0.0
2024-10-23 00:00:00-04:00,178.1316863862558,183.36560459797633,178.05238276176067,180.1043243408203,9788600,0.0,0.0
2024-10-24 00:00:00-04:00,180.31247824336177,180.6197854520762,178.06230035235365,178.1713409423828,4366800,0.0,0.0
2024-10-25 00:00:00-04:00,178.4290808824845,179.8366862610385,176.7439203659407,177.5369415283203,3974900,0.0,0.0
2024-10-28 00:00:00-04:00,178.4092337816609,179.004003376803,173.68087449019592,173.82955932617188,5687400,0.0,0.0
2024-10-29 00:00:00-04:00,173.03653415658977,173.37356319392563,171.26216294481188,172.53099060058594,5219300,0.0,0.0
2024-10-30 00:00:00-04:00,171.47032859497986,174.98934931895354,171.0044292670544,173.1158447265625,3694000,0.0,0.0
2024-10-31 00:00:00-04:00,170.49887340072735,172.1047300425596,168.94256828438904,170.28079223632812,5177100,0.0,0.0
2024-11-01 00:00:00-04:00,171.25226948918888,173.74037369427612,170.0924822230336,170.20152282714844,3984900,0.0,0.0
2024-11-04 00:00:00-05:00,170.79626672714105,173.1554851568147,169.95367899293106,170.26097106933594,4197400,0.0,0.0
2024-11-05 00:00:00-05:00,170.85573860727257,173.9385968659698,170.27089142852503,173.7304229736328,3607300,0.0,0.0
2024-11-06 00:00:00-05:00,179.91596594781134,180.4710761499205,176.94214832883924,179.1824188232422,5939500,0.0,0.0
2024-11-07 00:00:00-05:00,179.44016797558237,179.44016797558237,175.22725947985407,177.2891082763672,5084200,0.0,0.0
2024-11-08 00:00:00-05:00,178.0821272252568,184.79304736510724,177.883875718485,183.1970977783203,4676500,0.0,0.0
2024-11-11 00:00:00-05:00,185.0012060225724,185.83387135771983,182.09676950449173,182.9492645263672,3371900,0.0,0.0
2024-11-12 00:00:00-05:00,183.45485162758365,184.07934316283098,179.0139389012609,181.04605102539062,3158000,0.0,0.0
2024-11-13 00:00:00-05:00,181.35331567425806,184.6740848709552,181.16497146376335,181.95799255371094,3934800,0.0,0.0
2024-11-14 00:00:00-05:00,181.40289302887143,182.1959141655971,175.94098623043848,176.84303283691406,5085600,0.0,0.0
2024-11-15 00:00:00-05:00,175.20742719626358,176.3672142910599,174.3549321788553,175.38584899902344,5302100,0.0,0.0
2024-11-18 00:00:00-05:00,175.45526760427305,177.011573000948,173.60159249859612,175.97073364257812,2833800,0.0,0.0
2024-11-19 00:00:00-05:00,174.95961418018985,176.32757521057883,174.16659307379595,176.01036071777344,3216000,0.0,0.0
2024-11-20 00:00:00-05:00,176.54564450815803,176.98179171797526,174.46396613471234,176.4266815185547,3225400,0.0,0.0
2024-11-21 00:00:00-05:00,176.85294897695655,179.36086745597947,175.79228002997633,177.14041137695312,4532000,0.0,0.0
2024-11-22 00:00:00-05:00,177.73518547273997,180.1538931085234,177.21971947028942,179.56903076171875,3405200,0.0,0.0
2024-11-25 00:00:00-05:00,180.64951966774987,182.09676915814114,177.98299401861988,178.63723754882812,9740700,0.0,0.0
2024-11-26 00:00:00-05:00,179.29146454972977,183.31602875606467,178.84539491921433,182.98892211914062,3918900,0.0,0.0
2024-11-27 00:00:00-05:00,183.0285532014685,183.07811985143135,178.86521174009255,179.02381896972656,2726200,0.0,0.0
2024-11-29 00:00:00-05:00,179.8663955447251,181.37313400875559,179.54919620397135,180.57020568847656,2054700,0.0,0.0
2024-12-02 00:00:00-05:00,179.22209312402703,180.05475849655016,177.85413206515344,178.865234375,2817700,0.0,0.0
2024-12-03 00:00:00-05:00,179.42034687570555,180.64953038792254,178.33986333406142,179.14279174804688,2882300,0.0,0.0
2024-12-04 00:00:00-05:00,178.92470862938225,181.30375687669948,176.4465270694185,181.05593872070312,3713400,0.0,0.0
2024-12-05 00:00:00-05:00,178.75619634764328,179.19235872778427,171.20270369802762,171.4009552001953,7547300,0.0,0.0
2024-12-06 00:00:00-05:00,171.78753771218868,174.29545607950948,170.93504270537005,174.04763793945312,6899600,0.0,0.0
2024-12-09 00:00:00-05:00,173.47270500946416,174.83074363134,169.27962614640887,169.8248291015625,6500800,0.0,0.0
2024-12-10 00:00:00-05:00,169.51754322462813,171.64878865834365,169.12104018495245,169.77528381347656,5100300,0.0,0.0
2024-12-11 00:00:00-05:00,171.65866094985205,171.65866094985205,166.4643874854101,167.16819763183594,7606400,0.0,0.0
2024-12-12 00:00:00-05:00,167.16821041375928,167.8026242718039,163.01477580575275,163.39146423339844,7808600,0.0,0.0
2024-12-13 00:00:00-05:00,164.2042832634253,166.4049094193024,164.09524268360735,164.56114196777344,4957100,0.0,0.0
2024-12-16 00:00:00-05:00,164.86848231734484,167.72333740087575,164.00606478505128,164.3430938720703,7436000,0.0,0.0
2024-12-17 00:00:00-05:00,164.35301208496094,165.05680721191428,162.1028188837689,164.35301208496094,4855100,0.0,0.0
2024-12-18 00:00:00-05:00,164.55124878332737,165.17575535083574,158.2071103021697,158.55404663085938,8059100,0.0,0.0
2024-12-19 00:00:00-05:00,161.6071379550116,164.32322977275555,160.76455036584397,163.3616943359375,6257600,0.0,0.0
2024-12-20 00:00:00-05:00,162.5389800556416,167.60438397774257,161.7360516172611,166.90057373046875,9281500,0.0,0.0
2024-12-23 00:00:00-05:00,166.65275216074812,167.85219871592074,165.09646197413457,167.54490661621094,4127700,0.0,0.0
2024-12-24 00:00:00-05:00,167.76296871281895,169.9933319091797,167.3763730304745,169.9933319091797,2235700,0.0,0.0
2024-12-26 00:00:00-05:00,169.52744002460898,171.1630337232361,168.64520803781642,170.64756774902344,3309700,0.0,0.0
2024-12-27 00:00:00-05:00,169.50574765864204,170.25041325045882,167.77811803153332,168.87030029296875,3188400,0.28,0.0
2024-12-30 00:00:00-05:00,166.01079579884245,168.0263563190144,164.82925718696333,166.90440368652344,4117500,0.0,0.0
2024-12-31 00:00:00-05:00,167.3015430141155,167.3511904189493,164.96825133927425,165.60369873046875,2806900,0.0,0.0
2025-01-02 00:00:00-05:00,166.7256668525488,169.48589288507424,166.0306486339742,167.39089965820312,4148000,0.0,0.0
2025-01-03 00:00:00-05:00,168.0164213153238,171.40217127305203,167.79798485674388,170.7369384765625,3975500,0.0,0.0
2025-01-06 00:00:00-05:00,171.91848326135266,172.4447124815602,169.96249346161423,171.2234649658203,4980300,0.0,0.0
2025-01-07 00:00:00-05:00,170.99508590002816,172.46455515312556,169.56532548068546,171.08444213867188,6496400,0.0,0.0
2025-01-08 00:00:00-05:00,170.77665480283824,172.3454189149887,169.49583655793194,171.6603240966797,4527700,0.0,0.0
2025-01-10 00:00:00-05:00,171.1737984503613,172.22627192357052,169.52561671927316,170.46885681152344,5131200,0.0,0.0
2025-01-13 00:00:00-05:00,168.30438535498638,171.29298697101436,167.79801809176297,170.34974670410156,5610800,0.0,0.0
2025-01-14 00:00:00-05:00,171.8787532280486,176.63467761767626,171.17379644719963,175.60208129882812,6432700,0.0,0.0
2025-01-15 00:00:00-05:00,177.7963663966129,179.5934902919733,177.60771535340749,179.00767517089844,7397000,0.0,0.0
2025-01-16 00:00:00-05:00,180.3877825321622,181.57925957842227,177.34954939477095,178.4615936279297,6144700,0.0,0.0
2025-01-17 00:00:00-05:00,179.49419986918758,181.88706236466888,178.68004000262474,181.5494842529297,5899100,0.0,0.0
2025-01-21 00:00:00-05:00,183.58489870877563,187.9734749348859,183.19767317709076,186.16641235351562,7508400,0.0,0.0
2025-01-22 00:00:00-05:00,186.74228689540394,187.8940400566142,185.282741026515,187.02029418945312,7457800,0.0,0.0
2025-01-23 00:00:00-05:00,199.96753431660386,206.17308112571223,196.69101772160326,199.37181091308594,14403500,0.0,0.0
2025-01-24 00:00:00-05:00,201.0597196043371,201.55616335644655,194.12936906696189,195.35061645507812,7835700,0.0,0.0
2025-01-27 00:00:00-05:00,192.9577627475376,195.23148372020142,191.36915175838124,193.07691955566406,7674800,0.0,0.0
2025-01-28 00:00:00-05:00,193.91094161159938,195.1520510495253,190.42589661373592,193.047119140625,4858800,0.0,0.0
2025-01-29 00:00:00-05:00,193.54354489415556,198.51792075434545,193.54354489415556,197.68389892578125,5595800,0.0,0.0
2025-01-30 00:00:00-05:00,198.38885308220082,204.46531986065347,198.06119838234645,204.10789489746094,6282100,0.0,0.0
2025-01-31 00:00:00-05:00,204.37594438166684,204.40572979246247,201.62565711647113,202.12210083007812,5507800,0.0,0.0
2025-02-03 00:00:00-05:00,198.57749601111735,203.2738495497073,197.55482311868096,202.65826416015625,4678300,0.0,0.0
2025-02-04 00:00:00-05:00,201.4866394514996,203.08518882420313,199.004420869678,200.74197387695312,5413800,0.0,0.0
2025-02-05 00:00:00-05:00,202.42990549589948,203.81994191620987,200.35475913593945,203.1249237060547,3239400,0.0,0.0
2025-02-06 00:00:00-05:00,203.54193256868083,204.63411485232433,202.60861591725106,204.59439086914062,3113200,0.0,0.0
2025-02-07 00:00:00-05:00,205.01140826778513,206.36173588374038,203.04549524537973,203.8199462890625,3954400,0.0,0.0
2025-02-10 00:00:00-05:00,204.67381534036838,205.190121048882,201.9532983131057,203.76036071777344,3787500,0.0,0.0
2025-02-11 00:00:00-05:00,203.54194025850356,207.662417379242,202.98592567500992,207.33477783203125,4110900,0.0,0.0
2025-02-12 00:00:00-05:00,205.22984927980477,209.9162796302027,204.67383468742898,208.14894104003906,4595200,0.0,0.0
2025-02-13 00:00:00-05:00,209.61840049715036,209.79712812216985,204.80290529626666,206.87803649902344,3763300,0.0,0.0
2025-02-14 00:00:00-05:00,207.17592183131308,207.67236561113492,203.512164312186,206.7886962890625,4268500,0.0,0.0
2025-02-18 00:00:00-05:00,208.3773023809637,210.68080873714786,207.8312263562452,208.5858154296875,4396000,0.0,0.0
2025-02-19 00:00:00-05:00,207.55321558420005,210.27373304061877,207.39436508366515,209.00283813476562,2699100,0.0,0.0
2025-02-20 00:00:00-05:00,208.23828949728414,208.78438064804695,205.67663794937374,207.25534057617188,2969100,0.0,0.0
2025-02-21 00:00:00-05:00,206.8780515555366,207.6326406432049,197.02860882845715,198.40872192382812,5419500,0.0,0.0
2025-02-24 00:00:00-05:00,201.1888092758124,201.80439470925256,196.02578189120885,197.29669189453125,4299100,0.0,0.0
2025-02-25 00:00:00-05:00,197.56474579810896,198.6569280821764,193.4541922521124,197.85269165039062,4121400,0.0,0.0
2025-02-26 00:00:00-05:00,200.32499824802176,203.14481056770313,198.5675980908225,200.1760711669922,3157400,0.0,0.0
2025-02-27 00:00:00-05:00,202.96608439295565,204.00861941851517,199.66970539006067,199.99734497070312,3480200,0.0,0.0
2025-02-28 00:00:00-05:00,200.51363517460052,205.8454515533269,199.60018045810216,205.5078582763672,6117400,0.0,0.0
2025-03-03 00:00:00-05:00,205.61706197559496,206.9971749491886,199.38172989271402,200.5235595703125,5376400,0.0,0.0
2025-03-04 00:00:00-05:00,196.5917193531293,201.59586554327615,191.88542728421817,197.3562469482422,6164200,0.0,0.0
2025-03-05 00:00:00-05:00,197.45553635290742,203.01571252778817,197.2768238713436,201.05972290039062,6221200,0.0,0.0
2025-03-06 00:00:00-05:00,197.58460891385678,198.79593285389223,193.89106626887337,194.6555938720703,5621400,0.0,0.0
2025-03-07 00:00:00-05:00,193.68257643178768,194.35773267546978,186.34512309074645,192.47125244140625,7681300,0.0,0.0
2025-03-10 00:00:00-04:00,188.20380540312323,191.19796661521966,186.9206042968299,191.10842895507812,6195000,0.36,0.0
2025-03-11 00:00:00-04:00,188.92998736437656,192.66024314249282,187.3284787882836,190.7105712890625,5356700,0.0,0.0
2025-03-12 00:00:00-04:00,193.89371650916502,196.2114505474384,191.41682125094036,193.97329711914062,4735000,0.0,0.0
2025-03-13 00:00:00-04:00,193.52566567133044,194.590024054662,190.6608244822265,191.40687561035156,3837200,0.0,0.0
2025-03-14 00:00:00-04:00,194.34134520626998,196.6590792570316,192.58067542833922,196.0721893310547,3263200,0.0,0.0
2025-03-17 00:00:00-04:00,195.96276305607196,202.5280190572489,195.29629253612762,200.96627807617188,3733000,0.0,0.0
2025-03-18 00:00:00-04:00,200.73749525487747,200.91654024176623,198.4695010169247,199.73280334472656,3983100,0.0,0.0
2025-03-19 00:00:00-04:00,200.26001747550055,205.73105888243552,200.26001747550055,204.48764038085938,3564000,0.0,0.0
2025-03-20 00:00:00-04:00,203.92065107660775,205.0844890686554,202.04060275430774,202.8562774658203,3970800,0.0,0.0
2025-03-21 00:00:00-04:00,201.5332936574998,203.2342818099483,199.76266677748507,203.05523681640625,7976300,0.0,0.0
2025-03-24 00:00:00-04:00,205.8305228935354,209.76967937811884,204.51748085097324,209.1230926513672,4043900,0.0,0.0
2025-03-25 00:00:00-04:00,209.66025214396058,211.63976462602963,209.14298581255622,211.01309204101562,4315200,0.0,0.0
2025-03-26 00:00:00-04:00,211.17226152504054,213.08216585645494,205.60175529017283,206.27816772460938,4791100,0.0,0.0
2025-03-27 00:00:00-04:00,205.27347370251678,206.59647280643134,201.73222024708159,204.79600524902344,3301900,0.0,0.0
2025-03-28 00:00:00-04:00,204.51749074388522,205.77085118765595,198.53912459542792,198.82760620117188,5178400,0.0,0.0
2025-03-31 00:00:00-04:00,196.48997567149775,200.50871300562434,193.42619048144016,199.09617614746094,6923100,0.0,0.0
2025-04-01 00:00:00-04:00,198.50928628902616,203.42327892736378,197.4250289341483,202.71701049804688,3854000,0.0,0.0
2025-04-02 00:00:00-04:00,198.42970381809678,201.1254419426965,197.3852291889065,198.7181854248047,6026500,0.0,0.0
2025-04-03 00:00:00-04:00,188.84044518659738,193.12774961884858,185.73687755977846,186.64208984375,12750500,0.0,0.0
2025-04-04 00:00:00-04:00,178.73393306959377,182.19562093728067,164.54902096111766,165.93170166015625,18167100,0.0,0.0
2025-04-07 00:00:00-04:00,162.35068208330551,174.41680553231768,158.52094682677517,166.81703186035156,18545500,0.0,0.0
2025-04-08 00:00:00-04:00,175.0733380469182,177.41097107517453,165.48409445648633,168.47824096679688,11903400,0.0,0.0
2025-04-09 00:00:00-04:00,164.9369803694392,188.11430503345778,164.82755893057953,186.28399658203125,12548600,0.0,0.0
2025-04-10 00:00:00-04:00,180.94228257387266,184.43381198651355,175.03356968027057,180.55433654785156,8150900,0.0,0.0
2025-04-11 00:00:00-04:00,178.06750230184886,183.2799190319106,174.1283603031852,180.7135009765625,6491100,0.0,0.0
2025-04-14 00:00:00-04:00,184.37410410056742,186.62219931906645,182.86210293123642,185.0206756591797,5319100,0.0,0.0
2025-04-15 00:00:00-04:00,182.91184466997782,187.44783304818424,181.33020476094754,184.69241333007812,4999300,0.0,0.0
2025-04-16 00:00:00-04:00,183.10084535155514,184.90131294473028,180.3255267076359,181.48936462402344,5128000,0.0,0.0
2025-04-17 00:00:00-04:00,182.42442178191055,183.2699524676677,180.6338960334213,180.8328399658203,4932000,0.0,0.0
2025-04-21 00:00:00-04:00,178.3460029664741,179.83810522799166,175.0932309648491,177.4109649658203,8501600,0.0,0.0
2025-04-22 00:00:00-04:00,185.51804736209579,188.9996192965051,181.14122014450373,188.18392944335938,13041000,0.0,0.0
2025-04-23 00:00:00-04:00,194.90834295009233,195.9926002604568,191.5560914656751,192.6602325439453,7235700,0.0,0.0
2025-04-24 00:00:00-04:00,193.3068203859824,196.65907188951581,193.02829584922617,196.37060546875,5906300,0.0,0.0
2025-04-25 00:00:00-04:00,197.65382132005428,198.93703783920574,196.22140063748984,197.38523864746094,4390600,0.0,0.0
2025-04-28 00:00:00-04:00,198.44958928666796,200.41915990781825,197.55433405299462,199.80242919921875,3416900,0.0,0.0
2025-04-29 00:00:00-04:00,199.43440931134433,201.36418230369446,198.59882044402693,199.44435119628906,3444200,0.0,0.0
2025-04-30 00:00:00-04:00,197.55435869902402,200.9662921460609,195.82351449574824,200.47886657714844,4436300,0.0,0.0
2025-05-01 00:00:00-04:00,201.18510870416452,204.15937115246248,199.80242797088817,202.53794860839844,4687600,0.0,0.0
2025-05-02 00:00:00-04:00,205.23369109312654,207.62104854025205,204.47768293139296,206.60641479492188,3831700,0.0,0.0
2025-05-05 00:00:00-04:00,205.22374723733802,209.4115876907256,204.56721858467307,207.83990478515625,4466500,0.0,0.0
2025-05-06 00:00:00-04:00,204.9352910866641,208.72522867775976,204.83581152395467,207.501708984375,3169600,0.0,0.0
2025-05-07 00:00:00-04:00,207.80010921999565,209.52101148143333,207.12369679096437,208.8147430419922,3968300,0.0,0.0
2025-05-08 00:00:00-04:00,209.88904209253062,215.6585069487733,209.40161657793212,213.3606719970703,5870300,0.0,0.0
2025-05-09 00:00:00-04:00,214.07688499627997,214.98208213715714,211.6099317406372,213.8282012939453,3778200,0.0,0.0
2025-05-12 00:00:00-04:00,218.1851414243878,218.82177113020242,210.0382604597709,217.7971954345703,5468000,0.0,0.0
2025-05-13 00:00:00-04:00,218.84166248492664,222.37297416525956,218.14535113998255,220.41334533691406,7188700,0.0,0.0
2025-05-14 00:00:00-04:00,221.7661822325019,222.1740271497515,219.28928707725905,222.06460571289062,4764700,0.0,0.0
2025-05-15 00:00:00-04:00,222.2735013761742,228.87854023779784,222.2735013761742,228.1722869873047,7207700,0.0,0.0
2025-05-16 00:00:00-04:00,227.86390853236247,231.09679664102705,226.39169009593382,230.55963134765625,4651700,0.0,0.0
2025-05-19 00:00:00-04:00,228.29165445576564,234.6281107702662,227.714706405226,234.05116271972656,4734400,0.0,0.0
2025-05-20 00:00:00-04:00,232.9271172948653,234.83700639509433,232.56901213991927,234.0213165283203,4311000,0.0,0.0
2025-05-21 00:00:00-04:00,233.6234210208946,236.05057641636103,231.4350074470712,232.31036376953125,4631000,0.0,0.0
2025-05-22 00:00:00-04:00,229.97274086460376,231.2261012484934,228.21205601845406,229.05758666992188,6909400,0.0,0.0
2025-05-23 00:00:00-04:00,227.63513122923158,232.45960157315787,226.80949943952615,231.5643310546875,4234200,0.0,0.0
2025-05-27 00:00:00-04:00,234.1804891899866,241.00437123599218,233.86218191362062,240.5070037841797,7162400,0.0,0.0
2025-05-28 00:00:00-04:00,240.50699092438236,244.70477320750246,240.32794593695934,242.3870391845703,9570500,0.0,0.0
2025-05-29 00:00:00-04:00,243.2424976998728,243.6503426078,240.21851060789564,242.87445068359375,5243700,0.0,0.0
2025-05-30 00:00:00-04:00,242.10851357178953,245.56024470184212,241.02425623242814,244.61524963378906,9143000,0.0,0.0
2025-06-02 00:00:00-04:00,244.555579142564,246.79373264840154,243.22262285235436,246.17698669433594,5450800,0.0,0.0
2025-06-03 00:00:00-04:00,246.19687995250015,249.181084557985,242.89435290344113,247.55966186523438,6456200,0.0,0.0
2025-06-04 00:00:00-04:00,248.66381156633324,251.727596701269,248.40518597164126,249.55908203125,5811500,0.0,0.0
2025-06-05 00:00:00-04:00,251.15063119756095,251.67783941289218,248.79311464302526,250.5935821533203,4188200,0.0,0.0
2025-06-06 00:00:00-04:00,251.6679153807254,256.1143813450086,250.74281926201704,254.28407287597656,5796700,0.0,0.0
2025-06-09 00:00:00-04:00,252.6825623952314,253.97572079502203,249.81772103919675,250.0863037109375,5771600,0.0,0.0
2025-06-10 00:00:00-04:00,249.45960071544386,249.92712730218557,238.48767669929947,240.725830078125,11230900,0.0,0.0
2025-06-11 00:00:00-04:00,241.36246889035553,245.65973082581831,237.25420900924632,244.22731018066406,6940800,0.0,0.0
2025-06-12 00:00:00-04:00,238.73636705528392,242.1483003487933,237.42330975082413,238.72642517089844,8946600,0.0,0.0
2025-06-13 00:00:00-04:00,233.76268153024884,236.74688597531585,232.46952323503007,235.35426330566406,7420300,0.0,0.0
2025-06-16 00:00:00-04:00,236.3490025966409,238.67667846504676,234.8270595151102,235.29457092285156,4505600,0.0,0.0
2025-06-17 00:00:00-04:00,235.48357919913798,237.7117907501706,233.64332881488482,234.5087432861328,5720500,0.0,0.0
2025-06-18 00:00:00-04:00,234.7176489811674,238.25890272568475,231.01723401301004,234.64801025390625,7761100,0.0,0.0
2025-06-20 00:00:00-04:00,238.45784345049273,239.53215892790166,235.26473784998993,238.10968017578125,9142100,0.0,0.0
2025-06-23 00:00:00-04:00,237.98036423451407,247.15182050589544,237.3636183236455,246.50523376464844,8052000,0.0,0.0
2025-06-24 00:00:00-04:00,247.07224532335098,248.07692205119767,244.27704284124115,247.44029235839844,5255700,0.0,0.0
2025-06-25 00:00:00-04:00,248.7633039480093,249.66851634377716,247.17172204728453,248.58424377441406,5197400,0.0,0.0
2025-06-26 00:00:00-04:00,249.85748125870242,254.13484395973467,248.68370147340326,249.67843627929688,6790300,0.0,0.0
2025-06-27 00:00:00-04:00,250.5239995179727,259.17817524064105,250.45436078684784,253.16998291015625,26988000,0.0,0.0
2025-06-30 00:00:00-04:00,254.96048990642507,256.53218798735924,252.5333344159663,256.0348205566406,8135800,0.0,0.0
2025-07-01 00:00:00-04:00,254.40345455130355,254.40345455130355,245.80894549148843,247.70889282226562,7178300,0.0,0.0
2025-07-02 00:00:00-04:00,246.69423768274387,247.818292897031,242.37709216612362,243.4613494873047,6228600,0.0,0.0
2025-07-03 00:00:00-04:00,244.25714001768333,247.39054865407522,243.71003282666837,245.58013916015625,3089500,0.0,0.0
2025-07-07 00:00:00-04:00,246.57632959111373,248.48900773085336,245.54028609837061,247.70201110839844,5336400,0.36,0.0
2025-07-08 00:00:00-04:00,247.05449885980622,248.50893929136433,242.41226148308326,246.10812377929688,5994500,0.0,0.0
2025-07-09 00:00:00-04:00,248.04072279439364,250.76031032218694,245.87899781582826,249.3756103515625,5589500,0.0,0.0
2025-07-10 00:00:00-04:00,249.65455197776927,251.71665221492572,245.80926758902078,251.60708618164062,5462500,0.0,0.0
2025-07-11 00:00:00-04:00,250.54114451671987,255.9006378799222,250.44151969113952,254.44619750976562,7867200,0.0,0.0
2025-07-14 00:00:00-04:00,255.21326646592095,261.459350862796,255.02398841741913,261.3398132324219,7502200,0.0,0.0
2025-07-15 00:00:00-04:00,262.91380910836926,264.0494470096965,260.7420973299912,263.66094970703125,9392400,0.0,0.0
2025-07-16 00:00:00-04:00,262.9934798455341,265.84256128460487,261.0309894048801,265.1651611328125,11912900,0.0,0.0
2025-07-17 00:00:00-04:00,268.7713519206196,271.75991416021685,257.17574623962054,259.28765869140625,16260200,0.0,0.0
2025-07-18 00:00:00-04:00,264.38815005727446,268.6717744449273,261.55898127350576,262.2662658691406,8619800,0.0,0.0
2025-07-21 00:00:00-04:00,262.68467121198483,265.23490865275437,258.5903249824529,261.8578186035156,5208500,0.0,0.0
2025-07-22 00:00:00-04:00,259.73595791196084,260.50301128372723,253.68909295412809,258.0125427246094,4751300,0.0,0.0
2025-07-23 00:00:00-04:00,259.536744778388,262.72455714301157,258.95896936793133,262.1766357421875,4689800,0.0,0.0
2025-07-24 00:00:00-04:00,262.55517370240716,268.8112299538215,262.1766175901792,266.98822021484375,5206700,0.0,0.0
2025-07-25 00:00:00-04:00,267.8050781407988,271.78982822847263,267.2372743582405,270.5545654296875,4598400,0.0,0.0
2025-07-28 00:00:00-04:00,272.3177931397783,272.39750516233966,266.42038032185746,269.5782775878906,5006400,0.0,0.0
2025-07-29 00:00:00-04:00,271.69023666794715,272.756134222727,268.09398386718357,269.2794494628906,4125300,0.0,0.0
2025-07-30 00:00:00-04:00,269.8871324746444,272.58679210328575,268.4825044431795,272.507080078125,4697000,0.0,0.0
2025-07-31 00:00:00-04:00,272.0289426945602,273.89180855653143,268.8511019648806,270.0465087890625,4524000,0.0,0.0
2025-08-01 00:00:00-04:00,264.51766882502005,269.51851919043355,260.7122252331767,268.3529968261719,4416300,0.0,0.0
2025-08-04 00:00:00-04:00,269.47868625345745,275.7945112592189,269.18978337050856,275.1768798828125,3744000,0.0,0.0
2025-08-05 00:00:00-04:00,275.2067500983989,275.94391907077267,267.59586351411025,271.08251953125,4000600,0.0,0.0
2025-08-06 00:00:00-04:00,272.45729337953037,274.0013719127793,268.8809837434642,271.241943359375,3576800,0.0,0.0
2025-08-07 00:00:00-04:00,270.91320013686624,271.8296756032174,267.70547520217787,270.98291015625,3050400,0.0,0.0
2025-08-08 00:00:00-04:00,272.5369765501388,276.1232578103545,271.54078900014724,273.9615478515625,4467300,0.0,0.0
2025-08-11 00:00:00-04:00,274.10099025431794,275.3561962588576,271.5108966201199,274.15081787109375,3360100,0.0,0.0
2025-08-12 00:00:00-04:00,274.9876246074832,279.4704686606209,274.6489244827273,278.5639343261719,3630100,0.0,0.0
2025-08-13 00:00:00-04:00,279.9286919733521,280.42678573131184,263.0731858274545,267.8349609375,7599600,0.0,0.0
2025-08-14 00:00:00-04:00,271.94924935417697,273.1148022491146,268.45265147183125,268.67181396484375,4481700,0.0,0.0
2025-08-15 00:00:00-04:00,267.8947548213937,268.6717798522841,264.198877322065,266.8288269042969,5203300,0.0,0.0
2025-08-18 00:00:00-04:00,266.87859237347027,268.58206427678897,265.49390772727145,267.426513671875,2697000,0.0,0.0
2025-08-19 00:00:00-04:00,265.2946938139628,267.93458463977385,262.7942534311528,264.9161376953125,3404900,0.0,0.0
2025-08-20 00:00:00-04:00,264.4479500674077,267.9146938373527,262.8042466183218,265.4242248535156,3854700,0.0,0.0
2025-08-21 00:00:00-04:00,266.1215555332902,270.88333078537204,265.1253679876561,267.685546875,3266400,0.0,0.0
2025-08-22 00:00:00-04:00,268.70166716283023,271.311673566539,265.3544613312277,265.51385498046875,5229300,0.0,0.0
2025-08-25 00:00:00-04:00,265.98206409687606,270.8833200028429,265.5437391621461,265.5935363769531,4301600,0.0,0.0
2025-08-26 00:00:00-04:00,266.9583603795109,273.6527421769605,266.4004977631595,272.8956298828125,4693500,0.0,0.0
2025-08-27 00:00:00-04:00,272.6565330360892,273.6527205438553,271.1921361836237,272.307861328125,2705700,0.0,0.0
2025-08-28 00:00:00-04:00,271.46109760671425,275.6152129172739,271.0925130906744,274.94775390625,3388100,0.0,0.0
2025-08-29 00:00:00-04:00,274.94775572720215,275.2266870169631,270.60439272931956,274.15081787109375,5037100,0.0,0.0
2025-09-02 00:00:00-04:00,272.85577820783914,274.52936608351837,266.98824903854376,274.3401184082031,4081200,0.0,0.0
2025-09-03 00:00:00-04:00,274.85807791846497,276.26270584525804,272.55688738342013,274.87799072265625,4120400,0.0,0.0
2025-09-04 00:00:00-04:00,274.7783676067924,281.2834703599314,274.7783676067924,281.1938171386719,4591300,0.0,0.0
2025-09-05 00:00:00-04:00,281.19385463460844,283.3257106284793,270.8235383755635,278.16546630859375,4952600,0.0,0.0
2025-09-08 00:00:00-04:00,278.93248058781245,281.8413612619113,274.4396655470945,274.9975280761719,5008600,0.0,0.0
2025-09-09 00:00:00-04:00,274.33012194546836,276.0236224752951,272.25803489561764,275.18682861328125,3073600,0.0,0.0
2025-09-10 00:00:00-04:00,276.4918238302215,282.4091799131389,275.8343668443234,282.3294982910156,3206400,0.0,0.0
2025-09-11 00:00:00-04:00,282.6483126882464,285.8161818926566,278.5240815192642,280.486572265625,4016800,0.0,0.0
2025-09-12 00:00:00-04:00,280.48654911085447,282.4490396952075,279.629842456368,280.6160583496094,3249700,0.0,0.0
2025-09-15 00:00:00-04:00,280.914898946067,286.0153740010633,280.5463144411033,285.6866455078125,3716600,0.0,0.0
2025-09-16 00:00:00-04:00,288.76487048060636,293.6162988207052,287.7387985548846,291.8530578613281,5538400,0.0,0.0
2025-09-17 00:00:00-04:00,290.9764234254873,291.59405485416454,285.407738562075,288.39630126953125,4149600,0.0,0.0
2025-09-18 00:00:00-04:00,289.6016554039499,296.5151989855756,289.1035616611886,295.95733642578125,3977500,0.0,0.0
2025-09-19 00:00:00-04:00,296.65470887583194,301.87472208274323,294.2339499440265,299.991943359375,9652600,0.0,0.0
2025-09-22 00:00:00-04:00,298.95586951169633,300.0018542075959,295.220166453156,299.8723449707031,4192800,0.0,0.0
2025-09-23 00:00:00-04:00,300.49997574180964,304.60426368419917,300.00188195460254,304.4648132324219,3637400,0.0,0.0
2025-09-24 00:00:00-04:00,305.72993382969526,306.0786055305618,297.650867898761,299.15509033203125,5645500,0.0,0.0
2025-09-25 00:00:00-04:00,297.36197188045094,299.0953284203051,293.7458063531853,296.0469970703125,4504500,0.0,0.0
2025-09-26 00:00:00-04:00,298.78648670400855,300.8486019674309,291.6338682978987,293.8553771972656,3817600,0.0,0.0
2025-09-29 00:00:00-04:00,295.5908458225106,297.15677852547935,288.9082525154842,292.8679504394531,3860800,0.36,0.0
2025-09-30 00:00:00-04:00,293.945147740601,300.6876136457226,293.147236109462,300.039306640625,4112400,0.0,0.0
2025-10-01 00:00:00-04:00,295.61083015315427,301.44565413645586,294.26432762802654,300.0991516113281,3633300,0.0,0.0
2025-10-02 00:00:00-04:00,301.52541441291515,302.6524866014974,296.0297047393465,298.6728515625,2508200,0.0,0.0
2025-10-03 00:00:00-04:00,298.6828247477028,301.9642949730459,294.69320565639913,296.2292175292969,2817000,0.0,0.0
2025-10-06 00:00:00-04:00,295.0323120408108,298.5132753065693,293.9850492316216,297.446044921875,2759800,0.0,0.0
2025-10-07 00:00:00-04:00,297.2964205288471,301.9542833429684,297.11689499150253,300.9568786621094,2578800,0.0,0.0
2025-10-08 00:00:00-04:00,302.61259661513134,303.8793201346929,298.8124869332019,301.7747802734375,2658600,0.0,0.0
2025-10-09 00:00:00-04:00,301.92438549052827,303.2110461498969,295.3315546567034,298.5731201171875,4292500,0.0,0.0
2025-10-10 00:00:00-04:00,298.2240091235511,299.2214138363389,290.7334899902344,290.7334899902344,3380000,0.0,0.0
2025-10-13 00:00:00-04:00,295.23181492149877,296.8077010812338,292.35928428455446,296.7578430175781,2604100,0.0,0.0
2025-10-14 00:00:00-04:00,294.0748172676388,301.5054949424331,291.2521751755017,299.30120849609375,2516500,0.0,0.0
2025-10-15 00:00:00-04:00,300.75742304362984,304.15857673774264,294.95252035965876,299.3410949707031,2773000,0.0,0.0
2025-10-16 00:00:00-04:00,300.8870963026041,302.2634892526673,296.9872401814836,299.06182861328125,2623100,0.0,0.0
2025-10-17 00:00:00-04:00,297.39616504146863,302.1737115143308,296.568302116553,299.3610534667969,3949300,0.0,0.0
2025-10-20 00:00:00-04:00,303.0714005450026,304.6373333481203,300.8871120894466,301.89447021484375,5058700,0.0,0.0
2025-10-21 00:00:00-04:00,306.5024420796342,315.70849811643876,302.24353510816576,305.8341979980469,6726600,0.0,0.0
2025-10-22 00:00:00-04:00,306.8017043520388,308.19806490145737,294.03490540701046,297.1169128417969,5212200,0.0,0.0
2025-10-23 00:00:00-04:00,298.37361771792695,306.29301367803964,297.9048362791362,305.5948486328125,3091000,0.0,0.0
2025-10-24 00:00:00-04:00,308.3875911988728,309.49469591161096,302.782181117519,303.0813903808594,3586800,0.0,0.0
2025-10-27 00:00:00-04:00,306.69198504644567,312.5168252897539,303.709754504401,312.0281066894531,4244400,0.0,0.0
2025-10-28 00:00:00-04:00,311.2900254637117,315.8481724310449,308.64690899019996,308.98602294921875,3058100,0.0,0.0
2025-10-29 00:00:00-04:00,309.19546446718965,314.3021717843785,308.2179968797682,313.46435546875,3596800,0.0,0.0
2025-10-30 00:00:00-04:00,309.6043980159225,314.02289355221063,307.6993513774795,309.9435119628906,3782000,0.0,0.0
2025-10-31 00:00:00-04:00,310.9309305487887,314.1027006188865,306.3827675648617,308.148193359375,4023800,0.0,0.0
2025-11-03 00:00:00-05:00,308.2978265360949,310.88110128841146,305.48513772436655,307.8190612792969,3297600,0.0,0.0
2025-11-04 00:00:00-05:00,305.02631320770286,308.42746689342385,302.28345027777067,303.4105224609375,3938200,0.0,0.0
2025-11-05 00:00:00-05:00,302.662480668558,307.73926714490455,301.7149339897682,304.3181457519531,4711100,0.0,0.0
2025-11-06 00:00:00-05:00,302.94174084379955,307.2305688834748,300.65767555537786,304.47772216796875,3467800,0.0,0.0
2025-11-07 00:00:00-05:00,303.24095266066655,308.1182763013289,296.9273942413986,306.4725341796875,4766500,0.0,0.0
2025-11-10 00:00:00-05:00,309.13565300224883,312.94574672794977,308.11831104150536,311.1304626464844,3716400,0.0,0.0
2025-11-11 00:00:00-05:00,309.6941744740771,311.9084142337457,306.25311591568084,309.9136047363281,2682200,0.0,0.0
2025-11-12 00:00:00-05:00,309.97345975068646,311.6391391446572,301.2162469026415,308.218017578125,3884500,0.0,0.0
2025-11-13 00:00:00-05:00,309.1755343783529,310.57189493623116,301.79471490115264,303.380615234375,4153300,0.0,0.0
2025-11-14 00:00:00-05:00,300.1889161946154,306.00377263698294,295.4811644415059,304.0289306640625,2803300,0.0,0.0
2025-11-17 00:00:00-05:00,306.0237452219258,308.0185548035484,297.7751881213543,299.3511047363281,3076600,0.0,0.0
2025-11-18 00:00:00-05:00,295.0622347827193,300.2986097376662,292.98764628869316,295.2417907714844,4053600,0.0,0.0
2025-11-19 00:00:00-05:00,295.0921571247549,300.8871067726962,294.73310602225564,300.039306640625,2952600,0.0,0.0
2025-11-20 00:00:00-05:00,304.60742570193406,306.2830584930116,289.7261628446729,289.86578369140625,3733900,0.0,0.0
2025-11-21 00:00:00-05:00,289.86577063880253,290.95293819019116,283.3028606167524,286.69403076171875,5604100,0.0,0.0
2025-11-24 00:00:00-05:00,288.72871845089014,294.05485580288996,286.6241787428383,293.2868347167969,11909200,0.0,0.0
2025-11-25 00:00:00-05:00,293.7256990342098,295.21185272858355,285.46718937309777,292.6784362792969,4693100,0.0,0.0
2025-11-26 00:00:00-05:00,294.4438448725022,297.83501490197676,292.6983865769103,295.8501892089844,4113700,0.0,0.0
2025-11-28 00:00:00-05:00,296.2392107206885,297.90485969868797,294.4937523128379,297.67547607421875,1376400,0.0,0.0
2025-12-01 00:00:00-05:00,294.9824586089825,295.63076561715087,287.2824926223473,287.701416015625,3756300,0.0,0.0
2025-12-02 00:00:00-05:00,290.04529239812956,291.24219028698883,287.71136890939397,288.56915283203125,4255800,0.0,0.0
2025-12-03 00:00:00-05:00,287.2924581209782,288.5990558420451,283.7616369625652,287.74127197265625,4059500,0.0,0.0
2025-12-04 00:00:00-05:00,288.10037142867236,293.7756069563175,286.91345732749244,291.1025390625,4195300,0.0,0.0
2025-12-05 00:00:00-05:00,290.91307516126415,292.51888229955495,281.4177618622252,283.203125,5220300,0.0,0.0
2025-12-08 00:00:00-05:00,284.2603528005847,288.0903833751873,282.564752555897,286.4446716308594,4333200,0.0,0.0
2025-12-09 00:00:00-05:00,286.4546591668383,289.69622463592725,284.0309424675525,284.5695495605469,3553400,0.0,0.0
2025-12-10 00:00:00-05:00,284.7091879640217,285.1380646860986,280.57991783506856,282.8639831542969,5807400,0.0,0.0
2025-12-11 00:00:00-05:00,281.34790565903603,288.60901069043035,278.9142661833052,287.6714782714844,5971500,0.0,0.0
2025-12-12 00:00:00-05:00,290.17496216703194,303.22103359226077,289.9455785507024,299.03192138671875,9381900,0.0,0.0
2025-12-15 00:00:00-05:00,299.22141547494033,307.2604950689636,299.131652702903,300.1988830566406,6808600,0.0,0.0
2025-12-16 00:00:00-05:00,296.8875120062979,300.6177961625525,296.08956991513486,297.9547424316406,5271300,0.0,0.0
2025-12-17 00:00:00-05:00,298.34368280398763,300.44822250527926,290.8631477091897,291.42169189453125,3802500,0.0,0.0
2025-12-18 00:00:00-05:00,295.23180795684465,301.52542953598964,294.6533265908964,300.90704345703125,4495100,0.0,0.0
2025-12-19 00:00:00-05:00,303.4404729066044,307.6295547986732,302.8520077278987,306.4127197265625,8856400,0.0,0.0
2025-12-22 00:00:00-05:00,308.8463748309896,315.57885689525887,305.1360279424794,313.9132080078125,6959900,0.0,0.0
2025-12-23 00:00:00-05:00,314.18249730373094,316.92536037543016,313.3446809635263,314.71112060546875,2724800,0.0,0.0
2025-12-24 00:00:00-05:00,315.1699411078711,316.3369181467354,314.30220377972114,315.927978515625,878500,0.0,0.0
2025-12-26 00:00:00-05:00,315.7783459485461,317.23454834240465,313.72369462457203,314.3221435546875,1882300,0.0,0.0
2025-12-29 00:00:00-05:00,312.8842197184218,313.5432633555057,310.7972634375833,311.12677001953125,2773200,0.36,0.0
2025-12-30 00:00:00-05:00,311.486262535626,312.4748127556644,310.1082649724282,311.33648681640625,3155100,0.0,0.0
2025-12-31 00:00:00-05:00,311.68597715539187,312.9041732944955,307.4221687757797,307.5819396972656,2555700,0.0,0.0
