Date,Open,High,Low,Close,Volume,Dividends,Stock Splits
2004-08-19 00:00:00-04:00,2.4805075283482223,2.581215643676131,2.380294273451942,2.488940715789795,893181924,0.0,0.0
2004-08-20 00:00:00-04:00,2.5055603107366164,2.7057372587171695,2.492909466416938,2.6866366863250732,456686856,0.0,0.0
2004-08-23 00:00:00-04:00,2.7471624746324466,2.8148799025139617,2.7049934602461985,2.7136752605438232,365122512,0.0,0.0
2004-08-24 00:00:00-04:00,2.7593160300095283,2.768245967774877,2.569061114636917,2.6013071537017822,304946748,0.0,0.0
2004-08-25 00:00:00-04:00,2.6035405297703837,2.678947898893154,2.5767511878488074,2.629337787628174,183772044,0.0,0.0
2004-08-26 00:00:00-04:00,2.603291693723747,2.6777069791286072,2.5960984934202957,2.6767146587371826,141897960,0.0,0.0
2004-08-27 00:00:00-04:00,2.6814279586139182,2.6943267061174647,2.6216481566498278,2.6330578327178955,124235640,0.0,0.0
2004-08-30 00:00:00-04:00,2.6114786387859383,2.6166874355851193,2.5303659439086914,2.5303659439086914,103935960,0.0,0.0
2004-08-31 00:00:00-04:00,2.537558694918769,2.5725335578651247,2.5340864006589863,2.539295196533203,98357544,0.0,0.0
2004-09-01 00:00:00-04:00,2.5474805189786704,2.554178149411961,2.472321057770086,2.486708402633667,182765052,0.0,0.0
2004-09-02 00:00:00-04:00,2.460415194239856,2.539295579274233,2.4542140770337095,2.51796293258667,302373324,0.0,0.0
2004-09-03 00:00:00-04:00,2.504071908261782,2.5236680515790026,2.463639398280675,2.480755567550659,103048848,0.0,0.0
2004-09-07 00:00:00-04:00,2.505560125205871,2.5301173944895163,2.470833167823576,2.5196988582611084,116950932,0.0,0.0
2004-09-08 00:00:00-04:00,2.4988630219379235,2.55566634162594,2.492909807731657,2.5375590324401855,99712188,0.0,0.0
2004-09-09 00:00:00-04:00,2.543264155270112,2.5477285338670628,2.505312801542786,2.537806510925293,81234684,0.0,0.0
2004-09-10 00:00:00-04:00,2.5201957446791363,2.64322883046959,2.512753695666572,2.612718343734741,173977848,0.0,0.0
2004-09-13 00:00:00-04:00,2.644964368659599,2.689118020805163,2.6407478929184083,2.6665451526641846,156882960,0.0,0.0
2004-09-14 00:00:00-04:00,2.6653051595235286,2.7781683183535546,2.648933171757235,2.765517473220825,216579204,0.0,0.0
2004-09-15 00:00:00-04:00,2.742448684953676,2.8334833816365315,2.7335187472736,2.778167963027954,214261524,0.0,0.0
2004-09-16 00:00:00-04:00,2.7866014874428915,2.8724273990045237,2.7694862638214994,2.8270339965820312,185326488,0.0,0.0
2004-09-17 00:00:00-04:00,2.8381965575480965,2.9143483638763428,2.8166169511631565,2.9143483638763428,189450360,0.0,0.0
2004-09-20 00:00:00-04:00,2.9009536092563835,3.01629674643716,2.8964882851927563,2.960733652114868,212575212,0.0,0.0
2004-09-21 00:00:00-04:00,2.9718958399683153,2.9870276058782315,2.914844615981985,2.923030138015747,144575280,0.0,0.0
2004-09-22 00:00:00-04:00,2.9121155917547994,2.9684233394741373,2.89748034162045,2.9364240169525146,151624224,0.0,0.0
2004-09-23 00:00:00-04:00,2.9478348873436437,3.041846323735094,2.9026891497167817,2.9969494342803955,170713116,0.0,0.0
2004-09-24 00:00:00-04:00,2.9999256031484705,3.078309696820378,2.970655342205997,2.9723918437957764,182469348,0.0,0.0
2004-09-27 00:00:00-04:00,2.965694348232491,2.9984369048791764,2.9220374484882194,2.9334473609924316,141322536,0.0,0.0
2004-09-28 00:00:00-04:00,3.0088556727164284,3.160165986399802,2.9818174815668614,3.1467716693878174,338581080,0.0,0.0
2004-09-29 00:00:00-04:00,3.142802895616177,3.349180969050317,3.131144371169801,3.251448631286621,610329060,0.0,0.0
2004-09-30 00:00:00-04:00,3.2221794650060196,3.2817116087292093,3.1998544975444565,3.2147374153137207,275160564,0.0,0.0
2004-10-01 00:00:00-04:00,3.244503058828954,3.3298324535668207,3.197373864835561,3.28865647315979,302497200,0.0,0.0
2004-10-04 00:00:00-04:00,3.3548864618703216,3.395070124506872,3.324623877241176,3.350173234939575,260455284,0.0,0.0
2004-10-05 00:00:00-04:00,3.3402511266546395,3.4362469654993837,3.2802224736539642,3.4322781562805176,299464236,0.0,0.0
2004-10-06 00:00:00-04:00,3.4119378069329316,3.4342627737380336,3.3734896993788133,3.4002790451049805,267628104,0.0,0.0
2004-10-07 00:00:00-04:00,3.39631045370556,3.4697343788117108,3.387132847092288,3.4441850185394287,282301416,0.0,0.0
2004-10-08 00:00:00-04:00,3.4409593837800165,3.4647722400396614,3.3987913158804353,3.41640305519104,221390388,0.0,0.0
2004-10-11 00:00:00-04:00,3.3982946401915655,3.4444327001063337,3.320159619608467,3.3551344871520996,209442348,0.0,0.0
2004-10-12 00:00:00-04:00,3.33479373866449,3.4134266931111656,3.3089964767583075,3.408216714859009,233310456,0.0,0.0
2004-10-13 00:00:00-04:00,3.5550633478179745,3.5607677134936595,3.4746950791024376,3.495034694671631,395324280,0.0,0.0
2004-10-14 00:00:00-04:00,3.4977637114631754,3.5317462583477073,3.436990637342205,3.5223209857940674,208842948,0.0,0.0
2004-10-15 00:00:00-04:00,3.5949994299549877,3.6091379291486243,3.521079706397451,3.5746586322784424,263895840,0.0,0.0
2004-10-18 00:00:00-04:00,3.5520871466790966,3.7009172684758105,3.502724693877723,3.699925184249878,280726992,0.0,0.0
2004-10-19 00:00:00-04:00,3.733163426267724,3.780293333505684,3.6550272249950555,3.6696624755859375,362197440,0.0,0.0
2004-10-20 00:00:00-04:00,3.671894311870324,3.6957071668520562,3.4627876495216023,3.4848647117614746,454453092,0.0,0.0
2004-10-21 00:00:00-04:00,3.5818532052088394,3.7239856945071206,3.5128946078052055,3.7053818702697754,582996420,0.0,0.0
2004-10-22 00:00:00-04:00,4.23025694283189,4.469129899892818,4.070015748058759,4.2771382331848145,1474200324,0.0,0.0
2004-10-25 00:00:00-04:00,4.375614636617073,4.822850835656413,4.280115541263472,4.648471355438232,1309257432,0.0,0.0
2004-10-26 00:00:00-04:00,4.622176547327278,4.778448446884316,4.464913036416014,4.509562015533447,891391716,0.0,0.0
2004-10-27 00:00:00-04:00,4.532383502984642,4.701057660938855,4.5088183138768345,4.612999439239502,533725740,0.0,0.0
2004-10-28 00:00:00-04:00,4.630611696851799,4.821858981180498,4.603822585714822,4.794820785522461,593278128,0.0,0.0
2004-10-29 00:00:00-04:00,4.933480483703631,4.959774256476324,4.727846836520535,4.728838920593262,845653500,0.0,0.0
2004-11-01 00:00:00-05:00,4.801022504585252,4.903219465764455,4.744467088261272,4.862538814544678,488507004,0.0,0.0
2004-11-02 00:00:00-05:00,4.93075201225801,4.942410773922955,4.79581249233996,4.833765029907227,453398148,0.0,0.0
2004-11-03 00:00:00-05:00,4.915869318223629,5.000703159003597,4.731568511643229,4.75438928604126,554992452,0.0,0.0
2004-11-04 00:00:00-05:00,4.6742676793325835,4.722885470646646,4.5480092656025075,4.581496238708496,575807616,0.0,0.0
2004-11-05 00:00:00-05:00,4.514027200024818,4.521964819152569,4.18089533587813,4.20073938369751,792530676,0.0,0.0
2004-11-08 00:00:00-05:00,4.23993170269396,4.351801843616002,4.201979636034263,4.280115604400635,447224328,0.0,0.0
2004-11-09 00:00:00-05:00,4.318563044679679,4.345848430646056,4.099534594069191,4.1846160888671875,442125432,0.0,0.0
2004-11-10 00:00:00-05:00,4.233481322950309,4.279370529094037,4.12582720209182,4.1637797355651855,425334240,0.0,0.0
2004-11-11 00:00:00-05:00,4.195281101582811,4.557931552124494,4.156585096051174,4.53982400894165,598820580,0.0,0.0
2004-11-12 00:00:00-05:00,4.594642676610388,4.708002574222966,4.400418714210136,4.514523029327393,669174156,0.0,0.0
2004-11-15 00:00:00-05:00,4.476076497482399,4.671292129377749,4.43390747835757,4.585714340209961,475583940,0.0,0.0
2004-11-16 00:00:00-05:00,4.402900247558989,4.451765704722566,4.237450025136758,4.279867172241211,835859304,0.0,0.0
2004-11-17 00:00:00-05:00,4.192553630216504,4.40290051363266,4.192056879188014,4.27887487411499,724590684,0.0,0.0
2004-11-18 00:00:00-05:00,4.224055520211552,4.3265001290225795,4.110943763175837,4.155841827392578,664518816,0.0,0.0
2004-11-19 00:00:00-05:00,4.1945373444174585,4.216366028543485,4.130540127025455,4.20197868347168,350421228,0.0,0.0
2004-11-22 00:00:00-05:00,4.079691217269916,4.204460824473094,4.001307104670213,4.09531831741333,494233272,0.0,0.0
2004-11-23 00:00:00-05:00,4.166507927622202,4.237450692958336,4.130045169708178,4.155345916748047,496035468,0.0,0.0
2004-11-24 00:00:00-05:00,4.336422592843436,4.395707059698433,4.279122766757662,4.334933757781982,610628760,0.0,0.0
2004-11-26 00:00:00-05:00,4.360731585192046,4.465657610024554,4.348825156314378,4.449782371520996,258944796,0.0,0.0
2004-11-29 00:00:00-05:00,4.473843701851064,4.538088126241059,4.403148603162194,4.4909586906433105,426237336,0.0,0.0
2004-11-30 00:00:00-05:00,4.482524308448989,4.539328331413645,4.471114159606059,4.514026641845703,307692000,0.0,0.0
2004-12-01 00:00:00-05:00,4.513282336583743,4.526925738460032,4.453750671651777,4.463921070098877,314249436,0.0,0.0
2004-12-02 00:00:00-05:00,4.462431600472771,4.5023678257077995,4.428944630144327,4.450028896331787,250185564,0.0,0.0
2004-12-03 00:00:00-05:00,4.463672916280074,4.491206916760156,4.405380996046463,4.4748358726501465,234533232,0.0,0.0
2004-12-06 00:00:00-05:00,4.443332666987482,4.482276341651808,4.366188789959905,4.372886657714844,249909840,0.0,0.0
2004-12-07 00:00:00-05:00,4.365692119852771,4.37065301277833,4.2305044791089506,4.252333164215088,274561164,0.0,0.0
2004-12-08 00:00:00-05:00,4.225544137405143,4.3081447169167095,4.185359765115551,4.216366767883301,301370328,0.0,0.0
2004-12-09 00:00:00-05:00,4.223064339022921,4.303680753518991,4.17891115550835,4.301943778991699,305853840,0.0,0.0
2004-12-10 00:00:00-05:00,4.301942793599638,4.337910210552292,4.248860864204401,4.257790565490723,172515312,0.0,0.0
2004-12-13 00:00:00-05:00,4.270689777658571,4.295742856799682,4.203219074333048,4.228024959564209,192551256,0.0,0.0
2004-12-14 00:00:00-05:00,4.241667367393928,4.435643214894434,4.206940168294378,4.4324188232421875,443092464,0.0,0.0
2004-12-15 00:00:00-05:00,4.415054176541507,4.482028119325161,4.382063483483645,4.459455490112305,458381160,0.0,0.0
2004-12-16 00:00:00-05:00,4.389257713020812,4.477068276737888,4.36445277077878,4.3773512840271,342569088,0.0,0.0
2004-12-17 00:00:00-05:00,4.384543639539583,4.477315079272553,4.379335080046523,4.466897487640381,295152552,0.0,0.0
2004-12-20 00:00:00-05:00,4.514523523349296,4.674763780742362,4.51129818645544,4.5894341468811035,392986620,0.0,0.0
2004-12-21 00:00:00-05:00,4.621433331728391,4.660377956134141,4.549251285117208,4.557932376861572,220431348,0.0,0.0
2004-12-22 00:00:00-05:00,4.561653156126674,4.634828706680054,4.539577272107731,4.621185302734375,156123720,0.0,0.0
2004-12-23 00:00:00-05:00,4.649710450039824,4.678236530393205,4.613743502751306,4.660872459411621,144439416,0.0,0.0
2004-12-27 00:00:00-05:00,4.691878861495891,4.794820235877436,4.690639110786504,4.760342121124268,243919836,0.0,0.0
2004-12-28 00:00:00-05:00,4.76530352440223,4.8010228116248,4.73801718972389,4.781426429748535,165666168,0.0,0.0
2004-12-29 00:00:00-05:00,4.7571166144609105,4.80027818603543,4.7571166144609105,4.784898281097412,107016876,0.0,0.0
2004-12-30 00:00:00-05:00,4.7866352454858125,4.917110153567241,4.758853578908073,4.901482582092285,235935828,0.0,0.0
2004-12-31 00:00:00-05:00,4.941914749202966,4.95803765268919,4.776464984740244,4.782170295715332,306433260,0.0,0.0
2005-01-03 00:00:00-05:00,4.896520804583226,5.051304347579192,4.848398348058355,5.028235912322998,633134232,0.0,0.0
2005-01-04 00:00:00-05:00,4.995740964896961,5.033692550842616,4.799285168220945,4.824585437774658,549685764,0.0,0.0
2005-01-05 00:00:00-05:00,4.798541872957709,4.884118711240742,4.768280230907827,4.800030708312988,329134536,0.0,0.0
2005-01-06 00:00:00-05:00,4.838973447082539,4.859312824667889,4.656408237478933,4.676995754241943,415068516,0.0,0.0
2005-01-07 00:00:00-05:00,4.7288392458687465,4.8183853559666,4.682701425237616,4.808463096618652,386129484,0.0,0.0
2005-01-10 00:00:00-05:00,4.824587016893159,4.913885479261881,4.758358414994642,4.838478088378906,301282416,0.0,0.0
2005-01-11 00:00:00-05:00,4.852367663487266,4.904211267695114,4.791843441209244,4.8007731437683105,278069652,0.0,0.0
2005-01-12 00:00:00-05:00,4.820369878226135,4.860057973240194,4.725366589407379,4.846415042877197,326784888,0.0,0.0
2005-01-13 00:00:00-05:00,4.846414535890618,4.896273497626586,4.813423839901743,4.845174312591553,273702024,0.0,0.0
2005-01-14 00:00:00-05:00,4.861794582745108,4.961262961697595,4.815409091130012,4.960270404815674,385226388,0.0,0.0
2005-01-18 00:00:00-05:00,4.985075256102213,5.085536180588213,4.927774953781766,5.0577545166015625,526377096,0.0,0.0
2005-01-19 00:00:00-05:00,5.076357675994111,5.092481997939196,4.879406515794937,4.894040584564209,449857692,0.0,0.0
2005-01-20 00:00:00-05:00,4.774976732732746,4.867995858205961,4.762574497767084,4.810200214385986,359703936,0.0,0.0
2005-01-21 00:00:00-05:00,4.82557890620877,4.845919232124918,4.66633072053196,4.670299530029297,369965664,0.0,0.0
2005-01-24 00:00:00-05:00,4.6804688591322146,4.69634409509485,4.472851040994822,4.4827728271484375,560347092,0.0,0.0
2005-01-25 00:00:00-05:00,4.513034655171347,4.520476940393979,4.372886583937741,4.393474102020264,425941632,0.0,0.0
2005-01-26 00:00:00-05:00,4.4468054205025345,4.698329249507487,4.443828695272626,4.694112300872803,491823684,0.0,0.0
2005-01-27 00:00:00-05:00,4.682205838003345,4.684685812148458,4.593899947122088,4.665338516235352,264830904,0.0,0.0
2005-01-28 00:00:00-05:00,4.713459781538394,4.829547331949631,4.622177170352978,4.721397399902344,487839672,0.0,0.0
2005-01-31 00:00:00-05:00,4.804494026651097,4.870724028934254,4.755628568092025,4.852367401123047,383484132,0.0,0.0
2005-02-01 00:00:00-05:00,4.821609994353528,4.878165410328432,4.728591821324713,4.7600932121276855,752806440,0.0,0.0
2005-02-02 00:00:00-05:00,5.346733772177839,5.377739831241538,5.051802111657316,5.108852863311768,1310660028,0.0,0.0
2005-02-03 00:00:00-05:00,5.109596920175306,5.292658899507281,5.105131832458785,5.230397701263428,519004476,0.0,0.0
2005-02-04 00:00:00-05:00,5.1215032133910565,5.153253687039335,5.025507374856663,5.069164276123047,592179228,0.0,0.0
2005-02-07 00:00:00-05:00,5.091490011161548,5.119767010354365,4.849640302034073,4.862538814544678,517897584,0.0,0.0
2005-02-08 00:00:00-05:00,4.8856072141069165,4.961511343876437,4.82533065539671,4.927279949188232,458740800,0.0,0.0
2005-02-09 00:00:00-05:00,4.9798657622069005,5.000701890104676,4.699568229034567,4.75215482711792,686173140,0.0,0.0
2005-02-10 00:00:00-05:00,4.761830600724324,4.767784052275693,4.595141046979031,4.662858486175537,758548692,0.0,0.0
2005-02-11 00:00:00-05:00,4.63011519778452,4.770511894081589,4.615479710446487,4.648471355438232,524115360,0.0,0.0
2005-02-14 00:00:00-05:00,4.5356070553607255,4.789362662938351,4.489717854287657,4.787130355834961,1540945512,0.0,0.0
2005-02-15 00:00:00-05:00,4.802261774570845,4.957045327140335,4.789363263351572,4.842694282531738,1030280688,0.0,0.0
2005-02-16 00:00:00-05:00,4.829547091563275,4.944394412929103,4.8196248327791675,4.921574115753174,660630708,0.0,0.0
2005-02-17 00:00:00-05:00,4.907187592811612,4.954812826793716,4.881885904438598,4.908923149108887,416159424,0.0,0.0
2005-02-18 00:00:00-05:00,4.924055903287066,4.932241189235997,4.878165743721662,4.910164833068848,339096564,0.0,0.0
2005-02-22 00:00:00-05:00,4.874196863141057,4.933729007540056,4.7226386249540955,4.746947288513184,538808652,0.0,0.0
2005-02-23 00:00:00-05:00,4.794819756215164,4.824090253356228,4.6797242989929915,4.810943603515625,622816560,0.0,0.0
2005-02-24 00:00:00-05:00,4.548507293146961,4.709243863874328,4.520228871647721,4.685431003570557,1031539428,0.0,0.0
2005-02-25 00:00:00-05:00,4.691878808227192,4.710979382035382,4.601588752918067,4.610518455505371,398541060,0.0,0.0
2005-02-28 00:00:00-05:00,4.613743744395576,4.709739582309529,4.610022601764022,4.663105010986328,312423264,0.0,0.0
2005-03-01 00:00:00-05:00,4.695352113081129,4.706761789288971,4.514523397215093,4.615231513977051,372075552,0.0,0.0
2005-03-02 00:00:00-05:00,4.612502490512946,4.655167306574934,4.573063483925224,4.593402862548828,291128580,0.0,0.0
2005-03-03 00:00:00-05:00,4.616968594191119,4.657152495726654,4.571822853557029,4.638797283172607,304039656,0.0,0.0
2005-03-04 00:00:00-05:00,4.631107322985159,4.644750253576164,4.590674809650411,4.611263275146484,270693036,0.0,0.0
2005-03-07 00:00:00-05:00,4.657897047247651,4.70304231653303,4.639292749647133,4.683446407318115,346349304,0.0,0.0
2005-03-08 00:00:00-05:00,4.690639524550204,4.709243349169577,4.588194892178692,4.593900203704834,321522156,0.0,0.0
2005-03-09 00:00:00-05:00,4.569342495075375,4.58025683864836,4.4688825133609,4.49839973449707,453961584,0.0,0.0
2005-03-10 00:00:00-05:00,4.489966338089564,4.494679564955331,4.400419281454862,4.464416980743408,437981580,0.0,0.0
2005-03-11 00:00:00-05:00,4.4758273205314545,4.488477219837559,4.3942183602194955,4.410341262817383,320810868,0.0,0.0
2005-03-14 00:00:00-05:00,4.423488782230951,4.425224811386364,4.280612117537499,4.340639591217041,445418136,0.0,0.0
2005-03-15 00:00:00-05:00,4.348329455260444,4.46491375988396,4.321292207835075,4.430434226989746,416467116,0.0,0.0
2005-03-16 00:00:00-05:00,4.383055961852843,4.430433526642983,4.341135568054702,4.355769634246826,283967748,0.0,0.0
2005-03-17 00:00:00-05:00,4.393722700627489,4.455982478366848,4.360731058842552,4.447301387786865,330093576,0.0,0.0
2005-03-18 00:00:00-05:00,4.435394470381749,4.474834890946606,4.422991765925665,4.46590518951416,283316400,0.0,0.0
2005-03-21 00:00:00-05:00,4.446805787096746,4.518740641088515,4.396700095708528,4.4867424964904785,299048652,0.0,0.0
2005-03-22 00:00:00-05:00,4.494183508196598,4.513035473279834,4.411583391115128,4.4301862716674805,225042732,0.0,0.0
2005-03-23 00:00:00-05:00,4.414558833557174,4.47086657923063,4.414558833557174,4.439611911773682,193606200,0.0,0.0
2005-03-24 00:00:00-05:00,4.482276517492276,4.486245326873732,4.4450688704603705,4.446309566497803,148059792,0.0,0.0
2005-03-28 00:00:00-05:00,4.50658562668735,4.583977637393923,4.48847713829585,4.500135898590088,349170480,0.0,0.0
2005-03-29 00:00:00-05:00,4.490957884138238,4.546273540667975,4.417038406866948,4.454246520996094,258661080,0.0,0.0
2005-03-30 00:00:00-05:00,4.4807893533688645,4.500881067972783,4.454990909316413,4.476076126098633,249194556,0.0,0.0
2005-03-31 00:00:00-05:00,4.414062436508462,4.4993915946080545,4.406372484962887,4.477563381195068,270473256,0.0,0.0
2005-04-01 00:00:00-05:00,4.508570001291219,4.538087218469944,4.464664021041096,4.46590518951416,247032720,0.0,0.0
2005-04-04 00:00:00-04:00,4.4636727324672245,4.596876696071262,4.46094509174579,4.596132278442383,322732944,0.0,0.0
2005-04-05 00:00:00-04:00,4.656656487363862,4.719413020163396,4.652687677962251,4.677492618560791,349118532,0.0,0.0
2005-04-06 00:00:00-04:00,4.694112191799938,4.7042821180120145,4.652935263250599,4.693615913391113,209893896,0.0,0.0
2005-04-07 00:00:00-04:00,4.682701651996872,4.827562958852315,4.679229121012282,4.8062310218811035,387300312,0.0,0.0
2005-04-08 00:00:00-04:00,4.8044951093474895,4.839469980630248,4.748931770902417,4.763814926147461,204459336,0.0,0.0
2005-04-11 00:00:00-04:00,4.789611145313143,4.83202829602498,4.770511516811345,4.793084621429443,216203580,0.0,0.0
2005-04-12 00:00:00-04:00,4.78737965548362,4.8226021899499845,4.698329344518551,4.811192512512207,292491216,0.0,0.0
2005-04-13 00:00:00-04:00,4.799037887547079,4.820122158249297,4.706266907398873,4.785642623901367,261969768,0.0,0.0
2005-04-14 00:00:00-04:00,4.79407618595099,4.821113429959763,4.715443482398658,4.74893045425415,245861892,0.0,0.0
2005-04-15 00:00:00-04:00,4.715444833235614,4.721398284446986,4.5805052957678205,4.588939666748047,462632904,0.0,0.0
2005-04-18 00:00:00-04:00,4.57851956511891,4.66037665547184,4.5514823225887895,4.637803554534912,261749988,0.0,0.0
2005-04-19 00:00:00-04:00,4.696344773557683,4.7625743126976054,4.664097545961611,4.747691631317139,336862800,0.0,0.0
2005-04-20 00:00:00-04:00,4.925791545837774,4.973418208172585,4.859562948827467,4.913885116577148,617441940,0.0,0.0
2005-04-21 00:00:00-04:00,4.971432148192053,5.085038763238448,4.944146293519627,5.0656914710998535,709365924,0.0,0.0
2005-04-22 00:00:00-04:00,5.529050634684815,5.556336967489,5.314735398715725,5.353183269500732,1326875796,0.0,0.0
2005-04-25 00:00:00-04:00,5.403041760056518,5.574692664187571,5.395599473699034,5.544678688049316,792806400,0.0,0.0
2005-04-26 00:00:00-04:00,5.462573013574414,5.506726192223598,5.414699165000844,5.426109313964844,690189120,0.0,0.0
2005-04-27 00:00:00-04:00,5.4072569344938195,5.478199687348024,5.376250881541472,5.451658248901367,410181408,0.0,0.0
2005-04-28 00:00:00-04:00,5.444713566678031,5.508711268608925,5.400312245327751,5.443473815917969,346964688,0.0,0.0
2005-04-29 00:00:00-04:00,5.504492750285288,5.512927119253566,5.403040691112749,5.45711612701416,366441192,0.0,0.0
2005-05-02 00:00:00-04:00,5.507966852500191,5.548894697561481,5.462325307731115,5.513919830322266,390305304,0.0,0.0
2005-05-03 00:00:00-04:00,5.5030064028771255,5.659277400583919,5.489859750119619,5.610659599304199,710496792,0.0,0.0
2005-05-04 00:00:00-04:00,5.636457349919713,5.702191089279637,5.630752983240092,5.667959690093994,482856660,0.0,0.0
2005-05-05 00:00:00-04:00,5.670935398614585,5.670935398614585,5.602970308854596,5.630255222320557,300083616,0.0,0.0
2005-05-06 00:00:00-04:00,5.6654785659700515,5.686562834888322,5.617604244673191,5.656052112579346,270285444,0.0,0.0
2005-05-09 00:00:00-04:00,5.655556997981494,5.667958758915825,5.591806965089171,5.606442451477051,221250528,0.0,0.0
2005-05-10 00:00:00-04:00,5.592799558777176,5.6505961418151855,5.574196208283844,5.6505961418151855,253578168,0.0,0.0
2005-05-11 00:00:00-04:00,5.679617476491552,5.754280434538842,5.653820452725847,5.7371649742126465,458692848,0.0,0.0
2005-05-12 00:00:00-04:00,5.7252583223965745,5.760482271112092,5.660517626317299,5.6734161376953125,357570072,0.0,0.0
2005-05-13 00:00:00-04:00,5.684826220352881,5.732203789680742,5.638689346956599,5.686314582824707,296323380,0.0,0.0
2005-05-16 00:00:00-04:00,5.697228882821669,5.745350396698938,5.669695358916014,5.7312116622924805,227028744,0.0,0.0
2005-05-17 00:00:00-04:00,5.719057783347624,5.79074401480801,5.710127608248973,5.782806396484375,312043644,0.0,0.0
2005-05-18 00:00:00-04:00,5.794713050386661,5.952473338894594,5.792480742847816,5.9323811531066895,491987520,0.0,0.0
2005-05-19 00:00:00-04:00,5.961651279788209,5.982238797400103,5.910304428445096,5.9328765869140625,388271340,0.0,0.0
2005-05-20 00:00:00-04:00,5.983230836327067,5.994641930361477,5.944535302690106,5.993153095245361,326213460,0.0,0.0
2005-05-23 00:00:00-04:00,6.031601450487747,6.402189556139702,6.020439440028137,6.336456298828125,854676468,0.0,0.0
2005-05-24 00:00:00-04:00,6.373910988679275,6.584258825035165,6.288086020042878,6.350098133087158,1160562276,0.0,0.0
2005-05-25 00:00:00-04:00,6.268985806581315,6.473627367536359,6.216894539943956,6.469410419464111,721593684,0.0,0.0
2005-05-26 00:00:00-04:00,6.473132681316714,6.5425870853168355,6.407150808458145,6.429474830627441,541322136,0.0,0.0
2005-05-27 00:00:00-04:00,6.460728871878087,6.59938952714564,6.430715372690556,6.59814977645874,486876636,0.0,0.0
2005-05-31 00:00:00-04:00,6.683230586434665,6.905732521855373,6.681742696493965,6.8777031898498535,888582528,0.0,0.0
2005-06-01 00:00:00-04:00,7.0247970097930965,7.265158358061552,6.995527453541876,7.143861293792725,1406260332,0.0,0.0
2005-06-02 00:00:00-04:00,7.161967832393426,7.188013940165776,7.059523211540653,7.141380786895752,718245036,0.0,0.0
2005-06-03 00:00:00-04:00,7.113847209415434,7.176107936496963,6.881175344481182,6.951870441436768,750540708,0.0,0.0
2005-06-06 00:00:00-04:00,7.004704423617441,7.286489879673583,6.990813827599692,7.216787815093994,900134964,0.0,0.0
2005-06-07 00:00:00-04:00,7.369587964225181,7.431352416669223,7.200913317864947,7.270863056182861,971947080,0.0,0.0
2005-06-08 00:00:00-04:00,7.264166710567878,7.272600135787699,6.8958108803702,6.934506893157959,1027007964,0.0,0.0
2005-06-09 00:00:00-04:00,7.062500205208491,7.156263738995693,6.959311162847922,7.101940631866455,656986356,0.0,0.0
2005-06-10 00:00:00-04:00,7.118808223078078,7.126001424382549,6.945917108158064,7.007433891296387,507356136,0.0,0.0
2005-06-13 00:00:00-04:00,6.940955419276335,7.049353486019829,6.85909831973007,7.013634204864502,511615872,0.0,0.0
2005-06-14 00:00:00-04:00,6.910445828650864,6.976178613912437,6.889609697487086,6.904492378234863,403272324,0.0,0.0
2005-06-15 00:00:00-04:00,6.821395749788065,6.878446500554635,6.633620533199713,6.816434383392334,834488676,0.0,0.0
2005-06-16 00:00:00-04:00,6.803038533361974,6.903251319817268,6.773521312624233,6.8819193840026855,497997504,0.0,0.0
2005-06-17 00:00:00-04:00,6.920615984912745,6.952862739562988,6.843719768597674,6.952862739562988,416958624,0.0,0.0
2005-06-20 00:00:00-04:00,6.848433053863246,7.135675704906578,6.740282638846974,7.111615180969238,840147012,0.0,0.0
2005-06-21 00:00:00-04:00,7.145596935073806,7.2009121217324035,7.068700729191303,7.139891624450684,604686708,0.0,0.0
2005-06-22 00:00:00-04:00,7.185285248147234,7.2510180287160635,7.1604803093590155,7.176107406616211,418541040,0.0,0.0
2005-06-23 00:00:00-04:00,7.143861186286593,7.312783961613197,7.106654011661985,7.186277866363525,561693744,0.0,0.0
2005-06-24 00:00:00-04:00,7.2157955664455455,7.391911058900363,7.183053009121632,7.373308181762695,710137152,0.0,0.0
2005-06-27 00:00:00-04:00,7.414235891786154,7.552399791985842,7.289218642120314,7.543221950531006,711403884,0.0,0.0
2005-06-28 00:00:00-04:00,7.597297539065841,7.670967934130651,7.491131782531738,7.491131782531738,760698540,0.0,0.0
2005-06-29 00:00:00-04:00,7.503534687555587,7.550168317540272,7.246802292393056,7.260941028594971,731216052,0.0,0.0
2005-06-30 00:00:00-04:00,7.30112617215035,7.414981429342065,7.219269058966369,7.296412944793701,603172224,0.0,0.0
2005-07-01 00:00:00-04:00,7.318488021082421,7.348254326710973,7.174123471162141,7.224477767944336,368734896,0.0,0.0
2005-07-05 00:00:00-04:00,7.245562163639682,7.341805671241548,7.199176202644554,7.335107803344727,299460240,0.0,0.0
2005-07-06 00:00:00-04:00,7.374548357684785,7.381989225381276,7.227702410676258,7.231174468994141,319691988,0.0,0.0
2005-07-07 00:00:00-04:00,7.17833988086661,7.337339915584702,7.156511666566584,7.330891132354736,426457116,0.0,0.0
2005-07-08 00:00:00-04:00,7.3485030037130565,7.379509060317787,7.293932230653667,7.348006725311279,298005696,0.0,0.0
2005-07-11 00:00:00-04:00,7.352223458223511,7.357184351830358,7.218772773381105,7.276568412780762,335276388,0.0,0.0
2005-07-12 00:00:00-04:00,7.277560884909573,7.302613493488822,7.216540850471186,7.2376251220703125,234361404,0.0,0.0
2005-07-13 00:00:00-04:00,7.255731625583029,7.42266975599299,7.245562172062773,7.413244247436523,457058484,0.0,0.0
2005-07-14 00:00:00-04:00,7.573980006302731,7.608954868911537,7.443257451627025,7.463597774505615,426281292,0.0,0.0
2005-07-15 00:00:00-04:00,7.472279991115008,7.525859148950537,7.4360639590932225,7.471039295196533,337198464,0.0,0.0
2005-07-18 00:00:00-04:00,7.4415220301698035,7.488651462517676,7.385710089124753,7.430111408233643,248063688,0.0,0.0
2005-07-19 00:00:00-04:00,7.493612726600364,7.698255260166286,7.486171858816931,7.687092304229736,504351144,0.0,0.0
2005-07-20 00:00:00-04:00,7.57968662466355,7.754314246599677,7.48617216906001,7.73918342590332,571843584,0.0,0.0
2005-07-21 00:00:00-04:00,7.790032033331274,7.883051137880013,7.719585558517749,7.787303447723389,790784424,0.0,0.0
2005-07-22 00:00:00-04:00,7.599530101632935,7.6709686688757515,7.350487673090465,7.501054286956787,934536528,0.0,0.0
2005-07-25 00:00:00-04:00,7.500805511560089,7.523130476902029,7.316503786413487,7.338581085205078,385965648,0.0,0.0
2005-07-26 00:00:00-04:00,7.3177448131601235,7.391911017983753,7.2453136920935615,7.344533920288086,392283324,0.0,0.0
2005-07-27 00:00:00-04:00,7.385462463232924,7.397616557537613,7.253002922770809,7.365370750427246,288427284,0.0,0.0
2005-07-28 00:00:00-04:00,7.377278057936436,7.377278057936436,7.274832004866256,7.280289649963379,236786976,0.0,0.0
2005-07-29 00:00:00-04:00,7.246554190763653,7.263917317792147,7.118807876245617,7.1379075050354,334197468,0.0,0.0
2005-08-01 00:00:00-04:00,7.146837166092611,7.2554838511875746,7.146341832985583,7.233407497406006,226269504,0.0,0.0
2005-08-02 00:00:00-04:00,7.233158627223679,7.429614442029163,7.221252199882556,7.42142915725708,291316392,0.0,0.0
2005-08-03 00:00:00-04:00,7.391911084899927,7.4345768468634885,7.332378947444291,7.374547958374023,236986776,0.0,0.0
2005-08-04 00:00:00-04:00,7.331138893288274,7.416716195153561,7.323698025822985,7.385214805603027,209250540,0.0,0.0
2005-08-05 00:00:00-04:00,7.379508698302134,7.404561776087,7.225965367431779,7.251762390136719,237350412,0.0,0.0
2005-08-08 00:00:00-04:00,7.282768737915814,7.33362025838757,7.205625805889325,7.224477767944336,179092728,0.0,0.0
2005-08-09 00:00:00-04:00,7.242088851438406,7.259948730060125,7.156512019105332,7.232415676116943,230940828,0.0,0.0
2005-08-10 00:00:00-04:00,7.225717842440905,7.251267199103714,7.066468725048625,7.086312770843506,274884840,0.0,0.0
2005-08-11 00:00:00-04:00,7.091522339628102,7.1086382735263,6.960800239335555,7.0458807945251465,300295404,0.0,0.0
2005-08-12 00:00:00-04:00,7.028765063166971,7.198431295130648,6.986100247828414,7.186524868011475,263172564,0.0,0.0
2005-08-15 00:00:00-04:00,7.188510242117687,7.262182065022704,7.038935233989231,7.044641017913818,326661012,0.0,0.0
2005-08-16 00:00:00-04:00,7.066468799623834,7.138651782827909,7.028269542792401,7.085568428039551,284083632,0.0,0.0
2005-08-17 00:00:00-04:00,7.082096519871212,7.108389349656928,7.0446407345429005,7.071926593780518,155176668,0.0,0.0
2005-08-18 00:00:00-04:00,6.843967910210459,6.957823155237426,6.8213952780354825,6.945172309875488,474437088,0.0,0.0
2005-08-19 00:00:00-04:00,6.969978016195986,6.9813876933953685,6.935994287931163,6.945420742034912,221494284,0.0,0.0
2005-08-22 00:00:00-04:00,6.976179141711671,6.981884925997115,6.780467715785609,6.796838760375977,272247480,0.0,0.0
2005-08-23 00:00:00-04:00,6.8501694376314575,6.938972081749939,6.799566998442314,6.935002326965332,232635132,0.0,0.0
2005-08-24 00:00:00-04:00,6.885144398402527,7.063245022181315,6.857362731580807,7.009169578552246,343380276,0.0,0.0
2005-08-25 00:00:00-04:00,7.0086729324446955,7.044640353263725,6.94467570894686,7.009665489196777,174888936,0.0,0.0
2005-08-26 00:00:00-04:00,7.0317421643577855,7.069942842188229,7.01140278362362,7.034223556518555,150061788,0.0,0.0
2005-08-29 00:00:00-04:00,7.000984417449329,7.171643230961951,7.000984417449329,7.155023574829102,235883880,0.0,0.0
2005-08-30 00:00:00-04:00,7.128731081899819,7.181317693658974,7.091274819013881,7.125754356384277,191488320,0.0,0.0
2005-08-31 00:00:00-04:00,7.149565862399177,7.156263257218806,7.0535700275331745,7.094250202178955,201158640,0.0,0.0
2005-09-01 00:00:00-04:00,7.0920180454055375,7.1314584702458985,7.069445413889036,7.100451469421387,109574316,0.0,0.0
2005-09-02 00:00:00-04:00,7.106902053631995,7.193223780953983,7.105165551722826,7.155023574829102,137242620,0.0,0.0
2005-09-06 00:00:00-04:00,7.168665981346137,7.178340101780986,7.114094734947503,7.121784687042236,168323508,0.0,0.0
2005-09-07 00:00:00-04:00,7.0915218570648815,7.329899020249563,7.076391037895043,7.314271450042725,299680020,0.0,0.0
2005-09-08 00:00:00-04:00,7.313279775392874,7.423662021280501,7.276816073063353,7.327170372009277,264267468,0.0,0.0
2005-09-09 00:00:00-04:00,7.374052006588984,7.419197747446215,7.356192599739614,7.418950080871582,175444380,0.0,0.0
2005-09-12 00:00:00-04:00,7.484930316921753,7.724795372286326,7.466327439421538,7.6831231117248535,415044540,0.0,0.0
2005-09-13 00:00:00-04:00,7.664767841430701,7.826744610882296,7.594569494900801,7.731245517730713,411584004,0.0,0.0
2005-09-14 00:00:00-04:00,7.658071014816951,7.770934189383969,7.448964322315521,7.5159382820129395,450580968,0.0,0.0
2005-09-15 00:00:00-04:00,7.429614525390399,7.608955355091705,7.389678767260571,7.5065107345581055,618029352,0.0,0.0
2005-09-16 00:00:00-04:00,7.541239251062549,7.553145680618507,7.438297861501655,7.446484565734863,302888808,0.0,0.0
2005-09-19 00:00:00-04:00,7.466328108681551,7.590353289984065,7.459133961883819,7.535533428192139,230245524,0.0,0.0
2005-09-20 00:00:00-04:00,7.59407321505146,7.721819542727195,7.571252913833682,7.637730121612549,373665960,0.0,0.0
2005-09-21 00:00:00-04:00,7.650132106577455,7.782839307467737,7.589360219920627,7.736701488494873,404383212,0.0,0.0
2005-09-22 00:00:00-04:00,7.726779479651379,7.918274877833437,7.693789255397735,7.723555088043213,519735744,0.0,0.0
2005-09-23 00:00:00-04:00,7.763987829885889,7.868417095434578,7.753818376365366,7.822527885437012,339012648,0.0,0.0
2005-09-26 00:00:00-04:00,7.925220090976844,7.9611884589148625,7.753073875028758,7.795738220214844,395380224,0.0,0.0
2005-09-27 00:00:00-04:00,7.812356996539806,7.898181955663701,7.773412380511237,7.787303447723389,274649076,0.0,0.0
2005-09-28 00:00:00-04:00,7.794249221081008,7.816077907939242,7.580430275954218,7.590352535247803,319576104,0.0,0.0
2005-09-29 00:00:00-04:00,7.607219762971165,7.707432075584816,7.592336610536105,7.680146217346191,224327448,0.0,0.0
2005-09-30 00:00:00-04:00,7.794249179292267,7.875610003537532,7.746375802741023,7.8498125076293945,365685948,0.0,0.0
2005-10-03 00:00:00-04:00,7.779615601003202,7.940352618706348,7.75877946972657,7.904881000518799,366045588,0.0,0.0
2005-10-04 00:00:00-04:00,7.936383551062225,7.969374250690246,7.707928627891703,7.714378356933594,365406228,0.0,0.0
2005-10-05 00:00:00-04:00,7.7562983935399314,7.811117306638181,7.6399626994014485,7.707184791564941,332802864,0.0,0.0
2005-10-06 00:00:00-04:00,7.79226534298538,7.800699712712795,7.691804886207995,7.757787227630615,319432248,0.0,0.0
2005-10-07 00:00:00-04:00,7.808388569182708,7.8550221933216635,7.702966754661881,7.763739585876465,270541188,0.0,0.0
2005-10-10 00:00:00-04:00,7.77167797602438,7.809132817275424,7.668487985977147,7.705696105957031,222665112,0.0,0.0
2005-10-11 00:00:00-04:00,7.7047041248524,7.755306091068948,7.562074650615887,7.592833042144775,341362296,0.0,0.0
2005-10-12 00:00:00-04:00,7.5705088703286245,7.619870139501136,7.416716443091207,7.465583324432373,371875752,0.0,0.0
2005-10-13 00:00:00-04:00,7.491133017628738,7.491133017628738,7.2103386774172,7.378020763397217,422285292,0.0,0.0
2005-10-14 00:00:00-04:00,7.439041435190414,7.447227193202548,7.256476202712626,7.3457746505737305,340423236,0.0,0.0
2005-10-17 00:00:00-04:00,7.379508770720017,7.570508359516775,7.306581371409972,7.565547466278076,302365332,0.0,0.0
2005-10-18 00:00:00-04:00,7.5645551994208695,7.638970491437587,7.509487675364216,7.52288293838501,282828888,0.0,0.0
2005-10-19 00:00:00-04:00,7.540742385181135,7.68634857834356,7.5397503010191445,7.657325744628906,280147572,0.0,0.0
2005-10-20 00:00:00-04:00,7.68932434681224,7.717601815848656,7.471535655105779,7.52089786529541,555911532,0.0,0.0
2005-10-21 00:00:00-04:00,8.577594024091614,8.593220648296983,8.26008835808692,8.431243896484375,914780304,0.0,0.0
2005-10-24 00:00:00-04:00,8.517318486548978,8.66441257659426,8.488047512246716,8.64828872680664,376890732,0.0,0.0
2005-10-25 00:00:00-04:00,8.577100376392256,8.617284757174604,8.504669235279913,8.60512924194336,274856868,0.0,0.0
2005-10-26 00:00:00-04:00,8.589501015449413,8.830606310009738,8.587268235168176,8.816715240478516,355943700,0.0,0.0
2005-10-27 00:00:00-04:00,8.84549098210857,8.857644605931412,8.723449957761975,8.75767993927002,205170624,0.0,0.0
2005-10-28 00:00:00-04:00,8.812498891562951,8.903781033563051,8.806296829390709,8.884432792663574,235903860,0.0,0.0
2005-10-31 00:00:00-05:00,8.935779166712129,9.295701064909595,8.917672094497217,9.23095989227295,573142284,0.0,0.0
2005-11-01 00:00:00-05:00,9.224014648022527,9.522667425951699,9.153319081175372,9.410548210144043,653589756,0.0,0.0
2005-11-02 00:00:00-05:00,9.46809685667568,9.54995444360752,9.355730905974127,9.417991638183594,422193384,0.0,0.0
2005-11-03 00:00:00-05:00,9.48570866027929,9.589145370267738,9.460158357013269,9.573517799377441,297638064,0.0,0.0
2005-11-04 00:00:00-05:00,9.673480791576207,9.718378382894445,9.561113925313808,9.684643745422363,352643004,0.0,0.0
2005-11-07 00:00:00-05:00,9.8004835727255,9.859272236171648,9.727309453500807,9.798748016357422,383276340,0.0,0.0
2005-11-08 00:00:00-05:00,9.779397695312241,9.812636998950648,9.638753365973544,9.671496391296387,315584100,0.0,0.0
2005-11-09 00:00:00-05:00,9.59137689168355,9.631561262408956,9.377061193106902,9.4048433303833,418257324,0.0,0.0
2005-11-10 00:00:00-05:00,9.385246575713344,9.707465489815553,9.362178610316763,9.701263427734375,364782852,0.0,0.0
2005-11-11 00:00:00-05:00,9.80097998427337,9.845132690123954,9.645452011744236,9.683899879455566,282273444,0.0,0.0
2005-11-14 00:00:00-05:00,9.726564968956788,9.877875052156913,9.711929955443045,9.846869468688965,312003684,0.0,0.0
2005-11-15 00:00:00-05:00,9.782624825562046,9.847614616089318,9.697544737903439,9.743433952331543,344651004,0.0,0.0
2005-11-16 00:00:00-05:00,9.827769984595323,9.89350276780524,9.775927324866236,9.876139640808105,347460192,0.0,0.0
2005-11-17 00:00:00-05:00,9.966679138603501,10.016537636533977,9.910371856491285,10.007607460021973,368119512,0.0,0.0
2005-11-18 00:00:00-05:00,10.008598818988037,10.033652843540217,9.918308288912348,9.927238464355469,280742976,0.0,0.0
2005-11-21 00:00:00-05:00,9.901439858380877,10.169583318073567,9.760547845727238,10.154203414916992,412990596,0.0,0.0
2005-11-22 00:00:00-05:00,10.136591524638858,10.351404434305644,10.076564529207712,10.330567359924316,383456160,0.0,0.0
2005-11-23 00:00:00-05:00,10.34470683030429,10.535210621157184,10.31345357973897,10.489072799682617,402996600,0.0,0.0
2005-11-25 00:00:00-05:00,10.561504365192276,10.635174770231407,10.54959746420076,10.631950378417969,193410396,0.0,0.0
2005-11-28 00:00:00-05:00,10.661717209453146,10.696940690442766,10.478656632698142,10.504453659057617,439895664,0.0,0.0
2005-11-29 00:00:00-05:00,10.528761003631644,10.576883939224519,9.975112811846632,10.00984001159668,858972168,0.0,0.0
2005-11-30 00:00:00-05:00,10.027699384710049,10.13163142648088,9.811894846668721,10.043822288513184,623240136,0.0,0.0
2005-12-01 00:00:00-05:00,10.150235007727426,10.305018087334108,10.127662376816854,10.27153205871582,389406204,0.0,0.0
2005-12-02 00:00:00-05:00,10.34222820582575,10.406473104751312,10.265828738820717,10.361080169677734,301438260,0.0,0.0
2005-12-05 00:00:00-05:00,10.343714115105284,10.356117292678093,10.028193574488727,10.067137718200684,411164424,0.0,0.0
2005-12-06 00:00:00-05:00,10.137834129186265,10.329081878479284,9.964199065320141,10.034645080566406,604406988,0.0,0.0
2005-12-07 00:00:00-05:00,10.074826781522617,10.088222515871074,9.897471077729122,10.026705741882324,466169364,0.0,0.0
2005-12-08 00:00:00-05:00,10.053496276647609,10.186203956604004,9.987513936500045,10.186203956604004,356043600,0.0,0.0
2005-12-09 00:00:00-05:00,10.294104882271197,10.313454069137627,10.134360891877364,10.150236129760742,305430264,0.0,0.0
2005-12-12 00:00:00-05:00,10.284927477595762,10.299314824782847,10.168839924464532,10.234821319580078,277725996,0.0,0.0
2005-12-13 00:00:00-05:00,10.232091793739116,10.368519192770387,10.21075938577962,10.35586929321289,326225448,0.0,0.0
2005-12-14 00:00:00-05:00,10.344706367765662,10.411432650273198,10.306259445312177,10.392332077026367,264950784,0.0,0.0
2005-12-15 00:00:00-05:00,10.39605462918944,10.496019283395954,10.331313454368678,10.481383323669434,241590168,0.0,0.0
2005-12-16 00:00:00-05:00,10.550589907486108,10.72819424655487,10.486344066721008,10.669902801513672,652566780,0.0,0.0
2005-12-19 00:00:00-05:00,10.720751903688361,11.068270597081598,10.420857973418595,10.532233238220215,876594528,0.0,0.0
2005-12-20 00:00:00-05:00,10.613097765955635,10.720752365546263,10.533969248393776,10.6597318649292,402984612,0.0,0.0
2005-12-21 00:00:00-05:00,10.754238879035317,10.836343172844423,10.435741599479476,10.575145721435547,448427124,0.0,0.0
2005-12-22 00:00:00-05:00,10.710086136586687,10.73712338456738,10.56522483084579,10.716784477233887,301562136,0.0,0.0
2005-12-23 00:00:00-05:00,10.719513533731497,10.728195098213083,10.635920390365735,10.689250946044922,183620196,0.0,0.0
2005-12-27 00:00:00-05:00,10.712318229177967,10.712318229177967,10.486592860545082,10.533226013183594,267843888,0.0,0.0
2005-12-28 00:00:00-05:00,10.525783542670663,10.611113173503393,10.449384086678151,10.584075927734375,284431284,0.0,0.0
2005-12-29 00:00:00-05:00,10.616073701909341,10.63467799586423,10.397542017940157,10.421850204467773,277554168,0.0,0.0
2005-12-30 00:00:00-05:00,10.350411566640357,10.373729086865545,10.262850104730155,10.290631294250488,303180516,0.0,0.0
2006-01-03 00:00:00-05:00,10.480639827132803,10.806826132607132,10.373977782473853,10.79591178894043,524323152,0.0,0.0
2006-01-04 00:00:00-05:00,11.01097207078391,11.136485128841658,10.908030699089785,11.044210433959961,610844544,0.0,0.0
2006-01-05 00:00:00-05:00,11.06306222316793,11.200729845762659,10.951439289952337,11.193039894104004,431899668,0.0,0.0
2006-01-06 00:00:00-05:00,11.332691512740288,11.670784670580224,11.242649608239569,11.550728797912598,709565724,0.0,0.0
2006-01-09 00:00:00-05:00,11.569333089352924,11.742720463551374,11.433649637297288,11.581487655639648,511164324,0.0,0.0
2006-01-10 00:00:00-05:00,11.519971475312587,11.6645851096605,11.460936087770863,11.65243148803711,363520116,0.0,0.0
2006-01-11 00:00:00-05:00,11.68988612468227,11.785137540913286,11.638043468372897,11.698816299438477,359935704,0.0,0.0
2006-01-12 00:00:00-05:00,11.750659847268834,11.782162657732052,11.447542425341954,11.50037670135498,404606988,0.0,0.0
2006-01-13 00:00:00-05:00,11.517240955520453,11.581239118913986,11.450267957997953,11.565363883972168,305957736,0.0,0.0
2006-01-17 00:00:00-05:00,11.486236644727745,11.655903355073889,11.473090466525635,11.58669662475586,330481188,0.0,0.0
2006-01-18 00:00:00-05:00,11.095309045008877,11.34484726895206,10.994848120887498,11.036025047302246,818608572,0.0,0.0
2006-01-19 00:00:00-05:00,11.191305192858229,11.248853638193179,10.740597422557446,10.826173782348633,580910508,0.0,0.0
2006-01-20 00:00:00-05:00,10.881987593813495,10.91497829811134,9.791555959285384,9.908636093139648,1643023332,0.0,0.0
2006-01-23 00:00:00-05:00,10.105090563247007,10.62624429049217,10.064161304869744,10.604167938232422,908746344,0.0,0.0
2006-01-24 00:00:00-05:00,10.815756276135588,11.037017038059483,10.777308406860552,10.989391326904297,617965416,0.0,0.0
2006-01-25 00:00:00-05:00,11.193538288200255,11.26720869449783,10.6468341865275,10.74059772491455,748842408,0.0,0.0
2006-01-26 00:00:00-05:00,10.902820138116216,10.913983092235286,10.506435538575303,10.77209758758545,516526956,0.0,0.0
2006-01-27 00:00:00-05:00,10.790206653574742,10.870078169978065,10.64087979516212,10.752750396728516,337749912,0.0,0.0
2006-01-30 00:00:00-05:00,10.647081534443156,10.74754246542261,10.54215693358758,10.587301254272461,343212444,0.0,0.0
2006-01-31 00:00:00-05:00,10.680321708982405,10.904311555176873,10.51660842625238,10.732163429260254,881757360,0.0,0.0
2006-02-01 00:00:00-05:00,9.649917238573112,9.971638935389459,9.612461925246318,9.966182708740234,1083815100,0.0,0.0
2006-02-02 00:00:00-05:00,10.016786256731848,10.083263938930253,9.822313158924334,9.82380199432373,471835692,0.0,0.0
2006-02-03 00:00:00-05:00,9.763771210886533,9.77071627152658,9.241624971545514,9.464373588562012,730540728,0.0,0.0
2006-02-06 00:00:00-05:00,9.557642527673622,9.67149824804237,9.41501305769049,9.552433967590332,357258384,0.0,0.0
2006-02-07 00:00:00-05:00,9.500093701402086,9.517705438127388,9.01292230377598,9.126280784606934,664542792,0.0,0.0
2006-02-08 00:00:00-05:00,9.140173318873913,9.19499365121555,8.797615484394601,9.15505599975586,831331836,0.0,0.0
2006-02-09 00:00:00-05:00,9.207643696394994,9.287018940970349,8.83333538059098,8.89931583404541,476019504,0.0,0.0
2006-02-10 00:00:00-05:00,8.978195394997558,9.041448671194242,8.759661819894806,8.994565963745117,608331060,0.0,0.0
2006-02-13 00:00:00-05:00,8.598430819292233,8.696658968033304,8.480606763172851,8.575113296508789,787923288,0.0,0.0
2006-02-14 00:00:00-05:00,8.565937447050988,8.723697282178525,8.493258647100237,8.51607894897461,585573840,0.0,0.0
2006-02-15 00:00:00-05:00,8.465226180784839,8.58255489438917,8.379896550997008,8.492759704589844,517362120,0.0,0.0
2006-02-16 00:00:00-05:00,8.574368472782687,9.103460753648568,8.545098447993677,9.090066909790039,851767380,0.0,0.0
2006-02-17 00:00:00-05:00,9.174404128347456,9.230959065410175,9.01962010574059,9.146869659423828,572235192,0.0,0.0
2006-02-21 00:00:00-05:00,9.089570620921675,9.265687066123679,9.056579923008263,9.093292236328125,347092560,0.0,0.0
2006-02-22 00:00:00-05:00,9.107183594441437,9.151832587156726,9.025575562131326,9.066006660461426,258788952,0.0,0.0
2006-02-23 00:00:00-05:00,9.0689818808918,9.456685904160139,9.063525654457285,9.378053665161133,501561936,0.0,0.0
2006-02-24 00:00:00-05:00,9.35895448135612,9.427663991657406,9.264447001079427,9.361433982849121,259112628,0.0,0.0
2006-02-27 00:00:00-05:00,9.457430912052137,9.716147956525583,9.432874109168104,9.683404922485352,408079512,0.0,0.0
2006-02-28 00:00:00-05:00,9.753355195824154,9.861008857462101,8.396765354667549,8.994816780090332,1575926496,0.0,0.0
2006-03-01 00:00:00-05:00,9.142157379062105,9.16423373355926,8.962073539469953,9.048891067504883,481965552,0.0,0.0
2006-03-02 00:00:00-05:00,9.035991530164686,9.453213262876236,8.984397481272614,9.337870597839355,732478788,0.0,0.0
2006-03-03 00:00:00-05:00,9.532590416924611,9.605517827839394,9.320755137345774,9.380784034729004,478001520,0.0,0.0
2006-03-06 00:00:00-05:00,9.448499228773295,9.510264616582516,9.106933987370333,9.130746841430664,357230412,0.0,0.0
2006-03-07 00:00:00-05:00,9.054348497953121,9.13942952660931,8.883937828779883,9.04020881652832,414736848,0.0,0.0
2006-03-08 00:00:00-05:00,8.779259174734534,8.930570200762563,8.695169765037724,8.778018951416016,469354176,0.0,0.0
2006-03-09 00:00:00-05:00,8.815476853796532,8.893364216148777,8.470933865845401,8.50814151763916,555859584,0.0,0.0
2006-03-10 00:00:00-05:00,8.52054231297635,8.545347725076962,8.224121372278134,8.371711730957031,772250976,0.0,0.0
2006-03-13 00:00:00-05:00,8.456793234618821,8.585035345912429,8.320861171861496,8.360796928405762,545150304,0.0,0.0
2006-03-14 00:00:00-05:00,8.362782967487274,8.740563336622955,8.250663746324326,8.710550308227539,737289972,0.0,0.0
2006-03-15 00:00:00-05:00,8.700874236262628,8.738825824442348,8.446871406765384,8.545347213745117,510241248,0.0,0.0
2006-03-16 00:00:00-05:00,8.647296455490348,8.650768513633718,8.381634379683549,8.403214454650879,400267332,0.0,0.0
2006-03-17 00:00:00-05:00,8.40396053535974,8.477879566025932,8.307965145726092,8.42851734161377,341725932,0.0,0.0
2006-03-20 00:00:00-05:00,8.49176903879673,8.68400839376472,8.471924518948954,8.63687801361084,415887696,0.0,0.0
2006-03-21 00:00:00-05:00,8.682024866924246,8.722952242469376,8.410904636245341,8.431741714477539,392850756,0.0,0.0
2006-03-22 00:00:00-05:00,8.427523047299838,8.535425317899568,8.371712049564648,8.43918228149414,303536160,0.0,0.0
2006-03-23 00:00:00-05:00,8.492016710034703,8.576353792526634,8.4386861580951,8.480607032775879,297090612,0.0,0.0
2006-03-24 00:00:00-05:00,9.143644898016223,9.180108594846889,8.992086218261452,9.073694229125977,606616776,0.0,0.0
2006-03-27 00:00:00-05:00,9.105691605191419,9.220291245486656,9.053849901078054,9.170186042785645,280667052,0.0,0.0
2006-03-28 00:00:00-05:00,9.220293228302799,9.372845430094813,9.206899383010038,9.356472969055176,357474168,0.0,0.0
2006-03-29 00:00:00-05:00,9.424438301548623,9.897223304361061,9.413771625607879,9.797506332397461,760338900,0.0,0.0
2006-03-30 00:00:00-05:00,9.653885876178892,9.760796538134521,9.51547429555972,9.635283470153809,587879532,0.0,0.0
2006-03-31 00:00:00-05:00,9.642723663515635,9.720364294872786,9.525892161928905,9.673978805541992,1459395144,0.0,0.0
2006-04-03 00:00:00-04:00,9.662319374690812,9.735246770410905,9.622631285442768,9.666535377502441,324583092,0.0,0.0
2006-04-04 00:00:00-04:00,9.67149773395949,10.04357418140223,9.627840360801553,10.029683113098145,627999372,0.0,0.0
2006-04-05 00:00:00-04:00,10.12542969772062,10.28343906096177,9.991979024412137,10.120221138000488,535883580,0.0,0.0
2006-04-06 00:00:00-04:00,10.083013247207948,10.266571016767358,10.056719946832034,10.199349403381348,343596060,0.0,0.0
2006-04-07 00:00:00-04:00,10.229860799767044,10.240775143833343,10.021746208108265,10.074828147888184,280754964,0.0,0.0
2006-04-10 00:00:00-04:00,10.097649488733035,10.347932623773987,10.05225561021372,10.328336715698242,372431196,0.0,0.0
2006-04-11 00:00:00-04:00,10.329329399078736,10.395807076469374,10.07631720224985,10.161646842956543,443843712,0.0,0.0
2006-04-12 00:00:00-04:00,10.145273655232838,10.203069759090345,10.05076618765197,10.144033432006836,240439320,0.0,0.0
2006-04-13 00:00:00-04:00,10.13609577335826,10.164125574386379,9.934430940222732,9.975606918334961,261853884,0.0,0.0
2006-04-17 00:00:00-04:00,10.007604852867034,10.232090923072777,9.942863689575063,10.091198921203613,330049620,0.0,0.0
2006-04-18 00:00:00-04:00,10.118733363633284,10.165863744350125,9.959237984419724,10.027202606201172,325178496,0.0,0.0
2006-04-19 00:00:00-04:00,10.233829089308417,10.260369111332173,10.088965905269578,10.18248176574707,270996732,0.0,0.0
2006-04-20 00:00:00-04:00,10.195133426788582,10.31890998905046,10.125430414939611,10.29410457611084,490369140,0.0,0.0
2006-04-21 00:00:00-04:00,11.134996856888026,11.180141173358374,10.81922769108991,10.842296600341797,901149948,0.0,0.0
2006-04-24 00:00:00-04:00,10.899349881919253,11.03081639904402,10.827911312092398,10.9266357421875,353102544,0.0,0.0
2006-04-25 00:00:00-04:00,10.905053064969984,10.940027926941177,10.566959896705502,10.595733642578125,382377240,0.0,0.0
2006-04-26 00:00:00-04:00,10.610120561995457,10.66717272347791,10.505692249318756,10.566216468811035,290820888,0.0,0.0
2006-04-27 00:00:00-04:00,10.490313309637544,10.589533071764986,10.402999503036817,10.418874740600586,333182484,0.0,0.0
2006-04-28 00:00:00-04:00,10.384147511997886,10.560263959968346,10.326352345747656,10.367032051086426,296555148,0.0,0.0
2006-05-01 00:00:00-04:00,10.38017886421154,10.40423938633266,9.886062347514207,9.894742965698242,414033552,0.0,0.0
2006-05-02 00:00:00-04:00,9.948820725614686,9.983795599522153,9.634292636474306,9.793045043945312,523647828,0.0,0.0
2006-05-03 00:00:00-04:00,9.831490715798425,9.959237503526163,9.695807254770688,9.77741527557373,322565112,0.0,0.0
2006-05-04 00:00:00-04:00,9.798747458882413,9.893998870605477,9.728796789833,9.791801452636719,185893920,0.0,0.0
2006-05-05 00:00:00-04:00,9.86249722622343,9.93889668686477,9.718131256628823,9.7806396484375,242357400,0.0,0.0
2006-05-08 00:00:00-04:00,9.80073154799968,9.850589088073809,9.675217556456492,9.792545318603516,204539256,0.0,0.0
2006-05-09 00:00:00-04:00,9.8153679895096,10.145275949873227,9.766999272755534,10.140315055847168,365258376,0.0,0.0
2006-05-10 00:00:00-04:00,10.128160214225618,10.21249730097878,9.96816760503077,9.995949745178223,247240512,0.0,0.0
2006-05-11 00:00:00-04:00,10.006863552594016,10.038861694598106,9.54945743866032,9.599563598632812,355356288,0.0,0.0
2006-05-12 00:00:00-04:00,9.513737406897746,9.546728104792912,9.265934727555912,9.280322074890137,403100496,0.0,0.0
2006-05-15 00:00:00-04:00,9.32497050522462,9.429647431112269,9.134466724150775,9.33166790008545,343260396,0.0,0.0
2006-05-16 00:00:00-04:00,9.326460206006981,9.348041229911292,9.17515009854788,9.210124969482422,259384356,0.0,0.0
2006-05-17 00:00:00-04:00,9.193008586247254,9.421959311056076,9.183334465505832,9.28950023651123,425326248,0.0,0.0
2006-05-18 00:00:00-04:00,9.395665487818428,9.470824724039314,9.195488524448155,9.202433586120605,233166600,0.0,0.0
2006-05-19 00:00:00-04:00,9.259237413742378,9.289499998605017,8.943965445908999,9.178373336791992,455472072,0.0,0.0
2006-05-22 00:00:00-04:00,9.12454602903496,9.25303677005443,9.060053464599244,9.20144271850586,343831824,0.0,0.0
2006-05-23 00:00:00-04:00,9.282308541039734,9.522173636701138,9.266183744286307,9.316290855407715,358960680,0.0,0.0
2006-05-24 00:00:00-04:00,9.360193716550558,9.511257069107842,9.217812872117117,9.45693302154541,381769848,0.0,0.0
2006-05-25 00:00:00-04:00,9.403105549941191,9.50034207189349,9.235175361650787,9.500093460083008,327456216,0.0,0.0
2006-05-26 00:00:00-04:00,9.538789708280401,9.571781348777325,9.426670499774653,9.459413528442383,146533320,0.0,0.0
2006-05-30 00:00:00-04:00,9.38326241435771,9.450733590006905,9.213844311446705,9.225998878479004,172467360,0.0,0.0
2006-05-31 00:00:00-04:00,9.272136063814312,9.38251972759003,9.09800567350844,9.2230224609375,318932748,0.0,0.0
2006-06-01 00:00:00-04:00,9.265686225623272,9.500094093310613,9.217564239768468,9.49091625213623,250868880,0.0,0.0
2006-06-02 00:00:00-04:00,9.595593694330008,9.601547143825462,9.36267372677207,9.41203498840332,255200544,0.0,0.0
2006-06-05 00:00:00-04:00,9.331171691688281,9.461895198372154,9.280817869229253,9.288010597229004,222117660,0.0,0.0
2006-06-06 00:00:00-04:00,9.341094816045665,9.673978516774483,9.334148809006157,9.673730850219727,409981608,0.0,0.0
2006-06-07 00:00:00-04:00,9.754347627182142,9.794531054561679,9.587160407613883,9.587409019470215,356095548,0.0,0.0
2006-06-08 00:00:00-04:00,9.618166953795631,9.77989700158866,9.390952731995855,9.75583553314209,413965620,0.0,0.0
2006-06-09 00:00:00-04:00,9.728299903478622,9.80866863158152,9.558632273497379,9.588895797729492,246053700,0.0,0.0
2006-06-12 00:00:00-04:00,9.632801700422554,9.686133196026157,9.450733695340276,9.464127540588379,200563236,0.0,0.0
2006-06-13 00:00:00-04:00,9.448250963584472,9.599561974747893,9.379292852323257,9.587656021118164,306057636,0.0,0.0
2006-06-14 00:00:00-04:00,9.66976197666825,9.701263840354581,9.389216256981614,9.534821510314941,310569120,0.0,0.0
2006-06-15 00:00:00-04:00,9.590136716838654,9.729789458291043,9.500343411863106,9.698783874511719,271156572,0.0,0.0
2006-06-16 00:00:00-04:00,9.651654258159436,9.69704813792017,9.624369342280678,9.6913423538208,211971816,0.0,0.0
2006-06-19 00:00:00-04:00,9.695062616366332,9.793043100595506,9.599067245805923,9.627840995788574,305018676,0.0,0.0
2006-06-20 00:00:00-04:00,9.625111255584386,9.720363619712506,9.587408277930933,9.603779792785645,161434404,0.0,0.0
2006-06-21 00:00:00-04:00,9.70027174223481,10.021249485238776,9.66777732333307,9.974863052368164,349426224,0.0,0.0
2006-06-22 00:00:00-04:00,9.96122174847819,10.070859574399474,9.624368761476669,9.920788764953613,236239524,0.0,0.0
2006-06-23 00:00:00-04:00,9.990490288754708,10.163877666340552,9.940385078098746,10.042581558227539,212379408,0.0,0.0
2006-06-26 00:00:00-04:00,10.089462739106214,10.12791060468767,10.002644276770079,10.026705741882324,141905952,0.0,0.0
2006-06-27 00:00:00-04:00,10.063668406269993,10.120471974359422,9.947084544193524,9.979578971862793,164119716,0.0,0.0
2006-06-28 00:00:00-04:00,10.021497100329826,10.082765267773675,9.95005853430653,10.073588371276855,148271580,0.0,0.0
2006-06-29 00:00:00-04:00,10.120221942991895,10.373480853514067,10.066395113377563,10.363807678222656,266061672,0.0,0.0
2006-06-30 00:00:00-04:00,10.308987884032437,10.401511192321777,10.227876142976475,10.401511192321777,250069680,0.0,0.0
2006-07-03 00:00:00-04:00,10.419121578727857,10.511643929716914,10.404486567049807,10.497506141662598,86181732,0.0,0.0
2006-07-05 00:00:00-04:00,10.455833584537315,10.487584056213354,10.309978791821878,10.454344749450684,199224576,0.0,0.0
2006-07-06 00:00:00-04:00,10.50197236737485,10.551583197362438,10.467245164500454,10.497259140014648,147336516,0.0,0.0
2006-07-07 00:00:00-04:00,10.568200520583499,10.613842060208254,10.315932302026672,10.429292678833008,241434324,0.0,0.0
2006-07-10 00:00:00-04:00,10.503460366993716,10.547860742343477,10.32833647649081,10.373480796813965,177278544,0.0,0.0
2006-07-11 00:00:00-04:00,10.381171556393122,10.543396947236372,10.245240415854019,10.531243324279785,238613148,0.0,0.0
2006-07-12 00:00:00-04:00,10.46997233857461,10.486095240978198,10.337017947148588,10.349916458129883,196071732,0.0,0.0
2006-07-13 00:00:00-04:00,10.269300090588612,10.376954693984501,10.09144808763897,10.141057968139648,276703020,0.0,0.0
2006-07-14 00:00:00-04:00,10.178266283162651,10.207040031975906,9.88755017935578,10.0088472366333,301781916,0.0,0.0
2006-07-17 00:00:00-04:00,10.036876552000118,10.194884023584255,10.014302975725656,10.1177396774292,232243524,0.0,0.0
2006-07-18 00:00:00-04:00,10.163879161165717,10.184219960740531,9.865970294821128,9.997685432434082,341130528,0.0,0.0
2006-07-19 00:00:00-04:00,9.798249499686397,9.950305392008199,9.789567937823094,9.897222518920898,340399260,0.0,0.0
2006-07-20 00:00:00-04:00,10.02819369978879,10.032162981343472,9.56632303132045,9.6025390625,501046452,0.0,0.0
2006-07-21 00:00:00-04:00,9.578230511317619,9.717386970733068,9.368628043988187,9.67670726776123,469713816,0.0,0.0
2006-07-24 00:00:00-04:00,9.743928124639266,9.770470038517276,9.455942025605236,9.69630241394043,323120556,0.0,0.0
2006-07-25 00:00:00-04:00,9.550448390951972,9.706473589295005,9.520186752864332,9.658102989196777,230213556,0.0,0.0
2006-07-26 00:00:00-04:00,9.629330910374804,9.721357954497275,9.50034482676613,9.562356948852539,221054724,0.0,0.0
2006-07-27 00:00:00-04:00,9.608741513847308,9.611718239103908,9.375077561480598,9.48546028137207,225418356,0.0,0.0
2006-07-28 00:00:00-04:00,9.475538718883145,9.66306485216061,9.46884132321994,9.62734603881836,163180656,0.0,0.0
2006-07-31 00:00:00-04:00,9.624369727976154,9.653391146905042,9.50803354980087,9.589642524719238,183628188,0.0,0.0
2006-08-01 00:00:00-04:00,9.552680848447043,9.56905236290494,9.314552307128906,9.314552307128906,218309472,0.0,0.0
2006-08-02 00:00:00-04:00,9.31678542847387,9.35573052445492,9.05881327906683,9.10916805267334,283628088,0.0,0.0
2006-08-03 00:00:00-04:00,9.053357009905884,9.374086199414961,9.013172631758422,9.311577796936035,252826920,0.0,0.0
2006-08-04 00:00:00-04:00,9.415013391407623,9.442796475769526,9.221286144085518,9.273377418518066,203604192,0.0,0.0
2006-08-07 00:00:00-04:00,9.215085588555503,9.419231859439195,9.206404024051746,9.375078201293945,157718124,0.0,0.0
2006-08-08 00:00:00-04:00,9.495878460424478,9.537550723929593,9.403356090968662,9.45073413848877,229498272,0.0,0.0
2006-08-09 00:00:00-04:00,9.495382752004373,9.542015907389205,9.335636875866413,9.350024223327637,172267560,0.0,0.0
2006-08-10 00:00:00-04:00,9.274120143403058,9.36813229022233,9.238897610119668,9.282057762145996,170305524,0.0,0.0
2006-08-11 00:00:00-04:00,9.287019024184161,9.308847712916402,9.128267588318758,9.140669822692871,150509340,0.0,0.0
2006-08-14 00:00:00-04:00,9.215082714643353,9.305125559519059,9.144884384879619,9.163736343383789,198533268,0.0,0.0
2006-08-15 00:00:00-04:00,9.27982631453991,9.467352447007183,9.24237005418532,9.449989318847656,267660072,0.0,0.0
2006-08-16 00:00:00-04:00,9.512249851698131,9.63553108402185,9.478515207651874,9.617424011230469,233893872,0.0,0.0
2006-08-17 00:00:00-04:00,9.58443253892038,9.673979128805183,9.523164366799978,9.569798469543457,203004792,0.0,0.0
2006-08-18 00:00:00-04:00,9.58244669787812,9.601795883547052,9.44453140443241,9.509272575378418,197889912,0.0,0.0
2006-08-21 00:00:00-04:00,9.378797048102182,9.401121066770969,9.307358486836248,9.358953475952148,160771068,0.0,0.0
2006-08-22 00:00:00-04:00,9.369620466745156,9.407571110697637,9.29793234595346,9.38351058959961,166397436,0.0,0.0
2006-08-23 00:00:00-04:00,9.367388762522173,9.383016335720459,9.24385984827068,9.262959480285645,145546308,0.0,0.0
2006-08-24 00:00:00-04:00,9.28801179607861,9.336630068418303,9.233937296721793,9.270401000976562,139160700,0.0,0.0
2006-08-25 00:00:00-04:00,9.254277725143718,9.309841063284702,9.239891321102007,9.258743286132812,98569332,0.0,0.0
2006-08-28 00:00:00-04:00,9.317032445053323,9.449491500854492,9.301901154375647,9.449491500854492,166393440,0.0,0.0
2006-08-29 00:00:00-04:00,9.44527716322438,9.483477372918308,9.356474508029832,9.399884223937988,178221600,0.0,0.0
2006-08-30 00:00:00-04:00,9.406333133339245,9.541272661141075,9.388969059431956,9.44453239440918,161614224,0.0,0.0
2006-08-31 00:00:00-04:00,9.462888074025209,9.47925864573511,9.38127910088402,9.38946533203125,118277604,0.0,0.0
2006-09-01 00:00:00-04:00,9.450483106080348,9.457677724264416,9.356224249477261,9.391199111938477,106809084,0.0,0.0
2006-09-05 00:00:00-04:00,9.422703320740748,9.559875623315218,9.362426760909576,9.534078598022461,162809028,0.0,0.0
2006-09-06 00:00:00-04:00,9.47801775464227,9.505054999841816,9.417493536112396,9.429399490356445,148815036,0.0,0.0
2006-09-07 00:00:00-04:00,9.410795623098476,9.46933567612551,9.361433411675232,9.388471603393555,153526320,0.0,0.0
2006-09-08 00:00:00-04:00,9.344565985585634,9.44552223698235,9.344565985585634,9.37259578704834,123212664,0.0,0.0
2006-09-11 00:00:00-04:00,9.382767304126508,9.54226362395646,9.370612736805489,9.52738094329834,180986832,0.0,0.0
2006-09-12 00:00:00-04:00,9.549953823415507,9.741696901595077,9.546977098148364,9.721108436584473,217470312,0.0,0.0
2006-09-13 00:00:00-04:00,9.801726183239944,10.089712311773448,9.800485014478225,10.084999084472656,390337272,0.0,0.0
2006-09-14 00:00:00-04:00,10.02869147947918,10.077805083510649,9.969902809290538,10.020753860473633,214429356,0.0,0.0
2006-09-15 00:00:00-04:00,10.107572101696286,10.171321670083644,10.08921736082858,10.167104721069336,313214472,0.0,0.0
2006-09-18 00:00:00-04:00,10.170078003542713,10.38563484762833,10.156931826555716,10.286415100097656,283983732,0.0,0.0
2006-09-19 00:00:00-04:00,10.30551632825166,10.306260273235962,9.74194444476823,10.016536712646484,571144284,0.0,0.0
2006-09-20 00:00:00-04:00,10.098146042049375,10.105339716169775,9.788577950637388,9.847614288330078,365546088,0.0,0.0
2006-09-21 00:00:00-04:00,9.929470698686282,10.131630878137718,9.918556355508752,10.09194278717041,427256316,0.0,0.0
2006-09-22 00:00:00-04:00,10.045559153916692,10.106827324937026,9.955763953781483,10.015792846679688,185798016,0.0,0.0
2006-09-25 00:00:00-04:00,10.060441955501371,10.156437328567037,9.984042490734504,10.020753860473633,229262508,0.0,0.0
2006-09-26 00:00:00-04:00,10.058458300790546,10.112532801300707,9.965934981425928,10.09244155883789,211364424,0.0,0.0
2006-09-27 00:00:00-04:00,10.078303776098693,10.200343858965045,9.980818608242343,9.994462013244629,234832932,0.0,0.0
2006-09-28 00:00:00-04:00,10.023234066880562,10.09516891463496,9.93542492678813,10.010831832885742,204091704,0.0,0.0
2006-09-29 00:00:00-04:00,10.049277349213849,10.061432860233506,9.957002661587765,9.969158172607422,132303564,0.0,0.0
2006-10-02 00:00:00-04:00,9.96915903492357,10.07085923880258,9.941873176308437,9.957748413085938,145929924,0.0,0.0
2006-10-03 00:00:00-04:00,9.954026467107344,10.08226952569195,9.877131677732304,10.02224063873291,218369412,0.0,0.0
2006-10-04 00:00:00-04:00,10.045310701138987,10.313206525222276,9.99768498692246,10.311469078063965,266205528,0.0,0.0
2006-10-05 00:00:00-04:00,10.286664454896709,10.374473596114743,10.191413027894155,10.214978218078613,231360408,0.0,0.0
2006-10-06 00:00:00-04:00,10.175537987279315,10.465508277285581,10.163878752598082,10.430533409118652,293166540,0.0,0.0
2006-10-09 00:00:00-04:00,10.537195841448199,10.714551564950435,10.502963974828507,10.641376495361328,303028668,0.0,0.0
2006-10-10 00:00:00-04:00,10.70487744472429,10.860900759039186,10.477414617307334,10.583084106445312,391152456,0.0,0.0
2006-10-11 00:00:00-04:00,10.542651503156364,10.663948556526073,10.511397308657097,10.579362869262695,225190584,0.0,0.0
2006-10-12 00:00:00-04:00,10.630463309285771,10.658245450216391,10.517352467593527,10.602682113647461,193566240,0.0,0.0
2006-10-13 00:00:00-04:00,10.610617545535167,10.653777692833044,10.556045831848486,10.599206924438477,144755100,0.0,0.0
2006-10-16 00:00:00-04:00,10.60913059660289,10.646338246079825,10.451369822515462,10.461540222167969,172603224,0.0,0.0
2006-10-17 00:00:00-04:00,10.425571848721154,10.511149151153429,10.336273876208535,10.434006690979004,208231560,0.0,0.0
2006-10-18 00:00:00-04:00,10.492296462513753,10.535953834234851,10.356117678299709,10.40101432800293,240451308,0.0,0.0
2006-10-19 00:00:00-04:00,10.423833502723186,10.653776733817308,10.407462935382917,10.56844711303711,459679860,0.0,0.0
2006-10-20 00:00:00-04:00,11.385279499530453,11.412813969986985,11.25133254370719,11.40214729309082,465450084,0.0,0.0
2006-10-23 00:00:00-04:00,11.46688827249229,12.021528947948859,11.41951023340533,11.925782203674316,603575820,0.0,0.0
2006-10-24 00:00:00-04:00,11.814161325065953,11.853353144657389,11.693360528895461,11.740490913391113,346061592,0.0,0.0
2006-10-25 00:00:00-04:00,11.844172600871573,12.117276942800373,11.785137218357512,12.070147514343262,367132500,0.0,0.0
2006-10-26 00:00:00-04:00,12.096937145321638,12.203102910343855,12.0106158990877,12.032940864562988,280986732,0.0,0.0
2006-10-27 00:00:00-04:00,12.00317329356779,12.0364116537864,11.720147172197759,11.787369728088379,263895840,0.0,0.0
2006-10-30 00:00:00-05:00,11.777945147714625,11.91784650763768,11.65863225262977,11.821353912353516,262261476,0.0,0.0
2006-10-31 00:00:00-05:00,11.858312458442931,11.960013609732451,11.753635527326303,11.816888809204102,251164584,0.0,0.0
2006-11-01 00:00:00-05:00,11.87567617321096,11.884854014847416,11.540807368815774,11.596370697021484,216834948,0.0,0.0
2006-11-02 00:00:00-05:00,11.596371499235266,11.750907873168941,11.568590305856647,11.656152725219727,209258532,0.0,0.0
2006-11-03 00:00:00-05:00,11.713698215621898,11.75140213508006,11.535845294036001,11.703031539916992,196111692,0.0,0.0
2006-11-06 00:00:00-05:00,11.75189917585699,11.898001648665295,11.716180364552917,11.830780029296875,199460340,0.0,0.0
2006-11-07 00:00:00-05:00,11.830778878277082,11.882124310046695,11.70228815706368,11.722131729125977,195688116,0.0,0.0
2006-11-08 00:00:00-05:00,11.667066056854374,11.94959591964792,11.623656350786725,11.782408714294434,318281400,0.0,0.0
2006-11-09 00:00:00-05:00,11.819616734487182,11.893784358858746,11.70452079463747,11.723621368408203,194972832,0.0,0.0
2006-11-10 00:00:00-05:00,11.75214764203452,11.775465166471779,11.665578721191308,11.746443748474121,111756132,0.0,0.0
2006-11-13 00:00:00-05:00,11.779928036810185,11.935456005749232,11.761076075851623,11.931983947753906,173502324,0.0,0.0
2006-11-14 00:00:00-05:00,11.923799009709015,12.153246012234696,11.918838116070695,12.137123107910156,288647064,0.0,0.0
2006-11-15 00:00:00-05:00,12.239566854242865,12.3988155049411,12.202360153198242,12.202360153198242,334493172,0.0,0.0
2006-11-16 00:00:00-05:00,12.278510644168318,12.344988316288072,12.21798642215891,12.300835609436035,203500296,0.0,0.0
2006-11-17 00:00:00-05:00,12.2351014461734,12.394101474717298,12.228899384442407,12.37252140045166,220219560,0.0,0.0
2006-11-20 00:00:00-05:00,12.362848646073328,12.362848646073328,12.220220116351046,12.279752731323242,204775020,0.0,0.0
2006-11-21 00:00:00-05:00,12.316711082820975,12.650587339715415,12.299099343993289,12.641904830932617,336762900,0.0,0.0
2006-11-22 00:00:00-05:00,12.674647633097623,12.725002401960174,12.545909237095783,12.601224899291992,179847972,0.0,0.0
2006-11-24 00:00:00-05:00,12.514159511367334,12.588574806403589,12.501757277292034,12.526562690734863,69238692,0.0,0.0
2006-11-27 00:00:00-05:00,12.436518471374175,12.446688869384667,12.024258613586426,12.024258613586426,292695012,0.0,0.0
2006-11-28 00:00:00-05:00,11.934465797441321,12.151014306600189,11.83276557827707,12.142085075378418,311592096,0.0,0.0
2006-11-29 00:00:00-05:00,12.259658997752085,12.272062176683104,11.96224643993092,12.021778106689453,252359388,0.0,0.0
2006-11-30 00:00:00-05:00,12.010368340538133,12.164407484238607,11.944883224003096,12.025747299194336,222876900,0.0,0.0
2006-12-01 00:00:00-05:00,12.054770765099112,12.11455104874119,11.869227851538861,11.92628002166748,225030744,0.0,0.0
2006-12-04 00:00:00-05:00,11.980848960232926,12.090736334769097,11.89031077035856,12.026738166809082,195800004,0.0,0.0
2006-12-05 00:00:00-05:00,12.08999132805911,12.140593760720668,12.027730607638778,12.080069541931152,163955880,0.0,0.0
2006-12-06 00:00:00-05:00,12.079079262446891,12.214018793220225,12.018555032246859,12.122488975524902,177833988,0.0,0.0
2006-12-07 00:00:00-05:00,12.160190070750813,12.199134216948439,11.966462841817489,11.971920013427734,186385428,0.0,0.0
2006-12-08 00:00:00-05:00,11.9545559754617,12.119757110438185,11.90643304610988,12.008382797241211,158837004,0.0,0.0
2006-12-11 00:00:00-05:00,12.028475448378563,12.127199874522338,12.00069425609281,12.003918647766113,130405464,0.0,0.0
2006-12-12 00:00:00-05:00,12.00193556602807,12.064196296722043,11.913381530581079,11.950589179992676,167072760,0.0,0.0
2006-12-13 00:00:00-05:00,12.022769318391713,12.042861501814011,11.832514160138508,11.881381034851074,186297516,0.0,0.0
2006-12-14 00:00:00-05:00,11.912636086683142,11.99945456147059,11.838469403175978,11.959022521972656,189766044,0.0,0.0
2006-12-15 00:00:00-05:00,11.971921267449932,12.008384970852559,11.902466864385575,11.913877487182617,207424368,0.0,0.0
2006-12-18 00:00:00-05:00,11.968694776731525,11.974399614483513,11.428191885400421,11.47978687286377,320343336,0.0,0.0
2006-12-19 00:00:00-05:00,11.452999757346484,11.641269841850951,11.373127285186552,11.624402046203613,263216520,0.0,0.0
2006-12-20 00:00:00-05:00,11.658383818838306,11.695591463979078,11.46812959005201,11.482267379760742,174537288,0.0,0.0
2006-12-21 00:00:00-05:00,11.514018564157373,11.540560479372202,11.220327612014588,11.31607437133789,277853868,0.0,0.0
2006-12-22 00:00:00-05:00,11.34832017474617,11.376597644125821,11.230000792188081,11.300694465637207,159372468,0.0,0.0
2006-12-26 00:00:00-05:00,11.324011755912094,11.397186825869834,11.276138377240864,11.349065780639648,82889028,0.0,0.0
2006-12-27 00:00:00-05:00,11.410333644377667,11.610758274493458,11.388008678857515,11.609518051147461,169090740,0.0,0.0
2006-12-28 00:00:00-05:00,11.586944859230318,11.623159946358976,11.466144086231816,11.473834037780762,124523352,0.0,0.0
2006-12-29 00:00:00-05:00,11.462424638749985,11.521212363129726,11.406861306199465,11.4222412109375,102265632,0.0,0.0
2007-01-03 00:00:00-05:00,11.559164720068784,11.823585642349478,11.437867657663372,11.598604202270508,307951740,0.0,0.0
2007-01-04 00:00:00-05:00,11.633580074431103,12.004415380238092,11.617456224870311,11.987299919128418,315188496,0.0,0.0
2007-01-05 00:00:00-05:00,11.968448335462924,12.092473506001504,11.859553511636234,12.084783554077148,274609116,0.0,0.0
2007-01-08 00:00:00-05:00,12.097186170543461,12.15126161169408,11.96100642877964,11.995237350463867,189985824,0.0,0.0
2007-01-09 00:00:00-05:00,12.041622668782571,12.111076122700052,11.936200846599737,12.042862892150879,215040744,0.0,0.0
2007-01-10 00:00:00-05:00,12.01632128205167,12.24254292788378,11.957036339507537,12.141090393066406,238501260,0.0,0.0
2007-01-11 00:00:00-05:00,12.333082395302355,12.4459455633498,12.307781648262782,12.395591735839844,288039672,0.0,0.0
2007-01-12 00:00:00-05:00,12.451898783841763,12.526562690734863,12.40253751410518,12.526562690734863,178769052,0.0,0.0
2007-01-16 00:00:00-05:00,12.58981305695561,12.725001168360976,12.484391247958738,12.50870132446289,302453244,0.0,0.0
2007-01-17 00:00:00-05:00,12.486624518955942,12.59527072352171,12.263130993514599,12.335064888000488,267696036,0.0,0.0
2007-01-18 00:00:00-05:00,12.266601575880971,12.315219834368799,12.090734724497247,12.100656509399414,237042720,0.0,0.0
2007-01-19 00:00:00-05:00,12.104378919578183,12.173337036091343,12.073621003841088,12.148283958435059,198932868,0.0,0.0
2007-01-22 00:00:00-05:00,12.21649814535889,12.220218815236974,11.869226170482975,11.927270889282227,215955828,0.0,0.0
2007-01-23 00:00:00-05:00,11.926029857854747,12.02425799373957,11.839211397372711,11.882868766784668,186433380,0.0,0.0
2007-01-24 00:00:00-05:00,12.016817008392547,12.39112624427043,11.98804325966565,12.379467010498047,242129628,0.0,0.0
2007-01-25 00:00:00-05:00,12.427340949192516,12.51415847108708,12.046831553646454,12.107107162475586,254485260,0.0,0.0
2007-01-26 00:00:00-05:00,12.177553589156805,12.350444680557903,12.080813339710959,12.299345970153809,219640140,0.0,0.0
2007-01-29 00:00:00-05:00,12.352927775716921,12.371531128469131,12.16688952173323,12.215755462646484,190836972,0.0,0.0
2007-01-30 00:00:00-05:00,12.25370579098399,12.352926497942773,12.184748614348134,12.261643409729004,167052780,0.0,0.0
2007-01-31 00:00:00-05:00,12.315469266382392,12.526560547869996,12.29116013551948,12.439742088317871,487755756,0.0,0.0
2007-02-01 00:00:00-05:00,12.55136882594419,12.551616492523046,11.9443871963682,11.949845314025879,625721652,0.0,0.0
2007-02-02 00:00:00-05:00,11.971175195742447,12.030460138888444,11.852110921650446,11.943642616271973,251208540,0.0,0.0
2007-02-05 00:00:00-05:00,11.84442160861316,11.85682478772159,11.563876840761703,11.58793830871582,287987724,0.0,0.0
2007-02-06 00:00:00-05:00,11.611254264621936,11.74024032528001,11.590418134809584,11.69509506225586,212663124,0.0,0.0
2007-02-07 00:00:00-05:00,11.753137837436128,11.766284959693145,11.628120123900228,11.65863037109375,164627208,0.0,0.0
2007-02-08 00:00:00-05:00,11.610015193284246,11.751404446415588,11.53808034328031,11.683934211730957,162904932,0.0,0.0
2007-02-09 00:00:00-05:00,11.699313171607324,11.724862530669807,11.447542141881854,11.457216262817383,194149656,0.0,0.0
2007-02-12 00:00:00-05:00,11.427201049803097,11.469616308678024,11.286803423462981,11.367916107177734,229949820,0.0,0.0
2007-02-13 00:00:00-05:00,11.38924929473884,11.47929215957979,11.34236752723525,11.388009071350098,162341496,0.0,0.0
2007-02-14 00:00:00-05:00,11.410334270962174,11.63680454907245,11.39098602946837,11.557428359985352,227724048,0.0,0.0
2007-02-15 00:00:00-05:00,11.559162318592966,11.562386709701762,11.428191162769224,11.446794509887695,161534304,0.0,0.0
2007-02-16 00:00:00-05:00,11.479786643935782,11.662104180049555,11.461430017242051,11.656893730163574,246832920,0.0,0.0
2007-02-20 00:00:00-05:00,11.620431154827319,11.726597862663631,11.527164849105157,11.710474014282227,162541296,0.0,0.0
2007-02-21 00:00:00-05:00,11.654414599059997,11.873691171460653,11.602323332635418,11.803740501403809,225398376,0.0,0.0
2007-02-22 00:00:00-05:00,11.873941425573049,12.011610015749058,11.76728031359579,11.803495407104492,229526244,0.0,0.0
2007-02-23 00:00:00-05:00,11.801014750237092,11.830781059109638,11.603814490056452,11.6737642288208,155148696,0.0,0.0
2007-02-26 00:00:00-05:00,11.728583298173843,11.788610297304709,11.503352310080507,11.532622337341309,158637204,0.0,0.0
2007-02-27 00:00:00-05:00,11.286306494508956,11.405371705984251,11.092082998918752,11.131771087646484,372139488,0.0,0.0
2007-02-28 00:00:00-05:00,11.172454436921308,11.253318523708677,10.989640572709247,11.148640632629395,320970708,0.0,0.0
2007-03-01 00:00:00-05:00,10.980462387144785,11.222311619376985,10.914232378632303,11.118377685546875,347060592,0.0,0.0
2007-03-02 00:00:00-05:00,11.04098799231973,11.130038311346906,10.881490707397461,10.881490707397461,263080656,0.0,0.0
2007-03-05 00:00:00-05:00,10.840311451073095,11.050659746746021,10.839816117996218,10.937796592712402,253949796,0.0,0.0
2007-03-06 00:00:00-05:00,11.0995262299532,11.385528159707096,11.09729344982774,11.349560737609863,301046652,0.0,0.0
2007-03-07 00:00:00-05:00,11.477060343889798,11.488222355326535,11.268698070609222,11.302184104919434,261102636,0.0,0.0
2007-03-08 00:00:00-05:00,11.390986580750317,11.546762241211187,11.263984672064533,11.279363632202148,214297488,0.0,0.0
2007-03-09 00:00:00-05:00,11.360722141804505,11.370643927980236,11.164763083665322,11.23570442199707,198908892,0.0,0.0
2007-03-12 00:00:00-04:00,11.22603204973963,11.292509723392614,11.18981601514321,11.280106544494629,138477384,0.0,0.0
2007-03-13 00:00:00-04:00,11.165011491273615,11.210156755720229,10.984430433487155,10.989391326904297,254836908,0.0,0.0
2007-03-14 00:00:00-04:00,10.994350583123065,11.129042411451454,10.889425056157137,11.1126708984375,320355324,0.0,0.0
2007-03-15 00:00:00-04:00,11.10920032004961,11.157817641947103,11.011963785670272,11.06777572631836,157610232,0.0,0.0
2007-03-16 00:00:00-04:00,11.054382293982616,11.080428880023302,10.911505133000352,10.935317993164062,226137636,0.0,0.0
2007-03-19 00:00:00-04:00,10.994850083873217,11.125077336017087,10.929861236388453,11.093574523925781,207700092,0.0,0.0
2007-03-20 00:00:00-04:00,11.057852145793662,11.102749739533742,11.003529044491211,11.045201301574707,136723140,0.0,0.0
2007-03-21 00:00:00-04:00,11.045698807184742,11.325251938624868,11.043465081887536,11.32475471496582,231700068,0.0,0.0
2007-03-22 00:00:00-04:00,11.301439285032119,11.464159984155332,11.225039828643425,11.460935592651367,227000772,0.0,0.0
2007-03-23 00:00:00-04:00,11.446301115124136,11.4944221592693,11.337902569290355,11.455726623535156,164287548,0.0,0.0
2007-03-26 00:00:00-04:00,11.423976263037204,11.534358978271484,11.301687592571096,11.534358978271484,188223588,0.0,0.0
2007-03-27 00:00:00-04:00,11.498392244161266,11.540064507907026,11.418767441691058,11.500128746032715,149498352,0.0,0.0
2007-03-28 00:00:00-04:00,11.456718750346143,11.545273726543074,11.414054876085936,11.456968307495117,183480336,0.0,0.0
2007-03-29 00:00:00-04:00,11.523196993503369,11.559165364661512,11.28630863935124,11.43315601348877,159380460,0.0,0.0
2007-03-30 00:00:00-04:00,11.462425514816312,11.494672271449849,11.314587468999608,11.364692687988281,135072792,0.0,0.0
2007-04-02 00:00:00-04:00,11.354770274208978,11.373870849609375,11.214869855643569,11.373870849609375,137802060,0.0,0.0
2007-04-03 00:00:00-04:00,11.510793638295839,11.763805818195292,11.5095543602407,11.722877502441406,259811928,0.0,0.0
2007-04-04 00:00:00-04:00,11.711467441395698,11.73279985116671,11.647966490503796,11.683685302734375,151000848,0.0,0.0
2007-04-05 00:00:00-04:00,11.690630376829242,11.71022628320813,11.648957172163865,11.695839881896973,108523368,0.0,0.0
2007-04-09 00:00:00-04:00,11.732302528023256,11.7327988064002,11.548992420254372,11.613982200622559,122361516,0.0,0.0
2007-04-10 00:00:00-04:00,11.586202550359479,11.677981922365214,11.53832916852328,11.57156753540039,119052828,0.0,0.0
2007-04-11 00:00:00-04:00,11.560652856476715,11.643502049990337,11.47507554954426,11.522701263427734,152327520,0.0,0.0
2007-04-12 00:00:00-04:00,11.509553772736885,11.608773526042539,11.465896400672058,11.593642234802246,108207684,0.0,0.0
2007-04-13 00:00:00-04:00,11.619936776669366,11.627874395593283,11.493679764170365,11.566357612609863,111680208,0.0,0.0
2007-04-16 00:00:00-04:00,11.620183008503734,11.831771525217766,11.612493057095687,11.764301300048828,202912884,0.0,0.0
2007-04-17 00:00:00-04:00,11.75264392872869,11.816888822188721,11.698072210301785,11.727838516235352,128275596,0.0,0.0
2007-04-18 00:00:00-04:00,11.689637689789368,11.903954324845238,11.646725207586666,11.807461738586426,226593180,0.0,0.0
2007-04-19 00:00:00-04:00,11.770007790276669,11.954805808918474,11.648215390958898,11.699313163757324,439943616,0.0,0.0
2007-04-20 00:00:00-04:00,12.167384804356747,12.216499353128963,11.956542097293232,11.967951774597168,485973540,0.0,0.0
2007-04-23 00:00:00-04:00,11.908916231800134,12.030460960825726,11.863273741997977,11.883614540100098,226757016,0.0,0.0
2007-04-24 00:00:00-04:00,11.871955786975096,11.905939041142974,11.796052605426729,11.845166206359863,147640212,0.0,0.0
2007-04-25 00:00:00-04:00,11.906434465824422,11.940417720253672,11.809943764965853,11.856576919555664,158513328,0.0,0.0
2007-04-26 00:00:00-04:00,11.859304780733597,12.016816925341812,11.834747980600172,11.935705184936523,164831004,0.0,0.0
2007-04-27 00:00:00-04:00,11.908172147398579,11.965967313371406,11.865010104900719,11.881877899169922,116910972,0.0,0.0
2007-04-30 00:00:00-04:00,11.88535017306798,11.93992188924016,11.692614555358887,11.692614555358887,145502352,0.0,0.0
2007-05-01 00:00:00-04:00,11.712708730689847,11.728086744857789,11.513771033391006,11.633580207824707,146181672,0.0,0.0
2007-05-02 00:00:00-04:00,11.624897069195894,11.68517362564585,11.55246689106826,11.553706169128418,122385492,0.0,0.0
2007-05-03 00:00:00-04:00,11.564619812680984,11.759340538965011,11.541551848782207,11.738504409790039,143624232,0.0,0.0
2007-05-04 00:00:00-04:00,11.661360398083582,11.77844050374495,11.556187192458633,11.686165809631348,157842000,0.0,0.0
2007-05-07 00:00:00-04:00,11.71146948410388,11.728336336318804,11.570824155022587,11.590668678283691,120683196,0.0,0.0
2007-05-08 00:00:00-04:00,11.562389216801721,11.612991655345047,11.527662016025234,11.579257011413574,116087796,0.0,0.0
2007-05-09 00:00:00-04:00,11.562883365128844,11.701295875629702,11.506577039018987,11.639780044555664,155440404,0.0,0.0
2007-05-10 00:00:00-04:00,11.58495933804739,11.645731217259756,11.435632501616613,11.446794509887695,147304548,0.0,0.0
2007-05-11 00:00:00-04:00,11.455727021723801,11.583970090927274,11.435139502435979,11.577519416809082,117646236,0.0,0.0
2007-05-14 00:00:00-04:00,11.546267175687666,11.59662006084585,11.41033508766202,11.454487800598145,154753092,0.0,0.0
2007-05-15 00:00:00-04:00,11.458951631459062,11.473338032861982,11.346088473859899,11.360722541809082,164595240,0.0,0.0
2007-05-16 00:00:00-04:00,11.45994475031475,11.736272591254451,11.386025729454179,11.723126411437988,261905832,0.0,0.0
2007-05-17 00:00:00-04:00,11.719405218798116,11.787867064243075,11.67847690053027,11.682197570800781,186237576,0.0,0.0
2007-05-18 00:00:00-04:00,11.708738905903951,11.725357142721178,11.65218301907017,11.666321754455566,147688164,0.0,0.0
2007-05-21 00:00:00-04:00,11.646726402612844,11.886591473076292,11.577024333876295,11.67326831817627,246125628,0.0,0.0
2007-05-22 00:00:00-04:00,11.732798219934788,11.881876455748579,11.732798219934788,11.803740501403809,153406440,0.0,0.0
2007-05-23 00:00:00-04:00,11.92677510394183,11.991019996568198,11.751403552878218,11.75685977935791,202205592,0.0,0.0
2007-05-24 00:00:00-04:00,11.786128872255961,11.886588837680925,11.695589746708436,11.765788078308105,166777056,0.0,0.0
2007-05-25 00:00:00-04:00,11.898993516501474,12.02921979916597,11.838716962462279,11.99374771118164,213726060,0.0,0.0
2007-05-29 00:00:00-04:00,12.03046002198361,12.199134172318496,12.005654610637594,12.082798957824707,208511280,0.0,0.0
2007-05-30 00:00:00-04:00,12.018057807736733,12.37376179195907,11.98084921801349,12.36780834197998,289542168,0.0,0.0
2007-05-31 00:00:00-04:00,12.416429336836432,12.620326047633556,12.329610857164761,12.35069465637207,356615028,0.0,0.0
2007-06-01 00:00:00-04:00,12.42734205445094,12.52705809663854,12.3511902571433,12.412459373474121,191768040,0.0,0.0
2007-06-04 00:00:00-04:00,12.350693350595426,12.663238142843532,12.342755732086362,12.57790756225586,283755960,0.0,0.0
2007-06-05 00:00:00-04:00,12.644387680820698,12.873834699852,12.566499376394706,12.869865417480469,417466116,0.0,0.0
2007-06-06 00:00:00-04:00,12.818021730455145,12.91798638331126,12.781061749726812,12.855229377746582,315152532,0.0,0.0
2007-06-07 00:00:00-04:00,12.892436321251825,13.05987119756929,12.712847823453407,12.776100158691406,424794780,0.0,0.0
2007-06-08 00:00:00-04:00,12.804377789660727,12.889706473102656,12.637191535427101,12.786766052246094,254073672,0.0,0.0
2007-06-11 00:00:00-04:00,12.75030412382301,12.855229672686344,12.650588080534424,12.683826446533203,185722092,0.0,0.0
2007-06-12 00:00:00-04:00,12.618587769009688,12.692011446612378,12.481167812472206,12.520855903625488,256523220,0.0,0.0
2007-06-13 00:00:00-04:00,12.57840473493539,12.614371211987677,12.370041540948336,12.532515525817871,281078640,0.0,0.0
2007-06-14 00:00:00-04:00,12.535988031959759,12.54839121116145,12.444704943567821,12.472983360290527,184663152,0.0,0.0
2007-06-15 00:00:00-04:00,12.60569052066956,12.62578270745034,12.433047070530414,12.548639297485352,246717036,0.0,0.0
2007-06-18 00:00:00-04:00,12.555831285724176,12.799417959592597,12.507710241266834,12.779573440551758,193242564,0.0,0.0
2007-06-19 00:00:00-04:00,12.750055493793006,12.830423289291298,12.688786381415516,12.75749683380127,174037788,0.0,0.0
2007-06-20 00:00:00-04:00,12.823229622674855,12.867630938217092,12.627268678378657,12.64984130859375,173354472,0.0,0.0
2007-06-21 00:00:00-04:00,12.674896141037818,12.781806802526983,12.558313249373434,12.75253677368164,176211612,0.0,0.0
2007-06-22 00:00:00-04:00,12.809835671632122,13.022415826051292,12.801898052707358,13.022168159484863,287859852,0.0,0.0
2007-06-25 00:00:00-04:00,13.121387683367043,13.270465938368751,12.982479827370847,13.08269214630127,316683000,0.0,0.0
2007-06-26 00:00:00-04:00,13.214406317901998,13.226063660727858,13.053421173729967,13.15313720703125,227352420,0.0,0.0
2007-06-27 00:00:00-04:00,13.022662656907091,13.096830281162259,12.887723143845648,13.05466079711914,244679076,0.0,0.0
2007-06-28 00:00:00-04:00,13.019687633412435,13.134287309665568,12.992898049597818,13.02291202545166,166569264,0.0,0.0
2007-06-29 00:00:00-04:00,13.047964367170996,13.082195287558601,12.885242716762237,12.965611457824707,155068776,0.0,0.0
2007-07-02 00:00:00-04:00,13.03481562938062,13.192576366897473,13.002817493082404,13.156112670898438,139364496,0.0,0.0
2007-07-03 00:00:00-04:00,13.172982676678137,13.255830922792578,13.084676313280344,13.254343032836914,74797128,0.0,0.0
2007-07-05 00:00:00-04:00,13.284604044208944,13.503881579727626,13.200019300286456,13.435171127319336,197518284,0.0,0.0
2007-07-06 00:00:00-04:00,13.425745308868363,13.490734144477749,13.363236919871907,13.379855155944824,109770120,0.0,0.0
2007-07-09 00:00:00-04:00,13.46915485288144,13.611535710733968,13.401188343034894,13.458240509033203,149042808,0.0,0.0
2007-07-10 00:00:00-04:00,13.488750663891675,13.568375461985582,13.435667780259806,13.477588653564453,154085760,0.0,0.0
2007-07-11 00:00:00-04:00,13.484285678467701,13.55597191067605,13.394987707718132,13.505617141723633,132239628,0.0,0.0
2007-07-12 00:00:00-04:00,13.540097969413038,13.576314006746097,13.40019754977478,13.526951789855957,137526336,0.0,0.0
2007-07-13 00:00:00-04:00,13.590947347305532,13.709020016873156,13.574576776703863,13.696369171142578,209274516,0.0,0.0
2007-07-16 00:00:00-04:00,13.650231757000027,13.85561823885368,13.625674955070684,13.716958045959473,263716020,0.0,0.0
2007-07-17 00:00:00-04:00,13.767807750756866,13.834533092481045,13.701826354007498,13.766816139221191,172970856,0.0,0.0
2007-07-18 00:00:00-04:00,13.739281184620117,13.754412476606442,13.489246675540162,13.630387306213379,242956800,0.0,0.0
2007-07-19 00:00:00-04:00,13.728615568590323,13.730104403792376,13.450302641486424,13.60781478881836,444642912,0.0,0.0
2007-07-20 00:00:00-04:00,12.697718434594364,12.977520233566755,12.638185815139025,12.901616096496582,710181108,0.0,0.0
2007-07-23 00:00:00-04:00,12.87408148834589,12.898638290064078,12.703919432864685,12.712848663330078,254013732,0.0,0.0
2007-07-24 00:00:00-04:00,12.633222579143773,12.866142562542978,12.578899475710323,12.74980640411377,222661116,0.0,0.0
2007-07-25 00:00:00-04:00,12.82372647469214,12.824719031521706,12.540453591410387,12.644634246826172,221578200,0.0,0.0
2007-07-26 00:00:00-04:00,12.61933263677178,12.714832674360379,12.374754343588657,12.600977897644043,275060664,0.0,0.0
2007-07-27 00:00:00-04:00,12.614124231733783,12.81479653942224,12.538964991312834,12.697468757629395,220143636,0.0,0.0
2007-07-30 00:00:00-04:00,12.723017437145435,12.882265128120947,12.66298855192356,12.802145004272461,158373468,0.0,0.0
2007-07-31 00:00:00-04:00,12.904343203321645,12.909551763192985,12.65058708190918,12.65058708190918,170649180,0.0,0.0
2007-08-01 00:00:00-04:00,12.6629912792331,12.812070495028415,12.604451216485268,12.723515510559082,176950872,0.0,0.0
2007-08-02 00:00:00-04:00,12.742862681627807,12.77436549080935,12.625782565982693,12.675641059875488,126069804,0.0,0.0
2007-08-03 00:00:00-04:00,12.651829764914913,12.729965740513036,12.476954460144043,12.476954460144043,126920952,0.0,0.0
2007-08-06 00:00:00-04:00,12.4769520344668,12.65430775190076,12.464548855869365,12.65058708190918,145913940,0.0,0.0
2007-08-07 00:00:00-04:00,12.644387312887455,12.8956620691274,12.626775572541629,12.799914360046387,170401428,0.0,0.0
2007-08-08 00:00:00-04:00,12.882266331436405,13.042011260986328,12.826455334421453,13.042011260986328,162589248,0.0,0.0
2007-08-09 00:00:00-04:00,12.918482818519578,13.067809687916123,12.765435278877955,12.767915725708008,193666140,0.0,0.0
2007-08-10 00:00:00-04:00,12.655051854354804,12.866887106423095,12.54218869399561,12.793216705322266,234772992,0.0,0.0
2007-08-13 00:00:00-04:00,12.887229185230039,12.892437745684179,12.725747741182923,12.787015914916992,127044828,0.0,0.0
2007-08-14 00:00:00-04:00,12.792470792248427,12.834143994866702,12.600976352715646,12.615859031677246,145202652,0.0,0.0
2007-08-15 00:00:00-04:00,12.625782222231317,12.692507563741101,12.32092737379999,12.341764450073242,216163620,0.0,0.0
2007-08-16 00:00:00-04:00,12.204591441357572,12.313981595288146,11.917845572557141,12.192188262939453,345478176,0.0,0.0
2007-08-17 00:00:00-04:00,12.339035659183391,12.427342023854917,12.195414574117088,12.403529167175293,218956824,0.0,0.0
2007-08-20 00:00:00-04:00,12.463557158187664,12.466038550311929,12.303315944494411,12.35094165802002,107784108,0.0,0.0
2007-08-21 00:00:00-04:00,12.376242626323924,12.604945671674693,12.347221211027861,12.566497802734375,144279576,0.0,0.0
2007-08-22 00:00:00-04:00,12.649595715032772,12.805619983975225,12.631983974907318,12.718802452087402,129977892,0.0,0.0
2007-08-23 00:00:00-04:00,12.79941583300717,12.802640224147163,12.576169993673386,12.70490837097168,122944932,0.0,0.0
2007-08-24 00:00:00-04:00,12.71532842733321,12.788255828873659,12.613379610400356,12.774612426757812,98809092,0.0,0.0
2007-08-27 00:00:00-04:00,12.76047435040333,12.835384978817213,12.685315110131775,12.731451988220215,92910996,0.0,0.0
2007-08-28 00:00:00-04:00,12.68853935466827,12.774116659662775,12.546157549378506,12.56128978729248,130825044,0.0,0.0
2007-08-29 00:00:00-04:00,12.5970109762732,12.732445854568587,12.581879680796215,12.722028732299805,101870028,0.0,0.0
2007-08-30 00:00:00-04:00,12.709127988861304,12.784534895829125,12.664974333804203,12.685315132141113,105961932,0.0,0.0
2007-08-31 00:00:00-04:00,12.727482673688238,12.811819756049436,12.687051579630191,12.780814170837402,118984896,0.0,0.0
2007-09-04 00:00:00-04:00,12.775107730707248,13.097078029582054,12.765185943949048,13.026384353637695,147600252,0.0,0.0
2007-09-05 00:00:00-04:00,12.982974817908284,13.133789570740328,12.95444873530853,13.092117309570312,132383484,0.0,0.0
2007-09-06 00:00:00-04:00,13.1308136892074,13.14247292390235,12.854982135144443,12.985952377319336,144890964,0.0,0.0
2007-09-07 00:00:00-04:00,12.845555924638612,12.929396732359692,12.819262620017483,12.882515907287598,146397456,0.0,0.0
2007-09-10 00:00:00-04:00,12.93038813895368,12.949984046065207,12.672416009549421,12.761713981628418,128902968,0.0,0.0
2007-09-11 00:00:00-04:00,12.823974572521921,12.939565845675602,12.792719431857767,12.931628227233887,108035856,0.0,0.0
2007-09-12 00:00:00-04:00,12.911784121840713,13.096583077339425,12.873833475445391,12.964370727539062,119320560,0.0,0.0
2007-09-13 00:00:00-04:00,12.999347739598072,13.077482759415805,12.97851066298215,13.017207145690918,75568356,0.0,0.0
2007-09-14 00:00:00-04:00,12.978014026583654,13.15338558146425,12.953705837571336,13.115682601928711,110485404,0.0,0.0
2007-09-17 00:00:00-04:00,13.060613941463993,13.128828113987476,12.999594387535842,13.030104637145996,87812100,0.0,0.0
2007-09-18 00:00:00-04:00,13.060368579279606,13.32652792141291,13.004557575280883,13.277413368225098,168459372,0.0,0.0
2007-09-19 00:00:00-04:00,13.3766328835064,13.629148816692538,13.366463428899218,13.564655303955078,220854924,0.0,0.0
2007-09-20 00:00:00-04:00,13.568376162644812,13.811465627410445,13.544314693679643,13.712989807128906,220779000,0.0,0.0
2007-09-21 00:00:00-04:00,13.800053785554912,13.910436497282957,13.712988595730383,13.89332103729248,320147532,0.0,0.0
2007-09-24 00:00:00-04:00,13.915644726699249,14.175106624176108,13.89084026080474,14.089776992797852,211668120,0.0,0.0
2007-09-25 00:00:00-04:00,13.990061922537329,14.127978174767648,13.961784449445046,14.114087104797363,109114776,0.0,0.0
2007-09-26 00:00:00-04:00,14.148812649061613,14.183292180724878,13.985347056398096,14.093249320983887,133710156,0.0,0.0
2007-09-27 00:00:00-04:00,14.181805046496395,14.182052713056425,14.034214682562583,14.076879501342773,82169748,0.0,0.0
2007-09-28 00:00:00-04:00,14.064476272596167,14.127729555571038,13.993037704370385,14.071173667907715,105474420,0.0,0.0
2007-10-01 00:00:00-04:00,14.138146801181865,14.494843343216171,14.129217571479062,14.450194358825684,188263548,0.0,0.0
2007-10-02 00:00:00-04:00,14.470784131339315,14.803916460659035,14.387190993154258,14.495837211608887,282417300,0.0,0.0
2007-10-03 00:00:00-04:00,14.541974714849385,14.609939334912251,14.395873185139845,14.486659049987793,155024820,0.0,0.0
2007-10-04 00:00:00-04:00,14.513201085304969,14.513201085304969,14.314015724014448,14.362881660461426,119348532,0.0,0.0
2007-10-05 00:00:00-04:00,14.563306436352486,14.78382420942457,14.560826934814555,14.735453605651855,202545252,0.0,0.0
2007-10-08 00:00:00-04:00,14.759018800618366,15.137545007122217,14.732974108893172,15.12166976928711,200918880,0.0,0.0
2007-10-09 00:00:00-04:00,15.257848878678828,15.472909484100688,15.091158878027093,15.2595853805542,350361288,0.0,0.0
2007-10-10 00:00:00-04:00,15.412880382327725,15.520037759227979,15.299768609948552,15.51284408569336,215208576,0.0,0.0
2007-10-11 00:00:00-04:00,15.717487724901058,15.910221471770909,15.106290112909969,15.428756713867188,471488040,0.0,0.0
2007-10-12 00:00:00-04:00,15.477869822639228,15.835558946782307,15.335488017473448,15.810505867004395,272675052,0.0,0.0
2007-10-15 00:00:00-04:00,15.837294079508778,15.871772665058547,15.268761355411884,15.381872177124023,277474248,0.0,0.0
2007-10-16 00:00:00-04:00,15.341689785345404,15.525991515881843,15.180456965768768,15.279924392700195,240770988,0.0,0.0
2007-10-17 00:00:00-04:00,15.638357953282519,15.726415700788298,15.418584139051664,15.713517189025879,240978780,0.0,0.0
2007-10-18 00:00:00-04:00,15.761391631679912,15.909230611780243,15.589988406584913,15.865822792053223,491076432,0.0,0.0
2007-10-19 00:00:00-04:00,16.236407482886023,16.333891678522352,15.955366462504594,15.992077827453613,630928440,0.0,0.0
2007-10-22 00:00:00-04:00,15.842256610656207,16.24732378786504,15.782972607905625,16.14190101623535,266309424,0.0,0.0
2007-10-23 00:00:00-04:00,16.402355971006152,16.807918493088504,16.37135038467896,16.76252555847168,271476252,0.0,0.0
2007-10-24 00:00:00-04:00,16.6866219258896,16.804694598528457,16.36043560408396,16.763765335083008,295871832,0.0,0.0
2007-10-25 00:00:00-04:00,16.834705736667598,16.841899409812825,16.459403962756273,16.58243751525879,231588180,0.0,0.0
2007-10-26 00:00:00-04:00,16.719361738945455,16.781620564525088,16.57127417559096,16.73349952697754,134021844,0.0,0.0
2007-10-29 00:00:00-04:00,16.812132584375153,16.867449190909472,16.671240569311166,16.84834861755371,122529348,0.0,0.0
2007-10-30 00:00:00-04:00,16.805683906175528,17.36131718752099,16.805683906175528,17.23381996154785,275747976,0.0,0.0
2007-10-31 00:00:00-04:00,17.38066609370425,17.537187576293945,17.265323429960862,17.537187576293945,274796928,0.0,0.0
2007-11-01 00:00:00-04:00,17.432755352749737,17.70387457752246,17.40770133115573,17.443174362182617,260826912,0.0,0.0
2007-11-02 00:00:00-04:00,17.624252958428052,17.70040380834882,17.297569423284212,17.642608642578125,233426340,0.0,0.0
2007-11-05 00:00:00-05:00,17.536935559887482,18.11340491237633,17.514114318778805,17.999797821044922,354992652,0.0,0.0
2007-11-06 00:00:00-05:00,18.29522667454908,18.4001522064209,17.983675415559038,18.4001522064209,337114548,0.0,0.0
2007-11-07 00:00:00-05:00,18.38378439197129,18.5353430961388,17.93754217679667,18.180631637573242,330609060,0.0,0.0
2007-11-08 00:00:00-05:00,18.22180480187446,18.228998475048794,16.797497215625786,17.210750579833984,659827512,0.0,0.0
2007-11-09 00:00:00-05:00,16.762773717068093,16.91408476395516,16.401363895541337,16.469825744628906,455068476,0.0,0.0
2007-11-12 00:00:00-05:00,16.315289049768477,16.61766154558108,15.533184560736983,15.678542137145996,408682908,0.0,0.0
2007-11-13 00:00:00-05:00,15.999022222436258,16.394167571479503,15.678541718444926,16.38498878479004,337478184,0.0,0.0
2007-11-14 00:00:00-05:00,16.700760821064943,16.75558021232303,15.782726021244985,15.91692066192627,323464212,0.0,0.0
2007-11-15 00:00:00-05:00,15.839776741150695,16.061287079520795,15.478366927521682,15.618515014648438,278429292,0.0,0.0
2007-11-16 00:00:00-05:00,15.724926487303403,15.763375300407334,15.280420812064314,15.717238426208496,361350288,0.0,0.0
2007-11-19 00:00:00-05:00,15.61702577455748,15.79512638576307,15.341937239217538,15.52425479888916,220874904,0.0,0.0
2007-11-20 00:00:00-05:00,15.787931921382881,16.34902236230847,15.69838628715703,16.087081909179688,393230376,0.0,0.0
2007-11-21 00:00:00-05:00,15.968760654439093,16.618654714446826,15.926840726489223,16.384246826171875,280259460,0.0,0.0
2007-11-23 00:00:00-05:00,16.61940121165667,16.824786758632566,16.572518495117876,16.785594940185547,109438452,0.0,0.0
2007-11-26 00:00:00-05:00,16.872412693304867,17.199839260649703,16.49537529522294,16.52018165588379,271332396,0.0,0.0
2007-11-27 00:00:00-05:00,16.738462750128736,16.778894787698825,16.129747515839146,16.70795249938965,355823820,0.0,0.0
2007-11-28 00:00:00-05:00,16.919791145811782,17.222163693099503,16.672483767168405,17.17156219482422,316343340,0.0,0.0
2007-11-29 00:00:00-05:00,17.134105170651377,17.43275892465937,17.060185204531706,17.28913688659668,248071680,0.0,0.0
2007-11-30 00:00:00-05:00,17.636406436320513,17.63789432616847,16.91978801788481,17.18991470336914,315504180,0.0,0.0
2007-12-03 00:00:00-05:00,17.14055207017582,17.23952226005667,16.895725203393443,16.905399322509766,172830996,0.0,0.0
2007-12-04 00:00:00-05:00,16.825532139611205,17.165111390332825,16.796012551040214,16.970640182495117,169102728,0.0,0.0
2007-12-05 00:00:00-05:00,17.18321902450611,17.33701050227087,17.053487123684704,17.32659149169922,168215616,0.0,0.0
2007-12-06 00:00:00-05:00,17.308978023471372,17.77432266290508,17.28938400774405,17.742074966430664,196163640,0.0,0.0
2007-12-07 00:00:00-05:00,17.735380488887788,17.810043452525935,17.624004264566743,17.732404708862305,153929916,0.0,0.0
2007-12-10 00:00:00-05:00,17.760183754444025,17.97871640364442,17.710822486704835,17.820459365844727,154093752,0.0,0.0
2007-12-11 00:00:00-05:00,17.858166332336424,17.88421102452002,17.333289027105934,17.343708038330078,245318436,0.0,0.0
2007-12-12 00:00:00-05:00,17.710824207443103,17.71876088146746,17.07829510906738,17.347429275512695,246117636,0.0,0.0
2007-12-13 00:00:00-05:00,17.272022999205134,17.30451836976454,16.897466021713974,17.215965270996094,201430368,0.0,0.0
2007-12-14 00:00:00-05:00,17.053734839787335,17.35610923620174,17.04753561355549,17.1145076751709,146793060,0.0,0.0
2007-12-17 00:00:00-05:00,17.065886375646375,17.24994040558045,16.462379803959163,16.600296020507812,219220560,0.0,0.0
2007-12-18 00:00:00-05:00,16.722586814327563,16.785840093316544,16.185309223905136,16.702495574951172,286381332,0.0,0.0
2007-12-19 00:00:00-05:00,16.72382813119198,16.855047924415,16.594593451615772,16.80221176147461,176667156,0.0,0.0
2007-12-20 00:00:00-05:00,17.012064225505508,17.140306358615685,16.882581868912016,17.107812881469727,176711112,0.0,0.0
2007-12-21 00:00:00-05:00,17.310960330165223,17.345191244024356,17.195865357564088,17.281442642211914,215064720,0.0,0.0
2007-12-24 00:00:00-05:00,17.239278644739883,17.38166046142578,17.191405261540613,17.38166046142578,65070864,0.0,0.0
2007-12-26 00:00:00-05:00,17.33849816494693,17.69147404704711,17.31914992455629,17.63243865966797,101098800,0.0,0.0
2007-12-27 00:00:00-05:00,17.538925251418014,17.760433708978002,17.381908416748047,17.381908416748047,117582300,0.0,0.0
2007-12-28 00:00:00-05:00,17.48583839676457,17.560750909198028,17.277724767243,17.426307678222656,102405492,0.0,0.0
2007-12-31 00:00:00-05:00,17.32807998070804,17.42531652040105,17.129888121698905,17.152212142944336,94952952,0.0,0.0
2008-01-02 00:00:00-05:00,17.186690054608828,17.298313937607652,16.811142482663954,16.996187210083008,172103724,0.0,0.0
2008-01-03 00:00:00-05:00,16.997923028299656,17.03736250528386,16.781125956983203,16.999658584594727,129969900,0.0,0.0
2008-01-04 00:00:00-05:00,16.859757228756195,16.89126003324194,16.247321383763538,16.29693031311035,214177608,0.0,0.0
2008-01-07 00:00:00-05:00,16.22102767094264,16.427902962975722,15.809512702763566,16.104692459106445,255879864,0.0,0.0
2008-01-08 00:00:00-05:00,16.197711768918317,16.370356149525474,15.652000271413836,15.668868064880371,213350436,0.0,0.0
2008-01-09 00:00:00-05:00,15.628185862310689,16.206144054109537,15.441403710595191,16.20267105102539,269318412,0.0,0.0
2008-01-10 00:00:00-05:00,15.99952191498341,16.301894449380054,15.877976232733257,16.042186737060547,253114632,0.0,0.0
2008-01-11 00:00:00-05:00,15.94222132823279,16.110150604521944,15.62992607538237,15.831838607788086,198880920,0.0,0.0
2008-01-14 00:00:00-05:00,16.151571396468132,16.306850735390665,16.005468952473702,16.218050003051758,177722100,0.0,0.0
2008-01-15 00:00:00-05:00,16.021596178350475,16.099732137995485,15.760646386050594,15.816953659057617,222505272,0.0,0.0
2008-01-16 00:00:00-05:00,15.601647488385424,15.8749995337522,14.93091727561965,15.278684616088867,421977600,0.0,0.0
2008-01-17 00:00:00-05:00,15.397997051096375,15.521524992848866,14.833680326993163,14.902639389038086,328343328,0.0,0.0
2008-01-18 00:00:00-05:00,15.090412630937724,15.13084466516892,14.844594143570953,14.889243125915527,341242416,0.0,0.0
2008-01-22 00:00:00-05:00,13.94119436966515,14.821029778532905,13.920605906315354,14.494843482971191,379679940,0.0,0.0
2008-01-23 00:00:00-05:00,13.908451626196134,14.089280337008637,12.873832236679728,13.60855770111084,677949372,0.0,0.0
2008-01-24 00:00:00-05:00,13.861075095891843,14.3792530979398,13.745482872269427,14.250267028808594,375659964,0.0,0.0
2008-01-25 00:00:00-05:00,14.6798882158971,14.759016727391103,14.044134846807438,14.049592018127441,278361360,0.0,0.0
2008-01-28 00:00:00-05:00,14.162952167885653,14.194454028875029,13.608062838362866,13.791123390197754,232435332,0.0,0.0
2008-01-29 00:00:00-05:00,13.902499361329363,13.923830825128444,13.411358619116756,13.655689239501953,251068680,0.0,0.0
2008-01-30 00:00:00-05:00,13.62269765659879,13.901506865941112,13.481804689351183,13.59987735748291,317266416,0.0,0.0
2008-01-31 00:00:00-05:00,13.370182791428656,14.21330687550098,13.253102679269523,13.997503280639648,594257148,0.0,0.0
2008-02-01 00:00:00-05:00,13.11369874190865,13.312138267096099,12.650587791740211,12.796936988830566,703315980,0.0,0.0
2008-02-04 00:00:00-05:00,12.627516841963986,12.719543868046733,12.217737424054523,12.289175987243652,525757716,0.0,0.0
2008-02-05 00:00:00-05:00,12.140346690175807,12.625781632880924,12.117774058451298,12.571210861206055,447683868,0.0,0.0
2008-02-06 00:00:00-05:00,12.67886553096846,12.679609475965785,12.351190372229075,12.444952964782715,305150544,0.0,0.0
2008-02-07 00:00:00-05:00,12.324647770010717,12.754519361802537,12.272556502419116,12.525320053100586,316838844,0.0,0.0
2008-02-08 00:00:00-05:00,12.635952026573925,12.842330103608173,12.618340288163571,12.816532135009766,272882844,0.0,0.0
2008-02-11 00:00:00-05:00,12.911536795271363,12.990665317754017,12.7349250109616,12.927412033081055,232806960,0.0,0.0
2008-02-12 00:00:00-05:00,12.982726684293574,13.161571234888443,12.725746174169805,12.851259231567383,266225508,0.0,0.0
2008-02-13 00:00:00-05:00,12.960651673698472,13.270466485435136,12.866144189425647,13.2612886428833,264723012,0.0,0.0
2008-02-14 00:00:00-05:00,13.353812342814779,13.420538634779321,13.171494764686637,13.20250129699707,258808932,0.0,0.0
2008-02-15 00:00:00-05:00,13.104769461423096,13.21267174048053,13.006045025211893,13.137760162353516,209394396,0.0,0.0
2008-02-19 00:00:00-05:00,13.26922586665165,13.272202591889538,12.56376939874671,12.624542236328125,253761984,0.0,0.0
2008-02-20 00:00:00-05:00,12.48960227355545,12.67564050464831,12.373266107998848,12.625782012939453,266221512,0.0,0.0
2008-02-21 00:00:00-05:00,12.721280993169438,12.73021116849029,12.390133795434883,12.473478317260742,226884888,0.0,0.0
2008-02-22 00:00:00-05:00,12.453634136840057,12.625781289210686,12.341763538040968,12.596015930175781,220415364,0.0,0.0
2008-02-25 00:00:00-05:00,12.55012633672436,12.56376879355632,12.048816148635654,12.066179275512695,334577088,0.0,0.0
2008-02-26 00:00:00-05:00,11.440100286094602,11.57082191024634,11.084146722413033,11.514266967773438,930560508,0.0,0.0
2008-02-27 00:00:00-05:00,11.413558011672341,11.794563697555223,11.401404390082796,11.729326248168945,404471124,0.0,0.0
2008-02-28 00:00:00-05:00,11.67078574265872,11.88386120938619,11.592898396298539,11.792083740234375,263212524,0.0,0.0
2008-02-29 00:00:00-05:00,11.704769946459054,11.899985063479969,11.52567678699428,11.687653541564941,376638984,0.0,0.0
2008-03-03 00:00:00-05:00,11.695839939244996,11.725853910614354,11.165011126846512,11.336414337158203,301877820,0.0,0.0
2008-03-04 00:00:00-05:00,11.18584868712848,11.245628025673977,10.80955524361824,11.028336524963379,544323132,0.0,0.0
2008-03-05 00:00:00-05:00,11.044458449757023,11.265720158406959,11.013451920406768,11.105231285095215,297166536,0.0,0.0
2008-03-06 00:00:00-05:00,11.104984101827652,11.244141529325981,10.695452274808043,10.733156204223633,298505196,0.0,0.0
2008-03-07 00:00:00-05:00,10.638399081245444,10.914231547632415,10.572913967984954,10.74927806854248,322549128,0.0,0.0
2008-03-10 00:00:00-04:00,10.637159405633987,10.690987183732329,10.245487949098697,10.259875297546387,319184496,0.0,0.0
2008-03-11 00:00:00-04:00,10.548606526506852,10.917953968020374,10.533475232735286,10.910264015197754,352722924,0.0,0.0
2008-03-12 00:00:00-04:00,10.914481370147637,11.109697470490287,10.866360318770768,10.918699264526367,265809924,0.0,0.0
2008-03-13 00:00:00-04:00,10.73241116814001,11.087372178820665,10.635919519246153,10.988895416259766,308754936,0.0,0.0
2008-03-14 00:00:00-04:00,10.988152495920895,11.145913274920824,10.681561114378795,10.862638473510742,262713024,0.0,0.0
2008-03-17 00:00:00-04:00,10.616322753123224,10.758209226283189,10.222418535530513,10.41490650177002,315212472,0.0,0.0
2008-03-18 00:00:00-04:00,10.640879533388814,10.935067682777406,10.555302235567542,10.89339542388916,289198512,0.0,0.0
2008-03-19 00:00:00-04:00,10.941766666431008,11.10027138561471,10.707607370078987,10.715792655944824,246912840,0.0,0.0
2008-03-20 00:00:00-04:00,10.599703666229786,10.807569629810342,10.3561179480115,10.754239082336426,396139464,0.0,0.0
2008-03-24 00:00:00-04:00,10.87528891135207,11.553707216556115,10.857677170976812,11.424225807189941,270269460,0.0,0.0
2008-03-25 00:00:00-04:00,11.34732947194134,11.347577138504512,11.06306308436868,11.181631088256836,233030736,0.0,0.0
2008-03-26 00:00:00-04:00,11.226527751835892,11.481524111138903,11.144671116762883,11.365436553955078,208818972,0.0,0.0
2008-03-27 00:00:00-04:00,11.063061880224286,11.127802101849396,10.926385873334098,11.015436172485352,233054712,0.0,0.0
2008-03-28 00:00:00-04:00,11.099278103438309,11.250837750325907,10.773091788916334,10.866606712341309,174872952,0.0,0.0
2008-03-31 00:00:00-04:00,10.806083636957464,10.980958935049195,10.716040762276767,10.925891876220703,177678144,0.0,0.0
2008-04-01 00:00:00-04:00,11.106225452506528,11.571568290922546,11.084644428521843,11.551971435546875,243480276,0.0,0.0
2008-04-02 00:00:00-04:00,11.655903166490079,11.800764462670978,11.420006454684492,11.551721572875977,239720040,0.0,0.0
2008-04-03 00:00:00-04:00,11.453246587371499,11.491943069784897,11.11589731611107,11.289284706115723,270864864,0.0,0.0
2008-04-04 00:00:00-04:00,11.336165804552095,11.852607230821638,11.316072675936084,11.685420036315918,235652112,0.0,0.0
2008-04-07 00:00:00-04:00,11.832762299923122,12.041372186411015,11.74594384175141,11.827552795410156,237502260,0.0,0.0
2008-04-08 00:00:00-04:00,11.733793047912124,11.761077964348065,11.460193321480588,11.6040620803833,181698120,0.0,0.0
2008-04-09 00:00:00-04:00,11.636804251951745,11.7079951537465,11.349313476740456,11.514266967773438,241682076,0.0,0.0
2008-04-10 00:00:00-04:00,11.533367365612005,11.754131850766472,11.456223014645918,11.635563850402832,202693104,0.0,0.0
2008-04-11 00:00:00-04:00,11.511289770033695,11.590418287286093,11.286556008725514,11.34708023071289,166621212,0.0,0.0
2008-04-14 00:00:00-04:00,11.339886183862404,11.347079857065228,11.16600253016466,11.203458786010742,153550296,0.0,0.0
2008-04-15 00:00:00-04:00,11.36394698853324,11.40338741029008,11.006505582160965,11.083897590637207,182920896,0.0,0.0
2008-04-16 00:00:00-04:00,11.023374249369507,11.367667615435305,10.939036227940024,11.287052154541016,304922772,0.0,0.0
2008-04-17 00:00:00-04:00,11.301933675363015,11.394704638659098,11.07595971655055,11.150871276855469,533585880,0.0,0.0
2008-04-18 00:00:00-04:00,13.275923414300225,13.585738198297996,13.01695778699686,13.380104064941406,728694576,0.0,0.0
2008-04-21 00:00:00-04:00,13.37960718045362,13.458983360818866,13.153881817428292,13.339919090270996,297290412,0.0,0.0
2008-04-22 00:00:00-04:00,13.334464056744896,13.911429778460569,13.334214499599597,13.766816139221191,317222460,0.0,0.0
2008-04-23 00:00:00-04:00,13.83974287644336,13.87372613232992,13.418304184130438,13.55572509765625,196663140,0.0,0.0
2008-04-24 00:00:00-04:00,13.674787744429068,13.75416392399047,13.395234614334356,13.470146179199219,165238596,0.0,0.0
2008-04-25 00:00:00-04:00,13.6184797666386,13.717204187097908,13.462456463146863,13.495447158813477,166409424,0.0,0.0
2008-04-28 00:00:00-04:00,13.540593314144768,13.811712570545849,13.369934041198828,13.695377349853516,160183656,0.0,0.0
2008-04-29 00:00:00-04:00,13.66337971755787,13.975178690181005,13.643038919201967,13.852890014648438,173666160,0.0,0.0
2008-04-30 00:00:00-04:00,13.945658792720124,14.507494128444785,13.852888766232944,14.245305061340332,315803880,0.0,0.0
2008-05-01 00:00:00-04:00,14.345021726071773,14.757281612179076,14.311783361966322,14.711392402648926,263847888,0.0,0.0
2008-05-02 00:00:00-04:00,14.845586789739349,14.943814929606118,14.36957738133972,14.418939590454102,279672048,0.0,0.0
2008-05-05 00:00:00-04:00,14.854765583605472,14.85823858707006,14.56380181512136,14.756537437438965,250988760,0.0,0.0
2008-05-06 00:00:00-04:00,14.659799433647935,14.68460390262912,14.461358955337142,14.544703483581543,184986828,0.0,0.0
2008-05-07 00:00:00-04:00,14.641689976493977,14.87039207355001,14.298387273777015,14.362135887145996,264255480,0.0,0.0
2008-05-08 00:00:00-04:00,14.540735506077416,14.617630307112028,14.359905818156633,14.461606979370117,204711084,0.0,0.0
2008-05-09 00:00:00-04:00,14.362136185618143,14.510967714436687,14.17113800809047,14.218267440795898,179216604,0.0,0.0
2008-05-12 00:00:00-04:00,14.256715942288173,14.554376177249345,14.11185463424235,14.509479522705078,194361444,0.0,0.0
2008-05-13 00:00:00-04:00,14.541477256513675,14.584142074901154,14.350974408993146,14.461358070373535,206333460,0.0,0.0
2008-05-14 00:00:00-04:00,14.547928664447198,14.664513456150393,14.269120368107995,14.295165061950684,174856968,0.0,0.0
2008-05-15 00:00:00-04:00,14.362137112909446,14.460117599997542,14.278049586031418,14.411748886108398,173534292,0.0,0.0
2008-05-16 00:00:00-04:00,14.422412238243728,14.503029589247582,14.34526883591592,14.388677597045898,170793036,0.0,0.0
2008-05-19 00:00:00-04:00,14.350975461278916,14.607213002242364,14.22620633397177,14.32542610168457,223955820,0.0,0.0
2008-05-20 00:00:00-04:00,14.253738049388577,14.448458780243591,14.211073233298425,14.352213859558105,132411456,0.0,0.0
2008-05-21 00:00:00-04:00,14.350229149819327,14.421916322924298,13.590450609507064,13.64254093170166,258465276,0.0,0.0
2008-05-22 00:00:00-04:00,13.691159921551764,13.747218583031188,13.400940101091303,13.62939453125,202848948,0.0,0.0
2008-05-23 00:00:00-04:00,13.567383110569928,13.717205309890284,13.340416558727158,13.509339332580566,177082740,0.0,0.0
2008-05-27 00:00:00-04:00,13.517772078849283,13.955332684086034,13.490238554794162,13.913165092468262,154465380,0.0,0.0
2008-05-28 00:00:00-04:00,14.087793522391578,14.175851271263113,13.918126807983647,14.095233917236328,161853984,0.0,0.0
2008-05-29 00:00:00-04:00,14.257708098863706,14.532796638193734,14.218267672188013,14.461358070373535,193606200,0.0,0.0
2008-05-30 00:00:00-04:00,14.473014258420973,14.633007787247326,14.419187433972187,14.530811309814453,128878992,0.0,0.0
2008-06-02 00:00:00-04:00,14.448955762264815,14.483435297526118,14.170395147874927,14.262917518615723,146821032,0.0,0.0
2008-06-03 00:00:00-04:00,14.30012431482232,14.3993450206174,13.905971495532288,14.071918487548828,172039788,0.0,0.0
2008-06-04 00:00:00-04:00,14.0230513537191,14.33733170240611,14.003704058492849,14.19395923614502,134393472,0.0,0.0
2008-06-05 00:00:00-04:00,14.314512669477898,14.586377799651308,14.29293353606089,14.54321575164795,156511332,0.0,0.0
2008-06-06 00:00:00-04:00,14.380740531640182,14.404801999123007,14.064476013183594,14.064476013183594,189190620,0.0,0.0
2008-06-09 00:00:00-04:00,14.090769568891833,14.138890610910089,13.528686569685426,13.838005065917969,211320468,0.0,0.0
2008-06-10 00:00:00-04:00,13.631875267873681,13.861568965023558,13.562916207483276,13.74622631072998,146149704,0.0,0.0
2008-06-11 00:00:00-04:00,13.79757480595711,13.824859721990066,13.505370786433568,13.523727416992188,152363484,0.0,0.0
2008-06-12 00:00:00-04:00,13.612032289261796,13.841231624543736,13.565399132965897,13.71596622467041,219444336,0.0,0.0
2008-06-13 00:00:00-04:00,13.927800154424784,14.280280711388375,13.924080429602718,14.176346778869629,247128624,0.0,0.0
2008-06-16 00:00:00-04:00,14.052072842924566,14.364616670475561,14.052072842924566,14.208593368530273,141570288,0.0,0.0
2008-06-17 00:00:00-04:00,14.296402841260027,14.339067657277903,14.098707276330476,14.125495910644531,138377484,0.0,0.0
2008-06-18 00:00:00-04:00,14.002711054602551,14.113837710174332,13.870004324343823,13.94987678527832,135112752,0.0,0.0
2008-06-19 00:00:00-04:00,13.7754970453464,13.984604181403451,13.6628815530297,13.895801544189453,227096676,0.0,0.0
2008-06-20 00:00:00-04:00,13.815929200191052,13.815929200191052,13.506609747761626,13.554235458374023,239084676,0.0,0.0
2008-06-23 00:00:00-04:00,13.527695088825334,13.720926998354626,13.44484589733359,13.523974418640137,145290564,0.0,0.0
2008-06-24 00:00:00-04:00,13.52223680771998,13.67230760738289,13.273193920547264,13.451789855957031,186717096,0.0,0.0
2008-06-25 00:00:00-04:00,13.518021325830059,13.83627003070223,13.485774571413069,13.667595863342285,164723112,0.0,0.0
2008-06-26 00:00:00-04:00,13.49643982761551,13.517028292025568,13.103528173781486,13.117419242858887,226153620,0.0,0.0
2008-06-27 00:00:00-04:00,13.089139890798563,13.146687386059119,12.77684372454425,13.098814010620117,217682100,0.0,0.0
2008-06-30 00:00:00-04:00,13.207956928486448,13.34512827627027,12.974541603008037,13.057886123657227,150461388,0.0,0.0
2008-07-01 00:00:00-04:00,12.888221837177351,13.313379331335893,12.824223658871174,13.264018058776855,198197604,0.0,0.0
2008-07-02 00:00:00-04:00,13.308170207035786,13.404165579843589,13.048957839268668,13.07326602935791,168751080,0.0,0.0
2008-07-03 00:00:00-04:00,13.168516636000355,13.37563866167151,13.084675836111478,13.320323944091797,95923980,0.0,0.0
2008-07-07 00:00:00-04:00,13.451790163496948,13.617984815065048,13.285596457221013,13.49172592163086,170037792,0.0,0.0
2008-07-08 00:00:00-04:00,13.543322202613805,13.771529932575577,13.394740220536795,13.755157470703125,197098704,0.0,0.0
2008-07-09 00:00:00-04:00,13.661641925646446,13.783682931532962,13.412847632190863,13.433187484741211,165993840,0.0,0.0
2008-07-10 00:00:00-04:00,13.51876571012325,13.630387705038537,13.164548648516298,13.408878326416016,173094732,0.0,0.0
2008-07-11 00:00:00-04:00,13.30792071611629,13.382336002053522,12.884497909286013,13.240946769714355,199056744,0.0,0.0
2008-07-14 00:00:00-04:00,13.369932646084742,13.396225945934452,12.78577332096427,12.938820838928223,176815008,0.0,0.0
2008-07-15 00:00:00-04:00,12.806363274277516,13.08467620770287,12.429822191096612,12.801650047302246,242597160,0.0,0.0
2008-07-16 00:00:00-04:00,12.750799679533756,13.307921813272753,12.665470043792999,13.28559684753418,189498312,0.0,0.0
2008-07-17 00:00:00-04:00,13.24987596731591,13.321563140035408,13.010259541217106,13.232016563415527,351144504,0.0,0.0
2008-07-18 00:00:00-04:00,12.36160878686725,12.377236358713265,11.861538776594314,11.939178466796875,451244304,0.0,0.0
2008-07-21 00:00:00-04:00,11.928264575321233,12.007888437027944,11.551723454307606,11.628620147705078,235823940,0.0,0.0
2008-07-22 00:00:00-04:00,11.577023803155653,11.912635618814612,11.549242610736874,11.834748268127441,187472340,0.0,0.0
2008-07-23 00:00:00-04:00,11.946371213486895,12.333826634692068,11.859305075504459,12.135137557983398,195568236,0.0,0.0
2008-07-24 00:00:00-04:00,12.320680846052838,12.32489779500928,11.797789573669434,11.797789573669434,141494364,0.0,0.0
2008-07-25 00:00:00-04:00,12.067420192718156,12.23212696742856,11.94364362673362,12.203600883483887,127212660,0.0,0.0
2008-07-28 00:00:00-04:00,12.206327774810633,12.206327774810633,11.785633067587591,11.834996223449707,126273600,0.0,0.0
2008-07-29 00:00:00-04:00,11.889071205175462,12.08652005558987,11.856824452871765,11.9835786819458,111999888,0.0,0.0
2008-07-30 00:00:00-04:00,12.042863107871545,12.05576256548366,11.728086470901825,11.973409652709961,139488372,0.0,0.0
2008-07-31 00:00:00-04:00,11.771496949683364,11.928511888006373,11.694104925412475,11.751404762268066,114489396,0.0,0.0
2008-08-01 00:00:00-04:00,11.72064641683797,11.738257211378878,11.472346502610378,11.605301856994629,120195684,0.0,0.0
2008-08-04 00:00:00-04:00,11.611748806401701,11.733044897189654,11.457461078837428,11.484746932983398,99380520,0.0,0.0
2008-08-05 00:00:00-04:00,11.598604753233339,11.908420513448814,11.567350554921218,11.902714729309082,143236620,0.0,0.0
2008-08-06 00:00:00-04:00,11.866003198644762,12.148781705548268,11.720646553590724,12.063700675964355,134896968,0.0,0.0
2008-08-07 00:00:00-04:00,11.956044926303752,12.005654804504733,11.817383799538083,11.88460636138916,110841048,0.0,0.0
2008-08-08 00:00:00-04:00,11.910154636177111,12.297112785344885,11.799523322788176,12.27875804901123,149422428,0.0,0.0
2008-08-11 00:00:00-04:00,12.215754907926394,12.62280626775903,12.198639446054651,12.42337417602539,169402428,0.0,0.0
2008-08-12 00:00:00-04:00,12.452146235518065,12.554591326253357,12.352925536283484,12.467277526855469,110117772,0.0,0.0
2008-08-13 00:00:00-04:00,12.442223438677914,12.49034447661529,12.25072711713791,12.403278350830078,144874980,0.0,0.0
2008-08-14 00:00:00-04:00,12.345484419269276,12.591302919102306,12.310509554629224,12.538716316223145,116627256,0.0,0.0
2008-08-15 00:00:00-04:00,12.57592279556256,12.666957264885632,12.538963763324794,12.65430736541748,141686172,0.0,0.0
2008-08-18 00:00:00-04:00,12.646617350971333,12.650586632663364,12.291161038494277,12.360366821289062,133222644,0.0,0.0
2008-08-19 00:00:00-04:00,12.16515173520087,12.359871533241284,12.07089286729141,12.166888236999512,121738140,0.0,0.0
2008-08-20 00:00:00-04:00,12.271564689956234,12.3204315690886,11.970183801947371,12.030460357666016,159124716,0.0,0.0
2008-08-21 00:00:00-04:00,11.97886429035392,12.152003990106149,11.888326104271428,12.06840991973877,140423436,0.0,0.0
2008-08-22 00:00:00-04:00,12.19169342094802,12.275534221782626,12.141587262750202,12.169120788574219,91796112,0.0,0.0
2008-08-25 00:00:00-04:00,12.0579929445047,12.328119616215462,11.943641903945563,11.981096267700195,80491428,0.0,0.0
2008-08-26 00:00:00-04:00,11.992259048791249,11.992259048791249,11.673017864999327,11.761570930480957,132195672,0.0,0.0
2008-08-27 00:00:00-04:00,11.750905218137,11.778191072221503,11.530388441591743,11.62315845489502,175308516,0.0,0.0
2008-08-28 00:00:00-04:00,11.720147628959017,11.818375768996635,11.666568471612656,11.752145767211914,121066812,0.0,0.0
2008-08-29 00:00:00-04:00,11.652182662217342,11.683436857158235,11.468129550703981,11.491942405700684,153774072,0.0,0.0
2008-09-02 00:00:00-04:00,11.826314029664742,11.960510542151466,11.44555601489626,11.540559768676758,244215540,0.0,0.0
2008-09-03 00:00:00-04:00,11.62688221508725,11.76479751001088,11.399915669224391,11.519723892211914,172411416,0.0,0.0
2008-09-04 00:00:00-04:00,11.410333238530166,11.490701977193503,11.147399281485406,11.168731689453125,193746060,0.0,0.0
2008-09-05 00:00:00-04:00,11.050412183897363,11.223303295273892,10.916216609594697,11.0196533203125,181190628,0.0,0.0
2008-09-08 00:00:00-04:00,11.21238943696362,11.235209735539598,10.35735753328324,10.416890144348145,360355284,0.0,0.0
2008-09-09 00:00:00-04:00,10.496762108017933,10.725216530631661,10.294103762543456,10.384891510009766,288894816,0.0,0.0
2008-09-10 00:00:00-04:00,10.529008028939383,10.529257586066413,10.162141091656373,10.27326774597168,248822928,0.0,0.0
2008-09-11 00:00:00-04:00,10.129151524666854,10.792438459235312,10.080285591490505,10.759200096130371,258597144,0.0,0.0
2008-09-12 00:00:00-04:00,10.671389814342486,10.963593796388391,10.641375843380418,10.856186866760254,240878880,0.0,0.0
2008-09-15 00:00:00-04:00,10.5173512179885,10.963098081087146,10.51015659908752,10.76192855834961,262433304,0.0,0.0
2008-09-16 00:00:00-04:00,10.565968456752339,11.144421998960922,10.554309223947332,10.986909866333008,279348372,0.0,0.0
2008-09-17 00:00:00-04:00,10.87652880628886,10.892899377412588,10.25540941109413,10.281455993652344,364710924,0.0,0.0
2008-09-18 00:00:00-04:00,10.48361559379149,10.893890328833708,10.182481449561584,10.891410827636719,343232424,0.0,0.0
2008-09-19 00:00:00-04:00,11.435140600641725,11.461680627595957,10.995593854904673,11.141200065612793,399839760,0.0,0.0
2008-09-22 00:00:00-04:00,11.264729572399533,11.264729572399533,10.641377372839282,10.669654846191406,176115708,0.0,0.0
2008-09-23 00:00:00-04:00,10.746796663528428,10.933827440407766,10.560015443774743,10.648072242736816,207959832,0.0,0.0
2008-09-24 00:00:00-04:00,10.674613156596608,11.038255666329913,10.668908319049713,10.79293441772461,169510320,0.0,0.0
2008-09-25 00:00:00-04:00,10.885458264412813,11.162282354067198,10.814515031287876,10.90431022644043,200611188,0.0,0.0
2008-09-26 00:00:00-04:00,10.616571555130601,10.843786726098458,10.443680439017573,10.69197940826416,211488300,0.0,0.0
2008-09-29 00:00:00-04:00,10.405976533706312,10.505196298746325,9.443539519181597,9.45073413848877,430085484,0.0,0.0
2008-09-30 00:00:00-04:00,9.822313381876487,10.544142392749832,9.731527505683752,9.934928894042969,123328548,0.0,0.0
2008-10-01 00:00:00-04:00,10.198605976530812,10.343219621994203,9.998926221178223,10.21274471282959,249142608,0.0,0.0
2008-10-02 00:00:00-04:00,10.164869958526978,10.169583185087266,9.574758112271118,9.686132431030273,239156604,0.0,0.0
2008-10-03 00:00:00-04:00,9.85629473684929,10.232090870912243,9.502077730050894,9.597329139709473,319396284,0.0,0.0
2008-10-06 00:00:00-04:00,9.276601930893577,9.326459480399855,8.859380178045107,9.207892417907715,448375176,0.0,0.0
2008-10-07 00:00:00-04:00,9.260479018126956,9.301407336938945,8.56692848804749,8.582803726196289,441733824,0.0,0.0
2008-10-08 00:00:00-04:00,8.189643428265342,8.904774033990257,8.089182493927472,8.38684368133545,472582944,0.0,0.0
2008-10-09 00:00:00-04:00,8.545842979447302,8.646302948567982,7.979046801409495,8.160371780395508,322677000,0.0,0.0
2008-10-10 00:00:00-04:00,7.767956893991521,8.480607037500631,7.697014129763203,8.235283851623535,423488088,0.0,0.0
2008-10-13 00:00:00-04:00,8.825396551097109,9.47429610529133,8.576352726093033,9.451228141784668,355863780,0.0,0.0
2008-10-14 00:00:00-04:00,9.761539189407348,9.785599709647402,8.855410525339934,8.997047424316406,311080608,0.0,0.0
2008-10-15 00:00:00-04:00,8.797116905077182,8.905019149126026,8.404700679812704,8.413134574890137,268587144,0.0,0.0
2008-10-16 00:00:00-04:00,8.254135784021289,8.843008414924578,7.67568216408322,8.75668716430664,648938412,0.0,0.0
2008-10-17 00:00:00-04:00,9.400130575569714,9.574759135878255,9.017884646672403,9.24088191986084,569398032,0.0,0.0
2008-10-20 00:00:00-04:00,9.419725246997112,9.45023549504238,8.919655324185255,9.409058570861816,269865864,0.0,0.0
2008-10-21 00:00:00-04:00,9.237163290618817,9.519693240362061,8.979438759792174,8.998043060302734,231048720,0.0,0.0
2008-10-22 00:00:00-04:00,8.855164106858064,9.170188420818132,8.532946118877915,8.822421073913574,262137600,0.0,0.0
2008-10-23 00:00:00-04:00,8.77231336799444,8.880215635043141,8.383866340969748,8.739323616027832,258896844,0.0,0.0
2008-10-24 00:00:00-04:00,8.098112807214475,8.693435192128238,8.055200319305209,8.41611385345459,294065640,0.0,0.0
2008-10-27 00:00:00-04:00,8.304985997586188,8.508139675681091,8.076530630197167,8.173022270202637,247779972,0.0,0.0
2008-10-28 00:00:00-04:00,8.41015908017969,9.160760727153598,8.14871396630227,9.146869659423828,323891784,0.0,0.0
2008-10-29 00:00:00-04:00,9.07344754705974,9.202681277699153,8.740562903721726,8.880215644836426,389873736,0.0,0.0
2008-10-30 00:00:00-04:00,9.139676360780873,9.227485485781694,8.889392326618879,8.922135353088379,319236444,0.0,0.0
2008-10-31 00:00:00-04:00,8.83457662838238,9.226495784165783,8.78769485402323,8.913952827453613,296635068,0.0,0.0
2008-11-03 00:00:00-05:00,8.869796965819878,9.003992525857184,8.46919539916141,8.594709396362305,237941820,0.0,0.0
2008-11-04 00:00:00-05:00,8.767104725515683,9.236416768093427,8.570152155319287,9.101973533630371,293702004,0.0,0.0
2008-11-05 00:00:00-05:00,8.983158196430045,9.150095873092454,8.466220370217997,8.489289283752441,277582140,0.0,0.0
2008-11-06 00:00:00-05:00,8.432981432243313,8.543363207829907,8.081741082914208,8.215936660766602,342649008,0.0,0.0
2008-11-07 00:00:00-05:00,8.263065665898651,8.462250075301396,8.069833761460073,8.21395206451416,187064748,0.0,0.0
2008-11-10 00:00:00-05:00,8.136064579032068,8.17178339354355,7.676426128054046,7.9073615074157715,322880796,0.0,0.0
2008-11-11 00:00:00-05:00,7.657079075623891,7.84584497191686,7.454422108668947,7.725788593292236,405458136,0.0,0.0
2008-11-12 00:00:00-05:00,7.4923719904496435,7.75133666954572,7.1379072798333025,7.218275547027588,401641956,0.0,0.0
2008-11-13 00:00:00-05:00,7.237376427983993,7.763987844435449,6.945420567291171,7.7411675453186035,528858612,0.0,0.0
2008-11-14 00:00:00-05:00,7.522139437985358,8.061401759014055,7.505023975452094,7.690069198608398,380303316,0.0,0.0
2008-11-17 00:00:00-05:00,7.515937103011078,7.69354142899459,7.3906707677810095,7.444498538970947,301450248,0.0,0.0
2008-11-18 00:00:00-05:00,7.48046623766878,7.534045402394778,7.078128114377081,7.377525329589844,333510156,0.0,0.0
2008-11-19 00:00:00-05:00,7.327169402208109,7.4462336687873645,6.910195857358157,6.94988489151001,313070616,0.0,0.0
2008-11-20 00:00:00-05:00,6.818666809089226,7.018348457721018,6.425506047058403,6.438404560089111,390784824,0.0,0.0
2008-11-21 00:00:00-05:00,6.511579085605772,6.681742550802997,6.134295011721317,6.509594917297363,409370220,0.0,0.0
2008-11-24 00:00:00-05:00,6.679013612762732,6.696130018769692,6.176710856417909,6.385817527770996,401785812,0.0,0.0
2008-11-25 00:00:00-05:00,6.6646271759960225,7.110622654370797,6.630892533151044,6.996270656585693,430417152,0.0,0.0
2008-11-26 00:00:00-05:00,6.952365700721412,7.328907257072734,6.851161298291521,7.245314121246338,254009736,0.0,0.0
2008-11-28 00:00:00-05:00,7.207858473163701,7.353464671637502,7.15080630575355,7.2668938636779785,102517380,0.0,0.0
2008-12-01 00:00:00-05:00,7.111117963218371,7.128482035634231,6.597653200905843,6.597900867462158,228219552,0.0,0.0
2008-12-02 00:00:00-05:00,6.6906717672362745,6.890351966578198,6.5133155866489645,6.824123382568359,233354412,0.0,0.0
2008-12-03 00:00:00-05:00,6.693649282642244,6.979155423340534,6.581778200598902,6.931282043457031,235955808,0.0,0.0
2008-12-04 00:00:00-05:00,6.859345818154932,7.03198924249744,6.666858821858538,6.805022716522217,195268536,0.0,0.0
2008-12-05 00:00:00-05:00,6.7226704222664,7.0505937025517325,6.549035370772155,7.0443925857543945,260587152,0.0,0.0
2008-12-08 00:00:00-05:00,7.193222833539723,7.675681513954261,6.995030045390972,7.493859767913818,325446228,0.0,0.0
2008-12-09 00:00:00-05:00,7.384221732835167,7.888012806501305,7.367354412840306,7.5896077156066895,275320404,0.0,0.0
2008-12-10 00:00:00-05:00,7.670721177200008,7.81111739551407,7.553392452261713,7.660302639007568,209270520,0.0,0.0
2008-12-11 00:00:00-05:00,7.544959530051749,7.761011739322466,7.386950626490552,7.44697904586792,246920832,0.0,0.0
2008-12-12 00:00:00-05:00,7.335107594776491,7.850061651538406,7.292690916943382,7.832449913024902,228655116,0.0,0.0
2008-12-15 00:00:00-05:00,7.789040736151509,7.900167394490792,7.568275309367513,7.706192493438721,269246484,0.0,0.0
2008-12-16 00:00:00-05:00,7.8016930525595,8.173272827368095,7.721076629487039,8.068594932556152,282101616,0.0,0.0
2008-12-17 00:00:00-05:00,7.903889023631924,7.990457941701442,7.74960078740952,7.819551467895508,231356412,0.0,0.0
2008-12-18 00:00:00-05:00,7.855767093453192,7.946305772446283,7.6674965336754,7.696518898010254,190349460,0.0,0.0
2008-12-19 00:00:00-05:00,7.714130279732958,7.882804439201994,7.66476759355756,7.693789482116699,224279496,0.0,0.0
2008-12-22 00:00:00-05:00,7.653853114541963,7.677169217514181,7.209097894987797,7.3698344230651855,156547296,0.0,0.0
2008-12-23 00:00:00-05:00,7.452188179301769,7.5236267494190185,7.358920920881189,7.39240837097168,150956892,0.0,0.0
2008-12-24 00:00:00-05:00,7.478234313178901,7.598786014431448,7.401338098090193,7.5146965980529785,76783140,0.0,0.0
2008-12-26 00:00:00-05:00,7.542477941153352,7.57199658062398,7.399601279222714,7.4504523277282715,78285636,0.0,0.0
2008-12-29 00:00:00-05:00,7.446979259715031,7.475753010510632,7.232663546103288,7.377525329589844,147927924,0.0,0.0
2008-12-30 00:00:00-05:00,7.461365952188469,7.610444198657523,7.409522821234507,7.518664836883545,153586260,0.0,0.0
2008-12-31 00:00:00-05:00,7.54570406542984,7.714378231126806,7.506263637403127,7.631280899047852,115356528,0.0,0.0
2009-01-02 00:00:00-05:00,7.654844981609658,7.982767756653907,7.577948777735535,7.970365524291992,144275580,0.0,0.0
2009-01-05 00:00:00-05:00,7.962428090836538,8.216431865357684,7.813597517880024,8.137303352355957,195364440,0.0,0.0
2009-01-06 00:00:00-05:00,8.259594046560231,8.453569906265358,8.096128439424975,8.286383628845215,256750992,0.0,0.0
2009-01-07 00:00:00-05:00,8.144001659152613,8.208246554878682,7.906617511499186,7.987481117248535,179600220,0.0,0.0
2009-01-08 00:00:00-05:00,7.894958216143336,8.066361427307129,7.871641166964955,8.066361427307129,143883972,0.0,0.0
2009-01-09 00:00:00-05:00,8.123661704507732,8.123661704507732,7.773910201386773,7.815334796905518,173446380,0.0,0.0
2009-01-12 00:00:00-05:00,7.846092786189931,7.911577901148413,7.6952780377839956,7.756298065185547,132039828,0.0,0.0
2009-01-13 00:00:00-05:00,7.733477711615829,7.952506172643157,7.699247262416564,7.796730995178223,177122700,0.0,0.0
2009-01-14 00:00:00-05:00,7.689573151967593,7.783832020447195,7.385710385611163,7.465583324432373,218497284,0.0,0.0
2009-01-15 00:00:00-05:00,7.381246087612468,7.53032386675956,7.113847029004214,7.416468620300293,237142620,0.0,0.0
2009-01-16 00:00:00-05:00,7.566042501696881,7.646163098521633,7.3348594977036825,7.433335304260254,208767024,0.0,0.0
2009-01-20 00:00:00-05:00,7.420189226271814,7.42911892839913,7.013634204864502,7.013634204864502,201726072,0.0,0.0
2009-01-21 00:00:00-05:00,7.152543319207062,7.528339994535055,7.152543319207062,7.517922401428223,196783020,0.0,0.0
2009-01-22 00:00:00-05:00,7.392903503467402,7.673448743458697,7.321217268729928,7.602754592895508,330349320,0.0,0.0
2009-01-23 00:00:00-05:00,7.6714641956870215,8.234291622268401,7.546198804688137,8.054206848144531,428882688,0.0,0.0
2009-01-26 00:00:00-05:00,8.057929018469968,8.13606499263981,7.951515569266658,8.03361988067627,184243572,0.0,0.0
2009-01-27 00:00:00-05:00,8.097616283496926,8.281670354731835,8.043541786096117,8.22238540649414,196894908,0.0,0.0
2009-01-28 00:00:00-05:00,8.383618831078952,8.73957144589357,8.342194236170915,8.648784637451172,307348344,0.0,0.0
2009-01-29 00:00:00-05:00,8.546340591984602,8.558991439090553,8.436454141063424,8.51607894897461,291060648,0.0,0.0
2009-01-30 00:00:00-05:00,8.550059551068903,8.652008350708217,8.334502719949914,8.397259712219238,186693120,0.0,0.0
2009-02-02 00:00:00-05:00,8.29208699802432,8.557749048213168,8.23528250637394,8.44786262512207,208067724,0.0,0.0
2009-02-03 00:00:00-05:00,8.497473767497478,8.508140444916881,8.280677613704642,8.444887161254883,261997740,0.0,0.0
2009-02-04 00:00:00-05:00,8.435461770787837,8.791911661053295,8.413137746886987,8.50814151763916,272423304,0.0,0.0
2009-02-05 00:00:00-05:00,8.45629736533096,8.815225749101787,8.359308497691279,8.77405071258545,290285424,0.0,0.0
2009-02-06 00:00:00-05:00,8.842014398819327,9.272383193352256,8.816713656443989,9.209626197814941,281242476,0.0,0.0
2009-02-09 00:00:00-05:00,9.209626663830443,9.45073287256542,9.110903190445145,9.395417213439941,198892908,0.0,0.0
2009-02-10 00:00:00-05:00,9.326210742443756,9.363914665071539,8.87748717668258,8.892866134643555,283863852,0.0,0.0
2009-02-11 00:00:00-05:00,8.903780096368191,9.053850890237722,8.756189748989588,8.881207466125488,209054736,0.0,0.0
2009-02-12 00:00:00-05:00,8.760160418570226,9.019621401559906,8.718488154686122,9.005481719970703,221789988,0.0,0.0
2009-02-13 00:00:00-05:00,8.984149764917953,9.003993338907316,8.811506322866347,8.872278213500977,165702132,0.0,0.0
2009-02-17 00:00:00-05:00,8.595204392679408,8.609591738192615,8.426033976096695,8.49970531463623,226988784,0.0,0.0
2009-02-18 00:00:00-05:00,8.613312583712444,8.76561521146437,8.44662261015353,8.758918762207031,240739020,0.0,0.0
2009-02-19 00:00:00-05:00,8.86706889771298,8.924864058264932,8.468699163731841,8.499210357666016,199348452,0.0,0.0
2009-02-20 00:00:00-05:00,8.385354392155792,8.654985728645483,8.309697939197706,8.593716621398926,248435316,0.0,0.0
2009-02-23 00:00:00-05:00,8.607358841230287,8.676812277920353,8.17450964954924,8.18716049194336,208635156,0.0,0.0
2009-02-24 00:00:00-05:00,8.210975709031986,8.672350164118672,8.20775131720305,8.568912506103516,243592164,0.0,0.0
2009-02-25 00:00:00-05:00,8.487057098625307,8.7388281607285,8.406936007390193,8.474407196044922,257306436,0.0,0.0
2009-02-26 00:00:00-05:00,8.581562027258766,8.743538772782312,8.363277067598148,8.363773345947266,223999776,0.0,0.0
2009-02-27 00:00:00-05:00,8.258847643774748,8.528478973811124,8.213206106562945,8.383865356445312,216583200,0.0,0.0
2009-03-02 00:00:00-05:00,8.268276205240927,8.451089121947673,8.086454900172788,8.115228652954102,231308460,0.0,0.0
2009-03-03 00:00:00-05:00,8.187409760627117,8.277204952726626,7.995915312358396,8.073554992675781,260731008,0.0,0.0
2009-03-04 00:00:00-05:00,8.016007046926319,8.160869296994955,7.823023751597162,7.910833835601807,312423264,0.0,0.0
2009-03-05 00:00:00-05:00,7.850309272847419,7.9148023037651605,7.507007515610078,7.581422805786133,260934804,0.0,0.0
2009-03-06 00:00:00-05:00,7.620614395562215,7.694286215854742,7.29889317539594,7.654101371765137,289078632,0.0,0.0
2009-03-09 00:00:00-04:00,7.44102525503221,7.604490840087943,7.179827335680104,7.215547561645508,258593148,0.0,0.0
2009-03-10 00:00:00-04:00,7.398113636574497,7.701974987939059,7.298893400913243,7.644179821014404,268938792,0.0,0.0
2009-03-11 00:00:00-04:00,7.692053566220818,7.937623956555697,7.583159204706044,7.885781764984131,236707056,0.0,0.0
2009-03-12 00:00:00-04:00,7.876603124572896,8.061649289906851,7.780111941185732,8.025185585021973,200763036,0.0,0.0
2009-03-13 00:00:00-04:00,8.08893349497764,8.122669079396374,7.913561959533015,8.047261238098145,156099744,0.0,0.0
2009-03-16 00:00:00-04:00,8.086205449486222,8.178976416828014,7.902647682934394,7.929932594299316,197674128,0.0,0.0
2009-03-17 00:00:00-04:00,7.94208948041851,8.318134307861328,7.915051285612606,8.318134307861328,188311500,0.0,0.0
2009-03-18 00:00:00-04:00,8.304985629011991,8.433724013916422,8.137303100444766,8.262569427490234,200287512,0.0,0.0
2009-03-19 00:00:00-04:00,8.22734709275944,8.334505431614717,8.120685977671258,8.184186935424805,164283552,0.0,0.0
2009-03-20 00:00:00-04:00,8.193115909710285,8.259841249818987,8.094887761939226,8.189642906188965,189326484,0.0,0.0
2009-03-23 00:00:00-04:00,8.273980847636794,8.668133703165775,8.260833722430068,8.647049903869629,170689140,0.0,0.0
2009-03-24 00:00:00-04:00,8.594958803531375,8.777027774601109,8.532946682563464,8.611577987670898,152647200,0.0,0.0
2009-03-25 00:00:00-04:00,8.691698137495774,8.715013769863665,8.340706413337653,8.53468132019043,173278548,0.0,0.0
2009-03-26 00:00:00-04:00,8.759415536837212,8.908991021488282,8.644568199179867,8.763384819030762,239891868,0.0,0.0
2009-03-27 00:00:00-04:00,8.681775610240491,8.73138643719513,8.569408722543796,8.624724388122559,132779088,0.0,0.0
2009-03-30 00:00:00-04:00,8.496977130804598,8.528232271474947,8.335745260548228,8.500450134277344,123640236,0.0,0.0
2009-03-31 00:00:00-04:00,8.655234662474255,8.768841773872255,8.587020484205441,8.63365364074707,146065788,0.0,0.0
2009-04-01 00:00:00-04:00,8.527486695501544,8.811753046707992,8.448855407630333,8.78322696685791,131915952,0.0,0.0
2009-04-02 00:00:00-04:00,9.01193160453855,9.171924212482669,8.937764918019704,8.991840362548828,179340480,0.0,0.0
2009-04-03 00:00:00-04:00,9.041449316947459,9.220541536875928,8.880215556821945,9.172419548034668,151440408,0.0,0.0
2009-04-06 00:00:00-04:00,9.103462203826481,9.173412885566481,8.964553397216532,9.134220123291016,131080788,0.0,0.0
2009-04-07 00:00:00-04:00,8.994318950744324,9.022845032797129,8.813490228863122,8.896339416503906,147056796,0.0,0.0
2009-04-08 00:00:00-04:00,9.01664260705386,9.053850247066707,8.83581296613373,8.979434967041016,110497392,0.0,0.0
2009-04-09 00:00:00-04:00,9.1654766972333,9.285781225709234,9.084859325078593,9.23989200592041,135168696,0.0,0.0
2009-04-13 00:00:00-04:00,9.210867615247395,9.403602276244332,9.185317315073839,9.379044532775879,121881996,0.0,0.0
2009-04-14 00:00:00-04:00,9.350025192422017,9.351265415932238,9.068735505140669,9.150840759277344,137006856,0.0,0.0
2009-04-15 00:00:00-04:00,9.105942629799939,9.452220162127873,9.033015230480125,9.413524627685547,197030772,0.0,0.0
2009-04-16 00:00:00-04:00,9.463133651476305,9.745911157648994,9.451227697834584,9.642722129821777,406996596,0.0,0.0
2009-04-17 00:00:00-04:00,9.575254023660245,9.917564175750204,9.545240051427184,9.729541778564453,428802768,0.0,0.0
2009-04-20 00:00:00-04:00,9.578478957228493,9.690101900874742,9.323979817877424,9.408564567565918,176978844,0.0,0.0
2009-04-21 00:00:00-04:00,9.330925328650073,9.532590203786903,9.329188826720598,9.46239185333252,147668184,0.0,0.0
2009-04-22 00:00:00-04:00,9.469335222255264,9.673977731494737,9.401369664335544,9.521674156188965,139931928,0.0,0.0
2009-04-23 00:00:00-04:00,9.612213720768295,9.667777999360416,9.45346133991153,9.542263984680176,104255640,0.0,0.0
2009-04-24 00:00:00-04:00,9.575998674300205,9.752859074373973,9.43833103648463,9.661328315734863,135280584,0.0,0.0
2009-04-27 00:00:00-04:00,9.53358203919099,9.661327883767807,9.494141612124942,9.573517799377441,91532376,0.0,0.0
2009-04-28 00:00:00-04:00,9.51894453037796,9.650411969003564,9.46412609848937,9.517952919006348,117626256,0.0,0.0
2009-04-29 00:00:00-04:00,9.574013247618199,9.797259109392568,9.570540244323231,9.710441589355469,144255600,0.0,0.0
2009-04-30 00:00:00-04:00,9.816856792800143,10.015049613071703,9.793043934377527,9.822065353393555,174053772,0.0,0.0
2009-05-01 00:00:00-04:00,9.798748915959738,9.86224986655106,9.712426720442016,9.765509605407715,97010892,0.0,0.0
2009-05-04 00:00:00-04:00,9.876637186523437,9.981562742802003,9.79279637531049,9.971144676208496,127991880,0.0,0.0
2009-05-05 00:00:00-04:00,9.921532839695109,10.046053335871509,9.853814002212399,9.996195793151855,95935968,0.0,0.0
2009-05-06 00:00:00-04:00,10.090456288942836,10.127416271859147,9.94683519673014,10.008103370666504,105210684,0.0,0.0
2009-05-07 00:00:00-04:00,10.023729822520808,10.045806175997106,9.735990446509984,9.837939262390137,119872008,0.0,0.0
2009-05-08 00:00:00-04:00,9.992723702524284,10.173304764858596,9.798003904536605,10.103850364685059,154449396,0.0,0.0
2009-05-11 00:00:00-04:00,9.991483402488004,10.21969017542622,9.951795309163629,10.119974136352539,102269628,0.0,0.0
2009-05-12 00:00:00-04:00,10.1703281116393,10.194636298849696,9.80073212156953,9.89747142791748,151480368,0.0,0.0
2009-05-13 00:00:00-04:00,9.775431256124794,9.83248342235197,9.633049452408887,9.662568092346191,113598288,0.0,0.0
2009-05-14 00:00:00-04:00,9.644210974238757,9.728796654179494,9.542262169510058,9.611964225769043,117362520,0.0,0.0
2009-05-15 00:00:00-04:00,9.701263720236186,9.775927626386435,9.651406172574191,9.673978805541992,120227652,0.0,0.0
2009-05-18 00:00:00-04:00,9.79130520976047,9.855302429485999,9.55987407404161,9.843644142150879,133933932,0.0,0.0
2009-05-19 00:00:00-04:00,9.825287993792479,9.96270889265184,9.748393205056427,9.894247055053711,113386500,0.0,0.0
2009-05-20 00:00:00-04:00,9.97387177777786,10.062674419336622,9.798003941757322,9.852078437805176,91268640,0.0,0.0
2009-05-21 00:00:00-04:00,9.830248961715595,9.992475272728528,9.769229408633429,9.835210800170898,108683208,0.0,0.0
2009-05-22 00:00:00-04:00,9.839181141024051,9.888543361462581,9.723589849014553,9.760797500610352,68675256,0.0,0.0
2009-05-26 00:00:00-04:00,9.722349340288652,10.04605426120656,9.673978737631334,10.030179023742676,124055820,0.0,0.0
2009-05-27 00:00:00-04:00,10.061929274822138,10.21621703089564,10.041340810830759,10.059945106506348,121250628,0.0,0.0
2009-05-28 00:00:00-04:00,10.137337393492578,10.210264797637306,10.036380184457256,10.180002212524414,106645248,0.0,0.0
2009-05-29 00:00:00-04:00,10.222418644428283,10.349420547485352,10.18744377683265,10.349420547485352,105822072,0.0,0.0
2009-06-01 00:00:00-04:00,10.386628050414158,10.65625845424955,10.38166715725824,10.580851554870605,132763104,0.0,0.0
2009-06-02 00:00:00-04:00,10.573161960169053,10.665188989076984,10.502468285019035,10.626493453979492,104839056,0.0,0.0
2009-06-03 00:00:00-04:00,10.566959489640187,10.727199726505937,10.517349617470623,10.707107543945312,141170688,0.0,0.0
2009-06-04 00:00:00-04:00,10.797648960708656,10.944991676959026,10.777805384013156,10.921178817749023,145378476,0.0,0.0
2009-06-05 00:00:00-04:00,11.039994257682489,11.096302480132074,10.900836842754321,11.021389961242676,147084768,0.0,0.0
2009-06-08 00:00:00-04:00,10.901829377987154,10.937052857107423,10.768378692534819,10.883722305297852,123824052,0.0,0.0
2009-06-09 00:00:00-04:00,10.879008587697756,10.926635244036568,10.70983815233166,10.805584907531738,130065804,0.0,0.0
2009-06-10 00:00:00-04:00,10.820717609653823,10.861893593866123,10.583580655741157,10.730674743652344,134221644,0.0,0.0
2009-06-11 00:00:00-04:00,10.710086004574011,10.758704273261609,10.625748924628256,10.641376495361328,114493392,0.0,0.0
2009-06-12 00:00:00-04:00,10.5882941417791,10.609130273605057,10.448145112447984,10.538187980651855,116619264,0.0,0.0
2009-06-15 00:00:00-04:00,10.4553385693019,10.4553385693019,10.269300331445734,10.338010787963867,149326524,0.0,0.0
2009-06-16 00:00:00-04:00,10.401013926753862,10.445167575139733,10.304522291038344,10.31890869140625,121866012,0.0,0.0
2009-06-17 00:00:00-04:00,10.323621214223555,10.411183614858357,10.208773904467272,10.29807186126709,139464396,0.0,0.0
2009-06-18 00:00:00-04:00,10.310971616458257,10.38563551637766,10.244493946497734,10.270788192749023,123284592,0.0,0.0
2009-06-19 00:00:00-04:00,10.37373027101918,10.429541268252871,10.28368740706874,10.420363426208496,170193636,0.0,0.0
2009-06-22 00:00:00-04:00,10.342473852286002,10.355868641214736,9.96890954261678,10.104345321655273,164811024,0.0,0.0
2009-06-23 00:00:00-04:00,10.086981089578833,10.145025804201161,9.98528089631198,10.062920570373535,115868016,0.0,0.0
2009-06-24 00:00:00-04:00,10.138826215660108,10.225395131711792,10.084750774317262,10.152467727661133,98213688,0.0,0.0
2009-06-25 00:00:00-04:00,10.095664684863674,10.31643011061204,10.08351011804369,10.31320571899414,121658220,0.0,0.0
2009-06-26 00:00:00-04:00,10.261362655945613,10.62227617369049,10.247223920099163,10.550094604492188,130137732,0.0,0.0
2009-06-29 00:00:00-04:00,10.566961301071231,10.611610288206952,10.47369499008614,10.52082347869873,86685228,0.0,0.0
2009-06-30 00:00:00-04:00,10.517351300200238,10.59697515304539,10.37397788647532,10.45757007598877,103652244,0.0,0.0
2009-07-01 00:00:00-04:00,10.522313498283468,10.576885223930105,10.372242670693696,10.393078804016113,92339568,0.0,0.0
2009-07-02 00:00:00-04:00,10.304274527244424,10.304274527244424,10.09095046256343,10.132622718811035,100603296,0.0,0.0
2009-07-06 00:00:00-04:00,10.083261760252878,10.185953568929996,9.9632049354631,10.160405158996582,90413496,0.0,0.0
2009-07-07 00:00:00-04:00,10.12642221345854,10.149987401251142,9.822311333361228,9.838436126708984,130241628,0.0,0.0
2009-07-08 00:00:00-04:00,9.922027864544436,10.070858433759339,9.873905879667127,9.983792304992676,137510352,0.0,0.0
2009-07-09 00:00:00-04:00,10.073837093060465,10.280463806171124,10.065899473781968,10.179754257202148,130892976,0.0,0.0
2009-07-10 00:00:00-04:00,10.159660982640139,10.352892865481639,10.13783229766802,10.279220581054688,116946936,0.0,0.0
2009-07-13 00:00:00-04:00,10.323127813189398,10.530249843107633,10.298570066975206,10.524792671203613,161666172,0.0,0.0
2009-07-14 00:00:00-04:00,10.510157615397668,10.585070138561257,10.439711598290357,10.534467697143555,115716168,0.0,0.0
2009-07-15 00:00:00-04:00,10.657747934985656,10.88149011052731,10.628726516633016,10.868839263916016,150928920,0.0,0.0
2009-07-16 00:00:00-04:00,10.831879011868713,11.056861385660874,10.767881786253476,10.978724479675293,261917820,0.0,0.0
2009-07-17 00:00:00-04:00,10.740595566779769,10.802111392952114,10.584322719104229,10.672381401062012,273889836,0.0,0.0
2009-07-20 00:00:00-04:00,10.663205030199078,10.73687543184821,10.573162167793885,10.670397758483887,126013860,0.0,0.0
2009-07-21 00:00:00-04:00,10.689496865545157,10.713309719978078,10.560015473939051,10.614089965820312,118609272,0.0,0.0
2009-07-22 00:00:00-04:00,10.61657000271747,10.671141716161255,10.50494707462839,10.608880996704102,103364532,0.0,0.0
2009-07-23 00:00:00-04:00,10.633438408345592,10.944245745198694,10.55455755848156,10.848249435424805,138988872,0.0,0.0
2009-07-24 00:00:00-04:00,10.81029727509816,11.174437031297296,10.790206036518418,11.080921173095703,144930924,0.0,0.0
2009-07-27 00:00:00-04:00,11.06405450299134,11.081666242144028,10.854948303942034,11.033296585083008,100075824,0.0,0.0
2009-07-28 00:00:00-04:00,10.939036152940114,10.983933749173548,10.817491432835288,10.910511016845703,101198700,0.0,0.0
2009-07-29 00:00:00-04:00,10.84552351484307,10.859662251356548,10.713063489925784,10.820965766906738,79400520,0.0,0.0
2009-07-30 00:00:00-04:00,10.978973225003228,11.198746096284879,10.978973225003228,11.054132461547852,127816056,0.0,0.0
2009-07-31 00:00:00-04:00,11.161786717589733,11.229256000104293,10.97450827104145,10.989886283874512,114301584,0.0,0.0
2009-08-03 00:00:00-04:00,11.131029423234622,11.259023890088955,11.103743561240336,11.217103958129883,103508388,0.0,0.0
2009-08-04 00:00:00-04:00,11.146653742524391,11.261501060412774,11.123338112981228,11.254804611206055,95496408,0.0,0.0
2009-08-05 00:00:00-04:00,11.311113467155964,11.333686100278804,11.10969627087405,11.190561294555664,93586320,0.0,0.0
2009-08-06 00:00:00-04:00,11.268944061767307,11.283330463088394,11.12581832173022,11.171212196350098,84351564,0.0,0.0
2009-08-07 00:00:00-04:00,11.30292873975396,11.39594739020874,11.286060944397006,11.338399887084961,101622276,0.0,0.0
2009-08-10 00:00:00-04:00,11.28977875192603,11.370891425607295,11.25629178157211,11.326242446899414,69610320,0.0,0.0
2009-08-11 00:00:00-04:00,11.253317147063978,11.341623509536008,11.221319005722698,11.260015487670898,68431500,0.0,0.0
2009-08-12 00:00:00-04:00,11.296477434395461,11.45374000334868,11.2843219237431,11.37510871887207,93562344,0.0,0.0
2009-08-13 00:00:00-04:00,11.463664997923352,11.527414562023605,11.383296250762161,11.466890335083008,79728192,0.0,0.0
2009-08-14 00:00:00-04:00,11.479291752920076,11.489213539678536,11.333190228908332,11.410333633422852,66936996,0.0,0.0
2009-08-17 00:00:00-04:00,11.19949005846869,11.211644625435673,10.991624087262332,11.035528182983398,104703192,0.0,0.0
2009-08-18 00:00:00-04:00,11.04073763226275,11.105230186012898,10.971778573324338,11.045201301574707,93949956,0.0,0.0
2009-08-19 00:00:00-04:00,10.913984231476519,11.038257067148493,10.878512142642299,11.012707710266113,90109800,0.0,0.0
2009-08-20 00:00:00-04:00,11.211892754655294,11.464408667540122,11.192793125187102,11.420504570007324,159796044,0.0,0.0
2009-08-21 00:00:00-04:00,11.547756016007007,11.561398475661212,11.476069768232856,11.540314674377441,142277580,0.0,0.0
2009-08-24 00:00:00-04:00,11.592650685959637,11.660617196534133,11.519971893671457,11.626882553100586,98037864,0.0,0.0
2009-08-25 00:00:00-04:00,11.636805172049698,11.76628752834911,11.626634772334233,11.692368507385254,93546360,0.0,0.0
2009-08-26 00:00:00-04:00,11.726844942908647,11.732798392637735,11.576526481647923,11.608773231506348,79432488,0.0,0.0
2009-08-27 00:00:00-04:00,11.623162085998965,11.623162085998965,11.428443213072054,11.560653686523438,79876044,0.0,0.0
2009-08-28 00:00:00-04:00,11.640027824795046,11.717171226223025,11.494173973171064,11.528156280517578,70793136,0.0,0.0
2009-08-31 00:00:00-04:00,11.405124276425699,11.45647065791867,11.360722956695474,11.451757431030273,78237684,0.0,0.0
2009-09-01 00:00:00-04:00,11.402397066596924,11.579505135855657,11.271922155637661,11.305160522460938,103692204,0.0,0.0
2009-09-02 00:00:00-04:00,11.306649129095806,11.368909857955618,11.22652804843414,11.236947059631348,72119808,0.0,0.0
2009-09-03 00:00:00-04:00,11.306649274341716,11.366925835539721,11.286308475410348,11.348816871643066,65782152,0.0,0.0
2009-09-04 00:00:00-04:00,11.350056907743111,11.474826966476686,11.305655589253405,11.44257926940918,59908032,0.0,0.0
2009-09-08 00:00:00-04:00,11.51674776192993,11.583720771893923,11.3071443322223,11.376103401184082,106161732,0.0,0.0
2009-09-09 00:00:00-04:00,11.38701764680068,11.565861265446195,11.380566972605743,11.508810043334961,87728184,0.0,0.0
2009-09-10 00:00:00-04:00,11.575288218368012,11.68170166015625,11.459944600474051,11.68170166015625,101282616,0.0,0.0
2009-09-11 00:00:00-04:00,11.668307589137788,11.740241493872098,11.599596185701023,11.711467742919922,76039884,0.0,0.0
2009-09-14 00:00:00-04:00,11.671035977685232,11.82706024923176,11.659625354605282,11.78538703918457,78948972,0.0,0.0
2009-09-15 00:00:00-04:00,11.784394604150341,11.879397416678453,11.725606881529439,11.845414161682129,95828076,0.0,0.0
2009-09-16 00:00:00-04:00,11.901473152502822,12.138857756145683,11.868731067881429,12.112068176269531,103308588,0.0,0.0
2009-09-17 00:00:00-04:00,12.168626036998006,12.33730020353503,12.083791730010075,12.197150230407715,179144676,0.0,0.0
2009-09-18 00:00:00-04:00,12.322415651561625,12.32762515671731,12.184995692752446,12.19070053100586,131208660,0.0,0.0
2009-09-21 00:00:00-04:00,12.09842558233445,12.375250607714886,12.060722604874288,12.328120231628418,84571344,0.0,0.0
2009-09-22 00:00:00-04:00,12.425355917688277,12.451896883617573,12.34821252104483,12.379218101501465,121526352,0.0,0.0
2009-09-23 00:00:00-04:00,12.421884466335268,12.576172224188285,12.345732671578096,12.364336967468262,108059832,0.0,0.0
2009-09-24 00:00:00-04:00,12.414194727318257,12.437512250543667,12.228900436662784,12.322416305541992,101002896,0.0,0.0
2009-09-25 00:00:00-04:00,12.260900053739777,12.400800461893558,12.204095555494696,12.216001510620117,81902016,0.0,0.0
2009-09-28 00:00:00-04:00,12.274540015202268,12.439742093234397,12.23634076265294,12.366071701049805,73498428,0.0,0.0
2009-09-29 00:00:00-04:00,12.390876164967013,12.396333336087213,12.22914803529219,12.366071701049805,83884032,0.0,0.0
2009-09-30 00:00:00-04:00,12.402538170650038,12.40601022919958,12.086025010780174,12.299596786499023,125542332,0.0,0.0
2009-10-01 00:00:00-04:00,12.22889929189411,12.314973812348828,12.08006966261156,12.085030555725098,112415472,0.0,0.0
2009-10-02 00:00:00-04:00,11.999206289030198,12.197646751553238,11.970927873232286,12.020042419433594,103927968,0.0,0.0
2009-10-05 00:00:00-04:00,12.096193941528979,12.214762892543362,11.98928517030079,12.117774963378906,85698216,0.0,0.0
2009-10-06 00:00:00-04:00,12.19665495954439,12.386910148943212,12.19665495954439,12.371282577514648,109182708,0.0,0.0
2009-10-07 00:00:00-04:00,12.377732226873077,12.873586255044016,12.348215474394028,12.837618827819824,194773032,0.0,0.0
2009-10-08 00:00:00-04:00,12.88797176051845,12.979254851670936,12.73343632922258,12.7542724609375,171979848,0.0,0.0
2009-10-09 00:00:00-04:00,12.815539117981622,12.936092215139041,12.762207630210687,12.805617332458496,109414476,0.0,0.0
2009-10-12 00:00:00-04:00,12.983473760641866,13.04151659974781,12.881772595681584,12.998851776123047,132755112,0.0,0.0
2009-10-13 00:00:00-04:00,13.007531832068503,13.08368362180462,12.932868877457379,13.050196647644043,121374504,0.0,0.0
2009-10-14 00:00:00-04:00,13.207709892106378,13.285100966318225,13.146688443302208,13.278651237487793,130205664,0.0,0.0
2009-10-15 00:00:00-04:00,13.239707330119877,13.317843290449646,13.078970794533321,13.144455909729004,243771984,0.0,0.0
2009-10-16 00:00:00-04:00,13.576560213788293,13.760614270139047,13.507105817229814,13.639068603515625,353322324,0.0,0.0
2009-10-19 00:00:00-04:00,13.709516156006643,13.732088788610053,13.611288006933481,13.694632530212402,128587284,0.0,0.0
2009-10-20 00:00:00-04:00,13.683470200295814,13.715965564433946,13.412102336983454,13.685454368591309,161586252,0.0,0.0
2009-10-21 00:00:00-04:00,13.640558674409295,13.874718908490888,13.617986040747484,13.670076370239258,146677176,0.0,0.0
2009-10-22 00:00:00-04:00,13.642791070752157,13.76681624647062,13.593180244230991,13.744242668151855,93366540,0.0,0.0
2009-10-23 00:00:00-04:00,13.77301807874613,13.838503200992593,13.6725571423803,13.734321594238281,95612292,0.0,0.0
2009-10-26 00:00:00-04:00,13.785419288918796,13.931520815976125,13.664866174238636,13.74721908569336,118697184,0.0,0.0
2009-10-27 00:00:00-04:00,13.666852857303445,13.7559031742443,13.497930066477004,13.600375175476074,128531340,0.0,0.0
2009-10-28 00:00:00-04:00,13.589954458236873,13.642790620082337,13.351330568744295,13.402180671691895,102609288,0.0,0.0
2009-10-29 00:00:00-04:00,13.469403554452315,13.68818483605403,13.419546003627623,13.66883659362793,100803096,0.0,0.0
2009-10-30 00:00:00-04:00,13.642790559013735,13.647006562176434,13.251861193106294,13.298495292663574,138601260,0.0,0.0
2009-11-02 00:00:00-05:00,13.322307907029174,13.381344239036727,13.103031317805337,13.245660781860352,127955916,0.0,0.0
2009-11-03 00:00:00-05:00,13.146935513220134,13.332725115318246,13.104519310903356,13.327516555786133,95112792,0.0,0.0
2009-11-04 00:00:00-05:00,13.414584734393904,13.531167628259686,13.305938514304955,13.402926445007324,93214692,0.0,0.0
2009-11-05 00:00:00-05:00,13.481309022481781,13.637084666345123,13.46072055877112,13.60930347442627,73834092,0.0,0.0
2009-11-06 00:00:00-05:00,13.586235564620642,13.686943219873987,13.531167564538194,13.670076370239258,72994932,0.0,0.0
2009-11-09 00:00:00-05:00,13.777978220085481,13.954838613627977,13.747716580186841,13.953102111816406,105890004,0.0,0.0
2009-11-10 00:00:00-05:00,13.958559471200708,14.10863124064541,13.940452397221524,14.058524131774902,89142768,0.0,0.0
2009-11-11 00:00:00-05:00,14.150796373030229,14.225708884050439,14.036197662356255,14.15278148651123,92695212,0.0,0.0
2009-11-12 00:00:00-05:00,14.127976996363417,14.21082618553847,14.027269347032561,14.085559844970703,75376548,0.0,0.0
2009-11-13 00:00:00-05:00,14.121279302512752,14.201151764875245,14.054801630276025,14.189742088317871,66605328,0.0,0.0
2009-11-16 00:00:00-05:00,14.262916769125425,14.312278983167856,14.2078497165808,14.29466724395752,87880032,0.0,0.0
2009-11-17 00:00:00-05:00,14.259691501138231,14.324928948587903,14.23116541979575,14.324681282043457,76591332,0.0,0.0
2009-11-18 00:00:00-05:00,14.30384635925293,14.356680632802938,14.190238302678452,14.30384635925293,61922016,0.0,0.0
2009-11-19 00:00:00-05:00,14.23240671166295,14.238110604571833,14.13889084860529,14.213058471679688,86633280,0.0,0.0
2009-11-20 00:00:00-05:00,14.126488768603592,14.178579093786224,14.124008321942142,14.137898445129395,80167752,0.0,0.0
2009-11-23 00:00:00-05:00,14.299875771461908,14.550655161232742,14.284248201674195,14.445233345031738,101798100,0.0,0.0
2009-11-24 00:00:00-05:00,14.449451885735153,14.493356929671313,14.301117570844353,14.463590621948242,64143792,0.0,0.0
2009-11-25 00:00:00-05:00,14.54594276007478,14.562065663862933,14.45366806182897,14.52932357788086,58389552,0.0,0.0
2009-11-27 00:00:00-05:00,14.188502057843301,14.447963039090338,14.162953644168699,14.380990028381348,55328616,0.0,0.0
2009-11-30 00:00:00-05:00,14.402569402842724,14.477976307340166,14.315255597729148,14.461358070373535,68934996,0.0,0.0
2009-12-01 00:00:00-05:00,14.588607131319337,14.665254256542191,14.461357570810364,14.631768226623535,92719188,0.0,0.0
2009-12-02 00:00:00-05:00,14.65979868872427,14.709656236018347,14.541229740908575,14.573227882385254,66461472,0.0,0.0
2009-12-03 00:00:00-05:00,14.611180210774345,14.670960489594863,14.51096789391285,14.52932357788086,57090852,0.0,0.0
2009-12-04 00:00:00-05:00,14.70990430384272,14.754802849401836,14.366602520767907,14.511216163635254,100443456,0.0,0.0
2009-12-07 00:00:00-05:00,14.491372582445077,14.602499247634062,14.411748726457406,14.541975021362305,65382552,0.0,0.0
2009-12-08 00:00:00-05:00,14.47376037236942,14.651364708588261,14.436552725706816,14.56181812286377,60899040,0.0,0.0
2009-12-09 00:00:00-05:00,14.572979517682151,14.618373392962477,14.475743929232094,14.61068344116211,71168760,0.0,0.0
2009-12-10 00:00:00-05:00,14.645907853237471,14.751825957029709,14.645163908252425,14.672201156616211,66665268,0.0,0.0
2009-12-11 00:00:00-05:00,14.751079792044365,14.752816293720901,14.578684972363764,14.647643089294434,68731200,0.0,0.0
2009-12-14 00:00:00-05:00,14.767700803679663,14.81631812707575,14.699734294139137,14.77712631225586,76459464,0.0,0.0
2009-12-15 00:00:00-05:00,14.71684941646012,14.793248876005139,14.659550530770492,14.71288013458252,91124784,0.0,0.0
2009-12-16 00:00:00-05:00,14.848316437473892,14.89222053164117,14.799698171326588,14.827479362487793,112263624,0.0,0.0
2009-12-17 00:00:00-05:00,14.794738203302977,14.824504509852439,14.728260528302474,14.732725143432617,105446448,0.0,0.0
2009-12-18 00:00:00-05:00,14.784567776323156,14.856502623142827,14.75901841839204,14.794240951538086,141118740,0.0,0.0
2009-12-21 00:00:00-05:00,14.82375982737663,14.879075492681043,14.775638781219333,14.850301742553711,102745152,0.0,0.0
2009-12-22 00:00:00-05:00,14.916282901314869,14.920252183316604,14.854517508127605,14.910825729370117,75156768,0.0,0.0
2009-12-23 00:00:00-05:00,14.96986349059458,15.202286290285848,14.953739639783457,15.172768592834473,82825092,0.0,0.0
2009-12-24 00:00:00-05:00,15.203772579324731,15.367238168724338,15.187401064672152,15.341440200805664,34313652,0.0,0.0
2009-12-28 00:00:00-05:00,15.42032342608094,15.527728481400205,15.341442565622296,15.450336456298828,67848084,0.0,0.0
2009-12-29 00:00:00-05:00,15.496721652438998,15.499202099210045,15.336729054537637,15.364262580871582,56935008,0.0,0.0
2009-12-30 00:00:00-05:00,15.341937629106072,15.446863174438477,15.329784007091812,15.446863174438477,58565376,0.0,0.0
2009-12-31 00:00:00-05:00,15.496970053128013,15.513093903195855,15.378649711608887,15.378649711608887,48743208,0.0,0.0
2010-01-04 00:00:00-05:00,15.55153930057683,15.615041192438623,15.484318629332444,15.546578407287598,78169752,0.0,0.0
2010-01-05 00:00:00-05:00,15.557245507956068,15.57361702343188,15.417345099394739,15.478116989135742,120067812,0.0,0.0
2010-01-06 00:00:00-05:00,15.524502562303638,15.524502562303638,15.040804107261364,15.087933540344238,158988852,0.0,0.0
2010-01-07 00:00:00-05:00,15.116210210459785,15.131093835318577,14.700725952969476,14.736692428588867,256315428,0.0,0.0
2010-01-08 00:00:00-05:00,14.684603663862717,14.963660552409522,14.61291648097127,14.933151245117188,188783028,0.0,0.0
2010-01-11 00:00:00-05:00,14.99367462970089,14.99367462970089,14.735205275532815,14.910577774047852,288227484,0.0,0.0
2010-01-12 00:00:00-05:00,14.824752180793864,14.83740302650726,14.585383395526144,14.646900177001953,193937868,0.0,0.0
2010-01-13 00:00:00-05:00,14.299875984036719,14.594808083832108,14.235631092839595,14.562809944152832,259604136,0.0,0.0
2010-01-14 00:00:00-05:00,14.483681954792592,14.739174584305452,14.456644707395174,14.631272315979004,169434396,0.0,0.0
2010-01-15 00:00:00-05:00,14.717841456566239,14.723299573791458,14.338323649185757,14.386942863464355,217162620,0.0,0.0
2010-01-19 00:00:00-05:00,14.416708643418012,14.645410741965206,14.294915308840485,14.575956344604492,172495332,0.0,0.0
2010-01-20 00:00:00-05:00,14.535274835333315,14.535274835333315,14.270109997367422,14.397110939025879,129897972,0.0,0.0
2010-01-21 00:00:00-05:00,14.472273736654454,14.556114545867686,14.19470472521377,14.46086311340332,252055692,0.0,0.0
2010-01-22 00:00:00-05:00,14.002463397830539,14.153773477874635,13.26724067930557,13.643037796020508,271743984,0.0,0.0
2010-01-25 00:00:00-05:00,13.558205731928117,13.639815653362575,13.283365772499133,13.39474105834961,176619204,0.0,0.0
2010-01-26 00:00:00-05:00,13.344385458179353,13.632867838053446,13.302713197287776,13.454767227172852,174045780,0.0,0.0
2010-01-27 00:00:00-05:00,13.426241331658726,13.584498371095696,13.278403302881873,13.446829795837402,158417424,0.0,0.0
2010-01-28 00:00:00-05:00,13.506114482253498,13.568375206708142,13.16157155088884,13.25310230255127,129034836,0.0,0.0
2010-01-29 00:00:00-05:00,13.35728557360539,13.419297693987499,13.03779568097044,13.145201683044434,165454380,0.0,0.0
2010-02-01 00:00:00-05:00,13.26079234958526,13.290807269389493,13.154131242845823,13.221600532531738,89941968,0.0,0.0
2010-02-02 00:00:00-05:00,13.269721368685467,13.269721368685467,13.087403811900531,13.174469947814941,163684152,0.0,0.0
2010-02-03 00:00:00-05:00,13.113698225417611,13.446829590847525,13.10278388180957,13.415079116821289,119844036,0.0,0.0
2010-02-04 00:00:00-05:00,13.320324813433443,13.345129282023573,13.036554697599714,13.066817283630371,134972892,0.0,0.0
2010-02-05 00:00:00-05:00,13.10700086554865,13.233507438011218,12.959660051693586,13.178688049316406,126113760,0.0,0.0
2010-02-08 00:00:00-05:00,13.20869990936088,13.444348943053795,13.184639389339436,13.232760429382324,107664228,0.0,0.0
2010-02-09 00:00:00-05:00,13.383330379690277,13.4326925988861,13.272451372761896,13.306434631347656,112671216,0.0,0.0
2010-02-10 00:00:00-05:00,13.247645994449845,13.339920697077506,13.089388947734562,13.257072448730469,106873020,0.0,0.0
2010-02-11 00:00:00-05:00,13.229041439558625,13.406894391069637,13.13428629192587,13.305440902709961,96303600,0.0,0.0
2010-02-12 00:00:00-05:00,13.22036036096704,13.324044735376397,13.159091247347655,13.224080085754395,91096812,0.0,0.0
2010-02-16 00:00:00-05:00,13.317102144792816,13.497186958404273,13.253352572624115,13.42698860168457,146029824,0.0,0.0
2010-02-17 00:00:00-05:00,13.444350126456225,13.479077325679567,13.335455301921527,13.350337982177734,81106812,0.0,0.0
2010-02-18 00:00:00-05:00,13.333719265899287,13.519013557080592,13.298992065462961,13.47461223602295,93382524,0.0,0.0
2010-02-19 00:00:00-05:00,13.407887499731826,13.494704086807728,13.387299034160751,13.413592338562012,102021876,0.0,0.0
2010-02-22 00:00:00-05:00,13.577056518660966,13.580778134182406,13.4195453097478,13.464194297790527,85698216,0.0,0.0
2010-02-23 00:00:00-05:00,13.469155365097864,13.484781991203576,13.203493268378296,13.27245044708252,114789096,0.0,0.0
2010-02-24 00:00:00-05:00,13.245413884128757,13.356044277191867,13.159340294283489,13.18315315246582,92970936,0.0,0.0
2010-02-25 00:00:00-05:00,13.07524954790528,13.109232802436646,12.898637770607404,13.058135032653809,132235632,0.0,0.0
2010-02-26 00:00:00-05:00,13.082692145034423,13.190098137756095,12.984959327609094,13.067312240600586,81890028,0.0,0.0
2010-03-01 00:00:00-05:00,13.126845281466643,13.228298772376473,13.090630190013147,13.213415145874023,89426484,0.0,0.0
2010-03-02 00:00:00-05:00,13.282620383975134,13.535136292650256,13.270963040412893,13.421032905578613,174097728,0.0,0.0
2010-03-03 00:00:00-05:00,13.453280149846835,13.596157291783923,13.376136740168764,13.526703834533691,123452424,0.0,0.0
2010-03-04 00:00:00-05:00,13.55597290136322,13.794845415956898,13.548531560805628,13.756646156311035,127224648,0.0,0.0
2010-03-05 00:00:00-05:00,13.92432842967074,14.08109663780073,13.88836100574579,13.995269775390625,156331512,0.0,0.0
2010-03-08 00:00:00-05:00,14.009408501648728,14.01933123347366,13.915893583934615,13.952356338500977,95360544,0.0,0.0
2010-03-09 00:00:00-05:00,13.887119700087903,14.006433538443945,13.804022842447402,13.895554542541504,126936936,0.0,0.0
2010-03-10 00:00:00-05:00,13.984106827919758,14.349734493116475,13.945658959768352,14.298884391784668,225969804,0.0,0.0
2010-03-11 00:00:00-05:00,14.24456004454189,14.540980973705985,14.243071209416009,14.4152193069458,169162668,0.0,0.0
2010-03-12 00:00:00-05:00,14.588854329014497,14.592327332344649,14.36610474335301,14.375531196594238,110025864,0.0,0.0
2010-03-15 00:00:00-04:00,14.056539325475011,14.125249783663964,13.791621170819377,13.969721794128418,185969844,0.0,0.0
2010-03-16 00:00:00-04:00,13.936234703922047,14.099700311214297,13.909693733472581,14.019827842712402,137122740,0.0,0.0
2010-03-17 00:00:00-04:00,14.096722658209073,14.174859565001235,13.99626173115531,14.028757095336914,132731136,0.0,0.0
2010-03-18 00:00:00-04:00,14.00791881569502,14.100194449780156,13.964262390427093,14.049592018127441,71016912,0.0,0.0
2010-03-19 00:00:00-04:00,13.890841484069824,14.089281955161821,13.82337125125243,13.890841484069824,191576232,0.0,0.0
2010-03-22 00:00:00-04:00,13.79434927063416,14.060755296780771,13.748955394379525,13.828827857971191,160031808,0.0,0.0
2010-03-23 00:00:00-04:00,13.817418753440991,13.848920616976347,13.44435066758953,13.617985725402832,219831948,0.0,0.0
2010-03-24 00:00:00-04:00,13.531415095718193,13.887120058583054,13.387298676448298,13.82461166381836,262345392,0.0,0.0
2010-03-25 00:00:00-04:00,13.86653162209395,14.188501941397126,13.857602391561901,13.9622802734375,157078764,0.0,0.0
2010-03-26 00:00:00-04:00,14.021563487868903,14.074150092416852,13.891337199852739,13.957566261291504,107740152,0.0,0.0
2010-03-29 00:00:00-04:00,13.965257783599967,14.007921660823433,13.904981220305828,13.951614379882812,124055820,0.0,0.0
2010-03-30 00:00:00-04:00,13.961038474199082,14.080102745289361,13.897785196157441,14.057282447814941,79036884,0.0,0.0
2010-03-31 00:00:00-04:00,14.016107000697065,14.132443170951206,13.960543668327679,14.067453384399414,121110768,0.0,0.0
2010-04-01 00:00:00-04:00,14.172379377705703,14.224470653328384,14.028509675955085,14.109126091003418,84023892,0.0,0.0
2010-04-05 00:00:00-04:00,14.161216139522965,14.259939619376244,14.114085761797401,14.163945198059082,75983940,0.0,0.0
2010-04-06 00:00:00-04:00,14.125496878436504,14.160968968895165,14.024788281469297,14.094738960266113,82321596,0.0,0.0
2010-04-07 00:00:00-04:00,14.071917340962244,14.10788381587712,13.93697783487457,13.978650093078613,103136760,0.0,0.0
2010-04-08 00:00:00-04:00,13.973193884612844,14.135171592622353,13.89208119733069,14.076630592346191,77822100,0.0,0.0
2010-04-09 00:00:00-04:00,14.076630684895562,14.108381159313094,13.99006082520884,14.04512882232666,82181736,0.0,0.0
2010-04-12 00:00:00-04:00,14.073158104551476,14.238110642060214,14.045128301273468,14.206609725952148,94001904,0.0,0.0
2010-04-13 00:00:00-04:00,14.201648952561325,14.607212407011726,14.1669226969815,14.5548734664917,156335508,0.0,0.0
2010-04-14 00:00:00-04:00,14.636481796666859,14.693037687034442,14.486411924609733,14.610189437866211,135971892,0.0,0.0
2010-04-15 00:00:00-04:00,14.68881883258614,14.829464122606701,14.59257580464069,14.766458511352539,270201528,0.0,0.0
2010-04-16 00:00:00-04:00,13.965256038124647,14.109372447778158,13.633612566105592,13.64651107788086,488930580,0.0,0.0
2010-04-19 00:00:00-04:00,13.61178337109705,13.741762940396995,13.518765672454968,13.645270347595215,155604240,0.0,0.0
2010-04-20 00:00:00-04:00,13.746225027620186,13.882404743474975,13.6690806899355,13.767805099487305,118976904,0.0,0.0
2010-04-21 00:00:00-04:00,13.803030810555649,13.897042961002873,13.69636970446974,13.749452590942383,95564340,0.0,0.0
2010-04-22 00:00:00-04:00,13.692400602022342,13.704802835689536,13.477836287826664,13.569863319396973,131096772,0.0,0.0
2010-04-23 00:00:00-04:00,13.574576139106805,13.625922519299381,13.451046303376742,13.518515586853027,83492424,0.0,0.0
2010-04-26 00:00:00-04:00,13.518021228685658,13.518516561819451,13.127092786931062,13.187369346618652,174577248,0.0,0.0
2010-04-27 00:00:00-04:00,13.120643019449465,13.353314398095442,13.0779782026856,13.123372077941895,153634212,0.0,0.0
2010-04-28 00:00:00-04:00,13.198779919659966,13.266497819606908,12.924187649629287,13.12659740447998,136107756,0.0,0.0
2010-04-29 00:00:00-04:00,13.230281844492335,13.307921526564675,13.064087191622182,13.196297645568848,122233644,0.0,0.0
2010-04-30 00:00:00-04:00,13.174718510581837,13.33719060280861,13.033576936237809,13.040026664733887,97318584,0.0,0.0
2010-05-03 00:00:00-04:00,13.059872244377551,13.219119957940546,13.024647819274872,13.161572456359863,74237688,0.0,0.0
2010-05-04 00:00:00-04:00,13.060367288351525,13.065824460388544,12.50696674941367,12.560544967651367,242808948,0.0,0.0
2010-05-05 00:00:00-04:00,12.426845536698153,12.792472278067404,12.414194690936158,12.644634246826172,183104712,0.0,0.0
2010-05-06 00:00:00-04:00,12.619580459584597,12.837121507249257,11.41033427196074,12.369545936584473,199803996,0.0,0.0
2010-05-07 00:00:00-04:00,12.401792296390202,12.53449997866103,11.939425300646974,12.23237419128418,203356440,0.0,0.0
2010-05-10 00:00:00-04:00,12.749063758356666,12.968588974496233,12.715081447737877,12.939566612243652,164954880,0.0,0.0
2010-05-11 00:00:00-04:00,12.791232272682059,12.895660588721519,12.60643332619953,12.627021789550781,132771096,0.0,0.0
2010-05-12 00:00:00-04:00,12.701189282018294,12.701189282018294,12.452146391990176,12.536234855651855,153917928,0.0,0.0
2010-05-13 00:00:00-04:00,12.811819879106904,12.94824823651918,12.659765840948358,12.672416687011719,132898968,0.0,0.0
2010-05-14 00:00:00-04:00,12.64488064753417,12.675143229592033,12.309516524824927,12.589317321777344,164475360,0.0,0.0
2010-05-17 00:00:00-04:00,12.57071443138759,12.609906244278605,12.361607298300061,12.600232124328613,111640248,0.0,0.0
2010-05-18 00:00:00-04:00,12.650587751113429,12.674648274056853,12.329857662301874,12.362104415893555,112906980,0.0,0.0
2010-05-19 00:00:00-04:00,12.309764801994653,12.388644707195047,12.0984258313475,12.264371871948242,137690172,0.0,0.0
2010-05-20 00:00:00-04:00,12.032196796376931,12.044847641526426,11.752643651510278,11.782657623291016,196335468,0.0,0.0
2010-05-21 00:00:00-04:00,11.635066609588204,12.030459616188322,11.519475343916568,11.709233283996582,387244368,0.0,0.0
2010-05-24 00:00:00-04:00,11.924542069250188,12.14927582801517,11.82705881496972,11.83598804473877,173650176,0.0,0.0
2010-05-25 00:00:00-04:00,11.612494732308436,11.843182909615454,11.509802907879767,11.833757400512695,120575304,0.0,0.0
2010-05-26 00:00:00-04:00,11.957781598589916,12.148532107630867,11.78240910273633,11.794068336486816,138884976,0.0,0.0
2010-05-27 00:00:00-04:00,12.029219454933253,12.211784668216602,11.93247920421118,12.165895462036133,112251636,0.0,0.0
2010-05-28 00:00:00-04:00,12.222451376056489,12.240064060326453,11.980849814417661,12.046087265014648,115676208,0.0,0.0
2010-06-01 00:00:00-04:00,11.917100363670476,12.18077826086426,11.909410412162716,11.965221405029297,106565328,0.0,0.0
2010-06-02 00:00:00-04:00,12.072133023653018,12.25048130483462,11.942650677953482,12.238079071044922,101530368,0.0,0.0
2010-06-03 00:00:00-04:00,12.281239858575056,12.600978347973804,12.271070404457891,12.5414457321167,145881972,0.0,0.0
2010-06-04 00:00:00-04:00,12.395590170289779,12.631982208971998,12.320678604909073,12.370784759521484,156655188,0.0,0.0
2010-06-07 00:00:00-04:00,12.379219221131883,12.42510842965021,11.984571082582109,12.04335880279541,145162692,0.0,0.0
2010-06-08 00:00:00-04:00,12.101154282054406,12.12571202804702,11.845413985715503,12.025003433227539,107296596,0.0,0.0
2010-06-09 00:00:00-04:00,12.085528974427625,12.126704961737492,11.707996244939132,11.758101463317871,109050840,0.0,0.0
2010-06-10 00:00:00-04:00,11.915612624978305,12.117278431464683,11.803246683996528,12.080318450927734,103012884,0.0,0.0
2010-06-11 00:00:00-04:00,11.968448460039935,12.1224876043454,11.946619772678462,12.117278099060059,71196732,0.0,0.0
2010-06-14 00:00:00-04:00,12.265613690978808,12.266109969433094,11.985564231872559,11.985564231872559,81534384,0.0,0.0
2010-06-15 00:00:00-04:00,11.982833692375253,12.412457609455684,11.960509674082644,12.352676391601562,170213616,0.0,0.0
2010-06-16 00:00:00-04:00,12.3075334951247,12.501757014057054,12.306044659891674,12.434039115905762,91480428,0.0,0.0
2010-06-17 00:00:00-04:00,12.488117001400902,12.548144013870116,12.320434419065554,12.404523849487305,79012908,0.0,0.0
2010-06-18 00:00:00-04:00,12.46479512264186,12.488607975089124,12.35614986956253,12.403278350830078,114801084,0.0,0.0
2010-06-21 00:00:00-04:00,12.400055480430273,12.426597394328835,12.02773135794809,12.118765830993652,119220660,0.0,0.0
2010-06-22 00:00:00-04:00,12.152006319444775,12.318200044754294,12.04856865763404,12.061467170715332,88699212,0.0,0.0
2010-06-23 00:00:00-04:00,12.077340803010806,12.077340803010806,11.86079327763835,11.957283973693848,81082836,0.0,0.0
2010-06-24 00:00:00-04:00,11.898000989738502,11.974648113450284,11.739247680126375,11.784889221191406,75668256,0.0,0.0
2010-06-25 00:00:00-04:00,11.83350831470314,11.848143328852617,11.672275492497274,11.724862098693848,89718192,0.0,0.0
2010-06-28 00:00:00-04:00,11.722629902702135,11.845662517217614,11.633827263709463,11.709979057312012,70421508,0.0,0.0
2010-06-29 00:00:00-04:00,11.495662437681185,11.523195015829799,11.190063676204337,11.267951965332031,139943916,0.0,0.0
2010-06-30 00:00:00-04:00,11.285315849071976,11.356506754309054,11.031312983489007,11.037017822265625,143983872,0.0,0.0
2010-07-01 00:00:00-04:00,11.045449549790744,11.12259389711459,10.756223236161844,10.901580810546875,140403456,0.0,0.0
2010-07-02 00:00:00-04:00,10.954416921261894,10.970787492109205,10.815011840157522,10.828655242919922,77362560,0.0,0.0
2010-07-06 00:00:00-04:00,11.013451631290582,11.104487048630288,10.756223451885841,10.81674861907959,102301596,0.0,0.0
2010-07-07 00:00:00-04:00,10.872310903545802,11.19428119559737,10.799632115556276,11.167243003845215,125062812,0.0,0.0
2010-07-08 00:00:00-04:00,11.250340662375306,11.344105144077748,11.153849957878156,11.325003623962402,106649244,0.0,0.0
2010-07-09 00:00:00-04:00,11.707000766008957,11.739246568909243,11.47929030591142,11.596121788024902,173086740,0.0,0.0
2010-07-12 00:00:00-04:00,11.717171676030159,11.892544172220886,11.685173535669144,11.802997589111328,133242624,0.0,0.0
2010-07-13 00:00:00-04:00,11.962246813210927,12.228652849956001,11.913380876798485,12.134641647338867,158892948,0.0,0.0
2010-07-14 00:00:00-04:00,12.151510934216503,12.249490485638216,12.066677563418251,12.187726974487305,124595280,0.0,0.0
2010-07-15 00:00:00-04:00,12.197398331309016,12.271068728120518,11.972911301714756,12.25420093536377,194133672,0.0,0.0
2010-07-16 00:00:00-04:00,11.63655725466725,11.672276068252687,11.398427734497853,11.400660514831543,312679008,0.0,0.0
2010-07-19 00:00:00-04:00,11.435387028059923,11.649702732540804,11.348816222207464,11.563629150390625,181829988,0.0,0.0
2010-07-20 00:00:00-04:00,11.435882454249267,11.980602368035422,11.425217667453138,11.94587516784668,162017820,0.0,0.0
2010-07-21 00:00:00-04:00,12.005656116426415,12.047825604591324,11.793076900163221,11.844422340393066,131052816,0.0,0.0
2010-07-22 00:00:00-04:00,11.986555484953374,12.129184951907867,11.967951189341306,12.025747299194336,85822092,0.0,0.0
2010-07-23 00:00:00-04:00,11.925533906100261,12.169119611761577,11.906681945637198,12.155973434448242,90485424,0.0,0.0
2010-07-26 00:00:00-04:00,12.131911593592145,12.173088519648044,12.027483279192534,12.128935813903809,79728192,0.0,0.0
2010-07-27 00:00:00-04:00,12.16887264663232,12.34052352353135,12.158702248281374,12.219722747802734,97949952,0.0,0.0
2010-07-28 00:00:00-04:00,12.277024834735986,12.284714787872662,11.97266622609735,12.014338493347168,99740160,0.0,0.0
2010-07-29 00:00:00-04:00,12.054027170018804,12.126705974599682,11.889817594937085,12.030214309692383,106912980,0.0,0.0
2010-07-30 00:00:00-04:00,11.897752110026241,12.088998887829414,11.885101265415907,12.026738166809082,85678236,0.0,0.0
2010-08-02 00:00:00-04:00,12.129432208990965,12.235845637929568,12.078582107874396,12.164655685424805,74273652,0.0,0.0
2010-08-03 00:00:00-04:00,12.166887736432667,12.215506003625514,12.074116762286106,12.1502685546875,72019908,0.0,0.0
2010-08-04 00:00:00-04:00,12.208562994582966,12.576173949519687,12.180533186269518,12.559307098388672,152347500,0.0,0.0
2010-08-05 00:00:00-04:00,12.548638059710646,12.615859675585545,12.49084195193408,12.603456497192383,96719184,0.0,0.0
2010-08-06 00:00:00-04:00,12.536484049388024,12.544917001095577,12.304556608355863,12.40799331665039,132647220,0.0,0.0
2010-08-09 00:00:00-04:00,12.458347291666021,12.538963695838534,12.436270939058849,12.535242080688477,74813112,0.0,0.0
2010-08-10 00:00:00-04:00,12.460827514921656,12.551367601212089,12.367064927543689,12.494563102722168,82877040,0.0,0.0
2010-08-11 00:00:00-04:00,12.34622810498555,12.352925499800874,12.191692691151482,12.197646141052246,88831080,0.0,0.0
2010-08-12 00:00:00-04:00,12.004167775292343,12.272310315817691,11.968696629485645,12.204344749450684,88095816,0.0,0.0
2010-08-13 00:00:00-04:00,12.12968142052925,12.184004531957788,12.055513788276253,12.063948631286621,77310612,0.0,0.0
2010-08-16 00:00:00-04:00,11.997718349411013,12.151262170936057,11.918838436912354,12.045096397399902,52147800,0.0,0.0
2010-08-17 00:00:00-04:00,12.118020985164568,12.271068504584685,12.056008877314415,12.167383193969727,75552372,0.0,0.0
2010-08-18 00:00:00-04:00,12.165399562964357,12.17606529433684,11.944882754594094,11.959765434265137,107348544,0.0,0.0
2010-08-19 00:00:00-04:00,11.931488547662447,11.96869714219003,11.590170920644798,11.608031272888184,156843000,0.0,0.0
2010-08-20 00:00:00-04:00,11.608031005761228,11.697825262187049,11.435635221664352,11.460440635681152,156547296,0.0,0.0
2010-08-23 00:00:00-04:00,11.447541932320355,11.614975874592819,11.35402700714258,11.511290550231934,119328552,0.0,0.0
2010-08-24 00:00:00-04:00,11.353279742983828,11.369899867628178,11.185100945593001,11.196760177612305,110397492,0.0,0.0
2010-08-25 00:00:00-04:00,11.162282507987129,11.356010690869091,11.162282507987129,11.27688217163086,103580316,0.0,0.0
2010-08-26 00:00:00-04:00,11.312603357403828,11.342368721868695,11.173198263598982,11.186593055725098,71008920,0.0,0.0
2010-08-27 00:00:00-04:00,11.225783436994588,11.410085165764425,11.103990099943568,11.381311416625977,92403504,0.0,0.0
2010-08-30 00:00:00-04:00,11.389247967146371,11.404379257900581,11.222310326370295,11.229007720947266,49206744,0.0,0.0
2010-08-31 00:00:00-04:00,11.165012588418431,11.283084321108566,11.11267364525693,11.162779808044434,77794128,0.0,0.0
2010-09-01 00:00:00-04:00,11.285812285128346,11.532870071249373,11.224295505152382,11.418519020080566,129002868,0.0,0.0
2010-09-02 00:00:00-04:00,11.480780991615678,11.520219528191362,11.418023041344599,11.489213943481445,67300632,0.0,0.0
2010-09-03 00:00:00-04:00,11.671283969954805,11.705019561690454,11.594884500674745,11.665826797485352,101514384,0.0,0.0
2010-09-07 00:00:00-04:00,11.521956392126471,11.59860446863974,11.485245022442324,11.519476890563965,68327604,0.0,0.0
2010-09-08 00:00:00-04:00,11.539069322693699,11.720394296350756,11.522202476839206,11.672768592834473,95975928,0.0,0.0
2010-09-09 00:00:00-04:00,11.852608146388144,11.916356759122339,11.672770093981054,11.811678886413574,97126776,0.0,0.0
2010-09-10 00:00:00-04:00,11.88212563403476,11.901226208623573,11.78439470732914,11.810687065124512,78893028,0.0,0.0
2010-09-13 00:00:00-04:00,11.928759545039362,12.014335896240643,11.894775347687826,11.96274185180664,89570340,0.0,0.0
2010-09-14 00:00:00-04:00,11.956292720020619,12.024259227529797,11.90841934302069,11.91710090637207,88571340,0.0,0.0
2010-09-15 00:00:00-04:00,11.905195360040569,11.95331640524252,11.869226991480197,11.922309875488281,96015888,0.0,0.0
2010-09-16 00:00:00-04:00,11.905195241491585,11.967207355090348,11.891799505728288,11.93272876739502,78701220,0.0,0.0
2010-09-17 00:00:00-04:00,11.999452679216493,12.184249719936442,11.935704071436776,12.158205032348633,225438336,0.0,0.0
2010-09-20 00:00:00-04:00,12.216497873998915,12.660755867670714,12.20558353114878,12.607921600341797,175963860,0.0,0.0
2010-09-21 00:00:00-04:00,12.64264946302989,12.89814208615331,12.62354888938994,12.736412048339844,178473348,0.0,0.0
2010-09-22 00:00:00-04:00,12.72153015075652,12.843570213623755,12.692260122123404,12.799418449401855,101382516,0.0,0.0
2010-09-23 00:00:00-04:00,12.764937761677597,12.890947095233917,12.682832521810969,12.736907958984375,92603304,0.0,0.0
2010-09-24 00:00:00-04:00,12.941799187050185,13.09286161054523,12.855476991945398,13.079466819763184,134141724,0.0,0.0
2010-09-27 00:00:00-04:00,13.118161971344081,13.316603380453131,13.118161971344081,13.156859397888184,124171704,0.0,0.0
2010-09-28 00:00:00-04:00,13.233010946687674,13.2357390601038,12.860190521538621,13.07649040222168,146041812,0.0,0.0
2010-09-29 00:00:00-04:00,13.093356221536041,13.219614161053826,13.015468878844707,13.089386940002441,86801112,0.0,0.0
2010-09-30 00:00:00-04:00,13.125851401698299,13.193073017523613,12.871847618107266,13.042259216308594,129634236,0.0,0.0
2010-10-01 00:00:00-04:00,13.146688291850657,13.162068196124764,12.973053237352497,13.038043022155762,88911000,0.0,0.0
2010-10-04 00:00:00-04:00,13.02142272076221,13.103279353395424,12.870111689139545,12.956930160522461,77542380,0.0,0.0
2010-10-05 00:00:00-04:00,13.106504226926576,13.394738932719317,13.061110351869598,13.350833892822266,140143716,0.0,0.0
2010-10-06 00:00:00-04:00,13.376383368697532,13.393498828790161,13.145199878880137,13.254590034484863,110381508,0.0,0.0
2010-10-07 00:00:00-04:00,13.300728856161891,13.32528565809261,13.12535729364788,13.146937370300293,95736168,0.0,0.0
2010-10-08 00:00:00-04:00,13.215400371227263,13.33520765750736,13.087653575258383,13.304201126098633,114253632,0.0,0.0
2010-10-11 00:00:00-04:00,13.357036612338243,13.508843935214808,13.324542190265786,13.365965843200684,104946948,0.0,0.0
2010-10-12 00:00:00-04:00,13.397716429023163,13.543321680169457,13.33992031743378,13.429218292236328,149993856,0.0,0.0
2010-10-13 00:00:00-04:00,13.568375242349168,13.580528864000087,13.4525353565601,13.476595878601074,122101776,0.0,0.0
2010-10-14 00:00:00-04:00,13.498423983874543,13.524964951470576,13.323051494279829,13.417807579040527,265098636,0.0,0.0
2010-10-15 00:00:00-04:00,14.864937570134481,14.923725297008708,14.674682374169405,14.919012069702148,592399008,0.0,0.0
2010-10-18 00:00:00-04:00,14.89668629986805,15.371455510486049,14.89668629986805,15.322340965270996,283644072,0.0,0.0
2010-10-19 00:00:00-04:00,15.102568392180075,15.250655030350952,14.953986420903105,15.07726764678955,183332484,0.0,0.0
2010-10-20 00:00:00-04:00,15.084957220723284,15.31415655422085,15.069082928426596,15.080988883972168,140862996,0.0,0.0
2010-10-21 00:00:00-04:00,15.168549261521363,15.279923583160606,15.031873250075671,15.180456161499023,116703180,0.0,0.0
2010-10-22 00:00:00-04:00,15.178720186345563,15.250655980983668,15.132335641120303,15.193852424621582,90153756,0.0,0.0
2010-10-25 00:00:00-04:00,15.269755247850638,15.496721801335438,15.254376288663941,15.292327880859375,126209664,0.0,0.0
2010-10-26 00:00:00-04:00,15.207990168088447,15.409655021545333,15.15664378721475,15.344417572021484,100415484,0.0,0.0
2010-10-27 00:00:00-04:00,15.274220887238707,15.37914643402249,15.188891248352613,15.291584014892578,89586324,0.0,0.0
2010-10-28 00:00:00-04:00,15.380385371375,15.403950560818243,15.212951434396173,15.34392261505127,87284628,0.0,0.0
2010-10-29 00:00:00-04:00,15.306466825515146,15.35434020554336,15.20526194808484,15.22287368774414,91040868,0.0,0.0
2010-11-01 00:00:00-04:00,15.273228295293126,15.395516969449702,15.161109074907841,15.255120277404785,123360516,0.0,0.0
2010-11-02 00:00:00-04:00,15.346155117048927,15.379146761820493,15.244702571750404,15.270003318786621,79824096,0.0,0.0
2010-11-03 00:00:00-04:00,15.317133042483992,15.424538088463914,15.217912336442058,15.383609771728516,135084780,0.0,0.0
2010-11-04 00:00:00-04:00,15.494240432453289,15.625211607539061,15.431234818911584,15.485061645507812,142689168,0.0,0.0
2010-11-05 00:00:00-04:00,15.4580251840783,15.515325017007934,15.406678801521355,15.505155563354492,70557372,0.0,0.0
2010-11-08 00:00:00-05:00,15.478861095724353,15.614545502525546,15.456785686930605,15.547075271606445,83967948,0.0,0.0
2010-11-09 00:00:00-05:00,15.627196599161039,15.648280396773641,15.391796150063088,15.498705863952637,89398512,0.0,0.0
2010-11-10 00:00:00-05:00,15.430738940178209,15.453560182876668,15.31737950747175,15.450583457946777,99780120,0.0,0.0
2010-11-11 00:00:00-05:00,15.371703243818848,15.375423913811463,15.235523508095726,15.309442520141602,90373536,0.0,0.0
2010-11-12 00:00:00-05:00,15.230067444296147,15.3022499598713,14.913058019293247,14.964653015136719,135584280,0.0,0.0
2010-11-15 00:00:00-05:00,14.959443933291373,14.98226517923653,14.73545409440302,14.770678520202637,139016844,0.0,0.0
2010-11-16 00:00:00-05:00,14.703455020568097,14.830704585941215,14.472520133998701,14.479217529296875,132163704,0.0,0.0
2010-11-17 00:00:00-05:00,14.510968751861993,14.622590752194704,14.420925883180127,14.475000381469727,97602300,0.0,0.0
2010-11-18 00:00:00-05:00,14.610188117942206,14.882547588639609,14.599273774543672,14.797714233398438,103496400,0.0,0.0
2010-11-19 00:00:00-05:00,14.80862804395891,14.830703451218122,14.643425954341229,14.655580520629883,91808100,0.0,0.0
2010-11-22 00:00:00-05:00,14.572236898029061,14.720323546922888,14.455156780412908,14.665255546569824,87376536,0.0,0.0
2010-11-23 00:00:00-05:00,14.56082769362417,14.610437578105053,14.34229407756931,14.461606979370117,86417496,0.0,0.0
2010-11-24 00:00:00-05:00,14.568267508883276,14.798707072105381,14.56181872516256,14.758275032043457,95760144,0.0,0.0
2010-11-26 00:00:00-05:00,14.646402275994777,14.708911611405686,14.560577309178997,14.634992599487305,52391556,0.0,0.0
2010-11-29 00:00:00-05:00,14.614405360659187,14.630032932144521,14.385702298864473,14.439281463623047,114273612,0.0,0.0
2010-11-30 00:00:00-05:00,14.24604880032168,14.24604880032168,13.724895030595468,13.784427642822266,284411304,0.0,0.0
2010-12-01 00:00:00-05:00,13.965256081724013,14.177835278067125,13.950372456327482,13.998743057250977,150013836,0.0,0.0
2010-12-02 00:00:00-05:00,14.10565452478044,14.221494424295587,14.023549271547424,14.184038162231445,101814084,0.0,0.0
2010-12-03 00:00:00-05:00,14.125247731335936,14.299626713697949,14.089280311525275,14.213305473327637,105142752,0.0,0.0
2010-12-06 00:00:00-05:00,14.401081354726506,14.436552499043128,14.302853206891172,14.346261024475098,83668248,0.0,0.0
2010-12-07 00:00:00-05:00,14.666494810372415,14.709407292036433,14.535772251901323,14.56404972076416,121566312,0.0,0.0
2010-12-08 00:00:00-05:00,14.683859053628725,14.697502456020704,14.4784735257059,14.648387908935547,70205724,0.0,0.0
2010-12-09 00:00:00-05:00,14.731237492259298,14.773405088057208,14.610189041032937,14.672201156616211,74681244,0.0,0.0
2010-12-10 00:00:00-05:00,14.712880626136608,14.733966314281359,14.642186947848016,14.689812660217285,68119812,0.0,0.0
2010-12-13 00:00:00-05:00,14.811603928885162,14.957457780093613,14.736444695885178,14.749590873718262,95844060,0.0,0.0
2010-12-14 00:00:00-05:00,14.810861798484419,14.840628106422962,14.696510739225074,14.756787300109863,65666268,0.0,0.0
2010-12-15 00:00:00-05:00,14.739173416914777,14.79498440905373,14.613907086156738,14.642433166503906,86621292,0.0,0.0
2010-12-16 00:00:00-05:00,14.705686640957008,14.728506938365863,14.587117703287074,14.677409172058105,63812124,0.0,0.0
2010-12-17 00:00:00-05:00,14.659798501818306,14.698494038144686,14.577196978543075,14.654837608337402,123360516,0.0,0.0
2010-12-20 00:00:00-05:00,14.750337176095552,14.830457309932692,14.60175425224514,14.760506629943848,78853068,0.0,0.0
2010-12-21 00:00:00-05:00,14.847573145075126,15.000124409564158,14.82376028782055,14.959196090698242,75104820,0.0,0.0
2010-12-22 00:00:00-05:00,14.982263227224568,15.056678515486828,14.964403822723426,15.019222259521484,48251700,0.0,0.0
2010-12-23 00:00:00-05:00,15.01550195970337,15.031872528448528,14.933396722984456,14.987967491149902,44387568,0.0,0.0
2010-12-27 00:00:00-05:00,14.951008773516895,14.97680579571435,14.870640982010645,14.942079544067383,48275676,0.0,0.0
2010-12-28 00:00:00-05:00,14.933893315688847,14.979039525334679,14.833681000167706,14.856254577636719,42549408,0.0,0.0
2010-12-29 00:00:00-05:00,14.932655680558899,14.94282513504509,14.856256212160645,14.90785026550293,40727232,0.0,0.0
2010-12-30 00:00:00-05:00,14.833433482988896,14.916034060571938,14.818303136062285,14.854765892028809,39540420,0.0,0.0
2010-12-31 00:00:00-05:00,14.802177560828662,14.843850765193885,14.685347013615171,14.733468055725098,61510428,0.0,0.0
2011-01-03 00:00:00-05:00,14.795728799332734,15.021703723629512,14.795728799332734,14.990944862365723,94513392,0.0,0.0
2011-01-04 00:00:00-05:00,15.022447356103667,15.036338423956716,14.886019014707044,14.935628890991211,72907020,0.0,0.0
2011-01-05 00:00:00-05:00,14.884780615935274,15.139281647340095,14.884284337506097,15.108026504516602,101190708,0.0,0.0
2011-01-06 00:00:00-05:00,15.147961044998748,15.340200387121394,15.132334420138868,15.217911720275879,82229688,0.0,0.0
2011-01-07 00:00:00-05:00,15.27769206331399,15.335735838671196,15.134319599290619,15.290838241577148,83963952,0.0,0.0
2011-01-10 00:00:00-05:00,15.250158246323283,15.264794205679722,15.095375153835846,15.23552417755127,63104832,0.0,0.0
2011-01-11 00:00:00-05:00,15.32234088616336,15.34937813263618,15.242717036610934,15.280172348022461,57514428,0.0,0.0
2011-01-12 00:00:00-05:00,15.36302186829527,15.36302186829527,15.249414762980624,15.301505088806152,65242692,0.0,0.0
2011-01-13 00:00:00-05:00,15.303986001221745,15.37095995452996,15.2342829892939,15.297040939331055,53306640,0.0,0.0
2011-01-14 00:00:00-05:00,15.314651224947175,15.485061882448809,15.306713606496041,15.482830047607422,94529376,0.0,0.0
2011-01-18 00:00:00-05:00,15.529462595987715,15.924608891982855,15.509866689821717,15.866068840026855,144535320,0.0,0.0
2011-01-19 00:00:00-05:00,15.927832886707373,15.948669016885157,15.618762046916608,15.670604705810547,136107756,0.0,0.0
2011-01-20 00:00:00-05:00,15.682014788152447,15.728401221797718,15.460754023594681,15.547075271606445,219212568,0.0,0.0
2011-01-21 00:00:00-05:00,15.864830862647466,15.918160471849825,15.164830586667989,15.176488876342773,355819824,0.0,0.0
2011-01-24 00:00:00-05:00,15.07081750122827,15.192858500388565,14.91355397085506,15.157882690429688,183784032,0.0,0.0
2011-01-25 00:00:00-05:00,15.086444622775254,15.396260357593965,15.044772361775125,15.376912117004395,145726128,0.0,0.0
2011-01-26 00:00:00-05:00,15.387331639921479,15.440910803158431,15.262065295611178,15.292327880859375,81442476,0.0,0.0
2011-01-27 00:00:00-05:00,15.326807306070503,15.371703959914896,15.211711361610421,15.299521446228027,80687232,0.0,0.0
2011-01-28 00:00:00-05:00,15.356076341614003,15.388075428351518,14.877091105005949,14.907601356506348,169074756,0.0,0.0
2011-01-31 00:00:00-05:00,14.97234319677646,14.993923273692344,14.772662496461933,14.891974449157715,112083804,0.0,0.0
2011-02-01 00:00:00-05:00,14.994418777527631,15.214192612540957,14.960188799250146,15.156892776489258,109702188,0.0,0.0
2011-02-02 00:00:00-05:00,15.155898704924068,15.238747892086144,15.06982512616177,15.180704116821289,70357572,0.0,0.0
2011-02-03 00:00:00-05:00,15.118196041377555,15.167062924305148,15.035099180740493,15.13481616973877,59744196,0.0,0.0
2011-02-04 00:00:00-05:00,15.13481657876735,15.166814722336424,15.047006488592503,15.155405044555664,61969968,0.0,0.0
2011-02-07 00:00:00-05:00,15.135061786278026,15.339208018495562,15.111496598938873,15.237507820129395,71912016,0.0,0.0
2011-02-08 00:00:00-05:00,15.253385238392852,15.369968132626472,15.242966227120307,15.338961601257324,67728204,0.0,0.0
2011-02-09 00:00:00-05:00,15.301505723058872,15.365502951892761,15.189138836432614,15.292327880859375,73626300,0.0,0.0
2011-02-10 00:00:00-05:00,15.227833572891042,15.317132488687811,15.169789797533836,15.290838241577148,93282624,0.0,0.0
2011-02-11 00:00:00-05:00,15.225106340555696,15.503171611949229,15.205509487363672,15.490768432617188,103492404,0.0,0.0
2011-02-14 00:00:00-05:00,15.461993563258774,15.618265482017641,15.380136933936717,15.581305503845215,85034880,0.0,0.0
2011-02-15 00:00:00-05:00,15.560719371699273,15.629428883776148,15.456041489722757,15.482086181640625,83596320,0.0,0.0
2011-02-16 00:00:00-05:00,15.518798644328967,15.540378721182023,15.431236222895768,15.483823776245117,67292640,0.0,0.0
2011-02-17 00:00:00-05:00,15.41015229000699,15.558982882253893,15.386091766490942,15.509620666503906,59092848,0.0,0.0
2011-02-18 00:00:00-05:00,15.52797603193348,15.6564658230062,15.482830765817718,15.629180908203125,128587284,0.0,0.0
2011-02-22 00:00:00-05:00,15.379889650820525,15.501435327282316,15.075779683683159,15.13630485534668,145450404,0.0,0.0
2011-02-23 00:00:00-05:00,15.139281576300837,15.247679182939326,14.98226475379925,15.163837432861328,115468416,0.0,0.0
2011-02-24 00:00:00-05:00,15.165574333979848,15.207743821988606,14.916531414615678,15.101825714111328,108359532,0.0,0.0
2011-02-25 00:00:00-05:00,15.177232965406356,15.248174311310352,15.118692908253603,15.132086753845215,77218704,0.0,0.0
2011-02-28 00:00:00-05:00,15.131093188514438,15.292078324897513,15.081730034694024,15.21543025970459,91168740,0.0,0.0
2011-03-01 00:00:00-05:00,15.324077168438833,15.359796922925899,14.865678536530949,14.901894569396973,132795072,0.0,0.0
2011-03-02 00:00:00-05:00,14.87808164437921,15.031873114183355,14.763730598779317,14.902639389038086,80986932,0.0,0.0
2011-03-03 00:00:00-05:00,15.04129927474926,15.168053496129062,15.007067410935203,15.120179176330566,77734188,0.0,0.0
2011-03-04 00:00:00-05:00,15.08966903977532,15.105793834016623,14.888004184325538,14.898423194885254,120319560,0.0,0.0
2011-03-07 00:00:00-05:00,14.896686197396416,14.974573545110047,14.560577170872886,14.676168441772461,138369492,0.0,0.0
2011-03-08 00:00:00-05:00,14.70767117154825,14.832936561782596,14.639953277270488,14.692292213439941,91304604,0.0,0.0
2011-03-09 00:00:00-05:00,14.659799181494886,14.746865323881165,14.529571940414563,14.678898811340332,85953960,0.0,0.0
2011-03-10 00:00:00-05:00,14.521881601149191,14.55115068230017,14.37329868885151,14.394383430480957,124998876,0.0,0.0
2011-03-11 00:00:00-05:00,14.342790361136966,14.386944018556687,14.221494236076083,14.30533504486084,121158720,0.0,0.0
2011-03-14 00:00:00-04:00,14.208345328076737,14.344525063103841,14.089777331433302,14.138643264770508,112531356,0.0,0.0
2011-03-15 00:00:00-04:00,13.828827371051824,14.163696172266258,13.779216548084545,14.127976417541504,160063776,0.0,0.0
2011-03-16 00:00:00-04:00,14.08952879172811,14.133682443833447,13.674540801351453,13.818904876708984,151788060,0.0,0.0
2011-03-17 00:00:00-04:00,14.001967823922405,14.114086096687696,13.90423595325155,13.924575805664062,115856028,0.0,0.0
2011-03-18 00:00:00-04:00,14.00593405949661,14.089031849048888,13.884390296371343,13.917132377624512,131812056,0.0,0.0
2011-03-21 00:00:00-04:00,14.144349465394344,14.381982705250556,14.114584102738538,14.300125122070312,120715164,0.0,0.0
2011-03-22 00:00:00-04:00,14.319222957253462,14.367841222631267,14.201151242425833,14.320463180541992,75400524,0.0,0.0
2011-03-23 00:00:00-04:00,14.267629194869032,14.447713968275057,14.188500678792083,14.440521240234375,72575352,0.0,0.0
2011-03-24 00:00:00-04:00,14.521633848655021,14.595056585653719,14.357175690089704,14.557849884033203,83864052,0.0,0.0
2011-03-25 00:00:00-04:00,14.557601202329492,14.55834420195943,14.368089032087372,14.380492210388184,114221664,0.0,0.0
2011-03-28 00:00:00-04:00,14.438288150234436,14.510719274549626,14.255722922168228,14.271846771240234,88647264,0.0,0.0
2011-03-29 00:00:00-04:00,14.287723099454734,14.43382558260898,14.213556412995286,14.429856300354004,64127808,0.0,0.0
2011-03-30 00:00:00-04:00,14.495587532137266,14.52336966906112,14.401328668536548,14.432583808898926,56835108,0.0,0.0
2011-03-31 00:00:00-04:00,14.461358254559897,14.589351766060307,14.430103112690563,14.554625511169434,81094824,0.0,0.0
2011-04-01 00:00:00-04:00,14.604234821122704,14.763731134818448,14.604234821122704,14.679641723632812,104423472,0.0,0.0
2011-04-04 00:00:00-04:00,14.709406854360985,14.752567001279594,14.463836035513088,14.577444076538086,82097820,0.0,0.0
2011-04-05 00:00:00-04:00,14.413731231099938,14.423900683847577,14.031732063829946,14.116317749023438,241658100,0.0,0.0
2011-04-06 00:00:00-04:00,14.192965769272341,14.266883832520683,14.089280456910355,14.242575645446777,106625268,0.0,0.0
2011-04-07 00:00:00-04:00,14.2810247618275,14.4028181008527,14.24282455829645,14.386942863464355,101158740,0.0,0.0
2011-04-08 00:00:00-04:00,14.508238610876884,14.508238610876884,14.338820509275076,14.341300010681152,75995928,0.0,0.0
2011-04-11 00:00:00-04:00,14.292682504155385,14.339811936107663,14.213306320248757,14.321704864501953,74253672,0.0,0.0
2011-04-12 00:00:00-04:00,14.262917054355354,14.310295100991299,14.090521274244878,14.154023170471191,83340576,0.0,0.0
2011-04-13 00:00:00-04:00,14.275567614804773,14.327410275612698,14.182300358662442,14.29466724395752,82693224,0.0,0.0
2011-04-14 00:00:00-04:00,14.26762840491047,14.373297883095564,14.190981284995615,14.349981307983398,218033748,0.0,0.0
2011-04-15 00:00:00-04:00,13.525958068126112,13.537367744806128,13.148176772617797,13.16405200958252,561186252,0.0,0.0
2011-04-18 00:00:00-04:00,13.05788694982367,13.088645813912542,12.873833824883635,13.068305015563965,201390408,0.0,0.0
2011-04-19 00:00:00-04:00,13.145449707281408,13.168518621276304,12.920964520887136,12.936591148376465,107256636,0.0,0.0
2011-04-20 00:00:00-04:00,13.044987479058701,13.067808722559997,12.933116877527725,13.040770530700684,122277600,0.0,0.0
2011-04-21 00:00:00-04:00,13.084427633056762,13.104023540693177,12.9579220116743,13.025144577026367,98705196,0.0,0.0
2011-04-25 00:00:00-04:00,13.02886378641938,13.072272548550078,12.948495045399977,13.023902893066406,65166768,0.0,0.0
2011-04-26 00:00:00-04:00,13.060368527484643,13.331239205477885,13.027873158743404,13.21664047241211,139860000,0.0,0.0
2011-04-27 00:00:00-04:00,13.345128674611754,13.347857733207803,13.254590477794185,13.3391752243042,91844064,0.0,0.0
2011-04-28 00:00:00-04:00,13.346617935736443,13.376136576366251,13.247893505272554,13.344386100769043,79920000,0.0,0.0
2011-04-29 00:00:00-04:00,13.394739724895144,13.496439933776855,13.357779744348734,13.496439933776855,168970860,0.0,0.0
2011-05-02 00:00:00-04:00,13.536126363967865,13.53687125414641,13.323298573043385,13.359018325805664,85262652,0.0,0.0
2011-05-03 00:00:00-04:00,13.323549015047146,13.444597458268584,13.137509844723388,13.243180274963379,83176740,0.0,0.0
2011-05-04 00:00:00-04:00,13.274930947501453,13.369933757056513,13.221599453193164,13.29030990600586,84595320,0.0,0.0
2011-05-05 00:00:00-04:00,13.242435985358775,13.380351273135926,13.183895933531367,13.252605438232422,79832088,0.0,0.0
2011-05-06 00:00:00-04:00,13.348849947879952,13.430954245539445,13.275178601765779,13.278155326843262,82161756,0.0,0.0
2011-05-09 00:00:00-04:00,13.270713904783658,13.357284713629209,13.17397458728728,13.337191581726074,77870052,0.0,0.0
2011-05-10 00:00:00-04:00,13.394739619428305,13.504626058078111,13.33371911646285,13.460721015930176,81634284,0.0,0.0
2011-05-11 00:00:00-04:00,13.398213694425639,13.482798448452995,13.238221083913368,13.281877517700195,93458448,0.0,0.0
2011-05-12 00:00:00-04:00,13.276666818075356,13.31883630329963,13.169260827262702,13.271954536437988,57874068,0.0,0.0
2011-05-13 00:00:00-04:00,13.26103970710872,13.293534125434421,13.123122524874494,13.135525703430176,84263652,0.0,0.0
2011-05-16 00:00:00-04:00,13.05515694081241,13.078969794088621,12.809338456821608,12.859443664550781,118209672,0.0,0.0
2011-05-17 00:00:00-04:00,12.785280626898201,13.176952092478588,12.775358838935368,13.158100128173828,132011856,0.0,0.0
2011-05-18 00:00:00-04:00,13.135278007826116,13.154873914455985,13.040026587871843,13.141975402832031,78049872,0.0,0.0
2011-05-19 00:00:00-04:00,13.214406641289802,13.308913171850907,13.139742738789515,13.177695274353027,98649252,0.0,0.0
2011-05-20 00:00:00-04:00,13.191336586965976,13.19604981368316,12.976276948474263,12.998601913452148,92607300,0.0,0.0
2011-05-23 00:00:00-04:00,12.814300387136786,12.898637464489333,12.734924203123542,12.858701705932617,91908000,0.0,0.0
2011-05-24 00:00:00-04:00,12.907816274190933,12.996866585010633,12.852749219644517,12.855477333068848,75924000,0.0,0.0
2011-05-25 00:00:00-04:00,12.83240671387269,12.967346218862248,12.83042254571058,12.890451431274414,52011936,0.0,0.0
2011-05-26 00:00:00-04:00,12.841586282476168,12.95122505859367,12.77461327198206,12.852252960205078,84655260,0.0,0.0
2011-05-27 00:00:00-04:00,12.86093249583373,12.943037731688001,12.806857061302907,12.920961380004883,69762168,0.0,0.0
2011-05-31 00:00:00-04:00,13.022662324293828,13.12312230261114,12.985455625133456,13.122379302978516,107384508,0.0,0.0
2011-06-01 00:00:00-04:00,13.098070379515125,13.226063884434163,13.030352484433957,13.037546157836914,118117764,0.0,0.0
2011-06-02 00:00:00-04:00,13.086413402229104,13.154132254278327,12.960156377254894,13.0985689163208,88091820,0.0,0.0
2011-06-03 00:00:00-04:00,12.948247041452015,13.087155832884399,12.935845753684903,12.97503662109375,69870060,0.0,0.0
2011-06-06 00:00:00-04:00,12.986449275369072,13.067810583790843,12.880034885070893,12.924933433532715,77606316,0.0,0.0
2011-06-07 00:00:00-04:00,12.970323319737222,13.013484413943978,12.873584011847628,12.874576568603516,76227696,0.0,0.0
2011-06-08 00:00:00-04:00,12.812564730655925,12.929396234263619,12.793960434114027,12.878049850463867,66069864,0.0,0.0
2011-06-09 00:00:00-04:00,12.89863951596284,12.89863951596284,12.790489566205531,12.817526817321777,67496436,0.0,0.0
2011-06-10 00:00:00-04:00,12.751791939980363,12.81653216494559,12.632975331039189,12.638432502746582,97498404,0.0,0.0
2011-06-13 00:00:00-04:00,12.650588569024325,12.655549462929597,12.456365035229904,12.519865989685059,96994908,0.0,0.0
2011-06-14 00:00:00-04:00,12.604697941821247,12.751792978054137,12.575924191063619,12.610156059265137,93566340,0.0,0.0
2011-06-15 00:00:00-04:00,12.527304915631454,12.609657824440928,12.417667093543857,12.47571086883545,82849068,0.0,0.0
2011-06-16 00:00:00-04:00,12.472239733940864,12.565506047790315,12.31993613835589,12.411715507507324,110169720,0.0,0.0
2011-06-17 00:00:00-04:00,12.555831674573337,12.568482520405208,12.025499104684316,12.030957221984863,209606184,0.0,0.0
2011-06-20 00:00:00-04:00,12.030460484635292,12.06097073528859,11.887334739773312,12.020042419433594,121022856,0.0,0.0
2011-06-21 00:00:00-04:00,12.084785430088914,12.252219389043418,12.0237639742027,12.228901863098145,110505384,0.0,0.0
2011-06-22 00:00:00-04:00,12.19045350226867,12.212777523352601,12.07337338898229,12.080318450927734,96187716,0.0,0.0
2011-06-23 00:00:00-04:00,11.959269991702751,11.977378009468456,11.75090773528519,11.911892890930176,191875932,0.0,0.0
2011-06-24 00:00:00-04:00,11.923301992905776,11.925038494630096,11.73329448468833,11.779433250427246,152071776,0.0,0.0
2011-06-27 00:00:00-04:00,11.757605161796286,12.114798007440283,11.747683374629231,11.975889205932617,137650212,0.0,0.0
2011-06-28 00:00:00-04:00,12.006152173131634,12.308526587122687,12.006152173131634,12.245025634765625,108495396,0.0,0.0
2011-06-29 00:00:00-04:00,12.316711003519025,12.408738033686625,12.213521963221083,12.342260360717773,93626280,0.0,0.0
2011-06-30 00:00:00-04:00,12.451898091471726,12.567985642779888,12.439743524636878,12.560791969299316,97038864,0.0,0.0
2011-07-01 00:00:00-04:00,12.569722922372213,12.927909275755477,12.560792746606577,12.924187660217285,145322532,0.0,0.0
2011-07-05 00:00:00-04:00,13.030105336244295,13.280636129651796,13.030105336244295,13.207212448120117,153814032,0.0,0.0
2011-07-06 00:00:00-04:00,13.233506183855132,13.357779018931746,13.222095562075877,13.279643058776855,107716176,0.0,0.0
2011-07-07 00:00:00-04:00,13.419544762481014,13.659657487508731,13.292541920276019,13.558453559875488,157262580,0.0,0.0
2011-07-08 00:00:00-04:00,13.219864455654433,13.336449244275741,13.078972421106615,13.196051597595215,190617192,0.0,0.0
2011-07-11 00:00:00-04:00,13.101543830348849,13.295023402146176,13.035066156322713,13.079218864440918,113458428,0.0,0.0
2011-07-12 00:00:00-04:00,13.101046785819582,13.38035131078505,13.047467627007515,13.246156692504883,113534352,0.0,0.0
2011-07-13 00:00:00-04:00,13.320323564121477,13.493959554428328,13.30742410731375,13.351577758789062,111496392,0.0,0.0
2011-07-14 00:00:00-04:00,13.372909646151244,13.444349153026641,13.065574380658578,13.120394706726074,265714020,0.0,0.0
2011-07-15 00:00:00-04:00,14.821030309168162,14.88924448480822,14.58935148007397,14.824007034301758,548734716,0.0,0.0
2011-07-18 00:00:00-04:00,14.696758318733933,14.933894333381193,14.6846037509418,14.757530212402344,178553268,0.0,0.0
2011-07-19 00:00:00-04:00,14.787295707758584,14.999130963609819,14.772165360784511,14.946296691894531,118581300,0.0,0.0
2011-07-20 00:00:00-04:00,14.93711925780752,14.953243107325466,14.767701148986816,14.767701148986816,89022888,0.0,0.0
2011-07-21 00:00:00-04:00,14.734956809858643,15.082971784157035,14.734460531483425,15.05643081665039,138641220,0.0,0.0
2011-07-22 00:00:00-04:00,15.016744000503119,15.366743172715063,14.988961862054458,15.335240364074707,140986872,0.0,0.0
2011-07-25 00:00:00-04:00,15.214439562723546,15.513340963449897,15.205509387098429,15.35384464263916,125138736,0.0,0.0
2011-07-26 00:00:00-04:00,15.33077615938019,15.565184059486548,15.310187694201112,15.441655158996582,93622284,0.0,0.0
2011-07-27 00:00:00-04:00,15.30919538510092,15.402710307138117,15.000868481062646,15.06213665008545,157218624,0.0,0.0
2011-07-28 00:00:00-04:00,15.011781847056158,15.279429045732801,14.95745873998661,15.154411315917969,124211664,0.0,0.0
2011-07-29 00:00:00-04:00,14.98796983400418,15.254128212427473,14.97457504272461,14.97457504272461,165330504,0.0,0.0
2011-08-01 00:00:00-04:00,15.161357555111078,15.267522378840587,14.862703822289545,15.050973892211914,158485356,0.0,0.0
2011-08-02 00:00:00-04:00,15.031874038123254,15.122908513247333,14.673937254485333,14.694525718688965,127895976,0.0,0.0
2011-08-03 00:00:00-04:00,14.740910903051674,14.95745843668225,14.47698437984061,14.912065505981445,152874972,0.0,0.0
2011-08-04 00:00:00-04:00,14.746616199250559,14.854518476504355,14.324186823512742,14.32542610168457,196387416,0.0,0.0
2011-08-05 00:00:00-04:00,14.449948091647954,14.634993775508548,13.940451640347938,14.363129615783691,236926836,0.0,0.0
2011-08-08 00:00:00-04:00,13.964761194039518,14.114087124225733,13.50264183103844,13.544066429138184,299564136,0.0,0.0
2011-08-09 00:00:00-04:00,13.91564672186194,14.253244625894057,13.419793655914942,14.223478317260742,258529212,0.0,0.0
2011-08-10 00:00:00-04:00,13.925071733764232,13.993037296427136,13.586482253209399,13.618232727050781,214569216,0.0,0.0
2011-08-11 00:00:00-04:00,13.737544628413302,14.101683464973483,13.603350005238799,13.94367504119873,193030776,0.0,0.0
2011-08-12 00:00:00-04:00,14.126489115818533,14.151294528334903,13.900762792325375,13.984355926513672,126045828,0.0,0.0
2011-08-15 00:00:00-04:00,13.72787134791124,14.014618166190896,13.54480984689666,13.822131156921387,285510204,0.0,0.0
2011-08-16 00:00:00-04:00,13.703067343765067,13.703315010322697,13.154130488744402,13.36993408203125,277298424,0.0,0.0
2011-08-17 00:00:00-04:00,13.395485154381609,13.486271974633741,13.165790462745482,13.224825859069824,163000836,0.0,0.0
2011-08-18 00:00:00-04:00,12.984710146195587,13.019932675528862,12.414689550579292,12.523584365844727,251376372,0.0,0.0
2011-08-19 00:00:00-04:00,12.386163711976344,12.771386295122822,12.175816378185761,12.1773042678833,216183600,0.0,0.0
2011-08-22 00:00:00-04:00,12.501757040792372,12.57617233442089,12.266852871038132,12.35714340209961,196039764,0.0,0.0
2011-08-23 00:00:00-04:00,12.489353522934627,12.933612492448745,12.379219420715016,12.869367599487305,173698128,0.0,0.0
2011-08-24 00:00:00-04:00,12.882019335272865,13.146688877361205,12.829929005661926,12.980246543884277,143636220,0.0,0.0
2011-08-25 00:00:00-04:00,13.156113819890056,13.327020749039132,12.856468498867821,12.899629592895508,131588280,0.0,0.0
2011-08-26 00:00:00-04:00,12.89839026362369,13.157851233565335,12.728474934156955,13.068800926208496,143708148,0.0,0.0
2011-08-29 00:00:00-04:00,13.259798511203021,13.381096511556088,13.234994044727042,13.371917724609375,93338568,0.0,0.0
2011-08-30 00:00:00-04:00,13.349842922398084,13.46890721119292,13.166782346425997,13.412103652954102,119440440,0.0,0.0
2011-08-31 00:00:00-04:00,13.512314987508562,13.551011469338391,13.295518836631622,13.41855239868164,107624268,0.0,0.0
2011-09-01 00:00:00-04:00,13.413343683117388,13.489743149164854,13.176951610847956,13.208702087402344,96523380,0.0,0.0
2011-09-02 00:00:00-04:00,13.009517035479243,13.095094339981372,12.91674605719758,13.018694877624512,95951952,0.0,0.0
2011-09-06 00:00:00-04:00,12.670431738918857,12.96710036917579,12.66299039829923,12.952713966369629,108523368,0.0,0.0
2011-09-07 00:00:00-04:00,13.157851857109868,13.294031604637347,13.082196336784351,13.24665355682373,110121768,0.0,0.0
2011-09-08 00:00:00-04:00,13.240947283361002,13.372413789460872,13.19381785251706,13.269721031188965,95124780,0.0,0.0
2011-09-09 00:00:00-04:00,13.181416847399847,13.262034211327297,12.928157913333425,13.018943786621094,130621248,0.0,0.0
2011-09-12 00:00:00-04:00,12.848035371553324,13.19605036715499,12.836624749393405,13.149664878845215,106709184,0.0,0.0
2011-09-13 00:00:00-04:00,13.196298629194766,13.242932731457806,12.982975473830251,13.134782791137695,94073832,0.0,0.0
2011-09-14 00:00:00-04:00,13.210932797416358,13.319082723069812,13.043002598372487,13.198034286499023,107668224,0.0,0.0
2011-09-15 00:00:00-04:00,13.283116619635965,13.518268454906297,13.25979909670989,13.458240509033203,118313568,0.0,0.0
2011-09-16 00:00:00-04:00,13.513803104431327,13.564405538932188,13.472626178036199,13.560437202453613,141230628,0.0,0.0
2011-09-19 00:00:00-04:00,13.403421985443513,13.64031033774074,13.280140748748906,13.560190200805664,98637264,0.0,0.0
2011-09-20 00:00:00-04:00,13.627905966958389,13.854128551111517,13.460967378230386,13.559195518493652,111052836,0.0,0.0
2011-09-21 00:00:00-04:00,13.585490107560117,13.766815101674752,13.366461190918224,13.374894142150879,100471428,0.0,0.0
2011-09-22 00:00:00-04:00,13.053670650907714,13.116427660331484,12.74980833689106,12.915010452270508,175835988,0.0,0.0
2011-09-23 00:00:00-04:00,12.813309830272873,13.057888149003158,12.762211108434977,13.03531551361084,110980908,0.0,0.0
2011-09-26 00:00:00-04:00,13.078473255554787,13.219367159768161,12.731203169387518,13.193570137023926,105262632,0.0,0.0
2011-09-27 00:00:00-04:00,13.350089008881,13.569615153761774,13.296759406073479,13.37836742401123,120315564,0.0,0.0
2011-09-28 00:00:00-04:00,13.431946881194994,13.494455272312583,13.089636729365267,13.117914199829102,90441468,0.0,0.0
2011-09-29 00:00:00-04:00,13.296512009741194,13.327766207465462,12.884003486276557,13.084676742553711,116147736,0.0,0.0
2011-09-30 00:00:00-04:00,12.90384734094365,12.997859493308843,12.759233693237855,12.775606155395508,108835056,0.0,0.0
2011-10-03 00:00:00-04:00,12.646866773034496,12.700197323062095,12.278510980428464,12.291409492492676,178797024,0.0,0.0
2011-10-04 00:00:00-04:00,12.155229248617875,12.48786621636739,11.921317648811547,12.449665069580078,166185648,0.0,0.0
2011-10-05 00:00:00-04:00,12.311998183971724,12.59601690235456,11.925535312144449,12.519120216369629,181182636,0.0,0.0
2011-10-06 00:00:00-04:00,12.588573372754663,12.780317372416972,12.467028656782151,12.76741886138916,136835028,0.0,0.0
2011-10-07 00:00:00-04:00,12.820005994233957,12.911040465399848,12.658028291532924,12.777588844299316,114121764,0.0,0.0
2011-10-10 00:00:00-04:00,13.027128533320694,13.331982432121679,12.978013986456682,13.324541091918945,92795112,0.0,0.0
2011-10-11 00:00:00-04:00,13.232513238970519,13.563413698526332,13.232513238970519,13.473618507385254,114021864,0.0,0.0
2011-10-12 00:00:00-04:00,13.596403442168464,13.772519875740924,13.509585921317823,13.605581283569336,126984888,0.0,0.0
2011-10-13 00:00:00-04:00,13.643536069650867,13.866037080034074,13.593677572715505,13.865789413452148,227276496,0.0,0.0
2011-10-14 00:00:00-04:00,14.869898177394834,14.87312256929872,14.574717434657915,14.676666259765625,340854804,0.0,0.0
2011-10-17 00:00:00-04:00,14.479217403703917,14.680386927462884,14.33733188029523,14.446722984313965,160167672,0.0,0.0
2011-10-18 00:00:00-04:00,14.391654194350116,14.698493189831131,14.322447465584426,14.647643089294434,151879968,0.0,0.0
2011-10-19 00:00:00-04:00,14.569012240783659,14.686091410975065,14.36759504237129,14.404306411743164,117142740,0.0,0.0
2011-10-20 00:00:00-04:00,14.434072701051814,14.607460093794026,14.374787753099984,14.47797679901123,135024840,0.0,0.0
2011-10-21 00:00:00-04:00,14.622839942536169,14.703207742948,14.553136929104262,14.647148132324219,135504360,0.0,0.0
2011-10-24 00:00:00-04:00,14.55363288870396,14.882299647633731,14.548175716758706,14.794240951538086,136938924,0.0,0.0
2011-10-25 00:00:00-04:00,14.711888763991356,14.759018197144988,14.457637302459379,14.465326309204102,101518380,0.0,0.0
2011-10-26 00:00:00-04:00,14.623830539751111,14.639457164581518,14.209834162990724,14.543461799621582,114809076,0.0,0.0
2011-10-27 00:00:00-04:00,14.8438517250443,14.950018438395995,14.716849826100946,14.850053787231445,151060788,0.0,0.0
2011-10-28 00:00:00-04:00,14.747112446358603,14.94009574199564,14.740415051037527,14.886517524719238,100219680,0.0,0.0
2011-10-31 00:00:00-04:00,14.761249475699447,14.8753528495279,14.676416126535882,14.70047664642334,102209688,0.0,0.0
2011-11-01 00:00:00-04:00,14.389423922050801,14.523618555295457,14.30632611614187,14.353456497192383,124878996,0.0,0.0
2011-11-02 00:00:00-04:00,14.508487265087416,14.584390446743464,14.398849441061145,14.506502151489258,84751164,0.0,0.0
2011-11-03 00:00:00-04:00,14.56057615919507,14.821028709411621,14.479215813730075,14.821028709411621,106685208,0.0,0.0
2011-11-04 00:00:00-04:00,14.721809276417366,14.876593298226988,14.695268309650446,14.787294387817383,113278608,0.0,0.0
2011-11-07 00:00:00-05:00,14.717346041313933,15.100832183255257,14.69030879365123,15.089669227600098,134161704,0.0,0.0
2011-11-08 00:00:00-05:00,15.106289223137754,15.239493182532144,14.972342264076309,15.189138412475586,121054824,0.0,0.0
2011-11-09 00:00:00-05:00,14.988712867249326,15.115962423347167,14.849803132607896,14.906607627868652,148291560,0.0,0.0
2011-11-10 00:00:00-05:00,15.030137639517688,15.030633917928208,14.673689688654294,14.761003494262695,114621264,0.0,0.0
2011-11-11 00:00:00-05:00,14.915290819228604,15.182937066760726,14.848316868061493,15.090166091918945,158920920,0.0,0.0
2011-11-14 00:00:00-05:00,15.081484011976013,15.331519473246802,15.076027785340491,15.205509185791016,127420452,0.0,0.0
2011-11-15 00:00:00-05:00,15.200547408650964,15.331518582010805,15.143496191223544,15.293814659118652,106932960,0.0,0.0
2011-11-16 00:00:00-05:00,15.182688054269656,15.336975804434553,15.146225299856141,15.167556762695312,104235660,0.0,0.0
2011-11-17 00:00:00-05:00,15.132335439813142,15.187898772009142,14.80317144999879,14.904624938964844,139592268,0.0,0.0
2011-11-18 00:00:00-05:00,14.93265521520215,14.994668278263374,14.728013619567736,14.75604248046875,131376492,0.0,0.0
2011-11-21 00:00:00-05:00,14.579427754143738,14.597783435616172,14.190733106669738,14.410257339477539,119931948,0.0,0.0
2011-11-22 00:00:00-05:00,14.386942863464355,14.510224092429373,14.268870194580902,14.386942863464355,96115788,0.0,0.0
2011-11-23 00:00:00-05:00,14.27159831503772,14.393143987564468,14.141620635986328,14.141620635986328,92938968,0.0,0.0
2011-11-25 00:00:00-05:00,14.019578841754862,14.244808877807225,13.92383019905978,13.965255737304688,62433504,0.0,0.0
2011-11-28 00:00:00-05:00,14.371313322804108,14.60572118135799,14.300122430873698,14.590093612670898,113042844,0.0,0.0
2011-11-29 00:00:00-05:00,14.582405416309072,14.64392219249467,14.41993238553513,14.459620475769043,73198728,0.0,0.0
2011-11-30 00:00:00-05:00,14.832193489303034,14.87088997133345,14.686835905713599,14.867913246154785,135744120,0.0,0.0
2011-12-01 00:00:00-05:00,14.883043168271044,15.279924092554815,14.858238701310926,15.224609375,144679176,0.0,0.0
2011-12-02 00:00:00-05:00,15.305970577288253,15.478365402746764,15.286373725103815,15.38807487487793,163264572,0.0,0.0
2011-12-05 00:00:00-05:00,15.56865599765736,15.67432453916614,15.438677377049773,15.519293785095215,127772100,0.0,0.0
2011-12-06 00:00:00-05:00,15.453311832170655,15.592964576486155,15.385098601165472,15.472661018371582,92966940,0.0,0.0
2011-12-07 00:00:00-05:00,15.42081869384892,15.519542178303459,15.33201605133115,15.463234901428223,90201708,0.0,0.0
2011-12-08 00:00:00-05:00,15.404943587389855,15.56394363214098,15.26256178015508,15.281166076660156,96427476,0.0,0.0
2011-12-09 00:00:00-05:00,15.329534155603682,15.605615249459708,15.304978300193993,15.563199043273926,110537352,0.0,0.0
2011-12-12 00:00:00-05:00,15.425778894204187,15.532439992706848,15.386338468332317,15.51284408569336,87268644,0.0,0.0
2011-12-13 00:00:00-05:00,15.596438517693695,15.789918102535987,15.449840702714424,15.518798828125,160966872,0.0,0.0
2011-12-14 00:00:00-05:00,15.425033742478314,15.486301905421254,15.192857710989687,15.331270217895508,155991852,0.0,0.0
2011-12-15 00:00:00-05:00,15.441654870951156,15.478366240041128,15.346651111133456,15.367734909057617,96247656,0.0,0.0
2011-12-16 00:00:00-05:00,15.486303564387699,15.610328738636039,15.415608940931403,15.526984214782715,178193628,0.0,0.0
2011-12-19 00:00:00-05:00,15.577834764380501,15.58998838671323,15.379146624281775,15.424538612365723,85654260,0.0,0.0
2011-12-20 00:00:00-05:00,15.577585800373479,15.672837219735348,15.577336243242842,15.636373519897461,95432472,0.0,0.0
2011-12-21 00:00:00-05:00,15.62744487937545,15.67234153499472,15.35334793731073,15.52351188659668,99816084,0.0,0.0
2011-12-22 00:00:00-05:00,15.57634507500176,15.670108607169531,15.553028497882591,15.61975383758545,72819108,0.0,0.0
2011-12-23 00:00:00-05:00,15.676805423891038,15.74328309458768,15.641086614577942,15.705082893371582,58089852,0.0,0.0
2011-12-27 00:00:00-05:00,15.678046433304116,15.986621002327864,15.676806209936506,15.881447792053223,64191744,0.0,0.0
2011-12-28 00:00:00-05:00,15.943460039440218,15.999271978726064,15.828115490955092,15.867804527282715,85002912,0.0,0.0
2011-12-29 00:00:00-05:00,15.912206541910958,15.949662802039313,15.756183220111916,15.93478012084961,62952984,0.0,0.0
2011-12-30 00:00:00-05:00,15.925349136073244,16.042924552725356,15.925349136073244,16.02159309387207,71220708,0.0,0.0
2012-01-03 00:00:00-05:00,16.196226116157433,16.573511178826283,16.18208832452265,16.505544662475586,146912940,0.0,0.0
2012-01-04 00:00:00-05:00,16.496116243953235,16.625600477171965,16.38672703205007,16.57673454284668,114445440,0.0,0.0
2012-01-05 00:00:00-05:00,16.424185191983977,16.469825794652785,16.277835038610363,16.346792221069336,131184684,0.0,0.0
2012-01-06 00:00:00-05:00,16.350260016089962,16.371345699342445,16.118084958481727,16.123790740966797,107608284,0.0,0.0
2012-01-09 00:00:00-05:00,16.036478481012786,16.048880713905337,15.409654316890656,15.440164566040039,232671096,0.0,0.0
2012-01-10 00:00:00-05:00,15.62099503300046,15.721455015203055,15.302496790123534,15.457033157348633,175648176,0.0,0.0
2012-01-11 00:00:00-05:00,15.465962766544083,15.612065240431685,15.406927377245383,15.526984214782715,95904000,0.0,0.0
2012-01-12 00:00:00-05:00,15.657456964112056,15.69888155628183,15.540376860789994,15.618265151977539,74932992,0.0,0.0
2012-01-13 00:00:00-05:00,15.534423919710923,15.551539379762787,15.405437857657631,15.502922058105469,92199708,0.0,0.0
2012-01-17 00:00:00-05:00,15.67630942794689,15.67630942794689,15.520037507479243,15.591972351074219,76295628,0.0,0.0
2012-01-18 00:00:00-05:00,15.54360142946007,15.726415259714294,15.431731775139845,15.69937801361084,110357532,0.0,0.0
2012-01-19 00:00:00-05:00,15.899803632756967,15.899803632756967,15.663411573865222,15.864580154418945,251959788,0.0,0.0
2012-01-20 00:00:00-05:00,14.648138916301743,14.659798150052746,14.429110936972858,14.535524368286133,422628948,0.0,0.0
2012-01-23 00:00:00-05:00,14.535773554214865,14.601754005708877,14.465326596992846,14.523866653442383,136379484,0.0,0.0
2012-01-24 00:00:00-05:00,14.54371250648764,14.577447152949132,14.337333454748576,14.410013198852539,122109768,0.0,0.0
2012-01-25 00:00:00-05:00,14.325176517525588,14.35494282197179,14.04909638338514,14.126240730285645,199308492,0.0,0.0
2012-01-26 00:00:00-05:00,14.188006526650142,14.250018642758917,14.003704789580649,14.09176254272461,128918952,0.0,0.0
2012-01-27 00:00:00-05:00,14.158239234659025,14.394879895906874,14.12227086750256,14.386445999145508,144555300,0.0,0.0
2012-01-30 00:00:00-05:00,14.338573425163535,14.386943083036693,14.223228867840099,14.329643249511719,93126780,0.0,0.0
2012-01-31 00:00:00-05:00,14.461357549095377,14.486162960956712,14.266636814774401,14.389670372009277,85610304,0.0,0.0
2012-02-01 00:00:00-05:00,14.509479607095772,14.523370676521296,14.36561085505645,14.407530784606934,92735172,0.0,0.0
2012-02-02 00:00:00-05:00,14.507742266692196,14.545942469081318,14.438537426007544,14.51369571685791,96491412,0.0,0.0
2012-02-03 00:00:00-05:00,14.651364050168658,14.810365028556935,14.586622880226049,14.792008399963379,126613260,0.0,0.0
2012-02-06 00:00:00-05:00,14.759265302989018,15.151681602676021,14.734460836635861,15.1085205078125,147036816,0.0,0.0
2012-02-07 00:00:00-05:00,15.06040034621142,15.11596367750274,14.97631093165264,15.050973892211914,83600316,0.0,0.0
2012-02-08 00:00:00-05:00,15.097359729843962,15.16458229690576,15.000620412588743,15.127374649047852,73382544,0.0,0.0
2012-02-09 00:00:00-05:00,15.18120082991926,15.242717610387198,15.10628925898417,15.167309761047363,90497412,0.0,0.0
2012-02-10 00:00:00-05:00,15.078506137911152,15.084707254335582,14.982263109478165,15.029641151428223,92914992,0.0,0.0
2012-02-13 00:00:00-05:00,15.143497542786033,15.226345790516149,15.131591587031886,15.18566608428955,72579348,0.0,0.0
2012-02-14 00:00:00-05:00,15.169293840461444,15.180703516531725,15.00111502612707,15.125140190124512,72075852,0.0,0.0
2012-02-15 00:00:00-05:00,15.203773696575647,15.203773696575647,14.946544560449217,15.020959854125977,96938964,0.0,0.0
2012-02-16 00:00:00-05:00,14.952993730496722,15.101575700446064,14.826735780640924,15.044772148132324,101134764,0.0,0.0
2012-02-17 00:00:00-05:00,15.006323712400997,15.072306049277637,14.942575100858368,14.998138427734375,97866036,0.0,0.0
2012-02-21 00:00:00-05:00,14.979038583136436,15.326557273945047,14.954480838907802,15.230313301086426,99132768,0.0,0.0
2012-02-22 00:00:00-05:00,15.179712148267951,15.299272706872317,15.049485857668541,15.079996109008789,78601320,0.0,0.0
2012-02-23 00:00:00-05:00,15.056679473061818,15.079996050600663,14.891725983216359,15.034603118896484,82117800,0.0,0.0
2012-02-24 00:00:00-05:00,15.065361142581182,15.172023189329336,15.019719598706134,15.12861442565918,77346576,0.0,0.0
2012-02-27 00:00:00-05:00,15.04651005770218,15.18963486929513,15.00855846375844,15.113980293273926,72483444,0.0,0.0
2012-02-28 00:00:00-05:00,15.131094967160937,15.373440478377146,15.073546522222424,15.33920955657959,113790096,0.0,0.0
2012-02-29 00:00:00-05:00,15.344418792505856,15.51805480121319,15.267523048355235,15.335737228393555,125350524,0.0,0.0
2012-03-01 00:00:00-05:00,15.435204784203938,15.520534421349474,15.33325596472739,15.438677787780762,89418492,0.0,0.0
2012-03-02 00:00:00-05:00,15.428755777329469,15.478365657045277,15.387083516179878,15.410151481628418,62869068,0.0,0.0
2012-03-05 00:00:00-05:00,15.389811211958998,15.440910873927495,15.165326049532435,15.236516952514648,63668268,0.0,0.0
2012-03-06 00:00:00-05:00,15.082724898041091,15.101576861411344,14.73024526862042,15.006077766418457,126849024,0.0,0.0
2012-03-07 00:00:00-05:00,15.107529709443625,15.160612593705409,15.028402134109262,15.051718711853027,50529420,0.0,0.0
2012-03-08 00:00:00-05:00,15.132086910998757,15.16830294724938,15.040557099398235,15.060153007507324,53766180,0.0,0.0
2012-03-09 00:00:00-05:00,15.08024317839262,15.178222705841968,14.883042009658242,14.889243125915527,106717176,0.0,0.0
2012-03-12 00:00:00-04:00,14.883043085909403,15.05667908013028,14.86468740234362,15.01078987121582,66693240,0.0,0.0
2012-03-13 00:00:00-04:00,15.10008778888936,15.325814107931057,15.020711604752957,15.324077606201172,89742168,0.0,0.0
2012-03-14 00:00:00-04:00,15.255120589093869,15.448103891634736,15.21692132944578,15.279677391052246,117358524,0.0,0.0
2012-03-15 00:00:00-04:00,15.294808178556039,15.465962786903143,15.250903136364006,15.407175064086914,97306596,0.0,0.0
2012-03-16 00:00:00-04:00,15.401223305507477,15.52574381907494,15.380386228214533,15.50416374206543,121897980,0.0,0.0
2012-03-19 00:00:00-04:00,15.456536033306948,15.80752773072066,15.409902881540036,15.725918769836426,86825088,0.0,0.0
2012-03-20 00:00:00-04:00,15.65001652930826,15.777513759388029,15.559477388172622,15.713765144348145,61558380,0.0,0.0
2012-03-21 00:00:00-04:00,15.74154618752967,16.05855462951152,15.689455864751093,15.874750137329102,98685216,0.0,0.0
2012-03-22 00:00:00-04:00,15.838039683046697,16.093532324372347,15.652001443760275,16.025318145751953,96311592,0.0,0.0
2012-03-23 00:00:00-04:00,16.038959650395196,16.086090028095118,15.897572298464157,15.939492225646973,77530392,0.0,0.0
2012-03-26 00:00:00-04:00,15.99927200709257,16.110646328733385,15.863836218951624,16.10667610168457,72695232,0.0,0.0
2012-03-27 00:00:00-04:00,16.049627015317654,16.21011494799341,15.994310404935032,16.049379348754883,80207712,0.0,0.0
2012-03-28 00:00:00-04:00,16.173651005449056,16.336373606525616,16.150086761231346,16.26617431640625,101454444,0.0,0.0
2012-03-29 00:00:00-04:00,16.208625692820302,16.286761650916755,15.981908715420202,16.0838565826416,76895028,0.0,0.0
2012-03-30 00:00:00-04:00,16.166706077615604,16.209866227186488,15.90005050198481,15.906003952026367,92335572,0.0,0.0
2012-04-02 00:00:00-04:00,15.894346638660744,16.06128523492878,15.747251615511956,16.046897888183594,91276632,0.0,0.0
2012-04-03 00:00:00-04:00,16.0094437845502,16.07244940637857,15.84151355421671,15.940237045288086,81714204,0.0,0.0
2012-04-04 00:00:00-04:00,15.836799530576226,15.850441988244526,15.654481960729532,15.754942893981934,65038896,0.0,0.0
2012-04-05 00:00:00-04:00,15.682758759335512,15.786691740272204,15.591724289739464,15.68474292755127,92655252,0.0,0.0
2012-04-09 00:00:00-04:00,15.589492134015174,15.759406513590726,15.510363615836889,15.648032188415527,87220692,0.0,0.0
2012-04-10 00:00:00-04:00,15.714510885660317,15.738819075768731,15.492008942065985,15.549308776855469,99180720,0.0,0.0
2012-04-11 00:00:00-04:00,15.725670787951001,15.776025553856666,15.65944078619297,15.775032997131348,87872040,0.0,0.0
2012-04-12 00:00:00-04:00,15.933539680100017,16.201185943048166,15.881697963212718,16.148351669311523,230033736,0.0,0.0
2012-04-13 00:00:00-04:00,16.062525715646263,16.098246420738896,15.466956596496098,15.493250846862793,326045628,0.0,0.0
2012-04-16 00:00:00-04:00,15.453561126557362,15.473652366799781,14.92422018621724,15.033610343933105,227456316,0.0,0.0
2012-04-17 00:00:00-04:00,15.095375966475057,15.321847196822057,15.05692809416665,15.120429992675781,120835044,0.0,0.0
2012-04-18 00:00:00-04:00,15.082724210374147,15.200548267097084,14.952745586436498,15.067841529846191,106673220,0.0,0.0
2012-04-19 00:00:00-04:00,15.024183487098856,15.286373503523338,14.85823839259019,14.865678787231445,131652216,0.0,0.0
2012-04-20 00:00:00-04:00,14.988465393379402,15.102568780353016,14.779606860417168,14.785311698913574,122213664,0.0,0.0
2012-04-23 00:00:00-04:00,14.706926350753692,14.844594920034814,14.639953346379787,14.823511123657227,87824088,0.0,0.0
2012-04-24 00:00:00-04:00,14.839386776275772,15.047501359168301,14.81656647755708,14.914546012878418,77086836,0.0,0.0
2012-04-25 00:00:00-04:00,14.982264738358216,15.164582307518788,14.954482599405718,15.124149322509766,72771156,0.0,0.0
2012-04-26 00:00:00-04:00,15.153668111180478,15.329535007807044,15.123654136954942,15.266778945922852,83616300,0.0,0.0
2012-04-27 00:00:00-04:00,15.255616923621872,15.298281743995462,15.145978147395295,15.254624366760254,65390544,0.0,0.0
2012-04-30 00:00:00-04:00,15.205261825331258,15.281908955129262,14.8981751371346,15.003348350524902,96195708,0.0,0.0
2012-05-01 00:00:00-04:00,14.977056128130418,15.170782428696802,14.887757206331607,14.992931365966797,80011908,0.0,0.0
2012-05-02 00:00:00-04:00,14.912810001607374,15.084213222710982,14.898174987466167,15.063129425048828,64395540,0.0,0.0
2012-05-03 00:00:00-04:00,15.121669656795152,15.25090339348716,15.105049528800603,15.15639591217041,74645280,0.0,0.0
2012-05-04 00:00:00-04:00,15.029889871619405,15.078755806820155,14.80391587963562,14.807884216308594,88207704,0.0,0.0
2012-05-07 00:00:00-04:00,14.759017471478908,15.145232650260844,14.759017471478908,15.070321083068848,79700220,0.0,0.0
2012-05-08 00:00:00-04:00,15.020216380865905,15.30224999354709,14.900408151306458,15.200301170349121,106984908,0.0,0.0
2012-05-09 00:00:00-04:00,15.052215931208943,15.289351950768092,14.927942137270641,15.110011100769043,93058848,0.0,0.0
2012-05-10 00:00:00-04:00,15.204516841014573,15.284636968984893,15.136798946239985,15.221880912780762,61374564,0.0,0.0
2012-05-11 00:00:00-04:00,15.139778289640676,15.243959902379181,15.001365751128093,15.012776374816895,83892024,0.0,0.0
2012-05-14 00:00:00-04:00,14.902391100147295,15.093885539194366,14.897429261880571,14.98226261138916,72903024,0.0,0.0
2012-05-15 00:00:00-04:00,15.0157494370764,15.25511819250804,14.976061348376376,15.158626556396484,83999916,0.0,0.0
2012-05-16 00:00:00-04:00,15.328541848799716,15.62967506280989,15.278435692861535,15.600653648376465,193210596,0.0,0.0
2012-05-17 00:00:00-04:00,15.722200137981789,15.821915231413442,15.409655340695064,15.454800605773926,134017848,0.0,0.0
2012-05-18 00:00:00-04:00,15.505652784785513,15.687226426219384,14.801188800131412,14.89296817779541,238701060,0.0,0.0
2012-05-21 00:00:00-04:00,14.895695336090215,15.272236441838944,14.883044489642055,15.233044624328613,122892984,0.0,0.0
2012-05-22 00:00:00-04:00,15.216423768425287,15.225602555927413,14.783824015868822,14.902888298034668,121953924,0.0,0.0
2012-05-23 00:00:00-04:00,14.923972384498688,15.12117263519082,14.81160549557147,15.117700576782227,126996876,0.0,0.0
2012-05-24 00:00:00-04:00,15.110256675595307,15.178718513684549,14.855013617884241,14.973830223083496,75576348,0.0,0.0
2012-05-25 00:00:00-04:00,14.907847257308253,14.925954327523526,14.592326714185099,14.672943115234375,143132724,0.0,0.0
2012-05-29 00:00:00-04:00,14.779110873506138,14.86146378730418,14.593321248008893,14.742647171020508,104123772,0.0,0.0
2012-05-30 00:00:00-04:00,14.589351793176695,14.682122771544634,14.474504460327354,14.59108829498291,76191732,0.0,0.0
2012-05-31 00:00:00-04:00,14.60324306400957,14.634993539498211,14.362136827313948,14.40827465057373,118613268,0.0,0.0
2012-06-01 00:00:00-04:00,14.18329351892295,14.204625929189127,14.097963877858236,14.163201332092285,122193684,0.0,0.0
2012-06-04 00:00:00-04:00,14.144348551283963,14.39909723632046,14.139139991272716,14.351966857910156,97210692,0.0,0.0
2012-06-05 00:00:00-04:00,14.274080851190794,14.34055853127759,14.051331231378029,14.149063110351562,93502404,0.0,0.0
2012-06-06 00:00:00-04:00,14.29962760229992,14.435808283914483,14.228437648443993,14.401081085205078,83748168,0.0,0.0
2012-06-07 00:00:00-04:00,14.575462284726248,14.582655013523949,14.31872941484894,14.343037605285645,70269660,0.0,0.0
2012-06-08 00:00:00-04:00,14.284002228524184,14.411749024524783,14.25249941867132,14.39810562133789,56359584,0.0,0.0
2012-06-11 00:00:00-04:00,14.491371814432345,14.518905340057284,14.05678601877084,14.101683616638184,106337556,0.0,0.0
2012-06-12 00:00:00-04:00,14.133186267013015,14.146333390648595,13.855617288404586,14.017346382141113,128839032,0.0,0.0
2012-06-13 00:00:00-04:00,13.933506676155666,14.064476917932955,13.858098822477876,13.917879104614258,78089832,0.0,0.0
2012-06-14 00:00:00-04:00,13.923088135061215,14.016603058670926,13.804519186409284,13.867276191711426,93702204,0.0,0.0
2012-06-15 00:00:00-04:00,13.899276483694802,14.002960870013716,13.818659120168013,14.002713203430176,119927952,0.0,0.0
2012-06-18 00:00:00-04:00,13.955831644066164,14.243322431966751,13.87223755946514,14.159976959228516,99776124,0.0,0.0
2012-06-19 00:00:00-04:00,14.227941757140506,14.493108508824076,14.216283468403395,14.424894332885742,82964952,0.0,0.0
2012-06-20 00:00:00-04:00,14.382229357673156,14.38694258454488,14.225957433580506,14.325177192687988,93774132,0.0,0.0
2012-06-21 00:00:00-04:00,14.38297441177346,14.38297441177346,13.98336347635483,14.020074844360352,80371548,0.0,0.0
2012-06-22 00:00:00-04:00,14.08928071637778,14.175601959228516,14.03520622448653,14.175601959228516,89026884,0.0,0.0
2012-06-25 00:00:00-04:00,14.072662261276747,14.091514224773514,13.8251081795189,13.90820598602295,63200736,0.0,0.0
2012-06-26 00:00:00-04:00,13.959302732878506,14.054554154938879,13.877942379524983,14.006928443908691,53953992,0.0,0.0
2012-06-27 00:00:00-04:00,14.081840531504467,14.237863848791845,14.040168269144518,14.121528625488281,67624308,0.0,0.0
2012-06-28 00:00:00-04:00,14.03719166371986,14.045376949148904,13.821634785678983,13.997751235961914,76759164,0.0,0.0
2012-06-29 00:00:00-04:00,14.261923371747695,14.390166432192775,14.19346153258745,14.388677597045898,100679220,0.0,0.0
2012-07-02 00:00:00-04:00,14.432086599847304,14.46135757197113,14.300123812555652,14.398599624633789,66153780,0.0,0.0
2012-07-03 00:00:00-04:00,14.387192290384858,14.595554570278248,14.337333791917395,14.581167221069336,47532420,0.0,0.0
2012-07-05 00:00:00-04:00,14.604234095181045,14.884531173241415,14.598775978403637,14.781838417053223,93742164,0.0,0.0
2012-07-06 00:00:00-04:00,14.695765290696286,14.72230720573172,14.456892781838496,14.535276412963867,86385528,0.0,0.0
2012-07-09 00:00:00-04:00,14.509726032310505,14.600265169750545,14.417948562145687,14.536020278930664,68535396,0.0,0.0
2012-07-10 00:00:00-04:00,14.639707484031213,14.695270818859386,14.355688747252197,14.429112434387207,76847076,0.0,0.0
2012-07-11 00:00:00-04:00,14.29516069420279,14.333608556753605,14.013375758462617,14.16840648651123,139832028,0.0,0.0
2012-07-12 00:00:00-04:00,14.067454266473492,14.186767169461678,13.942684191061796,14.150798797607422,92299608,0.0,0.0
2012-07-13 00:00:00-04:00,14.192220588671628,14.365856569667377,14.102922624326446,14.300619125366211,78960960,0.0,0.0
2012-07-16 00:00:00-04:00,14.296898434407096,14.366848159766564,14.183043671829786,14.260931015014648,58445496,0.0,0.0
2012-07-17 00:00:00-04:00,14.347998541553435,14.403561871741108,14.099203306428407,14.305830001831055,67136796,0.0,0.0
2012-07-18 00:00:00-04:00,14.312029666260619,14.47847197337667,14.290945871185132,14.405793190002441,61866072,0.0,0.0
2012-07-19 00:00:00-04:00,14.539244662222403,14.84533971518617,14.535772604134216,14.710895538330078,186801012,0.0,0.0
2012-07-20 00:00:00-04:00,15.10033618197629,15.204021504735456,14.837898483306121,15.151434898376465,258289452,0.0,0.0
2012-07-23 00:00:00-04:00,14.894949427316051,15.338215820080213,14.839633766850769,15.267769813537598,142325532,0.0,0.0
2012-07-24 00:00:00-04:00,15.255120640236385,15.327799434789448,14.990698765925977,15.070818901062012,80295624,0.0,0.0
2012-07-25 00:00:00-04:00,15.089422124807975,15.214936137963873,15.016247052443589,15.081236839294434,72847080,0.0,0.0
2012-07-26 00:00:00-04:00,15.255120998649325,15.30150649039035,15.131839761826468,15.21444034576416,67340592,0.0,0.0
2012-07-27 00:00:00-04:00,15.351611451123512,15.751221438642876,15.317132863527013,15.750228881835938,141846012,0.0,0.0
2012-07-30 00:00:00-04:00,15.777266616229733,15.939740608203046,15.614793569548645,15.684247970581055,87380532,0.0,0.0
2012-07-31 00:00:00-04:00,15.584034253898544,15.788427211320545,15.583041697149957,15.700865745544434,74549376,0.0,0.0
2012-08-01 00:00:00-04:00,15.80827184630633,15.863091228582826,15.661425437495767,15.693673133850098,73710216,0.0,0.0
2012-08-02 00:00:00-04:00,15.515821697953935,15.826381393418039,15.46373136907206,15.596189498901367,79028892,0.0,0.0
2012-08-03 00:00:00-04:00,15.875247710985054,15.967523360490773,15.779500002998816,15.908238410949707,75808116,0.0,0.0
2012-08-06 00:00:00-04:00,15.865571368111086,16.107917802118866,15.855897248450454,15.945197105407715,71224704,0.0,0.0
2012-08-07 00:00:00-04:00,15.919647896936178,15.980917959491196,15.78768604395824,15.888642311096191,79192728,0.0,0.0
2012-08-08 00:00:00-04:00,15.851680210639573,16.02085063459878,15.83803775469342,15.930560111999512,52835112,0.0,0.0
2012-08-09 00:00:00-04:00,15.987120467372527,16.033256404998877,15.912952830890063,15.933541297912598,42769188,0.0,0.0
2012-08-10 00:00:00-04:00,15.84027145007368,15.930808699149527,15.779250949302678,15.924857139587402,57326616,0.0,0.0
2012-08-13 00:00:00-04:00,16.059299227652026,16.37506649532566,16.04094354542139,16.37159538269043,130585284,0.0,0.0
2012-08-14 00:00:00-04:00,16.352747190396776,16.690095574225946,16.34654607235468,16.586162567138672,146321532,0.0,0.0
2012-08-15 00:00:00-04:00,16.6263447498324,16.724821516266392,16.473050485265368,16.558380126953125,96331572,0.0,0.0
2012-08-16 00:00:00-04:00,16.55763455395719,16.734494947263336,16.54696787653989,16.690589904785156,68639292,0.0,0.0
2012-08-17 00:00:00-04:00,16.72159245330492,16.79923307045399,16.661564517612025,16.7965030670166,87020892,0.0,0.0
2012-08-20 00:00:00-04:00,16.755824307306682,16.83941837846135,16.685377358705153,16.756816864013672,70253676,0.0,0.0
2012-08-21 00:00:00-04:00,16.69654246171014,16.817838571798273,16.425175547878514,16.60724449157715,88799112,0.0,0.0
2012-08-22 00:00:00-04:00,16.554409245713718,16.88233300819648,16.5375414512999,16.79749870300293,76291632,0.0,0.0
2012-08-23 00:00:00-04:00,16.72531843203473,16.879357584066014,16.64420479531823,16.788074493408203,71296632,0.0,0.0
2012-08-24 00:00:00-04:00,16.758307297092315,16.87861275057418,16.720605261178566,16.833467483520508,57006936,0.0,0.0
2012-08-27 00:00:00-04:00,16.445511726859422,16.669005226968114,16.35249310217159,16.600048065185547,104443452,0.0,0.0
2012-08-28 00:00:00-04:00,16.495372127833065,16.808411286191035,16.48892334496844,16.79923439025879,82261656,0.0,0.0
2012-08-29 00:00:00-04:00,16.802211728555353,17.090448338923082,16.771951034299548,17.066137313842773,119492388,0.0,0.0
2012-08-30 00:00:00-04:00,16.97262533141346,17.05076130416674,16.87191766859506,16.90912437438965,65010924,0.0,0.0
2012-08-31 00:00:00-04:00,16.96667231252599,17.080279437264313,16.868445094258625,16.993709564208984,84998916,0.0,0.0
2012-09-04 00:00:00-04:00,16.980314717686664,16.991476729673863,16.706219640469122,16.89324951171875,75508416,0.0,0.0
2012-09-05 00:00:00-04:00,16.867450758241514,17.02868358495512,16.846117402824937,16.88530921936035,68259672,0.0,0.0
2012-09-06 00:00:00-04:00,17.015287178716083,17.360821711325777,16.984776929067596,17.34866714477539,121618260,0.0,0.0
2012-09-07 00:00:00-04:00,17.363548691521085,17.667410944869438,17.305753532833773,17.51609992980957,129190680,0.0,0.0
2012-09-10 00:00:00-04:00,17.605648576003976,17.681302197788433,17.32361309909014,17.38265037536621,102297600,0.0,0.0
2012-09-11 00:00:00-04:00,17.312951310253894,17.379677604474168,17.140306902263667,17.169824600219727,74877048,0.0,0.0
2012-09-12 00:00:00-04:00,17.100867303235077,17.237295670995508,16.889280634264207,17.137331008911133,105586308,0.0,0.0
2012-09-13 00:00:00-04:00,17.192148903993715,17.586797066745245,17.128895619678104,17.51337432861328,106253640,0.0,0.0
2012-09-14 00:00:00-04:00,17.60167928456141,17.68601636456868,17.537435335678293,17.60366439819336,104635260,0.0,0.0
2012-09-17 00:00:00-04:00,17.564719478713325,17.68303980832023,17.48757607577839,17.61110496520996,60271668,0.0,0.0
2012-09-18 00:00:00-04:00,17.556531648310546,17.826410646002273,17.531727184183197,17.816986083984375,82589328,0.0,0.0
2012-09-19 00:00:00-04:00,17.79764019078935,18.071982893821527,17.770602943211212,18.045690536499023,123808068,0.0,0.0
2012-09-20 00:00:00-04:00,17.9705293989324,18.141931644551555,17.889913002075467,18.061067581176758,116179704,0.0,0.0
2012-09-21 00:00:00-04:00,18.16251996758453,18.22974157554131,18.110676370627875,18.20667266845703,254109636,0.0,0.0
2012-09-24 00:00:00-04:00,18.132506511163125,18.604795251580416,18.11390316220849,18.588424682617188,142409448,0.0,0.0
2012-09-25 00:00:00-04:00,18.67945748572952,18.973150283712474,18.54575915435253,18.582965850830078,242097660,0.0,0.0
2012-09-26 00:00:00-04:00,18.60008486265955,18.882615705673516,18.380561530336266,18.68963050842285,226689084,0.0,0.0
2012-09-27 00:00:00-04:00,18.85061864831492,18.92230394613573,18.64473587152909,18.765039443969727,157086756,0.0,0.0
2012-09-28 00:00:00-04:00,18.706747725159154,18.834492630461018,18.632332427943176,18.71542739868164,111228660,0.0,0.0
2012-10-01 00:00:00-04:00,18.82828870110313,18.975879050047567,18.75784175131234,18.896007537841797,126593280,0.0,0.0
2012-10-02 00:00:00-04:00,18.98083919948402,19.000435104319394,18.610500230397477,18.777189254760742,111496392,0.0,0.0
2012-10-03 00:00:00-04:00,18.74568912198982,18.94908951807292,18.658374379433152,18.91386604309082,88243668,0.0,0.0
2012-10-04 00:00:00-04:00,18.92007099385724,19.097180961388126,18.836974127899886,19.051538467407227,98069832,0.0,0.0
2012-10-05 00:00:00-04:00,19.117517715377936,19.208553135905714,18.97612846966457,19.041614532470703,109326564,0.0,0.0
2012-10-08 00:00:00-04:00,18.876662444066564,18.94065873110841,18.706748048155234,18.79827880859375,78265656,0.0,0.0
2012-10-09 00:00:00-04:00,18.843668595087,18.884595962602454,18.418510231191455,18.457204818725586,120007872,0.0,0.0
2012-10-10 00:00:00-04:00,18.401892393419914,18.542536753305722,18.313337416849162,18.4688663482666,81514404,0.0,0.0
2012-10-11 00:00:00-04:00,18.675739760363587,18.814648563614128,18.610998585818695,18.64051628112793,95260644,0.0,0.0
2012-10-12 00:00:00-04:00,18.649694893917168,18.72460552161685,18.45745459519201,18.47357749938965,96071832,0.0,0.0
2012-10-15 00:00:00-04:00,18.40387592241445,18.45075863687859,18.125067644833365,18.380064010620117,120643236,0.0,0.0
2012-10-16 00:00:00-04:00,18.35898016694251,18.529142224565256,18.267944742258877,18.47233772277832,82245672,0.0,0.0
2012-10-17 00:00:00-04:00,18.45373490336861,18.761070218592458,18.362204142907935,18.739986419677734,91624284,0.0,0.0
2012-10-18 00:00:00-04:00,18.741227586140365,18.837471578729804,16.768232355103134,17.239526748657227,497198304,0.0,0.0
2012-10-19 00:00:00-04:00,17.50196571851689,17.529745968282363,16.669010075266435,16.91185188293457,458828712,0.0,0.0
2012-10-22 00:00:00-04:00,16.892500222797832,16.982295409671266,16.61195454368095,16.834457397460938,162061776,0.0,0.0
2012-10-23 00:00:00-04:00,16.669257639669073,17.049272699532395,16.669009973091086,16.87613296508789,116547336,0.0,0.0
2012-10-24 00:00:00-04:00,17.03612418693657,17.041085080430562,16.750122249020972,16.80047607421875,99760140,0.0,0.0
2012-10-25 00:00:00-04:00,16.867448196194704,16.91705712575011,16.70646306050216,16.8118839263916,95947956,0.0,0.0
2012-10-26 00:00:00-04:00,16.780628819259718,16.942606511959013,16.649163265111174,16.747142791748047,77953968,0.0,0.0
2012-10-31 00:00:00-04:00,16.863975031264946,16.892252498957156,16.743421930549978,16.874889373779297,61418520,0.0,0.0
2012-11-01 00:00:00-04:00,16.85504519804186,17.13782175541309,16.835696960160604,17.05571746826172,81921996,0.0,0.0
2012-11-02 00:00:00-04:00,17.234315426315113,17.25316833338706,17.050261368736383,17.063905715942383,92883024,0.0,0.0
2012-11-05 00:00:00-05:00,16.97907336076586,17.03761342108111,16.757317244802895,16.940874099731445,65370564,0.0,0.0
2012-11-06 00:00:00-05:00,17.00338059541233,17.028682285748864,16.80667663745267,16.910114288330078,63248688,0.0,0.0
2012-11-07 00:00:00-05:00,16.743424023784293,16.823545101082313,16.53233271052459,16.54796028137207,89202708,0.0,0.0
2012-11-08 00:00:00-05:00,16.624360366894926,16.656358507649397,16.15380714699523,16.18010139465332,103776120,0.0,0.0
2012-11-09 00:00:00-05:00,16.238642422922748,16.578223539163844,16.13073920313651,16.446508407592773,124439436,0.0,0.0
2012-11-12 00:00:00-05:00,16.464364888851723,16.614437577876352,16.3929272715035,16.517696380615234,56179764,0.0,0.0
2012-11-13 00:00:00-05:00,16.445763556305515,16.559865989822715,16.327441338658108,16.347782135009766,63704232,0.0,0.0
2012-11-14 00:00:00-05:00,16.3877177311712,16.425421651075958,16.135697190878176,16.186548233032227,66669264,0.0,0.0
2012-11-15 00:00:00-05:00,16.123298716999756,16.371350978959743,15.971987669061392,16.055334091186523,73882044,0.0,0.0
2012-11-16 00:00:00-05:00,16.023828940848194,16.198208876629476,15.776026272229393,16.053346633911133,137390472,0.0,0.0
2012-11-19 00:00:00-05:00,16.26468775635156,16.592611541492747,16.260471752749016,16.57499885559082,94633272,0.0,0.0
2012-11-20 00:00:00-05:00,16.60724648058863,16.81784058603212,16.484708241912973,16.618656158447266,83464452,0.0,0.0
2012-11-21 00:00:00-05:00,16.594347393542403,16.614440526764596,16.381272836378205,16.51695442199707,84403512,0.0,0.0
2012-11-23 00:00:00-05:00,16.618654939127907,16.619399829392442,16.522658624224203,16.56904411315918,36863100,0.0,0.0
2012-11-26 00:00:00-05:00,16.53109355184155,16.544985567082673,16.347041365157605,16.39987564086914,88095816,0.0,0.0
2012-11-27 00:00:00-05:00,16.37556355839007,16.743422089579674,16.321736735476943,16.637008666992188,100247652,0.0,0.0
2012-11-28 00:00:00-05:00,16.570035725584553,16.989242549196014,16.46784019016681,16.95848274230957,121558320,0.0,0.0
2012-11-29 00:00:00-05:00,17.060432367202473,17.212238724564042,16.917058015841615,17.162382125854492,110948940,0.0,0.0
2012-11-30 00:00:00-05:00,17.14799527121885,17.344202006614072,17.008589252315222,17.323118209838867,126417456,0.0,0.0
2012-12-03 00:00:00-05:00,17.419116851786942,17.509655058283894,17.21745008178081,17.245729446411133,87612300,0.0,0.0
2012-12-04 00:00:00-05:00,17.239523294135793,17.25217508405365,17.008837982988577,17.141048431396484,79588332,0.0,0.0
2012-12-05 00:00:00-05:00,17.168832155474526,17.22712454558575,16.925245474752238,17.061426162719727,74421504,0.0,0.0
2012-12-06 00:00:00-05:00,17.055719809887393,17.254656551197904,16.97932129512039,17.143529891967773,58433508,0.0,0.0
2012-12-07 00:00:00-05:00,17.23952623839259,17.28616128848266,16.927479580002164,16.971879959106445,76695228,0.0,0.0
2012-12-10 00:00:00-05:00,17.001151014167533,17.156432298267774,16.961463860055566,17.001895904541016,54613332,0.0,0.0
2012-12-11 00:00:00-05:00,17.11550213160275,17.411178220321627,17.058947183727916,17.286161422729492,107396496,0.0,0.0
2012-12-12 00:00:00-05:00,17.344448884004592,17.45061464387208,17.20182131584213,17.303024291992188,96942960,0.0,0.0
2012-12-13 00:00:00-05:00,17.758450528809163,17.772092987530552,17.352390761045843,17.430526733398438,137658204,0.0,0.0
2012-12-14 00:00:00-05:00,17.34296177179593,17.5575260811782,17.324606088263383,17.412168502807617,85118796,0.0,0.0
2012-12-17 00:00:00-05:00,17.499977276868858,17.907277178214752,17.46326591254565,17.878999710083008,121294584,0.0,0.0
2012-12-18 00:00:00-05:00,17.775319015119255,18.085382469528916,17.736870193917767,17.88619613647461,120075804,0.0,0.0
2012-12-19 00:00:00-05:00,17.87726557050247,17.934070074391485,17.777300911541822,17.862382888793945,76667256,0.0,0.0
2012-12-20 00:00:00-05:00,17.94051783843234,17.9749964272139,17.784493574771886,17.918193817138672,66213720,0.0,0.0
2012-12-21 00:00:00-05:00,17.71007620335944,17.830379750143017,17.624498907849897,17.751253128051758,140898960,0.0,0.0
2012-12-24 00:00:00-05:00,17.72347308338587,17.74009132079365,17.548845468523037,17.599199295043945,33602364,0.0,0.0
2012-12-26 00:00:00-05:00,17.56372690725267,17.683039793532192,17.423330224560765,17.58357048034668,47248704,0.0,0.0
2012-12-27 00:00:00-05:00,17.54065891653586,17.5828284021549,17.329072269930155,17.519575119018555,65830104,0.0,0.0
2012-12-28 00:00:00-05:00,17.40547039793759,17.53495083655686,17.363798141479492,17.363798141479492,56023920,0.0,0.0
2012-12-31 00:00:00-05:00,17.363552170611552,17.62574221977899,17.26433240185745,17.546613693237305,79816104,0.0,0.0
2013-01-02 00:00:00-05:00,17.845263800349805,18.033286178462152,17.7740738529599,17.940265655517578,101550348,0.0,0.0
2013-01-03 00:00:00-05:00,17.98194255092831,18.155577609949844,17.87751233648206,17.950687408447266,92635272,0.0,0.0
2013-01-04 00:00:00-05:00,18.091329978712306,18.39221454554091,18.050153057302012,18.305397033691406,110429460,0.0,0.0
2013-01-07 00:00:00-05:00,18.24289373671819,18.340376060571703,18.122092942238844,18.225528717041016,66161772,0.0,0.0
2013-01-08 00:00:00-05:00,18.24512614706425,18.26397905840359,17.969543167291867,18.189563751220703,66976956,0.0,0.0
2013-01-09 00:00:00-05:00,18.16400837537718,18.314822163240727,18.07297296760737,18.309118270874023,80907012,0.0,0.0
2013-01-10 00:00:00-05:00,18.425951622928512,18.479780342937932,18.19452140117406,18.392465591430664,73354572,0.0,0.0
2013-01-11 00:00:00-05:00,18.40536539059562,18.416030177586638,18.263976140478565,18.355506896972656,51356592,0.0,0.0
2013-01-14 00:00:00-05:00,18.281336494951255,18.41032349138263,17.91794163749129,17.940265655517578,114441444,0.0,0.0
2013-01-15 00:00:00-05:00,17.84303242995052,18.23172711564509,17.66369160023682,17.98194122314453,156950892,0.0,0.0
2013-01-16 00:00:00-05:00,17.91918288126708,17.967305813787736,17.702635356676986,17.740339279174805,80855064,0.0,0.0
2013-01-17 00:00:00-05:00,17.802847113854725,17.850720487760128,17.63690108295089,17.64434242248535,88371540,0.0,0.0
2013-01-18 00:00:00-05:00,17.620531818348987,17.680312096168112,17.39654105379565,17.475421905517578,128942928,0.0,0.0
2013-01-22 00:00:00-05:00,17.479140418242782,17.496008209921264,17.252421568423905,17.434738159179688,151544304,0.0,0.0
2013-01-23 00:00:00-05:00,18.256285477284923,18.579000687991353,18.25132458357392,18.392961502075195,236127636,0.0,0.0
2013-01-24 00:00:00-05:00,18.386512143204047,18.773223626919194,18.368404125491534,18.708234786987305,135172692,0.0,0.0
2013-01-25 00:00:00-05:00,18.6229027323818,18.814150447776306,18.610003276460006,18.69483757019043,88946964,0.0,0.0
2013-01-28 00:00:00-05:00,18.647463269766124,18.74271470147879,18.551466947733605,18.62191390991211,65018916,0.0,0.0
2013-01-29 00:00:00-05:00,18.523187935864105,18.77620106643628,18.51797937581145,18.695087432861328,69814116,0.0,0.0
2013-01-30 00:00:00-05:00,18.696575889786693,18.87542139933408,18.675989315509632,18.698808670043945,69250680,0.0,0.0
2013-01-31 00:00:00-05:00,18.616455740523513,18.792818903563,18.610005066649997,18.744945526123047,65302632,0.0,0.0
2013-02-01 00:00:00-05:00,18.80720622311385,19.263619757762857,18.80472577642286,19.238813400268555,149694156,0.0,0.0
2013-02-04 00:00:00-05:00,19.042606739193932,19.111565811140494,18.808943721261333,18.827547073364258,121498380,0.0,0.0
2013-02-05 00:00:00-05:00,18.879885893214947,19.127440924903304,18.838710852279405,18.994237899780273,74753172,0.0,0.0
2013-02-06 00:00:00-05:00,18.828788792117475,19.173330806285247,18.81464911046537,19.104124069213867,83040876,0.0,0.0
2013-02-07 00:00:00-05:00,19.0924627443158,19.318436702970235,18.988280215279342,19.19788360595703,113494392,0.0,0.0
2013-02-08 00:00:00-05:00,19.351181539151675,19.513405016132157,19.33704185912537,19.481159210205078,120683196,0.0,0.0
2013-02-11 00:00:00-05:00,19.308270598230894,19.422374943732414,19.192927919788662,19.407987594604492,86625288,0.0,0.0
2013-02-12 00:00:00-05:00,19.39136871609844,19.54392000072807,19.332333316249084,19.365324020385742,74285640,0.0,0.0
2013-02-13 00:00:00-05:00,19.35118258379662,19.480663038167297,19.34721235653921,19.418899536132812,47880072,0.0,0.0
2013-02-14 00:00:00-05:00,19.34126264417318,19.56475623260785,19.29264625671825,19.54193687438965,69342588,0.0,0.0
2013-02-15 00:00:00-05:00,19.531511516854533,19.676869079958507,19.523325287443853,19.667692184448242,109082808,0.0,0.0
2013-02-19 00:00:00-05:00,19.744589532106538,20.01769199866619,19.726976848633115,20.01397132873535,117154728,0.0,0.0
2013-02-20 00:00:00-05:00,19.97552550225333,20.066559032573814,19.640409961206256,19.657028198242188,110457432,0.0,0.0
2013-02-21 00:00:00-05:00,19.794449152369886,19.97924621732638,19.626270324486697,19.733179092407227,140115744,0.0,0.0
2013-02-22 00:00:00-05:00,19.825702460973037,19.875063729801905,19.690266664309302,19.836864471435547,82073844,0.0,0.0
2013-02-25 00:00:00-05:00,19.90111043222997,20.052669133814803,19.608162482759862,19.615108489990234,92063844,0.0,0.0
2013-02-26 00:00:00-05:00,19.720034412970012,19.74359865787345,19.457099486446392,19.599233627319336,88011900,0.0,0.0
2013-02-27 00:00:00-05:00,19.71507506465704,19.961885215534593,19.62354430068249,19.838603973388672,80962956,0.0,0.0
2013-02-28 00:00:00-05:00,19.871342719402573,20.017443286422488,19.869605272508355,19.873823165893555,90541368,0.0,0.0
2013-03-01 00:00:00-05:00,19.78948881428877,20.021168598255798,19.74855955097843,19.997602462768555,86928984,0.0,0.0
2013-03-04 00:00:00-05:00,19.97552519826572,20.410607274388166,19.96808385810895,20.37736701965332,110912976,0.0,0.0
2013-03-05 00:00:00-05:00,20.561668650032264,20.839981576669587,20.560923759786387,20.80153465270996,161602236,0.0,0.0
2013-03-06 00:00:00-05:00,20.86180910380923,20.935479501263135,20.558691726957402,20.622440338134766,114805080,0.0,0.0
2013-03-07 00:00:00-05:00,20.688918382995684,20.75241933168626,20.577791722787182,20.6527042388916,82025892,0.0,0.0
2013-03-08 00:00:00-05:00,20.699831684987323,20.710250695068968,20.46542380928553,20.625913619995117,116359524,0.0,0.0
2013-03-11 00:00:00-04:00,20.630132572039066,20.82882166694845,20.625419344703452,20.707773208618164,63724212,0.0,0.0
2013-03-12 00:00:00-04:00,20.605822568568204,20.635090704395644,20.431193076280294,20.5289249420166,80251668,0.0,0.0
2013-03-13 00:00:00-04:00,20.536118164597113,20.605324892623937,20.397457042003236,20.471872329711914,65586348,0.0,0.0
2013-03-14 00:00:00-04:00,20.513543152827218,20.513543152827218,20.27541651752434,20.37835693359375,65981952,0.0,0.0
2013-03-15 00:00:00-04:00,20.302951173005187,20.347601103310765,20.17495672275249,20.19877052307129,123864012,0.0,0.0
2013-03-18 00:00:00-04:00,19.968083841020103,20.16056990929576,19.880521425098888,20.037290573120117,73458468,0.0,0.0
2013-03-19 00:00:00-04:00,20.122866113186785,20.321557080690404,20.004050445992984,20.12485122680664,83844072,0.0,0.0
2013-03-20 00:00:00-04:00,20.26152519840374,20.278392990715663,20.1278268643178,20.208938598632812,58493448,0.0,0.0
2013-03-21 00:00:00-04:00,20.12410838513244,20.26376018409354,20.088389573785395,20.123363494873047,59044896,0.0,0.0
2013-03-22 00:00:00-04:00,20.20968463471999,20.22208686783368,20.083178075791714,20.09979820251465,59468472,0.0,0.0
2013-03-25 00:00:00-04:00,20.15188896117071,20.321058441486603,20.013227839190282,20.08317756652832,68411520,0.0,0.0
2013-03-26 00:00:00-04:00,20.178927336928005,20.1913295704218,20.03729042737698,20.152137756347656,47628324,0.0,0.0
2013-03-27 00:00:00-04:00,20.00975498855027,20.017691661368602,19.877047315417844,19.9100399017334,86441472,0.0,0.0
2013-03-28 00:00:00-04:00,19.943027239014164,19.97725815551532,19.6778614693916,19.69993782043457,91420488,0.0,0.0
2013-04-01 00:00:00-04:00,19.720279082254066,19.899867564876796,19.676621712179806,19.87357521057129,72219708,0.0,0.0
2013-04-02 00:00:00-04:00,19.956673060588578,20.211917063501843,19.943276380357453,20.16751480102539,81578340,0.0,0.0
2013-04-03 00:00:00-04:00,20.17793422979668,20.196289912983737,19.860677165223905,19.997848510742188,69470460,0.0,0.0
2013-04-04 00:00:00-04:00,19.94947695273894,19.98668554100286,19.62825156710073,19.72176742553711,97806096,0.0,0.0
2013-04-05 00:00:00-04:00,19.498275553409208,19.52134446415911,19.258657215827267,19.423612594604492,137218644,0.0,0.0
2013-04-08 00:00:00-04:00,19.316952262461903,19.33679772955443,19.06022031963733,19.220212936401367,113170716,0.0,0.0
2013-04-09 00:00:00-04:00,19.236335627662147,19.440978179870015,19.177052565389463,19.2896671295166,86205708,0.0,0.0
2013-04-10 00:00:00-04:00,19.420385784576155,19.654298320720855,19.248733968902798,19.60047149658203,79064856,0.0,0.0
2013-04-11 00:00:00-04:00,19.6674458543866,19.672902080641716,19.448663659412794,19.605680465698242,81066852,0.0,0.0
2013-04-12 00:00:00-04:00,19.6453710135624,19.64809912689991,19.420635351370095,19.597248077392578,65402532,0.0,0.0
2013-04-15 00:00:00-04:00,19.495543301720396,19.76963827808949,19.27403302846506,19.39582633972168,98025876,0.0,0.0
2013-04-16 00:00:00-04:00,19.51142282609906,19.744838158071634,19.44519376376141,19.67959976196289,69610320,0.0,0.0
2013-04-17 00:00:00-04:00,19.515393878078566,19.616846432606078,19.300829533367562,19.411460876464844,81398520,0.0,0.0
2013-04-18 00:00:00-04:00,19.480663743065985,19.491827644400907,18.883110488683858,18.998455047607422,132767100,0.0,0.0
2013-04-19 00:00:00-04:00,19.079068082461347,19.929386743341855,19.00713512989905,19.84083366394043,231895872,0.0,0.0
2013-04-22 00:00:00-04:00,19.8589429917489,19.94228941534458,19.22393342483686,19.846790313720703,115220664,0.0,0.0
2013-04-23 00:00:00-04:00,19.8688653732604,20.22853773291317,19.85299013512409,20.040019989013672,91600308,0.0,0.0
2013-04-24 00:00:00-04:00,20.045228575884543,20.290550822317257,20.042500462432,20.177688598632812,73090836,0.0,0.0
2013-04-25 00:00:00-04:00,20.24714177747093,20.25259800404606,20.03332046312774,20.06978416442871,79608312,0.0,0.0
2013-04-26 00:00:00-04:00,20.03257814831927,20.036051151978725,19.75922610307935,19.879281997680664,99408492,0.0,0.0
2013-04-29 00:00:00-04:00,19.92467532539822,20.407133584197823,19.918474208235075,20.316844940185547,91939968,0.0,0.0
2013-04-30 00:00:00-04:00,20.31535212851835,20.52966875557065,20.282609100431557,20.45351791381836,92175732,0.0,0.0
2013-05-01 00:00:00-04:00,20.421023642458003,20.457239675688303,20.249867153401194,20.3508243560791,58141800,0.0,0.0
2013-05-02 00:00:00-04:00,20.342641205596358,20.701075217155662,20.316594623899885,20.578536987304688,80651268,0.0,0.0
2013-05-03 00:00:00-04:00,20.76085317298604,21.004935180183733,20.737041262583148,20.978145599365234,100403496,0.0,0.0
2013-05-06 00:00:00-04:00,21.041152138283397,21.378252802891378,21.041152138283397,21.370811462402344,85566348,0.0,0.0
2013-05-07 00:00:00-04:00,21.40702908363636,21.428360549834153,21.100933981734972,21.263654708862305,78281640,0.0,0.0
2013-05-08 00:00:00-04:00,21.257947430889512,21.67665895706347,21.156494886470593,21.67045783996582,98633268,0.0,0.0
2013-05-09 00:00:00-04:00,21.601249320919,21.82002962957983,21.53650626071307,21.617124557495117,87935976,0.0,0.0
2013-05-10 00:00:00-04:00,21.71213028472818,21.84186030231453,21.63399431805967,21.834171295166016,75832092,0.0,0.0
2013-05-13 00:00:00-04:00,21.800928443085233,21.889731076912533,21.664252434329256,21.767194747924805,57882060,0.0,0.0
2013-05-14 00:00:00-04:00,21.76645287644528,22.04402093537826,21.757523645691546,22.004581451416016,63108828,0.0,0.0
2013-05-15 00:00:00-04:00,22.212939042101674,22.73086832526866,22.176227680912355,22.718713760375977,159276564,0.0,0.0
2013-05-16 00:00:00-04:00,22.79586073665859,22.820171760850744,22.37442301624721,22.420560836791992,128255616,0.0,0.0
2013-05-17 00:00:00-04:00,22.573110832972617,22.65918346201445,22.33746274059532,22.552274703979492,111568320,0.0,0.0
2013-05-20 00:00:00-04:00,22.44859137616694,22.835550522419744,22.44859137616694,22.53615379333496,90817092,0.0,0.0
2013-05-21 00:00:00-04:00,22.523502195392847,22.613792726644846,22.26528239264859,22.49745750427246,79240680,0.0,0.0
2013-05-22 00:00:00-04:00,22.388066673202562,22.555500599489093,21.999122438054876,22.06212615966797,102321576,0.0,0.0
2013-05-23 00:00:00-04:00,21.754046828389296,22.075519875599003,21.679631543594507,21.897668838500977,90912996,0.0,0.0
2013-05-24 00:00:00-04:00,21.7108903696981,21.799197689903615,21.605469476894143,21.662769317626953,91780128,0.0,0.0
2013-05-28 00:00:00-04:00,21.91528099411524,22.129597632647908,21.838385258061614,21.859966278076172,90209700,0.0,0.0
2013-05-29 00:00:00-04:00,21.722049008903955,21.77860394556599,21.43877521135702,21.538490295410156,80455464,0.0,0.0
2013-05-30 00:00:00-04:00,21.5784280151131,21.801176659627533,21.491362826035026,21.59926414489746,84743172,0.0,0.0
2013-05-31 00:00:00-04:00,21.53378195924551,21.754050177421185,21.518897387527712,21.610675811767578,78697224,0.0,0.0
2013-06-03 00:00:00-04:00,21.654830430572037,21.67889000885703,21.208833985833444,21.521625518798828,98928972,0.0,0.0
2013-06-04 00:00:00-04:00,21.5270804451871,21.595046947711978,21.185266600305503,21.310035705566406,74669256,0.0,0.0
2013-06-05 00:00:00-04:00,21.39461889338411,21.566766026598486,21.26116823507646,21.32491683959961,84187728,0.0,0.0
2013-06-06 00:00:00-04:00,21.439026276972484,21.4893801053429,21.01535573673563,21.447460174560547,103060836,0.0,0.0
2013-06-07 00:00:00-04:00,21.59083290398364,21.82846614807447,21.464328219857634,21.821767807006836,106877016,0.0,0.0
2013-06-10 00:00:00-04:00,21.880551158757466,22.101314653675622,21.830692677229834,22.081968307495117,93418488,0.0,0.0
2013-06-11 00:00:00-04:00,21.926939547475307,22.002099731272132,21.81655777584966,21.82375144958496,70233696,0.0,0.0
2013-06-12 00:00:00-04:00,21.963904463593273,21.9772992566747,21.571736683993166,21.629531860351562,88103808,0.0,0.0
2013-06-13 00:00:00-04:00,21.555112555825982,21.82003069731491,21.468790361911672,21.75404930114746,82713204,0.0,0.0
2013-06-14 00:00:00-04:00,21.830946911486027,21.945051253189806,21.68286120255251,21.705432891845703,89710200,0.0,0.0
2013-06-17 00:00:00-04:00,21.809365331393497,22.062376587434755,21.785801085798077,21.983497619628906,85766148,0.0,0.0
2013-06-18 00:00:00-04:00,22.043024788843603,22.34936938507999,22.035585339914096,22.339942932128906,86589324,0.0,0.0
2013-06-19 00:00:00-04:00,22.358548031749823,22.593453140231254,22.2625536101551,22.341432571411133,116519364,0.0,0.0
2013-06-20 00:00:00-04:00,22.175488114991815,22.349372734659195,21.910569960612406,21.946041107177734,134745120,0.0,0.0
2013-06-21 00:00:00-04:00,22.03533840064769,22.073539550057635,21.656565477712206,21.851533889770508,159132708,0.0,0.0
2013-06-24 00:00:00-04:00,21.62704847447149,21.737182584582854,21.412981371445273,21.575206756591797,120555324,0.0,0.0
2013-06-25 00:00:00-04:00,21.760501113973874,21.820529068167676,21.444236546264005,21.48615837097168,102025872,0.0,0.0
2013-06-26 00:00:00-04:00,21.67343610508246,21.778856998414867,21.59455523973736,21.670955657958984,73182744,0.0,0.0
2013-06-27 00:00:00-04:00,21.7986974700384,21.944798040828587,21.745365978521793,21.75578498840332,76982940,0.0,0.0
2013-06-28 00:00:00-04:00,21.701957304389207,21.874104462770617,21.684346511128837,21.8376407623291,93878028,0.0,0.0
2013-07-01 00:00:00-04:00,21.98845844907891,22.128110256227668,21.95249007848033,22.023929595947266,68923008,0.0,0.0
2013-07-02 00:00:00-04:00,22.081474565385534,22.10131813828947,21.76074639033898,21.88576316833496,75584340,0.0,0.0
2013-07-03 00:00:00-04:00,21.82598311256573,22.055925431427827,21.791254969049362,21.987960815429688,41838120,0.0,0.0
2013-07-05 00:00:00-04:00,22.076765629748326,22.210711651998494,22.010534673045086,22.1630859375,68007924,0.0,0.0
2013-07-08 00:00:00-04:00,22.304969927345805,22.480092875630866,22.252135653924153,22.450824737548828,78701220,0.0,0.0
2013-07-09 00:00:00-04:00,22.59741735955673,22.645787951954798,22.27445456152723,22.454540252685547,79096824,0.0,0.0
2013-07-10 00:00:00-04:00,22.41014082726762,22.600891327034837,22.333989983517945,22.473146438598633,68267664,0.0,0.0
2013-07-11 00:00:00-04:00,22.647031607154197,22.840757891444813,22.535904951635768,22.82662010192871,103264632,0.0,0.0
2013-07-12 00:00:00-04:00,22.82066718275627,22.895082473754883,22.702594517713813,22.895082473754883,102625272,0.0,0.0
2013-07-15 00:00:00-04:00,22.927329968472552,23.019108392991058,22.730378328257995,22.93700408935547,78341580,0.0,0.0
2013-07-16 00:00:00-04:00,22.997525810966135,23.018361941319565,22.66935628525353,22.810993194580078,79240680,0.0,0.0
2013-07-17 00:00:00-04:00,22.84547323214269,22.990830820739777,22.72888844891543,22.784700393676758,60183756,0.0,0.0
2013-07-18 00:00:00-04:00,22.79561367859218,22.820667703103737,22.40369364121893,22.5894832611084,145234620,0.0,0.0
2013-07-19 00:00:00-04:00,21.992422195053123,22.397736964537614,21.719567421531018,22.240224838256836,294077628,0.0,0.0
2013-07-22 00:00:00-04:00,22.37417464642158,22.638845103982767,22.250148535610194,22.58997917175293,116011872,0.0,0.0
2013-07-23 00:00:00-04:00,22.58998167190298,22.647033840437217,22.313901507576293,22.418827056884766,81746172,0.0,0.0
2013-07-24 00:00:00-04:00,22.504652429522924,22.580058393743617,22.34192981850437,22.396501541137695,83056860,0.0,0.0
2013-07-25 00:00:00-04:00,22.172509143862854,22.246427206372864,21.979276310136743,22.019460678100586,119923956,0.0,0.0
2013-07-26 00:00:00-04:00,22.001853719352184,22.076269018482115,21.878075257185674,21.96117401123047,71036892,0.0,0.0
2013-07-29 00:00:00-04:00,21.95000974197807,22.196074969775527,21.850540426402496,21.8847713470459,75600324,0.0,0.0
2013-07-30 00:00:00-04:00,21.963900825552017,22.21567184799145,21.85004604851086,22.099336624145508,70153776,0.0,0.0
2013-07-31 00:00:00-04:00,22.1506819275812,22.237994785204226,21.981760105357452,22.020702362060547,86853060,0.0,0.0
2013-08-01 00:00:00-04:00,22.200539091603513,22.437429318266982,22.200539091603513,22.429243087768555,85450464,0.0,0.0
2013-08-02 00:00:00-04:00,22.409891045163594,22.49819833742304,22.344902217070114,22.487531661987305,68487444,0.0,0.0
2013-08-05 00:00:00-04:00,22.458267260858552,22.461492598123446,22.304723435554752,22.448593139648438,52335612,0.0,0.0
2013-08-06 00:00:00-04:00,22.4409038998646,22.565425360248692,22.21865056208018,22.239486694335938,60183756,0.0,0.0
2013-08-07 00:00:00-04:00,22.20153191470612,22.286118552840772,22.053941550328485,22.092639923095703,55112832,0.0,0.0
2013-08-08 00:00:00-04:00,22.21269731168143,22.221378875984247,21.9596841610897,22.142498016357422,59460480,0.0,0.0
2013-08-09 00:00:00-04:00,22.09040396002701,22.213437516001893,22.076513837007397,22.086685180664062,52895052,0.0,0.0
2013-08-12 00:00:00-04:00,21.99961988547857,22.0021003323113,21.86939264559126,21.96514129638672,55024920,0.0,0.0
2013-08-13 00:00:00-04:00,21.997881915566932,22.039306507479576,21.734204018188258,21.859468460083008,56735208,0.0,0.0
2013-08-14 00:00:00-04:00,21.788030367126073,21.83416818461322,21.509965129534205,21.575698852539062,83204712,0.0,0.0
2013-08-15 00:00:00-04:00,21.442498746195735,21.45440564726846,21.28275381032089,21.323930740356445,74693232,0.0,0.0
2013-08-16 00:00:00-04:00,21.364112957470585,21.39288575981068,21.246535629766196,21.255714416503906,66936996,0.0,0.0
2013-08-19 00:00:00-04:00,21.27555965744088,21.630023443558883,21.269110873915185,21.472511291503906,72363564,0.0,0.0
2013-08-20 00:00:00-04:00,21.53948425545535,21.632752453360066,21.42017136749863,21.466806411743164,49270680,0.0,0.0
2013-08-21 00:00:00-04:00,21.59654003296478,21.751819423640924,21.49359769769983,21.563796997070312,70221708,0.0,0.0
2013-08-22 00:00:00-04:00,21.647385551373276,21.69823659866737,21.586614607988455,21.672439575195312,34761204,0.0,0.0
2013-08-23 00:00:00-04:00,21.774635821551836,21.778851824426273,21.574211204186497,21.585620880126953,43040916,0.0,0.0
2013-08-26 00:00:00-04:00,21.580415149420727,21.701958936113382,21.482433717307405,21.490867614746094,42057900,0.0,0.0
2013-08-27 00:00:00-04:00,21.322936876387804,21.424884747789235,21.03222171828755,21.088031768798828,69294636,0.0,0.0
2013-08-28 00:00:00-04:00,21.090513140821294,21.218505696603476,21.028995418921788,21.048343658447266,53142804,0.0,0.0
2013-08-29 00:00:00-04:00,21.061243869045676,21.34178959622437,21.04933885833718,21.219005584716797,59080860,0.0,0.0
2013-08-30 00:00:00-04:00,21.227186718794226,21.28374165551681,20.97417550274911,21.007413864135742,74389536,0.0,0.0
2013-09-03 00:00:00-04:00,21.192459532499655,21.485902769986815,21.18228818977913,21.341785430908203,81822096,0.0,0.0
2013-09-04 00:00:00-04:00,21.341043088421632,21.667231282305902,21.212555193162387,21.620845794677734,81566352,0.0,0.0
2013-09-05 00:00:00-04:00,21.667232179920894,21.8254873327126,21.62034946666001,21.817550659179688,51600348,0.0,0.0
2013-09-06 00:00:00-04:00,21.888985052427493,21.9222253033705,21.673180540745584,21.818044662475586,62401536,0.0,0.0
2013-09-09 00:00:00-04:00,21.9209865092294,22.070314322807487,21.888493034114294,22.02814483642578,49334616,0.0,0.0
2013-09-10 00:00:00-04:00,22.07701170954615,22.126125310527346,21.927683902420892,22.04352378845215,51452496,0.0,0.0
2013-09-11 00:00:00-04:00,22.040300712795677,22.249406910897573,21.97927831978878,22.230058670043945,64359576,0.0,0.0
2013-09-12 00:00:00-04:00,22.260073711167117,22.272477836604267,22.076766411344636,22.152420043945312,43776180,0.0,0.0
2013-09-13 00:00:00-04:00,22.18814244895865,22.217410591102333,21.948524069027318,22.053449630737305,52962984,0.0,0.0
2013-09-16 00:00:00-04:00,22.230306070117212,22.25014964384843,21.949265029161907,22.020950317382812,53406540,0.0,0.0
2013-09-17 00:00:00-04:00,22.012266326829135,22.036575458203338,21.853266306787,21.98002052307129,50325624,0.0,0.0
2013-09-18 00:00:00-04:00,21.985975199891357,22.423040474800377,21.90461390520449,22.406917572021484,77310612,0.0,0.0
2013-09-19 00:00:00-04:00,22.47314945743173,22.47314945743173,22.210464081546824,22.284629821777344,63852084,0.0,0.0
2013-09-20 00:00:00-04:00,22.284626594208586,22.427008384555815,22.21591709086127,22.40170669555664,173638188,0.0,0.0
2013-09-23 00:00:00-04:00,22.229065276430077,22.364003843041527,21.957448805615307,21.989696502685547,71024904,0.0,0.0
2013-09-24 00:00:00-04:00,21.989698808068013,22.078996787513706,21.863192234345636,21.998132705688477,59412528,0.0,0.0
2013-09-25 00:00:00-04:00,21.99093865206136,21.99093865206136,21.719324048041894,21.759756088256836,65894040,0.0,0.0
2013-09-26 00:00:00-04:00,21.786294964354614,21.896678625416524,21.704438331377574,21.783071517944336,50345604,0.0,0.0
2013-09-27 00:00:00-04:00,21.69997226660861,21.766948108178212,21.61290896620434,21.73891830444336,50301648,0.0,0.0
2013-09-30 00:00:00-04:00,21.557595471411155,21.849303227501814,21.53849489485466,21.727014541625977,68827104,0.0,0.0
2013-10-01 00:00:00-04:00,21.834666051064993,22.018720118716768,21.82970515747652,22.002099990844727,67324608,0.0,0.0
2013-10-02 00:00:00-04:00,21.896184094264175,22.06064227069698,21.774390741342184,22.02665901184082,59752188,0.0,0.0
2013-10-03 00:00:00-04:00,22.026906157626115,22.178217204913285,21.63250563400217,21.731477737426758,84595320,0.0,0.0
2013-10-04 00:00:00-04:00,21.70443804499611,21.766698769795315,21.580413819089618,21.63870620727539,54265680,0.0,0.0
2013-10-07 00:00:00-04:00,21.5171638618025,21.679389260752604,21.43431466030622,21.474746704101562,51692256,0.0,0.0
2013-10-08 00:00:00-04:00,21.464327907594065,21.480698478991417,21.124744896478486,21.17534828186035,77670252,0.0,0.0
2013-10-09 00:00:00-04:00,21.240086673522512,21.398094145022903,20.910179717257346,21.22966766357422,105945948,0.0,0.0
2013-10-10 00:00:00-04:00,21.42761496947572,21.551391529236003,21.33757210691725,21.53675651550293,90121788,0.0,0.0
2013-10-11 00:00:00-04:00,21.48193796797146,21.666735036581724,21.46382995001524,21.629776000976562,56299644,0.0,0.0
2013-10-14 00:00:00-04:00,21.497565750347455,21.735446651758117,21.466062941183814,21.73197364807129,49694256,0.0,0.0
2013-10-15 00:00:00-04:00,21.723290901361437,21.968115906231095,21.679633526963187,21.87832260131836,63612324,0.0,0.0
2013-10-16 00:00:00-04:00,21.974071983748072,22.2831428638187,21.927934157132764,22.27570152282715,80223696,0.0,0.0
2013-10-17 00:00:00-04:00,22.150683726785864,22.247670712470708,21.970597989272726,22.0465030670166,170093736,0.0,0.0
2013-10-18 00:00:00-04:00,24.2241373744257,25.188560400066656,24.160141092346525,25.088098526000977,462193344,0.0,0.0
2013-10-21 00:00:00-04:00,25.08934024197704,25.276371987033816,24.79391183366183,24.886932373046875,144986868,0.0,0.0
2013-10-22 00:00:00-04:00,24.929101234329533,25.127540776422812,24.700646770928802,24.978710174560547,88255656,0.0,0.0
2013-10-23 00:00:00-04:00,24.829879411145537,25.667051004784156,24.82070062361064,25.58420181274414,106421472,0.0,0.0
2013-10-24 00:00:00-04:00,25.595608091619415,25.811412606890098,25.42023561016109,25.438838958740234,83600316,0.0,0.0
2013-10-25 00:00:00-04:00,25.519955376625276,25.519955376625276,25.071480395304004,25.182109832763672,81138780,0.0,0.0
2013-10-28 00:00:00-04:00,25.182111620167884,25.38625693947876,25.12729223066299,25.17715072631836,46301652,0.0,0.0
2013-10-29 00:00:00-04:00,25.27884783020531,25.721371228753764,25.13994092892683,25.704008102416992,64135800,0.0,0.0
2013-10-30 00:00:00-04:00,25.733525483961362,25.7355105974667,25.45000401079169,25.559640884399414,52911036,0.0,0.0
2013-10-31 00:00:00-04:00,25.522682723543934,25.834978900282593,25.399649165450757,25.56361198425293,65534400,0.0,0.0
2013-11-01 00:00:00-04:00,25.59362838024611,25.698056703732014,25.427680438282554,25.47580337524414,51280668,0.0,0.0
2013-11-04 00:00:00-05:00,25.586432343227685,25.60801336449237,25.351529118425603,25.452733993530273,45506448,0.0,0.0
2013-11-05 00:00:00-05:00,25.309856270683593,25.590152421155192,25.237176535135806,25.338878631591797,47208744,0.0,0.0
2013-11-06 00:00:00-05:00,25.44008318461205,25.474809438176113,25.18632706093927,25.369386672973633,36479484,0.0,0.0
2013-11-07 00:00:00-05:00,25.365918061330802,25.39866109512764,24.994584568975327,25.002275466918945,67116816,0.0,0.0
2013-11-08 00:00:00-05:00,25.022118590771733,25.263967833614984,25.015917473564304,25.202699661254883,51580368,0.0,0.0
2013-11-11 00:00:00-05:00,25.040968963559536,25.200216662253926,25.00351270695239,25.06775665283203,44459496,0.0,0.0
2013-11-12 00:00:00-05:00,24.996073716065798,25.24065107057836,24.92909976012987,25.097278594970703,48675276,0.0,0.0
2013-11-13 00:00:00-05:00,24.97250931552932,25.61992106790913,24.96630819840572,25.61049461364746,63112824,0.0,0.0
2013-11-14 00:00:00-05:00,25.646459699326634,25.791072378948538,25.557904733206563,25.678953170776367,46621332,0.0,0.0
2013-11-15 00:00:00-05:00,25.670026645975277,25.7476672774188,25.556914869156067,25.637531280517578,51000948,0.0,0.0
2013-11-18 00:00:00-05:00,25.69185383708224,26.0140717971922,25.530373357205264,25.58767318725586,70317612,0.0,0.0
2013-11-19 00:00:00-05:00,25.591888665569712,25.66704884429983,25.37682903002482,25.430160522460938,45218736,0.0,0.0
2013-11-20 00:00:00-05:00,25.547983082652852,25.632567822303503,25.310102209121265,25.358470916748047,38509452,0.0,0.0
2013-11-21 00:00:00-05:00,25.474814011197065,25.75535976564276,25.45000953991291,25.65018653869629,43628328,0.0,0.0
2013-11-22 00:00:00-05:00,25.63405716608579,25.702271340525662,25.52987651470392,25.596105575561523,50117832,0.0,0.0
2013-11-25 00:00:00-05:00,25.72682827147081,26.124454086355996,25.673746334011376,25.944368362426758,64455480,0.0,0.0
2013-11-26 00:00:00-05:00,26.010599649704794,26.33058484024397,25.870202961721024,26.253936767578125,91360548,0.0,0.0
2013-11-27 00:00:00-05:00,26.343731964489404,26.491817659221976,26.293378139631024,26.370521545410156,44899056,0.0,0.0
2013-11-29 00:00:00-05:00,26.346959357924955,26.45758880319776,26.279735843235553,26.2832088470459,47664288,0.0,0.0
2013-12-02 00:00:00-05:00,26.38044486706578,26.450889936420804,26.064180328218562,26.15645408630371,54873072,0.0,0.0
2013-12-03 00:00:00-05:00,26.068890357305882,26.378706074388376,26.02101698226568,26.126190185546875,66976956,0.0,0.0
2013-12-04 00:00:00-05:00,26.07931007327464,26.392101601151104,26.04532681752761,26.248233795166016,47616336,0.0,0.0
2013-12-05 00:00:00-05:00,26.223919210230036,26.284941596704055,26.072362417798793,26.227394104003906,45302652,0.0,0.0
2013-12-06 00:00:00-05:00,26.536220970003505,26.541429530225443,26.295362398782338,26.538204193115234,57094848,0.0,0.0
2013-12-09 00:00:00-05:00,26.565987615331547,26.846781015931864,26.492315316045293,26.743343353271484,59244696,0.0,0.0
2013-12-10 00:00:00-05:00,26.693981838908858,27.094831136852534,26.68157771369752,26.905073165893555,74081844,0.0,0.0
2013-12-11 00:00:00-05:00,26.973036075992578,27.070272614223818,26.669671008308594,26.722257614135742,68403528,0.0,0.0
2013-12-12 00:00:00-05:00,26.7788139386845,26.862408024007216,26.516625786281764,26.540437698364258,63796140,0.0,0.0
2013-12-13 00:00:00-05:00,26.675379200691182,26.697453666449853,26.24104196704956,26.31297492980957,86409504,0.0,0.0
2013-12-16 00:00:00-05:00,26.39259636042814,26.65776215030254,26.343233204672803,26.615345001220703,64015920,0.0,0.0
2013-12-17 00:00:00-05:00,26.611377062945156,26.80832868407691,26.501242964193928,26.537954330444336,61366572,0.0,0.0
2013-12-18 00:00:00-05:00,26.587315786895896,26.912263749726364,26.269563388024146,26.907302856445312,88323588,0.0,0.0
2013-12-19 00:00:00-05:00,26.80857752897249,27.086892348965875,26.766657601088614,26.943767547607422,66561372,0.0,0.0
2013-12-20 00:00:00-05:00,26.995360798985292,27.3146010900449,26.987917568425285,27.30095863342285,130333536,0.0,0.0
2013-12-23 00:00:00-05:00,27.480053335970048,27.67750030409551,27.412584048729958,27.660137176513672,68795136,0.0,0.0
2013-12-24 00:00:00-05:00,27.656911965222605,27.66361030595673,27.48650224453075,27.579273223876953,29338632,0.0,0.0
2013-12-26 00:00:00-05:00,27.633098313309894,27.756874869967724,27.50113552646528,27.71867561340332,53458488,0.0,0.0
2013-12-27 00:00:00-05:00,27.781680078473258,27.78862419446238,27.606555258415373,27.74199104309082,62725212,0.0,0.0
2013-12-30 00:00:00-05:00,27.790115984358906,27.79408432100882,27.509322608504338,27.520235061645508,49394556,0.0,0.0
2013-12-31 00:00:00-05:00,27.58919475976519,27.80648719186295,27.440859504554457,27.799293518066406,54261684,0.0,0.0
2014-01-02 00:00:00-05:00,27.66906578108218,27.725870280159363,27.490469834539372,27.61102294921875,72783144,0.0,0.0
2014-01-03 00:00:00-05:00,27.657657290113594,27.7055306705073,27.40787137703418,27.40960693359375,66601332,0.0,0.0
2014-01-06 00:00:00-05:00,27.608295469420682,27.75340349770111,27.445325199257937,27.7152042388916,70701228,0.0,0.0
2014-01-07 00:00:00-05:00,27.905705112682067,28.270092552555358,27.81045369367961,28.24950408935547,102001896,0.0,0.0
2014-01-08 00:00:00-05:00,28.426614635486892,28.45935766813086,28.111342657851043,28.30829429626465,89610300,0.0,0.0
2014-01-09 00:00:00-05:00,28.363111101024973,28.38245934085194,27.919597037193785,28.03568458557129,83296620,0.0,0.0
2014-01-10 00:00:00-05:00,28.254968042432576,28.254968042432576,27.837496689908033,28.034202575683594,85654260,0.0,0.0
2014-01-13 00:00:00-05:00,27.942168320772243,28.449183323099184,27.711481117192054,27.855600357055664,96659244,0.0,0.0
2014-01-14 00:00:00-05:00,28.22693326752446,28.550641036266374,27.982355913046526,28.51095199584961,99204696,0.0,0.0
2014-01-15 00:00:00-05:00,28.600000489997623,28.64985898127444,28.371793721206824,28.491601943969727,77929992,0.0,0.0
2014-01-16 00:00:00-05:00,28.503511545050312,28.722539547427324,28.476226628688877,28.680124282836914,67288644,0.0,0.0
2014-01-17 00:00:00-05:00,28.6957477435435,28.78951127751147,28.381965557915965,28.53898048400879,107943948,0.0,0.0
2014-01-21 00:00:00-05:00,28.79695403250544,28.87310677640658,28.55808246134304,28.865665435791016,79116804,0.0,0.0
2014-01-22 00:00:00-05:00,28.93784837372435,28.969598850380354,28.745609957186566,28.898408889770508,62793144,0.0,0.0
2014-01-23 00:00:00-05:00,28.77388483346722,28.83564833401931,28.634231147747375,28.776365280151367,77886036,0.0,0.0
2014-01-24 00:00:00-05:00,28.550885450732945,28.613891062616382,27.856095725978626,27.876684188842773,155544300,0.0,0.0
2014-01-27 00:00:00-05:00,27.932992987818956,27.942914774689342,26.845785967081195,27.316089630126953,173969856,0.0,0.0
2014-01-28 00:00:00-05:00,27.541569487726118,27.924312642098553,27.5321430335544,27.856346130371094,88319592,0.0,0.0
2014-01-29 00:00:00-05:00,27.75985358695114,27.825090092603638,27.271194234490665,27.457231521606445,95100804,0.0,0.0
2014-01-30 00:00:00-05:00,28.40180928578924,28.587598907656094,27.961518641773374,28.16343116760254,203452344,0.0,0.0
2014-01-31 00:00:00-05:00,29.05542441319883,29.43221413717762,28.553865560408,29.294050216674805,222429348,0.0,0.0
2014-02-03 00:00:00-05:00,29.250140858839682,29.312649247319584,28.079589374989016,28.11481285095215,182581236,0.0,0.0
2014-02-04 00:00:00-05:00,28.22792169399914,28.64985660930482,28.20361445263428,28.232139587402344,112363524,0.0,0.0
2014-02-05 00:00:00-05:00,28.361624221187554,28.544933391813966,27.980618532824444,28.357158660888672,95684220,0.0,0.0
2014-02-06 00:00:00-05:00,28.553862130213336,28.77785289161131,28.46505949296202,28.772891998291016,77786136,0.0,0.0
2014-02-07 00:00:00-05:00,28.96314673363426,29.217893517289244,28.78777424190084,29.206483840942383,105342552,0.0,0.0
2014-02-10 00:00:00-05:00,29.066586146450888,29.329521083834997,28.997628965440878,29.09461784362793,77730192,0.0,0.0
2014-02-11 00:00:00-05:00,29.27420487996178,29.564422828357355,29.076756020336244,29.522502899169922,81949968,0.0,0.0
2014-02-12 00:00:00-05:00,29.493231991469194,29.51803645881891,29.304217034744916,29.435932159423828,68911020,0.0,0.0
2014-02-13 00:00:00-05:00,29.2885901377316,29.763608932495117,29.261552889581658,29.763608932495117,73382544,0.0,0.0
2014-02-14 00:00:00-05:00,29.657188702640997,29.87497832296081,29.58748664684136,29.83553695678711,87380532,0.0,0.0
2014-02-18 00:00:00-05:00,29.80106175131092,30.085328123116067,29.766085940894552,30.035964965820312,84271644,0.0,0.0
2014-02-19 00:00:00-05:00,29.897553746519176,29.99479028178797,29.704073232775336,29.82413101196289,84059856,0.0,0.0
2014-02-20 00:00:00-05:00,29.84397480270163,29.936993444920063,29.771544624411955,29.8680362701416,67963968,0.0,0.0
2014-02-21 00:00:00-05:00,29.959816782133863,30.01091550040233,29.83653554708687,29.86009979248047,74417508,0.0,0.0
2014-02-24 00:00:00-05:00,29.899041241584793,30.26615680010264,29.892592458387135,30.076398849487305,66905028,0.0,0.0
2014-02-25 00:00:00-05:00,30.161478422022114,30.373809946156868,30.024554743774985,30.262187957763672,57490452,0.0,0.0
2014-02-26 00:00:00-05:00,30.361410774806416,30.482459228788546,30.107406965641417,30.266407012939453,79208712,0.0,0.0
2014-02-27 00:00:00-05:00,30.22225296748806,30.367115217472865,30.188022045986358,30.24259376525879,50349600,0.0,0.0
2014-02-28 00:00:00-05:00,30.270622556037633,30.366121643627604,29.92037478877315,30.154287338256836,92451456,0.0,0.0
2014-03-03 00:00:00-05:00,29.933518976440315,29.960556220667943,29.571114787310215,29.832809448242188,84107808,0.0,0.0
2014-03-04 00:00:00-05:00,30.13816379523212,30.16296826301639,30.001737331834203,30.13593101501465,58649292,0.0,0.0
2014-03-05 00:00:00-05:00,30.139402714940836,30.33858901061979,30.049112187410294,30.219026565551758,49362588,0.0,0.0
2014-03-06 00:00:00-05:00,30.318744856177126,30.414741171431242,30.227461767918612,30.25251579284668,50673276,0.0,0.0
2014-03-07 00:00:00-05:00,30.43086439658184,30.43557762362717,30.049858692614208,30.13295555114746,60543396,0.0,0.0
2014-03-10 00:00:00-04:00,30.155280874254107,30.203651479613438,29.867541470178736,30.053085327148438,48535416,0.0,0.0
2014-03-11 00:00:00-04:00,30.10765056653796,30.121293022470326,29.682739866253236,29.765836715698242,68451480,0.0,0.0
2014-03-12 00:00:00-04:00,29.67679017418447,29.96080890053089,29.373920429915962,29.947166442871094,78493428,0.0,0.0
2014-03-13 00:00:00-04:00,29.963288578019704,30.026541861584562,29.388059356707465,29.494720458984375,93730176,0.0,0.0
2014-03-14 00:00:00-04:00,29.319347810540716,29.539617911814865,29.08469225234397,29.091388702392578,91664244,0.0,0.0
2014-03-17 00:00:00-04:00,29.25138252202759,29.69340871382992,29.223103160780653,29.570127487182617,86397516,0.0,0.0
2014-03-18 00:00:00-04:00,29.633875154936753,30.05208942302945,29.593938451641723,30.045391082763672,72527400,0.0,0.0
2014-03-19 00:00:00-04:00,30.058787842616148,30.063501069648876,29.627428313438024,29.74748420715332,64451484,0.0,0.0
2014-03-20 00:00:00-04:00,29.764845403249794,30.00446373258984,29.65099063391724,29.695640563964844,67320612,0.0,0.0
2014-03-21 00:00:00-04:00,29.92260651669878,30.004958477779194,29.33075721418533,29.34539222717285,128211660,0.0,0.0
2014-03-24 00:00:00-04:00,29.373918012659754,29.391528805708994,28.425372151204453,28.722536087036133,121362516,0.0,0.0
2014-03-25 00:00:00-04:00,28.922715177326477,29.017966604140177,28.451420827494125,28.742136001586914,96311592,0.0,0.0
2014-03-26 00:00:00-04:00,28.823741604160958,29.060879492788217,28.06694067921026,28.078598022460938,103096800,0.0,0.0
2014-03-27 00:00:00-04:00,28.050817861686085,28.077855110725213,27.3376723702658,27.639799118041992,152735112,0.0,0.0
2014-03-28 00:00:00-04:00,27.75687336508427,28.108858557020255,27.726363116679718,27.785400390625,90265644,0.0,0.0
2014-03-31 00:00:00-04:00,28.0396549165767,28.15375735954529,27.604325161256618,27.6455020904541,77614308,0.0,0.0
2014-04-01 00:00:00-04:00,27.788375815870804,28.215766954619642,27.73206854628066,28.15102767944336,87152760,0.0,0.0
2014-04-02 00:00:00-04:00,28.32491079325205,28.396845632986235,27.880899522234902,28.15623664855957,83360556,0.0,0.0
2014-04-03 00:00:00-04:00,28.417517734476263,29.15646592874342,28.05176147180395,28.323848724365234,80366000,0.0,1.998
2014-04-04 00:00:00-04:00,28.67324526989826,28.731231379116895,26.98521444438986,27.02288055419922,107274000,0.0,0.0
2014-04-07 00:00:00-04:00,27.000082980236144,27.25085953583833,26.2933504257822,26.79391098022461,79232000,0.0,0.0
2014-04-08 00:00:00-04:00,27.012969709214985,27.747951388183193,26.99562359785928,27.6304931640625,69650000,0.0,0.0
2014-04-09 00:00:00-04:00,28.04333397648029,28.14047220516956,27.524930050414063,28.102806091308594,60632000,0.0,0.0
2014-04-10 00:00:00-04:00,28.150383059360237,28.160790726172603,27.03527103938975,27.094247817993164,65890000,0.0,0.0
2014-04-11 00:00:00-04:00,26.66059213987928,27.138851352729603,26.435588033846702,26.65167236328125,63494000,0.0,0.0
2014-04-14 00:00:00-04:00,26.94408001999422,27.40796512819876,26.788458463638623,27.020402908325195,50824000,0.0,0.0
2014-04-15 00:00:00-04:00,27.307853825167705,27.401524717837475,26.298801687958395,27.193864822387695,79956000,0.0,0.0
2014-04-16 00:00:00-04:00,27.639912613643514,27.952144536295094,27.411934589744998,27.947187423706055,91644000,0.0,0.0
2014-04-17 00:00:00-04:00,27.571518608747883,27.605220167980676,26.732953636539527,26.92822265625,112294000,0.0,0.0
2014-04-21 00:00:00-04:00,26.960932193881032,26.960932193881032,26.46532683657134,26.73146629333496,48502000,0.0,0.0
2014-04-22 00:00:00-04:00,26.564448992034603,27.159175857053054,26.564448992034603,27.035274505615234,46622000,0.0,0.0
2014-04-23 00:00:00-04:00,26.944577603315423,27.000580496229723,26.17440643012375,26.639284133911133,39114000,0.0,0.0
2014-04-24 00:00:00-04:00,26.8464442232807,26.886588889854863,26.316642009688746,26.487131118774414,41348000,0.0,0.0
2014-04-25 00:00:00-04:00,26.37909025072155,26.45838702818085,25.895378584810796,25.92511558532715,47400000,0.0,0.0
2014-04-28 00:00:00-04:00,26.058929920544102,26.063885142131845,25.32543234699088,25.91916847229004,75056000,0.0,0.0
2014-04-29 00:00:00-04:00,25.964268222034914,26.651673345369623,25.920158998745965,26.580801010131836,50704000,0.0,0.0
2014-04-30 00:00:00-04:00,26.52083530050167,26.58129808230682,26.221984942217528,26.508939743041992,40770000,0.0,0.0
2014-05-01 00:00:00-04:00,26.477714814249687,26.758228373390455,26.408825702491757,26.689834594726562,40086000,0.0,0.0
2014-05-02 00:00:00-04:00,26.834054585256784,26.881633028081424,26.42914437876237,26.458881378173828,35616000,0.0,0.0
2014-05-05 00:00:00-04:00,26.278976020613342,26.550567906427474,26.147145578249212,26.531240463256836,24568000,0.0,0.0
2014-05-06 00:00:00-04:00,26.436087467213106,26.492587586962436,25.88348850447152,25.89885139465332,36700000,0.0,0.0
2014-05-07 00:00:00-04:00,25.93255113237018,25.991032580633927,25.32989520443918,25.6723575592041,61486000,0.0,0.0
2014-05-08 00:00:00-04:00,25.559361066824184,26.135751146916185,25.496915058488156,25.779905319213867,49040000,0.0,0.0
2014-05-09 00:00:00-04:00,25.70457329357708,26.13574943521886,25.487993611214343,26.09956932067871,45224000,0.0,0.0
2014-05-12 00:00:00-04:00,26.358273282211925,26.700737507509057,26.143676836964403,26.684877395629883,38968000,0.0,0.0
2014-05-13 00:00:00-04:00,26.741875820048108,26.9604368449655,26.658614477222436,26.839014053344727,40240000,0.0,0.0
2014-05-14 00:00:00-04:00,26.852885577787042,26.852885577787042,26.42121416942156,26.48564338684082,25618000,0.0,0.0
2014-05-15 00:00:00-04:00,26.42270425812783,26.465327484499966,26.034644784988874,26.22347068786621,36658000,0.0,0.0
2014-05-16 00:00:00-04:00,26.247260055053534,26.308715393443666,25.948409698031973,26.182832717895508,38154000,0.0,0.0
2014-05-19 00:00:00-04:00,26.211573718864507,26.730472913914067,26.051989505743954,26.704700469970703,39530000,0.0,0.0
2014-05-20 00:00:00-04:00,26.7626874205845,27.07739596858059,26.59269553604056,26.78201675415039,48506000,0.0,0.0
2014-05-21 00:00:00-04:00,26.906413596409486,27.24590203467147,26.867259595939437,27.243425369262695,31294000,0.0,0.0
2014-05-22 00:00:00-04:00,27.367332078393613,27.652800908074433,27.30785806637931,27.52840232849121,42994000,0.0,0.0
2014-05-23 00:00:00-04:00,27.661221325047684,28.001702337378234,27.46496165138451,27.942230224609375,53450000,0.0,0.0
2014-05-27 00:00:00-04:00,28.139481681018413,28.49086570739746,27.95957744566827,28.49086570739746,43716000,0.0,0.0
2014-05-28 00:00:00-04:00,28.476001236972223,28.62914237540458,28.24703063850946,28.27181053161621,31632000,0.0,0.0
2014-05-29 00:00:00-04:00,28.41751469821232,28.421974586621705,28.17268591943876,28.277257919311523,28222000,0.0,0.0
2014-05-30 00:00:00-04:00,28.330786328857407,28.377372220665947,28.040855748187017,28.331281661987305,37434000,0.0,0.0
2014-06-02 00:00:00-04:00,28.237114917262364,28.269825809085276,27.59034976463057,27.968992233276367,33210000,0.0,0.0
2014-06-03 00:00:00-04:00,27.79850523142567,27.872846793032426,27.383682645088594,27.481813430786133,40626000,0.0,0.0
2014-06-04 00:00:00-04:00,27.3336279004299,27.68352593101389,27.186927998319582,27.444643020629883,34582000,0.0,0.0
2014-06-05 00:00:00-04:00,27.61066966007904,28.001703017583342,27.508576210619626,27.998233795166016,35868000,0.0,0.0
2014-06-06 00:00:00-04:00,28.158316106810766,28.190034442650745,27.733085845314143,28.052751541137695,34804000,0.0,0.0
2014-06-09 00:00:00-04:00,28.088432358879704,28.34862591947027,28.012604802108697,28.28568458557129,30594000,0.0,0.0
2014-06-10 00:00:00-04:00,28.189038108952776,28.348624214207977,28.057703003814012,28.165250778198242,29676000,0.0,0.0
2014-06-11 00:00:00-04:00,28.047300414558414,28.198460213272032,27.936285288605195,28.125606536865234,22580000,0.0,0.0
2014-06-12 00:00:00-04:00,28.100822341391172,28.100822341391172,27.61265079315121,27.72911834716797,30930000,0.0,0.0
2014-06-13 00:00:00-04:00,27.757864400107493,27.78611351206495,27.44266049883035,27.7712459564209,27066000,0.0,0.0
2014-06-16 00:00:00-04:00,27.617609984988178,27.654285434718496,27.25829682848291,27.372285842895508,39436000,0.0,0.0
2014-06-17 00:00:00-04:00,27.375259585750037,27.44365337214813,27.1329093344564,27.289024353027344,29552000,0.0,0.0
2014-06-18 00:00:00-04:00,27.397062313633946,27.82328320422465,27.336599536616234,27.786609649658203,41212000,0.0,0.0
2014-06-19 00:00:00-04:00,27.81089545411238,28.00170268479767,27.588863331457823,28.00120735168457,52548000,0.0,0.0
2014-06-20 00:00:00-04:00,28.07356668143186,28.08942490394955,27.722677985337707,28.077035903930664,63212000,0.0,0.0
2014-06-23 00:00:00-04:00,27.969488595587976,28.469553833905582,27.927360704012337,28.462120056152344,34456000,0.0,0.0
2014-06-24 00:00:00-04:00,28.458650433721772,28.856620329152676,28.20787387313806,28.375389099121094,56886000,0.0,0.0
2014-06-25 00:00:00-04:00,28.42544446649606,29.106901819008982,28.411072244167727,29.039003372192383,42294000,0.0,0.0
2014-06-26 00:00:00-04:00,29.20602467895969,29.22089223511014,28.72528686386098,28.981515884399414,40248000,0.0,0.0
2014-06-27 00:00:00-04:00,29.01521358953493,29.135645701726386,28.874958700678626,29.027109146118164,40426000,0.0,0.0
2014-06-30 00:00:00-04:00,29.080138111921176,29.127221223936875,28.908162999433387,28.9765567779541,29578000,0.0,0.0
2014-07-01 00:00:00-04:00,29.12424804205141,29.42210771901488,29.05684681866424,29.314559936523438,32864000,0.0,0.0
2014-07-02 00:00:00-04:00,29.352722151194932,29.44639115024502,29.196605262193817,29.27937126159668,23916000,0.0,0.0
2014-07-03 00:00:00-04:00,29.32497016647752,29.451350070927543,29.19115837421813,29.39336395263672,17978000,0.0,0.0
2014-07-07 00:00:00-04:00,29.41467548943644,29.52073349702614,29.138621798071153,29.278383255004883,26734000,0.0,0.0
2014-07-08 00:00:00-04:00,29.060813281227396,29.140110066676687,28.447749666054133,28.665815353393555,42504000,0.0,0.0
2014-07-09 00:00:00-04:00,28.693075320485086,28.94831180308891,28.596432417180424,28.911636352539062,27456000,0.0,0.0
2014-07-10 00:00:00-04:00,28.398187742669922,29.005305464245108,28.353583183087192,28.747095108032227,28724000,0.0,0.0
2014-07-11 00:00:00-04:00,28.794671617425376,29.152995983461558,28.773856282361148,29.074689865112305,30232000,0.0,0.0
2014-07-14 00:00:00-04:00,29.270454927832933,29.48158217299026,29.076671905066636,29.451845169067383,39032000,0.0,0.0
2014-07-15 00:00:00-04:00,29.495951558742505,29.503385336361898,29.0082753285994,29.392370223999023,33476000,0.0,0.0
2014-07-16 00:00:00-04:00,29.58218834128668,29.587640786806585,29.253107542212156,29.27144432067871,28816000,0.0,0.0
2014-07-17 00:00:00-04:00,29.189665168796797,29.215932945550847,28.588992540702435,28.785747528076172,58706000,0.0,0.0
2014-07-18 00:00:00-04:00,29.885495877886974,30.068373984624223,29.28630922495823,29.989574432373047,97432000,0.0,0.0
2014-07-21 00:00:00-04:00,29.803225560098774,29.942491670585728,29.461258564473155,29.659006118774414,44758000,0.0,0.0
2014-07-22 00:00:00-04:00,29.72145587439448,30.17691659304478,29.69964798186353,29.913253784179688,37632000,0.0,0.0
2014-07-23 00:00:00-04:00,29.837923938042856,30.085726637408044,29.803229820793934,29.99354362487793,22120000,0.0,0.0
2014-07-24 00:00:00-04:00,30.010395773845,30.177909135783416,29.785885066011154,29.885501861572266,27100000,0.0,0.0
2014-07-25 00:00:00-04:00,29.699150894297205,29.785881454397636,29.525689774096346,29.641164779663086,27200000,0.0,0.0
2014-07-28 00:00:00-04:00,29.624810435306784,29.790837773159836,29.369076759871582,29.68775177001953,27162000,0.0,0.0
2014-07-29 00:00:00-04:00,29.62233349146035,29.661485605226698,29.34826302334249,29.436481475830078,27332000,0.0,0.0
2014-07-30 00:00:00-04:00,29.528666963735027,29.659506763477175,29.374533270795425,29.51032829284668,24302000,0.0,0.0
2014-07-31 00:00:00-04:00,29.18917057897648,29.339339685115892,28.630128600539976,28.722806930541992,46190000,0.0,0.0
2014-08-01 00:00:00-04:00,28.673249245416773,28.91510415840925,28.264374425771283,28.42792510986328,44266000,0.0,0.0
2014-08-04 00:00:00-04:00,28.5721457177408,28.934432744703624,28.36151381325471,28.857614517211914,30388000,0.0,0.0
2014-08-05 00:00:00-04:00,28.714382675416477,28.755022677169872,28.264867881180518,28.40512466430664,32876000,0.0,0.0
2014-08-06 00:00:00-04:00,28.224725203847917,28.677707331446676,28.123125199101832,28.47203254699707,26456000,0.0,0.0
2014-08-07 00:00:00-04:00,28.549347081033396,28.661354756638495,28.221256946560736,28.339210510253906,23260000,0.0,0.0
2014-08-08 00:00:00-04:00,28.349618897874606,28.723306157551058,28.200937661375338,28.643016815185547,29866000,0.0,0.0
2014-08-11 00:00:00-04:00,28.695550502861188,28.729747392986692,28.512175162257847,28.60881805419922,24068000,0.0,0.0
2014-08-12 00:00:00-04:00,28.49730956902097,28.541914129187166,28.24504698827517,28.354576110839844,27890000,0.0,0.0
2014-08-13 00:00:00-04:00,28.569171128645067,29.04891637474941,28.50722045880862,28.971107482910156,37988000,0.0,0.0
2014-08-14 00:00:00-04:00,29.07666964455618,29.13168186865675,28.790705523971287,28.975566864013672,25458000,0.0,0.0
2014-08-15 00:00:00-04:00,29.116815108047145,29.214448668929702,28.782777198893086,28.928979873657227,34468000,0.0,0.0
2014-08-18 00:00:00-04:00,29.096989212401343,29.490996442900578,29.069730767309633,29.374528884887695,29320000,0.0,0.0
2014-08-19 00:00:00-04:00,29.51775973560945,29.62778418989383,29.460766175934264,29.59309196472168,20864000,0.0,0.0
2014-08-20 00:00:00-04:00,29.58516154556923,29.58714476859903,29.389397203274992,29.508838653564453,19346000,0.0,0.0
2014-08-21 00:00:00-04:00,29.48356551226313,29.500911625306994,29.29523493451227,29.360654830932617,22640000,0.0,0.0
2014-08-22 00:00:00-04:00,29.402778258977673,29.488022817288496,29.23080314304728,29.366600036621094,17544000,0.0,0.0
2014-08-25 00:00:00-04:00,29.47711807668748,29.51726085208138,29.20403830635609,29.268962860107422,25912000,0.0,0.0
2014-08-26 00:00:00-04:00,29.339839997638286,29.342318553996858,29.114338633622527,29.147544860839844,29434000,0.0,0.0
2014-08-27 00:00:00-04:00,29.132174947173755,29.209490389145113,28.789712629674455,28.893789291381836,27292000,0.0,0.0
2014-08-28 00:00:00-04:00,28.746099716536346,28.978539492812672,28.64003982837955,28.760969161987305,28116000,0.0,0.0
2014-08-29 00:00:00-04:00,28.861574750565676,28.888833193125947,28.65788132152653,28.862070083618164,24122000,0.0,0.0
2014-09-02 00:00:00-04:00,28.89131677580573,29.206027273230895,28.864060217303617,29.172821044921875,31660000,0.0,0.0
2014-09-03 00:00:00-04:00,29.3264576048532,29.463245175064944,29.067256578432364,29.216928482055664,31580000,0.0,0.0
2014-09-04 00:00:00-04:00,29.346280489457303,29.63719983445246,29.270452930683042,29.39633560180664,32616000,0.0,0.0
2014-09-05 00:00:00-04:00,29.494961879839906,29.66197988707156,29.416655764498078,29.626296997070312,35982000,0.0,0.0
2014-09-08 00:00:00-04:00,29.69370022347255,29.91077523472671,29.638190774640623,29.81710433959961,31984000,0.0,0.0
2014-09-09 00:00:00-04:00,29.749703659253143,29.766059105274493,29.26450595823899,29.338350296020508,31424000,0.0,0.0
2014-09-10 00:00:00-04:00,29.326952131085143,29.42508291719321,29.098974114061217,29.410213470458984,23202000,0.0,0.0
2014-09-11 00:00:00-04:00,29.240718361619436,29.337361262584807,29.044458670193443,29.295730590820312,30028000,0.0,0.0
2014-09-12 00:00:00-04:00,29.2600442249454,29.314063890846143,28.907667665644304,28.987957000732422,37030000,0.0,0.0
2014-09-15 00:00:00-04:00,28.85612442274827,28.939385755694733,28.59692342346823,28.82638931274414,30908000,0.0,0.0
2014-09-16 00:00:00-04:00,28.79219072934071,29.248146701357765,28.79219072934071,29.180248260498047,31592000,0.0,0.0
2014-09-17 00:00:00-04:00,29.216430537428163,29.54154676360665,29.097981647516587,29.40376853942871,34390000,0.0,0.0
2014-09-18 00:00:00-04:00,29.490998266967896,29.61539494341945,29.390388924221217,29.601022720336914,29890000,0.0,0.0
2014-09-19 00:00:00-04:00,29.711045647720223,30.003948211669922,29.625305756173347,30.003948211669922,83832000,0.0,0.0
2014-09-22 00:00:00-04:00,29.86022374070508,29.924652968596394,29.395346036681413,29.601022720336914,35644000,0.0,0.0
2014-09-23 00:00:00-04:00,29.48851938602203,29.570294725454627,29.252610368827348,29.299198150634766,28074000,0.0,0.0
2014-09-24 00:00:00-04:00,29.31852773495971,29.741774768057052,29.25558450661432,29.658016204833984,35160000,0.0,0.0
2014-09-25 00:00:00-04:00,29.587142975424946,29.640667306972876,28.980025317377105,29.00530242919922,33420000,0.0,0.0
2014-09-26 00:00:00-04:00,29.039003193693677,29.219404643096734,28.99291263778882,29.136638641357422,25782000,0.0,0.0
2014-09-29 00:00:00-04:00,28.835805563806545,29.20651891202636,28.82292123123419,29.132177352905273,22874000,0.0,0.0
2014-09-30 00:00:00-04:00,29.11631960113076,29.290276054217447,28.96813370418919,29.161914825439453,31430000,0.0,0.0
2014-10-01 00:00:00-04:00,29.08212472230475,29.177281623605836,28.64698211175558,28.726776123046875,28954000,0.0,0.0
2014-10-02 00:00:00-04:00,28.64598765885933,28.90568587992154,28.45022332689223,28.78872299194336,30726000,0.0,0.0
2014-10-03 00:00:00-04:00,28.94831155335679,29.155969582262514,28.918574548525505,29.054866790771484,24290000,0.0,0.0
2014-10-06 00:00:00-04:00,29.238237421610844,29.35966209494261,29.01273796793715,29.130691528320312,25722000,0.0,0.0
2014-10-07 00:00:00-04:00,28.987958169109397,29.035039392437273,28.45270347595215,28.45270347595215,30914000,0.0,0.0
2014-10-08 00:00:00-04:00,28.486900580773913,28.9775507198571,28.132542672153946,28.93046760559082,44158000,0.0,0.0
2014-10-09 00:00:00-04:00,28.82489887792562,28.870494095668153,28.201427711467144,28.28964614868164,48234000,0.0,0.0
2014-10-10 00:00:00-04:00,28.12412002064337,28.50870839856986,27.5065946127058,27.51551628112793,59574000,0.0,0.0
2014-10-13 00:00:00-04:00,27.51253962458734,27.79751307468718,26.98224205927447,26.99810028076172,55116000,0.0,0.0
2014-10-14 00:00:00-04:00,27.26523191230125,27.686000358388107,26.985710911288056,27.193368911743164,52198000,0.0,0.0
2014-10-15 00:00:00-04:00,26.865775979742928,26.956966430066004,26.188778484910646,26.798870086669922,76720000,0.0,0.0
2014-10-16 00:00:00-04:00,26.11840178753422,26.811752795859924,26.016801785387127,26.610042572021484,76100000,0.0,0.0
2014-10-17 00:00:00-04:00,26.784989338406554,26.93367245090668,25.69267589435951,25.918672561645508,119930000,0.0,0.0
2014-10-20 00:00:00-04:00,25.793780771675593,26.423697046979363,25.728858101173437,26.385038375854492,54964000,0.0,0.0
2014-10-21 00:00:00-04:00,26.627390114912235,26.701729785534074,26.27699675781631,26.665056228637695,49190000,0.0,0.0
2014-10-22 00:00:00-04:00,26.814725631967466,27.29595873079349,26.774085632704615,26.896005630493164,59474000,0.0,0.0
2014-10-23 00:00:00-04:00,27.173052356062588,27.62504575006256,27.03527411574929,27.439193725585938,43026000,0.0,0.0
2014-10-24 00:00:00-04:00,27.50511006945883,27.50610073580778,27.018424429105462,27.203781127929688,43508000,0.0,0.0
2014-10-27 00:00:00-04:00,27.147278704515283,27.456536710248695,27.11952492635339,27.25234603881836,31934000,0.0,0.0
2014-10-28 00:00:00-04:00,27.34304584456153,27.714252665530633,27.279607280413636,27.70136833190918,34774000,0.0,0.0
2014-10-29 00:00:00-04:00,27.796026289988596,28.00021696972256,27.554666720550827,27.677082061767578,41066000,0.0,0.0
2014-10-30 00:00:00-04:00,27.667170366839002,27.877802272559222,27.363860120108367,27.767282485961914,32250000,0.0,0.0
2014-10-31 00:00:00-04:00,28.165254438042158,28.186565106227384,27.99228675514666,28.14394187927246,46810000,0.0,0.0
2014-11-03 00:00:00-05:00,27.92885073282524,28.108259641191626,27.834684499180902,27.940744400024414,30834000,0.0,0.0
2014-11-04 00:00:00-05:00,27.811390163276336,27.991294389684082,27.669647382149492,27.961557388305664,27726000,0.0,0.0
2014-11-05 00:00:00-05:00,28.090418669819854,28.09586922507573,27.46397347938148,27.55318260192871,32906000,0.0,0.0
2014-11-06 00:00:00-05:00,27.530878365827153,27.59530759432155,27.287040232517352,27.342052459716797,33014000,0.0,0.0
2014-11-07 00:00:00-05:00,27.535837309917305,27.535837309917305,27.226083928108146,27.34849739074707,31782000,0.0,0.0
2014-11-10 00:00:00-05:00,27.377239746373736,27.78512197221511,27.33858107797969,27.66617774963379,26090000,0.0,0.0
2014-11-11 00:00:00-05:00,27.68055005577141,27.877800391344746,27.56755172056699,27.817832946777344,21966000,0.0,0.0
2014-11-12 00:00:00-05:00,27.810893661654486,27.815848883050506,27.530875442880127,27.66716766357422,21882000,0.0,0.0
2014-11-13 00:00:00-05:00,27.794042812752185,27.79453814583209,27.460995596381412,27.577463150024414,30220000,0.0,0.0
2014-11-14 00:00:00-05:00,27.65478051916798,27.65478051916798,27.382693264599684,27.51551628112793,28502000,0.0,0.0
2014-11-17 00:00:00-05:00,27.51551637186656,27.51551637186656,26.98274019513641,27.091773986816406,33612000,0.0,0.0
2014-11-18 00:00:00-05:00,27.155702609467607,27.3965668312125,26.951018499585413,26.9862060546875,36440000,0.0,0.0
2014-11-19 00:00:00-05:00,26.998101234979604,27.170076355431515,26.722544775763797,27.119525909423828,30346000,0.0,0.0
2014-11-20 00:00:00-05:00,26.86626964365613,27.029323089347457,26.837029866381364,26.94903564453125,35016000,0.0,0.0
2014-11-21 00:00:00-05:00,27.309836204935692,27.309836204935692,27.01049053963616,27.05459976196289,50120000,0.0,0.0
2014-11-24 00:00:00-05:00,27.088301981122555,27.31727065142479,26.968365200713805,27.13340187072754,33076000,0.0,0.0
2014-11-25 00:00:00-05:00,27.120016912677077,27.38219177356716,27.105149359234908,27.220129013061523,38072000,0.0,0.0
2014-11-26 00:00:00-05:00,27.220133568266196,27.25234723630979,27.0218906664694,27.14579200744629,29604000,0.0,0.0
2014-11-28 00:00:00-05:00,27.1096138833177,27.238470446549254,26.984721875643118,27.21269989013672,24202000,0.0,0.0
2014-12-01 00:00:00-05:00,27.014952850997783,27.19832820113651,26.694296490697372,26.745344161987305,39888000,0.0,0.0
2014-12-02 00:00:00-05:00,26.735431394207417,26.854377514245293,26.49803637783937,26.69281005859375,41480000,0.0,0.0
2014-12-03 00:00:00-05:00,26.638787997609608,26.832569117887118,26.525294325231812,26.612520217895508,32476000,0.0,0.0
2014-12-04 00:00:00-05:00,26.645727535624623,26.896008781095087,26.509435300322767,26.89055633544922,32598000,0.0,0.0
2014-12-05 00:00:00-05:00,26.599140004007307,26.673481567707537,26.131290291939013,26.17192840576172,61402000,0.0,0.0
2014-12-08 00:00:00-05:00,26.22842772336387,26.45640573889884,26.118403271171463,26.303264617919922,64566000,0.0,0.0
2014-12-09 00:00:00-05:00,26.062894919177513,26.596661717894964,25.940479580275184,26.56989860534668,43322000,0.0,0.0
2014-12-10 00:00:00-05:00,26.559494083534812,26.730973888693033,26.142690128995817,26.16994857788086,46222000,0.0,0.0
2014-12-11 00:00:00-05:00,26.26757974467325,26.615989878535405,26.225453742281783,26.37165641784668,41426000,0.0,0.0
2014-12-12 00:00:00-05:00,26.140208618673146,26.378098962491258,25.8438368277695,25.846315383911133,47314000,0.0,0.0
2014-12-15 00:00:00-05:00,25.957826985507324,26.037619103435144,25.543501615809003,25.5653076171875,52352000,0.0,0.0
2014-12-16 00:00:00-05:00,25.454291412524725,25.55242030513325,24.641003597239774,24.689077377319336,86998000,0.0,0.0
2014-12-17 00:00:00-05:00,24.773327613655034,25.22978082530127,24.73615683645133,25.099931716918945,72788000,0.0,0.0
2014-12-18 00:00:00-05:00,25.572741225463467,25.58562744918537,25.105384964239686,25.504844665527344,77534000,0.0,0.0
2014-12-19 00:00:00-05:00,25.622302507418173,25.811623742402706,25.21937548034972,25.773462295532227,97442000,0.0,0.0
2014-12-22 00:00:00-05:00,25.80171096937326,26.414279222541968,25.800718412560464,26.381072998046875,66390000,0.0,0.0
2014-12-23 00:00:00-05:00,26.490601592667954,26.876677826466675,26.451449480990085,26.70172882080078,57544000,0.0,0.0
2014-12-24 00:00:00-05:00,26.704205571499497,26.777059235196695,26.51983957756091,26.610536575317383,14754000,0.0,0.0
2014-12-26 00:00:00-05:00,26.61053765733606,26.92376021407192,26.53916998994978,26.83802032470703,22270000,0.0,0.0
2014-12-29 00:00:00-05:00,26.787469877133653,26.95746366856184,26.621937865008046,26.629371643066406,44300000,0.0,0.0
2014-12-30 00:00:00-05:00,26.51290270525125,26.65563804268226,26.445996815607206,26.528762817382812,20972000,0.0,0.0
2014-12-31 00:00:00-05:00,26.650683880988332,26.68339477507347,26.276998498876903,26.29979705810547,24648000,0.0,0.0
2015-01-02 00:00:00-05:00,26.395939382391216,26.55453482936228,26.162013603133126,26.244781494140625,26480000,0.0,0.0
2015-01-05 00:00:00-05:00,26.12583574501147,26.16746641234832,25.659967402967474,25.744714736938477,41182000,0.0,0.0
2015-01-06 00:00:00-05:00,25.796258116180052,25.831445672575708,25.055328646524007,25.109350204467773,54456000,0.0,0.0
2015-01-07 00:00:00-05:00,25.322957320689344,25.349718543930422,24.96116562266541,25.035505294799805,46918000,0.0,0.0
2015-01-08 00:00:00-05:00,24.85510481517705,25.151971940893755,24.533455909070756,25.122732162475586,73054000,0.0,0.0
2015-01-09 00:00:00-05:00,25.18567307381611,25.20648840777159,24.71336161380152,24.815950393676758,42000000,0.0,0.0
2015-01-12 00:00:00-05:00,24.742600854209794,24.79414385487283,24.32976151581034,24.634559631347656,57138000,0.0,0.0
2015-01-13 00:00:00-05:00,24.907635853208518,25.206486170400954,24.644470312904026,24.869474411010742,60958000,0.0,0.0
2015-01-14 00:00:00-05:00,24.801083623360086,25.189638426748395,24.689077839172885,25.074161529541016,52800000,0.0,0.0
2015-01-15 00:00:00-05:00,25.22086263679171,25.263483974305565,24.87988626492731,24.979007720947266,51068000,0.0,0.0
2015-01-16 00:00:00-05:00,24.936384695609085,25.31800107550892,24.933410806128315,25.298673629760742,49658000,0.0,0.0
2015-01-20 00:00:00-05:00,25.413156414301586,25.553908534036548,25.244650515231655,25.272899627685547,46796000,0.0,0.0
2015-01-21 00:00:00-05:00,25.317501831447743,25.863164147556414,25.255551166824418,25.79080581665039,46356000,0.0,0.0
2015-01-22 00:00:00-05:00,25.920159917266922,26.705198625022977,25.866140248941647,26.628875732421875,56068000,0.0,0.0
2015-01-23 00:00:00-05:00,26.66505657909706,27.030812830129936,26.55205823643554,26.859333038330078,45966000,0.0,0.0
2015-01-26 00:00:00-05:00,26.837031674172664,26.837031674172664,26.369675414714727,26.60013198852539,30932000,0.0,0.0
2015-01-27 00:00:00-05:00,26.33646492326051,26.40485869557433,25.81409652182565,25.83045196533203,39148000,0.0,0.0
2015-01-28 00:00:00-05:00,26.01928295111049,26.0534798439865,25.392342435829637,25.39630699157715,35822000,0.0,0.0
2015-01-29 00:00:00-05:00,25.419599601712203,25.533093275569083,24.952738682816666,25.435955047607422,79018000,0.0,0.0
2015-01-30 00:00:00-05:00,25.721921863427802,26.91633084114425,25.68128185629702,26.64126968383789,121108000,0.0,0.0
2015-02-02 00:00:00-05:00,26.481185043761325,26.589228161069897,25.856723125756513,26.376117706298828,75378000,0.0,0.0
2015-02-03 00:00:00-05:00,26.26411088232547,26.636310245242328,26.108986536682703,26.430635452270508,47062000,0.0,0.0
2015-02-04 00:00:00-05:00,26.422706540009365,26.601620124078796,26.020770142313218,26.073801040649414,33896000,0.0,0.0
2015-02-05 00:00:00-05:00,26.16449693641557,26.30128451821436,26.051003248294123,26.258663177490234,33176000,0.0,0.0
2015-02-06 00:00:00-05:00,26.317142975083556,26.773594364727582,26.200180071467173,26.459381103515625,42938000,0.0,0.0
2015-02-09 00:00:00-05:00,26.319618003565182,26.45937945754581,26.145661549000884,26.231401443481445,30314000,0.0,0.0
2015-02-10 00:00:00-05:00,26.373641076451772,26.81225101760469,26.22595050289727,26.770620346069336,47430000,0.0,0.0
2015-02-11 00:00:00-05:00,26.749306478503332,26.859330923142902,26.564445144445028,26.66356658935547,38306000,0.0,0.0
2015-02-12 00:00:00-05:00,26.745838323988515,27.17602378617039,26.614007874627994,27.060548782348633,48590000,0.0,0.0
2015-02-13 00:00:00-05:00,27.134889568269575,27.384180145322926,27.089789675842,27.315786361694336,47382000,0.0,0.0
2015-02-17 00:00:00-05:00,27.315784443687487,27.406974888399592,26.924255771854156,27.010986328125,39174000,0.0,0.0
2015-02-18 00:00:00-05:00,26.95201191978484,27.13687327210888,26.740389343875744,26.894025802612305,31164000,0.0,0.0
2015-02-19 00:00:00-05:00,26.88510515311722,27.102675500805194,26.799860591400662,27.082355499267578,30834000,0.0,0.0
2015-02-20 00:00:00-05:00,27.138357648954596,27.138357648954596,26.66852474199983,26.851898193359375,38234000,0.0,0.0
2015-02-23 00:00:00-05:00,26.71312975703122,26.72799731289808,26.366205625657223,26.5148868560791,32906000,0.0,0.0
2015-02-24 00:00:00-05:00,26.343900489579347,26.732950594733598,26.31664204541188,26.695781707763672,28406000,0.0,0.0
2015-02-25 00:00:00-05:00,26.68537767602754,27.236985964571776,26.664065116521776,27.1259708404541,40836000,0.0,0.0
2015-02-26 00:00:00-05:00,27.04716683526549,27.76034252064496,27.014951277763025,27.718711853027344,54032000,0.0,0.0
2015-02-27 00:00:00-05:00,27.662214684653446,28.220763315828084,27.606707121919978,27.884246826171875,68328000,0.0,0.0
2015-03-02 00:00:00-05:00,28.100824071990036,28.54637242506507,27.910014951143882,28.49829864501953,50406000,0.0,0.0
2015-03-03 00:00:00-05:00,28.56421317964636,28.7872359626418,28.27428450704446,28.685142517089844,50526000,0.0,0.0
2015-03-04 00:00:00-05:00,28.59494086554753,28.825892759461063,28.374396638494353,28.662343978881836,37964000,0.0,0.0
2015-03-05 00:00:00-05:00,28.7262764692727,28.90370213034802,28.657387359996303,28.815980911254883,35918000,0.0,0.0
2015-03-06 00:00:00-05:00,28.844233160541986,28.88288994111933,28.351601675638612,28.393232345581055,37592000,0.0,0.0
2015-03-09 00:00:00-04:00,28.29510057915022,28.519609367304604,28.20242224124893,28.45270347595215,23478000,0.0,0.0
2015-03-10 00:00:00-04:00,28.17417452039786,28.237613083092278,27.744979700335296,27.74646759033203,40080000,0.0,0.0
2015-03-11 00:00:00-04:00,27.74398810435342,27.96106311808979,27.526417757496237,27.540294647216797,40524000,0.0,0.0
2015-03-12 00:00:00-04:00,27.67856939310433,27.84509207686113,27.532366711675163,27.811887741088867,35602000,0.0,0.0
2015-03-13 00:00:00-04:00,27.71573939114492,27.9699851890346,27.2746509124563,27.4069766998291,35428000,0.0,0.0
2015-03-16 00:00:00-04:00,27.60174982430397,27.93975228801004,27.32371480780339,27.835180282592773,36856000,0.0,0.0
2015-03-17 00:00:00-04:00,27.66915193887057,27.785619505199847,27.476858700786728,27.635452270507812,28892000,0.0,0.0
2015-03-18 00:00:00-04:00,27.641399961764808,28.076542585906946,27.431758706813973,28.05919647216797,35324000,0.0,0.0
2015-03-19 00:00:00-04:00,27.97791129193901,28.098838732612855,27.858967074148183,27.9357852935791,24660000,0.0,0.0
2015-03-20 00:00:00-04:00,28.086455317480766,28.10578276415727,27.975935521157275,27.99922752380371,44320000,0.0,0.0
2015-03-23 00:00:00-04:00,28.051261605164928,28.231663053781187,27.90555426983146,28.020038604736328,30234000,0.0,0.0
2015-03-24 00:00:00-04:00,28.17714626774787,28.838283615021016,28.15484304416828,28.623191833496094,79156000,0.0,0.0
2015-03-25 00:00:00-04:00,28.624678829587207,28.748580169878046,28.1008243560791,28.1008243560791,53070000,0.0,0.0
2015-03-26 00:00:00-04:00,27.984356472002673,28.110241033898784,27.670143236250304,27.93429946899414,49842000,0.0,0.0
2015-03-27 00:00:00-04:00,27.844596623489593,27.95561363609928,27.6017510440595,27.632478713989258,34552000,0.0,0.0
2015-03-30 00:00:00-04:00,27.766294576579114,27.860954259506435,27.59481476749816,27.810401916503906,24788000,0.0,0.0
2015-03-31 00:00:00-04:00,27.651802989420585,27.87532109785129,27.489740213804282,27.491228103637695,34932000,0.0,0.0
2015-04-01 00:00:00-04:00,27.49767425304637,27.679559825001952,27.061540987577295,27.233020782470703,38902000,0.0,0.0
2015-04-02 00:00:00-04:00,27.129933400758688,27.159173179084938,26.784495272161728,26.827613830566406,47760000,0.0,0.0
2015-04-06 00:00:00-04:00,26.705199003367664,27.037255581958114,26.54957932668498,26.958454132080078,33718000,0.0,0.0
2015-04-07 00:00:00-04:00,27.009996502109804,27.26622362354651,26.94061205493485,27.00355339050293,27318000,0.0,0.0
2015-04-08 00:00:00-04:00,27.06005353668732,27.332638013644075,27.06005353668732,27.2008056640625,28386000,0.0,0.0
2015-04-09 00:00:00-04:00,27.219140638912105,27.2270697493377,26.859330312524875,27.1601619720459,32366000,0.0,0.0
2015-04-10 00:00:00-04:00,27.236983642901645,27.250860532233496,27.009500968246964,27.185935974121094,26104000,0.0,0.0
2015-04-13 00:00:00-04:00,27.112093610627248,27.42035908757238,27.07492282847532,27.190893173217773,29326000,0.0,0.0
2015-04-14 00:00:00-04:00,27.088305589325163,27.088305589325163,26.55156484046162,26.751789093017578,47206000,0.0,0.0
2015-04-15 00:00:00-04:00,26.66158609041061,26.92078709831587,26.384541747207937,26.814231872558594,46962000,0.0,0.0
2015-04-16 00:00:00-04:00,26.680916198298643,27.021892576648604,26.66852719767583,26.937145233154297,31722000,0.0,0.0
2015-04-17 00:00:00-04:00,26.629369809158458,26.75277581006501,26.217523030295755,26.402877807617188,49234000,0.0,0.0
2015-04-20 00:00:00-04:00,26.45293761309919,27.05014301376542,26.433112943817477,26.987199783325195,38508000,0.0,0.0
2015-04-21 00:00:00-04:00,27.0754164165487,27.147774753032532,26.872218296543842,26.907405853271484,29128000,0.0,0.0
2015-04-22 00:00:00-04:00,26.914343053182524,27.307853051767484,26.828107831240505,27.217653274536133,31806000,0.0,0.0
2015-04-23 00:00:00-04:00,27.278614723488467,27.811886195200906,27.262259277790157,27.628015518188477,78184000,0.0,0.0
2015-04-24 00:00:00-04:00,28.74759047259006,28.978047048922004,28.16773119738071,28.430898666381836,92168000,0.0,0.0
2015-04-27 00:00:00-04:00,28.38678701678215,28.523077349711357,27.86788779183222,28.057209014892578,48062000,0.0,0.0
2015-04-28 00:00:00-04:00,27.968001409035093,28.14195975329,27.801478733304794,27.97047996520996,37178000,0.0,0.0
2015-04-29 00:00:00-04:00,27.77917434835811,28.043332464264424,27.704339348380156,27.82278823852539,33622000,0.0,0.0
2015-04-30 00:00:00-04:00,27.68253391470121,27.808913817373433,27.095738075970985,27.197336196899414,47240000,0.0,0.0
2015-05-01 00:00:00-04:00,27.28357080240002,27.31876025105877,26.953497441714816,27.315786361694336,36572000,0.0,0.0
2015-05-04 00:00:00-04:00,27.307360176230937,27.589855089800704,27.128941938063825,27.3990478515625,35260000,0.0,0.0
2015-05-05 00:00:00-04:00,27.266224904607288,27.3876495834528,26.880148647841473,26.913354873657227,28528000,0.0,0.0
2015-05-06 00:00:00-04:00,26.893528221844623,26.957462112508114,26.378098212926403,26.518850326538086,39034000,0.0,0.0
2015-05-07 00:00:00-04:00,26.559491512646844,27.02040465207109,26.43806872792071,26.863792419433594,31844000,0.0,0.0
2015-05-08 00:00:00-04:00,27.202294217955963,27.39706602174556,27.16066354567774,27.20625877380371,28226000,0.0,0.0
2015-05-11 00:00:00-04:00,27.183455648249264,27.425312420181257,27.040226875708704,27.04914665222168,21858000,0.0,0.0
2015-05-12 00:00:00-04:00,26.901954564814268,26.909390233552795,26.514887642995383,26.699748992919922,35282000,0.0,0.0
2015-05-13 00:00:00-04:00,26.785984429247467,26.953002444189668,26.712138199100508,26.737415313720703,24238000,0.0,0.0
2015-05-14 00:00:00-04:00,26.95944408591096,27.24293154284862,26.88659041659385,27.218645095825195,31736000,0.0,0.0
2015-05-15 00:00:00-04:00,27.277622997579474,27.288030664331462,26.886589658860693,27.084335327148438,33440000,0.0,0.0
2015-05-18 00:00:00-04:00,26.95201235062962,27.17602582092695,26.874201563155445,27.093259811401367,26706000,0.0,0.0
2015-05-19 00:00:00-04:00,27.159173819951512,27.426801172723838,27.115561817989402,27.222612380981445,47126000,0.0,0.0
2015-05-20 00:00:00-04:00,27.303887081969783,27.559123512371826,27.015444430540352,27.382688522338867,30840000,0.0,0.0
2015-05-21 00:00:00-04:00,27.26820750754953,27.63545164395248,27.223602948915225,27.595802307128906,34170000,0.0,0.0
2015-05-22 00:00:00-04:00,27.479333544891528,27.666673439218293,27.437702877393217,27.48230743408203,24266000,0.0,0.0
2015-05-26 00:00:00-04:00,27.38616011758206,27.423330896914532,26.909884102657312,27.119029998779297,37474000,0.0,0.0
2015-05-27 00:00:00-04:00,27.192875584275104,27.520470387519477,27.08879890982551,27.46892738342285,34844000,0.0,0.0
2015-05-28 00:00:00-04:00,27.446130471510997,27.54376403325567,27.297944572376394,27.465457916259766,23544000,0.0,0.0
2015-05-29 00:00:00-04:00,27.416884185823022,27.453559627234995,27.012471226547106,27.026348114013672,43446000,0.0,0.0
2015-06-01 00:00:00-04:00,27.195355595650692,27.286546051309376,26.94011911773585,27.219144821166992,33210000,0.0,0.0
2015-06-02 00:00:00-04:00,27.13092845878674,27.693937021825885,27.087314560209357,27.454063415527344,31842000,0.0,0.0
2015-06-03 00:00:00-04:00,27.51105457128175,27.654285256039536,27.36485188762693,27.520471572875977,26710000,0.0,0.0
2015-06-04 00:00:00-04:00,27.36633701736258,27.55367692407164,27.214681892713777,27.342052459716797,26866000,0.0,0.0
2015-06-05 00:00:00-04:00,27.357415949659583,27.423331174446826,27.12844538349845,27.235000610351562,24396000,0.0,0.0
2015-06-08 00:00:00-04:00,27.238965252296495,27.251851475545493,26.908891903617572,26.93515968322754,27336000,0.0,0.0
2015-06-09 00:00:00-04:00,26.93218744627871,27.002564454769487,26.705695421639497,26.869741439819336,30016000,0.0,0.0
2015-06-10 00:00:00-04:00,27.045184695899923,27.495194837500968,27.015944917009286,27.38715171813965,30316000,0.0,0.0
2015-06-11 00:00:00-04:00,27.480821018446964,27.497671796548282,27.217158237701096,27.260276794433594,25872000,0.0,0.0
2015-06-12 00:00:00-04:00,27.117047754564776,27.20129975954737,27.041715526969934,27.13290786743164,25468000,0.0,0.0
2015-06-15 00:00:00-04:00,26.897989674334596,26.963409568094153,26.723537884698743,26.9113712310791,27150000,0.0,0.0
2015-06-16 00:00:00-04:00,26.984721856497877,27.094249084403998,26.84050051367789,27.00404930114746,32526000,0.0,0.0
2015-06-17 00:00:00-04:00,27.03130889352005,27.17701624188115,26.852395318785334,27.08979034423828,24440000,0.0,0.0
2015-06-18 00:00:00-04:00,27.159173431076237,27.617608012329857,27.159173431076237,27.564579010009766,41192000,0.0,0.0
2015-06-19 00:00:00-04:00,27.58142929567892,27.650318409443564,27.3703020658244,27.63098907470703,59290000,0.0,0.0
2015-06-22 00:00:00-04:00,27.724663164196947,28.031937988874294,27.699881381242086,27.7380428314209,34752000,0.0,0.0
2015-06-23 00:00:00-04:00,27.74349300424153,27.996748134353187,27.61265321703896,27.921911239624023,31396000,0.0,0.0
2015-06-24 00:00:00-04:00,27.876810275179828,27.884739386043286,27.595801376204903,27.683027267456055,28924000,0.0,0.0
2015-06-25 00:00:00-04:00,27.76876744192622,27.909519559398742,27.628015324453695,27.652299880981445,26684000,0.0,0.0
2015-06-26 00:00:00-04:00,27.739530208824885,27.753902432698936,27.349984711833493,27.40995216369629,43676000,0.0,0.0
2015-06-29 00:00:00-04:00,27.097222845597965,27.302899524996054,26.774583270275233,26.82464027404785,37756000,0.0,0.0
2015-06-30 00:00:00-04:00,27.014952583941437,27.055097254192727,26.739891452036943,26.764673233032227,34510000,0.0,0.0
2015-07-01 00:00:00-04:00,26.94408427525865,27.050639514014577,26.750798467883854,26.92624282836914,30760000,0.0,0.0
2015-07-02 00:00:00-04:00,26.997608287360602,27.15917575490056,26.939622167736946,27.126466751098633,28124000,0.0,0.0
2015-07-06 00:00:00-04:00,26.874199813104312,27.18791960830497,26.866766035219026,27.04121971130371,25614000,0.0,0.0
2015-07-07 00:00:00-04:00,27.13092432164705,27.307854664356682,26.75525574497219,27.259780883789062,33578000,0.0,0.0
2015-07-08 00:00:00-04:00,27.040228669517685,27.173049784548095,26.82216110479443,26.846940994262695,27662000,0.0,0.0
2015-07-09 00:00:00-04:00,27.19138788176363,27.202786214751,26.991658989722236,26.993144989013672,29766000,0.0,0.0
2015-07-10 00:00:00-04:00,27.442163425290254,27.7187124396398,27.35741608895417,27.56110954284668,43436000,0.0,0.0
2015-07-13 00:00:00-04:00,27.72961532803799,28.390752690220616,27.689470659040033,28.33524513244629,41792000,0.0,0.0
2015-07-14 00:00:00-04:00,28.472527186718814,29.226342864162607,28.45617174161919,28.952272415161133,74832000,0.0,0.0
2015-07-15 00:00:00-04:00,28.930468916910236,29.17579305227933,28.755519898987675,28.94137191772461,41466000,0.0,0.0
2015-07-16 00:00:00-04:00,29.215935502528435,29.9593435209613,29.137629389055252,29.824539184570312,112642000,0.0,0.0
2015-07-17 00:00:00-04:00,33.70116528148837,34.8410591490651,33.60204571959862,34.67354202270508,257162000,0.0,0.0
2015-07-20 00:00:00-04:00,34.14621992213215,34.58334195070391,33.78888811930254,34.337520599365234,102436000,0.0,0.0
2015-07-21 00:00:00-04:00,33.94302053316761,34.969914178196255,33.906842308639256,34.46192169189453,75604000,0.0,0.0
2015-07-22 00:00:00-04:00,34.396005326326325,35.353019208905984,34.277061092014556,34.44953155517578,83100000,0.0,0.0
2015-07-23 00:00:00-04:00,34.28845882528664,34.49760663594786,33.28436178812161,33.43998336791992,76232000,0.0,0.0
2015-07-24 00:00:00-04:00,33.54108636611897,33.591636814301346,32.37195269661923,32.45075225830078,82622000,0.0,0.0
2015-07-27 00:00:00-04:00,32.29215949947337,33.060349372452855,32.29116883317396,32.62421798706055,58382000,0.0,0.0
2015-07-28 00:00:00-04:00,32.797184285541384,32.91315652421472,32.38335422908402,32.69310760498047,34364000,0.0,0.0
2015-07-29 00:00:00-04:00,32.8219504487422,32.87498132679465,32.35508966349191,32.78081512451172,36756000,0.0,0.0
2015-07-30 00:00:00-04:00,32.58308498014442,33.108920858458205,32.298109589571,32.93595504760742,39606000,0.0,0.0
2015-07-31 00:00:00-04:00,32.942892256329195,32.957759813664076,32.57118819828035,32.586055755615234,34922000,0.0,0.0
2015-08-03 00:00:00-04:00,32.59397639487133,33.04051723785514,32.59397639487133,32.94387435913086,31348000,0.0,0.0
2015-08-04 00:00:00-04:00,32.92504684878457,33.10644086790557,32.735232166361655,32.77339172363281,26188000,0.0,0.0
2015-08-05 00:00:00-04:00,32.99492129415121,33.69669857957778,32.98649685104336,33.36861038208008,36448000,0.0,0.0
2015-08-06 00:00:00-04:00,33.40330357862987,33.440967797773176,32.74612893596894,33.212989807128906,40660000,0.0,0.0
2015-08-07 00:00:00-04:00,33.095529399522924,33.146079837471305,32.65394566881739,32.927520751953125,27544000,0.0,0.0
2015-08-10 00:00:00-04:00,33.0613401653713,33.28585086162707,32.72135634608677,32.865577697753906,34458000,0.0,0.0
2015-08-11 00:00:00-04:00,34.671561901112895,34.890620148578996,33.91526759336305,34.211639404296875,109880000,0.0,0.0
2015-08-12 00:00:00-04:00,34.41929279691754,34.49412968459339,33.726439036613,34.269622802734375,58498000,0.0,0.0
2015-08-13 00:00:00-04:00,34.15712015996569,34.396498393418426,33.80920725770289,34.0238037109375,36354000,0.0,0.0
2015-08-14 00:00:00-04:00,33.901390170715075,34.308777098420755,33.844891943728335,34.16554641723633,27598000,0.0,0.0
2015-08-17 00:00:00-04:00,34.09962954970426,34.431684213332495,33.85281755086952,34.40046310424805,24680000,0.0,0.0
2015-08-18 00:00:00-04:00,34.24979560639487,34.48223158150727,33.96482029834736,34.13382339477539,27710000,0.0,0.0
2015-08-19 00:00:00-04:00,34.20222374884591,34.70228712828461,34.03817773243055,34.396995544433594,50194000,0.0,0.0
2015-08-20 00:00:00-04:00,34.15215955439257,34.50205371457079,33.46723122419671,33.675384521484375,57798000,0.0,0.0
2015-08-21 00:00:00-04:00,33.25710258472612,33.34879215400673,31.872381746171946,31.918474197387695,91880000,0.0,0.0
2015-08-24 00:00:00-04:00,29.76606058550807,31.10816008055954,29.393859317008232,30.633865356445312,129788000,0.0,0.0
2015-08-25 00:00:00-04:00,32.03940245636263,32.065666455972455,30.314694076571453,30.35434341430664,71430000,0.0,0.0
2015-08-26 00:00:00-04:00,31.872379222676752,32.83286415671421,31.241474194582864,32.69706726074219,87740000,0.0,0.0
2015-08-27 00:00:00-04:00,33.30417909994481,33.40280709495463,32.2688611776306,33.10445022583008,58974000,0.0,0.0
2015-08-28 00:00:00-04:00,32.995417469988176,33.056872800925866,32.40019727493379,32.69458770751953,38836000,0.0,0.0
2015-08-31 00:00:00-04:00,32.42943521087094,32.92851160724675,32.03344858546862,32.106300354003906,38936000,0.0,0.0
2015-09-01 00:00:00-04:00,31.41196207473094,31.9387904110552,30.978307405501834,31.201330184936523,51458000,0.0,0.0
2015-09-02 00:00:00-04:00,31.61962712769048,31.969523317782652,31.2548614885967,31.96208953857422,37630000,0.0,0.0
2015-09-03 00:00:00-04:00,32.11175764299155,32.276298985070795,31.411963496624615,31.572540283203125,34572000,0.0,0.0
2015-09-04 00:00:00-04:00,31.208270066684438,31.446160412175985,31.049676503023406,31.171594619750977,40478000,0.0,0.0
2015-09-08 00:00:00-04:00,31.768296409913432,31.96852060221157,31.366857359285355,31.91103172302246,39092000,0.0,0.0
2015-09-09 00:00:00-04:00,32.307518822505614,32.57910879236678,31.763340654372744,31.887741088867188,40978000,0.0,0.0
2015-09-10 00:00:00-04:00,31.912029861901487,32.45719501933185,31.802996074181628,32.26787567138672,27850000,0.0,0.0
2015-09-11 00:00:00-04:00,32.22475957298511,32.477515596812545,32.08598688904753,32.477020263671875,34892000,0.0,0.0
2015-09-14 00:00:00-04:00,32.493373695124426,32.507745916814414,32.18956436380442,32.336761474609375,29942000,0.0,0.0
2015-09-15 00:00:00-04:00,32.54689828255717,33.14856542556682,32.379880275154804,32.96122741699219,35546000,0.0,0.0
2015-09-16 00:00:00-04:00,32.98501795138993,33.109909969228006,32.81899059410103,32.9835319519043,26252000,0.0,0.0
2015-09-17 00:00:00-04:00,33.0811673698086,33.79979373628238,32.95776134455996,33.288330078125,47752000,0.0,0.0
2015-09-18 00:00:00-04:00,32.96072410671361,33.197625645860576,32.711435460129735,32.75554656982422,72544000,0.0,0.0
2015-09-21 00:00:00-04:00,32.9830297289744,33.15599549556822,32.610830419017624,33.05588150024414,39094000,0.0,0.0
2015-09-22 00:00:00-04:00,32.58456066811797,32.65146843863323,31.96802607565712,32.3729362487793,54362000,0.0,0.0
2015-09-23 00:00:00-04:00,32.358073924541806,32.72383016051654,32.250526141309656,32.377403259277344,29160000,0.0,0.0
2015-09-24 00:00:00-04:00,32.1633007154674,32.54987226837911,31.826288939385908,32.45768737792969,38692000,0.0,0.0
2015-09-25 00:00:00-04:00,32.639575130457445,32.639575130457445,31.70188884672717,31.726173400878906,48480000,0.0,0.0
2015-09-28 00:00:00-04:00,31.67165945228754,31.859991906219815,30.620481301051576,30.93816375732422,47646000,0.0,0.0
2015-09-29 00:00:00-04:00,31.000112777365153,31.455078103849107,30.629896672525657,30.856884002685547,42130000,0.0,0.0
2015-09-30 00:00:00-04:00,31.31383296888264,31.68454632470482,31.18101185089274,31.63796043395996,52954000,0.0,0.0
2015-10-01 00:00:00-04:00,31.616640978810988,31.909050045251732,31.278638588392866,31.817855834960938,42506000,0.0,0.0
2015-10-02 00:00:00-04:00,31.620113655912682,32.561267275203335,31.396595555774525,32.56077194213867,48788000,0.0,0.0
2015-10-05 00:00:00-04:00,32.78925036593479,33.35572613748524,32.505265699364045,33.288818359375,37960000,0.0,0.0
2015-10-06 00:00:00-04:00,33.17333916842883,33.64168602035817,32.86259519334945,33.286834716796875,42774000,0.0,0.0
2015-10-07 00:00:00-04:00,33.57230568073825,33.638718129263374,32.61628252768684,33.20555877685547,44354000,0.0,0.0
2015-10-08 00:00:00-04:00,33.17829798611714,33.29922731762536,32.43687133864488,33.0568733215332,39308000,0.0,0.0
2015-10-09 00:00:00-04:00,33.08116533825804,33.40826293823937,32.826919524361536,33.26701736450195,32124000,0.0,0.0
2015-10-12 00:00:00-04:00,33.16540940032276,33.60104535644944,33.06876652108586,33.524227142333984,26684000,0.0,0.0
2015-10-13 00:00:00-04:00,33.416688744844,34.12044745912008,33.35969140514747,33.858272552490234,42446000,0.0,0.0
2015-10-14 00:00:00-04:00,33.88602265034511,34.198747969753484,33.64664443690105,33.72148132324219,31292000,0.0,0.0
2015-10-15 00:00:00-04:00,33.96135760485421,34.40294140008548,33.91873627043757,34.34644317626953,47156000,0.0,0.0
2015-10-16 00:00:00-04:00,34.46439277615422,34.50503277346387,34.152162800545355,34.460426330566406,36316000,0.0,0.0
2015-10-19 00:00:00-04:00,34.395013642656146,34.704271667654304,34.30629985739765,34.68989944458008,30172000,0.0,0.0
2015-10-20 00:00:00-04:00,34.587802954463235,34.593255399868426,33.38793978480424,33.70116424560547,52434000,0.0,0.0
2015-10-21 00:00:00-04:00,33.86025832547004,33.94401500831403,33.240256201745936,33.29477310180664,31952000,0.0,0.0
2015-10-22 00:00:00-04:00,33.47517259707354,34.10013183206356,33.28981589363066,33.757667541503906,88632000,0.0,0.0
2015-10-23 00:00:00-04:00,37.17337346222999,37.29430280178974,35.58149006711172,35.6503791809082,126726000,0.0,0.0
2015-10-26 00:00:00-04:00,35.68458074771686,36.424521542196786,35.68458074771686,36.234703063964844,48776000,0.0,0.0
2015-10-27 00:00:00-04:00,36.009197304687824,36.474572217524646,35.888767078294165,36.31895065307617,38778000,0.0,0.0
2015-10-28 00:00:00-04:00,36.32787169266698,36.54444946438141,36.043887029364974,36.52214813232422,39604000,0.0,0.0
2015-10-29 00:00:00-04:00,36.507781816485696,37.011316331431395,36.43492624924427,36.91516876220703,36520000,0.0,0.0
2015-10-30 00:00:00-04:00,36.950350894272155,36.9875197815867,36.50281934139583,36.545440673828125,39984000,0.0,0.0
2015-11-02 00:00:00-05:00,36.403704890665345,37.080205202798545,36.251055311813445,37.05839920043945,39914000,0.0,0.0
2015-11-03 00:00:00-05:00,36.94391455620129,37.25465861086152,36.73229007333128,37.1119270324707,36306000,0.0,0.0
2015-11-04 00:00:00-05:00,37.165444369600564,37.66104972269201,37.13075214613092,37.43356704711914,41840000,0.0,0.0
2015-11-05 00:00:00-05:00,37.6070186199814,37.98070765356399,37.54060996971872,37.69920349121094,45486000,0.0,0.0
2015-11-06 00:00:00-05:00,37.63577119232101,37.81567539640562,37.419684989268674,37.74530029296875,33544000,0.0,0.0
2015-11-09 00:00:00-05:00,37.59265513452091,37.829556696412794,37.12629335071772,37.406803131103516,35538000,0.0,0.0
2015-11-10 00:00:00-05:00,37.34287514304313,37.69574518654897,37.091605113135245,37.57977294921875,29798000,0.0,0.0
2015-11-11 00:00:00-05:00,37.78396465853524,38.11601937509722,37.65362019396847,37.926204681396484,41866000,0.0,0.0
2015-11-12 00:00:00-05:00,37.67493638494631,37.95346869234135,37.46083521011458,37.494041442871094,35452000,0.0,0.0
2015-11-13 00:00:00-05:00,37.37062303845828,37.434555035457095,36.64852572766704,36.67826461791992,48188000,0.0,0.0
2015-11-16 00:00:00-05:00,36.685200640491274,37.25514369321806,36.39378222226086,37.19121170043945,50704000,0.0,0.0
2015-11-17 00:00:00-05:00,37.29281742591975,37.41572809996909,36.87551629012614,36.971168518066406,38864000,0.0,0.0
2015-11-18 00:00:00-05:00,37.14909252898197,37.720525466967544,37.04104940754688,37.66650390625,36266000,0.0,0.0
2015-11-19 00:00:00-05:00,37.65510345403689,37.826087912696245,37.52872544515207,37.66303634643555,28078000,0.0,0.0
2015-11-20 00:00:00-05:00,38.126919028981426,38.62351503610486,37.86920591541211,38.5085334777832,55478000,0.0,0.0
2015-11-23 00:00:00-05:00,38.53183093966916,38.80094428854692,38.33556937088508,38.49366760253906,34648000,0.0,0.0
2015-11-24 00:00:00-05:00,38.30831289958813,38.45848202792042,37.57233859575199,38.14327621459961,47880000,0.0,0.0
2015-11-25 00:00:00-05:00,38.24536536448898,38.31029180751803,37.98963360038769,38.124935150146484,23612000,0.0,0.0
2015-11-27 00:00:00-05:00,38.11998259525564,38.35985616765647,38.01293014200429,38.259246826171875,14434000,0.0,0.0
2015-11-30 00:00:00-05:00,38.25429495356158,38.410907208737996,37.72152062345059,37.8072624206543,33586000,0.0,0.0
2015-12-01 00:00:00-05:00,38.00995327058177,38.90501632777497,37.960888829521004,38.84504699707031,40398000,0.0,0.0
2015-12-02 00:00:00-05:00,38.91740988542644,39.303981443709375,38.480284102269266,38.550662994384766,46876000,0.0,0.0
2015-12-03 00:00:00-05:00,38.68497119885509,38.8792476496772,37.78743138943323,38.07240295410156,41950000,0.0,0.0
2015-12-04 00:00:00-05:00,38.14724129104208,38.77715378075039,37.9390879429915,38.618064880371094,49800000,0.0,0.0
2015-12-07 00:00:00-05:00,38.66018105449561,38.70676882469209,37.99904384007675,38.309791564941406,36626000,0.0,0.0
2015-12-08 00:00:00-05:00,37.88902576778048,38.5903077598013,37.7908968809331,38.416351318359375,31082000,0.0,0.0
2015-12-09 00:00:00-05:00,38.21612548740037,38.46343280759247,37.27001287006978,37.792381286621094,46550000,0.0,0.0
2015-12-10 00:00:00-05:00,37.8439255534266,37.96683621191208,37.418200027384074,37.66798400878906,32458000,0.0,0.0
2015-12-11 00:00:00-05:00,37.120836596962086,37.53912833466808,37.10348859702902,37.19121170043945,43184000,0.0,0.0
2015-12-14 00:00:00-05:00,37.232843415510786,37.871679371821706,36.489435467109004,37.79188537597656,53864000,0.0,0.0
2015-12-15 00:00:00-05:00,38.052081822339964,38.397022713270175,37.56688604281139,37.670467376708984,49386000,0.0,0.0
2015-12-16 00:00:00-05:00,37.99161658983304,38.73155725240424,37.51980237315658,38.48821258544922,53120000,0.0,0.0
2015-12-17 00:00:00-05:00,38.71470547127347,38.73601613793585,38.12691901929806,38.1531867980957,36510000,0.0,0.0
2015-12-18 00:00:00-05:00,38.024330886296674,38.36679513735825,37.49700528629999,37.509891510009766,67794000,0.0,0.0
2015-12-21 00:00:00-05:00,37.81716076052727,37.98071140919186,37.376072367099624,37.705650329589844,34848000,0.0,0.0
2015-12-22 00:00:00-05:00,37.87763014446441,38.178459922760425,37.725479698903165,38.019371032714844,36338000,0.0,0.0
2015-12-23 00:00:00-05:00,38.19580785297315,38.255777187749835,37.54953806978515,38.087764739990234,30594000,0.0,0.0
2015-12-24 00:00:00-05:00,38.08826546588451,38.121967026826745,37.88358321558441,37.9554443359375,10412000,0.0,0.0
2015-12-28 00:00:00-05:00,38.16161000474399,38.7969748815815,38.04910889675069,38.76823043823242,31156000,0.0,0.0
2015-12-29 00:00:00-05:00,39.00364294351675,39.583504058033576,38.964492723571475,39.349082946777344,38430000,0.0,0.0
2015-12-30 00:00:00-05:00,39.34908428572849,39.472985623454946,39.01405382829281,39.16769027709961,28566000,0.0,0.0
2015-12-31 00:00:00-05:00,39.04478021715522,39.070057330670686,38.524396859254466,38.55859375,32752000,0.0,0.0
2016-01-04 00:00:00-05:00,37.77504364540484,37.77504364540484,37.04848444557318,37.63825607299805,67382000,0.0,0.0
2016-01-05 00:00:00-05:00,37.86920900632644,38.12196502838937,37.45042185407198,37.74183654785156,45216000,0.0,0.0
2016-01-06 00:00:00-05:00,37.18874435992907,37.9499920299941,37.07128611994566,37.63280487060547,48206000,0.0,0.0
2016-01-07 00:00:00-05:00,36.99644674111335,37.43356877703162,36.440872025646534,36.72435760498047,63132000,0.0,0.0
2016-01-08 00:00:00-05:00,37.0613757078269,37.17635729381657,36.12567235699823,36.224300384521484,47506000,0.0,0.0
2016-01-11 00:00:00-05:00,36.27582942404055,36.43095563587085,35.66177524988717,36.331336975097656,50896000,0.0,0.0
2016-01-12 00:00:00-05:00,36.71196662477227,37.08813243520598,36.497865496106485,36.939449310302734,46816000,0.0,0.0
2016-01-13 00:00:00-05:00,37.137693159145805,37.31908718111925,35.52400365134748,35.66227722167969,51728000,0.0,0.0
2016-01-14 00:00:00-05:00,35.90363184715325,36.66934115745359,34.94017498611325,36.248077392578125,55558000,0.0,0.0
2016-01-15 00:00:00-05:00,35.18747942357079,35.88975201212006,34.76720635935,35.21226119995117,76676000,0.0,0.0
2016-01-19 00:00:00-05:00,35.691012296543704,35.948729147754655,35.18053948658914,35.63798141479492,48724000,0.0,0.0
2016-01-20 00:00:00-05:00,34.98477366599079,36.02802440729934,34.08673868477514,35.612213134765625,82440000,0.0,0.0
2016-01-21 00:00:00-05:00,35.69201208578,36.559321507615586,35.242994485192334,36.014156341552734,51938000,0.0,0.0
2016-01-22 00:00:00-05:00,36.77391663401098,37.09903665794988,36.699578854067745,36.945396423339844,47146000,0.0,0.0
2016-01-25 00:00:00-05:00,36.86511474128454,37.29232636958022,36.303096866334485,36.358604431152344,45340000,0.0,0.0
2016-01-26 00:00:00-05:00,36.437402361090456,36.64803236370286,36.02902101646879,36.36702346801758,30940000,0.0,0.0
2016-01-27 00:00:00-05:00,36.47110233263639,36.47110233263639,35.358966020838345,35.56365203857422,42428000,0.0,0.0
2016-01-28 00:00:00-05:00,36.585089539222174,37.227888192584565,36.208923767274506,37.08614730834961,62104000,0.0,0.0
2016-01-29 00:00:00-05:00,37.11885973545307,37.919261308278145,36.88294883872578,37.732913970947266,75808000,0.0,0.0
2016-02-01 00:00:00-05:00,38.224058361754075,38.537778154883824,37.73440078494215,38.19977569580078,111522000,0.0,0.0
2016-02-02 00:00:00-05:00,39.67321473396329,40.1613863671648,38.68695724186778,38.70232391357422,135846000,0.0,0.0
2016-02-03 00:00:00-05:00,38.96845229178406,39.22368871604043,36.48943515238362,37.139671325683594,131114000,0.0,0.0
2016-02-04 00:00:00-05:00,36.90228140141073,36.93449696160292,35.81244639348671,36.18067932128906,104922000,0.0,0.0
2016-02-05 00:00:00-05:00,35.95617100046142,36.01663189098759,34.6993142431125,34.87872314453125,109556000,0.0,0.0
2016-02-08 00:00:00-05:00,34.08178917080497,34.9163914623654,33.80078025883181,34.8985481262207,89410000,0.0,0.0
2016-02-09 00:00:00-05:00,34.34297062627472,35.73116240356489,34.122426404442294,34.742923736572266,84300000,0.0,0.0
2016-02-10 00:00:00-05:00,35.27669100973406,35.843166763463365,34.9595039117977,35.0318603515625,60314000,0.0,0.0
2016-02-11 00:00:00-05:00,34.51098755472807,35.30296476759648,34.2557510776996,35.00758361816406,65004000,0.0,0.0
2016-02-12 00:00:00-05:00,35.29751254701565,35.48534590475002,34.770682252041645,35.033851623535156,46538000,0.0,0.0
2016-02-16 00:00:00-05:00,35.61668262162516,35.826325772253966,35.19690476835864,35.566627502441406,43444000,0.0,0.0
2016-02-17 00:00:00-05:00,36.0305120585616,36.36554255840018,35.515581088982934,36.27682876586914,49154000,0.0,0.0
2016-02-18 00:00:00-05:00,36.37545361593367,36.47655451006453,35.463042434942075,35.5601806640625,47276000,0.0,0.0
2016-02-19 00:00:00-05:00,35.48039395876531,35.88332296234161,35.34261569791892,35.78816604614258,34918000,0.0,0.0
2016-02-22 00:00:00-05:00,36.15490726407153,36.41956263131484,35.85457278541269,36.132110595703125,37516000,0.0,0.0
2016-02-23 00:00:00-05:00,35.98590104579814,36.22378947175091,35.46898508217872,35.54927062988281,41332000,0.0,0.0
2016-02-24 00:00:00-05:00,35.218213753235695,35.74405338018382,34.79249192220274,35.72819137573242,37092000,0.0,0.0
2016-02-25 00:00:00-05:00,35.82879681374895,36.15490370877244,35.34805902450568,36.13557815551758,36146000,0.0,0.0
2016-02-26 00:00:00-05:00,36.35760541401729,36.48447873841174,35.77972944789693,35.92444610595703,42474000,0.0,0.0
2016-02-29 00:00:00-05:00,35.733144889867106,36.20892557094318,35.52697288328393,35.545806884765625,45068000,0.0,0.0
2016-03-01 00:00:00-05:00,35.74800993036917,36.79027011370275,35.616179491609444,36.78234100341797,60112000,0.0,0.0
2016-03-02 00:00:00-05:00,36.81704125458639,36.829428365200954,36.340266055681795,36.64902877807617,36292000,0.0,0.0
2016-03-03 00:00:00-05:00,36.6490213002305,36.72435352074923,36.16084975667321,36.25798797607422,40534000,0.0,0.0
2016-03-04 00:00:00-05:00,36.41708900336268,36.426999448341576,35.96211979615728,36.190101623535156,48516000,0.0,0.0
2016-03-07 00:00:00-05:00,35.93882467011643,36.04092001602453,34.947118553748695,35.326751708984375,61690000,0.0,0.0
2016-03-08 00:00:00-05:00,35.108189154196516,35.7950990205075,34.89062068399552,35.36293029785156,52530000,0.0,0.0
2016-03-09 00:00:00-05:00,35.444208814018566,35.99284508425381,35.31981213693724,35.95170974731445,39544000,0.0,0.0
2016-03-10 00:00:00-05:00,36.06966244552079,36.5033171389211,35.8466415442396,36.286739349365234,44616000,0.0,0.0
2016-03-11 00:00:00-05:00,36.672320531192405,36.917642768168925,36.51124651804563,36.91615676879883,35380000,0.0,0.0
2016-03-14 00:00:00-04:00,36.921116310014405,37.381534150223594,36.856189854893664,37.18230056762695,32824000,0.0,0.0
2016-03-15 00:00:00-04:00,36.97314901838663,37.31957969896712,36.81554612385186,37.19865036010742,29832000,0.0,0.0
2016-03-16 00:00:00-04:00,37.12331900339101,37.616447699373644,36.99694099741152,37.5351676940918,29306000,0.0,0.0
2016-03-17 00:00:00-04:00,37.5495400181346,37.930659150739736,37.53516779535316,37.590675354003906,44564000,0.0,0.0
2016-03-18 00:00:00-04:00,37.74678582412518,37.772059152383314,37.260595654453205,37.43851852416992,56222000,0.0,0.0
2016-03-21 00:00:00-04:00,37.364190700719234,37.83154704324866,37.23335088938643,37.773067474365234,28774000,0.0,0.0
2016-03-22 00:00:00-04:00,37.588693510240155,37.9138097466535,37.560939731292294,37.66848373413086,22096000,0.0,0.0
2016-03-23 00:00:00-04:00,37.83203111887832,37.93313578246761,37.469246910490774,37.545074462890625,24678000,0.0,0.0
2016-03-24 00:00:00-04:00,37.22987494618609,37.545076951500974,37.19518272321895,37.410274505615234,31116000,0.0,0.0
2016-03-28 00:00:00-04:00,37.476185100756226,37.58175154241926,37.271502890787986,37.33295822143555,21676000,0.0,0.0
2016-03-29 00:00:00-04:00,37.35278180023132,38.02185204152048,37.08565357421941,37.957916259765625,40062000,0.0,0.0
2016-03-30 00:00:00-04:00,38.07289877678006,38.52390146744234,38.04167766593799,38.079341888427734,40396000,0.0,0.0
2016-03-31 00:00:00-04:00,38.07934303204804,38.116016589411664,37.57927587992362,37.80973434448242,32554000,0.0,0.0
2016-04-01 00:00:00-04:00,37.5252615655031,38.16359856166525,37.42811954578742,38.145263671875,31674000,0.0,0.0
2016-04-04 00:00:00-04:00,38.137322460662794,38.282538234804484,37.75471736918837,37.91975402832031,26924000,0.0,0.0
2016-04-05 00:00:00-04:00,37.57333254825152,37.80824901513122,37.44794142227508,37.59513854980469,24478000,0.0,0.0
2016-04-06 00:00:00-04:00,37.55895435390131,38.0833079327249,37.48263146233071,38.06595993041992,25312000,0.0,0.0
2016-04-07 00:00:00-04:00,37.929672072717175,38.129896325530204,37.542109791735356,37.671958923339844,25498000,0.0,0.0
2016-04-08 00:00:00-04:00,37.9569232747529,38.01936927222028,37.45636462887176,37.63973617553711,23434000,0.0,0.0
2016-04-11 00:00:00-04:00,37.936106613668265,38.023829719360386,37.53417219935936,37.54408264160156,31774000,0.0,0.0
2016-04-12 00:00:00-04:00,37.588197869959586,37.90984299079159,37.24821029945785,37.88010787963867,27388000,0.0,0.0
2016-04-13 00:00:00-04:00,38.17697269579462,38.44658135582549,37.893487147241345,38.25627136230469,35426000,0.0,0.0
2016-04-14 00:00:00-04:00,38.427263084956934,38.6378931180952,38.32120128746069,38.428749084472656,26992000,0.0,0.0
2016-04-15 00:00:00-04:00,38.43419423596172,38.70330756283231,38.40594134467896,38.6572151184082,31712000,0.0,0.0
2016-04-18 00:00:00-04:00,38.666633110755164,39.08096224604647,38.53876910609168,39.037841796875,33540000,0.0,0.0
2016-04-19 00:00:00-04:00,39.17760216297834,39.19990349495738,38.17499129722178,38.47136306762695,43952000,0.0,0.0
2016-04-20 00:00:00-04:00,38.615587370705235,38.64036915114674,38.22455401609145,38.40544891357422,34262000,0.0,0.0
2016-04-21 00:00:00-04:00,38.52389867825192,38.74047644951721,38.23842801630515,38.6572151184082,77628000,0.0,0.0
2016-04-22 00:00:00-04:00,36.86857471363327,37.364675365743686,36.19752695686942,36.564273834228516,140798000,0.0,0.0
2016-04-25 00:00:00-04:00,36.44433708208623,36.91664659771649,36.4319461935118,36.78432083129883,49442000,0.0,0.0
2016-04-26 00:00:00-04:00,36.89385367997835,36.95183790200524,35.69944298609248,35.94972610473633,55864000,0.0,0.0
2016-04-27 00:00:00-04:00,35.947251627582325,36.03794675510101,35.14238814310158,35.755950927734375,66262000,0.0,0.0
2016-04-28 00:00:00-04:00,35.84664094305175,36.14251740082826,34.850968452731756,34.94314956665039,62590000,0.0,0.0
2016-04-29 00:00:00-04:00,34.89657269494884,35.29255945847762,34.879720022211906,35.08292007446289,58278000,0.0,0.0
2016-05-02 00:00:00-04:00,35.28314152526506,35.456107331870726,35.00758503431117,35.40654754638672,33476000,0.0,0.0
2016-05-03 00:00:00-04:00,35.311883088071774,35.35499975761387,35.0556559553128,35.11066818237305,38620000,0.0,0.0
2016-05-04 00:00:00-04:00,35.02789286018829,35.43825167374743,34.89308666061574,35.2558708190918,34172000,0.0,0.0
2016-05-05 00:00:00-04:00,35.43578182905848,35.562159829605726,35.1607207139638,35.421409606933594,29668000,0.0,0.0
2016-05-06 00:00:00-04:00,35.29701734414304,35.98045610469309,35.28462645285615,35.940311431884766,39952000,0.0,0.0
2016-05-09 00:00:00-04:00,36.015636257808204,36.39180201162871,35.85704271299202,36.136070251464844,38074000,0.0,0.0
2016-05-10 00:00:00-04:00,36.425007652249015,36.67479163059443,36.25898033306693,36.644065856933594,32634000,0.0,0.0
2016-05-11 00:00:00-04:00,36.70057079973156,36.71444768996058,36.075116291978944,36.206451416015625,29834000,0.0,0.0
2016-05-12 00:00:00-04:00,36.2783098372931,36.44533162193915,35.89520938504354,36.08353805541992,27094000,0.0,0.0
2016-05-13 00:00:00-04:00,36.0116836150294,36.24312899518095,35.85754802482358,35.922969818115234,25244000,0.0,0.0
2016-05-16 00:00:00-04:00,35.897689465754084,36.31201484870104,35.68358832902154,36.194061279296875,22538000,0.0,0.0
2016-05-17 00:00:00-04:00,36.23172659914149,36.4691197197954,35.58446612427509,35.69300079345703,33404000,0.0,0.0
2016-05-18 00:00:00-04:00,35.60924859488498,35.95964198907056,35.436778120837985,35.77180862426758,32536000,0.0,0.0
2016-05-19 00:00:00-04:00,35.599329124828394,35.70836289434013,35.203338710774595,35.451141357421875,30598000,0.0,0.0
2016-05-20 00:00:00-04:00,35.50814743164519,36.06520440954637,35.43628252896817,35.76833724975586,34798000,0.0,0.0
2016-05-23 00:00:00-04:00,35.682596184229425,35.857047974776364,35.53193172736978,35.54729461669922,24816000,0.0,0.0
2016-05-24 00:00:00-04:00,35.676156440194205,36.38734900750142,35.666242214345246,36.32936477661133,37884000,0.0,0.0
2016-05-25 00:00:00-04:00,36.42698720357925,36.6693373931854,36.30804299796811,36.580623626708984,32216000,0.0,0.0
2016-05-26 00:00:00-04:00,36.47655159772016,36.72931137520438,36.327872267152486,36.52264404296875,27202000,0.0,0.0
2016-05-27 00:00:00-04:00,36.55139309324433,37.06682315607613,36.52661131110884,37.05146026611328,34802000,0.0,0.0
2016-05-31 00:00:00-04:00,37.108941541716845,37.34286729985149,36.95084333269855,37.1134033203125,42484000,0.0,0.0
2016-06-01 00:00:00-04:00,37.09457339706675,37.23829940116446,36.88988739091535,37.094078063964844,20788000,0.0,0.0
2016-06-02 00:00:00-04:00,36.977120143347165,37.03659415409097,36.52611740283739,36.88642501831055,33916000,0.0,0.0
2016-06-03 00:00:00-04:00,36.748639669444856,36.748639669444856,36.37296923603814,36.46961212158203,24608000,0.0,0.0
2016-06-06 00:00:00-04:00,36.60045118033426,36.60045118033426,36.09444009764339,36.182159423828125,29992000,0.0,0.0
2016-06-07 00:00:00-04:00,36.34125463134832,36.511739965032035,36.21883929516108,36.233211517333984,24314000,0.0,0.0
2016-06-08 00:00:00-04:00,36.65001733945805,36.8636231430743,36.46515976435017,36.820011138916016,32314000,0.0,0.0
2016-06-09 00:00:00-04:00,36.52959000781421,36.869573852584395,36.50134089137893,36.7996940612793,19180000,0.0,0.0
2016-06-10 00:00:00-04:00,36.47407163107123,36.65694783391627,36.204462990701956,36.337284088134766,29050000,0.0,0.0
2016-06-13 00:00:00-04:00,36.170274038212575,36.62523942759257,36.170274038212575,36.272369384765625,23354000,0.0,0.0
2016-06-14 00:00:00-04:00,36.144992442150475,36.476551774894105,36.00572822072335,36.34025955200195,26584000,0.0,0.0
2016-06-15 00:00:00-04:00,36.423025129934736,36.53354490623551,36.244111576435685,36.28772735595703,23234000,0.0,0.0
2016-06-16 00:00:00-04:00,36.07809300318464,36.19852703272569,35.46255264014998,35.89422607421875,45002000,0.0,0.0
2016-06-17 00:00:00-04:00,35.75247351555074,35.75247351555074,34.74788128177371,34.90300750732422,82262000,0.0,0.0
2016-06-20 00:00:00-04:00,35.20334416976685,35.47890063457186,34.960498597121514,34.99618148803711,45654000,0.0,0.0
2016-06-21 00:00:00-04:00,35.190461036824935,35.454621081763705,34.92333277403845,35.132476806640625,30318000,0.0,0.0
2016-06-22 00:00:00-04:00,35.388700762412896,35.39662987357787,34.98379051052334,35.211273193359375,29058000,0.0,0.0
2016-06-23 00:00:00-04:00,35.215243030499835,35.429839510418546,34.7047700563492,35.429344177246094,42500000,0.0,0.0
2016-06-24 00:00:00-04:00,34.20518655910539,34.94016998897568,33.944497714630764,33.95886993408203,95436000,0.0,0.0
2016-06-27 00:00:00-04:00,33.82457533341802,33.86620600812694,33.33739434775077,33.757667541503906,58146000,0.0,0.0
2016-06-28 00:00:00-04:00,34.26467256941533,34.33257102645719,33.94153762257902,34.259220123291016,38246000,0.0,0.0
2016-06-29 00:00:00-04:00,34.40789464588174,34.66758906924288,34.32958664937893,34.453983306884766,43124000,0.0,0.0
2016-06-30 00:00:00-04:00,34.57591012691627,34.879220387075804,34.43961788687126,34.86732482910156,42250000,0.0,0.0
2016-07-01 00:00:00-04:00,34.94513812250244,35.313371062506796,34.877239667861545,35.200374603271484,30984000,0.0,0.0
2016-07-05 00:00:00-04:00,34.94067067851813,35.09480245207923,34.64925601845009,34.934722900390625,28440000,0.0,0.0
2016-07-06 00:00:00-04:00,34.684447477718244,35.336665095322445,34.64281680730749,35.13693618774414,28902000,0.0,0.0
2016-07-07 00:00:00-04:00,35.193430576709765,35.196402575199734,34.72557902815926,35.052181243896484,21174000,0.0,0.0
2016-07-08 00:00:00-04:00,35.21573548005896,35.57951040082197,35.094310801704346,35.57356262207031,29946000,0.0,0.0
2016-07-11 00:00:00-04:00,35.65483586857312,36.126154707115674,35.62757742681223,36.0404167175293,28822000,0.0,0.0
2016-07-12 00:00:00-04:00,36.274349087941154,36.4567299895535,36.055290847819876,36.3035888671875,26468000,0.0,0.0
2016-07-13 00:00:00-04:00,36.45276707350309,36.45276707350309,36.13062282737658,36.153419494628906,20436000,0.0,0.0
2016-07-14 00:00:00-04:00,36.37445558363999,36.48348935938375,36.208428254636914,36.46664047241211,21408000,0.0,0.0
2016-07-15 00:00:00-04:00,36.72435517948532,36.72435517948532,36.40914939468756,36.45821762084961,32342000,0.0,0.0
2016-07-18 00:00:00-04:00,36.57121450478288,37.425142309719995,36.50183005838749,37.32899475097656,38698000,0.0,0.0
2016-07-19 00:00:00-04:00,37.16395882670691,37.49700417610589,37.0955650451455,37.33940505981445,30436000,0.0,0.0
2016-07-20 00:00:00-04:00,37.37111690963713,37.697722888389535,37.37111690963713,37.52128601074219,22502000,0.0,0.0
2016-07-21 00:00:00-04:00,37.517324947153064,37.574322287069656,37.24573492896354,37.38896560668945,19062000,0.0,0.0
2016-07-22 00:00:00-04:00,37.53317947842567,37.63874213060819,37.302225728325084,37.63031768798828,20920000,0.0,0.0
2016-07-25 00:00:00-04:00,37.55102756110182,37.6570893515757,37.37211398748853,37.54309844970703,21466000,0.0,0.0
2016-07-26 00:00:00-04:00,37.543098361426374,37.629335482626004,37.306695894880036,37.54954147338867,23792000,0.0,0.0
2016-07-27 00:00:00-04:00,37.614962016401726,37.886552032613274,37.46429756172638,37.763641357421875,32172000,0.0,0.0
2016-07-28 00:00:00-04:00,38.10412747061386,38.110570582904394,37.62090917350028,37.9554443359375,73464000,0.0,0.0
2016-07-29 00:00:00-04:00,39.53493558365979,39.843694475059195,39.15282201975039,39.219234466552734,101810000,0.0,0.0
2016-08-01 00:00:00-04:00,38.98778516590981,40.019635846117126,38.90700049731334,39.69501495361328,60594000,0.0,0.0
2016-08-02 00:00:00-04:00,39.516107220928454,39.76341459412957,39.37733831034851,39.654380798339844,39928000,0.0,0.0
2016-08-03 00:00:00-04:00,39.473481146964616,39.625631597185055,39.302496695090355,39.59490203857422,29206000,0.0,0.0
2016-08-04 00:00:00-04:00,39.56120281558096,39.6583410470677,39.347101683565626,39.51213836669922,21520000,0.0,0.0
2016-08-05 00:00:00-04:00,39.65387230872077,40.00624691428232,39.539881437896405,39.99187469482422,36146000,0.0,0.0
2016-08-08 00:00:00-04:00,39.94579047542505,40.025089146429046,39.732184690456634,39.907630920410156,24426000,0.0,0.0
2016-08-09 00:00:00-04:00,39.870950562966186,40.30906699038392,39.8496398975113,40.01913833618164,32154000,0.0,0.0
2016-08-10 00:00:00-04:00,39.997832825638824,40.18764750692168,39.970079045546875,40.06919860839844,18370000,0.0,0.0
2016-08-11 00:00:00-04:00,40.16732211908451,40.33632522380629,39.945787241186174,40.0548210144043,25646000,0.0,0.0
2016-08-12 00:00:00-04:00,39.900691215163,40.00476788169106,39.82882632418998,39.99782943725586,17946000,0.0,0.0
2016-08-15 00:00:00-04:00,40.00576399924266,40.21144069487289,39.84816108811914,39.94381332397461,18596000,0.0,0.0
2016-08-16 00:00:00-04:00,39.82188753192863,39.85955553348709,39.499743311011585,39.70740509033203,21158000,0.0,0.0
2016-08-17 00:00:00-04:00,39.648427587107115,39.92745515071366,39.46505224829601,39.91704559326172,21322000,0.0,0.0
2016-08-18 00:00:00-04:00,39.9140751610742,40.044914946997075,39.72921381570619,39.78472137451172,17292000,0.0,0.0
2016-08-19 00:00:00-04:00,39.63801907220229,39.70938863343485,39.49380151273363,39.631080627441406,22416000,0.0,0.0
2016-08-22 00:00:00-04:00,39.57457459069799,39.61372858596531,39.36741195499486,39.49726104736328,17056000,0.0,0.0
2016-08-23 00:00:00-04:00,39.67222546719162,39.69799791995462,39.44969984841893,39.479434967041016,18350000,0.0,0.0
2016-08-24 00:00:00-04:00,39.49280717004967,39.572105842480816,39.19048759845139,39.331241607666016,25672000,0.0,0.0
2016-08-25 00:00:00-04:00,39.25193922989886,39.38674544783872,39.01553679660429,39.217247009277344,24054000,0.0,0.0
2016-08-26 00:00:00-04:00,39.27623022324972,39.61869447150901,39.12358443483811,39.312408447265625,24978000,0.0,0.0
2016-08-29 00:00:00-04:00,39.30398221327318,39.57507688623887,39.168680652757516,39.44126510620117,15474000,0.0,0.0
2016-08-30 00:00:00-04:00,39.2955604744987,39.549310943987535,39.12655734549554,39.247982025146484,23348000,0.0,0.0
2016-08-31 00:00:00-04:00,39.1329986666843,39.230632226606836,39.014054439331254,39.145389556884766,21428000,0.0,0.0
2016-09-01 00:00:00-04:00,39.25095437731109,39.29605616138342,38.97093990552401,39.22220993041992,26070000,0.0,0.0
2016-09-02 00:00:00-04:00,39.41400269553295,39.504697799465674,39.31438403430509,39.4932975769043,26998000,0.0,0.0
2016-09-06 00:00:00-04:00,39.568635584981635,40.18814229736059,39.421937575215,40.04590606689453,39790000,0.0,0.0
2016-09-07 00:00:00-04:00,40.04144636958012,40.173772163242816,39.83279767772674,40.0444221496582,22906000,0.0,0.0
2016-09-08 00:00:00-04:00,39.90713810334589,40.06573167418405,39.69848563628367,39.789180755615234,23554000,0.0,0.0
2016-09-09 00:00:00-04:00,39.58746935008597,39.73516180638812,39.056181092467966,39.077491760253906,37752000,0.0,0.0
2016-09-12 00:00:00-04:00,38.88122722905527,39.6568469226225,38.830673009947134,39.589942932128906,37274000,0.0,0.0
2016-09-13 00:00:00-04:00,39.35156472404743,39.43978318070156,38.871817548900104,39.08938980102539,36180000,0.0,0.0
2016-09-14 00:00:00-04:00,39.03041282235245,39.46654801187649,39.03041282235245,39.17562484741211,25842000,0.0,0.0
2016-09-15 00:00:00-04:00,39.15331494197176,39.829319800381704,39.0864071661914,39.70938491821289,31144000,0.0,0.0
2016-09-16 00:00:00-04:00,39.59986127352179,39.59986127352179,39.332233914655745,39.547821044921875,42612000,0.0,0.0
2016-09-19 00:00:00-04:00,39.70344178287008,39.84617712750247,39.32926109015037,39.41995620727539,22990000,0.0,0.0
2016-09-20 00:00:00-04:00,39.648432357685046,39.78472460014842,39.562195232595236,39.63752746582031,20984000,0.0,0.0
2016-09-21 00:00:00-04:00,39.710877647300265,39.94133612241402,39.451674724733486,39.89772033691406,26970000,0.0,0.0
2016-09-22 00:00:00-04:00,40.144037066542495,40.59305467798148,40.03054527609575,40.43892288208008,35186000,0.0,0.0
2016-09-23 00:00:00-04:00,40.398778023708374,40.4909591446998,40.27933845482215,40.38985824584961,28234000,0.0,0.0
2016-09-26 00:00:00-04:00,40.1351165669417,40.14800279099259,39.670732292642924,39.77976608276367,29454000,0.0,0.0
2016-09-27 00:00:00-04:00,39.73912167053593,40.31699766914789,39.73912167053593,40.18021011352539,27346000,0.0,0.0
2016-09-28 00:00:00-04:00,39.8506351888649,40.15642588025877,39.786207851953975,40.14700698852539,29406000,0.0,0.0
2016-09-29 00:00:00-04:00,40.006749023428284,40.33781302237875,39.691047912546445,39.779266357421875,27000000,0.0,0.0
2016-09-30 00:00:00-04:00,39.82684704043529,40.04937260689852,39.72277036855375,39.84964370727539,33204000,0.0,0.0
2016-10-03 00:00:00-04:00,39.774807035297634,39.8238714822314,39.461586351677724,39.66726303100586,29784000,0.0,0.0
2016-10-04 00:00:00-04:00,39.8962341417,39.970575706893506,39.63207788891614,39.786705017089844,25174000,0.0,0.0
2016-10-05 00:00:00-04:00,39.945787351078884,40.06968867895516,39.6836124740355,39.70938491821289,24276000,0.0,0.0
2016-10-06 00:00:00-04:00,39.85063094250187,39.992870939078,39.67370250612061,39.80107116699219,21998000,0.0,0.0
2016-10-07 00:00:00-04:00,39.942324210902484,39.94281954402184,39.490826182027234,39.683616638183594,23262000,0.0,0.0
2016-10-10 00:00:00-04:00,39.843199475461454,40.50978927104781,39.75944280719498,40.35070037841797,29922000,0.0,0.0
2016-10-11 00:00:00-04:00,40.35070446903955,40.63270406059617,40.01369264823169,40.12272644042969,34432000,0.0,0.0
2016-10-12 00:00:00-04:00,40.24117322824246,40.3670559033372,40.072173884155006,40.23175811767578,18158000,0.0,0.0
2016-10-13 00:00:00-04:00,39.94926353902926,39.97354620592103,39.580036173829214,39.85063552856445,27380000,0.0,0.0
2016-10-14 00:00:00-04:00,40.01765314051668,40.14849291545322,39.76340736799023,39.87640380859375,22238000,0.0,0.0
2016-10-17 00:00:00-04:00,39.94530075086518,40.31700481575607,39.838252067382044,39.9874267578125,21128000,0.0,0.0
2016-10-18 00:00:00-04:00,40.35267524596806,41.07625848171231,40.30906325296477,40.713478088378906,45786000,0.0,0.0
2016-10-19 00:00:00-04:00,40.782376088112784,41.12533567303027,40.782376088112784,40.978633880615234,30002000,0.0,0.0
2016-10-20 00:00:00-04:00,41.01431215997838,41.05941393798658,40.666894615949964,40.720420837402344,27878000,0.0,0.0
2016-10-21 00:00:00-04:00,40.639643540636854,40.8522586846026,40.55588686174685,40.840858459472656,32316000,0.0,0.0
2016-10-24 00:00:00-04:00,41.13970145953369,41.528749651753806,41.087661239596805,41.419715881347656,28952000,0.0,0.0
2016-10-25 00:00:00-04:00,41.55650221693267,41.55650221693267,40.902303394719894,41.063377380371094,37814000,0.0,0.0
2016-10-26 00:00:00-04:00,40.99251054595216,41.0217541063501,40.4587456170646,40.743717193603516,35898000,0.0,0.0
2016-10-27 00:00:00-04:00,40.78881816877954,40.96574662120339,40.37250769817948,40.508304595947266,59470000,0.0,0.0
2016-10-28 00:00:00-04:00,41.13227152883113,41.58128909299578,40.49095506814586,40.61783218383789,87098000,0.0,0.0
2016-10-31 00:00:00-04:00,40.76007666708157,40.769990893419305,40.04492139911301,40.13908386230469,44854000,0.0,0.0
2016-11-01 00:00:00-04:00,40.187149246945864,40.340294140599404,39.56219012609149,39.92001724243164,47118000,0.0,0.0
2016-11-02 00:00:00-04:00,39.983456277242425,39.983456277242425,38.90501785420698,39.07451629638672,47014000,0.0,0.0
2016-11-03 00:00:00-04:00,38.88024096872275,39.152825443136244,38.58932160574731,38.7657585144043,43504000,0.0,0.0
2016-11-04 00:00:00-04:00,38.2260323240554,39.077483309797884,38.21116477124949,38.711727142333984,39412000,0.0,0.0
2016-11-07 00:00:00-05:00,39.39815378677338,39.89623586712337,39.29655376932058,39.74904251098633,39852000,0.0,0.0
2016-11-08 00:00:00-05:00,39.74903591151429,40.443375684766835,39.6295925762535,40.24216079711914,35382000,0.0,0.0
2016-11-09 00:00:00-05:00,39.73912111484091,40.22877866177409,39.25392534680473,39.92546844482422,61970000,0.0,0.0
2016-11-10 00:00:00-05:00,40.1440406214003,40.147012620573726,38.07389573150007,38.67159652709961,118192000,0.0,0.0
2016-11-11 00:00:00-05:00,38.49912293487872,38.5229102698523,37.940576193879345,38.248348236083984,71852000,0.0,0.0
2016-11-14 00:00:00-05:00,38.248833036896855,38.24982370293515,36.852712344832675,37.329978942871094,73766000,0.0,0.0
2016-11-15 00:00:00-05:00,37.93710821974236,38.66911993615066,37.92472110865962,38.41735076904297,58878000,0.0,0.0
2016-11-16 00:00:00-05:00,38.18242398817948,38.83067506453903,37.979723111489506,38.65622329711914,35968000,0.0,0.0
2016-11-17 00:00:00-05:00,38.78111892679174,39.09830605066433,38.64978381055553,38.96250915527344,30674000,0.0,0.0
2016-11-18 00:00:00-05:00,39.0125683756859,39.21675527242447,38.42676323594743,38.457489013671875,36126000,0.0,0.0
2016-11-21 00:00:00-05:00,38.56304883041384,38.98183593179108,38.47383972135615,38.89510726928711,32616000,0.0,0.0
2016-11-22 00:00:00-05:00,39.10276923921096,39.339667033850496,38.84257566290804,38.90502166748047,27884000,0.0,0.0
2016-11-23 00:00:00-05:00,39.12904392651686,39.12904392651686,38.29295549040569,38.607666015625,26260000,0.0,0.0
2016-11-25 00:00:00-05:00,38.78656315408963,38.800935373558815,38.56750496868377,38.668609619140625,12270000,0.0,0.0
2016-11-28 00:00:00-05:00,38.57544368984835,39.63554355069087,38.56305279931008,38.944175720214844,51508000,0.0,0.0
2016-11-29 00:00:00-05:00,39.072533106258426,39.47199089524917,38.92186865716406,39.12506866455078,31240000,0.0,0.0
2016-11-30 00:00:00-05:00,39.10822304194183,39.22766260966127,38.31773184188402,38.45302963256836,45582000,0.0,0.0
2016-12-01 00:00:00-05:00,38.585349169599716,38.58782583467848,37.33691713033081,37.88059616088867,57342000,0.0,0.0
2016-12-02 00:00:00-05:00,37.76017347564853,38.18639438646964,37.61644746793734,37.887046813964844,34376000,0.0,0.0
2016-12-05 00:00:00-05:00,38.161617101875095,38.65722251878257,38.01144796481699,38.56900405883789,33770000,0.0,0.0
2016-12-06 00:00:00-05:00,38.66663374400769,38.918898206831095,38.326154611274966,38.4678955078125,34682000,0.0,0.0
2016-12-07 00:00:00-05:00,38.654743684930345,39.25194530512058,38.336562090933924,39.22568130493164,40588000,0.0,0.0
2016-12-08 00:00:00-05:00,39.29902934303051,39.59887227418373,39.049245310041684,39.409053802490234,32250000,0.0,0.0
2016-12-09 00:00:00-05:00,39.613732610449105,40.14155347598476,39.55178194665078,40.11677169799805,38090000,0.0,0.0
2016-12-12 00:00:00-05:00,39.88731316287533,40.21094341430355,39.87294093965207,40.03995895385742,32572000,0.0,0.0
2016-12-13 00:00:00-05:00,40.26248491109173,40.85275185979928,40.24018357634392,40.408687591552734,42564000,0.0,0.0
2016-12-14 00:00:00-05:00,40.43743875488582,40.8507734926938,40.281817171154884,40.535072326660156,35994000,0.0,0.0
2016-12-15 00:00:00-05:00,40.50879288524886,40.78831574324025,40.24314691449221,40.42404556274414,35394000,0.0,0.0
2016-12-16 00:00:00-05:00,40.555886233887726,40.599993571891716,40.050861940203475,40.1361083984375,51978000,0.0,0.0
2016-12-19 00:00:00-05:00,40.10835627115583,40.452306554882355,39.871454671332614,40.267940521240234,25272000,0.0,0.0
2016-12-20 00:00:00-05:00,40.31105353874846,40.465684443032714,40.19359530642945,40.40174865722656,25438000,0.0,0.0
2016-12-21 00:00:00-05:00,40.42752262980913,40.42752262980913,39.901191454200884,40.25307083129883,29192000,0.0,0.0
2016-12-22 00:00:00-05:00,40.099429384242015,40.197062939293644,39.94727515879461,40.128173828125,22632000,0.0,0.0
2016-12-23 00:00:00-05:00,40.04540558935597,40.192103580277134,39.901679596807476,40.034996032714844,15310000,0.0,0.0
2016-12-27 00:00:00-05:00,40.07861329342723,40.44139754446835,39.9358817294239,40.14056396484375,19520000,0.0,0.0
2016-12-28 00:00:00-05:00,40.309073760674835,40.309073760674835,39.76936102718721,39.87492370605469,24296000,0.0,0.0
2016-12-29 00:00:00-05:00,39.76390976405509,39.93340445506653,39.556251732206235,39.791168212890625,21148000,0.0,0.0
2016-12-30 00:00:00-05:00,39.80751963918284,39.81148608547194,39.133991347345344,39.27425003051758,34718000,0.0,0.0
2017-01-03 00:00:00-05:00,39.67915101867974,40.21539633309131,39.49429347266178,40.045406341552734,39180000,0.0,0.0
2017-01-04 00:00:00-05:00,40.138583272344896,40.314029512552445,39.85212569234741,40.03351593017578,30306000,0.0,0.0
2017-01-05 00:00:00-05:00,40.02013745756547,40.329395510286695,39.94183322333099,40.2937126159668,26810000,0.0,0.0
2017-01-06 00:00:00-05:00,40.39134734195717,41.083709702864454,40.21838153031955,40.897857666015625,40342000,0.0,0.0
2017-01-09 00:00:00-05:00,40.95534254188256,41.15655745011335,40.719930741233476,40.995487213134766,28178000,0.0,0.0
2017-01-10 00:00:00-05:00,40.99003174348583,41.10600396926916,40.79525996159658,40.937496185302734,23948000,0.0,0.0
2017-01-11 00:00:00-05:00,40.967732442570274,41.13028867503638,40.71249597903308,41.1283073425293,26508000,0.0,0.0
2017-01-12 00:00:00-05:00,41.05495258591563,41.15407591948165,40.689691703883305,41.1119499206543,26990000,0.0,0.0
2017-01-13 00:00:00-05:00,41.18479954349188,41.365694418692534,41.11145243977034,41.181827545166016,25804000,0.0,0.0
2017-01-17 00:00:00-05:00,41.13524393666642,41.14416371371589,40.798232148348184,41.009361267089844,28818000,0.0,0.0
2017-01-18 00:00:00-05:00,41.12532858642462,41.12582391947,40.8418392753973,41.086669921875,20554000,0.0,0.0
2017-01-19 00:00:00-05:00,41.085680381991025,41.28392325945875,40.83589639821261,40.8562126159668,21410000,0.0,0.0
2017-01-20 00:00:00-05:00,41.090145185351695,41.09758274480478,40.86761960763241,41.044551849365234,26124000,0.0,0.0
2017-01-23 00:00:00-05:00,41.21504168158257,41.90541887566973,41.07082033054292,41.850406646728516,49148000,0.0,0.0
2017-01-24 00:00:00-05:00,41.97677527639002,42.20178125451522,41.74384018847725,42.10315704345703,33768000,0.0,0.0
2017-01-25 00:00:00-05:00,42.302396744321264,42.56209119767852,42.11356895634194,42.54524230957031,33108000,0.0,0.0
2017-01-26 00:00:00-05:00,42.57497225082714,42.67161513208007,42.15222250726899,42.472381591796875,69866000,0.0,0.0
2017-01-27 00:00:00-05:00,42.572500649471166,42.96898266382683,41.72501594817724,41.8801383972168,75050000,0.0,0.0
2017-01-30 00:00:00-05:00,41.48514122620114,41.49356566999955,40.690683657960925,40.8294563293457,70338000,0.0,0.0
2017-01-31 00:00:00-05:00,40.61485858940405,40.79179082585236,40.312539010984466,40.64905548095703,40404000,0.0,0.0
2017-02-01 00:00:00-05:00,40.83787846618756,40.83787846618756,40.25554071210372,40.40372848510742,45020000,0.0,0.0
2017-02-02 00:00:00-05:00,40.391832586688956,40.865631896193655,40.2456299283648,40.55339813232422,33784000,0.0,0.0
2017-02-03 00:00:00-05:00,40.794766956644644,40.94344630033324,40.60742516059685,40.64608383178711,30562000,0.0,0.0
2017-02-06 00:00:00-05:00,40.68524032904905,40.75809211538138,40.35665294730483,40.719932556152344,27018000,0.0,0.0
2017-02-07 00:00:00-05:00,40.91222647155495,41.230404285066534,40.80269734758303,41.097084045410156,33332000,0.0,0.0
2017-02-08 00:00:00-05:00,41.16150708843734,41.34587307413512,40.89288911042393,41.12929153442383,26044000,0.0,0.0
2017-02-09 00:00:00-05:00,41.22098775487652,41.233378646574735,40.96178860140914,41.138221740722656,23884000,0.0,0.0
2017-02-10 00:00:00-05:00,41.28144793701142,41.48960128266358,41.16052237575254,41.375614166259766,28302000,0.0,0.0
2017-02-13 00:00:00-05:00,41.51686158319596,41.71708960786363,41.44500046583355,41.57931137084961,25914000,0.0,0.0
2017-02-14 00:00:00-05:00,41.61944943967063,41.72996922167475,41.424182322004725,41.6323356628418,27266000,0.0,0.0
2017-02-15 00:00:00-05:00,41.57187024511174,41.71857202844514,41.4435109111559,41.49802780151367,27144000,0.0,0.0
2017-02-16 00:00:00-05:00,41.556510154089004,41.76416817205984,41.49505481502457,41.738399505615234,20102000,0.0,0.0
2017-02-17 00:00:00-05:00,41.695769011277875,41.97479655733874,41.61994145878438,41.955467224121094,29224000,0.0,0.0
2017-02-21 00:00:00-05:00,42.02683433636279,42.23548298156837,41.955464785643244,42.09027099609375,25206000,0.0,0.0
2017-02-22 00:00:00-05:00,42.02734022348931,42.31429315404586,41.963404433493515,42.19386291503906,24488000,0.0,0.0
2017-02-23 00:00:00-05:00,42.179980392493995,42.25630328259752,41.754750161082434,42.1760139465332,27734000,0.0,0.0
2017-02-24 00:00:00-05:00,42.009992335920344,42.04517989658945,41.777552521068415,42.017921447753906,26924000,0.0,0.0
2017-02-27 00:00:00-05:00,41.87617401457385,42.15965956959588,41.78002645887913,42.11009979248047,20206000,0.0,0.0
2017-02-28 00:00:00-05:00,41.9951179586377,42.06846884823217,41.70221351451448,41.875179290771484,27662000,0.0,0.0
2017-03-01 00:00:00-05:00,42.1948571374445,42.52294921654331,42.07789422073638,42.46099853515625,36374000,0.0,0.0
2017-03-02 00:00:00-05:00,42.43917765645255,42.44810121418315,42.06301566759092,42.1190185546875,25018000,0.0,0.0
2017-03-03 00:00:00-05:00,42.07392550694457,42.167101081193,41.86428613663956,42.08086395263672,20100000,0.0,0.0
2017-03-06 00:00:00-05:00,41.97083752879055,42.073923543000454,41.68883793447684,41.99115753173828,20958000,0.0,0.0
2017-03-07 00:00:00-05:00,41.99065833838675,42.29149190852137,41.90442500295243,42.183448791503906,20774000,0.0,0.0
2017-03-08 00:00:00-05:00,42.28107798953255,42.46990575827969,42.188401552038954,42.30685043334961,20576000,0.0,0.0
2017-03-09 00:00:00-05:00,42.309334129275925,42.65724702285325,42.25877990388001,42.51500701904297,26954000,0.0,0.0
2017-03-10 00:00:00-05:00,42.755879950251234,42.83170752261373,42.50361922968854,42.69194793701172,26732000,0.0,0.0
2017-03-13 00:00:00-04:00,42.66319660316225,42.97542662099216,42.66270127004284,42.84904861450195,23332000,0.0,0.0
2017-03-14 00:00:00-04:00,42.807914128630856,42.99773258986403,42.628505225449814,42.91496658325195,21234000,0.0,0.0
2017-03-15 00:00:00-04:00,43.01557098073358,43.11171854157127,42.686488295708166,43.037872314453125,26658000,0.0,0.0
2017-03-16 00:00:00-04:00,43.14393974980774,43.25198288191205,42.99476127668843,43.117671966552734,22090000,0.0,0.0
2017-03-17 00:00:00-04:00,43.30004534655462,43.33672268255569,43.03687978899395,43.23512268066406,37366000,0.0,0.0
2017-03-20 00:00:00-04:00,43.09188893072754,43.13451026081453,42.85350516960849,43.01408004760742,30844000,0.0,0.0
2017-03-21 00:00:00-04:00,43.120636567802215,43.289639682663555,42.011967664493994,42.133392333984375,50760000,0.0,0.0
2017-03-22 00:00:00-04:00,42.10068081383004,42.391603926924134,41.977770146891686,42.11654281616211,27334000,0.0,0.0
2017-03-23 00:00:00-04:00,41.69974726554746,41.714614824180934,41.28393583234177,41.61351013183594,65754000,0.0,0.0
2017-03-24 00:00:00-04:00,41.72996791020843,41.82909124642192,41.09064035218255,41.389984130859375,42114000,0.0,0.0
2017-03-27 00:00:00-04:00,41.040586106484,41.69924685439289,40.8527527512607,41.5570068359375,38692000,0.0,0.0
2017-03-28 00:00:00-04:00,41.61548726175343,41.89847749821515,41.24774590746946,41.66207504272461,30384000,0.0,0.0
2017-03-29 00:00:00-04:00,41.76714037558182,42.20525304165275,41.69924193042801,42.12001037597656,29146000,0.0,0.0
2017-03-30 00:00:00-04:00,42.224590291339595,42.22558095770732,41.966381799282324,42.10068893432617,18988000,0.0,0.0
2017-03-31 00:00:00-04:00,41.96935175243299,42.104653328418124,41.8905521871777,42.017425537109375,28820000,0.0,0.0
2017-04-03 00:00:00-04:00,42.064512661811285,42.57250900541905,42.0040479800449,42.46099853515625,39388000,0.0,0.0
2017-04-04 00:00:00-04:00,42.02733413909203,42.27513680788109,42.0030476928391,42.25382614135742,26970000,0.0,0.0
2017-04-05 00:00:00-04:00,42.359889324830746,42.65130402851697,42.00354816627238,42.07243728637695,37104000,0.0,0.0
2017-04-06 00:00:00-04:00,42.10167355757693,42.3043782357609,41.82909287997421,41.883609771728516,30672000,0.0,0.0
2017-04-07 00:00:00-04:00,41.87865031560833,41.92226231410342,41.49703587585484,41.73492431640625,22232000,0.0,0.0
2017-04-10 00:00:00-04:00,41.70717403821957,41.96489094846952,41.67000514788011,41.71510314941406,20924000,0.0,0.0
2017-04-11 00:00:00-04:00,41.71510059658797,41.860312598342034,41.363221258622275,41.624900817871094,19486000,0.0,0.0
2017-04-12 00:00:00-04:00,41.554522007281776,41.8152108771312,41.51140534473111,41.70320510864258,22716000,0.0,0.0
2017-04-13 00:00:00-04:00,41.682395661892095,41.81571590721515,41.524301195877676,41.639774322509766,21474000,0.0,0.0
2017-04-17 00:00:00-04:00,41.69924182363564,42.40597626996582,41.68189382198905,42.380699157714844,20982000,0.0,0.0
2017-04-18 00:00:00-04:00,42.2523385960061,42.4927074999402,42.188406593053166,42.32420349121094,18724000,0.0,0.0
2017-04-19 00:00:00-04:00,42.49270868244238,42.63197291631311,42.301404220210685,42.4490966796875,21606000,0.0,0.0
2017-04-20 00:00:00-04:00,42.60918111099263,42.816839152661956,42.49816597773435,42.626033782958984,23776000,0.0,0.0
2017-04-21 00:00:00-04:00,42.65278859097566,42.74299215834196,42.50956169089735,42.57002258300781,23458000,0.0,0.0
2017-04-24 00:00:00-04:00,43.040349892982505,43.611287441402276,42.924873004815744,43.560237884521484,33930000,0.0,0.0
2017-04-25 00:00:00-04:00,43.72527331676111,44.22038329669791,43.57758465769824,44.05138397216797,40760000,0.0,0.0
2017-04-26 00:00:00-04:00,44.17776410670597,44.25706277559072,43.868506104159046,44.066253662109375,26466000,0.0,0.0
2017-04-27 00:00:00-04:00,44.108874854270034,44.276388187176515,43.96911529915087,44.180240631103516,46846000,0.0,0.0
2017-04-28 00:00:00-04:00,46.041732351120515,46.38369743116904,45.75527104057444,45.8197021484375,76918000,0.0,0.0
2017-05-01 00:00:00-04:00,45.80137932419702,46.37975080886228,45.63535194780587,46.2310676574707,46556000,0.0,0.0
2017-05-02 00:00:00-04:00,46.25336102579873,46.735089474021684,46.140856133815674,46.44268035888672,35026000,0.0,0.0
2017-05-03 00:00:00-04:00,46.39114569822702,47.092424020377074,46.34951502561386,47.00569534301758,36496000,0.0,0.0
2017-05-04 00:00:00-04:00,47.09687939461371,47.5354911780535,46.95216272647354,47.31643295288086,38752000,0.0,0.0
2017-05-05 00:00:00-04:00,47.4155505747247,47.5007970186978,46.98833903221608,47.09638214111328,32310000,0.0,0.0
2017-05-08 00:00:00-04:00,46.956130534094115,47.627178336887035,46.95365008738095,47.51319122314453,37534000,0.0,0.0
2017-05-09 00:00:00-04:00,47.64403059002704,47.68714725713561,47.30057569013471,47.41505813598633,33758000,0.0,0.0
2017-05-10 00:00:00-04:00,47.39077384368611,47.415056508481946,47.074577400072485,47.32238006591797,22920000,0.0,0.0
2017-05-11 00:00:00-04:00,47.14644214957609,47.478500621135034,47.013621029653855,47.374420166015625,20622000,0.0,0.0
2017-05-12 00:00:00-04:00,47.47156065201552,47.47799998244411,47.18460397229969,47.337249755859375,24298000,0.0,0.0
2017-05-15 00:00:00-04:00,47.34468362851508,47.711925865625524,47.22226828908867,47.53945541381836,26754000,0.0,0.0
2017-05-16 00:00:00-04:00,47.7540554415305,47.87051922078462,47.59546187985211,47.80658721923828,22030000,0.0,0.0
2017-05-17 00:00:00-04:00,47.56324573457463,47.627177735331465,46.58987459506502,46.69445037841797,48982000,0.0,0.0
2017-05-18 00:00:00-04:00,46.74549480420257,47.28966924747286,46.64984258180071,47.1072883605957,36010000,0.0,0.0
2017-05-19 00:00:00-04:00,47.22227027476678,47.556310082819124,47.18163027095271,47.312965393066406,27206000,0.0,0.0
2017-05-22 00:00:00-04:00,47.42943374835091,47.81699979043075,47.407627746685776,47.77982711791992,27748000,0.0,0.0
2017-05-23 00:00:00-04:00,48.07173907251324,48.297236639899886,47.80113594177908,48.10097885131836,30908000,0.0,0.0
2017-05-24 00:00:00-04:00,48.33441057699143,48.47615147664205,48.15450633902321,48.45087814331055,22660000,0.0,0.0
2017-05-25 00:00:00-04:00,48.519762097079884,49.351388528565046,48.46127876299279,49.157108306884766,39082000,0.0,0.0
2017-05-26 00:00:00-04:00,49.164048445636034,49.38162067313246,48.93408910951656,49.226993560791016,32728000,0.0,0.0
2017-05-30 00:00:00-04:00,49.18883433704789,49.44258480776615,49.13233610978371,49.37071990966797,30324000,0.0,0.0
2017-05-31 00:00:00-04:00,49.37270489662494,49.54071357856738,48.65258882391832,48.920711517333984,34482000,0.0,0.0
2017-06-01 00:00:00-04:00,49.11251225507558,49.220555379999716,48.63326041932421,48.980186462402344,26128000,0.0,0.0
2017-06-02 00:00:00-04:00,48.99505791276438,49.38609132408562,48.91972567545339,49.368247985839844,34710000,0.0,0.0
2017-06-05 00:00:00-04:00,49.45596717433367,49.927286117281035,49.335037825254716,49.75283432006836,27578000,0.0,0.0
2017-06-06 00:00:00-04:00,49.72458345521274,49.98725369866325,49.30282431006738,49.39599609375,31042000,0.0,0.0
2017-06-07 00:00:00-04:00,49.51543671793079,49.75431963273613,49.35585247968967,49.63488006591797,27482000,0.0,0.0
2017-06-08 00:00:00-04:00,49.77017885483475,49.838077308184594,49.39302614394868,49.77265930175781,33758000,0.0,0.0
2017-06-09 00:00:00-04:00,49.83262350957983,49.833118842679596,47.249525674177555,48.07966613769531,72958000,0.0,0.0
2017-06-12 00:00:00-04:00,47.51467885518779,47.974601334339155,46.4283112185291,47.66781997680664,84042000,0.0,0.0
2017-06-13 00:00:00-04:00,48.17482218698075,48.465741520541656,47.677727071292765,48.0984992980957,40108000,0.0,0.0
2017-06-14 00:00:00-04:00,48.34630551286104,48.554458861456006,47.55382922648001,47.97113037109375,30110000,0.0,0.0
2017-06-15 00:00:00-04:00,46.98438207951829,47.6118179142151,46.605244267306134,47.5870361328125,48552000,0.0,0.0
2017-06-16 00:00:00-04:00,47.47453610412424,47.57564078342845,47.01808471957113,47.50972366333008,51184000,0.0,0.0
2017-06-19 00:00:00-04:00,48.056372402283216,48.53463354571621,47.98451128807248,48.332427978515625,29376000,0.0,0.0
2017-06-20 00:00:00-04:00,48.33688323433996,48.60847701590778,47.98450856580027,48.02366256713867,25946000,0.0,0.0
2017-06-21 00:00:00-04:00,48.112871497872675,48.54702149910372,48.046459052009,48.49944305419922,23232000,0.0,0.0
2017-06-22 00:00:00-04:00,48.41420061654638,48.59410863498552,48.23776749236839,48.40181350708008,20190000,0.0,0.0
2017-06-23 00:00:00-04:00,48.346302042631024,48.897414934306575,48.2947571517251,48.87114715576172,31280000,0.0,0.0
2017-06-26 00:00:00-04:00,49.064928848355336,49.26267640825235,48.09007171911354,48.17729949951172,30358000,0.0,0.0
2017-06-27 00:00:00-04:00,47.65741195055095,47.93594040091605,46.93828659607867,46.98784637451172,48872000,0.0,0.0
2017-06-28 00:00:00-04:00,47.11521665475445,47.73868597420335,46.39658666647233,47.62816619873047,54912000,0.0,0.0
2017-06-29 00:00:00-04:00,47.14941905217096,47.164781941774216,46.071475834382085,46.47886276245117,64134000,0.0,0.0
2017-06-30 00:00:00-04:00,46.784650589899336,46.83470570190707,46.07196834020589,46.075439453125,45754000,0.0,0.0
2017-07-03 00:00:00-04:00,46.25088430623894,46.30143853515024,45.36325489435197,45.568931579589844,33896000,0.0,0.0
2017-07-05 00:00:00-04:00,45.80384270965106,46.4030293592858,45.52779093999773,46.20330047607422,41882000,0.0,0.0
2017-07-06 00:00:00-04:00,45.84349401015739,46.3955975731588,45.58825756221596,45.976810455322266,40298000,0.0,0.0
2017-07-07 00:00:00-04:00,46.140359134982674,46.81785378438156,46.08088513544928,46.627044677734375,33266000,0.0,0.0
2017-07-10 00:00:00-04:00,46.68354639151031,47.23763508563493,46.68354639151031,47.1320686340332,29030000,0.0,0.0
2017-07-11 00:00:00-04:00,47.10827925362049,47.3248570304761,46.84065191907557,47.25745391845703,29224000,0.0,0.0
2017-07-12 00:00:00-04:00,47.6207290361843,48.05537432981423,47.431409721640954,47.957740783691406,32042000,0.0,0.0
2017-07-13 00:00:00-04:00,48.113370343647155,48.504899040636,47.8160078771605,48.016727447509766,30492000,0.0,0.0
2017-07-14 00:00:00-04:00,48.27196213247838,48.44740458220838,48.08115301286966,48.41618347167969,21592000,0.0,0.0
2017-07-17 00:00:00-04:00,48.38694581423202,48.735354063417695,48.113370679440635,48.369102478027344,33210000,0.0,0.0
2017-07-18 00:00:00-04:00,48.24024053805157,49.107054547975494,48.174822539030025,48.91376876831055,28266000,0.0,0.0
2017-07-19 00:00:00-04:00,49.06543333288044,49.34247583294666,48.91675019011059,49.20222091674805,28242000,0.0,0.0
2017-07-20 00:00:00-04:00,49.41185333411142,49.4951146723652,48.798294407025764,49.17346954345703,28368000,0.0,0.0
2017-07-21 00:00:00-04:00,49.01537163596626,49.318186545968054,48.77599339631597,49.255245208740234,29266000,0.0,0.0
2017-07-24 00:00:00-04:00,49.26812745973305,49.86731411964657,49.078309015938686,49.476776123046875,79690000,0.0,0.0
2017-07-25 00:00:00-04:00,48.108412214209615,48.407260673759815,47.76644330533619,48.0256462097168,118672000,0.0,0.0
2017-07-26 00:00:00-04:00,48.211492236721995,48.26947645351498,47.5895089474254,47.84127426147461,44432000,0.0,0.0
2017-07-27 00:00:00-04:00,48.03307940046941,48.0499320697332,46.44119599951269,47.206905364990234,74358000,0.0,0.0
2017-07-28 00:00:00-04:00,46.98289184788559,47.66682584766215,46.850066956415866,47.49534606933594,36276000,0.0,0.0
2017-07-31 00:00:00-04:00,47.57811184474154,47.637090512680594,46.67263917948342,46.8594856262207,45670000,0.0,0.0
2017-08-01 00:00:00-04:00,46.97396848928554,47.30503249084778,46.83272293468783,46.912017822265625,28052000,0.0,0.0
2017-08-02 00:00:00-04:00,47.001720059460794,47.03790206049044,46.21618609228472,46.96554183959961,40788000,0.0,0.0
2017-08-03 00:00:00-04:00,47.03790360323974,47.082506267901046,46.55914716133103,46.601768493652344,22478000,0.0,0.0
2017-08-04 00:00:00-04:00,46.782668985288716,46.960591894503786,46.57699607648318,46.873863220214844,25092000,0.0,0.0
2017-08-07 00:00:00-04:00,46.95959505846342,47.03096461473178,46.760361506710524,46.87187194824219,28916000,0.0,0.0
2017-08-08 00:00:00-04:00,46.79952040593715,47.20591666242113,46.709815954008626,46.79456329345703,30102000,0.0,0.0
2017-08-09 00:00:00-04:00,46.51008523231916,46.77325079908729,46.28557455411366,46.59086990356445,28018000,0.0,0.0
2017-08-10 00:00:00-04:00,46.33909421768081,46.40352154360781,45.68390472565348,45.77360916137695,54148000,0.0,0.0
2017-08-11 00:00:00-04:00,45.77956388319256,46.25782124152637,45.65615787607751,46.095760345458984,32334000,0.0,0.0
2017-08-14 00:00:00-04:00,46.54081295674267,46.63844652021004,46.31382560348332,46.53387451171875,23012000,0.0,0.0
2017-08-15 00:00:00-04:00,46.637959142783686,46.73906383659437,46.420390644265915,46.491756439208984,22130000,0.0,0.0
2017-08-16 00:00:00-04:00,46.64885678461591,47.0775543831921,46.58888744415516,46.79853057861328,26906000,0.0,0.0
2017-08-17 00:00:00-04:00,46.7331106830869,46.77573202186502,45.974339686463125,45.9753303527832,33914000,0.0,0.0
2017-08-18 00:00:00-04:00,45.94161924124316,46.141843450178975,45.76667214289099,45.90196990966797,26748000,0.0,0.0
2017-08-21 00:00:00-04:00,45.881658549835635,46.00456544086242,45.52630808954319,45.63880920410156,26024000,0.0,0.0
2017-08-22 00:00:00-04:00,45.94064065236074,46.68404879957073,45.901486643549504,46.60673522949219,35502000,0.0,0.0
2017-08-23 00:00:00-04:00,46.43822036629247,46.85601683106976,46.3509963645414,46.71477127075195,22690000,0.0,0.0
2017-08-24 00:00:00-04:00,46.77076837860706,46.8996230328526,46.12796598185854,46.43276596069336,25892000,0.0,0.0
2017-08-25 00:00:00-04:00,46.54775082330902,46.62308305137097,46.09625656923257,46.11608123779297,23746000,0.0,0.0
2017-08-28 00:00:00-04:00,46.18447490777051,46.3316682504805,45.89850888547771,45.99862289428711,20988000,0.0,0.0
2017-08-29 00:00:00-04:00,45.593216694946776,46.49719963613234,45.56149646952126,46.37627029418945,23172000,0.0,0.0
2017-08-30 00:00:00-04:00,46.372299308626836,46.87731969104477,46.29200998381692,46.76679992675781,22406000,0.0,0.0
2017-08-31 00:00:00-04:00,46.89913148843205,47.43934326977364,46.89665482297783,47.34220504760742,33866000,0.0,0.0
2017-09-01 00:00:00-04:00,47.452723226944414,47.49534455833292,47.09638212586357,47.181129455566406,20858000,0.0,0.0
2017-09-05 00:00:00-04:00,46.92688833685799,47.15139902026593,46.368836965392624,46.660255432128906,29148000,0.0,0.0
2017-09-06 00:00:00-04:00,46.77870131052993,46.80992241995634,46.22411730670635,46.687015533447266,27830000,0.0,0.0
2017-09-07 00:00:00-04:00,46.79754155195073,47.10729492790706,46.46449239292229,47.07706069946289,22332000,0.0,0.0
2017-09-08 00:00:00-04:00,47.0676420846265,47.11720186485649,46.58739960906142,46.65678405761719,19998000,0.0,0.0
2017-09-11 00:00:00-04:00,46.94374298511641,47.215333013693765,46.636466283147236,46.749961853027344,26748000,0.0,0.0
2017-09-12 00:00:00-04:00,46.92986639007755,46.98785061765832,46.46300544587167,46.91648483276367,25696000,0.0,0.0
2017-09-13 00:00:00-04:00,46.8594898034371,47.2237600572142,46.821821798411804,47.10431671142578,21908000,0.0,0.0
2017-09-14 00:00:00-04:00,46.88426882051995,46.98487816597808,46.50562633537142,46.59334945678711,28548000,0.0,0.0
2017-09-15 00:00:00-04:00,46.591365901284604,46.67363657303879,46.15324942942074,46.35347366333008,39886000,0.0,0.0
2017-09-18 00:00:00-04:00,46.3395959130257,46.43128169350393,45.86331989401225,46.07890701293945,29474000,0.0,0.0
2017-09-19 00:00:00-04:00,46.26030137129054,46.484808269052216,45.9257662424894,46.43128204345703,24854000,0.0,0.0
2017-09-20 00:00:00-04:00,46.4743963315667,47.08250272392113,46.462996109132696,46.9605827331543,40080000,0.0,0.0
2017-09-21 00:00:00-04:00,46.9898306837938,47.221276017276935,46.55617601288195,46.961082458496094,27414000,0.0,0.0
2017-09-22 00:00:00-04:00,46.7241838270284,47.0825062682508,46.62853160526294,46.74846649169922,21496000,0.0,0.0
2017-09-25 00:00:00-04:00,46.5596443240609,46.574511879532245,45.819208299770416,46.30341720581055,37468000,0.0,0.0
2017-09-26 00:00:00-04:00,46.42286013317062,46.789111725893534,46.34505123726663,46.45953369140625,33454000,0.0,0.0
2017-09-27 00:00:00-04:00,46.72270903201437,47.84723640202674,46.68355502189851,47.57316589355469,46692000,0.0,0.0
2017-09-28 00:00:00-04:00,47.39226204234586,47.88439628409451,47.357569818764226,47.81650161743164,28018000,0.0,0.0
2017-09-29 00:00:00-04:00,47.87547445313153,48.36166467669669,47.87547445313153,48.25808334350586,40622000,0.0,0.0
2017-10-02 00:00:00-04:00,48.35373548080953,48.45731681381766,47.67475481398698,47.94832992553711,30782000,0.0,0.0
2017-10-03 00:00:00-04:00,47.952792049759275,48.19465073978872,47.712426921460825,48.17680740356445,21666000,0.0,0.0
2017-10-04 00:00:00-04:00,48.16094315500886,48.29178292744231,47.85614316495423,47.91413116455078,21156000,0.0,0.0
2017-10-05 00:00:00-04:00,48.21199986105282,48.891971321664215,48.08710783829815,48.8265495300293,35618000,0.0,0.0
2017-10-06 00:00:00-04:00,48.569333402335005,49.276068004106854,48.495487162867654,49.245338439941406,31060000,0.0,0.0
2017-10-09 00:00:00-04:00,49.31273693132446,49.583336297976615,49.139275798855124,49.179420471191406,25910000,0.0,0.0
2017-10-10 00:00:00-04:00,49.32760231576273,49.43515010374169,48.62433892462973,48.95589828491211,23268000,0.0,0.0
2017-10-11 00:00:00-04:00,49.01734750209173,49.93570635449403,48.9628306152151,49.84054946899414,36300000,0.0,0.0
2017-10-12 00:00:00-04:00,49.75084502841561,50.13245945538359,49.61504814429247,49.84054946899414,30614000,0.0,0.0
2017-10-13 00:00:00-04:00,50.012035936155605,50.29205040405746,49.91043592599392,49.95058059692383,26552000,0.0,0.0
2017-10-16 00:00:00-04:00,50.037806486581125,50.15526472381554,49.63587199135252,50.023929595947266,21420000,0.0,0.0
2017-10-17 00:00:00-04:00,49.929275929521474,50.28214600350342,49.86038680381959,50.105709075927734,20260000,0.0,0.0
2017-10-18 00:00:00-04:00,50.10817982526025,50.36886493827821,49.82419515077243,50.19193649291992,25596000,0.0,0.0
2017-10-19 00:00:00-04:00,49.79595093410311,49.923323395125706,49.42672733753675,49.651729583740234,34284000,0.0,0.0
2017-10-20 00:00:00-04:00,49.90994225480912,49.98923715187087,49.67304066758822,49.81181335449219,32120000,0.0,0.0
2017-10-23 00:00:00-04:00,49.81725463881717,49.847488862410394,48.72295799706573,48.84388732910156,32786000,0.0,0.0
2017-10-24 00:00:00-04:00,48.89147281283994,49.02826038540154,48.424611866793384,48.99009704589844,28902000,0.0,0.0
2017-10-25 00:00:00-04:00,48.8800655878684,49.2844804686767,48.45632515467068,49.13728713989258,30574000,0.0,0.0
2017-10-26 00:00:00-04:00,49.484706167546626,49.883173282175626,49.08822038529001,49.13530349731445,47396000,0.0,0.0
2017-10-27 00:00:00-04:00,51.096415488228466,52.713575987038055,50.891234147373915,51.2292366027832,103682000,0.0,0.0
2017-10-30 00:00:00-04:00,51.0057158074981,51.53452733400578,50.66721804929297,51.20247268676758,46804000,0.0,0.0
2017-10-31 00:00:00-04:00,51.19603960242486,51.59252165581403,50.86398110898537,51.198020935058594,30326000,0.0,0.0
2017-11-01 00:00:00-04:00,51.360574627106196,51.932502858469036,51.24559306864931,51.67181396484375,43262000,0.0,0.0
2017-11-02 00:00:00-04:00,51.54246634408866,51.81653682643452,50.980943821831424,51.690155029296875,26694000,0.0,0.0
2017-11-03 00:00:00-04:00,51.67925285991406,52.07127690536616,51.42649305198627,52.03807067871094,27770000,0.0,0.0
2017-11-06 00:00:00-05:00,51.99396284188696,52.16692863755034,51.64207969052231,51.67578125,18294000,0.0,0.0
2017-11-07 00:00:00-05:00,52.02121603909397,52.20756716782651,51.69164179425618,52.157012939453125,26104000,0.0,0.0
2017-11-08 00:00:00-05:00,52.04103200055533,52.6674770554856,51.892352682583926,52.44941329956055,24276000,0.0,0.0
2017-11-09 00:00:00-05:00,51.93944451687545,52.08217608112281,51.33728202346956,51.925567626953125,35892000,0.0,0.0
2017-11-10 00:00:00-05:00,51.73475744873855,51.87154501267032,51.603422330273105,51.748634338378906,19442000,0.0,0.0
2017-11-13 00:00:00-05:00,51.582603769294714,51.97611376695885,51.50628088104678,51.6024284362793,18814000,0.0,0.0
2017-11-14 00:00:00-05:00,51.429960607855584,51.65694795179312,51.014145475460474,51.624237060546875,21012000,0.0,0.0
2017-11-15 00:00:00-05:00,51.295148608705276,51.524612592395314,51.08501017655331,51.365028381347656,18106000,0.0,0.0
2017-11-16 00:00:00-05:00,51.48100954076352,52.12579338904986,51.44384064923059,51.962738037109375,23768000,0.0,0.0
2017-11-17 00:00:00-05:00,52.02865420266871,52.088124428030866,51.23221524166236,51.339263916015625,26712000,0.0,0.0
2017-11-20 00:00:00-05:00,51.34470990105662,51.478525453621664,51.18016857340981,51.27830123901367,17526000,0.0,0.0
2017-11-21 00:00:00-05:00,51.54493708321717,52.057890428967546,51.50033441723994,52.053428649902344,22206000,0.0,0.0
2017-11-22 00:00:00-05:00,52.09604858168285,52.30767302575227,51.90226747222542,52.13371658325195,14538000,0.0,0.0
2017-11-24 00:00:00-05:00,52.25613928553876,52.537643546156616,52.13372393492958,52.36170196533203,16492000,0.0,0.0
2017-11-27 00:00:00-05:00,52.46329245402228,53.18043264232378,52.27496001615197,53.1293830871582,35430000,0.0,0.0
2017-11-28 00:00:00-05:00,53.227517395810125,53.525375168035886,52.26356518870659,52.69721984863281,36424000,0.0,0.0
2017-11-29 00:00:00-05:00,52.344845550400976,52.473208670871344,51.03000457792416,51.413108825683594,55866000,0.0,0.0
2017-11-30 00:00:00-05:00,51.53998825225896,51.74814160733097,51.0508259772552,51.35314178466797,45092000,0.0,0.0
2017-12-01 00:00:00-05:00,51.06766821081597,51.406165980555365,50.39810644868026,50.803016662597656,37762000,0.0,0.0
2017-12-04 00:00:00-05:00,50.938319475973366,51.113765713436614,50.01748384877724,50.14881896972656,38778000,0.0,0.0
2017-12-05 00:00:00-05:00,50.10521271209437,51.378423178404205,49.675524408970794,50.53192901611328,38998000,0.0,0.0
2017-12-06 00:00:00-05:00,50.37927360709186,51.52213938592594,50.31930427272085,51.18215560913086,28710000,0.0,0.0
2017-12-07 00:00:00-05:00,51.34818732784854,51.985038270016375,51.312999769631546,51.76945114135742,30866000,0.0,0.0
2017-12-08 00:00:00-05:00,52.12826561142024,52.35673894921775,51.83337982649781,52.007835388183594,31170000,0.0,0.0
2017-12-11 00:00:00-05:00,52.09357480168191,52.3359250351989,51.747147896751756,52.13619613647461,23254000,0.0,0.0
2017-12-12 00:00:00-05:00,52.03856009825964,52.65806676609606,51.78431431978478,51.97760009765625,33882000,0.0,0.0
2017-12-13 00:00:00-05:00,52.14164928372909,52.31015329271311,51.869064820762155,52.107452392578125,27680000,0.0,0.0
2017-12-14 00:00:00-05:00,52.310650254125115,52.885055154028365,52.216979361863125,52.40877914428711,30962000,0.0,0.0
2017-12-15 00:00:00-05:00,52.72150031159248,53.28996116931843,52.53862410177529,53.12888717651367,63760000,0.0,0.0
2017-12-18 00:00:00-05:00,53.34943907124969,53.847029561276564,53.0481139366286,53.777645111083984,30292000,0.0,0.0
2017-12-19 00:00:00-05:00,53.67505163592749,53.77169452802481,53.142273615457626,53.51447296142578,26350000,0.0,0.0
2017-12-20 00:00:00-05:00,53.570972829044024,53.58633571706498,52.9603859423809,53.206207275390625,28728000,0.0,0.0
2017-12-21 00:00:00-05:00,53.296905426770145,53.40246809776301,52.98021363262275,53.0718994140625,25640000,0.0,0.0
2017-12-22 00:00:00-05:00,53.0297762731444,53.11501894752111,52.91281337186269,52.9732780456543,17788000,0.0,0.0
2017-12-26 00:00:00-05:00,52.96237024196014,52.973275132812894,52.466764883481666,52.8240966796875,18376000,0.0,0.0
2017-12-27 00:00:00-05:00,52.86126589960301,52.94403189831807,52.45387523609356,52.54407501220703,22324000,0.0,0.0
2017-12-28 00:00:00-05:00,52.64568034324291,52.77404346668098,52.20607786020906,52.33345031738281,19884000,0.0,0.0
2017-12-29 00:00:00-05:00,52.31065069975723,52.437524035474915,52.17237335913628,52.20706558227539,23606000,0.0,0.0
2018-01-02 00:00:00-05:00,52.18823602727993,53.32614474191771,52.18823602727993,53.18886184692383,31766000,0.0,0.0
2018-01-03 00:00:00-05:00,53.224542365533864,54.32330080964497,53.19976436760464,54.0963134765625,31318000,0.0,0.0
2018-01-04 00:00:00-05:00,54.372367004712004,54.71879390313872,54.23211211278629,54.30644989013672,26052000,0.0,0.0
2018-01-05 00:00:00-05:00,54.68757622449183,55.189624716090684,54.60580088310627,55.02656936645508,30250000,0.0,0.0
2018-01-08 00:00:00-05:00,55.06175536990907,55.466170286027186,55.01219558957566,55.22084426879883,24644000,0.0,0.0
2018-01-09 00:00:00-05:00,55.43048898324234,55.43048898324234,54.92298804577905,55.15047073364258,26808000,0.0,0.0
2018-01-10 00:00:00-05:00,54.86350914916023,55.149970485161695,54.713839150969285,55.01913070678711,20734000,0.0,0.0
2018-01-11 00:00:00-05:00,55.1266824577769,55.252565133136116,54.83774443550206,55.11379623413086,22424000,0.0,0.0
2018-01-12 00:00:00-05:00,55.01715246966422,56.06783342050424,54.91357113017225,56.035621643066406,38586000,0.0,0.0
2018-01-16 00:00:00-05:00,56.51437340212776,56.93910831091455,55.837873150761055,56.0380973815918,36462000,0.0,0.0
2018-01-17 00:00:00-05:00,56.31860984509447,56.465307847683086,55.68076449476652,56.45440673828125,27830000,0.0,0.0
2018-01-18 00:00:00-05:00,56.46679541498418,56.52825075179581,55.72883982129823,56.29928207397461,27498000,0.0,0.0
2018-01-19 00:00:00-05:00,56.401383015608864,56.686354613111284,56.12731252889379,56.67247772216797,30552000,0.0,0.0
2018-01-22 00:00:00-05:00,56.68833622900795,57.83120210982273,56.589212884694064,57.69639587402344,29550000,0.0,0.0
2018-01-23 00:00:00-05:00,58.01655340402417,58.40758676246016,57.84953539447559,58.2916145324707,39138000,0.0,0.0
2018-01-24 00:00:00-05:00,58.72824813925114,58.83083881813154,57.8569722590722,58.04976272583008,37128000,0.0,0.0
2018-01-25 00:00:00-05:00,58.51661963502001,58.72923475649011,58.077017169481415,58.58749008178711,29984000,0.0,0.0
2018-01-26 00:00:00-05:00,58.8546236197648,58.856109619140625,57.88819466183439,58.856109619140625,42170000,0.0,0.0
2018-01-29 00:00:00-05:00,58.877917827692784,59.37352318388155,58.68264692765573,58.80258560180664,31494000,0.0,0.0
2018-01-30 00:00:00-05:00,58.36844129636234,58.87445247861169,58.20934860377252,58.35109329223633,37338000,0.0,0.0
2018-01-31 00:00:00-05:00,58.67026074563445,58.79466120894524,58.08990800669046,58.591461181640625,36022000,0.0,0.0
2018-02-01 00:00:00-05:00,58.282696268570014,58.85066187604403,57.954108905262224,58.56023406982422,73514000,0.0,0.0
2018-02-02 00:00:00-05:00,55.87553800351339,56.06783312556541,55.07017929193355,55.4681510925293,117842000,0.0,0.0
2018-02-05 00:00:00-05:00,54.54682539901895,55.259507731117665,52.37260773820917,52.65262222290039,83550000,0.0,0.0
2018-02-06 00:00:00-05:00,51.24460587228022,53.89113676019656,51.04784896541088,53.74493408203125,76630000,0.0,0.0
2018-02-07 00:00:00-05:00,53.77169258499447,53.84900613964487,52.26752858567198,52.30668258666992,51942000,0.0,0.0
2018-02-08 00:00:00-05:00,52.527721313355016,52.728936197976516,49.79346758363525,49.94264602661133,66792000,0.0,0.0
2018-02-09 00:00:00-05:00,50.8431587285648,52.12380272998983,49.411850282128746,51.85369873046875,98360000,0.0,0.0
2018-02-12 00:00:00-05:00,52.369128884549816,52.81021733055884,51.81504399503664,52.264556884765625,56240000,0.0,0.0
2018-02-13 00:00:00-05:00,52.038562552436076,52.59463258044314,51.885916767767974,52.243743896484375,31586000,0.0,0.0
2018-02-14 00:00:00-05:00,52.25266052614215,53.300864735687355,52.02864897493751,53.16358184814453,41304000,0.0,0.0
2018-02-15 00:00:00-05:00,53.6963625203302,54.22418343070422,52.892489821861744,54.08838653564453,37396000,0.0,0.0
2018-02-16 00:00:00-05:00,54.1884965402289,54.928437234203486,54.09780142657689,54.2935676574707,39948000,0.0,0.0
2018-02-20 00:00:00-05:00,54.1577707285977,55.323928544569256,54.02098316796261,54.69451141357422,33754000,0.0,0.0
2018-02-21 00:00:00-05:00,54.96759295771181,56.310683045823986,54.88878961731304,55.19804763793945,41486000,0.0,0.0
2018-02-22 00:00:00-05:00,55.466663605995095,55.7783982807117,54.77182469679677,55.00723648071289,28010000,0.0,0.0
2018-02-23 00:00:00-05:00,55.44139234130218,55.9538504120694,54.93488583074265,55.908748626708984,25292000,0.0,0.0
2018-02-26 00:00:00-05:00,56.095588696095604,56.707166305802616,55.97069668563071,56.68238830566406,30912000,0.0,0.0
2018-02-27 00:00:00-05:00,56.68238379671604,56.709642241518374,55.34870889611206,55.38439178466797,42964000,0.0,0.0
2018-02-28 00:00:00-05:00,55.606918829221456,55.88693706230646,54.66527168794247,54.71086502075195,49292000,0.0,0.0
2018-03-01 00:00:00-05:00,54.989400209360795,55.07513821541549,52.8954644654591,53.09965515136719,55338000,0.0,0.0
2018-03-02 00:00:00-05:00,52.43405422890185,53.86685253316526,52.04401532071384,53.730560302734375,50162000,0.0,0.0
2018-03-05 00:00:00-05:00,53.43269668645087,54.57506328848854,53.142268921536555,54.25688552856445,28648000,0.0,0.0
2018-03-06 00:00:00-05:00,54.62066556248626,54.79561646049672,54.24400443505079,54.56119155883789,23382000,0.0,0.0
2018-03-07 00:00:00-05:00,54.16074299539671,55.31947082051519,54.01652165628858,55.26197814941406,30748000,0.0,0.0
2018-03-08 00:00:00-05:00,55.36903444202424,56.074774516672804,55.36903444202424,55.97268295288086,33862000,0.0,0.0
2018-03-09 00:00:00-05:00,56.47422580299177,57.53977801800774,56.216017362194016,57.5318489074707,42662000,0.0,0.0
2018-03-12 00:00:00-04:00,57.74049905681797,58.39023995967436,57.45057038524554,57.784114837646484,44306000,0.0,0.0
2018-03-13 00:00:00-04:00,58.07652175924303,58.38231244180919,56.22989723150085,56.49454879760742,43140000,0.0,0.0
2018-03-14 00:00:00-04:00,56.78646459024372,57.478327755534465,56.615480131437934,56.939605712890625,41870000,0.0,0.0
2018-03-15 00:00:00-04:00,56.97330401261731,57.61412136076028,56.28391755240599,57.024845123291016,33382000,0.0,0.0
2018-03-16 00:00:00-04:00,57.25976482754346,57.33212127129546,56.07080658724937,56.22246170043945,58656000,0.0,0.0
2018-03-19 00:00:00-04:00,55.396782119791304,55.47657233985799,53.9674550101407,54.520057678222656,63656000,0.0,0.0
2018-03-20 00:00:00-04:00,54.437288197411235,54.791647978247894,53.64531108359431,54.308433532714844,54598000,0.0,0.0
2018-03-21 00:00:00-04:00,54.14835258058929,54.947763451317684,53.882706585087355,54.21922302246094,44898000,0.0,0.0
2018-03-22 00:00:00-04:00,53.525873763821735,53.71965488321748,52.02071902766322,52.194679260253906,69312000,0.0,0.0
2018-03-23 00:00:00-04:00,52.106463143806025,52.8701912128409,50.793108135802136,50.87636947631836,49880000,0.0,0.0
2018-03-26 00:00:00-04:00,52.068294752408676,52.49798675141057,50.0848827665195,52.24126052856445,65984000,0.0,0.0
2018-03-27 00:00:00-04:00,52.72745539437462,52.75917562050298,49.44258379491347,49.90448760986328,60816000,0.0,0.0
2018-03-28 00:00:00-04:00,49.655196036702556,50.79905250697186,48.76756668270334,49.817256927490234,77698000,0.0,0.0
2018-03-29 00:00:00-04:00,50.116108767613646,51.94191790581363,49.76075831645837,51.40121078491211,69338000,0.0,0.0
2018-04-02 00:00:00-04:00,50.92939798969693,51.51966490505734,49.27556391877928,50.186485290527344,65068000,0.0,0.0
2018-04-03 00:00:00-04:00,50.36094077773483,50.79955260775842,49.42424689068042,50.486328125,51322000,0.0,0.0
2018-04-04 00:00:00-04:00,49.47281853502198,51.18315482422608,49.38757585533278,51.03298568725586,50724000,0.0,0.0
2018-04-05 00:00:00-04:00,51.85965724330157,51.87551546779518,50.74999745738369,51.178199768066406,35836000,0.0,0.0
2018-04-06 00:00:00-04:00,50.705387508780916,51.34471893160727,49.87029361572404,50.05366897583008,40134000,0.0,0.0
2018-04-09 00:00:00-04:00,50.55372530289858,51.77043730300339,50.51209463641893,50.55620574951172,33220000,0.0,0.0
2018-04-10 00:00:00-04:00,51.06024117228247,51.60292967696163,50.32426686883661,51.36949920654297,36620000,0.0,0.0
2018-04-11 00:00:00-04:00,51.14647098841187,51.33827077452912,50.512096740674785,50.802520751953125,34060000,0.0,0.0
2018-04-12 00:00:00-04:00,51.120206733658335,51.77341119861868,50.85158872405354,51.40864562988281,32896000,0.0,0.0
2018-04-13 00:00:00-04:00,51.88443393426778,52.18625440905699,51.054788730240396,51.34669876098633,25410000,0.0,0.0
2018-04-16 00:00:00-04:00,51.81802124614691,52.109435942426565,51.24163118442665,51.845279693603516,29776000,0.0,0.0
2018-04-17 00:00:00-04:00,52.593635959609706,53.77317521603106,52.38994063796408,53.49365234375,54584000,0.0,0.0
2018-04-18 00:00:00-04:00,53.476310588306234,53.6244945838344,53.055542151909854,53.29690170288086,31126000,0.0,0.0
2018-04-19 00:00:00-04:00,52.981203453718166,54.3931826149773,52.981203453718166,53.99372482299805,39884000,0.0,0.0
2018-04-20 00:00:00-04:00,53.7370007944744,54.25639346296965,53.13384767816928,53.392555236816406,42434000,0.0,0.0
2018-04-23 00:00:00-04:00,53.673063588212145,53.921860697233896,52.8652282723081,53.21859359741211,69590000,0.0,0.0
2018-04-24 00:00:00-04:00,52.494518994754245,52.75669389830559,50.19788619922888,50.682586669921875,128220000,0.0,0.0
2018-04-25 00:00:00-04:00,51.03495876488472,51.34818321298187,50.40355653776733,50.69993209838867,57860000,0.0,0.0
2018-04-26 00:00:00-04:00,51.20692984168208,52.13867022073189,50.5740416651636,51.70699691772461,50926000,0.0,0.0
2018-04-27 00:00:00-04:00,51.81751927566657,52.12281082314026,50.92790862988598,51.11920928955078,40746000,0.0,0.0
2018-04-30 00:00:00-04:00,51.26641543510291,51.462177908141406,50.467499756981894,50.48137664794922,34492000,0.0,0.0
2018-05-01 00:00:00-04:00,50.36837272953787,51.62869683090459,50.08637315111999,51.58012771606445,35326000,0.0,0.0
2018-05-02 00:00:00-04:00,51.24559455331797,51.740209242965754,50.70835852904967,50.85158920288086,34698000,0.0,0.0
2018-05-03 00:00:00-04:00,50.817886859212855,51.08154775498181,49.951568166064874,50.863975524902344,39282000,0.0,0.0
2018-05-04 00:00:00-04:00,50.53242180535284,52.1317429224219,50.45510823966092,52.08812713623047,36892000,0.0,0.0
2018-05-07 00:00:00-04:00,52.23135633353968,52.78197395120488,52.05194742463932,52.507408142089844,34400000,0.0,0.0
2018-05-08 00:00:00-04:00,52.76313909076934,52.79337331797081,52.11984503023743,52.464290618896484,26030000,0.0,0.0
2018-05-09 00:00:00-04:00,52.73736496875704,54.219223846406585,52.63873696716326,53.96894073486328,47160000,0.0,0.0
2018-05-10 00:00:00-04:00,54.26878424521396,54.98295247150408,54.2132766896246,54.787681579589844,36414000,0.0,0.0
2018-05-11 00:00:00-04:00,54.53691157415763,54.9631325016699,54.37881333760094,54.684104919433594,30504000,0.0,0.0
2018-05-14 00:00:00-04:00,54.79263940641136,55.41611252991021,54.75447985203023,54.84368896484375,39338000,0.0,0.0
2018-05-15 00:00:00-04:00,54.362953596565845,54.47297804789163,53.46491465013553,53.76673889160156,35738000,0.0,0.0
2018-05-16 00:00:00-04:00,53.777644311342726,54.238062122596546,53.606164520940055,53.72808074951172,25628000,0.0,0.0
2018-05-17 00:00:00-04:00,53.59773618456304,54.07054107077223,53.3479484045542,53.58782196044922,25738000,0.0,0.0
2018-05-18 00:00:00-04:00,52.83153280104177,53.21463706086121,52.76611479652991,53.011932373046875,35482000,0.0,0.0
2018-05-21 00:00:00-04:00,53.47582685930464,54.18454277818247,53.42626707234753,53.724124908447266,25180000,0.0,0.0
2018-05-22 00:00:00-04:00,54.011072928465694,54.11019248640515,53.141778448804516,53.292938232421875,22226000,0.0,0.0
2018-05-23 00:00:00-04:00,53.02977610836668,53.921867312376904,52.87911164808189,53.820762634277344,23740000,0.0,0.0
2018-05-24 00:00:00-04:00,53.867343710014346,53.87824481890642,53.14376039293794,53.79547882080078,20604000,0.0,0.0
2018-05-25 00:00:00-04:00,53.85000018041669,53.9996739682127,53.65423772549646,53.72758483886719,22224000,0.0,0.0
2018-05-29 00:00:00-04:00,53.3271271713993,53.591782477129755,52.68680524279323,52.934112548828125,36076000,0.0,0.0
2018-05-30 00:00:00-04:00,53.20224252007157,53.47532230619452,52.85878762173306,53.39999008178711,28686000,0.0,0.0
2018-05-31 00:00:00-04:00,53.624495197182775,55.01219163374467,53.426256090104154,54.51658630371094,79368000,0.0,0.0
2018-06-01 00:00:00-04:00,55.15443959061594,56.4078253183441,55.11181447089963,56.25121307373047,63202000,0.0,0.0
2018-06-04 00:00:00-04:00,56.424671348332794,57.384165656018176,56.35032978563712,57.14528274536133,44754000,0.0,0.0
2018-06-05 00:00:00-04:00,57.2255731854858,57.544741662553,56.86873670263085,57.045169830322266,32964000,0.0,0.0
2018-06-06 00:00:00-04:00,57.13189894906885,57.228046509321615,56.31662980054046,56.84345626831055,34934000,0.0,0.0
2018-06-07 00:00:00-04:00,56.72599615163148,56.78992815157707,55.81110836035895,56.22246170043945,36108000,0.0,0.0
2018-06-08 00:00:00-04:00,56.06338044794622,56.43855183609698,55.667885275401936,56.13772201538086,27284000,0.0,0.0
2018-06-11 00:00:00-04:00,56.149120325076254,56.88261801701169,56.07279742245022,56.54362106323242,24796000,0.0,0.0
2018-06-12 00:00:00-04:00,56.54956058210027,56.93266481997874,56.54956058210027,56.904911041259766,26092000,0.0,0.0
2018-06-13 00:00:00-04:00,57.10761113571733,57.27413758686546,56.66652268104479,56.708648681640625,34302000,0.0,0.0
2018-06-14 00:00:00-04:00,57.104141656931496,57.78708498011049,57.02434765664887,57.495670318603516,35422000,0.0,0.0
2018-06-15 00:00:00-04:00,57.486256119697735,57.68400368958751,57.17749721277033,57.454044342041016,44438000,0.0,0.0
2018-06-18 00:00:00-04:00,57.12792836299418,58.68611388213804,57.0441716989696,58.65885543823242,33038000,0.0,0.0
2018-06-19 00:00:00-04:00,57.99128127723076,58.62069843929563,57.57001746502966,58.41651153564453,47282000,0.0,0.0
2018-06-20 00:00:00-04:00,58.64498405937086,59.54649034409081,58.58204272216992,58.683143615722656,51686000,0.0,0.0
2018-06-21 00:00:00-04:00,58.754515452893465,58.99339458739678,57.662695333764326,57.95807647705078,44966000,0.0,0.0
2018-06-22 00:00:00-04:00,58.05967159828559,58.23362804592787,57.47287202628179,57.95063781738281,34220000,0.0,0.0
2018-06-25 00:00:00-04:00,57.24241639411734,57.29148083846557,55.50284060341305,56.46332550048828,57682000,0.0,0.0
2018-06-26 00:00:00-04:00,56.704188739949835,56.839486514085834,55.953842303393166,56.13325119018555,34688000,0.0,0.0
2018-06-27 00:00:00-04:00,56.300766869024145,56.80678177537347,55.34424839456659,55.356143951416016,34538000,0.0,0.0
2018-06-28 00:00:00-04:00,55.13064487084305,56.20164961626298,54.81742418325818,55.84382247924805,29726000,0.0,0.0
2018-06-29 00:00:00-04:00,56.117891548666634,56.56641379159462,55.85571664765586,55.963260650634766,31562000,0.0,0.0
2018-07-02 00:00:00-04:00,55.277346857975495,56.64720007288589,54.84369215844048,56.60358428955078,23216000,0.0,0.0
2018-07-03 00:00:00-04:00,56.96587445439247,56.99015712164091,55.23175095141119,55.32343673706055,16448000,0.0,0.0
2018-07-05 00:00:00-04:00,55.73577780214064,56.704191846101395,55.6624269088357,56.56294250488281,28594000,0.0,0.0
2018-07-06 00:00:00-04:00,56.58673231901831,57.301891223514744,56.36222164626057,57.24638366699219,21820000,0.0,0.0
2018-07-09 00:00:00-04:00,57.49022168434929,57.88323637131992,57.35293878806448,57.85102081298828,21584000,0.0,0.0
2018-07-10 00:00:00-04:00,57.98532357181712,58.15928000005394,57.617086935797936,57.84407424926758,21334000,0.0,0.0
2018-07-11 00:00:00-04:00,57.273146874534554,58.50324054059404,57.26075976503344,58.058189392089844,33252000,0.0,0.0
2018-07-12 00:00:00-04:00,58.22669350395603,59.57126962478235,58.139465717153676,59.535091400146484,44148000,0.0,0.0
2018-07-13 00:00:00-04:00,59.611414454417236,59.990056934189376,59.23921508657484,59.69170379638672,32612000,0.0,0.0
2018-07-16 00:00:00-04:00,59.6614686063109,59.90431796084138,59.14554323296885,59.299678802490234,26784000,0.0,0.0
2018-07-17 00:00:00-04:00,58.61723411073506,60.4024034608938,58.58055677018775,60.12089920043945,40162000,0.0,0.0
2018-07-18 00:00:00-04:00,59.89538802068597,60.542648446049114,59.69863491732243,60.112464904785156,38948000,0.0,0.0
2018-07-19 00:00:00-04:00,59.80222406889483,60.28940500798041,59.36014491368286,59.428043365478516,38338000,0.0,0.0
2018-07-20 00:00:00-04:00,59.434979715401205,60.00641264207842,59.30364081469495,59.367576599121094,37938000,0.0,0.0
2018-07-23 00:00:00-04:00,59.25755009544405,60.22100701488412,59.07665142062006,60.01780700683594,65446000,0.0,0.0
2018-07-24 00:00:00-04:00,62.991446162974086,63.18968908103076,61.66025152855202,62.35459518432617,107600000,0.0,0.0
2018-07-25 00:00:00-04:00,62.08051510210579,63.35025419781453,61.90358288080689,63.23626708984375,51104000,0.0,0.0
2018-07-26 00:00:00-04:00,62.80211840629285,63.804233973271586,62.59495573788185,63.71006774902344,54686000,0.0,0.0
2018-07-27 00:00:00-04:00,63.88948140697358,64.00445919209274,61.67759210645797,62.093902587890625,48362000,0.0,0.0
2018-07-30 00:00:00-04:00,61.70534827962,62.093904996104634,60.67052548639998,60.96144485473633,43896000,0.0,0.0
2018-07-31 00:00:00-04:00,61.04421137477646,61.51503877217524,60.275034609294465,60.821685791015625,39382000,0.0,0.0
2018-08-01 00:00:00-04:00,61.410953346210704,61.74746600627616,60.70868068711773,61.107643127441406,36994000,0.0,0.0
2018-08-02 00:00:00-04:00,60.38951128505238,61.673626443923425,60.36770528483681,61.51106643676758,34704000,0.0,0.0
2018-08-03 00:00:00-04:00,61.71178926073466,61.77820171227437,60.930716970703656,61.36387634277344,21264000,0.0,0.0
2018-08-06 00:00:00-04:00,61.53486289500372,61.576988899772495,60.98573127122129,61.33959197998047,22114000,0.0,0.0
2018-08-07 00:00:00-04:00,62.050286215151715,62.74760560322747,62.03988043832837,62.24010467529297,42506000,0.0,0.0
2018-08-08 00:00:00-04:00,62.28371844964311,63.027126526640515,62.05574042643752,62.5121955871582,34344000,0.0,0.0
2018-08-09 00:00:00-04:00,62.58157843163508,63.03902046572219,62.451233976820184,62.66731643676758,27326000,0.0,0.0
2018-08-10 00:00:00-04:00,62.405638126530064,62.505752137905276,61.80992251433301,62.075069427490234,26602000,0.0,0.0
2018-08-13 00:00:00-04:00,62.01013974542704,62.74214751114905,61.80347241524946,61.883262634277344,27500000,0.0,0.0
2018-08-14 00:00:00-04:00,62.07457254828527,62.47551635459979,61.432269168947464,62.354095458984375,28080000,0.0,0.0
2018-08-15 00:00:00-04:00,61.667181567651326,62.04879601342514,60.77310911621707,61.069480895996094,37052000,0.0,0.0
2018-08-16 00:00:00-04:00,61.55369350929004,61.6384446336868,60.44551981049334,60.66507339477539,32176000,0.0,0.0
2018-08-17 00:00:00-04:00,60.56495623560335,60.8082971269196,59.670883777475254,60.258174896240234,33092000,0.0,0.0
2018-08-20 00:00:00-04:00,60.49656147030582,60.75675502616927,59.903817915973555,60.56049346923828,22218000,0.0,0.0
2018-08-21 00:00:00-04:00,60.613524255803895,61.096243364971755,60.21753381099704,60.335487365722656,23082000,0.0,0.0
2018-08-22 00:00:00-04:00,60.17739289788937,60.78748449084421,60.12783311785306,60.55058670043945,22296000,0.0,0.0
2018-08-23 00:00:00-04:00,60.45790656141297,61.21568682937405,60.43163878141544,60.52134323120117,24666000,0.0,0.0
2018-08-24 00:00:00-04:00,60.76121686857708,61.32620668102879,60.53422952112296,61.29399490356445,24454000,0.0,0.0
2018-08-27 00:00:00-04:00,61.66024554727935,62.34071224621682,61.48876576119388,62.26141357421875,28580000,0.0,0.0
2018-08-28 00:00:00-04:00,62.24307773941749,62.27578863216442,61.60226034730332,61.74549102783203,27330000,0.0,0.0
2018-08-29 00:00:00-04:00,62.1984699584098,62.80162307685738,62.08943617899373,62.676727294921875,36926000,0.0,0.0
2018-08-30 00:00:00-04:00,62.61478345703049,62.916607715721355,61.81240047448793,62.17072296142578,30104000,0.0,0.0
2018-08-31 00:00:00-04:00,62.06019474297571,62.07704363006448,60.748821207637796,61.04866409301758,42308000,0.0,0.0
2018-09-04 00:00:00-04:00,60.588743467717634,60.85389413951963,59.797757012510694,60.03316879272461,41458000,0.0,0.0
2018-09-05 00:00:00-04:00,59.92959274677737,60.20961099849978,58.25048146505982,59.428043365478516,53988000,0.0,0.0
2018-09-06 00:00:00-04:00,59.40176899042775,59.42258432348132,57.66913167263083,58.679176330566406,46854000,0.0,0.0
2018-09-07 00:00:00-04:00,58.08494944415617,58.90517953017783,57.94965165488326,58.361995697021484,32658000,0.0,0.0
2018-09-10 00:00:00-04:00,58.68958681588538,58.81150682548309,58.01605854552151,58.236602783203125,27670000,0.0,0.0
2018-09-11 00:00:00-04:00,58.04034491712475,59.02362654143486,57.785108455238316,58.97654342651367,29254000,0.0,0.0
2018-09-12 00:00:00-04:00,58.580550747320544,59.01123342912516,57.795512055893596,58.06512451171875,35716000,0.0,0.0
2018-09-13 00:00:00-04:00,58.46656452248184,58.870979431193106,57.94716805181461,58.58749008178711,40068000,0.0,0.0
2018-09-14 00:00:00-04:00,58.87792078186746,58.87792078186746,58.16028137690929,58.38132095336914,24176000,0.0,0.0
2018-09-17 00:00:00-04:00,58.37091162899215,58.57163119113442,57.41389781733119,57.48179626464844,34096000,0.0,0.0
2018-09-18 00:00:00-04:00,57.62205752184302,58.54735499219765,57.561097512456236,57.84260177612305,32314000,0.0,0.0
2018-09-19 00:00:00-04:00,57.93428317441041,58.29656828515363,57.42182517002772,58.19744873046875,25962000,0.0,0.0
2018-09-20 00:00:00-04:00,58.51463968083364,59.1752817274835,58.29558144257327,59.054847717285156,29244000,0.0,0.0
2018-09-21 00:00:00-04:00,59.22087626404792,59.3031469383466,58.08792460764033,58.09089660644531,91222000,0.0,0.0
2018-09-24 00:00:00-04:00,57.46098451686773,58.7386528621229,57.068960478314175,58.45962905883789,31150000,0.0,0.0
2018-09-25 00:00:00-04:00,58.69206449767602,59.31701984307357,58.18852626069421,59.16982650756836,33152000,0.0,0.0
2018-09-26 00:00:00-04:00,59.15991447255411,59.83145757954628,58.74905647285442,59.17824935913086,37650000,0.0,0.0
2018-09-27 00:00:00-04:00,59.47264059918955,60.30822971739005,59.37599770946262,59.837406158447266,36274000,0.0,0.0
2018-09-28 00:00:00-04:00,59.67534051135041,59.89142673427269,59.36509184688279,59.82352828979492,35612000,0.0,0.0
2018-10-01 00:00:00-04:00,60.11692822550655,60.67200377685793,59.6307380038181,59.895389556884766,33164000,0.0,0.0
2018-10-02 00:00:00-04:00,59.80321405962955,60.687871474368755,59.45579647434442,59.851287841796875,40180000,0.0,0.0
2018-10-03 00:00:00-04:00,60.067367011728635,60.17541012769135,59.57919543863832,60.04407501220703,26246000,0.0,0.0
2018-10-04 00:00:00-04:00,59.72193117816361,59.76504784574882,57.68103020510518,58.336219787597656,46576000,0.0,0.0
2018-10-05 00:00:00-04:00,58.283183210611256,58.58054563788188,57.20871127054118,57.878273010253906,31852000,0.0,0.0
2018-10-08 00:00:00-04:00,57.49021901375333,58.27624835118113,56.27103034013294,57.28801345825195,46190000,0.0,0.0
2018-10-09 00:00:00-04:00,57.059542315917426,57.56704326191691,56.70568161145632,56.75524139404297,33690000,0.0,0.0
2018-10-10 00:00:00-04:00,56.32058466896337,56.3513142235491,54.095813315910384,54.128028869628906,58980000,0.0,0.0
2018-10-11 00:00:00-04:00,53.477801770939934,55.31253458378576,53.321684868659204,54.05765914916992,67696000,0.0,0.0
2018-10-12 00:00:00-04:00,55.48995852207989,55.79673988188645,54.270274423304,55.53456497192383,49370000,0.0,0.0
2018-10-15 00:00:00-04:00,55.40868166822224,55.59701034688683,54.42837204187934,54.63751983642578,30074000,0.0,0.0
2018-10-16 00:00:00-04:00,55.18466558093577,56.31910697940148,55.09892757760867,56.15605163574219,38378000,0.0,0.0
2018-10-17 00:00:00-04:00,56.49901329864756,56.845935552048864,55.210440067368346,55.883968353271484,35652000,0.0,0.0
2018-10-18 00:00:00-04:00,56.00341102889499,56.11987860211233,53.83959915144038,54.41301345825195,46152000,0.0,0.0
2018-10-19 00:00:00-04:00,54.700463645484554,55.55488685474241,54.369399607612905,54.7733154296875,41286000,0.0,0.0
2018-10-22 00:00:00-04:00,55.136591608320536,55.59155696560373,54.516589575483515,55.08009338378906,27116000,0.0,0.0
2018-10-23 00:00:00-04:00,54.08491925686056,55.408683848644095,53.476317413826656,55.25553894042969,37686000,0.0,0.0
2018-10-24 00:00:00-04:00,55.25999456332015,55.34028389764265,52.28933456741099,52.39142990112305,49286000,0.0,0.0
2018-10-25 00:00:00-04:00,53.54024537331576,55.399756102645775,53.304833588221236,54.69451141357422,72956000,0.0,0.0
2018-10-26 00:00:00-04:00,51.95580081617236,55.35912148343913,51.65348122068418,53.71123504638672,106438000,0.0,0.0
2018-10-29 00:00:00-04:00,54.34510514487388,54.95420601595527,49.91736817667203,51.281768798828125,81290000,0.0,0.0
2018-10-30 00:00:00-04:00,50.55223663950661,52.08315988988406,50.252892879333544,52.0142707824707,59768000,0.0,0.0
2018-10-31 00:00:00-04:00,52.940564118102536,54.913075103966314,52.940564118102536,54.04972839355469,70916000,0.0,0.0
2018-11-01 00:00:00-04:00,54.09036865507806,54.51163245458862,53.41733572962472,53.82175064086914,40132000,0.0,0.0
2018-11-02 00:00:00-04:00,53.97141943951681,54.41746497825697,52.91379636869127,53.103614807128906,43438000,0.0,0.0
2018-11-05 00:00:00-05:00,53.15516126022647,53.195801263045176,51.24559536671138,52.32254409790039,45358000,0.0,0.0
2018-11-06 00:00:00-05:00,52.28735808027902,53.51646108225636,52.21747829667191,53.00846481323242,28660000,0.0,0.0
2018-11-07 00:00:00-05:00,53.69834244575057,55.00872157192472,53.55461644355465,54.924964904785156,43388000,0.0,0.0
2018-11-08 00:00:00-05:00,54.8783773636776,54.92397069251891,53.74145564233035,54.25044250488281,33694000,0.0,0.0
2018-11-09 00:00:00-05:00,53.72461159561041,53.939208047606066,52.74529644823808,53.377689361572266,34860000,0.0,0.0
2018-11-12 00:00:00-05:00,53.18490076676925,53.23297454810507,51.560306426195,52.00684356689453,34002000,0.0,0.0
2018-11-13 00:00:00-05:00,52.276947022249765,52.86473345935463,51.56277880648928,51.937950134277344,25750000,0.0,0.0
2018-11-14 00:00:00-05:00,52.53416287872512,52.82111953304196,51.59796447805078,52.26554489135742,34666000,0.0,0.0
2018-11-15 00:00:00-05:00,52.11092309230952,53.469376054780525,51.606889506378266,53.08181381225586,41584000,0.0,0.0
2018-11-16 00:00:00-05:00,52.79337012616156,53.15070191711665,52.28140743892691,52.944034576416016,35366000,0.0,0.0
2018-11-19 00:00:00-05:00,52.70217963465381,52.93065677293835,50.69398942241821,50.91948699951172,45684000,0.0,0.0
2018-11-20 00:00:00-05:00,49.921825896170596,51.4116176197719,49.670060574271346,51.06964874267578,54458000,0.0,0.0
2018-11-21 00:00:00-05:00,51.806119620338215,52.271989838240096,51.51619095744244,51.712947845458984,29698000,0.0,0.0
2018-11-23 00:00:00-05:00,51.22080730224654,51.69163460873718,50.97399531689595,51.052303314208984,14178000,0.0,0.0
2018-11-26 00:00:00-05:00,51.74120147294629,52.3854861863496,51.53155834412097,52.33295440673828,31558000,0.0,0.0
2018-11-27 00:00:00-05:00,52.104977734935865,52.86920114576592,51.81554437238424,52.15156173706055,33048000,0.0,0.0
2018-11-28 00:00:00-05:00,52.408282980563826,54.16272632477953,51.68915764114635,54.10969543457031,46042000,0.0,0.0
2018-11-29 00:00:00-05:00,53.70032122849477,54.52401853411203,53.62449367564983,54.24796676635742,31004000,0.0,0.0
2018-11-30 00:00:00-05:00,54.30000743994783,54.994842529296875,53.68297745520982,54.994842529296875,59668000,0.0,0.0
2018-12-03 00:00:00-05:00,56.1104575760452,56.25120780292768,55.09793241741592,55.32740020751953,57532000,0.0,0.0
2018-12-04 00:00:00-05:00,55.16038504432092,55.222335716900645,52.57282901926797,52.656585693359375,45630000,0.0,0.0
2018-12-06 00:00:00-05:00,51.79075600770243,53.496630186858056,51.66586401138743,53.43021774291992,47436000,0.0,0.0
2018-12-07 00:00:00-05:00,53.140297197272474,53.77467149956784,51.511736322266394,51.86906814575195,42682000,0.0,0.0
2018-12-10 00:00:00-05:00,51.68865850726927,52.51433711831464,51.19602898692248,52.19615936279297,33652000,0.0,0.0
2018-12-11 00:00:00-05:00,52.87811497972909,53.04959475593755,52.04351654521581,52.61594009399414,33852000,0.0,0.0
2018-12-12 00:00:00-05:00,53.38066128063316,54.10672130549076,53.12740615957853,53.21463394165039,28960000,0.0,0.0
2018-12-13 00:00:00-05:00,53.31078190544962,53.94267948952978,52.78147499288261,53.20521545410156,24986000,0.0,0.0
2018-12-14 00:00:00-05:00,52.53516262296943,53.115020028595445,52.00734166644957,52.123313903808594,36358000,0.0,0.0
2018-12-17 00:00:00-05:00,51.89037426011331,52.65212095785888,50.38472798120905,50.831764221191406,49932000,0.0,0.0
2018-12-18 00:00:00-05:00,51.245594263896415,52.51880453693623,51.071138699168294,51.71195983886719,43640000,0.0,0.0
2018-12-19 00:00:00-05:00,51.90425167522263,53.312763523901886,50.523497386753405,51.31795120239258,58264000,0.0,0.0
2018-12-20 00:00:00-05:00,50.84911046456175,51.91169077294847,49.950084617756865,50.72917556762695,53674000,0.0,0.0
2018-12-21 00:00:00-05:00,51.14845606158276,51.42747984878357,48.62830329379818,49.12688064575195,104656000,0.0,0.0
2018-12-24 00:00:00-05:00,48.783429431664416,50.161211813035855,48.453356059911194,48.800777435302734,36360000,0.0,0.0
2018-12-26 00:00:00-05:00,49.4609258720751,51.96174957982248,49.19627049713485,51.93201446533203,46318000,0.0,0.0
2018-12-27 00:00:00-05:00,50.85902371181773,52.20409512427059,49.907458541178066,52.182289123535156,45996000,0.0,0.0
2018-12-28 00:00:00-05:00,52.50938838379632,52.74380951627864,51.64207897069144,51.8740234375,34398000,0.0,0.0
2018-12-31 00:00:00-05:00,52.42662181757519,52.68235739680241,51.19801794154297,51.788780212402344,33110000,0.0,0.0
2019-01-02 00:00:00-05:00,50.908583724282856,52.57332272092195,50.81342682866761,52.2705078125,31868000,0.0,0.0
2019-01-03 00:00:00-05:00,52.071769274946,52.84441709717071,50.66920519192251,50.82284164428711,41960000,0.0,0.0
2019-01-04 00:00:00-05:00,51.66982611745576,53.52537405136797,51.387331238986945,53.42972183227539,46022000,0.0,0.0
2019-01-07 00:00:00-05:00,53.57345286950523,53.65919087290687,52.6650081503317,53.32317352294922,47446000,0.0,0.0
2019-01-08 00:00:00-05:00,53.82273264157246,54.18700282479692,52.94798962503159,53.79151153564453,35414000,0.0,0.0
2019-01-09 00:00:00-05:00,53.92136997908412,54.10226487887618,53.246351931681716,53.607154846191406,26998000,0.0,0.0
2019-01-10 00:00:00-05:00,53.27460152267623,53.51596107886595,52.7661099648934,53.46739196777344,26598000,0.0,0.0
2019-01-11 00:00:00-05:00,53.024820153608665,53.196795286176545,52.35723962602877,52.755706787109375,30864000,0.0,0.0
2019-01-14 00:00:00-05:00,52.2040946206828,52.457349745213584,51.96670149930838,52.113399505615234,28490000,0.0,0.0
2019-01-15 00:00:00-05:00,52.43554040677948,53.93524260925942,52.25860818593393,53.84801483154297,37518000,0.0,0.0
2019-01-16 00:00:00-05:00,54.02098673533876,54.63355501884388,53.92236250436648,53.996700286865234,38280000,0.0,0.0
2019-01-17 00:00:00-05:00,53.921368442386935,54.55128090841665,53.68694354161793,54.47297668457031,24896000,0.0,0.0
2019-01-18 00:00:00-05:00,54.942319458615124,55.408685076431745,54.48091095351191,54.878387451171875,44892000,0.0,0.0
2019-01-22 00:00:00-05:00,54.31834766794679,54.46554479169045,53.07388180032208,53.457481384277344,39632000,0.0,0.0
2019-01-23 00:00:00-05:00,53.86536315507689,54.167187396746016,52.90934376478967,53.74394226074219,25194000,0.0,0.0
2019-01-24 00:00:00-05:00,53.649778951310104,53.921868095896,53.030767545217564,53.72362518310547,29114000,0.0,0.0
2019-01-25 00:00:00-05:00,54.23062393672968,54.68311263158913,54.11019370892404,54.591426849365234,23260000,0.0,0.0
2019-01-28 00:00:00-05:00,54.024459013334045,54.18800591952664,53.25825047341647,53.5184440612793,29334000,0.0,0.0
2019-01-29 00:00:00-05:00,53.57692368708818,53.75980371100518,52.83252492952006,53.03274917602539,19704000,0.0,0.0
2019-01-30 00:00:00-05:00,53.39454127483169,54.4928044913876,53.35885838319014,54.41697692871094,29452000,0.0,0.0
2019-01-31 00:00:00-05:00,55.12320907469218,55.8879277682799,54.776782174572446,55.79970932006836,40232000,0.0,0.0
2019-02-01 00:00:00-05:00,55.62129291519569,56.2214740701124,55.22282955760962,55.43940734863281,33116000,0.0,0.0
2019-02-04 00:00:00-05:00,55.458738999859754,56.61498646067175,55.38439743543495,56.56938934326172,78408000,0.0,0.0
2019-02-05 00:00:00-05:00,55.98506590270298,57.13189816525388,55.68621744950641,57.0872917175293,82296000,0.0,0.0
2019-02-06 00:00:00-05:00,56.95843087890959,57.192851972408974,55.426513213462655,55.651023864746094,48256000,0.0,0.0
2019-02-07 00:00:00-05:00,55.102394698878804,55.11081914301035,54.198907096289624,54.80949401855469,38298000,0.0,0.0
2019-02-08 00:00:00-05:00,54.2628403443188,54.76935060643316,54.23112389952637,54.634544372558594,21766000,0.0,0.0
2019-02-11 00:00:00-05:00,54.70244299915539,55.182190149293774,54.51659098443572,54.62165832519531,18498000,0.0,0.0
2019-02-12 00:00:00-05:00,55.06224794643094,56.14514818740517,55.06224794643094,55.88346862792969,35036000,0.0,0.0
2019-02-13 00:00:00-05:00,56.15406780576214,56.64025803524329,55.805160467057085,55.93550491333008,28042000,0.0,0.0
2019-02-14 00:00:00-05:00,55.75560701725937,56.30721530844446,55.36358296775746,55.96376037597656,21106000,0.0,0.0
2019-02-15 00:00:00-05:00,56.46431712713548,56.46431712713548,55.34523865451279,55.48945999145508,27826000,0.0,0.0
2019-02-19 00:00:00-05:00,55.3412744861392,55.98555914866208,55.3412744861392,55.83043670654297,21980000,0.0,0.0
2019-02-20 00:00:00-05:00,55.94789489522291,56.04949489564427,55.09892423297482,55.53703689575195,24090000,0.0,0.0
2019-02-21 00:00:00-05:00,55.44734004449686,55.46567871474324,54.416479906503056,54.725242614746094,33272000,0.0,0.0
2019-02-22 00:00:00-05:00,54.9973232075196,55.37150386454631,54.54136721859264,55.33730697631836,29436000,0.0,0.0
2019-02-25 00:00:00-05:00,55.603447197687906,55.775422301559566,55.21588499293355,55.37546920776367,26208000,0.0,0.0
2019-02-26 00:00:00-05:00,55.22877557612181,55.826971639267626,54.84864709251726,55.607418060302734,35026000,0.0,0.0
2019-02-27 00:00:00-05:00,55.21092611945874,55.791774074988865,54.940822140346285,55.651023864746094,22092000,0.0,0.0
2019-02-28 00:00:00-05:00,55.458243458549056,56.201156204526654,55.42900367850027,55.83242416381836,27422000,0.0,0.0
2019-03-01 00:00:00-05:00,56.05296461528738,56.99461554133449,56.05296461528738,56.9212646484375,34086000,0.0,0.0
2019-03-04 00:00:00-05:00,57.22061413135729,57.76379794864619,56.41227962663273,57.16411590576172,35490000,0.0,0.0
2019-03-05 00:00:00-05:00,57.29198270561337,58.307479941132485,57.14429402263244,57.94568634033203,40094000,0.0,0.0
2019-03-06 00:00:00-05:00,58.07305265058131,58.2207413179186,57.64137930979189,57.735050201416016,23602000,0.0,0.0
2019-03-07 00:00:00-05:00,57.51500430906147,57.66765009649561,56.583759132984696,57.0367431640625,30086000,0.0,0.0
2019-03-08 00:00:00-05:00,56.19668704545784,57.16559635548918,56.01331171546796,56.993125915527344,23694000,0.0,0.0
2019-03-11 00:00:00-04:00,57.0937326680358,58.476967329547385,57.07242200177658,58.44475555419922,30032000,0.0,0.0
2019-03-12 00:00:00-04:00,58.5954219125641,59.755631944132176,58.5954219125641,59.33634948730469,42220000,0.0,0.0
2019-03-13 00:00:00-04:00,59.76654265658658,59.82551755099398,59.36906616109986,59.42605972290039,25888000,0.0,0.0
2019-03-14 00:00:00-04:00,59.42407352566446,59.70557776072939,59.037997286610825,59.10242462158203,27302000,0.0,0.0
2019-03-15 00:00:00-04:00,59.373523455870405,59.55788568478085,58.82884986974462,58.991905212402344,51886000,0.0,0.0
2019-03-18 00:00:00-04:00,58.96167247755781,59.22236136997121,58.55478091755831,58.905174255371094,24442000,0.0,0.0
2019-03-19 00:00:00-04:00,59.06228361960449,59.6416494618808,58.950277830825264,59.594566345214844,29788000,0.0,0.0
2019-03-20 00:00:00-04:00,59.54203224319541,60.95896865152829,59.45232778710967,60.78253173828125,41508000,0.0,0.0
2019-03-21 00:00:00-04:00,60.46385655086534,61.27863040668714,60.294358088650746,61.263267517089844,28150000,0.0,0.0
2019-03-22 00:00:00-04:00,60.90246852521743,61.13936632523386,59.770008410537635,59.851783752441406,34422000,0.0,0.0
2019-03-25 00:00:00-04:00,59.45083562608239,59.94049319456507,58.977036279224706,59.34279251098633,27576000,0.0,0.0
2019-03-26 00:00:00-04:00,59.729860841033144,59.851780848264944,58.56866011714988,58.96910858154297,30752000,0.0,0.0
2019-03-27 00:00:00-04:00,59.072195171422834,59.072195171422834,57.69986152973623,58.382808685302734,29428000,0.0,0.0
2019-03-28 00:00:00-04:00,58.258414804745335,58.345143478843994,57.66021873912632,58.098331451416016,22402000,0.0,0.0
2019-03-29 00:00:00-04:00,58.49035258830934,58.678189713004706,57.80641854885906,58.327301025390625,30890000,0.0,0.0
2019-04-01 00:00:00-04:00,58.855117519223015,59.48255332690599,58.79663796251399,59.42209243774414,27706000,0.0,0.0
2019-04-02 00:00:00-04:00,59.475114723078725,59.76058538221272,59.038488072136474,59.7472038269043,18288000,0.0,0.0
2019-04-03 00:00:00-04:00,60.10205944667609,60.49358812897417,59.724411434921,60.008392333984375,22180000,0.0,0.0
2019-04-04 00:00:00-04:00,60.03217721312419,60.49110899110266,59.92066676957939,60.43659210205078,21022000,0.0,0.0
2019-04-05 00:00:00-04:00,60.42916357641518,60.48318513707382,59.96973642542001,60.04011154174805,20012000,0.0,0.0
2019-04-08 00:00:00-04:00,60.023258123804965,60.164008345840536,59.70557567686853,59.88300323486328,21750000,0.0,0.0
2019-04-09 00:00:00-04:00,59.56631910220037,59.82700424629346,59.39235885352696,59.60596466064453,19668000,0.0,0.0
2019-04-10 00:00:00-04:00,59.7249094710541,59.9157148180009,59.50535589667206,59.79230880737305,15510000,0.0,0.0
2019-04-11 00:00:00-04:00,59.91373630353821,60.10405010747455,59.697653832077705,59.947933197021484,16998000,0.0,0.0
2019-04-12 00:00:00-04:00,60.246780752733265,60.61501746375043,60.13130763088175,60.599159240722656,24312000,0.0,0.0
2019-04-15 00:00:00-04:00,60.66655387590557,60.924766109664986,60.194244304362236,60.78748321533203,23796000,0.0,0.0
2019-04-16 00:00:00-04:00,60.95945755130198,61.255829336431965,60.713636210736404,61.05411911010742,22622000,0.0,0.0
2019-04-17 00:00:00-04:00,61.306384043569125,61.707826972891674,61.103187803811146,61.462005615234375,30366000,0.0,0.0
2019-04-18 00:00:00-04:00,61.702863061629785,61.74945083948574,61.4258206222395,61.527915954589844,24750000,0.0,0.0
2019-04-22 00:00:00-04:00,61.29002693191078,62.165760741296786,61.12647625838535,62.13701629638672,19084000,0.0,0.0
2019-04-23 00:00:00-04:00,62.279751130770016,63.1614327114639,62.04830201170659,62.97111892700195,31868000,0.0,0.0
2019-04-24 00:00:00-04:00,62.97112184100096,63.14012496632759,62.43686158073098,62.448753356933594,23396000,0.0,0.0
2019-04-25 00:00:00-04:00,62.95674897281491,63.080650314186634,62.34715649072058,62.81005096435547,31344000,0.0,0.0
2019-04-26 00:00:00-04:00,63.10939566577657,63.38346613255993,62.694079634009796,63.30961990356445,27228000,0.0,0.0
2019-04-29 00:00:00-04:00,63.46275914712026,64.27853119264928,63.026627793364206,64.24036407470703,72368000,0.0,0.0
2019-04-30 00:00:00-04:00,59.00826884743714,59.52121848198865,58.630121676573225,59.42110824584961,133178000,0.0,0.0
2019-05-01 00:00:00-04:00,59.348745012660174,59.43547746773501,58.06909154217159,58.15037155151367,74340000,0.0,0.0
2019-05-02 00:00:00-04:00,58.11468664076694,58.45070777675976,57.40745681106529,57.812862396240234,45098000,0.0,0.0
2019-05-03 00:00:00-04:00,58.35307144991088,59.046424401851816,58.161770768787754,58.95473861694336,41588000,0.0,0.0
2019-05-06 00:00:00-04:00,58.08494291510392,59.24614734780272,58.04331224905807,59.14851379394531,31774000,0.0,0.0
2019-05-07 00:00:00-04:00,58.7693799619371,59.213440429540135,57.738024570214755,58.42493438720703,36604000,0.0,0.0
2019-05-08 00:00:00-04:00,58.34711850220026,58.693053838408616,57.86836583691786,58.02448272705078,25520000,0.0,0.0
2019-05-09 00:00:00-04:00,57.619074403785326,58.187531486196946,57.22456997555092,57.88521194458008,29556000,0.0,0.0
2019-05-10 00:00:00-04:00,57.9283361543902,58.297064381319565,56.81471013362452,57.86886215209961,31650000,0.0,0.0
2019-05-13 00:00:00-04:00,56.75870698729838,57.09224765690935,55.78038253011659,56.33000564575195,45626000,0.0,0.0
2019-05-14 00:00:00-04:00,56.61399290816184,56.74037091442283,55.68274773950584,55.74866485595703,40392000,0.0,0.0
2019-05-15 00:00:00-04:00,55.63417283877792,58.39717471698407,55.577179286726064,58.02547073364258,59302000,0.0,0.0
2019-05-16 00:00:00-04:00,58.07701671287002,59.18320897931862,57.90900804102215,58.70445251464844,35308000,0.0,0.0
2019-05-17 00:00:00-04:00,58.27476431465895,58.793166334191085,57.8083987397392,57.92536163330078,25362000,0.0,0.0
2019-05-20 00:00:00-04:00,57.14330374395183,57.14330374395183,56.406834094309716,56.7299690246582,30602000,0.0,0.0
2019-05-21 00:00:00-04:00,57.21664960649212,57.39110518272423,56.66305999382111,57.21466827392578,20562000,0.0,0.0
2019-05-22 00:00:00-04:00,57.056564083812255,57.677556750658695,57.04417319422699,57.284542083740234,18826000,0.0,0.0
2019-05-23 00:00:00-04:00,56.79984243398992,56.99709087925702,56.160015757276604,56.7636604309082,25214000,0.0,0.0
2019-05-24 00:00:00-04:00,57.09373641510665,57.21069931124929,56.33595614636287,56.43012237548828,18554000,0.0,0.0
2019-05-28 00:00:00-04:00,56.572364082056716,57.3162674834186,56.43309606667105,56.47720718383789,20948000,0.0,0.0
2019-05-29 00:00:00-04:00,56.137218561285856,56.2512094600293,55.108838931642744,55.50482940673828,36230000,0.0,0.0
2019-05-30 00:00:00-04:00,55.515236489311384,55.84481452164873,55.304602689770476,55.57768249511719,18088000,0.0,0.0
2019-05-31 00:00:00-04:00,54.79611233825002,55.18069879925866,54.682616775197495,54.8387336730957,31582000,0.0,0.0
2019-06-03 00:00:00-04:00,52.87762624104899,52.881093573067986,50.900161794703344,51.48051452636719,96890000,0.0,0.0
2019-06-04 00:00:00-04:00,51.76548017733963,52.45685173420947,51.346197732951325,52.261085510253906,60512000,0.0,0.0
2019-06-05 00:00:00-04:00,52.286363563329914,52.376068009204204,51.19603332376587,51.77291488647461,46988000,0.0,0.0
2019-06-06 00:00:00-04:00,51.850725420305,52.03855874814319,51.32042787764209,51.92754364013672,29020000,0.0,0.0
2019-06-07 00:00:00-04:00,52.250687360822646,53.199772165623784,52.09556111451574,52.94899368286133,43828000,0.0,0.0
2019-06-10 00:00:00-04:00,53.37669591083266,54.26085796278407,53.29145324063986,53.662166595458984,28510000,0.0,0.0
2019-06-11 00:00:00-04:00,54.367410703409845,54.71532738750787,53.50406777654028,53.57691955566406,33508000,0.0,0.0
2019-06-12 00:00:00-04:00,53.522903743541775,53.65027241899154,53.00995036632593,53.480777740478516,23670000,0.0,0.0
2019-06-13 00:00:00-04:00,53.75880349612939,54.34758057312921,53.65274550333002,54.0710334777832,20814000,0.0,0.0
2019-06-14 00:00:00-04:00,54.00809362992854,54.25688695595238,53.598725420530506,53.83760452270508,24582000,0.0,0.0
2019-06-17 00:00:00-04:00,53.97637871042667,54.580023375204505,53.92186182122396,54.21377182006836,19770000,0.0,0.0
2019-06-18 00:00:00-04:00,55.08653959398195,55.44733874322779,54.55574664729539,54.77629089355469,34526000,0.0,0.0
2019-06-19 00:00:00-04:00,54.87541006056048,54.98394851690062,54.31983533605366,54.740108489990234,26714000,0.0,0.0
2019-06-20 00:00:00-04:00,55.59205160560382,55.642605832117525,54.863511130827796,55.1707878112793,24018000,0.0,0.0
2019-06-21 00:00:00-04:00,55.005252132998756,55.83340744385582,54.99831368876088,55.7739372253418,50774000,0.0,0.0
2019-06-24 00:00:00-04:00,55.50779274992297,55.684724958539164,55.17623344453693,55.344242095947266,24236000,0.0,0.0
2019-06-25 00:00:00-04:00,55.263957516206425,55.29468329041135,53.75335050155455,53.90104293823242,31644000,0.0,0.0
2019-06-26 00:00:00-04:00,54.07054764535178,54.27473833783608,53.21265709936645,53.54124069213867,34698000,0.0,0.0
2019-06-27 00:00:00-04:00,53.8599172741758,53.9446646161465,53.31970543283321,53.35836410522461,24078000,0.0,0.0
2019-06-28 00:00:00-04:00,53.38809843309283,53.66415023803711,53.21810463733783,53.66415023803711,33672000,0.0,0.0
2019-07-01 00:00:00-04:00,54.568127412824175,54.94231185694754,54.28513719286579,54.51658630371094,29196000,0.0,0.0
2019-07-02 00:00:00-04:00,54.75596288971609,55.15542065279538,54.50023112179419,55.141048431396484,20630000,0.0,0.0
2019-07-03 00:00:00-04:00,55.43345744358683,55.903789460004994,55.25256255020916,55.65598678588867,20154000,0.0,0.0
2019-07-05 00:00:00-04:00,55.476570945686234,56.2338558140835,55.38389450531626,56.13572692871094,29794000,0.0,0.0
2019-07-08 00:00:00-04:00,55.798721178484186,55.86513362949331,55.099424235047145,55.34871292114258,29888000,0.0,0.0
2019-07-09 00:00:00-04:00,55.02805474218913,55.8973492604674,54.87094717312913,55.72041702270508,29472000,0.0,0.0
2019-07-10 00:00:00-04:00,56.11839514961344,56.61499124581362,56.03612446676571,56.54412078857422,30710000,0.0,0.0
2019-07-11 00:00:00-04:00,56.8042998372647,57.15518850576028,56.475716282568364,56.70121383666992,26004000,0.0,0.0
2019-07-12 00:00:00-04:00,56.64422087470115,56.87071287852547,56.42764309515108,56.7636604309082,21878000,0.0,0.0
2019-07-15 00:00:00-04:00,56.763662740337104,57.02831809039802,56.49901117144503,57.019893646240234,21164000,0.0,0.0
2019-07-16 00:00:00-04:00,56.832547479613865,57.419842358557766,56.832547479613865,57.16609191894531,25352000,0.0,0.0
2019-07-17 00:00:00-04:00,57.040216276384555,57.41291098065989,56.82710581002027,56.83305358886719,19538000,0.0,0.0
2019-07-18 00:00:00-04:00,56.5981242104112,56.90391486096503,56.14514401769061,56.85782241821289,25450000,0.0,0.0
2019-07-19 00:00:00-04:00,56.96091400704778,57.07291978828749,56.06535552790111,56.080223083496094,23184000,0.0,0.0
2019-07-22 00:00:00-04:00,56.2744974586487,56.49999879330321,55.76600968268364,56.45985412597656,28914000,0.0,0.0
2019-07-23 00:00:00-04:00,56.6699941006798,56.938116775342806,56.14465364197187,56.897972106933594,20648000,0.0,0.0
2019-07-24 00:00:00-04:00,56.1332553469821,56.76961094147567,55.92955999931511,56.48563003540039,27192000,0.0,0.0
2019-07-25 00:00:00-04:00,56.44697665929907,56.67693980860666,55.69167676512891,56.29780197143555,54762000,0.0,0.0
2019-07-26 00:00:00-04:00,60.860335573109964,62.862082430555525,60.860335573109964,61.713768005371094,121216000,0.0,0.0
2019-07-29 00:00:00-04:00,61.57896791155889,61.900616828766026,60.96937163592329,61.54625701904297,41382000,0.0,0.0
2019-07-30 00:00:00-04:00,60.810772745558424,61.30192007994235,60.727511412745,60.86033630371094,28616000,0.0,0.0
2019-07-31 00:00:00-04:00,60.70521391987625,61.20280061587695,59.87804920339233,60.3746452331543,39960000,0.0,0.0
2019-08-01 00:00:00-04:00,60.346397654914995,61.27169128892185,59.81956738563338,60.05646896362305,35426000,0.0,0.0
2019-08-02 00:00:00-04:00,59.62132048533071,59.94346091286778,58.977032067919666,59.29025650024414,34910000,0.0,0.0
2019-08-05 00:00:00-04:00,58.13301848461888,58.32680338022532,56.63530134579319,57.23002624511719,47840000,0.0,0.0
2019-08-06 00:00:00-04:00,57.76379975882566,58.55081983916508,57.56605218187536,58.03935623168945,36014000,0.0,0.0
2019-08-07 00:00:00-04:00,57.38118868283496,58.474990088824434,57.03624777151568,58.27873229980469,30686000,0.0,0.0
2019-08-08 00:00:00-04:00,58.80010759750834,59.783884572900526,58.18407198963662,59.77942657470703,30116000,0.0,0.0
2019-08-09 00:00:00-04:00,59.47214659102437,59.693681486456704,58.72378145475183,58.92251968383789,20418000,0.0,0.0
2019-08-12 00:00:00-04:00,58.48143150180657,58.75946462189785,57.92238948180988,58.20884704589844,22064000,0.0,0.0
2019-08-13 00:00:00-04:00,58.201413132278304,59.741755408780435,58.134013799288674,59.310577392578125,28434000,0.0,0.0
2019-08-14 00:00:00-04:00,58.286660394406965,58.61970574265345,57.54325235821209,57.70085525512695,35430000,0.0,0.0
2019-08-15 00:00:00-04:00,57.90802583859096,58.30401257681687,57.6389124557346,57.95213317871094,28506000,0.0,0.0
2019-08-16 00:00:00-04:00,58.5205801841798,58.671739953956155,58.134503983038776,58.4422721862793,24916000,0.0,0.0
2019-08-19 00:00:00-04:00,59.06772957995668,59.938014690087954,58.99685913675256,59.49444580078125,24450000,0.0,0.0
2019-08-20 00:00:00-04:00,59.242188624158935,59.373523742290665,58.63259236659922,58.65637969970703,20206000,0.0,0.0
2019-08-21 00:00:00-04:00,59.26548209084223,59.50039855370916,58.87395339234102,59.05534362792969,14152000,0.0,0.0
2019-08-22 00:00:00-04:00,59.16536460953603,59.41217661535316,58.42740903875277,59.0523681640625,17352000,0.0,0.0
2019-08-23 00:00:00-04:00,58.737662373468076,59.25804953847052,56.99461908714988,57.17204666137695,36254000,0.0,0.0
2019-08-26 00:00:00-04:00,57.46296433534002,58.07800926706083,57.23498631942803,58.044307708740234,21166000,0.0,0.0
2019-08-27 00:00:00-04:00,58.6301186941335,58.729238258896096,57.7162214848398,58.02647018432617,23460000,0.0,0.0
2019-08-28 00:00:00-04:00,57.731578852937695,58.40708841541455,57.50261018466387,58.17167663574219,16810000,0.0,0.0
2019-08-29 00:00:00-04:00,58.79960594138018,59.432494151210086,58.743107720986465,59.187171936035156,19636000,0.0,0.0
2019-08-30 00:00:00-04:00,59.489992939484985,59.489992939484985,58.76491976593899,59.0033073425293,18064000,0.0,0.0
2019-09-03 00:00:00-04:00,58.573120174698886,58.931442649936706,57.6740943212462,57.96352767944336,25908000,0.0,0.0
2019-09-04 00:00:00-04:00,58.4541735445941,58.72328688982896,58.06165419350819,58.59393310546875,21312000,0.0,0.0
2019-09-05 00:00:00-04:00,59.15842335941791,60.166486668581044,59.1103495828278,60.0767822265625,26394000,0.0,0.0
2019-09-06 00:00:00-04:00,59.92562534134293,60.11444934410257,59.63420688812718,59.785865783691406,18972000,0.0,0.0
2019-09-09 00:00:00-04:00,59.823530130124,60.491110590952744,59.13414366933151,59.73382568359375,31854000,0.0,0.0
2019-09-10 00:00:00-04:00,59.27886236990376,59.968248854309444,59.27489592378872,59.7551383972168,27922000,0.0,0.0
2019-09-11 00:00:00-04:00,59.665435454120896,60.58627108775235,59.58564144603767,60.4638557434082,23522000,0.0,0.0
2019-09-12 00:00:00-04:00,60.63582551282621,61.57499595167409,60.59072373372645,61.205772399902344,31644000,0.0,0.0
2019-09-13 00:00:00-04:00,61.06403882470178,61.507112460947866,60.81475011457396,61.45655822753906,23676000,0.0,0.0
2019-09-16 00:00:00-04:00,60.981262572769054,61.40649279974879,60.721069014089025,61.04024124145508,28218000,0.0,0.0
2019-09-17 00:00:00-04:00,61.04024273315963,61.20726073791632,60.629880051304234,60.95351028442383,20806000,0.0,0.0
2019-09-18 00:00:00-04:00,60.97135405037176,61.26871650630097,60.288906022946065,61.09079360961914,17440000,0.0,0.0
2019-09-19 00:00:00-04:00,61.07444285953724,61.670158464973035,61.07394752640504,61.39311599731445,16554000,0.0,0.0
2019-09-20 00:00:00-04:00,61.13985913301072,61.59383382640864,60.64128177196339,60.95153045654297,37692000,0.0,0.0
2019-09-23 00:00:00-04:00,60.78946098208002,61.43920185978645,60.65118742964138,61.19189453125,20798000,0.0,0.0
2019-09-24 00:00:00-04:00,61.45506498727683,61.807439674243646,59.99996912431239,60.38108825683594,35804000,0.0,0.0
2019-09-25 00:00:00-04:00,60.266109487642346,61.85254432397838,59.92860234092421,61.74945831298828,26798000,0.0,0.0
2019-09-26 00:00:00-04:00,61.5611239611923,61.68651508439093,61.04966036820678,61.56855773925781,23166000,0.0,0.0
2019-09-27 00:00:00-04:00,61.595319289066644,61.702371740362565,60.22596144286288,60.75873947143555,34122000,0.0,0.0
2019-09-30 00:00:00-04:00,60.493588297306076,60.83109542237174,60.137746284839075,60.52035140991211,24470000,0.0,0.0
2019-10-01 00:00:00-04:00,60.587258520609794,61.101202537473505,59.747702939259085,59.77000427246094,24504000,0.0,0.0
2019-10-02 00:00:00-04:00,59.29918107982884,59.41118686082133,58.11617059122782,58.37834548950195,33030000,0.0,0.0
2019-10-03 00:00:00-04:00,58.64696345554862,59.02659657988289,57.64584230969986,58.948787689208984,28368000,0.0,0.0
2019-10-04 00:00:00-04:00,59.189649370035795,60.09016491997894,59.02510803751147,60.01582336425781,24282000,0.0,0.0
2019-10-07 00:00:00-04:00,59.81956483355725,60.409831749067685,59.68872505009201,59.88151550292969,17040000,0.0,0.0
2019-10-08 00:00:00-04:00,59.41167693084521,59.81311602013656,58.951259176468646,58.98347473144531,20086000,0.0,0.0
2019-10-09 00:00:00-04:00,59.5385599553945,59.89192530446098,59.37946727812041,59.59158706665039,15948000,0.0,0.0
2019-10-10 00:00:00-04:00,59.40325644739945,60.24677468043726,59.36658289240566,59.941978454589844,12842000,0.0,0.0
2019-10-11 00:00:00-04:00,60.663579965023196,60.89750574443439,60.14864529422932,60.25123596191406,22330000,0.0,0.0
2019-10-14 00:00:00-04:00,60.16104120555129,60.75527081360676,60.061426309275504,60.353336334228516,13296000,0.0,0.0
2019-10-15 00:00:00-04:00,60.53819768684944,61.80843224412297,60.509453240407424,61.56608200073242,27584000,0.0,0.0
2019-10-16 00:00:00-04:00,61.54476964969111,62.15832857672024,61.38220963816174,61.6037483215332,22986000,0.0,0.0
2019-10-17 00:00:00-04:00,62.02005113319439,62.63212402257517,61.94422357766576,62.08943557739258,20958000,0.0,0.0
2019-10-18 00:00:00-04:00,62.18310818244635,62.352602851732314,61.46200149482025,61.67362594604492,31624000,0.0,0.0
2019-10-21 00:00:00-04:00,61.88624115161413,62.124624934248146,61.45456780462975,61.66718292236328,18094000,0.0,0.0
2019-10-22 00:00:00-04:00,61.67709786273552,61.88773166341229,61.447633840406326,61.51454162597656,22862000,0.0,0.0
2019-10-23 00:00:00-04:00,61.46547631131117,62.34913927685717,61.46547631131117,62.328819274902344,21282000,0.0,0.0
2019-10-24 00:00:00-04:00,62.40216827392578,62.5900016171364,62.06713780900959,62.40216827392578,20224000,0.0,0.0
2019-10-25 00:00:00-04:00,62.04978564836531,62.842757199317205,61.908540095876184,62.65938186645508,27104000,0.0,0.0
2019-10-28 00:00:00-04:00,63.18967270216997,64.39101789496854,63.05635627437019,63.88252639770508,65428000,0.0,0.0
2019-10-29 00:00:00-04:00,63.23924174377669,63.47713397488909,62.22870171169887,62.47898483276367,52654000,0.0,0.0
2019-10-30 00:00:00-04:00,62.20591114327462,62.84375656011006,61.98289022694415,62.48097229003906,29204000,0.0,0.0
2019-10-31 00:00:00-04:00,62.44627667901686,62.769411592307705,61.924898861304875,62.386802673339844,31904000,0.0,0.0
2019-11-01 00:00:00-04:00,62.733722917466885,63.090559356291664,62.43189869994144,63.05338668823242,28812000,0.0,0.0
2019-11-04 00:00:00-05:00,63.24470599355472,64.05700328151349,63.24470599355472,63.91377258300781,30632000,0.0,0.0
2019-11-05 00:00:00-05:00,63.992575265548865,64.2919229025768,63.902379245267134,64.00447082519531,25148000,0.0,0.0
2019-11-06 00:00:00-05:00,63.937549521749176,64.08127174040926,63.549987302116946,63.9831428527832,24626000,0.0,0.0
2019-11-07 00:00:00-05:00,64.14519692432721,65.55123188289895,64.11893292999011,64.77263641357422,45140000,0.0,0.0
2019-11-08 00:00:00-05:00,64.50402723538035,65.27667885889721,64.50402723538035,64.87474060058594,30392000,0.0,0.0
2019-11-11 00:00:00-05:00,64.62693423524343,64.67154446385774,64.22401289593664,64.34345245361328,17234000,0.0,0.0
2019-11-12 00:00:00-05:00,64.35782364879786,64.8920876877892,64.14322718981167,64.29042053222656,28852000,0.0,0.0
2019-11-13 00:00:00-05:00,64.09068152450922,64.55357970895379,64.03963575258912,64.23936462402344,20538000,0.0,0.0
2019-11-14 00:00:00-05:00,64.18090092888458,65.20779842918083,64.12836536368101,64.8821792602539,28948000,0.0,0.0
2019-11-15 00:00:00-05:00,65.17458383535813,66.09095764160156,65.01796782618717,66.09095764160156,39286000,0.0,0.0
2019-11-18 00:00:00-05:00,66.03147101979422,66.10977901389909,65.22958354795469,65.4119644165039,27984000,0.0,0.0
2019-11-19 00:00:00-05:00,65.74849152659021,65.74849152659021,65.0120257076676,65.05266571044922,21864000,0.0,0.0
2019-11-20 00:00:00-05:00,64.99169754698218,65.08338331770538,63.89393362008337,64.5208740234375,28892000,0.0,0.0
2019-11-21 00:00:00-05:00,64.39152731265196,64.97980911504798,63.970259735627984,64.43563842773438,25546000,0.0,0.0
2019-11-22 00:00:00-05:00,64.57737406908203,64.77065983947482,63.90136920577825,64.11497497558594,27776000,0.0,0.0
2019-11-25 00:00:00-05:00,64.24334180156318,64.94462003558138,64.21112624424359,64.70821380615234,23590000,0.0,0.0
2019-11-26 00:00:00-05:00,64.9198455057119,65.12304553431402,64.62892991582375,65.07299041748047,21910000,0.0,0.0
2019-11-27 00:00:00-05:00,65.19291291752623,65.30293734931635,64.89802717326724,65.02985382080078,18808000,0.0,0.0
2019-11-29 00:00:00-05:00,64.7558015227708,64.9218250921024,64.58877972481791,64.63140106201172,12802000,0.0,0.0
2019-12-02 00:00:00-05:00,64.55557533607075,64.69831447064009,63.45632140961439,63.8765983581543,26538000,0.0,0.0
2019-12-03 00:00:00-05:00,63.37108017816764,64.29142432717063,63.291289945415805,64.16801452636719,25270000,0.0,0.0
2019-12-04 00:00:00-05:00,64.73101503038244,65.63153061632272,64.5798514663001,65.36737060546875,35506000,0.0,0.0
2019-12-05 00:00:00-05:00,65.7668357637966,65.8154086629345,65.13841301033878,65.76485443115234,24408000,0.0,0.0
2019-12-06 00:00:00-05:00,66.05179958683928,66.5335280445516,65.97647114352957,66.3808822631836,32968000,0.0,0.0
2019-12-09 00:00:00-05:00,66.3546134438284,67.28090140339582,66.21633611365712,66.55929565429688,30842000,0.0,0.0
2019-12-10 00:00:00-05:00,66.40813390129956,66.80759162623465,66.1137397137641,66.55433654785156,17606000,0.0,0.0
2019-12-11 00:00:00-05:00,66.82246943725745,66.90126899298782,66.46563298459978,66.62174987792969,20480000,0.0,0.0
2019-12-12 00:00:00-05:00,66.57020672354811,67.1337067474379,66.32191249314344,66.8318862915039,29114000,0.0,0.0
2019-12-13 00:00:00-05:00,66.80264795563977,66.9736324221348,66.49339369766332,66.75160217285156,33170000,0.0,0.0
2019-12-16 00:00:00-05:00,67.15451308911797,67.57726280519276,66.93694467776467,67.43701171875,28128000,0.0,0.0
2019-12-17 00:00:00-05:00,67.52178075228007,67.61693766412334,66.94489528275352,67.14908599853516,32948000,0.0,0.0
2019-12-18 00:00:00-05:00,67.2536377197703,67.37406793225061,66.92951596737431,67.00137329101562,23330000,0.0,0.0
2019-12-19 00:00:00-05:00,67.00138043639537,67.27991645266661,66.84477198828064,67.22589111328125,28922000,0.0,0.0
2019-12-20 00:00:00-05:00,67.55596690931648,67.60056957774427,66.9429033073999,66.9671859741211,50090000,0.0,0.0
2019-12-23 00:00:00-05:00,67.33938927575151,67.49401639740252,66.8076056794049,66.93795013427734,19936000,0.0,0.0
2019-12-24 00:00:00-05:00,66.91712233062835,67.00633521845035,66.61778235108628,66.63066101074219,13468000,0.0,0.0
2019-12-26 00:00:00-05:00,66.7357331937693,67.5609202794814,66.68418830496807,67.52473449707031,23662000,0.0,0.0
2019-12-27 00:00:00-05:00,67.60058496062678,67.7517485655917,67.05542346588886,67.13670349121094,23212000,0.0,0.0
2019-12-30 00:00:00-05:00,67.24423228707724,67.25364739766525,66.30406732440926,66.39674377441406,19994000,0.0,0.0
2019-12-31 00:00:00-05:00,66.20246403579617,66.4438235977551,66.02107380979206,66.3808822631836,19514000,0.0,0.0
2020-01-02 00:00:00-05:00,66.82791589956109,67.83250427246094,66.73275901654908,67.83250427246094,27278000,0.0,0.0
2020-01-03 00:00:00-05:00,66.80759262369992,68.0837746951453,66.77388729056945,67.47764587402344,23408000,0.0,0.0
2020-01-06 00:00:00-05:00,66.98750339759994,69.3014879316115,66.95628606830468,69.27621459960938,46768000,0.0,0.0
2020-01-07 00:00:00-05:00,69.4075609996627,69.55822547463004,68.96647246724191,69.14241027832031,34330000,0.0,0.0
2020-01-08 00:00:00-05:00,69.12801890142514,69.97203621725023,69.0194842397815,69.63452911376953,35314000,0.0,0.0
2020-01-09 00:00:00-05:00,70.47160903192002,70.80614415984961,69.89076100637546,70.36555480957031,33200000,0.0,0.0
2020-01-10 00:00:00-05:00,70.84531111023372,71.11640582320393,70.35614880232912,70.82003021240234,26258000,0.0,0.0
2020-01-13 00:00:00-05:00,71.13174702309243,71.44050966672661,70.64209328646724,71.36865234375,30730000,0.0,0.0
2020-01-14 00:00:00-05:00,71.36716436377095,71.49750880179123,70.76103550256398,70.90080261230469,26076000,0.0,0.0
2020-01-15 00:00:00-05:00,71.02123244514802,71.4058226461428,70.95382933712798,71.3275146484375,21550000,0.0,0.0
2020-01-16 00:00:00-05:00,71.63727803469492,71.89747539401914,71.3671740127522,71.87071228027344,26080000,0.0,0.0
2020-01-17 00:00:00-05:00,72.48427623244726,73.37685908031735,72.18740906074524,73.32581329345703,52424000,0.0,0.0
2020-01-21 00:00:00-05:00,73.30001994688953,73.83924479854635,72.86438398250405,73.46109771728516,48930000,0.0,0.0
2020-01-22 00:00:00-05:00,73.831821043348,74.36954862534002,73.48142768998797,73.54138946533203,28458000,0.0,0.0
2020-01-23 00:00:00-05:00,73.72377206652983,74.0186578379967,73.36544584943454,73.58202362060547,26650000,0.0,0.0
2020-01-24 00:00:00-05:00,73.98495419699645,74.05334797496889,72.51597775102503,72.66416931152344,29786000,0.0,0.0
2020-01-27 00:00:00-05:00,70.94789842652807,71.19768245755475,70.35118456784836,70.95731353759766,34132000,0.0,0.0
2020-01-28 00:00:00-05:00,71.45340418513541,72.10066465532061,70.88940505128319,71.88755798339844,29724000,0.0,0.0
2020-01-29 00:00:00-05:00,72.2820558505161,72.56356386926777,71.63430381972567,72.19483184814453,21566000,0.0,0.0
2020-01-30 00:00:00-05:00,71.27300466595811,72.12296603211958,71.11936821637062,72.07341003417969,27110000,0.0,0.0
2020-01-31 00:00:00-05:00,72.74793528121658,72.83763974165787,70.72586425069801,71.00935363769531,43822000,0.0,0.0
2020-02-03 00:00:00-05:00,72.4401606618482,73.66183373200143,72.19037662681714,73.47845458984375,71636000,0.0,0.0
2020-02-04 00:00:00-05:00,72.08530406404785,72.7221511823301,70.47656803193662,71.63529205322266,95880000,0.0,0.0
2020-02-05 00:00:00-05:00,72.53728878225081,72.58536256030895,70.85570477873623,71.66700744628906,36376000,0.0,0.0
2020-02-06 00:00:00-05:00,71.96089090186749,73.42689511918091,71.88655313849576,73.14984893798828,37822000,0.0,0.0
2020-02-07 00:00:00-05:00,72.72464050558949,73.60978951764092,72.62651160369214,73.30548858642578,28360000,0.0,0.0
2020-02-10 00:00:00-05:00,73.21232884346149,74.78091679492809,73.11171948324092,74.77001190185547,38302000,0.0,0.0
2020-02-11 00:00:00-05:00,74.99846724762173,75.82167304144915,74.61090502112194,74.8393783569336,34852000,0.0,0.0
2020-02-12 00:00:00-05:00,75.12683532807398,75.34688423463207,74.7704979689078,75.26412200927734,31042000,0.0,0.0
2020-02-13 00:00:00-05:00,74.83640497378897,75.62689608164477,74.53903875028274,75.0044174194336,22914000,0.0,0.0
2020-02-14 00:00:00-05:00,75.06092014232502,75.33449526939701,74.6158614465477,75.26907348632812,23198000,0.0,0.0
2020-02-18 00:00:00-05:00,75.0515118488402,75.85538085243427,74.8864713768279,75.30426788330078,25642000,0.0,0.0
2020-02-19 00:00:00-05:00,75.68884877939992,75.86429500722407,75.38058521971043,75.57337188720703,22746000,0.0,0.0
2020-02-20 00:00:00-05:00,75.2829410240114,75.6823987740962,74.55192018289029,75.18283081054688,25962000,0.0,0.0
2020-02-21 00:00:00-05:00,74.56779071017739,74.8834956332235,73.27475947782071,73.52107238769531,42520000,0.0,0.0
2020-02-24 00:00:00-05:00,70.52711678476247,71.1877625983734,69.72126652670165,70.3690185546875,49560000,0.0,0.0
2020-02-25 00:00:00-05:00,70.92112224638342,71.21104711521028,68.41435127649457,68.70675659179688,51580000,0.0,0.0
2020-02-26 00:00:00-05:00,69.13596510821695,70.0622532674359,68.22256317384887,68.91244506835938,49776000,0.0,0.0
2020-02-27 00:00:00-05:00,67.3597075582135,67.86819914105875,65.13443677157909,65.16962432861328,62290000,0.0,0.0
2020-02-28 00:00:00-05:00,63.15548440926263,66.53253692106605,62.85316484722115,66.37394714355469,80198000,0.0,0.0
2020-03-02 00:00:00-05:00,66.97560913503754,68.76374636203735,65.67761720638778,68.70675659179688,55430000,0.0,0.0
2020-03-03 00:00:00-05:00,69.26976927543198,69.7906479427087,65.87784169688798,66.2981185913086,56602000,0.0,0.0
2020-03-04 00:00:00-05:00,67.35078505307477,68.53131891334556,66.26243609006487,68.47283935546875,47598000,0.0,0.0
2020-03-05 00:00:00-05:00,66.68618377455482,67.08663985146644,64.50998472744404,65.16021728515625,54380000,0.0,0.0
2020-03-06 00:00:00-05:00,62.93940012057122,64.56498121361302,62.307997902917315,64.21756744384766,64640000,0.0,0.0
2020-03-09 00:00:00-04:00,59.718466349939796,62.085973437860574,59.37550676498299,60.25520706176758,69252000,0.0,0.0
2020-03-10 00:00:00-04:00,62.16824305070715,63.23181023125932,60.19176558217221,63.1981086730957,54872000,0.0,0.0
2020-03-11 00:00:00-04:00,61.864932499631436,62.29412541390752,59.03353654424814,60.01285171508789,54732000,0.0,0.0
2020-03-12 00:00:00-04:00,55.63764453569827,58.91508197832732,54.936362559355885,55.08900833129883,94326000,0.0,0.0
2020-03-13 00:00:00-04:00,58.23313582495067,60.18631753199108,55.125688027826726,60.179874420166016,79400000,0.0,0.0
2020-03-16 00:00:00-04:00,54.00165747110648,56.77010841763743,52.88505935869878,53.17845916748047,96520000,0.0,0.0
2020-03-17 00:00:00-04:00,54.05270706671724,55.80516546556795,51.99396263493645,55.41165542602539,83194000,0.0,0.0
2020-03-18 00:00:00-04:00,52.53119691195089,54.763897729434355,51.394275053932354,54.07996368408203,93044000,0.0,0.0
2020-03-19 00:00:00-04:00,53.932764120819286,57.12396841730102,52.313622306797946,55.0949592590332,74064000,0.0,0.0
2020-03-20 00:00:00-04:00,56.048007686267525,56.4236781479315,52.638244210911644,52.94105911254883,82878000,0.0,0.0
2020-03-23 00:00:00-04:00,52.35426310073486,52.8766315654061,50.00013767795823,52.243247985839844,83672000,0.0,0.0
2020-03-24 00:00:00-04:00,54.713843223428654,56.168443781993375,53.8440533745928,56.003902435302734,72468000,0.0,0.0
2020-03-25 00:00:00-04:00,55.73478676010555,56.80479702099747,53.67455646153341,54.59687805175781,90324000,0.0,0.0
2020-03-26 00:00:00-04:00,55.24611233682905,58.05916917200389,54.12158533771663,57.63492965698242,76562000,0.0,0.0
2020-03-27 00:00:00-04:00,55.87801492498947,57.04665313941578,54.71482915567299,55.02507781982422,62794000,0.0,0.0
2020-03-30 00:00:00-04:00,56.134246128630494,57.04417685436686,54.44175335047493,56.811737060546875,58736000,0.0,0.0
2020-03-31 00:00:00-04:00,56.93167865462306,58.15433479541037,56.336454583263325,57.58686828613281,65228000,0.0,0.0
2020-04-01 00:00:00-04:00,55.706043456891315,55.974661472404435,54.19395025688407,54.62066650390625,51970000,0.0,0.0
2020-04-02 00:00:00-04:00,54.516586008080246,55.645079550192946,54.17610690265564,55.36060333251953,56410000,0.0,0.0
2020-04-03 00:00:00-04:00,55.24562211424247,55.4478276673134,53.28153946046502,54.15479278564453,51374000,0.0,0.0
2020-04-06 00:00:00-04:00,56.152088293952644,59.0142061972001,55.755602497061574,58.639530181884766,63320000,0.0,0.0
2020-04-07 00:00:00-04:00,60.31567115560126,60.502517628561925,58.34514510861822,58.60831069946289,61620000,0.0,0.0
2020-04-08 00:00:00-04:00,59.62627903343339,60.21109350341691,58.67719432513304,59.81956481933594,40334000,0.0,0.0
2020-04-09 00:00:00-04:00,60.37365144573341,60.56247544600904,59.09697009884195,59.79825210571289,54028000,0.0,0.0
2020-04-13 00:00:00-04:00,59.54697977355513,60.192258866216356,58.59690446874591,59.988563537597656,38702000,0.0,0.0
2020-04-14 00:00:00-04:00,61.45357529825555,63.226848850689024,60.88709574064294,62.705474853515625,63358000,0.0,0.0
2020-04-15 00:00:00-04:00,61.77770250465346,63.195134097542535,61.15770048868612,62.312461853027344,42236000,0.0,0.0
2020-04-16 00:00:00-04:00,62.80013418506722,63.10840152659315,61.36585370716055,62.31890106201172,57896000,0.0,0.0
2020-04-17 00:00:00-04:00,63.5217397961262,63.9330931634959,62.743639511197074,63.3879280090332,51050000,0.0,0.0
2020-04-20 00:00:00-04:00,62.93642471323275,63.27987960151955,62.26983493676543,62.503265380859375,35292000,0.0,0.0
2020-04-21 00:00:00-04:00,61.58937276726455,61.95066721324188,59.72044319356517,60.07529830932617,49648000,0.0,0.0
2020-04-22 00:00:00-04:00,61.51007845827195,63.43153994426798,61.31629733223083,62.36747741699219,46296000,0.0,0.0
2020-04-23 00:00:00-04:00,62.73075692992456,63.841411086312235,62.47254845136954,62.99987030029297,34202000,0.0,0.0
2020-04-24 00:00:00-04:00,62.198472543384035,63.32399415868227,61.65330740481523,63.26898193359375,37402000,0.0,0.0
2020-04-27 00:00:00-04:00,64.03221368825741,64.13629414565634,62.697052671356346,62.98450469970703,44186000,0.0,0.0
2020-04-28 00:00:00-04:00,63.59608296834432,63.67339274554905,60.97829284393305,61.08782196044922,80700000,0.0,0.0
2020-04-29 00:00:00-04:00,66.65890931799292,67.40975100521514,65.75344053982592,66.51914978027344,108358000,0.0,0.0
2020-04-30 00:00:00-04:00,65.98291477764961,66.90672236515653,65.49424409029045,66.74317169189453,55842000,0.0,0.0
2020-05-01 00:00:00-04:00,65.62260463477621,66.97759396680019,64.90744952945606,65.28707885742188,48872000,0.0,0.0
2020-05-04 00:00:00-04:00,64.83161757800826,65.64143796561514,64.2309411741122,65.5636215209961,30806000,0.0,0.0
2020-05-05 00:00:00-04:00,66.28720533242121,67.94797757548697,66.16479379429924,66.85813903808594,39666000,0.0,0.0
2020-05-06 00:00:00-04:00,67.30319157621601,67.83299368674318,66.66534637634712,66.68021392822266,31732000,0.0,0.0
2020-05-07 00:00:00-04:00,67.4672552406405,68.19530421185752,67.0326098611395,67.86225128173828,30652000,0.0,0.0
2020-05-08 00:00:00-04:00,68.48374294304661,69.21822742140198,67.99755269554913,68.60863494873047,33326000,0.0,0.0
2020-05-11 00:00:00-04:00,68.2344566274301,70.15442844759716,68.17052461949073,69.56267547607422,32718000,0.0,0.0
2020-05-12 00:00:00-04:00,69.79212805419837,70.09493912167385,68.12144160874564,68.15464782714844,33918000,0.0,0.0
2020-05-13 00:00:00-04:00,68.20322375431489,68.65769754561923,65.81688281069327,66.8239517211914,40368000,0.0,0.0
2020-05-14 00:00:00-04:00,66.08996899266552,67.27198506358019,65.5834587375986,67.24671173095703,36660000,0.0,0.0
2020-05-15 00:00:00-04:00,66.82049185975197,68.1249195115489,66.3615562640386,68.04959106445312,41544000,0.0,0.0
2020-05-18 00:00:00-04:00,67.48063205826992,69.02592758289641,67.11487206226282,68.65026092529297,47094000,0.0,0.0
2020-05-19 00:00:00-04:00,68.66512886344131,69.01254263159231,68.0842808724935,68.11599731445312,31586000,0.0,0.0
2020-05-20 00:00:00-04:00,68.84751154962743,69.9809622319671,68.76127821697874,69.8387222290039,38262000,0.0,0.0
2020-05-21 00:00:00-04:00,69.92941107697126,70.2005057215295,69.10670447181921,69.71927642822266,30894000,0.0,0.0
2020-05-22 00:00:00-04:00,69.57802589109073,70.22726760663576,69.18402059567988,70.04092407226562,28544000,0.0,0.0
2020-05-26 00:00:00-04:00,71.46430955805518,71.62042645531723,70.34622550732381,70.44385528564453,44590000,0.0,0.0
2020-05-27 00:00:00-04:00,70.3759699104432,70.64112062612338,69.11713546623467,70.38984680175781,31684000,0.0,0.0
2020-05-28 00:00:00-04:00,69.38475528420979,71.58821644638739,69.33916194732967,70.28874206542969,35170000,0.0,0.0
2020-05-29 00:00:00-04:00,70.39727026219002,71.20510940143461,70.17672981418404,71.0460205078125,37044000,0.0,0.0
2020-06-01 00:00:00-04:00,70.6584640274907,71.44548411572828,70.48896178135337,71.11293029785156,25162000,0.0,0.0
2020-06-02 00:00:00-04:00,71.1193624308014,71.5158481937541,70.45574467809989,71.48165130615234,23442000,0.0,0.0
2020-06-03 00:00:00-04:00,71.50098628255836,71.8137116263457,70.9518547053143,71.33000183105469,27732000,0.0,0.0
2020-06-04 00:00:00-04:00,71.20758919005584,71.43259900133093,69.68261343947218,70.09346771240234,26982000,0.0,0.0
2020-06-05 00:00:00-04:00,70.15986891378326,71.67939953713636,69.7623924809076,71.36815643310547,42642000,0.0,0.0
2020-06-08 00:00:00-04:00,70.6872055170517,71.81321492577551,70.59799261823765,71.76564025878906,33878000,0.0,0.0
2020-06-09 00:00:00-04:00,71.62686911667684,72.74495316037958,71.48412999551343,71.96585845947266,33624000,0.0,0.0
2020-06-10 00:00:00-04:00,72.43321038271085,72.99125789477492,72.07885440964705,72.59130859375,31762000,0.0,0.0
2020-06-11 00:00:00-04:00,71.41821322493519,71.9420714461508,69.30594657750737,69.47891235351562,47144000,0.0,0.0
2020-06-12 00:00:00-04:00,70.66639445321813,71.0950958685893,68.68100075272422,70.02508544921875,36676000,0.0,0.0
2020-06-15 00:00:00-04:00,68.8638691116069,70.62376113767836,68.75037355248693,70.41263580322266,30468000,0.0,0.0
2020-06-16 00:00:00-04:00,71.81321161861592,72.21812185182957,70.82150937457023,71.68782806396484,30648000,0.0,0.0
2020-06-17 00:00:00-04:00,72.00847590682797,72.46740385011898,71.12580000891201,71.9886474609375,30610000,0.0,0.0
2020-06-18 00:00:00-04:00,71.85534618092774,72.00997330472221,70.68521806962335,71.07575988769531,34862000,0.0,0.0
2020-06-19 00:00:00-04:00,71.36718184428655,71.59020277508219,70.32640741745521,70.6059341430664,52784000,0.0,0.0
2020-06-22 00:00:00-04:00,70.62425602292842,71.90985329738507,70.3358133685618,71.89547729492188,29442000,0.0,0.0
2020-06-23 00:00:00-04:00,71.96189927090062,73.11170737614935,71.61497701926105,72.55563354492188,37752000,0.0,0.0
2020-06-24 00:00:00-04:00,72.5209391776435,73.14093740058806,70.87156316474966,71.00537872314453,31592000,0.0,0.0
2020-06-25 00:00:00-04:00,70.93202293315196,71.48214515083893,70.35315627186846,71.42168426513672,23958000,0.0,0.0
2020-06-26 00:00:00-04:00,71.00191289630564,71.21948135641514,67.15452813817328,67.52821350097656,97640000,0.0,0.0
2020-06-29 00:00:00-04:00,67.41917770561653,69.28563069385827,66.98849501522294,69.24449157714844,45074000,0.0,0.0
2020-06-30 00:00:00-04:00,69.23012852105167,70.57420557968574,68.73699600814484,70.2793197631836,40286000,0.0,0.0
2020-07-01 00:00:00-04:00,70.33482396172218,71.7874430351496,70.08751285337333,71.4662857055664,42182000,0.0,0.0
2020-07-02 00:00:00-04:00,71.95397942537618,73.77185972487115,71.91581230303315,72.85052490234375,57218000,0.0,0.0
2020-07-06 00:00:00-04:00,73.75351267291511,74.83640917181805,73.19991930923392,74.32345581054688,44712000,0.0,0.0
2020-07-07 00:00:00-04:00,74.14901196321672,75.39744054043872,73.83033503772904,73.84123992919922,42364000,0.0,0.0
2020-07-08 00:00:00-04:00,74.380457171251,74.89440122654209,73.95918956859587,74.51922607421875,31766000,0.0,0.0
2020-07-09 00:00:00-04:00,74.83294567449893,75.78500626699903,74.12225223661837,75.26560974121094,41836000,0.0,0.0
2020-07-10 00:00:00-04:00,74.99748836861167,76.38964683125434,74.37649937774104,76.274169921875,35918000,0.0,0.0
2020-07-13 00:00:00-04:00,76.8158557336052,78.12524419545197,74.66592103825721,74.94692993164062,42954000,0.0,0.0
2020-07-14 00:00:00-04:00,73.98348124835574,75.47078898613607,73.64349364825239,75.37464141845703,38108000,0.0,0.0
2020-07-15 00:00:00-04:00,75.49209774784732,76.14133958926885,74.2332634031044,75.1773910522461,31026000,0.0,0.0
2020-07-16 00:00:00-04:00,74.41515352943797,75.12932568486656,73.75946850260259,75.08026123046875,26484000,0.0,0.0
2020-07-17 00:00:00-04:00,75.17886005983264,75.50199870551376,74.24662813216946,75.17588806152344,34264000,0.0,0.0
2020-07-20 00:00:00-04:00,75.08421510478026,77.76098024738981,74.47462260455251,77.50475311279297,30166000,0.0,0.0
2020-07-21 00:00:00-04:00,78.55494872209368,78.65505895981372,76.94868532713635,77.11223602294922,27486000,0.0,0.0
2020-07-22 00:00:00-04:00,77.10182551895637,77.66037224765607,76.48330944923406,77.5548095703125,24482000,0.0,0.0
2020-07-23 00:00:00-04:00,77.60833100238632,77.827389236186,74.7665255226966,75.17094421386719,33910000,0.0,0.0
2020-07-24 00:00:00-04:00,74.3006710392535,75.10553072084302,73.7257669453533,74.7477035522461,29902000,0.0,0.0
2020-07-27 00:00:00-04:00,74.99798130151846,76.20229873811029,74.95188885196664,75.79936981201172,27124000,0.0,0.0
2020-07-28 00:00:00-04:00,75.57981265274391,75.62986776248196,74.3665717756482,74.52169799804688,30910000,0.0,0.0
2020-07-29 00:00:00-04:00,74.58860175422343,75.99264795596048,74.4899737531513,75.50596618652344,22676000,0.0,0.0
2020-07-30 00:00:00-04:00,74.24018951935184,76.36733126760335,74.10142063314761,76.24243927001953,36042000,0.0,0.0
2020-07-31 00:00:00-04:00,74.19459395635562,74.58958993707091,72.06100916107408,73.74359130859375,91468000,0.0,0.0
2020-08-03 00:00:00-04:00,73.89476289216728,74.22829979718547,72.93923127224508,73.48638153076172,45482000,0.0,0.0
2020-08-04 00:00:00-04:00,73.68214077349012,73.99932787425692,72.55810525124386,73.01753234863281,37212000,0.0,0.0
2020-08-05 00:00:00-04:00,73.19199180453877,73.84519626003934,72.91444645952018,73.30448913574219,29134000,0.0,0.0
2020-08-06 00:00:00-04:00,73.15878241875599,74.65154238351218,72.94814864418152,74.58612060546875,33306000,0.0,0.0
2020-08-07 00:00:00-04:00,74.78883662265774,75.33647844212679,73.6603391959197,74.26002502441406,27718000,0.0,0.0
2020-08-10 00:00:00-04:00,73.88484774464752,74.6951597832656,73.22519259615039,74.1832046508789,20546000,0.0,0.0
2020-08-11 00:00:00-04:00,74.04343941326381,74.8582208141743,73.25989046753106,73.37635803222656,31098000,0.0,0.0
2020-08-12 00:00:00-04:00,73.70246084546538,74.91917280883573,73.5973897350921,74.69961547851562,22512000,0.0,0.0
2020-08-13 00:00:00-04:00,74.74771225299015,76.17307709526813,74.74771225299015,75.16600036621094,22388000,0.0,0.0
2020-08-14 00:00:00-04:00,75.01531784878155,75.32160764285088,74.29123915630834,74.57026672363281,21942000,0.0,0.0
2020-08-17 00:00:00-04:00,75.13228262566284,75.51935329930157,74.58860350836233,75.14566040039062,19990000,0.0,0.0
2020-08-18 00:00:00-04:00,75.6353260607761,77.18409283335072,75.4147856047771,77.10529327392578,28378000,0.0,0.0
2020-08-19 00:00:00-04:00,76.94223867615787,77.75354900546623,76.3232310449842,76.55170440673828,30472000,0.0,0.0
2020-08-20 00:00:00-04:00,76.32174495286563,78.31408086011864,76.04866890719974,78.11980438232422,26382000,0.0,0.0
2020-08-21 00:00:00-04:00,77.8992550883614,78.89443614081047,77.42893057340312,78.08610534667969,34838000,0.0,0.0
2020-08-24 00:00:00-04:00,78.92366302638288,79.73200128949749,78.0598247678244,78.56088256835938,25638000,0.0,0.0
2020-08-25 00:00:00-04:00,78.31057958821587,79.7369344031044,78.2005551667719,79.5867691040039,25150000,0.0,0.0
2020-08-26 00:00:00-04:00,79.60908564477356,81.9131558254161,79.3454247617791,81.48395538330078,52188000,0.0,0.0
2020-08-27 00:00:00-04:00,81.60687253223567,81.67526631440305,80.22909022649999,80.7103271484375,31350000,0.0,0.0
2020-08-28 00:00:00-04:00,80.75740589680068,81.34617922901354,80.5661014503227,81.25102233886719,22418000,0.0,0.0
2020-08-31 00:00:00-04:00,81.4562171292077,81.50230958261653,80.55223786700407,80.76039123535156,26422000,0.0,0.0
2020-09-01 00:00:00-04:00,80.89073338937213,82.23183846792581,80.7603889260026,82.02665710449219,22652000,0.0,0.0
2020-09-02 00:00:00-04:00,82.66746052539978,85.54643467567958,82.27989831423639,85.11476135253906,49522000,0.0,0.0
2020-09-03 00:00:00-04:00,84.22912088973366,84.25291200419659,79.67896815713972,80.75939178466797,63726000,0.0,0.0
2020-09-04 00:00:00-04:00,79.74290678318458,81.0309847491098,76.2226231580958,78.3656234741211,55850000,0.0,0.0
2020-09-08 00:00:00-04:00,75.57981382695054,77.09388450025051,75.158546265931,75.51042938232422,54032000,0.0,0.0
2020-09-09 00:00:00-04:00,76.76431893027807,77.2510007636968,75.58824678956422,76.68155670166016,39242000,0.0,0.0
2020-09-10 00:00:00-04:00,76.82775941751073,77.99143688650432,75.3320196805938,75.6318588256836,33024000,0.0,0.0
2020-09-11 00:00:00-04:00,75.735933828383,76.25879385001623,73.99487196751262,75.12187957763672,30706000,0.0,0.0
2020-09-14 00:00:00-04:00,75.90937425897054,77.1657353739117,74.5940420485624,74.77840423583984,42660000,0.0,0.0
2020-09-15 00:00:00-04:00,75.72305640030964,76.86790369780455,75.43610346676509,76.08137512207031,23042000,0.0,0.0
2020-09-16 00:00:00-04:00,76.44613252697442,77.03540497341557,74.9152054033124,74.93998718261719,22128000,0.0,0.0
2020-09-17 00:00:00-04:00,73.63754157922925,74.27439632270638,72.48030722418932,73.69850158691406,40008000,0.0,0.0
2020-09-18 00:00:00-04:00,73.76095327714144,74.10292221630368,70.951862206745,71.91680145263672,63056000,0.0,0.0
2020-09-21 00:00:00-04:00,70.95185663516155,71.3701446598767,69.51757609828891,70.87850952148438,56908000,0.0,0.0
2020-09-22 00:00:00-04:00,71.87864838147834,72.5551525422909,70.84679747292753,72.34947204589844,33950000,0.0,0.0
2020-09-23 00:00:00-04:00,71.9663575191047,72.01542196505994,69.51757431347869,69.8501205444336,37726000,0.0,0.0
2020-09-24 00:00:00-04:00,69.51757350502828,71.26755132764286,69.49130194472214,70.5177001953125,34552000,0.0,0.0
2020-09-25 00:00:00-04:00,70.62623601637378,71.66155016887853,69.76536984836896,71.3205795288086,30326000,0.0,0.0
2020-09-28 00:00:00-04:00,72.95260740958123,73.00216340239244,71.67840660128883,72.29196166992188,30784000,0.0,0.0
2020-09-29 00:00:00-04:00,72.55215865956741,72.95309862826339,72.06100757603167,72.65673065185547,31816000,0.0,0.0
2020-09-30 00:00:00-04:00,72.40496388039755,73.65686345741786,72.14824521381277,72.63591766357422,40924000,0.0,0.0
2020-10-01 00:00:00-04:00,73.5309847051695,74.09647363654604,73.19099712373635,73.74111938476562,32884000,0.0,0.0
2020-10-02 00:00:00-04:00,72.34002578562743,73.30150115335917,71.73142412883716,72.14029693603516,31222000,0.0,0.0
2020-10-05 00:00:00-04:00,72.48971861393626,73.58252935432779,72.36284527360293,73.48985290527344,21602000,0.0,0.0
2020-10-06 00:00:00-04:00,73.12657100866626,73.5736034655769,71.61547229083051,71.913330078125,26096000,0.0,0.0
2020-10-07 00:00:00-04:00,72.32419745576502,72.80295400551113,71.03165761925928,72.3157730102539,36108000,0.0,0.0
2020-10-08 00:00:00-04:00,72.62848419076307,73.74755887897275,72.62848419076307,73.51958465576172,26076000,0.0,0.0
2020-10-09 00:00:00-04:00,73.98694007707145,74.92809569109109,73.69651605996611,74.85871124267578,32966000,0.0,0.0
2020-10-12 00:00:00-04:00,76.22410298533136,78.72294124362386,75.79292119611887,77.54191589355469,55344000,0.0,0.0
2020-10-13 00:00:00-04:00,78.15745877492236,78.5613783321132,77.2465374414875,77.66482543945312,39072000,0.0,0.0
2020-10-14 00:00:00-04:00,78.0380261496372,78.49645507443054,76.61563357234498,77.48492431640625,33174000,0.0,0.0
2020-10-15 00:00:00-04:00,76.5462485174522,77.87942818375831,76.37923428577766,77.08992767333984,31210000,0.0,0.0
2020-10-16 00:00:00-04:00,77.40512182812182,78.19214177327355,77.19845829014193,77.696044921875,34194000,0.0,0.0
2020-10-19 00:00:00-04:00,78.1039468484506,78.5004327006998,75.47674503291947,75.82514953613281,29734000,0.0,0.0
2020-10-20 00:00:00-04:00,75.48613844813754,78.00034307715951,75.35678468297974,76.87234497070312,41670000,0.0,0.0
2020-10-21 00:00:00-04:00,77.8026174394533,80.04721784308745,77.66831030611162,78.60252380371094,60322000,0.0,0.0
2020-10-22 00:00:00-04:00,78.55344132865221,79.96194925473011,78.18074668147393,79.62692260742188,30512000,0.0,0.0
2020-10-23 00:00:00-04:00,80.0427610123963,80.9878794606781,79.8871356369497,80.93138122558594,30548000,0.0,0.0
2020-10-26 00:00:00-04:00,80.04026068394055,80.76284956365737,77.70001225842906,78.51825714111328,35826000,0.0,0.0
2020-10-27 00:00:00-04:00,78.74821578247979,79.39596773671335,78.15646293187241,79.24134063720703,25902000,0.0,0.0
2020-10-28 00:00:00-04:00,76.81933175028874,77.00765664920016,74.7610827015147,74.87606048583984,45174000,0.0,0.0
2020-10-29 00:00:00-04:00,75.18431861733673,78.73879863480163,75.16102661851583,77.15980529785156,55406000,0.0,0.0
2020-10-30 00:00:00-04:00,82.63922363317832,83.32712413026837,79.37466827076221,80.09527587890625,99878000,0.0,0.0
2020-11-02 00:00:00-05:00,80.46351570683841,82.18326693567796,80.00259878301561,80.5021743774414,44228000,0.0,0.0
2020-11-03 00:00:00-05:00,80.82132171272546,82.22090588213354,79.89701522228168,81.55976867675781,31432000,0.0,0.0
2020-11-04 00:00:00-05:00,84.52946915085025,87.72364973504222,84.4016051295483,86.52527618408203,71342000,0.0,0.0
2020-11-05 00:00:00-05:00,87.74444631593936,88.80355922055054,86.28637474344528,87.3504409790039,39758000,0.0,0.0
2020-11-06 00:00:00-05:00,86.79735014914868,87.64781063793222,86.0707909999368,87.21316528320312,28622000,0.0,0.0
2020-11-09 00:00:00-05:00,89.00973736210345,90.04604232881928,87.10512476391894,87.29692077636719,53440000,0.0,0.0
2020-11-10 00:00:00-05:00,85.72833198232598,87.19581874690427,85.05182793444769,86.1223373413086,43022000,0.0,0.0
2020-11-11 00:00:00-05:00,86.65163888970832,87.37026514561057,86.38698732276887,86.59365844726562,31838000,0.0,0.0
2020-11-12 00:00:00-05:00,86.33444392472282,87.47334698979937,86.13471504428473,86.37508392333984,26474000,0.0,0.0
2020-11-13 00:00:00-05:00,86.63180866553387,88.07550413337701,86.03609314698612,87.83414459228516,29744000,0.0,0.0
2020-11-16 00:00:00-05:00,87.43172210004694,88.92845236010726,87.29245409409869,87.921875,25468000,0.0,0.0
2020-11-17 00:00:00-05:00,87.61608790911133,88.07601416521123,87.20127099757448,87.3088150024414,21314000,0.0,0.0
2020-11-18 00:00:00-05:00,87.06002332172838,87.47434868925225,86.16446102115808,86.26705169677734,20108000,0.0,0.0
2020-11-19 00:00:00-05:00,85.89980786283361,87.39951018398297,85.7407189638763,87.15567016601562,20106000,0.0,0.0
2020-11-20 00:00:00-05:00,87.32566263564391,87.64086843006233,85.9875296804616,86.05592346191406,27694000,0.0,0.0
2020-11-23 00:00:00-05:00,86.24623688977317,86.53219912341163,84.7574394883768,85.6187973022461,22530000,0.0,0.0
2020-11-24 00:00:00-05:00,85.61582709012495,87.54769432891005,85.28030128891842,87.41983032226562,27984000,0.0,0.0
2020-11-25 00:00:00-05:00,87.61360945809936,87.74097434206601,86.6496534535001,87.43122100830078,19600000,0.0,0.0
2020-11-27 00:00:00-05:00,87.45154481486274,89.06078000238365,87.45154481486274,88.56566619873047,14790000,0.0,0.0
2020-11-30 00:00:00-05:00,88.00216651160646,88.23460252032878,86.62388510850603,86.94900512695312,32418000,0.0,0.0
2020-12-01 00:00:00-05:00,87.55661890732226,90.28542045446022,87.3767108902,88.97900390625,37350000,0.0,0.0
2020-12-02 00:00:00-05:00,88.97899319228088,90.8315691182876,88.4739727700538,90.44647979736328,29424000,0.0,0.0
2020-12-03 00:00:00-05:00,90.22695071056481,91.38121314706835,90.05150445368142,90.2913818359375,24728000,0.0,0.0
2020-12-04 00:00:00-05:00,90.211074164492,90.67099282129256,89.88248305416691,90.38652038574219,20544000,0.0,0.0
2020-12-07 00:00:00-05:00,89.97963908979871,90.66060499552637,89.35964075802661,90.05299377441406,22288000,0.0,0.0
2020-12-08 00:00:00-05:00,89.63123209189808,90.00045570240857,88.77680884902743,89.77049255371094,19936000,0.0,0.0
2020-12-09 00:00:00-05:00,89.72241179325566,90.61500208868797,87.32566494275066,88.1116943359375,31728000,0.0,0.0
2020-12-10 00:00:00-05:00,87.35539163522937,87.96944584482684,85.91466810867063,87.60567474365234,28688000,0.0,0.0
2020-12-11 00:00:00-05:00,87.22654341563204,88.08443768580932,86.86673495252047,87.96003723144531,18628000,0.0,0.0
2020-12-14 00:00:00-05:00,87.7578251565572,88.70343487026673,86.68780744073449,86.84293365478516,33050000,0.0,0.0
2020-12-15 00:00:00-05:00,87.21959899351037,87.42478033349926,86.31810030713507,87.28006744384766,21352000,0.0,0.0
2020-12-16 00:00:00-05:00,87.67802719914428,87.67802719914428,86.68434371266123,87.08726501464844,24676000,0.0,0.0
2020-12-17 00:00:00-05:00,87.42131779941667,87.55909602721862,85.79672351081625,86.26060485839844,34880000,0.0,0.0
2020-12-18 00:00:00-05:00,86.54112123455688,86.64965590183743,84.99631718680045,85.55238342285156,85256000,0.0,0.0
2020-12-21 00:00:00-05:00,84.70539704892414,86.08665047301542,83.95554588894409,85.9657211303711,33974000,0.0,0.0
2020-12-22 00:00:00-05:00,85.70652969038704,85.86908971681392,84.53938106745055,85.25503540039062,20370000,0.0,0.0
2020-12-23 00:00:00-05:00,85.43890898248806,86.43903583311996,85.30360361911458,85.65201568603516,22974000,0.0,0.0
2020-12-24 00:00:00-05:00,85.69015678249487,86.35476521041882,85.45970212371107,85.94589233398438,9312000,0.0,0.0
2020-12-28 00:00:00-05:00,86.4786632023986,88.56466573176412,86.3255258833646,87.91839599609375,27650000,0.0,0.0
2020-12-29 00:00:00-05:00,88.57608406440532,88.63753562271515,86.98419679793523,87.11553192138672,19726000,0.0,0.0
2020-12-30 00:00:00-05:00,87.4743419671934,87.61112952417417,85.64060373303981,86.04947662353516,21026000,0.0,0.0
2020-12-31 00:00:00-05:00,86.10003914197051,87.10264635469892,86.04155201970197,86.86178588867188,21070000,0.0,0.0
2021-01-04 00:00:00-05:00,87.22655543499918,87.34995767779742,84.60678737782982,85.54794311523438,37324000,0.0,0.0
2021-01-05 00:00:00-05:00,85.4963891255804,86.5738332163736,85.09048820170439,86.2378158569336,20360000,0.0,0.0
2021-01-06 00:00:00-05:00,84.26579245837004,86.43208444826773,84.05962045926168,85.38684844970703,46588000,0.0,0.0
2021-01-07 00:00:00-05:00,85.57914501224703,88.10970726571644,85.57914501224703,87.93724060058594,41936000,0.0,0.0
2021-01-08 00:00:00-05:00,88.07700063431957,89.17724509831527,87.28700106093784,89.1014175415039,35484000,0.0,0.0
2021-01-11 00:00:00-05:00,88.07006012945878,88.43482947963955,86.83699831013621,87.04267120361328,34796000,0.0,0.0
2021-01-12 00:00:00-05:00,86.500970600687,87.61806393795727,85.06470881881626,86.10795593261719,29528000,0.0,0.0
2021-01-13 00:00:00-05:00,85.60689554864183,87.04762662802848,85.60689554864183,86.59464263916016,23432000,0.0,0.0
2021-01-14 00:00:00-05:00,86.67493484651867,87.60073138346526,85.54495518482686,85.78532409667969,29212000,0.0,0.0
2021-01-15 00:00:00-05:00,85.69115721631205,86.61298351886033,84.8332704806772,85.62177276611328,31444000,0.0,0.0
2021-01-19 00:00:00-05:00,86.38401590342727,89.39927873716123,85.87998609845495,88.43929290771484,41660000,0.0,0.0
2021-01-20 00:00:00-05:00,90.51587074805265,94.15113930596509,90.17589074243995,93.17727661132812,64152000,0.0,0.0
2021-01-21 00:00:00-05:00,93.85030958575864,95.75491452808738,93.14456200327876,93.37947845458984,58634000,0.0,0.0
2021-01-22 00:00:00-05:00,93.74177064385457,94.38258801925332,93.00034392716495,93.7962875366211,32744000,0.0,0.0
2021-01-25 00:00:00-05:00,94.79640697939604,95.2464189407953,92.14095299667702,93.88151550292969,50586000,0.0,0.0
2021-01-26 00:00:00-05:00,93.47067962234644,94.94560022121779,92.98201646312953,94.55902862548828,31462000,0.0,0.0
2021-01-27 00:00:00-05:00,92.92154742901175,93.19710390065373,89.07416260309691,90.14764404296875,82512000,0.0,0.0
2021-01-28 00:00:00-05:00,90.74533664502225,93.56978632762217,90.74533664502225,91.8455810546875,55278000,0.0,0.0
2021-01-29 00:00:00-05:00,90.89499945801929,91.56506030256809,89.28627113117517,90.56492614746094,44530000,0.0,0.0
2021-02-01 00:00:00-05:00,91.41887289099441,94.93519367796942,91.41887289099441,93.82157135009766,40252000,0.0,0.0
2021-02-02 00:00:00-05:00,94.81575036485842,96.61182068763402,94.48071611878922,95.11261749267578,66332000,0.0,0.0
2021-02-03 00:00:00-05:00,102.37274430388717,104.40522092105503,99.79261830171446,102.03919982910156,97882000,0.0,0.0
2021-02-04 00:00:00-05:00,102.12541477302541,102.55559828616676,100.86062911413705,101.77899169921875,48596000,0.0,0.0
2021-02-05 00:00:00-05:00,102.07289124062606,103.87590372687838,101.59909567696245,103.52352905273438,29866000,0.0,0.0
2021-02-08 00:00:00-05:00,104.07711269435646,104.82052064217329,102.26072260261883,103.3099136352539,28828000,0.0,0.0
2021-02-09 00:00:00-05:00,102.82819357536142,104.00327492261671,102.59030513019513,102.85743713378906,21892000,0.0,0.0
2021-02-10 00:00:00-05:00,103.24154195097537,104.02162739873185,101.71012306578069,103.40707397460938,25102000,0.0,0.0
2021-02-11 00:00:00-05:00,103.63108362772132,103.7797591856027,102.5338111240634,103.51956939697266,20480000,0.0,0.0
2021-02-12 00:00:00-05:00,103.07453144685773,104.05235695264102,102.76725094248431,103.83082580566406,18990000,0.0,0.0
2021-02-16 00:00:00-05:00,103.668247646045,106.31428677278258,103.668247646045,104.607421875,31004000,0.0,0.0
2021-02-17 00:00:00-05:00,103.77877270157512,105.18926972453114,103.49975268099251,104.99994659423828,20294000,0.0,0.0
2021-02-18 00:00:00-05:00,104.32491801464802,105.1669539793789,103.74654292601814,104.36505889892578,22546000,0.0,0.0
2021-02-19 00:00:00-05:00,104.46319354848602,104.99794906866703,103.25589673213236,103.52252960205078,37938000,0.0,0.0
2021-02-22 00:00:00-05:00,101.77751932937039,103.10227454350802,101.49998153147995,101.81022644042969,29466000,0.0,0.0
2021-02-23 00:00:00-05:00,99.81442376891242,102.71420966814658,98.6368619382917,102.10064697265625,34658000,0.0,0.0
2021-02-24 00:00:00-05:00,100.60986513415875,103.49825450138255,100.48547224750138,103.27473449707031,22608000,0.0,0.0
2021-02-25 00:00:00-05:00,101.89298299027122,103.2345869187692,99.44271023245791,99.91155242919922,41548000,0.0,0.0
2021-02-26 00:00:00-05:00,100.60540682700322,101.92222910849493,99.17112631812763,100.20693969726562,40042000,0.0,0.0
2021-03-01 00:00:00-05:00,101.49998201929594,102.89907502090055,100.82694907500807,102.5734634399414,26060000,0.0,0.0
2021-03-02 00:00:00-05:00,102.33457386845907,103.81643661615159,101.92967118650496,102.31673431396484,25564000,0.0,0.0
2021-03-03 00:00:00-05:00,101.69573836758674,102.88716945584571,98.82369885225702,99.68655395507812,33892000,0.0,0.0
2021-03-04 00:00:00-05:00,99.85803141312911,102.81778652007944,99.39017985813133,100.80265808105469,49216000,0.0,0.0
2021-03-05 00:00:00-05:00,102.15170316057323,104.38440020130358,100.49786526440951,103.93191528320312,53100000,0.0,0.0
2021-03-08 00:00:00-05:00,103.28713246318019,104.75808274317625,99.37828873496463,99.4927749633789,36868000,0.0,0.0
2021-03-09 00:00:00-05:00,101.58670128057204,102.28897013180834,100.88541553312906,101.12132263183594,33920000,0.0,0.0
2021-03-10 00:00:00-05:00,102.16408434665642,102.16408434665642,100.07907232110979,100.91466522216797,27100000,0.0,0.0
2021-03-11 00:00:00-05:00,102.00649022859612,104.63567305247624,101.9187671112629,104.10388946533203,27702000,0.0,0.0
2021-03-12 00:00:00-05:00,102.90800288778321,102.96747311515301,100.72783372970525,101.59910583496094,33818000,0.0,0.0
2021-03-15 00:00:00-04:00,101.35030296707097,101.84639986684593,100.49836027807162,101.81914520263672,26168000,0.0,0.0
2021-03-16 00:00:00-04:00,102.39157914363233,104.75511989536767,102.05952443443275,103.27871704101562,31900000,0.0,0.0
2021-03-17 00:00:00-04:00,102.51448074840832,104.02756080916568,101.30768292105009,103.19593811035156,26382000,0.0,0.0
2021-03-18 00:00:00-04:00,101.5088880221178,102.52835156310981,100.0716356052012,100.1786880493164,31700000,0.0,0.0
2021-03-19 00:00:00-04:00,100.59450866025328,100.95679000162345,99.26628238475064,100.45722198486328,46072000,0.0,0.0
2021-03-22 00:00:00-04:00,100.49041948144857,101.5168176525973,99.81490617854908,100.64207458496094,33536000,0.0,0.0
2021-03-23 00:00:00-04:00,101.10102454547118,102.29840741354518,100.50878000501446,101.16941833496094,28510000,0.0,0.0
2021-03-24 00:00:00-04:00,101.68633534543278,102.47137415101128,100.55833692294446,100.73329162597656,25218000,0.0,0.0
2021-03-25 00:00:00-04:00,100.56080187614467,101.38300944915922,98.92728405832933,100.72980499267578,35616000,0.0,0.0
2021-03-26 00:00:00-04:00,100.69659679630594,101.07325412851259,99.31187234420693,100.3467025756836,27978000,0.0,0.0
2021-03-29 00:00:00-04:00,100.21933077562952,101.55994412310439,99.39117165395234,101.39044189453125,26492000,0.0,0.0
2021-03-30 00:00:00-04:00,101.74678812299072,102.22702679811378,100.91268499326586,101.42414855957031,27312000,0.0,0.0
2021-03-31 00:00:00-04:00,101.81715946283474,103.3961603316529,101.4504087988673,102.21958923339844,42570000,0.0,0.0
2021-04-01 00:00:00-04:00,103.69303718393783,105.84891601894121,103.65239718036233,105.55303955078125,39880000,0.0,0.0
2021-04-05 00:00:00-04:00,106.4139049523274,110.4699421342313,106.31775738977792,109.97284698486328,48510000,0.0,0.0
2021-04-06 00:00:00-04:00,109.57438188030405,110.42087973789896,109.12189695310158,109.49211120605469,35240000,0.0,0.0
2021-04-07 00:00:00-04:00,109.6824083386153,111.23860868671407,109.6824083386153,110.96751403808594,24134000,0.0,0.0
2021-04-08 00:00:00-04:00,112.20504261453645,112.5911226113418,111.16476752079966,111.53250885009766,28664000,0.0,0.0
2021-04-09 00:00:00-04:00,111.28521181469488,112.69917231745536,110.87980246049328,112.5356216430664,26146000,0.0,0.0
2021-04-12 00:00:00-04:00,111.7153914284989,111.85267053734381,110.4119469730089,111.24456787109375,25024000,0.0,0.0
2021-04-13 00:00:00-04:00,111.5602733226947,112.17878937240846,111.16675951077738,111.73075866699219,25682000,0.0,0.0
2021-04-14 00:00:00-04:00,112.37503044207544,112.37503044207544,110.81833855373404,111.11024475097656,21002000,0.0,0.0
2021-04-15 00:00:00-04:00,112.1034629731022,113.79099869324847,111.56919891951989,113.25821685791016,29174000,0.0,0.0
2021-04-16 00:00:00-04:00,113.45596441194692,113.70376710281464,112.54801498961537,113.13431549072266,26282000,0.0,0.0
2021-04-19 00:00:00-04:00,112.51133603226087,114.19192938868903,112.51133603226087,113.48172760009766,30290000,0.0,0.0
2021-04-20 00:00:00-04:00,113.8648340768763,113.93967097136371,111.86408150000248,112.94895935058594,22288000,0.0,0.0
2021-04-21 00:00:00-04:00,112.60401072672376,112.99801605945058,111.2544738339239,112.91624450683594,23204000,0.0,0.0
2021-04-22 00:00:00-04:00,112.77004307784593,113.43812268908319,111.03146160989212,111.63610076904297,24146000,0.0,0.0
2021-04-23 00:00:00-04:00,112.35372791548767,114.29253725619483,112.06875636037209,113.98575592041016,29066000,0.0,0.0
2021-04-26 00:00:00-04:00,114.21323872115512,115.20494850642784,113.85640227460357,114.48136138916016,32038000,0.0,0.0
2021-04-27 00:00:00-04:00,114.86298311307249,114.90362311481388,113.3033115017685,113.54219818115234,44386000,0.0,0.0
2021-04-28 00:00:00-04:00,118.57357518868605,120.50048895349634,116.62684053810642,116.915283203125,81106000,0.0,0.0
2021-04-29 00:00:00-04:00,118.41152443414508,119.1514613795989,117.64927859207835,118.58647155761719,41234000,0.0,0.0
2021-04-30 00:00:00-04:00,117.36033342946197,118.04575341768243,116.29676633533462,116.64071655273438,44856000,0.0,0.0
2021-05-03 00:00:00-04:00,117.20620391311888,118.03089194443908,115.748631417019,116.12429809570312,28242000,0.0,0.0
2021-05-04 00:00:00-04:00,114.66078126628535,115.22775243296606,111.8422752076323,114.3277359008789,44818000,0.0,0.0
2021-05-05 00:00:00-04:00,115.40814695486216,115.72384428239883,114.39958829572701,114.72123718261719,26636000,0.0,0.0
2021-05-06 00:00:00-04:00,114.30295402461856,115.84032440185547,113.6442970726025,115.84032440185547,25190000,0.0,0.0
2021-05-07 00:00:00-04:00,117.15566315675112,117.52042496312349,116.27694974187273,116.56291198730469,28898000,0.0,0.0
2021-05-10 00:00:00-04:00,115.38385676397111,115.52560521194692,113.22301722709163,113.58035278320312,30914000,0.0,0.0
2021-05-11 00:00:00-04:00,111.16776007410847,113.01190425651544,110.7142769135845,112.5053939819336,34186000,0.0,0.0
2021-05-12 00:00:00-04:00,110.3311599450094,111.41108433707822,108.71697157773784,109.0455551147461,46376000,0.0,0.0
2021-05-13 00:00:00-04:00,110.32769928437514,110.98784598165807,109.36622368361735,110.47241973876953,33204000,0.0,0.0
2021-05-14 00:00:00-04:00,111.93444685237745,113.23193971595805,111.51119796945952,112.917724609375,31996000,0.0,0.0
2021-05-17 00:00:00-04:00,112.18374021644,113.48272295866457,111.78428241583579,113.44010162353516,21598000,0.0,0.0
2021-05-18 00:00:00-04:00,114.10570419354653,114.36986421874587,112.11534979452306,112.12922668457031,22204000,0.0,0.0
2021-05-19 00:00:00-04:00,110.44218365077748,112.74971749134802,110.29399964826719,112.57675170898438,23684000,0.0,0.0
2021-05-20 00:00:00-04:00,113.54319564211424,114.58396240325392,113.17248227319268,114.33368682861328,32352000,0.0,0.0
2021-05-21 00:00:00-04:00,114.85208159408714,114.92543627002019,113.45893261370185,113.69831085205078,40632000,0.0,0.0
2021-05-24 00:00:00-04:00,114.72719042691061,117.23792438170847,114.58197841685045,117.01441192626953,31832000,0.0,0.0
2021-05-25 00:00:00-04:00,117.55757978154006,118.15230464998669,116.71505225437924,117.10509490966797,22440000,0.0,0.0
2021-05-26 00:00:00-04:00,117.28599799895012,118.39962785894154,117.28302600020656,117.96944427490234,21572000,0.0,0.0
2021-05-27 00:00:00-04:00,118.40259591136595,118.40259591136595,116.77751007748608,117.09568786621094,35224000,0.0,0.0
2021-05-28 00:00:00-04:00,117.6775279248431,117.75929948137693,116.60850831851938,116.80674743652344,21482000,0.0,0.0
2021-06-01 00:00:00-04:00,117.67851435164249,118.23706102476314,116.67937078079298,118.0125503540039,23354000,0.0,0.0
2021-06-02 00:00:00-04:00,118.40755407398083,118.63008342686042,116.5842214876714,117.48771667480469,21158000,0.0,0.0
2021-06-03 00:00:00-04:00,116.25562715192257,116.81516447592351,115.45224982960987,116.3473129272461,18696000,0.0,0.0
2021-06-04 00:00:00-04:00,117.4222924042142,118.89721293095893,117.08230482741318,118.6266098022461,24458000,0.0,0.0
2021-06-07 00:00:00-04:00,118.42193410416897,119.16881330030914,118.00364606009472,119.05928039550781,24120000,0.0,0.0
2021-06-08 00:00:00-04:00,119.54049938057632,119.9126949181085,118.68656785483122,118.86795806884766,24240000,0.0,0.0
2021-06-09 00:00:00-04:00,119.5117719476187,119.5836292835186,118.79165587166284,119.33880615234375,17942000,0.0,0.0
2021-06-10 00:00:00-04:00,119.28826074997299,120.72948367481612,119.1326429466084,120.68636322021484,25904000,0.0,0.0
2021-06-11 00:00:00-04:00,120.92770773649222,121.01295040637044,119.88495212398634,120.4420166015625,21958000,0.0,0.0
2021-06-14 00:00:00-04:00,120.54411364612498,121.36979239425413,119.83738291214934,121.36930084228516,22098000,0.0,0.0
2021-06-15 00:00:00-04:00,121.37374754662788,121.6963871144153,119.99200260970889,120.35231018066406,21562000,0.0,0.0
2021-06-16 00:00:00-04:00,120.50347104008702,120.81471417778299,118.41994866002946,119.71099853515625,26472000,0.0,0.0
2021-06-17 00:00:00-04:00,119.6366654253896,121.44562207681038,119.44089917857585,120.67346954345703,25842000,0.0,0.0
2021-06-18 00:00:00-04:00,120.30026282219889,120.5341886020674,118.96014859064296,119.05530548095703,46116000,0.0,0.0
2021-06-21 00:00:00-04:00,119.44137934703816,120.92769616930957,118.84466559029332,120.7418441772461,27414000,0.0,0.0
2021-06-22 00:00:00-04:00,120.67990683669676,121.32419532611587,119.99993923776582,121.25530242919922,22390000,0.0,0.0
2021-06-23 00:00:00-04:00,121.02037501573139,122.01356699210014,120.76365635931501,121.05358123779297,19148000,0.0,0.0
2021-06-24 00:00:00-04:00,121.62155608076279,121.97393077663716,121.22507783037003,121.4233169555664,21362000,0.0,0.0
2021-06-25 00:00:00-04:00,120.92770999401274,121.55514959738011,120.49653574308054,121.4317398071289,34594000,0.0,0.0
2021-06-28 00:00:00-04:00,121.6002414137362,121.70581164707463,120.33843513053769,121.45899963378906,28526000,0.0,0.0
2021-06-29 00:00:00-04:00,121.59231941946096,121.93974078212915,120.62142867598224,121.19781494140625,23108000,0.0,0.0
2021-06-30 00:00:00-04:00,120.92225985457858,121.18245721557813,120.28788557536772,121.01642608642578,24474000,0.0,0.0
2021-07-01 00:00:00-04:00,120.65512003494412,121.5095431679097,120.46332403287062,121.36830139160156,18110000,0.0,0.0
2021-07-02 00:00:00-04:00,122.06759575847595,124.3017824350133,121.97789131366527,124.15657043457031,25982000,0.0,0.0
2021-07-06 00:00:00-04:00,124.5441347516448,125.31678632682912,123.48750228216251,125.08087921142578,26404000,0.0,0.0
2021-07-07 00:00:00-04:00,126.04432978040667,126.1652515494569,125.04419558400707,125.36237335205078,24060000,0.0,0.0
2021-07-08 00:00:00-04:00,122.93591119562316,124.49161272907018,122.93194853039118,123.94496154785156,23790000,0.0,0.0
2021-07-09 00:00:00-04:00,123.92612095804607,124.62938054281378,123.45677959980704,124.415283203125,18632000,0.0,0.0
2021-07-12 00:00:00-04:00,125.06898305678112,125.95264974087195,124.5069652680736,125.8594741821289,17668000,0.0,0.0
2021-07-13 00:00:00-04:00,125.92192128117352,126.93196222420258,125.56112215124197,126.22225952148438,19240000,0.0,0.0
2021-07-14 00:00:00-04:00,126.83335427495483,128.18983360233898,126.79023382134841,127.10990142822266,23742000,0.0,0.0
2021-07-15 00:00:00-04:00,127.51826516357463,127.56881182649684,125.41788646020213,125.88871002197266,24218000,0.0,0.0
2021-07-16 00:00:00-04:00,126.54092894138478,126.68812227295803,125.0446978361771,125.85401916503906,20424000,0.0,0.0
2021-07-19 00:00:00-04:00,124.98125995365034,125.09574617911319,122.41947279512615,123.48304748535156,27968000,0.0,0.0
2021-07-20 00:00:00-04:00,124.42420720068091,125.92639003741259,123.25755774233703,125.1002197265625,26312000,0.0,0.0
2021-07-21 00:00:00-04:00,125.02487717060785,126.474524368803,124.91584338583961,126.42794036865234,20746000,0.0,0.0
2021-07-22 00:00:00-04:00,126.72033913018305,127.35372269021474,126.37837023776311,127.29275512695312,14302000,0.0,0.0
2021-07-23 00:00:00-04:00,129.28411407867398,132.2265290912767,128.65966157114187,131.8459014892578,41506000,0.0,0.0
2021-07-26 00:00:00-04:00,132.15663081880655,133.0571387651644,131.13864953195989,132.85691833496094,30572000,0.0,0.0
2021-07-27 00:00:00-04:00,133.0705270393317,133.21772036685556,128.9604724988499,130.7406768798828,54710000,0.0,0.0
2021-07-28 00:00:00-04:00,135.11391338631623,137.08146728842348,134.08850576613955,134.8978271484375,95130000,0.0,0.0
2021-07-29 00:00:00-04:00,134.95331470842268,135.459824888862,134.35165520894898,134.58409118652344,31716000,0.0,0.0
2021-07-30 00:00:00-04:00,133.84813380324206,134.11526579950234,133.07499070592388,133.54234313964844,25576000,0.0,0.0
2021-08-02 00:00:00-04:00,133.92942502207725,134.14699347911008,132.61805515773415,133.6692352294922,21634000,0.0,0.0
2021-08-03 00:00:00-04:00,133.9472372032684,134.5389900445895,132.1477035787218,134.43789672851562,20762000,0.0,0.0
2021-08-04 00:00:00-04:00,134.1598811909161,134.45724743917305,133.30495889893086,133.93785095214844,19676000,0.0,0.0
2021-08-05 00:00:00-04:00,134.4879897474511,135.1516152605017,133.6608210871339,135.05397033691406,17870000,0.0,0.0
2021-08-06 00:00:00-04:00,134.84628556646607,135.27299799701225,134.02159758617466,134.54544067382812,20488000,0.0,0.0
2021-08-09 00:00:00-04:00,134.74766566385927,135.9782545970757,134.14995363195558,135.70962524414062,17760000,0.0,0.0
2021-08-10 00:00:00-04:00,136.13483939066336,136.56156692108615,135.16593769907715,135.60455322265625,19414000,0.0,0.0
2021-08-11 00:00:00-04:00,135.9758020046338,136.47239056111437,135.0737964513372,135.08123779296875,15352000,0.0,0.0
2021-08-12 00:00:00-04:00,134.7803631501877,136.0932302954075,134.23520937229634,135.9881591796875,16506000,0.0,0.0
2021-08-13 00:00:00-04:00,136.04367130953105,136.6448469030297,135.82858330220628,136.5169677734375,15948000,0.0,0.0
2021-08-16 00:00:00-04:00,136.31623668767153,137.14638467025773,134.10980386854092,137.09384155273438,22384000,0.0,0.0
2021-08-17 00:00:00-04:00,136.53927624045247,137.0502482689052,134.8859374907993,135.46034240722656,21716000,0.0,0.0
2021-08-18 00:00:00-04:00,135.30025647796398,135.89945070892185,134.13211736511343,134.2584991455078,19258000,0.0,0.0
2021-08-19 00:00:00-04:00,133.25390393778633,135.1540470600647,133.07003326839052,134.48745727539062,21782000,0.0,0.0
2021-08-20 00:00:00-04:00,134.80466325730745,136.34500562415587,134.06125518787377,136.2216033935547,31194000,0.0,0.0
2021-08-23 00:00:00-04:00,136.7568286340333,139.63629421824447,136.39801088067517,138.8106231689453,28454000,0.0,0.0
2021-08-24 00:00:00-04:00,139.37561670216243,140.83121539533298,139.10502114709683,140.01991271972656,19268000,0.0,0.0
2021-08-25 00:00:00-04:00,140.38022622324365,140.9397636176069,140.13342175774235,140.83023071289062,15848000,0.0,0.0
2021-08-26 00:00:00-04:00,140.50411569948363,141.1657446019955,140.1145645733413,140.1973419189453,20610000,0.0,0.0
2021-08-27 00:00:00-04:00,140.40746320935864,143.2423262781944,140.25332765406952,142.73829650878906,28780000,0.0,0.0
2021-08-30 00:00:00-04:00,143.13080955855443,144.6875166286591,142.89589312218945,143.31964111328125,24434000,0.0,0.0
2021-08-31 00:00:00-04:00,143.8712627569478,143.89553786032653,143.01287695186656,143.4257049560547,22448000,0.0,0.0
2021-09-01 00:00:00-04:00,143.72555741436526,144.96853350536102,143.61008051608152,143.9391632080078,21936000,0.0,0.0
2021-09-02 00:00:00-04:00,143.93964934296415,144.24047911372418,141.92649470207718,142.02760314941406,32342000,0.0,0.0
2021-09-03 00:00:00-04:00,141.82293077721366,142.88798016222196,141.14889962263817,142.47613525390625,19850000,0.0,0.0
2021-09-07 00:00:00-04:00,142.57029576143597,143.29437443751178,142.35668998079893,143.0123748779297,20124000,0.0,0.0
2021-09-08 00:00:00-04:00,142.8334717334425,143.13082285164162,141.74313388446112,142.4280548095703,18344000,0.0,0.0
2021-09-09 00:00:00-04:00,142.5762555754694,143.04212585693128,141.91908838731538,142.27938842773438,15314000,0.0,0.0
2021-09-10 00:00:00-04:00,142.94494785456573,143.44651225924972,139.50099932298838,139.63778686523438,36840000,0.0,0.0
2021-09-13 00:00:00-04:00,140.7018679540071,141.6935778474216,140.00852254788668,141.08151245117188,22094000,0.0,0.0
2021-09-14 00:00:00-04:00,141.73868129488542,142.1029591253105,140.5041295860025,141.29164123535156,19674000,0.0,0.0
2021-09-15 00:00:00-04:00,141.51661761675751,143.18086098824864,140.10513777709136,143.16004943847656,27408000,0.0,0.0
2021-09-16 00:00:00-04:00,142.68527016924585,143.03170083482422,141.14988885441545,142.34776306152344,26190000,0.0,0.0
2021-09-17 00:00:00-04:00,141.7733797216764,142.18918733159688,139.23538335972722,139.56248474121094,53384000,0.0,0.0
2021-09-20 00:00:00-04:00,136.9471499261735,137.77828102826925,135.1238250653687,137.500244140625,46518000,0.0,0.0
2021-09-21 00:00:00-04:00,138.5212142285647,138.78092005656075,137.0626508817225,137.81101989746094,25332000,0.0,0.0
2021-09-22 00:00:00-04:00,138.07962340432297,139.64870264345097,137.33373489370697,139.05050659179688,25056000,0.0,0.0
2021-09-23 00:00:00-04:00,139.74834620899532,140.45111435610144,139.16749808844298,139.97483825683594,20952000,0.0,0.0
2021-09-24 00:00:00-04:00,139.30326368063228,141.07952064576384,139.00837789075337,140.96502685546875,22984000,0.0,0.0
2021-09-27 00:00:00-04:00,139.5669415885207,140.69097726660868,138.83641973309338,139.83209228515625,21882000,0.0,0.0
2021-09-28 00:00:00-04:00,137.43629028704004,137.87390754362576,134.17025351354255,134.63612365722656,45772000,0.0,0.0
2021-09-29 00:00:00-04:00,135.77601734194502,135.94551954942906,132.68840614852857,133.172607421875,30848000,0.0,0.0
2021-09-30 00:00:00-04:00,133.08143210735338,134.35116361737062,132.3821276786133,132.50106811523438,37996000,0.0,0.0
2021-10-01 00:00:00-04:00,133.26579353336834,135.70715804170354,132.8945886396275,135.34288024902344,35360000,0.0,0.0
2021-10-04 00:00:00-04:00,134.76551219994235,134.76551219994235,129.89817950948486,132.4847412109375,51202000,0.0,0.0
2021-10-05 00:00:00-04:00,132.86287924921712,136.01840082000018,132.86287924921712,134.82745361328125,32404000,0.0,0.0
2021-10-06 00:00:00-04:00,133.56565053252967,136.53928282638935,133.3674114045409,136.3559112548828,24364000,0.0,0.0
2021-10-07 00:00:00-04:00,137.67123135730094,138.81113270818318,137.4323522466048,138.00131225585938,25110000,0.0,0.0
2021-10-08 00:00:00-04:00,138.35019085435826,139.0975614312724,137.99385356549078,138.55686950683594,26526000,0.0,0.0
2021-10-11 00:00:00-04:00,138.0677377987258,139.47525527556462,137.63852974209917,137.69305419921875,17954000,0.0,0.0
2021-10-12 00:00:00-04:00,138.25409150890258,138.28086218891866,134.56678576661557,135.24974060058594,36332000,0.0,0.0
2021-10-13 00:00:00-04:00,136.19484551288934,136.78709762710315,135.3191115718021,136.37277221679688,19654000,0.0,0.0
2021-10-14 00:00:00-04:00,138.24812282051505,140.09523891303556,137.6048250070832,139.91038513183594,31894000,0.0,0.0
2021-10-15 00:00:00-04:00,140.3698121513104,140.47240282360914,139.51786944318084,140.12547302246094,30274000,0.0,0.0
2021-10-18 00:00:00-04:00,139.83653402400074,141.5409184042978,139.8295917986677,141.5230712890625,20396000,0.0,0.0
2021-10-19 00:00:00-04:00,142.12723254261542,142.39982458163402,141.3466631289933,141.97805786132812,20164000,0.0,0.0
2021-10-20 00:00:00-04:00,142.0781590742051,142.28433864697428,140.1338971977449,140.52294921875,23288000,0.0,0.0
2021-10-21 00:00:00-04:00,140.52292476733345,140.90653183850606,139.26508137049274,140.63890075683594,26292000,0.0,0.0
2021-10-22 00:00:00-04:00,137.92698514135645,139.34738897299374,134.86018454789837,136.35740661621094,50588000,0.0,0.0
2021-10-25 00:00:00-04:00,136.34104419991752,136.787086020702,134.23372308873442,136.23895263671875,34412000,0.0,0.0
2021-10-26 00:00:00-04:00,138.03947326185792,138.85175904468622,137.08890257767035,138.08407592773438,49236000,0.0,0.0
2021-10-27 00:00:00-04:00,138.17973449966777,147.34347311686153,138.17973449966777,144.93235778808594,85782000,0.0,0.0
2021-10-28 00:00:00-04:00,145.8413168219632,145.8646088246245,143.35584839252425,144.56710815429688,36206000,0.0,0.0
2021-10-29 00:00:00-04:00,143.8028958035192,146.9390884983664,143.37816460086918,146.74481201171875,43320000,0.0,0.0
2021-11-01 00:00:00-04:00,146.74477665621114,146.74477665621114,141.96663496333343,142.23574829101562,46924000,0.0,0.0
2021-11-02 00:00:00-04:00,143.3087514833836,145.3204089612238,143.0668927959046,144.1542510986328,33482000,0.0,0.0
2021-11-03 00:00:00-04:00,144.61813015361963,145.3798843880956,143.3201457071093,145.30950927734375,27494000,0.0,0.0
2021-11-04 00:00:00-04:00,145.83136586908142,148.41744313308732,145.0220445618424,146.96432495117188,38412000,0.0,0.0
2021-11-05 00:00:00-04:00,147.85841557801552,149.00624241473633,146.89447456017774,147.54371643066406,38354000,0.0,0.0
2021-11-08 00:00:00-05:00,148.50812750855306,149.29119236496442,147.12588357863783,147.7211151123047,23052000,0.0,0.0
2021-11-09 00:00:00-05:00,147.92135382889896,148.5175685400609,145.9508203469495,147.609619140625,19530000,0.0,0.0
2021-11-10 00:00:00-05:00,146.20357706440018,146.76857441866247,143.2671214393326,144.61119079589844,29970000,0.0,0.0
2021-11-11 00:00:00-05:00,145.20198891260358,146.2388007014772,144.32079493376511,144.48533630371094,16518000,0.0,0.0
2021-11-12 00:00:00-05:00,145.32685883285086,147.5417315550425,144.1329471350042,147.37123107910156,22360000,0.0,0.0
2021-11-15 00:00:00-05:00,147.59176109433906,148.2350588729297,146.27791087379003,147.14720153808594,23508000,0.0,0.0
2021-11-16 00:00:00-05:00,146.84735807065675,147.4549615682087,146.0177092454579,146.57626342773438,18904000,0.0,0.0
2021-11-17 00:00:00-05:00,146.72644398004232,147.25376579403348,145.9458745981903,146.7457733154297,19594000,0.0,0.0
2021-11-18 00:00:00-05:00,146.9385815884133,149.25702820435575,146.58472464481926,148.52154541015625,35608000,0.0,0.0
2021-11-19 00:00:00-05:00,148.6572837489673,149.63958581040478,147.59025327593002,147.6175079345703,33682000,0.0,0.0
2021-11-22 00:00:00-05:00,148.0199796793374,148.51260548030166,144.86297594328792,145.01611328125,30594000,0.0,0.0
2021-11-23 00:00:00-05:00,144.86842802033317,145.37097563328547,142.84834603035105,144.5006866455078,27218000,0.0,0.0
2021-11-24 00:00:00-05:00,144.19487604589696,144.96405646776765,143.10405430635475,144.835693359375,18040000,0.0,0.0
2021-11-26 00:00:00-05:00,143.07979835205043,143.28696106170008,140.5958271690256,140.93333435058594,30470000,0.0,0.0
2021-11-29 00:00:00-05:00,142.73435339938078,145.0116607886392,142.62878315864714,144.25140380859375,32596000,0.0,0.0
2021-11-30 00:00:00-05:00,143.73397863340372,144.71676490782465,140.3569260142656,140.65032958984375,42068000,0.0,0.0
2021-12-01 00:00:00-05:00,142.73435417388086,144.66771130937158,139.67349778643103,139.811767578125,34020000,0.0,0.0
2021-12-02 00:00:00-05:00,140.00849092046252,142.60001285296258,138.98208525171864,141.70941162109375,29194000,0.0,0.0
2021-12-03 00:00:00-05:00,142.4181454494306,143.13082014038355,139.06784841754663,140.75340270996094,41230000,0.0,0.0
2021-12-06 00:00:00-05:00,141.78326347810582,142.5881230149532,138.9181661975633,141.89675903320312,30618000,0.0,0.0
2021-12-07 00:00:00-05:00,144.31681320908484,146.23431960919498,143.95105317379645,145.97511291503906,32240000,0.0,0.0
2021-12-08 00:00:00-05:00,146.2992073386308,147.0887152685384,145.11918035220566,146.88401794433594,24270000,0.0,0.0
2021-12-09 00:00:00-05:00,146.29378297525568,147.78952259539568,145.82196873525865,146.3408660888672,23270000,0.0,0.0
2021-12-10 00:00:00-05:00,147.39303059375538,147.66808793780228,145.41457182465953,146.70066833496094,24458000,0.0,0.0
2021-12-13 00:00:00-05:00,146.48258801928816,146.66943824103194,144.23849477412142,144.54478454589844,27070000,0.0,0.0
2021-12-14 00:00:00-05:00,142.7026193273764,143.21011265403155,139.9738104375734,142.64215087890625,38446000,0.0,0.0
2021-12-15 00:00:00-05:00,142.148536251989,145.43142268224105,140.43274769467823,145.1538848876953,36370000,0.0,0.0
2021-12-16 00:00:00-05:00,145.8769849184342,146.37903341060957,142.34479835563232,143.17544555664062,33650000,0.0,0.0
2021-12-17 00:00:00-05:00,141.24755251079608,142.5703265958565,140.05810246195654,140.4793701171875,50416000,0.0,0.0
2021-12-20 00:00:00-05:00,138.7694803949331,140.5283891248186,138.096447568036,140.3623504638672,27192000,0.0,0.0
2021-12-21 00:00:00-05:00,140.80495248159482,142.60450151263055,139.26758970259098,142.21148681640625,28756000,0.0,0.0
2021-12-22 00:00:00-05:00,141.81003144963466,145.2123570924687,141.81003144963466,145.1280975341797,26322000,0.0,0.0
2021-12-23 00:00:00-05:00,145.21235527070144,146.94053073802044,145.16477304721343,145.6251983642578,26384000,0.0,0.0
2021-12-27 00:00:00-05:00,145.96172629853862,147.0401610488901,145.87598451208166,146.60650634765625,15976000,0.0,0.0
2021-12-28 00:00:00-05:00,146.93310171719043,146.9955515001699,144.77078743444807,145.39772033691406,18200000,0.0,0.0
2021-12-29 00:00:00-05:00,145.35560679623677,146.12132376201117,144.3673755989165,145.3660125732422,17788000,0.0,0.0
2021-12-30 00:00:00-05:00,145.40465905246458,146.0053355046696,144.71131371891346,144.91549682617188,15688000,0.0,0.0
2021-12-31 00:00:00-05:00,144.766356675686,145.40915549994088,143.57888793945312,143.57888793945312,18136000,0.0,0.0
2022-01-03 00:00:00-05:00,143.78006634339744,144.56907529374837,142.44986625187568,143.71713256835938,28646000,0.0,0.0
2022-01-04 00:00:00-05:00,144.1180880032146,145.19752108924183,142.45336015947626,143.13035583496094,28400000,0.0,0.0
2022-01-05 00:00:00-05:00,143.1506401362504,143.22943968889484,136.4778153700128,136.5640411376953,54618000,0.0,0.0
2022-01-06 00:00:00-05:00,135.79436399283284,138.71000766618633,135.3582289281207,136.53677368164062,37348000,0.0,0.0
2022-01-07 00:00:00-05:00,136.93128920152486,137.23163499485634,134.57320114440378,135.81271362304688,29760000,0.0,0.0
2022-01-10 00:00:00-05:00,133.89077354018556,137.59938954533916,131.9940937569273,137.45069885253906,44408000,0.0,0.0
2022-01-11 00:00:00-05:00,136.7940204323314,138.9836045313537,135.49107504085617,138.5078125,28730000,0.0,0.0
2022-01-12 00:00:00-05:00,139.9093868006954,141.35457977142337,139.45790011942026,140.1874237060547,26108000,0.0,0.0
2022-01-13 00:00:00-05:00,140.29594448293275,141.59444309970127,137.19246729901857,137.36891174316406,31436000,0.0,0.0
2022-01-14 00:00:00-05:00,135.87416542111617,139.50497974939202,135.79438276109653,138.2545623779297,29662000,0.0,0.0
2022-01-18 00:00:00-05:00,134.97813484766374,135.92622520287958,134.24811208025204,134.8026885986328,34872000,0.0,0.0
2022-01-19 00:00:00-05:00,135.32354033179294,136.74692336638395,133.82879908705206,133.9289093017578,28648000,0.0,0.0
2022-01-20 00:00:00-05:00,135.05247646638676,136.41638959519287,131.79584612438092,132.13583374023438,29908000,0.0,0.0
2022-01-21 00:00:00-05:00,131.42809390052594,133.68011249754008,128.94312507327743,129.20579528808594,55652000,0.0,0.0
2022-01-24 00:00:00-05:00,124.87074048240562,130.04982252537027,123.40573418952586,129.65432739257812,76622000,0.0,0.0
2022-01-25 00:00:00-05:00,127.60847149388137,128.26167595997225,125.38865318603597,125.81932830810547,46960000,0.0,0.0
2022-01-26 00:00:00-05:00,129.96656245343323,131.8310265621683,126.02451243511305,128.09713745117188,49130000,0.0,0.0
2022-01-27 00:00:00-05:00,130.1499289030449,131.48657203766555,127.79926707176217,127.87113952636719,31950000,0.0,0.0
2022-01-28 00:00:00-05:00,128.51937364185733,132.18438456774498,127.35569637367115,132.17892456054688,34362000,0.0,0.0
2022-01-31 00:00:00-05:00,132.98284153048613,134.28232364001818,131.04750282086047,134.1143035888672,39986000,0.0,0.0
2022-02-01 00:00:00-05:00,136.38515490873857,136.58191182952572,133.18751085954932,136.43421936035156,68644000,0.0,0.0
2022-02-02 00:00:00-05:00,149.92062310914736,150.21451067811546,144.24347030048295,146.69918823242188,123200000,0.0,0.0
2022-02-03 00:00:00-05:00,144.42487252128518,148.35948154682154,141.41158317819725,141.8323516845703,71518000,0.0,0.0
2022-02-04 00:00:00-05:00,142.1837422499907,143.6016655574309,139.27998583713477,142.0335693359375,57998000,0.0,0.0
2022-02-07 00:00:00-05:00,142.9821426046324,142.9821426046324,137.67915934204296,137.97752380371094,54974000,0.0,0.0
2022-02-08 00:00:00-05:00,137.80457400105325,138.7695132466174,135.80976527306845,138.17379760742188,54284000,0.0,0.0
2022-02-09 00:00:00-05:00,139.72453341095786,141.27181794404441,138.95485380934457,140.34750366210938,40144000,0.0,0.0
2022-02-10 00:00:00-05:00,138.4756300439531,140.24096723376755,136.74447462445005,137.40164184570312,39330000,0.0,0.0
2022-02-11 00:00:00-05:00,137.38183758861442,137.93343459992383,132.22752877890463,133.10227966308594,39958000,0.0,0.0
2022-02-14 00:00:00-05:00,132.08525517352243,135.10200740871497,132.08525517352243,134.33480834960938,34302000,0.0,0.0
2022-02-15 00:00:00-05:00,136.36135685706915,136.8946378100411,134.62773623845976,135.40782165527344,26680000,0.0,0.0
2022-02-16 00:00:00-05:00,135.44546098409901,136.87230757588372,133.73809706927898,136.52737426757812,25022000,0.0,0.0
2022-02-17 00:00:00-05:00,135.04552392763165,135.90837156390384,131.31411513265346,131.37408447265625,38950000,0.0,0.0
2022-02-18 00:00:00-05:00,132.293916239701,132.89162828166567,129.05216896587058,129.25685119628906,45620000,0.0,0.0
2022-02-22 00:00:00-05:00,128.69680623013534,131.01871597493778,127.09649469482315,128.6725311279297,44990000,0.0,0.0
2022-02-23 00:00:00-05:00,130.49139522919555,130.89035389025435,126.40661391799688,126.46658325195312,32786000,0.0,0.0
2022-02-24 00:00:00-05:00,123.85524617381691,131.8310242930199,123.85524617381691,131.5247344970703,54456000,0.0,0.0
2022-02-25 00:00:00-05:00,132.37815465015106,134.0825389091861,130.593473502944,133.27767944335938,36406000,0.0,0.0
2022-02-28 00:00:00-05:00,131.88058572904305,134.5583337933557,131.427102602085,133.8699493408203,38864000,0.0,0.0
2022-03-01 00:00:00-05:00,133.69301448970344,135.0579106140199,132.04761612674722,132.88319396972656,26496000,0.0,0.0
2022-03-02 00:00:00-05:00,133.4447243246417,134.07363858013736,131.90190155372292,133.3887176513672,23520000,0.0,0.0
2022-03-03 00:00:00-05:00,134.8145339533658,135.24026321678946,131.85626913556123,132.72259521484375,24604000,0.0,0.0
2022-03-04 00:00:00-05:00,131.75918412489344,132.67505894637247,129.19193655948962,130.7471466064453,30430000,0.0,0.0
2022-03-07 00:00:00-05:00,130.33232674161766,130.57714987008313,125.18496092413871,125.26773071289062,45112000,0.0,0.0
2022-03-08 00:00:00-05:00,125.1403534553541,130.09640705754634,124.56991120175218,125.98734283447266,40428000,0.0,0.0
2022-03-09 00:00:00-05:00,130.0964043089668,132.56006261647792,128.75876292905036,132.24732971191406,37026000,0.0,0.0
2022-03-10 00:00:00-05:00,130.11229217718827,132.1006579109377,129.76189877245108,131.26556396484375,27102000,0.0,0.0
2022-03-11 00:00:00-05:00,132.3152468515917,132.6195553638783,128.4921518581666,128.7290496826172,31526000,0.0,0.0
2022-03-14 00:00:00-04:00,129.1051815929941,129.26278069161833,124.17391033444304,124.84396362304688,38812000,0.0,0.0
2022-03-15 00:00:00-04:00,125.85998364963604,128.71319344700177,124.61551767245045,128.0624542236328,30920000,0.0,0.0
2022-03-16 00:00:00-04:00,129.58395977320907,132.16109871004574,127.60302044405091,132.10906982421875,35576000,0.0,0.0
2022-03-17 00:00:00-04:00,131.97873604106536,132.9020522183908,131.02320430101446,132.6626739501953,28264000,0.0,0.0
2022-03-18 00:00:00-04:00,132.25179767226226,135.0465201210338,131.09604557963877,134.92906188964844,44566000,0.0,0.0
2022-03-21 00:00:00-04:00,134.96672499602926,135.84543842143734,132.9139283478914,134.9052734375,26832000,0.0,0.0
2022-03-22 00:00:00-04:00,134.90526665885673,139.81027445788428,134.90526665885673,138.63865661621094,35496000,0.0,0.0
2022-03-23 00:00:00-04:00,137.48342965556287,138.36164408850559,136.62356145713596,137.0601806640625,25154000,0.0,0.0
2022-03-24 00:00:00-04:00,137.97655160721126,140.37429702016314,136.53979796909434,140.3277130126953,26396000,0.0,0.0
2022-03-25 00:00:00-04:00,140.6686558555551,140.78661319393285,138.50930604145182,140.42779541015625,24126000,0.0,0.0
2022-03-28 00:00:00-04:00,139.66208940065627,140.75440862104264,138.5826564041628,140.21221923828125,35050000,0.0,0.0
2022-03-29 00:00:00-04:00,141.39374081978931,142.52966445696305,140.79008476675781,141.2529754638672,34318000,0.0,0.0
2022-03-30 00:00:00-04:00,141.2078644355121,141.4660728529996,140.35542274045525,140.69094848632812,19884000,0.0,0.0
2022-03-31 00:00:00-04:00,140.80444813456486,140.85897258818176,137.80257825062185,137.84519958496094,37524000,0.0,0.0
2022-04-01 00:00:00-04:00,138.27389064424523,139.23634932313234,137.0918670617453,138.91867065429688,25942000,0.0,0.0
2022-04-04 00:00:00-04:00,139.12486433293225,142.4488900673313,139.07728210128434,141.7148895263672,25942000,0.0,0.0
2022-04-05 00:00:00-04:00,141.61330967162542,141.7337323550577,139.14866782551803,139.35533142089844,21418000,0.0,0.0
2022-04-06 00:00:00-04:00,137.5304656429179,138.13560380565775,134.32588019815415,135.3478240966797,32468000,0.0,0.0
2022-04-07 00:00:00-04:00,134.81459077890295,135.9589541832873,133.04775611720527,134.6941680908203,26234000,0.0,0.0
2022-04-08 00:00:00-04:00,134.39180707525873,134.4775488545769,131.7968213100517,132.11599731445312,25142000,0.0,0.0
2022-04-11 00:00:00-04:00,130.66487062485646,130.9315035311139,127.53760194851499,127.69123840332031,36884000,0.0,0.0
2022-04-12 00:00:00-04:00,130.44332693880528,130.44332693880528,125.67460792755578,126.59197235107422,32710000,0.0,0.0
2022-04-13 00:00:00-04:00,126.87496906105243,129.18845446203287,126.61824282890016,128.7523193359375,27928000,0.0,0.0
2022-04-14 00:00:00-04:00,129.33268319605867,129.33268319605867,125.48826307957773,125.61613464355469,31598000,0.0,0.0
2022-04-18 00:00:00-04:00,125.8837687708988,127.0856057890182,125.07295756823771,126.5543212890625,20808000,0.0,0.0
2022-04-19 00:00:00-04:00,126.56918205499946,129.18745998099084,125.88326290264443,128.86631774902344,26490000,0.0,0.0
2022-04-20 00:00:00-04:00,129.74154970357304,130.24409728114765,126.37936469139383,126.91461181640625,31696000,0.0,0.0
2022-04-21 00:00:00-04:00,128.11399236207833,128.9550302257485,123.43200519213937,123.71747589111328,36446000,0.0,0.0
2022-04-22 00:00:00-04:00,123.90135199182903,124.2998191633257,117.87974930996148,118.58399963378906,56884000,0.0,0.0
2022-04-25 00:00:00-04:00,118.05418408752932,122.19397402288331,117.46937340165847,121.99226379394531,46128000,0.0,0.0
2022-04-26 00:00:00-04:00,121.2196388118787,121.43324463130847,117.46939185587648,117.60717010498047,73054000,0.0,0.0
2022-04-27 00:00:00-04:00,113.46338958402451,116.2115203098223,111.74562732959535,113.28993225097656,91820000,0.0,0.0
2022-04-28 00:00:00-04:00,115.39180660167489,118.59787504178948,113.11201872859588,117.48078155517578,48884000,0.0,0.0
2022-04-29 00:00:00-04:00,115.70848796251151,116.88356939125211,112.81415439821426,113.10655975341797,42676000,0.0,0.0
2022-05-02 00:00:00-04:00,112.4082500446914,115.71938932068893,111.61032511577044,115.55831909179688,35534000,0.0,0.0
2022-05-03 00:00:00-04:00,115.40715683615127,117.40098229604361,115.01464126005,116.30271911621094,24968000,0.0,0.0
2022-05-04 00:00:00-04:00,116.00287299219873,121.77469077330238,114.10420454212863,121.18640899658203,49916000,0.0,0.0
2022-05-05 00:00:00-04:00,119.14750092797412,119.97516100768799,113.99469020299561,115.48150634765625,45840000,0.0,0.0
2022-05-06 00:00:00-04:00,114.17211482737774,116.5381358862753,113.01339074570949,114.72917175292969,39710000,0.0,0.0
2022-05-09 00:00:00-04:00,112.25462080802374,114.06556635107472,111.01610644763626,111.5221176147461,40802000,0.0,0.0
2022-05-10 00:00:00-04:00,114.49227422836657,115.22824850518352,111.90818559117898,113.3895492553711,39900000,0.0,0.0
2022-05-11 00:00:00-04:00,112.24123109079025,115.34173644656327,112.24123109079025,112.60401153564453,37534000,0.0,0.0
2022-05-12 00:00:00-04:00,110.3985706744424,113.29042361789074,108.85921908657511,111.85218048095703,53836000,0.0,0.0
2022-05-13 00:00:00-04:00,113.52633065893913,116.83895961506994,112.60649331317624,115.0304946899414,35038000,0.0,0.0
2022-05-16 00:00:00-04:00,113.94511327209501,115.1489390261491,112.8884884094621,113.43910217285156,25990000,0.0,0.0
2022-05-17 00:00:00-04:00,115.81355000837539,115.87252867662438,113.8603722292567,115.44927978515625,23054000,0.0,0.0
2022-05-18 00:00:00-04:00,113.98922034669788,114.38570610384942,110.5749916437423,110.91596984863281,35126000,0.0,0.0
2022-05-19 00:00:00-04:00,110.4521046016662,112.01672963021842,109.03318313781098,109.41381072998047,34144000,0.0,0.0
2022-05-20 00:00:00-04:00,110.96702082393216,111.19748304933411,104.86661954709218,107.95076751708984,48962000,0.0,0.0
2022-05-23 00:00:00-04:00,108.62430893865206,111.16180602376643,107.7852448693059,110.50810241699219,37184000,0.0,0.0
2022-05-24 00:00:00-04:00,104.8423317128558,105.52279834062878,100.98899593179834,105.03858947753906,76780000,0.0,0.0
2022-05-25 00:00:00-04:00,104.06276758814788,105.56395993156367,102.94369266973779,104.87506866455078,40258000,0.0,0.0
2022-05-26 00:00:00-04:00,104.74816998923528,107.6945397193801,104.30013932618309,106.84507751464844,37948000,0.0,0.0
2022-05-27 00:00:00-04:00,108.52072351941294,111.33080496604357,108.17924616749293,111.32931518554688,37914000,0.0,0.0
2022-05-31 00:00:00-04:00,111.75553052247338,114.71776605291463,111.09340252923525,112.7621078491211,50012000,0.0,0.0
2022-06-01 00:00:00-04:00,113.84550925646737,116.07226223773644,112.25461274183665,112.8909683227539,36606000,0.0,0.0
2022-06-02 00:00:00-04:00,112.99801816382626,116.863242236052,111.95378036843927,116.58867645263672,37992000,0.0,0.0
2022-06-03 00:00:00-04:00,115.04239030742981,115.2991165371884,112.52075159132542,113.53426361083984,26136000,0.0,0.0
2022-06-06 00:00:00-04:00,115.6787463489471,118.29802241385896,115.14300011660191,115.79373168945312,33542000,0.0,0.0
2022-06-07 00:00:00-04:00,114.46550552636866,116.65657936123159,114.0407744070312,116.11983489990234,31590000,0.0,0.0
2022-06-08 00:00:00-04:00,115.73524670504767,117.52835256429877,115.57516714354193,116.16394805908203,26108000,0.0,0.0
2022-06-09 00:00:00-04:00,115.3050626696795,117.25923874880715,113.76720083398786,113.82617950439453,25798000,0.0,0.0
2022-06-10 00:00:00-04:00,111.45668305650874,112.28335238911357,109.39595372206405,110.18446350097656,41452000,0.0,0.0
2022-06-13 00:00:00-04:00,105.84791642014875,107.83529107558937,105.18628753798215,105.45738220214844,47252000,0.0,0.0
2022-06-14 00:00:00-04:00,105.5986399557648,106.97592316690826,104.87009945591228,105.77754974365234,33706000,0.0,0.0
2022-06-15 00:00:00-04:00,107.59096455911155,110.44416645951732,106.7231636370719,108.79975128173828,39698000,0.0,0.0
2022-06-16 00:00:00-04:00,106.27861002380959,107.69356127238406,104.21391782028991,105.10154724121094,51684000,0.0,0.0
2022-06-17 00:00:00-04:00,105.10153777233351,107.74410579485648,104.12271420584322,106.2017822265625,51376000,0.0,0.0
2022-06-21 00:00:00-04:00,107.97208392269314,111.50079919576064,107.64548168742688,110.56360626220703,47416000,0.0,0.0
2022-06-22 00:00:00-04:00,109.58479714760662,112.35026855081978,109.4123229035937,110.50761413574219,30774000,0.0,0.0
2022-06-23 00:00:00-04:00,111.2450568706106,111.75156708607098,109.52927601369151,111.25546264648438,28362000,0.0,0.0
2022-06-24 00:00:00-04:00,112.00185482451673,117.0411696178319,111.95972504269348,116.93807983398438,41164000,0.0,0.0
2022-06-27 00:00:00-04:00,117.23347976134313,117.53728158186594,114.16716328582419,114.81542205810547,36420000,0.0,0.0
2022-06-28 00:00:00-04:00,114.78467596630205,116.27843425509606,110.86493491306922,111.02303314208984,35792000,0.0,0.0
2022-06-29 00:00:00-04:00,110.57155017231149,112.16591040015909,109.89801807125794,110.71973419189453,24716000,0.0,0.0
2022-06-30 00:00:00-04:00,109.03317519019397,109.9133707611735,105.81174046866552,108.00528717041016,43170000,0.0,0.0
2022-07-01 00:00:00-04:00,106.98435821071257,108.28978421732921,105.7924277811794,107.78179168701172,35476000,0.0,0.0
2022-07-05 00:00:00-04:00,106.15916719622534,112.38049828174634,104.80219643466671,112.26750183105469,39342000,0.0,0.0
2022-07-06 00:00:00-04:00,112.30616050739741,114.57355354870796,110.49620571439615,113.56499481201172,37432000,0.0,0.0
2022-07-07 00:00:00-04:00,114.06853442164258,118.14191207685637,113.82420284830546,117.73898315429688,40936000,0.0,0.0
2022-07-08 00:00:00-04:00,116.21946167906191,118.63305746114801,115.87402164356276,118.30447387695312,38238000,0.0,0.0
2022-07-11 00:00:00-04:00,116.96087291799587,116.96087291799587,114.31681523707087,114.65977478027344,31196000,0.0,0.0
2022-07-12 00:00:00-04:00,115.19355693473877,115.94588857717979,112.69075577017246,113.01834869384766,29960000,0.0,0.0
2022-07-13 00:00:00-04:00,110.71922817942544,113.19230171782554,110.22412191978457,110.37478637695312,43722000,0.0,0.0
2022-07-14 00:00:00-04:00,109.241827899975,110.11657102778943,107.42047675216378,109.39744567871094,37004000,0.0,0.0
2022-07-15 00:00:00-04:00,111.01609105740265,112.14607058469424,109.9252617490399,110.7950439453125,46770000,0.0,0.0
2022-07-18 00:00:00-04:00,111.6499722698316,112.68083230186653,107.41750592240679,108.07170104980469,43164600,0.0,20.0
2022-07-19 00:00:00-04:00,109.87570948732167,113.01784573162385,108.59704671976239,112.8096923828125,36530900,0.0,0.0
2022-07-20 00:00:00-04:00,112.17532331814631,114.38572670784276,111.49139301526064,112.89891052246094,35600400,0.0,0.0
2022-07-21 00:00:00-04:00,113.27555937905743,113.54319050720274,110.13342322528176,113.33502960205078,32676200,0.0,0.0
2022-07-22 00:00:00-04:00,110.02438896081073,111.35260768410927,105.56394075969678,106.9516372680664,48901200,0.0,0.0
2022-07-25 00:00:00-04:00,107.45716999720172,108.90433690538596,105.36571453532912,106.56507873535156,34690900,0.0,0.0
2022-07-26 00:00:00-04:00,105.66306147231995,106.25778639316266,103.1552995551691,104.0969467163086,47991000,0.0,0.0
2022-07-27 00:00:00-04:00,108.29968789382276,112.9088193610781,107.06067446511638,112.0662841796875,59858500,0.0,0.0
2022-07-28 00:00:00-04:00,111.3823490591432,113.33502778538879,110.48034369240179,113.2160873413086,32816600,0.0,0.0
2022-07-29 00:00:00-04:00,112.08610228723958,115.68419422976437,112.06627383930068,115.29762268066406,37223400,0.0,0.0
2022-08-01 00:00:00-04:00,114.28660666241481,115.6941241637175,113.3350376529,113.85047149658203,26034300,0.0,0.0
2022-08-02 00:00:00-04:00,112.9980223744773,115.32736606008014,112.72048458212805,114.11808776855469,20236000,0.0,0.0
2022-08-03 00:00:00-04:00,114.69298797756183,117.57741471400418,114.46501375387983,117.04216003417969,28499000,0.0,0.0
2022-08-04 00:00:00-04:00,116.44744062554241,117.73601004530308,115.86262235872188,117.15119934082031,21602900,0.0,0.0
2022-08-05 00:00:00-04:00,115.20843127858919,117.07190480623939,114.98044947375558,116.43753051757812,19159500,0.0,0.0
2022-08-08 00:00:00-04:00,117.34943613172396,119.09396911037126,115.85270583222336,116.2690200805664,19138300,0.0,0.0
2022-08-09 00:00:00-04:00,116.11042376218631,116.28884199524232,114.69299212244628,115.60490417480469,19086500,0.0,0.0
2022-08-10 00:00:00-04:00,117.73599909418206,119.8571892675323,117.36925599576715,118.64791107177734,30930400,0.0,0.0
2022-08-11 00:00:00-04:00,120.21403540752571,120.42218875210386,117.51794102802992,117.79547882080078,24293700,0.0,0.0
2022-08-12 00:00:00-04:00,119.2030095573056,120.61052703857422,118.41003791477617,120.61052703857422,19096300,0.0,0.0
2022-08-15 00:00:00-04:00,120.06535665403284,121.2250789907804,119.54993038618566,121.00701141357422,19494800,0.0,0.0
2022-08-16 00:00:00-04:00,120.45192234559127,121.35392772306473,119.57965964182924,120.63034057617188,19041200,0.0,0.0
2022-08-17 00:00:00-04:00,119.06424216404282,120.22395696701935,118.3307407385834,118.49925231933594,22847000,0.0,0.0
2022-08-18 00:00:00-04:00,118.38029100928513,119.75807324012199,117.67653233875487,119.11378479003906,17987700,0.0,0.0
2022-08-19 00:00:00-04:00,118.0135401713866,118.10275306426914,115.73376016351709,116.17980194091797,21809500,0.0,0.0
2022-08-22 00:00:00-04:00,114.18746987498629,114.61369077944998,112.84933693940785,113.23590850830078,21456600,0.0,0.0
2022-08-23 00:00:00-04:00,112.48260318331054,113.999154474037,112.43303961913671,112.85926055908203,15870400,0.0,0.0
2022-08-24 00:00:00-04:00,112.5024176637424,113.77116618601146,111.8779576273456,112.69075012207031,17734600,0.0,0.0
2022-08-25 00:00:00-04:00,113.23590401424377,115.69410978570761,113.1070493505059,115.62472534179688,16956800,0.0,0.0
2022-08-26 00:00:00-04:00,113.71170152369614,114.10818734688105,109.22151791479679,109.37019348144531,37245700,0.0,0.0
2022-08-29 00:00:00-04:00,109.02327231665438,109.97483376444924,107.84373662281749,108.45828247070312,21191200,0.0,0.0
2022-08-30 00:00:00-04:00,109.2016908341797,109.52879220958579,106.8525261036081,107.98250579833984,27513300,0.0,0.0
2022-08-31 00:00:00-04:00,109.67746398729584,109.87570309968547,107.1796088220971,107.2688217163086,28627000,0.0,0.0
2022-09-01 00:00:00-04:00,107.32829258582089,109.47921797382328,106.4163805635808,108.77545928955078,28360900,0.0,0.0
2022-09-02 00:00:00-04:00,109.61798420619859,109.76666731895013,106.31725842726799,106.90206909179688,24160700,0.0,0.0
2022-09-06 00:00:00-04:00,106.3569221880662,107.08050183935515,104.85027753257934,105.87122344970703,25068300,0.0,0.0
2022-09-07 00:00:00-04:00,106.11901365650074,109.01335460790509,105.96042387910643,108.48800659179688,23167000,0.0,0.0
2022-09-08 00:00:00-04:00,107.09040592922442,108.63669221562516,106.21814322757177,107.42741394042969,24238300,0.0,0.0
2022-09-09 00:00:00-04:00,108.11135259840358,110.0144753600422,108.06178903761959,109.6774673461914,23197700,0.0,0.0
2022-09-12 00:00:00-04:00,110.01447478728238,110.6389423756241,108.96379385270278,109.8856201171875,22966800,0.0,0.0
2022-09-13 00:00:00-04:00,106.85250771084715,107.34811302015102,103.17510966095605,103.40309143066406,38172900,0.0,0.0
2022-09-14 00:00:00-04:00,103.65091223558079,104.35467099054672,102.74891434711448,104.07713317871094,26395100,0.0,0.0
2022-09-15 00:00:00-04:00,103.11565198138281,104.34475118044541,101.45041763715635,102.00550079345703,34188300,0.0,0.0
2022-09-16 00:00:00-04:00,101.17286678380967,102.2235476117455,100.05280151558253,101.89645385742188,42797200,0.0,0.0
2022-09-19 00:00:00-04:00,100.85568758151153,102.42180228471612,100.65744846869414,102.1640853881836,23036800,0.0,0.0
2022-09-20 00:00:00-04:00,101.18280106502655,101.47025310674029,99.63650706262375,100.25106048583984,26517100,0.0,0.0
2022-09-21 00:00:00-04:00,100.7763794996927,101.97574341360239,98.39747255636897,98.40738677978516,31487300,0.0,0.0
2022-09-22 00:00:00-04:00,97.95143652872501,100.35016449651606,97.92170141907806,99.25983428955078,34298600,0.0,0.0
2022-09-23 00:00:00-04:00,98.75430816604332,98.78405083604791,96.61329722824732,97.87213134765625,31625400,0.0,0.0
2022-09-26 00:00:00-04:00,97.23777497245881,99.00212893213987,96.94041627902087,97.30715942382812,27072700,0.0,0.0
2022-09-27 00:00:00-04:00,98.55608825728369,99.12107809995993,96.01859107787291,96.64305114746094,30072800,0.0,0.0
2022-09-28 00:00:00-04:00,96.79173171420844,99.81491997880579,96.25647699916067,99.17063903808594,32466300,0.0,0.0
2022-09-29 00:00:00-04:00,97.77302956785141,97.77302956785141,95.11658440664736,96.56375122070312,31047200,0.0,0.0
2022-09-30 00:00:00-04:00,96.19700749257774,98.03074589010642,94.72009801207578,94.80931091308594,32941500,0.0,0.0
2022-10-03 00:00:00-04:00,95.90955955223941,98.4173216774245,95.67166351429726,97.77303314208984,27982000,0.0,0.0
2022-10-04 00:00:00-04:00,99.5572084701991,100.94489744691543,99.49773068381286,100.74665832519531,28850800,0.0,0.0
2022-10-05 00:00:00-04:00,98.95256988434666,101.03411092367425,97.93162403320214,100.53850555419922,22176900,0.0,0.0
2022-10-06 00:00:00-04:00,99.79509354103838,102.02531761520133,99.70588064565636,100.5285873413086,22324000,0.0,0.0
2022-10-07 00:00:00-04:00,98.97238249935859,99.64640604800172,97.43601051980215,97.81266784667969,27502800,0.0,0.0
2022-10-10 00:00:00-04:00,98.12984978372467,98.22896933164492,96.15734279946571,96.99987030029297,18225100,0.0,0.0
2022-10-11 00:00:00-04:00,96.57366175239092,98.37766497898305,95.4635030120505,96.32585906982422,26507100,0.0,0.0
2022-10-12 00:00:00-04:00,96.44480530818547,97.88205781573463,95.88972216704339,96.7025146484375,21876400,0.0,0.0
2022-10-13 00:00:00-04:00,94.31370108960836,98.90300397980121,93.55046460378601,98.1893310546875,34574500,0.0,0.0
2022-10-14 00:00:00-04:00,99.11114884737647,99.80500082627663,95.52297120409693,95.71129608154297,25410700,0.0,0.0
2022-10-17 00:00:00-04:00,97.99110967182449,100.0429159217116,97.96137455495263,99.09135437011719,28419200,0.0,0.0
2022-10-18 00:00:00-04:00,102.22355811984305,102.56057369471353,99.09133619885397,99.8843002319336,24060700,0.0,0.0
2022-10-19 00:00:00-04:00,99.1309831390766,100.13210049023245,98.0505595554906,98.75431823730469,23811100,0.0,0.0
2022-10-20 00:00:00-04:00,99.12108948698905,101.42069846059363,98.51645023613129,99.09135437011719,25323200,0.0,0.0
2022-10-21 00:00:00-04:00,96.98995739909645,100.41954522778374,96.86110274127708,100.24112701416016,32458700,0.0,0.0
2022-10-24 00:00:00-04:00,100.90524643291671,101.8468935183707,99.1012433660337,101.61891174316406,27176400,0.0,0.0
2022-10-25 00:00:00-04:00,101.99557665364006,103.89869927280016,101.81715843544772,103.56169128417969,40611400,0.0,0.0
2022-10-26 00:00:00-04:00,95.58245054848182,97.44592398970775,93.85774600381856,94.09563446044922,88114100,0.0,0.0
2022-10-27 00:00:00-04:00,93.68922665802769,94.59123197316706,90.99314006116907,91.4094467163086,60710900,0.0,0.0
2022-10-28 00:00:00-04:00,91.45901584652545,95.70140436063788,91.32024694154877,95.44368743896484,43697300,0.0,0.0
2022-10-31 00:00:00-04:00,94.58132675716521,95.18596591202643,93.15398843755676,93.67932891845703,31675000,0.0,0.0
2022-11-01 00:00:00-04:00,94.61106036439496,95.18596439796062,89.57571564537245,89.67483520507812,47161400,0.0,0.0
2022-11-02 00:00:00-04:00,90.14069668694522,90.37858511956873,86.1163764057392,86.2055892944336,57038300,0.0,0.0
2022-11-03 00:00:00-04:00,85.56129909230341,85.75953818830197,82.6074881629696,82.69670104980469,61288000,0.0,0.0
2022-11-04 00:00:00-04:00,84.64940926949454,85.87850862298481,82.97426048995159,85.81903839111328,51124900,0.0,0.0
2022-11-07 00:00:00-05:00,86.51287795839856,88.11864218694443,86.08665700922309,87.71224212646484,34078900,0.0,0.0
2022-11-08 00:00:00-05:00,88.11864471435547,89.52616228462122,86.82015337855162,88.11864471435547,30429000,0.0,0.0
2022-11-09 00:00:00-05:00,87.67257842772042,88.65388241006076,86.51286378932228,86.5525131225586,31769100,0.0,0.0
2022-11-10 00:00:00-05:00,91.43919312210994,93.56038355540274,90.80481883714413,93.11434173583984,51620100,0.0,0.0
2022-11-11 00:00:00-05:00,93.85774604143894,96.07805594966968,93.09450954770053,95.56262969970703,33090500,0.0,0.0
2022-11-14 00:00:00-05:00,94.25421709955037,95.93927974232757,93.67932066979866,94.85885620117188,30179500,0.0,0.0
2022-11-15 00:00:00-05:00,97.39637271288223,99.25984624445441,95.85999298915897,97.57479095458984,41640800,0.0,0.0
2022-11-16 00:00:00-05:00,97.03953867950554,98.7642433513322,96.78182175445707,97.98118591308594,29105200,0.0,0.0
2022-11-17 00:00:00-05:00,96.11770867544051,98.4074031127186,95.93929043602027,97.49549102783203,26052600,0.0,0.0
2022-11-18 00:00:00-05:00,97.90187281922236,98.0307350439421,95.52297330311087,96.57365417480469,28342300,0.0,0.0
2022-11-21 00:00:00-05:00,96.43488349899745,97.53512790783459,94.5218466726924,94.75973510742188,21647400,0.0,0.0
2022-11-22 00:00:00-05:00,95.10666080878029,96.36550259521411,93.22336658471515,96.1969985961914,23438500,0.0,0.0
2022-11-23 00:00:00-05:00,96.23664311244816,97.89197072674976,96.23664311244816,97.5946044921875,18868100,0.0,0.0
2022-11-25 00:00:00-05:00,97.37654437828832,97.77303020059202,96.5439309575548,96.60340118408203,9701400,0.0,0.0
2022-11-28 00:00:00-05:00,96.18709181030358,96.72234652124172,94.7696601393946,95.20579528808594,26237500,0.0,0.0
2022-11-29 00:00:00-05:00,94.8886024571373,95.27517402033777,93.28283842068635,94.35334777832031,20061700,0.0,0.0
2022-11-30 00:00:00-05:00,93.98659555889795,100.15192714493028,93.59010977787369,100.10236358642578,43647500,0.0,0.0
2022-12-01 00:00:00-05:00,100.13209869659357,101.35129114983415,99.36886980705012,100.10236358642578,28687100,0.0,0.0
2022-12-02 00:00:00-05:00,98.1794379788036,99.88431429297778,98.03075483844006,99.55722045898438,21480700,0.0,0.0
2022-12-05 00:00:00-05:00,98.52634555474117,100.48893851504042,98.1298597604134,98.60564422607422,24405100,0.0,0.0
2022-12-06 00:00:00-05:00,98.42723321260276,98.90301015080603,95.57254133403083,96.12762451171875,24910700,0.0,0.0
2022-12-07 00:00:00-05:00,95.56262596381266,96.02848863434032,93.88747748283083,94.10554504394531,31045400,0.0,0.0
2022-12-08 00:00:00-05:00,94.54168033617455,94.73992702719157,92.62864325130393,92.88636016845703,32213300,0.0,0.0
2022-12-09 00:00:00-05:00,92.94583211796659,93.43153084821046,91.93480044321662,92.01409912109375,28225400,0.0,0.0
2022-12-12 00:00:00-05:00,91.89512809478353,92.73765553983891,90.80479801516265,92.48985290527344,29420000,0.0,0.0
2022-12-13 00:00:00-05:00,96.90077367161189,98.65521352800921,94.1947647555695,94.78948974609375,40593700,0.0,0.0
2022-12-14 00:00:00-05:00,94.36326019238705,96.01858788905928,92.77732450792483,94.23440551757812,28733600,0.0,0.0
2022-12-15 00:00:00-05:00,92.31144624282094,92.81696579796765,89.21887381683445,90.0614013671875,40107000,0.0,0.0
2022-12-16 00:00:00-05:00,89.9622954697807,90.52728533047387,88.73318861726283,89.46669006347656,58011800,0.0,0.0
2022-12-19 00:00:00-05:00,89.46667706453866,89.7640357277138,87.43469216899084,87.66267395019531,29493000,0.0,0.0
2022-12-20 00:00:00-05:00,87.33557392675367,88.39616905558795,86.67146458378042,88.2375717163086,23453800,0.0,0.0
2022-12-21 00:00:00-05:00,88.29705818373395,89.42703786905226,87.54373587274237,88.79266357421875,24745600,0.0,0.0
2022-12-22 00:00:00-05:00,87.38514089164586,87.76179824360828,85.56130923053732,86.98865509033203,27658300,0.0,0.0
2022-12-23 00:00:00-05:00,86.34436275710375,88.76291923113465,86.30471342250716,88.44573211669922,23003000,0.0,0.0
2022-12-27 00:00:00-05:00,88.01951318270693,88.15828207571641,86.24524512227134,86.62190246582031,20097300,0.0,0.0
2022-12-28 00:00:00-05:00,86.21551552084601,87.26619651001516,85.18465541951453,85.26394653320312,19523200,0.0,0.0
2022-12-29 00:00:00-05:00,85.85867467640674,88.06907033133078,85.84876045182291,87.6725845336914,23333500,0.0,0.0
2022-12-30 00:00:00-05:00,86.21551535680346,87.52391325940049,85.80911531469404,87.45452880859375,23986300,0.0,0.0
2023-01-03 00:00:00-05:00,88.80256311679109,90.24973739582715,87.74196796868762,88.33670043945312,28131200,0.0,0.0
2023-01-04 00:00:00-05:00,89.55588448127065,89.85325071371112,86.50295373591993,87.30583953857422,34854800,0.0,0.0
2023-01-05 00:00:00-05:00,86.7011940154015,86.8003135647901,85.14499364675605,85.44235229492188,27194400,0.0,0.0
2023-01-06 00:00:00-05:00,86.0271578083352,86.91924874597541,84.11412129408177,86.57231903076172,41381500,0.0,0.0
2023-01-09 00:00:00-05:00,87.58337634262733,89.25852481278592,87.08777100232832,87.2463607788086,29003900,0.0,0.0
2023-01-10 00:00:00-05:00,85.2242962744404,87.89064781997227,85.07561316227476,87.6428451538086,30467800,0.0,0.0
2023-01-11 00:00:00-05:00,88.3961696743914,90.7948977302534,88.22766567198052,90.7155990600586,26862000,0.0,0.0
2023-01-12 00:00:00-05:00,90.67594739282139,91.06251891491691,88.96114975807878,90.32901763916016,30258100,0.0,0.0
2023-01-13 00:00:00-05:00,90.051483892175,91.3797100639102,89.3378110312232,91.3103256225586,26329200,0.0,0.0
2023-01-17 00:00:00-05:00,91.25086172242439,91.43919419002684,89.2585335052812,90.48763275146484,32602400,0.0,0.0
2023-01-18 00:00:00-05:00,91.3301539078307,91.98435660415667,89.84333784782173,90.31912231445312,29116700,0.0,0.0
2023-01-19 00:00:00-05:00,89.92263963407981,92.78723807060146,89.83342673497357,92.23216247558594,37000400,0.0,0.0
2023-01-20 00:00:00-05:00,94.26415150912518,97.43603080645585,94.1848528251657,97.15848541259766,63191100,0.0,0.0
2023-01-23 00:00:00-05:00,97.08909393274908,99.16072841791184,96.64305210182975,98.91292572021484,40005100,0.0,0.0
2023-01-24 00:00:00-05:00,97.23777151171052,98.73450183779414,96.3456803384707,96.8412857055664,33078500,0.0,0.0
2023-01-25 00:00:00-05:00,94.73000940210903,95.31482766669704,92.9359203962401,94.38308715820312,42330000,0.0,0.0
2023-01-26 00:00:00-05:00,95.65183309275027,96.71242824527482,94.54167438000948,96.6628646850586,30114000,0.0,0.0
2023-01-27 00:00:00-05:00,96.45471331121503,99.43825971343786,96.45471331121503,98.49661254882812,33879800,0.0,0.0
2023-01-30 00:00:00-05:00,96.62322160019781,97.42609984090785,95.5527122376928,96.08796691894531,27226200,0.0,0.0
2023-01-31 00:00:00-05:00,96.01858885911187,98.01091703799966,95.96902529627194,97.97126770019531,29870700,0.0,0.0
2023-02-01 00:00:00-05:00,97.84241093913148,100.30061689425332,96.72234552879351,99.54729461669922,35531100,0.0,0.0
2023-02-02 00:00:00-05:00,104.87007883806095,106.90205592085678,104.68174641429013,106.79302215576172,69883800,0.0,0.0
2023-02-03 00:00:00-05:00,102.0253238017862,106.86242958684039,101.67840154834732,103.85906219482422,65309300,0.0,0.0
2023-02-06 00:00:00-05:00,101.49997723038128,103.44274929562647,100.98454343127975,101.9955825805664,31999600,0.0,0.0
2023-02-07 00:00:00-05:00,102.31276695764967,107.229170992123,102.21364740273903,106.69391632080078,49010200,0.0,0.0
2023-02-08 00:00:00-05:00,101.15305759656383,102.23347365780366,97.17830046850436,98.49661254882812,94743500,0.0,0.0
2023-02-09 00:00:00-05:00,99.12108188521925,99.15081699981067,92.80706624668896,94.17494201660156,119455000,0.0,0.0
2023-02-10 00:00:00-05:00,94.61105508342865,95.89963197469012,93.42160530867747,93.7387924194336,54980700,0.0,0.0
2023-02-13 00:00:00-05:00,93.90730468774592,94.36326072696573,93.01521349695155,93.77845001220703,50076100,0.0,0.0
2023-02-14 00:00:00-05:00,93.6000290448755,94.01633573432831,91.44910358703162,93.84783172607422,54726100,0.0,0.0
2023-02-15 00:00:00-05:00,93.6594961857254,96.26638514602948,93.32248818030943,96.08796691894531,50169000,0.0,0.0
2023-02-16 00:00:00-05:00,94.53177095740106,96.8214653459122,93.90730335156145,94.67053985595703,42462600,0.0,0.0
2023-02-17 00:00:00-05:00,94.0163267505867,94.72008539046281,92.39074192224304,93.52072143554688,34284100,0.0,0.0
2023-02-21 00:00:00-05:00,92.18259462414863,92.28171418116946,90.91384614467198,90.98323059082031,33629300,0.0,0.0
2023-02-22 00:00:00-05:00,90.89402316340856,91.30042320267887,89.81360707091751,90.84446716308594,30884000,0.0,0.0
2023-02-23 00:00:00-05:00,91.11208656749149,91.13191501658295,88.97107536820448,90.09114074707031,41206400,0.0,0.0
2023-02-24 00:00:00-05:00,88.65388384050988,89.09992561252551,87.8014420680175,88.34660339355469,36585100,0.0,0.0
2023-02-27 00:00:00-05:00,89.08009338378906,89.36754534603509,88.55474544857903,89.08009338378906,27502300,0.0,0.0
2023-02-28 00:00:00-05:00,88.54485304599933,90.42815487570596,88.534938821612,89.2684326171875,30142000,0.0,0.0
2023-03-01 00:00:00-05:00,89.18913856984402,90.2299052260907,88.88185812266312,89.5657958984375,31111200,0.0,0.0
2023-03-02 00:00:00-05:00,88.8719465448015,91.46891349206841,88.80255454255308,91.19137573242188,32204400,0.0,0.0
2023-03-03 00:00:00-05:00,91.66717426570082,92.90618771372029,91.63743159058448,92.82688903808594,35160100,0.0,0.0
2023-03-06 00:00:00-05:00,93.19363964240016,95.12650531351065,93.17381875307315,94.29388427734375,32639300,0.0,0.0
2023-03-07 00:00:00-05:00,94.1452082944525,94.82913862718598,92.70794804845617,93.03504943847656,27835500,0.0,0.0
2023-03-08 00:00:00-05:00,93.29274568445635,95.11656958375383,93.17379768837036,93.42160034179688,34103300,0.0,0.0
2023-03-09 00:00:00-05:00,93.22337335130082,94.69036101520102,91.09226874258992,91.50857543945312,28813500,0.0,0.0
2023-03-10 00:00:00-05:00,91.35989288962611,91.97444627624094,89.60545319191515,89.83342742919922,35941000,0.0,0.0
2023-03-13 00:00:00-04:00,89.29816499049838,91.75637076191212,88.6340556613181,90.3092041015625,37335600,0.0,0.0
2023-03-14 00:00:00-04:00,91.74646272743232,93.53064506595086,91.62752227975622,93.14407348632812,36050200,0.0,0.0
2023-03-15 00:00:00-04:00,92.40067533695186,96.07806663083456,91.82577123714137,95.26527404785156,50622100,0.0,0.0
2023-03-16 00:00:00-04:00,95.35446457801073,100.30061132579071,94.66062012558537,99.4382553100586,65492000,0.0,0.0
2023-03-17 00:00:00-04:00,99.37879748699346,101.9361156180665,99.22020012817495,100.72684478759766,61028500,0.0,0.0
2023-03-20 00:00:00-04:00,99.24002247655834,100.85569326789229,98.99221979039645,100.33035278320312,32960400,0.0,0.0
2023-03-21 00:00:00-04:00,100.36008414076306,104.17624385241345,100.33034902951017,103.9978256225586,42110300,0.0,0.0
2023-03-22 00:00:00-04:00,103.35354760540243,105.65315637708333,102.4218145884287,102.46146392822266,43427400,0.0,0.0
2023-03-23 00:00:00-04:00,104.13659740739351,105.36570416377398,103.541872478814,104.6718521118164,40797800,0.0,0.0
2023-03-24 00:00:00-04:00,104.06721812674961,104.56282351890222,102.92732421233099,104.51326751708984,30393300,0.0,0.0
2023-03-27 00:00:00-04:00,103.70047479179102,103.8392436963596,101.03411536680986,101.55945587158203,31120900,0.0,0.0
2023-03-28 00:00:00-04:00,101.53963197104099,101.54953863368904,98.86335840017524,100.14202117919922,32057900,0.0,0.0
2023-03-29 00:00:00-04:00,101.38102484163565,101.58917817223534,99.76535419231203,100.49884796142578,28779600,0.0,0.0
2023-03-30 00:00:00-04:00,100.02306330980005,100.27086595492908,98.90299051392147,100.00323486328125,33086200,0.0,0.0
2023-03-31 00:00:00-04:00,100.40965582313862,102.97688813346652,100.15193890087117,102.81829833984375,36863400,0.0,0.0
2023-04-03 00:00:00-04:00,101.49006273887221,103.61125302709605,101.03410672538214,103.4427490234375,25035400,0.0,0.0
2023-04-04 00:00:00-04:00,103.41301187553275,104.65202522333027,103.12555987136325,103.7995834350586,24420100,0.0,0.0
2023-04-05 00:00:00-04:00,104.85027971854075,105.16746687962373,102.74891761224288,103.55179595947266,28290500,0.0,0.0
2023-04-06 00:00:00-04:00,104.33484938389788,108.2104796222192,103.41302305102441,107.46707153320312,48711500,0.0,0.0
2023-04-10 00:00:00-04:00,106.03972551827178,106.6443570965018,104.19607298512094,105.50447082519531,27067400,0.0,0.0
2023-04-11 00:00:00-04:00,105.61350679636178,105.79192503108294,103.75994000022175,104.4240493774414,26311800,0.0,0.0
2023-04-12 00:00:00-04:00,105.64324239155782,105.81174640224904,103.42292489102086,103.72029113769531,24370300,0.0,0.0
2023-04-13 00:00:00-04:00,104.90974967069793,106.54524903790885,104.90974967069793,106.48577880859375,24843600,0.0,0.0
2023-04-14 00:00:00-04:00,105.95050836328302,107.98249327038609,105.90094480463668,107.9131088256836,26578000,0.0,0.0
2023-04-17 00:00:00-04:00,103.7401059993033,105.22692191325392,103.60132955665138,105.03858947753906,37571200,0.0,0.0
2023-04-18 00:00:00-04:00,105.55402729287576,105.60359085373453,103.15529916912894,103.5815200805664,26596400,0.0,0.0
2023-04-19 00:00:00-04:00,102.6695955273672,104.05729187665024,102.16407600507293,103.26432037353516,20905700,0.0,0.0
2023-04-20 00:00:00-04:00,102.99671016764434,105.31613963654112,102.95706083112417,104.36457824707031,27820800,0.0,0.0
2023-04-21 00:00:00-04:00,104.54299836188882,105.0683388461455,103.85906052869694,104.48352813720703,25800100,0.0,0.0
2023-04-24 00:00:00-04:00,104.56280505764667,105.69278454726219,103.77974776881892,105.03858947753906,23542800,0.0,0.0
2023-04-25 00:00:00-04:00,104.89982577246494,105.75226754350551,102.92731111776044,102.93722534179688,46664100,0.0,0.0
2023-04-26 00:00:00-04:00,103.99783368510995,105.4152654093067,101.72796008133541,102.79846954345703,53347600,0.0,0.0
2023-04-27 00:00:00-04:00,103.53195477534291,107.41750647367289,102.62995696914422,106.64435577392578,50089200,0.0,0.0
2023-04-28 00:00:00-04:00,106.09918675851405,106.40645963391208,104.16632149232343,106.39654541015625,36139800,0.0,0.0
2023-05-01 00:00:00-04:00,105.90093792848754,107.0408316423043,105.88111704371835,106.25777435302734,26681700,0.0,0.0
2023-05-02 00:00:00-04:00,106.19831315828286,106.25778337997941,102.79846017510972,104.3943099975586,30997200,0.0,0.0
2023-05-03 00:00:00-04:00,104.60246858657061,106.54524073699993,104.03747876508014,104.48352813720703,21795400,0.0,0.0
2023-05-04 00:00:00-04:00,104.5628157154331,104.67184949855658,103.05617876315749,103.76985168457031,23419500,0.0,0.0
2023-05-05 00:00:00-04:00,103.89870471094449,104.94938562732777,103.19494602522195,104.6421127319336,26639300,0.0,0.0
2023-05-08 00:00:00-04:00,104.2555520857097,107.01111689548593,104.2357311971691,106.82278442382812,26511400,0.0,0.0
2023-05-09 00:00:00-04:00,107.43733132783537,109.18186434483572,106.24788146671654,106.4064712524414,36360100,0.0,0.0
2023-05-10 00:00:00-04:00,107.02101664654327,111.94733485864512,106.98136731248631,110.76779174804688,63153400,0.0,0.0
2023-05-11 00:00:00-04:00,114.38571831983981,116.88356600068316,113.40442182690181,115.5454330444336,78900000,0.0,0.0
2023-05-12 00:00:00-04:00,115.65446614587465,116.99259909422787,115.08947634268829,116.4771728515625,41102300,0.0,0.0
2023-05-15 00:00:00-04:00,115.08947611768251,117.43864822230549,114.9903565591719,115.4859619140625,36266800,0.0,0.0
2023-05-16 00:00:00-04:00,115.46612669425035,119.68868618777017,115.40665647509871,118.45958709716797,45035600,0.0,0.0
2023-05-17 00:00:00-04:00,118.55870818399895,120.60059973288946,117.84503529559602,119.77789306640625,33323600,0.0,0.0
2023-05-18 00:00:00-04:00,119.8869385456927,122.2261965471798,119.76799809424153,121.75041961669922,35234200,0.0,0.0
2023-05-19 00:00:00-04:00,122.46408765080419,124.8628157815704,121.07639112841179,121.6810302734375,41353400,0.0,0.0
2023-05-22 00:00:00-04:00,121.85944960031794,125.31877293153339,121.66120291685972,123.9509048461914,35253000,0.0,0.0
2023-05-23 00:00:00-04:00,123.06873134867843,123.53459405259528,121.13586583308965,121.4827880859375,34046300,0.0,0.0
2023-05-24 00:00:00-04:00,120.05543938411122,120.83849672292195,118.80651181921867,119.83737182617188,34182600,0.0,0.0
2023-05-25 00:00:00-04:00,123.42555925112126,124.21853087598284,120.88806215130478,122.39470672607422,42317000,0.0,0.0
2023-05-26 00:00:00-04:00,122.08741708575724,124.15905132995717,121.37374418942687,123.51476287841797,35635900,0.0,0.0
2023-05-30 00:00:00-04:00,124.53570932230704,124.55553777083063,120.92770304942592,122.58302307128906,35076700,0.0,0.0
2023-05-31 00:00:00-04:00,121.67111394373497,122.96959754632296,121.42331126767849,121.7900619506836,37325800,0.0,0.0
2023-06-01 00:00:00-04:00,121.74050766273734,123.32644339782199,121.54226853172855,122.63259887695312,30772700,0.0,0.0
2023-06-02 00:00:00-04:00,122.90021802977736,125.04123686671639,122.67224379356901,123.5742416381836,26980100,0.0,0.0
2023-06-05 00:00:00-04:00,122.92004436641427,126.30998323761919,122.75153279545627,124.9024658203125,32305500,0.0,0.0
2023-06-06 00:00:00-04:00,124.9024554793261,127.16240697735131,124.25816704768387,126.19102478027344,26638300,0.0,0.0
2023-06-07 00:00:00-04:00,125.85403022098032,127.90582861001033,121.04665959275812,121.4233169555664,52539000,0.0,0.0
2023-06-08 00:00:00-04:00,121.15570308045743,122.14691391047484,120.17439891385648,121.06649017333984,29389200,0.0,0.0
2023-06-09 00:00:00-04:00,121.17550631108766,122.67223656375475,120.83849830791537,121.15568542480469,23778300,0.0,0.0
2023-06-12 00:00:00-04:00,121.71077130849028,122.95969899565966,120.59070586126717,122.55329895019531,28306400,0.0,0.0
2023-06-13 00:00:00-04:00,123.881524443717,124.05994268348793,122.09734204600761,122.74163055419922,22278300,0.0,0.0
2023-06-14 00:00:00-04:00,122.01803328576474,122.95968796986351,120.38253415008784,122.58302307128906,30592300,0.0,0.0
2023-06-15 00:00:00-04:00,122.05769678280674,124.35730552643699,121.32420291141162,123.99055480957031,35246300,0.0,0.0
2023-06-16 00:00:00-04:00,124.82316689591107,125.00158512889624,122.19645696231628,122.44425964355469,45535600,0.0,0.0
2023-06-20 00:00:00-04:00,121.8495395031722,123.47512455090713,121.06648209224629,122.0180435180664,26097500,0.0,0.0
2023-06-21 00:00:00-04:00,121.32420944463288,121.58192638285864,119.04442146672373,119.49047088623047,30306300,0.0,0.0
2023-06-22 00:00:00-04:00,118.94528128923695,122.1568017665919,117.78556661162784,122.06759643554688,26952200,0.0,0.0
2023-06-23 00:00:00-04:00,120.31314813901791,121.71075881058304,119.99596102780514,121.26470947265625,34913600,0.0,0.0
2023-06-26 00:00:00-04:00,119.69859347871521,120.92769249812714,117.2304736541579,117.29985809326172,33969900,0.0,0.0
2023-06-27 00:00:00-04:00,116.0509569547925,118.03337846384325,115.07956708792895,117.28997039794922,39535900,0.0,0.0
2023-06-28 00:00:00-04:00,116.06086542083392,119.33186398652833,115.82297695350607,119.12371063232422,27091400,0.0,0.0
2023-06-29 00:00:00-04:00,118.19196866920258,119.00476118828789,117.26023569905081,118.0531997680664,24090900,0.0,0.0
2023-06-30 00:00:00-04:00,119.11378128447019,120.01578660050734,118.63800441021921,118.64791107177734,29532200,0.0,0.0
2023-07-03 00:00:00-04:00,118.19196580370979,119.13362053840451,117.77565911039436,118.8461685180664,14467900,0.0,0.0
2023-07-05 00:00:00-04:00,118.1919601816183,121.53234291871821,118.18205351963279,120.67990112304688,27584800,0.0,0.0
2023-07-06 00:00:00-04:00,118.74704838295892,119.24265374755836,117.35935184961298,119.0543212890625,24745200,0.0,0.0
2023-07-07 00:00:00-04:00,119.04440112824291,119.98605581142945,118.35055667733691,118.42985534667969,21709500,0.0,0.0
2023-07-10 00:00:00-04:00,117.26022900177597,117.27013566390707,115.11921025680768,115.42648315429688,35315200,0.0,0.0
2023-07-11 00:00:00-04:00,115.26789264862505,116.67541002080333,114.33615217521867,116.11042022705078,23078800,0.0,0.0
2023-07-12 00:00:00-04:00,117.75583466197419,119.27238582914387,117.36926309239514,117.88468933105469,30404400,0.0,0.0
2023-07-13 00:00:00-04:00,119.86710994186647,123.73283317428397,119.3913254796749,123.44538116455078,44297900,0.0,0.0
2023-07-14 00:00:00-04:00,123.703104019214,125.6656970596948,122.4046128006824,124.3176498413086,33283100,0.0,0.0
2023-07-17 00:00:00-04:00,124.83306781882314,125.98286820483494,123.1083558963001,123.55440521240234,25716200,0.0,0.0
2023-07-18 00:00:00-04:00,123.50485458843724,123.58415326124799,121.87926960750545,122.6722412109375,26193600,0.0,0.0
2023-07-19 00:00:00-04:00,123.50485449122769,124.07975852514653,120.72946900607533,120.95744323730469,37224000,0.0,0.0
2023-07-20 00:00:00-04:00,120.35280998310415,122.9993409263446,117.18093854128094,118.1523208618164,37906800,0.0,0.0
2023-07-21 00:00:00-04:00,119.55984327813516,119.92658641540363,117.68645556733492,118.9651107788086,72937900,0.0,0.0
2023-07-24 00:00:00-04:00,120.59069236468409,121.91891101739073,119.91666881428958,120.46183013916016,29686100,0.0,0.0
2023-07-25 00:00:00-04:00,120.29334421322936,122.06761246628307,119.9563286062353,121.13587188720703,52509600,0.0,0.0
2023-07-26 00:00:00-04:00,128.92677586226864,129.8287660545172,127.19215723342076,128.13380432128906,61682100,0.0,0.0
2023-07-27 00:00:00-04:00,130.51273295519817,132.0689412751873,127.65804082026027,128.26268005371094,44952100,0.0,0.0
2023-07-28 00:00:00-04:00,129.63055136465587,132.56454208145672,129.4224055598101,131.41473388671875,36591200,0.0,0.0
2023-07-31 00:00:00-04:00,131.5633887175357,132.35636028283042,130.62174160079337,131.55348205566406,28055500,0.0,0.0
2023-08-01 00:00:00-04:00,129.63053185009693,131.4642776626303,129.53140473197496,130.39376831054688,23166800,0.0,0.0
2023-08-02 00:00:00-04:00,128.31222025946755,128.9465944934301,126.4388326681817,127.25163269042969,26273300,0.0,0.0
2023-08-03 00:00:00-04:00,126.8452374919422,128.25275490430315,126.30006856910073,127.32101440429688,20089500,0.0,0.0
2023-08-04 00:00:00-04:00,128.14372354248303,130.35411926269438,126.78576966555633,126.9840087890625,26147200,0.0,0.0
2023-08-07 00:00:00-04:00,128.0247975185182,130.45326108561633,127.88602860396051,130.37396240234375,22746300,0.0,0.0
2023-08-08 00:00:00-04:00,129.47194349388803,130.35412045755103,128.4014340675314,130.24508666992188,23535200,0.0,0.0
2023-08-09 00:00:00-04:00,130.50280718461022,130.87945697389134,127.86618303626592,128.5203857421875,24912900,0.0,0.0
2023-08-10 00:00:00-04:00,130.16580349118593,130.889383106786,128.31222909619765,128.5501251220703,20857800,0.0,0.0
2023-08-11 00:00:00-04:00,127.52918100734196,128.78800779260496,127.04348228626603,128.4212646484375,19591100,0.0,0.0
2023-08-14 00:00:00-04:00,128.25275374989084,130.21534672977936,127.82654040248093,130.1757049560547,24695600,0.0,0.0
2023-08-15 00:00:00-04:00,129.9477334332242,130.26491300365356,128.14372263533488,128.6393280029297,19770700,0.0,0.0
2023-08-16 00:00:00-04:00,127.56883239746094,129.1349473434819,126.74613314561068,127.56883239746094,25216100,0.0,0.0
2023-08-17 00:00:00-04:00,128.6591509873898,130.82990482519432,128.15362385412445,128.77809143066406,33446300,0.0,0.0
2023-08-18 00:00:00-04:00,127.38048074077112,128.1139820986366,125.26920468665479,126.33971405029297,30504800,0.0,0.0
2023-08-21 00:00:00-04:00,126.06218642929755,127.59855859024782,125.44763302751461,127.2417221069336,25248700,0.0,0.0
2023-08-22 00:00:00-04:00,127.3804677903532,129.13491477389115,127.19215048251407,127.94546508789062,22054900,0.0,0.0
2023-08-23 00:00:00-04:00,129.035789323442,132.23741046796198,128.7285164557817,131.20654296875,27819700,0.0,0.0
2023-08-24 00:00:00-04:00,132.77267495370916,133.07004119920114,128.43118221835817,128.6393280029297,28500700,0.0,0.0
2023-08-25 00:00:00-04:00,128.40141074890354,129.61068885584038,126.13154519552585,128.73843383789062,26762900,0.0,0.0
2023-08-28 00:00:00-04:00,130.15587147682967,131.3750563736932,128.99615680059247,129.85850524902344,20543300,0.0,0.0
2023-08-29 00:00:00-04:00,131.0776996976363,135.36964355822954,131.0776996976363,133.38722229003906,43075600,0.0,0.0
2023-08-30 00:00:00-04:00,133.59537690208668,135.08219295170898,132.89162577508347,134.6857147216797,28315800,0.0,0.0
2023-08-31 00:00:00-04:00,134.8145624474285,136.78707719387538,134.59649488250773,134.97315979003906,30053800,0.0,0.0
2023-09-01 00:00:00-04:00,136.25183370752197,136.25183370752197,133.66477309520587,134.4676513671875,21543700,0.0,0.0
2023-09-05 00:00:00-04:00,134.24960452599169,135.22098695723608,133.3971625609101,134.5767059326172,19403100,0.0,0.0
2023-09-06 00:00:00-04:00,134.82446908845833,135.32998104598227,132.495118145148,133.27818298339844,18684500,0.0,0.0
2023-09-07 00:00:00-04:00,132.41581663493795,134.38833111737597,131.7814424740778,134.07113647460938,18844300,0.0,0.0
2023-09-08 00:00:00-04:00,133.72425434486345,135.4588732667458,133.66478411606147,135.18133544921875,23558300,0.0,0.0
2023-09-11 00:00:00-04:00,135.33990308514734,136.27164356834132,134.59649505596173,135.71656799316406,20763400,0.0,0.0
2023-09-12 00:00:00-04:00,135.06236368343136,135.66700281159663,134.00177610596597,134.15045166015625,18405500,0.0,0.0
2023-09-13 00:00:00-04:00,133.90265121619703,135.69674018178068,132.9709107286248,135.5084228515625,20749500,0.0,0.0
2023-09-14 00:00:00-04:00,136.39060981836033,137.48093260507594,135.0425625482196,136.88621520996094,24751000,0.0,0.0
2023-09-15 00:00:00-04:00,136.7672257039477,137.30248786391493,135.28040989797375,136.19232177734375,38919600,0.0,0.0
2023-09-18 00:00:00-04:00,135.40929606761446,137.9368864099472,135.40929606761446,136.9952392578125,21861300,0.0,0.0
2023-09-19 00:00:00-04:00,136.21216019438876,137.19346414304988,135.41918868155213,136.8267059326172,20353700,0.0,0.0
2023-09-20 00:00:00-04:00,136.8663646339005,136.8663646339005,132.44555860062232,132.56451416015625,29927500,0.0,0.0
2023-09-21 00:00:00-04:00,130.28471332883512,131.06776298574152,128.92675975466167,129.2935028076172,31503900,0.0,0.0
2023-09-22 00:00:00-04:00,129.61069078701092,130.86953246620288,128.46089800194463,129.1051788330078,26397300,0.0,0.0
2023-09-25 00:00:00-04:00,128.6888930557924,130.0171118264149,127.82654454608127,129.9576416015625,20094600,0.0,0.0
2023-09-26 00:00:00-04:00,128.62943718643902,129.2142479623221,126.10184647539427,127.43998718261719,25718700,0.0,0.0
2023-09-27 00:00:00-04:00,127.43996798020761,129.7494756200031,127.43996798020761,129.39263916015625,22746500,0.0,0.0
2023-09-28 00:00:00-04:00,128.6987879376221,132.12838346203904,128.64922437989011,131.14707946777344,22513100,0.0,0.0
2023-09-29 00:00:00-04:00,132.10856705829798,132.87180356786632,129.21423349403221,129.7098388671875,30859800,0.0,0.0
2023-10-02 00:00:00-04:00,130.05676271040824,133.2385405902459,130.01710581255713,132.99073791503906,22288000,0.0,0.0
2023-10-03 00:00:00-04:00,132.76279038510364,133.07997000831682,130.68124144493208,131.26605224609375,22989400,0.0,0.0
2023-10-04 00:00:00-04:00,131.6228674142173,134.37844718411898,131.36515806688755,134.0513458251953,26752300,0.0,0.0
2023-10-05 00:00:00-04:00,133.88284301757812,134.29914971685594,132.2770713207343,133.88284301757812,19832600,0.0,0.0
2023-10-06 00:00:00-04:00,132.832158631349,136.94569267381706,132.832158631349,136.37078857421875,27597600,0.0,0.0
2023-10-09 00:00:00-04:00,135.73639678634393,137.718818202532,134.41808472961787,137.20338439941406,19278100,0.0,0.0
2023-10-10 00:00:00-04:00,137.28269277954,138.4919711389079,136.12297798401696,136.8465576171875,27786600,0.0,0.0
2023-10-11 00:00:00-04:00,137.36196541642576,139.86972699986873,137.36196541642576,139.3146514892578,25884300,0.0,0.0
2023-10-12 00:00:00-04:00,139.8102859466206,139.97878996715525,137.04479935307614,137.74856567382812,24765500,0.0,0.0
2023-10-13 00:00:00-04:00,138.15495992166953,138.7695057500951,135.4192085570894,136.1527099609375,23420500,0.0,0.0
2023-10-16 00:00:00-04:00,136.9556074099909,138.40278197009948,136.77719670891506,137.87744140625,28501900,0.0,0.0
2023-10-17 00:00:00-04:00,137.41154259753543,138.6703692822643,135.97427499935674,138.49195861816406,23515800,0.0,0.0
2023-10-18 00:00:00-04:00,138.22433080496884,139.48317264449588,136.17253249534386,136.7474365234375,23375000,0.0,0.0
2023-10-19 00:00:00-04:00,137.28268416001447,138.4324922204464,136.17253299803895,136.53927612304688,26066000,0.0,0.0
2023-10-20 00:00:00-04:00,136.12297828131832,136.6582254478533,133.8927540255162,134.40818786621094,26335700,0.0,0.0
2023-10-23 00:00:00-04:00,133.85307305839916,136.45005512078916,132.77265713198602,135.3002471923828,26317900,0.0,0.0
2023-10-24 00:00:00-04:00,136.6185834917505,138.13513477372655,136.21218344241674,137.5899658203125,44814300,0.0,0.0
2023-10-25 00:00:00-04:00,127.03357185296261,127.18224741384032,123.97072673913938,124.5059814453125,84366200,0.0,0.0
2023-10-26 00:00:00-04:00,122.18654246977827,123.23723097831568,120.20412102421639,121.20524597167969,57061100,0.0,0.0
2023-10-27 00:00:00-04:00,121.79997301237394,122.22619393308011,119.15344215145646,121.0962142944336,44566500,0.0,0.0
2023-10-30 00:00:00-04:00,122.12708298416779,124.29783707786582,121.67112691907994,123.36609649658203,28940100,0.0,0.0
2023-10-31 00:00:00-04:00,123.96081560140948,124.26809608033074,121.61165093298484,122.98943328857422,26292300,0.0,0.0
2023-11-01 00:00:00-04:00,122.9795062521491,125.37823423377263,122.63258403370556,125.33858489990234,30082400,0.0,0.0
2023-11-02 00:00:00-04:00,127.29127202345639,127.84634757695119,125.81437024728645,126.36944580078125,27124600,0.0,0.0
2023-11-03 00:00:00-04:00,126.89481488882961,128.39153779957329,126.73621752586052,127.96532440185547,26393100,0.0,0.0
2023-11-06 00:00:00-05:00,127.91572915468251,129.19438415583073,127.53906429208809,129.1051788330078,19052700,0.0,0.0
2023-11-07 00:00:00-05:00,129.5611688137135,130.75061873492334,128.7384620443353,129.81887817382812,29757300,0.0,0.0
2023-11-08 00:00:00-05:00,129.81886492088287,131.04797161797262,129.63053247035484,130.68121337890625,26425800,0.0,0.0
2023-11-09 00:00:00-05:00,130.80017480614322,131.38498550790692,128.92678712827234,129.0952911376953,23747800,0.0,0.0
2023-11-10 00:00:00-05:00,128.95651664701234,131.63278248151076,128.27257885187583,131.42462158203125,26913300,0.0,0.0
2023-11-13 00:00:00-05:00,130.62172799705198,131.42460614060172,130.09638760374972,130.9290008544922,18324800,0.0,0.0
2023-11-14 00:00:00-05:00,133.0105386233158,134.50726102452595,132.14819033334322,132.44554138183594,32395200,0.0,0.0
2023-11-15 00:00:00-05:00,133.68458551793623,133.84318286371249,132.3960236763613,133.43678283691406,23861500,0.0,0.0
2023-11-16 00:00:00-05:00,134.0017891113594,136.0139458049548,133.13944056401175,135.7264862060547,28013200,0.0,0.0
2023-11-17 00:00:00-05:00,134.80466539372887,134.86413562027792,132.4753140227168,134.1207275390625,37240600,0.0,0.0
2023-11-20 00:00:00-05:00,132.5149776822315,135.45887504396703,132.44558566460094,135.05247497558594,27815500,0.0,0.0
2023-11-21 00:00:00-05:00,135.0921277764423,135.9743048781384,134.7650414870518,135.7661590576172,22635300,0.0,0.0
2023-11-22 00:00:00-05:00,136.26174217835015,138.19460010408307,136.26174217835015,137.2727813720703,17813900,0.0,0.0
2023-11-24 00:00:00-05:00,136.8168358861295,136.91596302351493,134.79477235569422,135.48861694335938,12514300,0.0,0.0
2023-11-27 00:00:00-05:00,134.83439465228903,137.2033876965765,134.80465954030564,135.2110595703125,23436500,0.0,0.0
2023-11-28 00:00:00-05:00,134.88394378751974,136.0436584048626,134.22974114450358,135.9940948486328,18730000,0.0,0.0
2023-11-29 00:00:00-05:00,136.36086861217828,137.07452642949448,133.65485240517793,133.8035430908203,23967200,0.0,0.0
2023-11-30 00:00:00-05:00,133.86299783029165,134.3586031424181,130.12612954194947,131.36514282226562,38988300,0.0,0.0
2023-12-01 00:00:00-05:00,130.7010498046875,130.94885249162763,129.52150659490437,130.7010498046875,31442300,0.0,0.0
2023-12-04 00:00:00-05:00,128.73844341976016,128.88711896664887,126.7758430151211,128.13380432128906,36669900,0.0,0.0
2023-12-05 00:00:00-05:00,127.81662097598935,130.97858563372688,127.1227764879299,129.8386993408203,27384800,0.0,0.0
2023-12-06 00:00:00-05:00,130.28474525326413,130.68122350903377,128.73845888121613,128.87722778320312,23576200,0.0,0.0
2023-12-07 00:00:00-05:00,133.8530984180632,137.34216463354636,133.5160903794074,135.7264862060547,56767100,0.0,0.0
2023-12-08 00:00:00-05:00,133.0204781372603,135.20113873793494,132.85197412660608,133.8035430908203,32260100,0.0,0.0
2023-12-11 00:00:00-05:00,131.21649413911075,132.1680480633636,130.20545486049974,132.1184844970703,31138000,0.0,0.0
2023-12-12 00:00:00-05:00,130.65148882726206,131.83103206038206,130.10631988027265,131.35525512695312,29032800,0.0,0.0
2023-12-13 00:00:00-05:00,132.20767860500078,132.3266190406473,130.4135897855211,131.40480041503906,30104800,0.0,0.0
2023-12-14 00:00:00-05:00,132.20768021650815,132.5446882047304,128.55011052905618,130.78033447265625,38722400,0.0,0.0
2023-12-15 00:00:00-05:00,130.46314245666346,132.33653000234125,130.0270073455555,131.43453979492188,50847100,0.0,0.0
2023-12-18 00:00:00-05:00,131.46429362359686,135.94455556276986,131.26603936328306,134.60643005371094,32258000,0.0,0.0
2023-12-19 00:00:00-05:00,135.63726127584442,136.26172882321336,134.88394662917216,135.4489288330078,25476800,0.0,0.0
2023-12-20 00:00:00-05:00,137.74856738121363,140.45456865574852,136.85648370269604,137.1240997314453,49107200,0.0,0.0
2023-12-21 00:00:00-05:00,138.26398757269197,139.4534374013907,137.9566995474428,139.18580627441406,27488300,0.0,0.0
2023-12-22 00:00:00-05:00,139.53272605486842,140.74200424587772,139.4732558364047,140.24639892578125,26532200,0.0,0.0
2023-12-26 00:00:00-05:00,140.34553045409487,141.42594657240042,139.94905219268907,140.27615356445312,16780300,0.0,0.0
2023-12-27 00:00:00-05:00,140.3455086401583,140.8312072908629,138.66045360407793,139.13623046875,19628600,0.0,0.0
2023-12-28 00:00:00-05:00,139.5426512492503,139.8994877320987,138.5217053642322,138.9974822998047,16045700,0.0,0.0
2023-12-29 00:00:00-05:00,138.40276427098348,139.12634389616656,137.56022906895078,138.4622344970703,18733000,0.0,0.0
2024-01-02 00:00:00-05:00,137.33223127309824,138.2243147607485,135.2804180769598,136.95556640625,23711200,0.0,0.0
2024-01-03 00:00:00-05:00,136.04366979922918,138.4027561263541,135.87516579367383,137.69898986816406,24212100,0.0,0.0
2024-01-04 00:00:00-05:00,137.20336411572862,137.93686537616287,135.15156611813597,135.1912078857422,27137700,0.0,0.0
2024-01-05 00:00:00-05:00,135.54807229763554,135.9544723417591,133.96212902161366,134.5370330810547,22513900,0.0,0.0
2024-01-08 00:00:00-05:00,135.09209963177744,137.78819394542484,135.06236452075504,137.61968994140625,21404000,0.0,0.0
2024-01-09 00:00:00-05:00,137.28270282254584,140.24642871103555,136.93577297492843,139.71116638183594,24759600,0.0,0.0
2024-01-10 00:00:00-05:00,139.7607161678604,141.74313767378752,139.67151083001588,141.0294647216797,21320200,0.0,0.0
2024-01-11 00:00:00-05:00,142.2288332953947,143.9436236258308,139.40387666099627,140.8312225341797,24008700,0.0,0.0
2024-01-12 00:00:00-05:00,141.41605342795455,141.94139398064064,140.57353326075875,141.39622497558594,18785500,0.0,0.0
2024-01-16 00:00:00-05:00,140.75192640999762,143.08127772087843,140.20675747291105,141.2376251220703,22670500,0.0,0.0
2024-01-17 00:00:00-05:00,140.10765256153263,140.59333617350276,137.6791740029759,140.22659301757812,20968600,0.0,0.0
2024-01-18 00:00:00-05:00,140.80149369743117,142.9425126026269,140.74202347084398,142.2189178466797,25746400,0.0,0.0
2024-01-19 00:00:00-05:00,143.4678445948608,145.16280645077472,143.11100813182492,145.0934295654297,34271900,0.0,0.0
2024-01-22 00:00:00-05:00,145.80709257030463,147.0857476531187,144.55815747232313,144.70684814453125,32200400,0.0,0.0
2024-01-23 00:00:00-05:00,144.60773333501743,145.88638852663772,144.22116175386006,145.74761962890625,21636100,0.0,0.0
2024-01-24 00:00:00-05:00,147.2344232959612,148.53292195218594,146.79830331468807,147.3930206298828,25233500,0.0,0.0
2024-01-25 00:00:00-05:00,148.75101933947735,151.704823433996,148.2256636749095,150.53518676757812,29149100,0.0,0.0
2024-01-26 00:00:00-05:00,149.7719550941985,151.19928591444616,149.68273462913356,150.8523712158203,26115500,0.0,0.0
2024-01-29 00:00:00-05:00,150.7234988316385,152.42838247060587,150.0990312415879,152.16075134277344,27784300,0.0,0.0
2024-01-30 00:00:00-05:00,151.4570029311418,152.26978786685433,149.86115304703833,150.1287841796875,36331800,0.0,0.0
2024-01-31 00:00:00-05:00,142.35768815981584,142.73435309816574,138.6406477145511,138.86863708496094,71910000,0.0,0.0
2024-02-01 00:00:00-05:00,140.87088072545782,141.80262134151818,139.55256848408283,139.91932678222656,40466500,0.0,0.0
2024-02-02 00:00:00-05:00,138.03598318915266,141.36645142167342,135.30024736856095,141.12857055664062,62499600,0.0,0.0
2024-02-05 00:00:00-05:00,141.56473326856243,144.1914358303926,141.5250763668689,142.4171600341797,38505400,0.0,0.0
2024-02-06 00:00:00-05:00,143.37861935248668,144.08238559279584,141.93146022405054,142.83346557617188,29128200,0.0,0.0
2024-02-07 00:00:00-05:00,143.48767523899187,144.34011716332222,142.6649684297807,144.2608184814453,25208900,0.0,0.0
2024-02-08 00:00:00-05:00,144.54826480197747,145.0438701746272,143.82468519281807,144.6275634765625,22563800,0.0,0.0
2024-02-09 00:00:00-05:00,145.3907830102507,148.12653431225093,144.89517764390865,147.69039916992188,26829500,0.0,0.0
2024-02-12 00:00:00-05:00,147.11546841286923,148.02738030636831,146.0746943076273,146.23329162597656,21564100,0.0,0.0
2024-02-13 00:00:00-05:00,143.6462512860247,145.3808699923918,142.42706637302987,143.86431884765625,27837700,0.0,0.0
2024-02-14 00:00:00-05:00,144.79608703332073,145.23222224007145,142.8235719390355,144.65731811523438,22704200,0.0,0.0
2024-02-15 00:00:00-05:00,141.88189508654546,142.25855998207064,139.22545774352974,141.51515197753906,37590700,0.0,0.0
2024-02-16 00:00:00-05:00,141.73323445625792,141.93147358673406,138.9082776917751,139.28494262695312,31468900,0.0,0.0
2024-02-20 00:00:00-05:00,138.43249472896153,140.83122289008293,138.26399071915645,139.87965393066406,25144700,0.0,0.0
2024-02-21 00:00:00-05:00,140.20675080076072,141.43585751636738,139.44351432516038,141.29708862304688,23223300,0.0,0.0
2024-02-22 00:00:00-05:00,143.6561760762736,143.7255680931289,141.54490732630646,142.8235626220703,27191900,0.0,0.0
2024-02-23 00:00:00-05:00,142.40725779738116,143.40837528845117,142.16936175385501,142.69471740722656,19493800,0.0,0.0
2024-02-26 00:00:00-05:00,140.8907113971141,141.188077680813,136.18245980002686,136.3608856201172,53641800,0.0,0.0
2024-02-27 00:00:00-05:00,136.80692088729302,138.02610595453126,135.88508696473966,137.65936279296875,33099200,0.0,0.0
2024-02-28 00:00:00-05:00,136.6879649944579,136.79699878882042,134.21985975111554,135.18133544921875,37328600,0.0,0.0
2024-02-29 00:00:00-05:00,136.0734054858856,137.63952022756177,135.20113521845195,137.2430419921875,42133000,0.0,0.0
2024-03-01 00:00:00-05:00,137.21330186571015,137.64943703156058,135.7165790235201,135.9346466064453,31151100,0.0,0.0
2024-03-04 00:00:00-05:00,134.46764221027212,134.46764221027212,130.75060222297805,132.17794799804688,55999400,0.0,0.0
2024-03-05 00:00:00-05:00,130.7208868800359,132.06893419092674,129.52151514124904,131.50393676757812,40194800,0.0,0.0
2024-03-06 00:00:00-05:00,131.94997037211849,132.4059339725702,129.6999328564518,130.24508666992188,35318600,0.0,0.0
2024-03-07 00:00:00-05:00,131.6228467340528,133.75395856347797,130.45322550531313,133.19888305664062,37738200,0.0,0.0
2024-03-08 00:00:00-05:00,133.03041390483907,136.8763016912152,132.822252972934,134.21986389160156,39370400,0.0,0.0
2024-03-11 00:00:00-04:00,134.93351836260592,137.8774153719074,134.93351836260592,136.45997619628906,32437800,0.0,0.0
2024-03-12 00:00:00-04:00,135.8255882651414,138.1549392414249,135.8255882651414,137.2826690673828,27563400,0.0,0.0
2024-03-13 00:00:00-04:00,137.7783056881699,139.8499326977314,137.7683990247307,138.5613555908203,23347200,0.0,0.0
2024-03-14 00:00:00-04:00,139.9490235510771,142.32792288200474,139.22544406599317,141.8422393798828,42753400,0.0,0.0
2024-03-15 00:00:00-04:00,141.24750739594128,141.92152332928583,138.7992160577711,139.93910217285156,49475400,0.0,0.0
2024-03-18 00:00:00-04:00,147.3038223387608,150.81270155253688,145.87647651462308,146.38198852539062,69273700,0.0,0.0
2024-03-19 00:00:00-04:00,146.85775892016431,147.48221128274685,144.79603915836432,145.73768615722656,24070400,0.0,0.0
2024-03-20 00:00:00-04:00,146.6991920761811,147.55163393242162,145.45027196690233,147.4326934814453,21311500,0.0,0.0
2024-03-21 00:00:00-04:00,148.15626300736415,149.04834657827197,145.60884427485487,146.30270385742188,24755600,0.0,0.0
2024-03-22 00:00:00-04:00,147.8093327695821,150.24771771386577,147.67056387842288,149.44483947753906,29211800,0.0,0.0
2024-03-25 00:00:00-04:00,148.62214484045748,149.05827999793414,146.5207828540801,148.75100708007812,19229300,0.0,0.0
2024-03-26 00:00:00-04:00,148.8996613684721,150.92172438957977,148.66176537347607,149.345703125,22149100,0.0,0.0
2024-03-27 00:00:00-04:00,149.85121819279237,150.30718174477965,147.59125913003174,149.5439453125,22879200,0.0,0.0
2024-03-28 00:00:00-04:00,149.5241557764802,150.09904473286645,148.8501245651844,149.6034393310547,24485400,0.0,0.0
2024-04-01 00:00:00-04:00,149.36553782442945,154.3711547175217,149.28623915611158,154.12335205078125,31730800,0.0,0.0
2024-04-02 00:00:00-04:00,152.15084190883346,153.34029171966787,150.81270141872292,153.20152282714844,24586000,0.0,0.0
2024-04-03 00:00:00-04:00,152.2499594372824,153.716946940742,151.3875959008957,153.558349609375,24705000,0.0,0.0
2024-04-04 00:00:00-04:00,152.1508521323684,153.40969403638587,149.1276562800474,149.2069549560547,34724700,0.0,0.0
2024-04-05 00:00:00-04:00,148.71136073150413,152.07156486544667,148.2851473312489,151.15965270996094,23459200,0.0,0.0
2024-04-08 00:00:00-04:00,151.43715468784103,153.90527453372857,151.26865070032358,153.4889678955078,20702000,0.0,0.0
2024-04-09 00:00:00-04:00,154.71807515609422,157.16636680492698,153.825991572372,155.22360229492188,31079500,0.0,0.0
2024-04-10 00:00:00-04:00,154.83700063821766,155.2334787929026,153.32043464110114,154.76760864257812,22838600,0.0,0.0
2024-04-11 00:00:00-04:00,155.53089924835962,158.27654243330397,155.08485738751153,158.00892639160156,27166400,0.0,0.0
2024-04-12 00:00:00-04:00,156.57164779653132,158.81177851890706,155.758847768036,156.34365844726562,25353700,0.0,0.0
2024-04-15 00:00:00-04:00,157.46376012387117,157.840425096068,153.23128545495894,153.49891662597656,27136500,0.0,0.0
2024-04-16 00:00:00-04:00,152.83479243864417,154.28195170620987,152.0814625667883,153.04293823242188,20779500,0.0,0.0
2024-04-17 00:00:00-04:00,154.25220644098835,155.69938073798713,153.22135395349792,154.10353088378906,21763100,0.0,0.0
2024-04-18 00:00:00-04:00,153.97465412709587,155.56059716944145,153.26098127050776,154.63876342773438,19883000,0.0,0.0
2024-04-19 00:00:00-04:00,154.82708103417087,154.98567834814767,150.96136603518892,152.73562622070312,32615600,0.0,0.0
2024-04-22 00:00:00-04:00,152.95373142080075,156.2544650981797,152.70592872842704,154.9064178466797,26446200,0.0,0.0
2024-04-23 00:00:00-04:00,155.58042632459905,157.572754235579,154.90639523489975,156.86898803710938,21151600,0.0,0.0
2024-04-24 00:00:00-04:00,156.10579912051713,158.1675194626567,155.78860439495244,157.73138427734375,22779100,0.0,0.0
2024-04-25 00:00:00-04:00,149.99990858082532,155.11455913410575,149.5439450297003,154.6288604736328,57109700,0.0,0.0
2024-04-26 00:00:00-04:00,172.83743392594712,173.1744571152618,168.15891742679023,170.43870544433594,64665300,0.0,0.0
2024-04-29 00:00:00-04:00,167.57407825152322,168.05977693862212,163.75792613748897,164.6896514892578,45610000,0.0,0.0
2024-04-30 00:00:00-04:00,164.15443277611652,166.62255328715653,161.1708935024744,161.34930419921875,33562900,0.0,0.0
2024-05-01 00:00:00-04:00,162.85591967019158,165.65112595593658,161.6565480783854,162.41978454589844,33493200,0.0,0.0
2024-05-02 00:00:00-04:00,163.34160023066508,165.26455135719664,162.4495166743879,165.155517578125,24294500,0.0,0.0
2024-05-03 00:00:00-04:00,166.0872448331008,166.48373814579705,161.61689049574852,165.7700653076172,34662400,0.0,0.0
2024-05-06 00:00:00-04:00,165.98815382038057,166.6621698501134,164.5707146259979,166.62252807617188,21871300,0.0,0.0
2024-05-07 00:00:00-04:00,167.01901294123516,170.2503545716541,166.90997915272567,169.74484252929688,28039700,0.0,0.0
2024-05-08 00:00:00-04:00,167.51463142881647,168.65451784133106,167.25692205611742,167.89129638671875,19569100,0.0,0.0
2024-05-09 00:00:00-04:00,167.90117392580035,169.18975081513116,166.70180236639047,168.46617126464844,15346700,0.0,0.0
2024-05-10 00:00:00-04:00,166.5531482403928,168.35715914244224,164.72932401226194,167.16769409179688,29799900,0.0,0.0
2024-05-13 00:00:00-04:00,162.81626817189104,167.7921502441081,162.5585588283877,167.65338134765625,31327600,0.0,0.0
2024-05-14 00:00:00-04:00,168.27785221350925,169.7448398794561,167.3163765820282,168.84283447265625,25127100,0.0,0.0
2024-05-15 00:00:00-04:00,169.13029325056647,171.13252805375882,169.01133767709646,170.99375915527344,26948400,0.0,0.0
2024-05-16 00:00:00-04:00,171.7669014209654,173.58081887894542,171.17218405543662,172.64907836914062,27867900,0.0,0.0
2024-05-17 00:00:00-04:00,172.6491071705006,174.72074944467616,172.16342350966488,174.51258850097656,24479300,0.0,0.0
2024-05-20 00:00:00-04:00,174.64141067889267,177.1987360270171,174.53237690001112,175.364990234375,22554400,0.0,0.0
2024-05-21 00:00:00-04:00,175.34515724447746,176.58417055209722,174.26474127015484,176.2868194580078,16989400,0.0,0.0
2024-05-22 00:00:00-04:00,175.08746704167487,175.5929790815051,173.67004292281268,174.8297576904297,17880000,0.0,0.0
2024-05-23 00:00:00-04:00,175.51367817186207,176.6832994864589,171.42987998310477,172.0246124267578,21024900,0.0,0.0
2024-05-24 00:00:00-04:00,173.44204354526818,174.22510846580246,172.12373150315187,173.45196533203125,16579400,0.0,0.0
2024-05-28 00:00:00-04:00,172.9167057345963,175.7119272031069,172.83740706265183,174.8495635986328,20572200,0.0,0.0
2024-05-29 00:00:00-04:00,173.8881031034498,175.285713959116,173.18435190640471,174.35397338867188,23388700,0.0,0.0
2024-05-30 00:00:00-04:00,173.66011222409284,173.67994067307137,170.28008009531703,170.59727478027344,22931500,0.0,0.0
2024-05-31 00:00:00-04:00,170.34946671720675,171.53891649882755,167.9507387056137,170.9838409423828,37638900,0.0,0.0
2024-06-03 00:00:00-04:00,171.0234968625416,172.9960117081414,169.65563630662328,171.64796447753906,27459100,0.0,0.0
2024-06-04 00:00:00-04:00,171.7569697337049,172.321967029547,170.37918761932596,172.26248168945312,26879600,0.0,0.0
2024-06-05 00:00:00-04:00,173.66014045517485,175.09739318392747,172.40129842220728,173.86830139160156,22068500,0.0,0.0
2024-06-06 00:00:00-04:00,174.35395954744376,175.59297294708358,174.2052839893571,175.17666625976562,23251000,0.0,0.0
2024-06-07 00:00:00-04:00,175.4938524938292,176.3066373799981,172.7680231459644,172.92662048339844,19661400,0.0,0.0
2024-06-10 00:00:00-04:00,173.63119590631558,175.70520037025813,171.43809934111798,173.67088317871094,23726700,0.2,0.0
2024-06-11 00:00:00-04:00,174.87163664223397,175.48688780612986,172.44038608531787,175.26856994628906,21540600,0.0,0.0
2024-06-12 00:00:00-04:00,176.88606752522927,179.0295432819228,174.76244297240288,176.42958068847656,27864700,0.0,0.0
2024-06-13 00:00:00-04:00,174.76244518542256,175.38762940788288,173.5418611176958,173.81971740722656,20913300,0.0,0.0
2024-06-14 00:00:00-04:00,172.8869134698266,175.7051788680774,172.8174418240933,175.43724060058594,18063600,0.0,0.0
2024-06-17 00:00:00-04:00,174.11745590855674,176.99526019491833,173.47242036710682,175.8838348388672,19618500,0.0,0.0
2024-06-18 00:00:00-04:00,175.78460730818261,176.0326944255952,172.76787462294135,173.7502899169922,21869900,0.0,0.0
2024-06-20 00:00:00-04:00,174.02812743639052,175.93343447480135,173.65104535533175,174.95101928710938,20160100,0.0,0.0
2024-06-21 00:00:00-04:00,175.6456729700876,179.46622050110986,175.25865768617388,178.25555419921875,57759000,0.0,0.0
2024-06-24 00:00:00-04:00,178.7814884925371,179.50589857307529,177.3028839492694,177.8486785888672,18298000,0.0,0.0
2024-06-25 00:00:00-04:00,178.24559704633074,182.87986179667686,178.04713041446374,182.62185668945312,23130200,0.0,0.0
2024-06-26 00:00:00-04:00,181.23257184786374,183.0981763241254,181.0837105201297,182.47300720214844,19839000,0.0,0.0
2024-06-27 00:00:00-04:00,182.77070317530075,184.6264047984624,182.61193895476885,183.99130249023438,18848900,0.0,0.0
2024-06-28 00:00:00-04:00,182.90963458847077,183.71343423893046,180.5676921399298,180.7562255859375,29156600,0.0,0.0
2024-07-01 00:00:00-04:00,181.62950050025836,182.4730025766031,179.91274225321607,181.58981323242188,16006100,0.0,0.0
2024-07-02 00:00:00-04:00,180.65702287018632,184.15009335463083,180.17076672022137,183.82261657714844,17372500,0.0,0.0
2024-07-03 00:00:00-04:00,183.43556862917737,184.66607069153503,182.59206661247012,184.3981475830078,10242100,0.0,0.0
2024-07-05 00:00:00-04:00,184.43786493247498,189.39960668236182,184.3783264542018,189.1416015625,20967500,0.0,0.0
2024-07-08 00:00:00-04:00,188.4469411036859,188.71487939155085,186.34316749742393,187.58360290527344,21035900,0.0,0.0
2024-07-09 00:00:00-04:00,188.85380640623399,189.89577517091524,187.27597621110633,187.5339813232422,15121400,0.0,0.0
2024-07-10 00:00:00-04:00,187.70266681734014,190.28277834321375,187.5835898719109,189.71713256835938,15952500,0.0,0.0
2024-07-11 00:00:00-04:00,188.39733505757295,189.39960141202818,183.66382932012837,184.15008544921875,25625800,0.0,0.0
2024-07-12 00:00:00-04:00,183.66380291836109,185.67826851181636,183.07832112641788,183.6538848876953,22898400,0.0,0.0
2024-07-15 00:00:00-04:00,183.50505596969933,186.79965977611926,183.50505596969933,185.1027374267578,16474000,0.0,0.0
2024-07-16 00:00:00-04:00,185.92637584595624,187.23626771226316,181.9669007256916,182.5126953125,18290700,0.0,0.0
2024-07-17 00:00:00-04:00,181.569963789314,182.14552760174087,178.52344733868037,179.6348876953125,20734100,0.0,0.0
2024-07-18 00:00:00-04:00,180.53791505223174,181.10356083919302,175.119701930773,176.3303680419922,25315700,0.0,0.0
2024-07-19 00:00:00-04:00,177.51126425121495,178.91046381081307,175.77465477022162,176.30059814453125,18881900,0.0,0.0
2024-07-22 00:00:00-04:00,179.2081844529357,181.30204007198228,178.85093844213043,180.27992248535156,24100300,0.0,0.0
2024-07-23 00:00:00-04:00,180.65700705961783,182.20506795075516,180.15089974687697,180.39898681640625,36352700,0.0,0.0
2024-07-24 00:00:00-04:00,172.27164569377652,174.8418237800792,170.50526718996738,171.30906677246094,49585200,0.0,0.0
2024-07-25 00:00:00-04:00,171.19994131459546,172.09304877138803,165.9107228003057,166.00003051757812,44852000,0.0,0.0
2024-07-26 00:00:00-04:00,165.8710141586151,166.80382399385917,162.8046615111257,165.72216796875,41336900,0.0,0.0
2024-07-29 00:00:00-04:00,167.53816257445885,169.12591074335177,166.70459365013758,168.23280334472656,20293800,0.0,0.0
2024-07-30 00:00:00-04:00,168.9373789518768,169.91979407162952,167.15114899500833,168.9869842529297,18959700,0.0,0.0
2024-07-31 00:00:00-04:00,171.91443658888358,172.91670298864665,168.7091404604878,170.22743225097656,25729100,0.0,0.0
2024-08-01 00:00:00-04:00,168.94729223504007,172.71821867309802,167.58777995648467,169.45338439941406,24531400,0.0,0.0
2024-08-02 00:00:00-04:00,165.16647827243773,167.22063168798618,163.4100172779574,165.38479614257812,29130100,0.0,0.0
2024-08-05 00:00:00-04:00,154.3101575722687,163.17182044634595,153.74451178437454,158.03146362304688,53630700,0.0,0.0
2024-08-06 00:00:00-04:00,158.11089311390467,159.34141074233102,155.2132372231299,157.07884216308594,49004600,0.0,0.0
2024-08-07 00:00:00-04:00,160.01616866155442,161.7329270375027,157.2574415077753,157.72384643554688,25138600,0.0,0.0
2024-08-08 00:00:00-04:00,159.28183313078614,162.43750885518617,158.98414073021175,160.7902069091797,25578800,0.0,0.0
2024-08-09 00:00:00-04:00,158.785664734338,162.53674053879345,157.8429367667061,162.41766357421875,28602300,0.0,0.0
2024-08-12 00:00:00-04:00,163.09246822974885,163.63824774493187,160.60166401463542,161.0482177734375,15895300,0.0,0.0
2024-08-13 00:00:00-04:00,162.15966930153522,163.46956142572444,161.72303354612674,162.9039306640625,18551700,0.0,0.0
2024-08-14 00:00:00-04:00,161.1573644799167,161.97109738750262,156.50326348113867,159.1428985595703,40591100,0.0,0.0
2024-08-15 00:00:00-04:00,159.27191417011724,160.40319071181239,158.388724722145,160.0657958984375,31524300,0.0,0.0
2024-08-16 00:00:00-04:00,160.23446942114322,163.79699592189854,159.89707465805918,161.71307373046875,24208600,0.0,0.0
2024-08-19 00:00:00-04:00,164.0153203524916,165.41453504299912,163.00312088041883,165.39468383789062,22416200,0.0,0.0
2024-08-20 00:00:00-04:00,165.62293103111787,167.34962258490438,165.54355648931903,165.90078735351562,18341500,0.0,0.0
2024-08-21 00:00:00-04:00,163.88630724691845,165.57331138365288,163.40998432722168,164.58096313476562,22902000,0.0,0.0
2024-08-22 00:00:00-04:00,165.9801781592332,166.3076549289941,162.06040523845343,162.54666137695312,22493300,0.0,0.0
2024-08-23 00:00:00-04:00,163.45964509800748,164.90846541930796,162.57645554427228,164.35275268554688,13955700,0.0,0.0
2024-08-26 00:00:00-04:00,165.106913416324,166.26795909914733,163.20160651563705,164.8885955810547,14190400,0.0,0.0
2024-08-27 00:00:00-04:00,164.57104961527048,165.1664646925233,163.201619164844,163.419921875,11821900,0.0,0.0
2024-08-28 00:00:00-04:00,163.77715768210635,164.33288545251102,160.2940205808296,161.6039276123047,16407400,0.0,0.0
2024-08-29 00:00:00-04:00,163.05273886524938,164.70004059767595,159.02380738480878,160.54209899902344,19699800,0.0,0.0
2024-08-30 00:00:00-04:00,161.37567316665184,162.4077238619854,160.45279653031872,162.12986755371094,22123800,0.0,0.0
2024-09-03 00:00:00-04:00,160.48255309061489,160.61156320284906,155.28264303988357,156.15591430664062,38945300,0.0,0.0
2024-09-04 00:00:00-04:00,155.4612837104589,157.78337502963737,154.76664294942685,155.2528839111328,19353800,0.0,0.0
2024-09-05 00:00:00-04:00,155.1040401638185,158.2299312085826,154.78648144405375,156.03684997558594,18688700,0.0,0.0
2024-09-06 00:00:00-04:00,156.09640040925774,156.62234382988387,149.39804896411633,149.7652130126953,37912100,0.0,0.0
2024-09-09 00:00:00-04:00,151.54384395398554,152.42820519903154,146.28736276622044,147.76792907714844,39260500,0.2,0.0
2024-09-10 00:00:00-04:00,149.4969310708747,150.31174383865772,147.40029682558622,147.71827697753906,31118800,0.0,0.0
2024-09-11 00:00:00-04:00,148.9702880228308,150.5402808905173,146.5854975587233,150.2024383544922,29607700,0.0,0.0
2024-09-12 00:00:00-04:00,152.82570635319718,153.83924907315188,151.682982309114,153.71006774902344,29621500,0.0,0.0
2024-09-13 00:00:00-04:00,154.44537016884462,157.37669455144265,154.22677778049754,156.4625244140625,29591200,0.0,0.0
2024-09-16 00:00:00-04:00,156.31346693580858,157.2475146303272,155.60797314926953,157.0587158203125,18379800,0.0,0.0
2024-09-17 00:00:00-04:00,158.0126274199818,159.53293380012653,157.3766823666018,158.31072998046875,20715600,0.0,0.0
2024-09-18 00:00:00-04:00,158.84730896980255,159.48325404924594,157.59529635899653,158.79762268066406,23677300,0.0,0.0
2024-09-19 00:00:00-04:00,162.67291544318158,162.7523953061902,160.31791891468873,161.11285400390625,26587700,0.0,0.0
2024-09-20 00:00:00-04:00,162.46425419413836,162.69279293629415,161.03337393309369,162.55368041992188,40896400,0.0,0.0
2024-09-23 00:00:00-04:00,163.30883886227895,164.44161628675883,160.64580894026784,160.82467651367188,24150900,0.0,0.0
2024-09-24 00:00:00-04:00,161.99723481368196,162.18603362584003,159.67206190654358,161.2619171142578,23332100,0.0,0.0
2024-09-25 00:00:00-04:00,160.44711769027916,161.77862539142924,160.27819642927898,160.4669952392578,18869200,0.0,0.0
2024-09-26 00:00:00-04:00,162.60335078741144,163.0405658423745,161.25196569121914,161.69911193847656,20319300,0.0,0.0
2024-09-27 00:00:00-04:00,161.7786297424913,164.65032158098356,161.5997772832552,162.91140747070312,21101300,0.0,0.0
2024-09-30 00:00:00-04:00,162.2853907035285,165.09744958161895,162.22575806160205,164.7993621826172,20413900,0.0,0.0
2024-10-01 00:00:00-04:00,166.62770671794624,168.08839566011457,163.53740758234116,165.93214416503906,28338100,0.0,0.0
2024-10-02 00:00:00-04:00,165.36574568962988,166.4587833748385,163.68644922877587,164.80929565429688,17760200,0.0,0.0
2024-10-03 00:00:00-04:00,163.3684842780683,165.5843532266716,162.88158291608877,164.80929565429688,15073100,0.0,0.0
2024-10-04 00:00:00-04:00,166.9953742029211,167.1642954706186,164.43171611961677,166.001708984375,19047400,0.0,0.0
2024-10-07 00:00:00-04:00,166.6574871003685,167.41266700614904,161.7189710718705,161.947509765625,22463100,0.0,0.0
2024-10-08 00:00:00-04:00,162.90145376713176,163.68644249996592,161.83822486594266,163.3386688232422,23072700,0.0,0.0
2024-10-09 00:00:00-04:00,162.41456443992033,163.7957583809211,158.72807525360884,160.8346405029297,31181800,0.0,0.0
2024-10-10 00:00:00-04:00,159.8509116423071,162.03698715416354,159.38388779769477,161.05325317382812,14144100,0.0,0.0
2024-10-11 00:00:00-04:00,161.10293319324816,162.86170956550862,160.21857182956228,162.20590209960938,15344300,0.0,0.0
2024-10-14 00:00:00-04:00,162.60336327926677,165.17695235890986,162.36487818674945,163.91500854492188,19016100,0.0,0.0
2024-10-15 00:00:00-04:00,164.7397308583214,166.61775729768382,163.58709086133464,164.41183471679688,20247200,0.0,0.0
2024-10-16 00:00:00-04:00,163.4877403209242,164.749699418007,162.70275145459712,164.11375427246094,16406000,0.0,0.0
2024-10-17 00:00:00-04:00,164.6801076327293,165.31605267037628,161.72892116495908,161.89784240722656,21453400,0.0,0.0
2024-10-18 00:00:00-04:00,162.1562116364337,163.66658684818702,162.0469078679096,162.38475036621094,19757700,0.0,0.0
2024-10-21 00:00:00-04:00,161.9176941209422,163.45787776452192,161.58978288104794,163.03060913085938,20946500,0.0,0.0
2024-10-22 00:00:00-04:00,161.9475365199372,164.71987068710104,161.9475365199372,164.09385681152344,16568100,0.0,0.0
2024-10-23 00:00:00-04:00,163.71626254064074,164.76956032222017,160.90418838301372,161.74880981445312,18280500,0.0,0.0
2024-10-24 00:00:00-04:00,161.79848222899673,162.29531475497333,159.9900045566217,161.68917846679688,22412500,0.0,0.0
2024-10-25 00:00:00-04:00,162.63315236060092,164.54098738372983,162.38473610505613,164.2230224609375,19828900,0.0,0.0
2024-10-28 00:00:00-04:00,167.68098784367282,167.68098784367282,162.91139226813863,165.66384887695312,32138600,0.0,0.0
2024-10-29 00:00:00-04:00,166.66742827978365,169.3006496598447,166.0314832783505,168.60507202148438,42169000,0.0,0.0
2024-10-30 00:00:00-04:00,179.5353953312524,180.86691803166593,172.95733750175077,173.3548126220703,68890800,0.0,0.0
2024-10-31 00:00:00-04:00,172.03323918990733,175.69986574053596,169.91672772946706,170.02603149414062,44769000,0.0,0.0
2024-11-01 00:00:00-04:00,168.9926374988831,171.22838406204764,167.8101735573136,170.20489501953125,31796500,0.0,0.0
2024-11-04 00:00:00-05:00,168.85352398218356,169.6484591926119,166.94568857443238,168.16790771484375,21492700,0.0,0.0
2024-11-05 00:00:00-05:00,168.3566697123956,169.44970738138483,167.77041094544956,168.6647186279297,18242100,0.0,0.0
2024-11-06 00:00:00-05:00,172.69899134986846,175.81909904785277,172.40088879790804,175.39181518554688,33695500,0.0,0.0
2024-11-07 00:00:00-05:00,176.2861274447148,179.93287650946746,176.06751991171046,179.60496520996094,25352900,0.0,0.0
2024-11-08 00:00:00-05:00,179.50560202546419,179.7540183112244,176.95189049215537,177.22018432617188,22006200,0.0,0.0
2024-11-11 00:00:00-05:00,177.44872793439595,179.40624953288767,177.33942415917616,179.20751953125,17450400,0.0,0.0
2024-11-12 00:00:00-05:00,178.68086684117154,181.33395085774214,178.25358296080182,180.46945190429688,25134900,0.0,0.0
2024-11-13 00:00:00-05:00,179.31680352847516,179.81363605883408,177.40895326922643,177.74681091308594,23184000,0.0,0.0
2024-11-14 00:00:00-05:00,177.15060502189382,177.68719264307913,173.21569988978717,174.46771240234375,31007500,0.0,0.0
2024-11-15 00:00:00-05:00,172.62944344024277,173.03684979342893,170.135349355116,171.39730834960938,32504600,0.0,0.0
2024-11-18 00:00:00-05:00,172.3213885251699,174.32859614097288,171.80467846165004,174.18948364257812,20135300,0.0,0.0
2024-11-19 00:00:00-05:00,172.61950254558704,177.73687175049812,172.46051249052883,176.9916229248047,23434900,0.0,0.0
2024-11-20 00:00:00-05:00,176.2165738071629,176.55441631876369,172.67912830422068,174.8651885986328,18997100,0.0,0.0
2024-11-21 00:00:00-05:00,172.79835394534456,173.0269078339117,162.6629730093742,166.56808471679688,59734400,0.0,0.0
2024-11-22 00:00:00-05:00,164.7993539822004,165.4054902668861,162.8616950123504,163.71624755859375,38604600,0.0,0.0
2024-11-25 00:00:00-05:00,165.0378364955745,167.56175439657423,164.56088148234778,166.58795166015625,33135300,0.0,0.0
2024-11-26 00:00:00-05:00,166.56807852805025,168.74420743105776,166.51839224272408,168.0486297607422,20486700,0.0,0.0
2024-11-27 00:00:00-05:00,167.92938975571963,168.40634472383195,166.9556022735371,168.15792846679688,19266500,0.0,0.0
2024-11-29 00:00:00-05:00,167.43256870496816,168.35666996658753,166.10106111500806,167.8797149658203,14257200,0.0,0.0
2024-12-02 00:00:00-05:00,167.70085532970873,170.98988423095403,167.50212535142776,170.40362548828125,23789100,0.0,0.0
2024-12-03 00:00:00-05:00,170.40365177380562,171.58610063371935,169.76770664793386,170.2545928955078,22248700,0.0,0.0
2024-12-04 00:00:00-05:00,170.06577798333072,173.80196851105399,169.976351762093,173.265380859375,31615100,0.0,0.0
2024-12-05 00:00:00-05:00,174.24912670582898,174.94468929994056,171.23832242107443,171.54635620117188,21356200,0.0,0.0
2024-12-06 00:00:00-05:00,170.9402105427862,173.97089221181594,170.77128929069295,173.60324096679688,21462400,0.0,0.0
2024-12-09 00:00:00-05:00,173.05609352730906,175.3441303590525,172.7476915668061,174.45875549316406,25389600,0.2,0.0
2024-12-10 00:00:00-05:00,181.89990276575224,185.39165905883286,180.10925267461994,184.2078399658203,54813000,0.0,0.0
2024-12-11 00:00:00-05:00,184.34712093414166,194.59360484337623,183.88951960925283,194.3846893310547,67894100,0.0,0.0
2024-12-12 00:00:00-05:00,193.98676747620544,194.16582489848338,190.71386920648584,190.9625701904297,34817500,0.0,0.0
2024-12-13 00:00:00-05:00,190.01748306194702,191.7285469445743,188.65460660803555,188.83367919921875,25143500,0.0,0.0
2024-12-16 00:00:00-05:00,191.86783751599637,197.96599073113543,191.61913652261555,195.63815307617188,44934900,0.0,0.0
2024-12-17 00:00:00-05:00,196.2250798486302,200.37341051362353,193.9668706236853,194.4045867919922,43504000,0.0,0.0
2024-12-18 00:00:00-05:00,194.20562099415744,195.97637074387896,186.76449197962535,187.42105102539062,34166100,0.0,0.0
2024-12-19 00:00:00-05:00,190.63427019379503,192.0269895380088,187.40115762090377,187.5304718017578,32265200,0.0,0.0
2024-12-20 00:00:00-05:00,184.8146696474835,191.88772607244653,184.25758188521124,190.41542053222656,63462900,0.0,0.0
2024-12-23 00:00:00-05:00,191.6191324608379,194.08625719212253,189.16196548395996,193.6186981201172,25675000,0.0,0.0
2024-12-24 00:00:00-05:00,193.82758299009262,195.0909881591797,192.7730933133359,195.0909881591797,10403300,0.0,0.0
2024-12-26 00:00:00-05:00,194.1359900072514,195.7276824419866,193.37000187433253,194.5836639404297,12046600,0.0,0.0
2024-12-27 00:00:00-05:00,193.9369998492268,194.30508758122627,189.65934042755555,191.7583770751953,18891400,0.0,0.0
2024-12-30 00:00:00-05:00,188.8137872976618,191.5494980812226,188.13731273783964,190.24630737304688,14264700,0.0,0.0
2024-12-31 00:00:00-05:00,190.08714080992223,190.96257314438756,187.53048736926948,188.31639099121094,17466900,0.0,0.0
2025-01-02 00:00:00-05:00,189.65935593229025,191.00234725825092,186.52572974438567,188.44569396972656,20370800,0.0,0.0
2025-01-03 00:00:00-05:00,190.37561071207793,192.20606135937345,188.99283394745663,190.79342651367188,18596200,0.0,0.0
2025-01-06 00:00:00-05:00,192.9720631324044,197.19003728298551,192.8427489428689,195.8470458984375,29563600,0.0,0.0
2025-01-07 00:00:00-05:00,196.08582081760926,199.95560784483914,193.5888681942183,194.4742431640625,26487200,0.0,0.0
2025-01-08 00:00:00-05:00,191.5693958945213,195.27005246800397,191.3803807232366,192.9422149658203,24864800,0.0,0.0
2025-01-10 00:00:00-05:00,193.29042686618294,195.49889303629848,189.32115330540665,191.0421600341797,26665200,0.0,0.0
2025-01-13 00:00:00-05:00,189.08238366148746,190.1866014129224,186.38645842630518,190.01748657226562,21823700,0.0,0.0
2025-01-14 00:00:00-05:00,190.24630678281764,190.98245196740993,187.33152340912505,188.6745147705078,17174900,0.0,0.0
2025-01-15 00:00:00-05:00,192.0866958313472,195.33970907887064,190.86309119272985,194.53392028808594,21776000,0.0,0.0
2025-01-16 00:00:00-05:00,193.13124318936406,194.4642768734046,191.8081520804567,191.9076385498047,17815400,0.0,0.0
2025-01-17 00:00:00-05:00,195.508827543568,196.20518730281572,192.74327365719543,194.98158264160156,27735100,0.0,0.0
2025-01-21 00:00:00-05:00,198.03562405056638,201.23887871445535,196.84184720049228,197.0209197998047,29971300,0.0,0.0
2025-01-22 00:00:00-05:00,198.02565047854944,199.43827011349632,196.50360181373688,197.3392333984375,26200600,0.0,0.0
2025-01-23 00:00:00-05:00,197.11045095911172,199.25923110054313,194.18572496319172,196.95127868652344,26951400,0.0,0.0
2025-01-24 00:00:00-05:00,197.07065618338206,199.85609492474924,196.9711697228321,199.16969299316406,23877500,0.0,0.0
2025-01-27 00:00:00-05:00,191.41022766272687,195.85700244066396,189.73894916830926,190.81333923339844,41728900,0.0,0.0
2025-01-28 00:00:00-05:00,191.7484641400102,194.46427471258818,189.68921264751984,194.28521728515625,24157900,0.0,0.0
2025-01-29 00:00:00-05:00,194.54383730753634,195.76744178541853,192.4249002623363,194.39462280273438,18218300,0.0,0.0
2025-01-30 00:00:00-05:00,196.97116592435128,200.35349300478669,196.64287882627042,199.8262481689453,24354700,0.0,0.0
2025-01-31 00:00:00-05:00,200.95039173473552,204.41230512426117,200.75143398674038,202.95989990234375,32001100,0.0,0.0
2025-02-03 00:00:00-05:00,199.6471997728737,202.6912973186069,199.06026910715457,200.18438720703125,27838300,0.0,0.0
2025-02-04 00:00:00-05:00,202.33317837712485,205.97416454187623,201.75619025433605,205.30764770507812,43856400,0.0,0.0
2025-02-05 00:00:00-05:00,190.0771871408914,191.74845039513906,187.05297480534406,190.33583068847656,70373900,0.0,0.0
2025-02-06 00:00:00-05:00,188.5153520057582,191.10184839531686,187.73940612479137,190.6044464111328,29297400,0.0,0.0
2025-02-07 00:00:00-05:00,190.05732159058567,190.18663579828956,182.28790419249637,184.37698364257812,49315000,0.0,0.0
2025-02-10 00:00:00-05:00,186.37653098919859,187.22210526115876,184.8942676002274,185.5010986328125,23105600,0.0,0.0
2025-02-11 00:00:00-05:00,184.0685692836796,185.96864842614565,183.3224663388948,184.35707092285156,21239500,0.0,0.0
2025-02-12 00:00:00-05:00,182.26797191010567,184.14815067534644,180.88519509524076,182.65594482421875,22072600,0.0,0.0
2025-02-13 00:00:00-05:00,183.3622856084759,185.31209300157155,182.18840896285295,185.17282104492188,21402500,0.0,0.0
2025-02-14 00:00:00-05:00,184.0984174978102,185.43145115453234,183.36227228593566,184.2675323486328,20448400,0.0,0.0
2025-02-18 00:00:00-05:00,184.6356329562648,184.9937630121433,180.79568881581937,182.8151397705078,29916700,0.0,0.0
2025-02-19 00:00:00-05:00,183.11358075743158,184.49635771924724,182.63606390508187,184.30734252929688,19549400,0.0,0.0
2025-02-20 00:00:00-05:00,183.8397410371311,184.34708549881282,181.77054735930005,183.60098266601562,20441500,0.0,0.0
2025-02-21 00:00:00-05:00,184.18793460152546,184.37694976979722,178.14948286814752,178.72647094726562,35199200,0.0,0.0
2025-02-24 00:00:00-05:00,181.04437173412518,182.16848984705686,177.96047349552646,178.318603515625,29854200,0.0,0.0
2025-02-25 00:00:00-05:00,177.11489600513676,177.81127094293745,173.7823117406095,174.50851440429688,41913400,0.0,0.0
2025-02-26 00:00:00-05:00,174.1603418876601,175.16508845335508,170.68847049649932,171.83248901367188,35431300,0.0,0.0
2025-02-27 00:00:00-05:00,173.0859293485287,173.65295965631302,167.06736294980485,167.62445068359375,39991000,0.0,0.0
2025-02-28 00:00:00-05:00,167.80352548017922,169.72350502540073,165.9034614440167,169.3952178955078,48130600,0.0,0.0
2025-03-03 00:00:00-05:00,171.03664581195866,172.46916601222185,165.0678217638651,166.1422119140625,40770500,0.0,0.0
2025-03-04 00:00:00-05:00,165.37621562667857,172.38957139478455,164.93849945595062,170.03189086914062,45388000,0.0,0.0
2025-03-05 00:00:00-05:00,169.6339770163835,172.87703249017144,168.18155654289944,172.12098693847656,30954900,0.0,0.0
2025-03-06 00:00:00-05:00,169.6439021909127,173.9016615264532,169.6140592892689,171.45445251464844,28302000,0.0,0.0
2025-03-07 00:00:00-05:00,170.3701228624436,174.06085227932917,169.38527664457013,172.9566192626953,27385800,0.0,0.0
2025-03-10 00:00:00-04:00,167.57846950382446,167.77767157580016,163.0269878624875,165.19815063476562,43604000,0.2,0.0
2025-03-11 00:00:00-04:00,164.24205105519363,166.0745946593306,160.71638098509786,163.3755645751953,39587400,0.0,0.0
2025-03-12 00:00:00-04:00,165.90529913170525,166.96100335852913,162.86764957538162,166.4331512451172,28372400,0.0,0.0
2025-03-13 00:00:00-04:00,165.36748287025196,165.45712989370372,161.4534078114044,162.10076904296875,31756200,0.0,0.0
2025-03-14 00:00:00-04:00,162.60870791000892,165.81566708355933,161.79202188086273,164.81971740722656,31995900,0.0,0.0
2025-03-17 00:00:00-04:00,164.36156568984055,165.6264259709924,163.00707358955603,163.6245574951172,31184300,0.0,0.0
2025-03-18 00:00:00-04:00,163.01702900544848,163.5847275921019,156.08522805432327,160.01922607421875,42074800,0.0,0.0
2025-03-19 00:00:00-04:00,161.10480349722013,165.19815700358515,160.3478872642785,163.22618103027344,34275600,0.0,0.0
2025-03-20 00:00:00-04:00,160.91559589904986,164.22214090970084,160.30806599087495,162.14060974121094,28138500,0.0,0.0
2025-03-21 00:00:00-04:00,160.55705156299513,163.57477782056455,160.2383403768693,163.32579040527344,36625800,0.0,0.0
2025-03-24 00:00:00-04:00,166.39330929919817,167.6382463166508,164.47111864181912,167.00082397460938,30879100,0.0,0.0
2025-03-25 00:00:00-04:00,168.2955839776117,169.93891017820465,167.63826869436164,169.8691864013672,24174400,0.0,0.0
2025-03-26 00:00:00-04:00,168.3154618330589,168.9229916227025,164.17230835604613,164.39141845703125,28901600,0.0,0.0
2025-03-27 00:00:00-04:00,163.96318944763343,164.74998295425303,161.3438371056606,161.58287048339844,24508300,0.0,0.0
2025-03-28 00:00:00-04:00,159.8399478606563,161.16456257842086,153.00773337780885,153.70489501953125,48669300,0.0,0.0
2025-03-31 00:00:00-04:00,152.489854834344,154.91000524190235,150.04978117819655,154.01365661621094,54603500,0.0,0.0
2025-04-01 00:00:00-04:00,152.99778409802235,157.45964958057314,152.99778409802235,156.43382263183594,30672900,0.0,0.0
2025-04-02 00:00:00-04:00,154.52157130636616,157.7683766642482,154.07339703462338,156.40391540527344,25041700,0.0,0.0
2025-04-03 00:00:00-04:00,150.49796262916686,152.16119683607278,149.78087761580798,150.1095428466797,46883400,0.0,0.0
2025-04-04 00:00:00-04:00,147.41049617328275,150.45811474262314,144.79115903527634,145.01026916503906,62259500,0.0,0.0
2025-04-07 00:00:00-04:00,140.9766740613606,152.23090799124293,139.96080117715204,146.15560913085938,76794100,0.0,0.0
2025-04-08 00:00:00-04:00,150.60750263275938,151.62337549950988,142.45067281990836,144.11390686035156,52200200,0.0,0.0
2025-04-09 00:00:00-04:00,143.8350407612742,158.90376321404577,143.32711193141117,158.06716918945312,70406200,0.0,0.0
2025-04-10 00:00:00-04:00,155.90596893520956,157.08119755588638,149.32274040564454,152.2010498046875,48022000,0.0,0.0
2025-04-11 00:00:00-04:00,152.28069286385934,157.03137687020202,152.2010302665367,156.50352478027344,33636200,0.0,0.0
2025-04-14 00:00:00-04:00,159.35194610703772,161.06498074344722,156.92182649738766,158.42572021484375,30333000,0.0,0.0
2025-04-15 00:00:00-04:00,158.48548058954378,159.00336349160088,154.58135959003184,155.67689514160156,27551500,0.0,0.0
2025-04-16 00:00:00-04:00,152.47988970477897,155.25858239966342,150.89631829246227,152.70895385742188,28187400,0.0,0.0
2025-04-17 00:00:00-04:00,153.66507223082013,154.0534920051937,147.89853016558348,150.54776000976562,33046600,0.0,0.0
2025-04-21 00:00:00-04:00,148.2769899279801,148.346698501599,145.50825109483685,147.07188415527344,26049100,0.0,0.0
2025-04-22 00:00:00-04:00,148.2869392297591,151.5735760354548,147.93835078181212,150.8564910888672,26971800,0.0,0.0
2025-04-23 00:00:00-04:00,154.97972084901838,156.89194229421238,153.1870084950911,154.7207794189453,31128800,0.0,0.0
2025-04-24 00:00:00-04:00,155.51752994672043,158.94359913409957,155.15898746904153,158.63485717773438,45894000,0.0,0.0
2025-04-25 00:00:00-04:00,164.40140465983956,165.4272315126956,160.3877138664607,161.3040008544922,56034000,0.0,0.0
2025-04-28 00:00:00-04:00,161.7720931027873,162.48917806099573,157.9576193461597,159.95947265625,29745800,0.0,0.0
2025-04-29 00:00:00-04:00,159.6706470871033,160.088944095257,156.88198516909392,159.51129150390625,26809000,0.0,0.0
2025-04-30 00:00:00-04:00,157.34012853089786,158.62491214751483,154.7705764946502,158.1568145751953,34981100,0.0,0.0
2025-05-01 00:00:00-04:00,159.80013463025725,161.29405925789504,158.26637869922348,160.64669799804688,30203200,0.0,0.0
2025-05-02 00:00:00-04:00,162.7481319399907,164.3018109241553,161.21436100650547,163.36561584472656,25715000,0.0,0.0
2025-05-05 00:00:00-04:00,162.3397856484502,164.72010459701127,162.06092097475153,163.54489135742188,21341800,0.0,0.0
2025-05-06 00:00:00-04:00,161.51315867988768,164.13251121588542,160.5371322432176,162.56886291503906,21277200,0.0,0.0
2025-05-07 00:00:00-04:00,163.41540177767422,164.33167352764482,147.24117583349363,150.766845703125,127490100,0.0,0.0
2025-05-08 00:00:00-04:00,154.37217520033343,155.2984009569833,152.2806751349548,153.65509033203125,57498700,0.0,0.0
2025-05-09 00:00:00-04:00,153.5455638933439,154.4220044950508,151.58354176260508,152.13131713867188,32435300,0.0,0.0
2025-05-12 00:00:00-04:00,156.85211913184455,158.45559870977985,155.61713606908535,157.8181915283203,44138800,0.0,0.0
2025-05-13 00:00:00-04:00,158.1468266808066,159.919630909492,155.52748962665564,158.8838348388672,42382100,0.0,0.0
2025-05-14 00:00:00-04:00,159.31210428165852,166.3235827604559,158.96351584378579,164.70018005371094,48755900,0.0,0.0
2025-05-15 00:00:00-04:00,165.16827329805872,165.53678497348048,161.71232706903228,163.2958984375,33146700,0.0,0.0
2025-05-16 00:00:00-04:00,167.05061660833445,168.66406524073284,164.94916241420358,165.51686096191406,42846900,0.0,0.0
2025-05-19 00:00:00-04:00,163.84367142462605,165.96504904182535,163.55485271284547,165.86544799804688,30426100,0.0,0.0
2025-05-20 00:00:00-04:00,165.75588463789506,167.8175076045031,162.24018376555952,163.31581115722656,46607700,0.0,0.0
2025-05-21 00:00:00-04:00,163.02700354080346,172.43872486137178,162.89752522096424,167.8772735595703,73416000,0.0,0.0
2025-05-22 00:00:00-04:00,171.15394376538748,176.05401394301808,170.0185618363875,170.1779022216797,74864400,0.0,0.0
2025-05-23 00:00:00-04:00,168.3752347830085,169.2715985296926,167.2099755896054,167.78762817382812,35211400,0.0,0.0
2025-05-27 00:00:00-04:00,169.47079940418584,172.46860243837372,169.3114438097941,172.19969177246094,37995700,0.0,0.0
2025-05-28 00:00:00-04:00,172.45864324425892,174.56009759174123,171.21370619473115,171.66188049316406,34784000,0.0,0.0
2025-05-29 00:00:00-04:00,173.29524158580244,173.71353862116436,169.93889608019336,171.16390991210938,29317300,0.0,0.0
2025-05-30 00:00:00-04:00,170.65598330984582,171.51250064033223,166.76181642373982,171.04440307617188,52639900,0.0,0.0
2025-06-02 00:00:00-04:00,167.1601697701311,169.1819461523069,166.71199550949316,168.34535217285156,38612300,0.0,0.0
2025-06-03 00:00:00-04:00,166.8116037120677,167.79758408844376,164.61054841286258,165.50689697265625,45084900,0.0,0.0
2025-06-04 00:00:00-04:00,166.06463226073475,167.53863332913048,165.68616657138267,167.36932373046875,26900800,0.0,0.0
2025-06-05 00:00:00-04:00,169.6500488073603,170.23765541573877,166.9111874462575,167.5286865234375,36379100,0.0,0.0
2025-06-06 00:00:00-04:00,170.13806952300837,173.79320267833577,170.13806952300837,172.9765167236328,35731800,0.0,0.0
2025-06-09 00:00:00-04:00,174.04348698482235,175.96800471005412,173.87397240224888,175.58908081054688,28935900,0.21,0.0
2025-06-10 00:00:00-04:00,175.6987675223273,180.5948038838724,174.41244383100403,178.09194946289062,61766100,0.0,0.0
2025-06-11 00:00:00-04:00,179.25860337876443,179.85688739895457,176.24719026638135,176.84548950195312,31646800,0.0,0.0
2025-06-12 00:00:00-04:00,175.6788256293735,176.2172980493167,174.25290075490625,175.2001953125,20941900,0.0,0.0
2025-06-13 00:00:00-04:00,171.949458947436,176.62611964590695,171.89959814035095,174.17311096191406,27663100,0.0,0.0
2025-06-16 00:00:00-04:00,174.23294549738824,176.43666545813562,174.15317124562452,176.26715087890625,27389200,0.0,0.0
2025-06-17 00:00:00-04:00,175.20017407855667,176.85545544238207,174.0833650694126,175.449462890625,24973000,0.0,0.0
2025-06-18 00:00:00-04:00,175.50931582595604,176.0577543370001,172.70731159680278,172.8269805908203,28707500,0.0,0.0
2025-06-20 00:00:00-04:00,173.45518907949074,173.84407909995153,164.98934896898635,166.16598510742188,75659900,0.0,0.0
2025-06-23 00:00:00-04:00,165.79702236468145,166.86397066469698,161.53916480969883,164.7200927734375,57671000,0.0,0.0
2025-06-24 00:00:00-04:00,166.44516047022438,167.7414654003419,165.65741447979076,166.29559326171875,40524300,0.0,0.0
2025-06-25 00:00:00-04:00,167.15316152434053,171.86970222006798,167.07338726794845,170.19447326660156,35479000,0.0,0.0
2025-06-26 00:00:00-04:00,171.93948268163984,173.19590810922037,169.45657569929264,173.04632568359375,31796700,0.0,0.0
2025-06-27 00:00:00-04:00,173.04631507807895,178.17169244521818,171.24146651329573,178.02212524414062,108140200,0.0,0.0
2025-06-30 00:00:00-04:00,180.26574336762212,180.7144602330707,174.08338322657394,175.7286834716797,63378900,0.0,0.0
2025-07-01 00:00:00-04:00,175.24009156508697,175.58908681807281,173.0363714854685,175.3397979736328,35904500,0.0,0.0
2025-07-02 00:00:00-04:00,175.04063318866915,178.35119606008848,174.5719841997796,178.13182067871094,29128900,0.0,0.0
2025-07-03 00:00:00-04:00,177.99221838299502,179.15888824066795,176.5463462627362,179.019287109375,21689700,0.0,0.0
2025-07-07 00:00:00-04:00,178.550625649566,178.78994839919216,175.1802358653973,176.28707885742188,34175600,0.0,0.0
2025-07-08 00:00:00-04:00,177.34407588154812,177.44378228214464,172.31840465770773,173.86399841308594,40442500,0.0,0.0
2025-07-09 00:00:00-04:00,174.75148618121452,178.92956979741228,172.27854501653255,176.11758422851562,43025600,0.0,0.0
2025-07-10 00:00:00-04:00,175.1303863111691,177.92240891673904,173.8839422139032,177.11471557617188,29252400,0.0,0.0
2025-07-11 00:00:00-04:00,176.2870917998284,180.91389212460822,175.97797606848104,179.67742919921875,34282900,0.0,0.0
2025-07-14 00:00:00-04:00,180.49507959550706,183.14751640721383,179.16886118965368,181.04351806640625,32536600,0.0,0.0
2025-07-15 00:00:00-04:00,182.2899779932072,183.69597077242528,181.08342846821492,181.48228454589844,33448300,0.0,0.0
2025-07-16 00:00:00-04:00,182.71874486155866,183.80564050002502,181.51218023918355,182.4495086669922,33104200,0.0,0.0
2025-07-17 00:00:00-04:00,181.62187886390834,183.53641535247564,179.96659729454643,183.0577850341797,31992600,0.0,0.0
2025-07-18 00:00:00-04:00,184.87259850820493,185.88970124039062,183.1874187229756,184.5335693359375,34014500,0.0,0.0
2025-07-21 00:00:00-04:00,185.720180506412,189.74868135121883,185.62045888710102,189.55923461914062,45803100,0.0,0.0
2025-07-22 00:00:00-04:00,190.9552485801447,191.10481579575136,186.9267476808465,190.7957000732422,44660200,0.0,0.0
2025-07-23 00:00:00-04:00,190.95524958744798,191.9823183810532,188.64184187130752,189.68885803222656,58681900,0.0,0.0
2025-07-24 00:00:00-04:00,196.46952792005337,197.3869090653604,190.45668205461735,191.62335205078125,74881700,0.0,0.0
2025-07-25 00:00:00-04:00,191.43387927305906,193.77720042486192,190.71592620592727,192.63046264648438,39785900,0.0,0.0
2025-07-28 00:00:00-04:00,193.0991291078416,193.49800038051387,190.29712498462092,192.0321807861328,38139500,0.0,0.0
2025-07-29 00:00:00-04:00,191.88258292419434,195.36266032343974,191.53358770597436,195.19314575195312,41389200,0.0,0.0
2025-07-30 00:00:00-04:00,195.04360005779435,197.0379108346005,194.13618500265545,195.970947265625,32445400,0.0,0.0
2025-07-31 00:00:00-04:00,195.15328548422434,195.43248777249184,190.54641729704366,191.35411071777344,51329200,0.0,0.0
2025-08-01 00:00:00-04:00,188.49228886934085,190.28717167835873,187.2857393250735,188.59201049804688,34832200,0.0,0.0
2025-08-04 00:00:00-04:00,189.7486806495505,194.71452513752175,189.579166069655,194.48516845703125,31547400,0.0,0.0
2025-08-05 00:00:00-04:00,194.1561209300893,197.2971541323202,193.33844625639603,194.11622619628906,31602300,0.0,0.0
2025-08-06 00:00:00-04:00,193.94672263242092,196.0706684741306,193.11908183595835,195.53219604492188,21562900,0.0,0.0
2025-08-07 00:00:00-04:00,196.49942519635405,196.9780554903085,193.77719542929833,195.96096801757812,26321800,0.0,0.0
2025-08-08 00:00:00-04:00,196.65898117376335,202.03364795164893,196.60912036272285,200.84703063964844,39161800,0.0,0.0
2025-08-11 00:00:00-04:00,200.36839577051538,200.90685295750995,198.50372015999918,200.42822265625,25832400,0.0,0.0
2025-08-12 00:00:00-04:00,200.7971688962253,203.9182700251912,200.01938893683175,202.76156616210938,30397900,0.0,0.0
2025-08-13 00:00:00-04:00,203.5493232968563,203.94817934449617,196.94814463612107,201.385498046875,28342900,0.0,0.0
2025-08-14 00:00:00-04:00,200.9268104830451,203.85844975532365,200.65757426824428,202.3627166748047,25230400,0.0,0.0
2025-08-15 00:00:00-04:00,203.2701312097242,205.85276000380134,200.7074345682602,203.31997680664062,34931400,0.0,0.0
2025-08-18 00:00:00-04:00,203.61911775674488,204.68608127587706,201.91399064284568,202.92111206054688,18526600,0.0,0.0
2025-08-19 00:00:00-04:00,202.45245084896237,202.86128819689205,199.39119181596234,200.99661254882812,24240200,0.0,0.0
2025-08-20 00:00:00-04:00,200.15899878777563,200.70743729977306,196.04075734034146,198.75302124023438,28955500,0.0,0.0
2025-08-21 00:00:00-04:00,199.1817626953125,201.90399228811302,198.86266570951375,199.1817626953125,19774600,0.0,0.0
2025-08-22 00:00:00-04:00,202.15329588435108,207.9467659198768,200.7273710651735,205.5037384033203,42827000,0.0,0.0
2025-08-25 00:00:00-04:00,205.84277405344866,209.92115104730735,204.69605147341804,207.8969268798828,29928900,0.0,0.0
2025-08-26 00:00:00-04:00,206.91970861500775,207.25875300984708,205.11485980130033,206.55076599121094,28464100,0.0,0.0
2025-08-27 00:00:00-04:00,205.11485047791405,208.31572581537765,205.0649896678173,206.88978576660156,23022900,0.0,0.0
2025-08-28 00:00:00-04:00,206.66045236066026,211.6163158130296,206.31144189175058,211.0379638671875,32339300,0.0,0.0
2025-08-29 00:00:00-04:00,209.91116980825524,214.03939239893296,209.60205408045064,212.30435180664062,39728400,0.0,0.0
2025-09-02 00:00:00-04:00,207.84705371453168,211.07782715720617,205.61342035910417,210.748779296875,47523000,0.0,0.0
2025-09-03 00:00:00-04:00,225.5665071716633,230.6519900738744,224.1505332557257,230.00384521484375,103336100,0.0,0.0
2025-09-04 00:00:00-04:00,228.99673495380736,231.70899889966293,225.46681147970435,231.6392059326172,51684200,0.0,0.0
2025-09-05 00:00:00-04:00,231.53945928914177,235.08932974831836,231.24030965390477,234.3314971923828,46588900,0.0,0.0
2025-09-08 00:00:00-04:00,235.01017746372742,237.66498669397225,233.21368944217105,233.5829620361328,32474700,0.21,0.0
2025-09-09 00:00:00-04:00,233.71271899928072,240.00041962038168,232.77455216251747,239.1620635986328,38061000,0.0,0.0
2025-09-10 00:00:00-04:00,238.4334648921733,241.1880848518513,237.38552753776509,238.70294189453125,35141100,0.0,0.0
2025-09-11 00:00:00-04:00,239.41157085914617,241.77693788592924,235.78865459463688,239.90060424804688,30599300,0.0,0.0
2025-09-12 00:00:00-04:00,239.90058949520323,241.6072568290254,237.53522261387997,240.3297576904297,26771600,0.0,0.0
2025-09-15 00:00:00-04:00,244.18222746714693,251.91709313601174,244.18222746714693,251.11865234375,58383800,0.0,0.0
2025-09-16 00:00:00-04:00,251.58774200911427,252.54585880051692,248.98283818718852,250.66954040527344,34109700,0.0,0.0
2025-09-17 00:00:00-04:00,250.7294115061419,251.10867430438276,245.7990560449756,249.04270935058594,34108000,0.0,0.0
2025-09-18 00:00:00-04:00,251.18851917528045,253.49402106561863,249.31220074129322,251.537841796875,31239500,0.0,0.0
2025-09-19 00:00:00-04:00,252.7554645478164,255.5000944688687,251.31827407979023,254.22259521484375,55571400,0.0,0.0
2025-09-22 00:00:00-04:00,253.9331335021276,255.28050326976958,249.8112090563098,252.03684997558594,32290500,0.0,0.0
2025-09-23 00:00:00-04:00,252.54585863312587,253.8632882566711,249.9908602190898,251.16856384277344,26628000,0.0,0.0
2025-09-24 00:00:00-04:00,251.1685566625181,251.8572116525034,245.95874917105462,246.65737915039062,28201000,0.0,0.0
2025-09-25 00:00:00-04:00,243.92272782855147,246.0086580355356,240.26988667693965,245.3100128173828,31020400,0.0,0.0
2025-09-26 00:00:00-04:00,246.58752699597628,248.93292875938775,245.4896689933639,246.0585479736328,18503200,0.0,0.0
2025-09-29 00:00:00-04:00,247.3659922504587,250.65953566268354,242.295910900337,243.5734100341797,32505800,0.0,0.0
2025-09-30 00:00:00-04:00,242.33584768941728,242.8149061000678,238.78280195485732,242.6252899169922,34724300,0.0,0.0
2025-10-01 00:00:00-04:00,240.2798631456683,245.81902814560354,238.1440427490887,244.4217529296875,31658200,0.0,0.0
2025-10-02 00:00:00-04:00,244.6712510924991,246.32801300536266,241.82682587144092,245.210205078125,25483300,0.0,0.0
2025-10-03 00:00:00-04:00,244.0125741538274,245.8190372139174,241.18809864914257,244.8708953857422,30249600,0.0,0.0
2025-10-06 00:00:00-04:00,244.30198799944458,250.82922509816828,244.10238160883648,249.94094848632812,28894700,0.0,0.0
2025-10-07 00:00:00-04:00,247.78518329877946,249.95094390133718,245.04055349112926,245.2800750732422,23181300,0.0,0.0
2025-10-08 00:00:00-04:00,244.4816510919942,245.52958847857047,243.3438778825467,244.14230346679688,21307100,0.0,0.0
2025-10-09 00:00:00-04:00,243.99259549865826,244.28202248032238,238.68297718710045,241.05833435058594,27892100,0.0,0.0
2025-10-10 00:00:00-04:00,240.95854254659665,243.6133519117745,235.37946202105573,236.10804748535156,33180300,0.0,0.0
2025-10-13 00:00:00-04:00,239.74092459803205,244.02254038501275,239.2419009980627,243.6732177734375,24995000,0.0,0.0
2025-10-14 00:00:00-04:00,240.75891236992726,246.63740953871613,240.0403171957297,244.97067260742188,22111600,0.0,0.0
2025-10-15 00:00:00-04:00,246.76716258187247,251.61767243328853,245.5096286311317,250.53977966308594,27007700,0.0,0.0
2025-10-16 00:00:00-04:00,251.27834055068328,256.4581925767255,249.61160360230107,250.9689483642578,27997200,0.0,0.0
2025-10-17 00:00:00-04:00,250.27029536389298,253.72354516932393,247.32605934645667,252.8053436279297,29671600,0.0,0.0
2025-10-20 00:00:00-04:00,254.19265795496185,256.82748687148535,253.73354951664797,256.04901123046875,22350200,0.0,0.0
2025-10-21 00:00:00-04:00,254.24254216862593,254.38226816359625,243.6732110393333,249.9709014892578,47312100,0.0,0.0
2025-10-22 00:00:00-04:00,253.87326076642051,255.85936494298178,248.8031791754094,251.19850158691406,35029400,0.0,0.0
2025-10-23 00:00:00-04:00,252.4859893541776,254.54196425508994,251.35820631599307,252.58580017089844,19901400,0.0,0.0
2025-10-24 00:00:00-04:00,256.07894057309267,261.16898745224296,254.82142179583195,259.4124450683594,28655100,0.0,0.0
2025-10-27 00:00:00-04:00,264.3028491565017,269.61246721569535,263.76389517627246,268.744140625,35235200,0.0,0.0
2025-10-28 00:00:00-04:00,269.1633589320839,270.20133657580493,265.9795858431389,266.94769287109375,29738600,0.0,0.0
2025-10-29 00:00:00-04:00,267.2271543584551,274.802329420885,267.14732397902117,274.0338439941406,43580300,0.0,0.0
2025-10-30 00:00:00-04:00,291.02060225143094,291.02060225143094,279.51311834988803,280.93035888671875,74876000,0.0,0.0
2025-10-31 00:00:00-04:00,282.65691333682474,285.44147330040244,276.48898951038876,280.640869140625,39267900,0.0,0.0
2025-11-03 00:00:00-05:00,281.62895336390585,284.97241759660864,279.25359613963377,283.16595458984375,29786000,0.0,0.0
2025-11-04 00:00:00-05:00,276.20955057551157,280.7207127582489,275.72051721535576,276.9980163574219,30078400,0.0,0.0
2025-11-05 00:00:00-05:00,278.32538223121895,285.8606559032848,276.7983714286328,283.7547607421875,31010300,0.0,0.0
2025-11-06 00:00:00-05:00,284.77279318145315,287.78691520805194,280.59100344938025,284.1939392089844,37173600,0.0,0.0
2025-11-07 00:00:00-05:00,282.6569436244069,283.225837847663,274.65261591386644,278.2854919433594,34479600,0.0,0.0
2025-11-10 00:00:00-05:00,283.8645774088431,290.2320924976737,282.30759586857965,289.5334777832031,29557300,0.0,0.0
2025-11-11 00:00:00-05:00,287.1881040319325,291.3499745796257,286.7589510126267,290.74114990234375,19842100,0.0,0.0
2025-11-12 00:00:00-05:00,291.11038092678234,291.43975353768866,283.1359940674285,286.15008544921875,24829900,0.0,0.0
2025-11-13 00:00:00-05:00,281.7886277548892,282.2876513282579,276.6985812149319,278.0260009765625,29494000,0.0,0.0
2025-11-14 00:00:00-05:00,270.88000309409097,278.0160347166159,270.17139808707816,275.8702392578125,31647200,0.0,0.0
2025-11-17 00:00:00-05:00,285.22190446328057,293.3759628274161,283.01622885841863,284.46337890625,52670200,0.0,0.0
2025-11-18 00:00:00-05:00,287.3577599014325,288.236015842567,277.65674001133203,283.724853515625,49158700,0.0,0.0
2025-11-19 00:00:00-05:00,286.5992292728396,303.21670857801746,286.07026549054086,292.2381896972656,68198900,0.0,0.0
2025-11-20 00:00:00-05:00,303.94529376978943,305.8216273232207,288.1062900504894,288.884765625,62025200,0.0,0.0
2025-11-21 00:00:00-05:00,295.8411659039572,303.3265199413647,293.27617727722287,299.0748291015625,74137700,0.0,0.0
2025-11-24 00:00:00-05:00,310.52242205466104,318.85612204740676,308.9954110970811,317.9578552246094,85165100,0.0,0.0
2025-11-25 00:00:00-05:00,325.5729598317621,328.187838552192,317.0296784660599,322.8083801269531,88632100,0.0,0.0
2025-11-26 00:00:00-05:00,320.053780820363,323.86632857763385,316.1713929045335,319.3252258300781,51373400,0.0,0.0
2025-11-28 00:00:00-05:00,322.73855239479167,326.2117679837596,316.1714145243143,319.5547790527344,26018600,0.0,0.0
2025-12-01 00:00:00-05:00,317.0796263275952,319.2254218425781,313.27706870792247,314.2751159667969,41183000,0.0,0.0
2025-12-02 00:00:00-05:00,316.1214443613123,317.75825630619534,313.29698432996054,315.1932678222656,35854700,0.0,0.0
2025-12-03 00:00:00-05:00,315.2731119453438,320.95197190330543,313.48659911430565,319.00579833984375,41838300,0.0,0.0
2025-12-04 00:00:00-05:00,321.6007694211511,321.73048997615604,314.0854750084747,316.999755859375,31240900,0.0,0.0
2025-12-05 00:00:00-05:00,318.8660555204289,322.528901747787,318.5467035992101,320.642578125,28851700,0.0,0.0
2025-12-08 00:00:00-05:00,319.63395301128804,320.0234606774875,310.81544458829893,313.31219482421875,33909400,0.21,0.0
2025-12-09 00:00:00-05:00,311.96391713296777,317.57660631064704,311.4945269093235,316.66778564453125,30194000,0.0,0.0
2025-12-10 00:00:00-05:00,315.4194206321133,320.8923078304596,314.27092168020465,319.7937316894531,33428900,0.0,0.0
2025-12-11 00:00:00-05:00,319.6638831462354,320.7025396818571,308.19882663213485,312.0238342285156,42353700,0.0,0.0
2025-12-12 00:00:00-05:00,313.29221022339095,314.46067218572114,305.1627773855729,308.887939453125,35940200,0.0,0.0
2025-12-15 00:00:00-05:00,310.9152814169449,311.01515750934647,304.4836511834585,307.8193054199219,29151900,0.0,0.0
2025-12-16 00:00:00-05:00,304.55358908476643,310.3660001485481,302.1966411442108,306.1714782714844,30585000,0.0,0.0
2025-12-17 00:00:00-05:00,307.60959033164653,307.6894729197007,295.7350329501308,296.3342590332031,43930400,0.0,0.0
2025-12-18 00:00:00-05:00,301.32777470817274,303.56485302569047,298.8410213827925,302.0668029785156,33518000,0.0,0.0
2025-12-19 00:00:00-05:00,301.33777770154796,306.85059101726483,300.5787559089981,306.7607116699219,59943200,0.0,0.0
2025-12-22 00:00:00-05:00,309.47716491524386,309.7268399185022,304.90310178792384,309.3772888183594,26429900,0.0,0.0
2025-12-23 00:00:00-05:00,309.2274800840275,314.5305745464577,308.91788552805923,313.94134521484375,25478700,0.0,0.0
2025-12-24 00:00:00-05:00,314.3608103937755,314.67040497756983,311.51453957359615,313.68170166015625,10097400,0.0,0.0
2025-12-26 00:00:00-05:00,314.0711877312235,314.6803801033015,311.87403553475036,313.1024475097656,10899000,0.0,0.0
2025-12-29 00:00:00-05:00,310.96521879647884,313.61176774066803,310.2161937852231,313.1523742675781,19621800,0.0,0.0
2025-12-30 00:00:00-05:00,312.09376543928346,316.5379928503015,312.0538089034933,313.4420166015625,17380900,0.0,0.0
2025-12-31 00:00:00-05:00,312.4433102220648,314.17104176667254,311.03513952358344,312.5931091308594,16377700,0.0,0.0
