Date,Open,High,Low,Close,Volume,Dividends,Stock Splits
2000-01-03 00:00:00-05:00,65.09882303981686,65.22841591912639,60.64946751685659,61.038246154785156,1822600,0.0,0.0
2000-01-04 00:00:00-05:00,60.131095494388454,60.47667650297689,56.84807591279828,57.19365692138672,1647700,0.0,0.0
2000-01-05 00:00:00-05:00,55.8977316842782,56.58889374528937,54.16982653175028,54.51540756225586,1516600,0.0,0.0
2000-01-06 00:00:00-05:00,54.342580737313966,58.403155132629955,54.342580737313966,56.84804153442383,1845100,0.0,0.0
2000-01-07 00:00:00-05:00,57.40963352096523,57.49602875575976,55.20655503370471,57.06405258178711,1127400,0.0,0.0
2000-01-10 00:00:00-05:00,56.502454393174915,58.6623341482657,56.502454393174915,58.31675338745117,803100,0.0,0.0
2000-01-11 00:00:00-05:00,58.748725773046004,59.61267762264963,58.44634262568474,58.61913299560547,808600,0.0,0.0
2000-01-12 00:00:00-05:00,58.143963007043915,59.43989086009839,57.62559186582212,58.31675338745117,916100,0.0,0.0
2000-01-13 00:00:00-05:00,58.835136131422054,58.835136131422054,57.280022401076096,58.403160095214844,711000,0.0,0.0
2000-01-14 00:00:00-05:00,59.09433749679231,60.0878826447647,58.96474465140461,59.18073272705078,607000,0.0,0.0
2000-01-18 00:00:00-05:00,58.74877183214365,61.59981517105651,58.575981326755,60.044700622558594,1095700,0.0,0.0
2000-01-19 00:00:00-05:00,60.04468932822293,61.772594057092654,59.95829409177944,60.51986312866211,636900,0.0,0.0
2000-01-20 00:00:00-05:00,60.21357355291193,60.86242671619762,58.74283971613104,59.478206634521484,621800,0.12,0.0
2000-01-21 00:00:00-05:00,59.65127298868459,59.65127298868459,58.52659343994942,59.30521774291992,542500,0.0,0.0
2000-01-24 00:00:00-05:00,60.55967581746046,60.55967581746046,56.4070123328346,56.580039978027344,712900,0.0,0.0
2000-01-25 00:00:00-05:00,57.44517687642628,58.26705817209804,57.01260777344114,58.05077362060547,749300,0.0,0.0
2000-01-26 00:00:00-05:00,58.22379848166836,61.251782057980975,58.22379848166836,61.07875442504883,1086600,0.0,0.0
2000-01-27 00:00:00-05:00,61.07876022210282,62.24669685524501,60.64619109871683,61.597843170166016,702000,0.0,0.0
2000-01-28 00:00:00-05:00,60.55967451512129,60.90572979806483,59.608022487026524,60.213619232177734,776800,0.0,0.0
2000-01-31 00:00:00-05:00,60.213630374424454,63.45789925235681,59.86757502744501,63.414642333984375,801800,0.0,0.0
2000-02-01 00:00:00-05:00,64.27975837498495,64.36627218168076,62.63599604776461,63.15507888793945,813100,0.0,0.0
2000-02-02 00:00:00-05:00,62.809012550385404,63.41460909012741,61.33827809672624,63.06855392456055,964700,0.0,0.0
2000-02-03 00:00:00-05:00,62.28995908231721,63.06858357084617,58.69963505187809,59.08894729614258,2213300,0.0,0.0
2000-02-04 00:00:00-05:00,60.386646724011186,60.386646724011186,57.83448901862676,58.61311340332031,1451700,0.0,0.0
2000-02-07 00:00:00-05:00,58.4400888754397,59.867566990087745,57.79123518696331,59.34848403930664,929800,0.0,0.0
2000-02-08 00:00:00-05:00,59.34851379181271,62.03044371534943,59.34851379181271,61.900672912597656,1024800,0.0,0.0
2000-02-09 00:00:00-05:00,61.90060002934349,61.90060002934349,59.91078339667416,60.04055404663086,397100,0.0,0.0
2000-02-10 00:00:00-05:00,60.04056575494411,60.42987778073266,59.175427919858464,59.95405197143555,503200,0.0,0.0
2000-02-11 00:00:00-05:00,59.82433099788716,61.42483732248718,58.82942166097364,58.91593551635742,856900,0.0,0.0
2000-02-14 00:00:00-05:00,58.91589809153122,60.127091297524515,58.569842889818844,59.867549896240234,627800,0.0,0.0
2000-02-15 00:00:00-05:00,59.69452229538405,59.95406369666833,58.91589809153122,59.867549896240234,542400,0.0,0.0
2000-02-16 00:00:00-05:00,60.04057590280517,60.429887994393965,57.358648160749034,57.40190505981445,720300,0.0,0.0
2000-02-17 00:00:00-05:00,58.65635109818689,58.65635109818689,56.14745112496061,56.839561462402344,895500,0.0,0.0
2000-02-18 00:00:00-05:00,58.483344459386174,58.483344459386174,55.887929764443,55.93118667602539,925500,0.0,0.0
2000-02-22 00:00:00-05:00,56.23398324082181,57.01260762415626,55.84467104915458,56.45026779174805,720100,0.0,0.0
2000-02-23 00:00:00-05:00,56.27724324718508,60.213622290608484,56.10421559692472,59.34848403930664,702900,0.0,0.0
2000-02-24 00:00:00-05:00,59.39173552647462,62.24669149497231,59.17545098340661,62.0304069519043,1199800,0.0,0.0
2000-02-25 00:00:00-05:00,61.900610362782196,65.05836337220434,61.078729442521634,61.77083969116211,1333000,0.0,0.0
2000-02-28 00:00:00-05:00,61.77087329734456,61.77087329734456,60.213624390688814,60.90573501586914,518000,0.0,0.0
2000-02-29 00:00:00-05:00,61.42481097659549,64.02022552490234,60.90572806693412,64.02022552490234,1381200,0.0,0.0
2000-03-01 00:00:00-05:00,64.53929562933527,66.96168206046313,64.49603872877941,65.57746124267578,1488900,0.0,0.0
2000-03-02 00:00:00-05:00,65.92352820062018,67.74031834788137,65.14490385179396,66.61563873291016,1819200,0.0,0.0
2000-03-03 00:00:00-05:00,67.13471478718084,70.94132232666016,66.96168717174996,70.94132232666016,2295900,0.0,0.0
2000-03-06 00:00:00-05:00,71.11436045751864,72.84463686767725,70.85481899599486,71.76321411132812,1421000,0.0,0.0
2000-03-07 00:00:00-05:00,71.93622946483444,73.19067964792535,70.89806379606954,72.5850830078125,1041300,0.0,0.0
2000-03-08 00:00:00-05:00,72.67160026681512,72.93114169633945,68.99476334855363,70.4222412109375,1041100,0.0,0.0
2000-03-09 00:00:00-05:00,70.42224188712873,74.87770313674437,70.07618664444014,74.18559265136719,535500,0.0,0.0
2000-03-10 00:00:00-05:00,75.95912355622629,82.36114535937065,75.0939854747203,77.68939971923828,2034400,0.0,0.0
2000-03-13 00:00:00-05:00,74.40187551427131,79.9387592734729,73.70976504437111,76.39169311523438,1454200,0.0,0.0
2000-03-14 00:00:00-05:00,77.17030283488636,78.12195455146006,71.63342012027567,72.4985580444336,653100,0.0,0.0
2000-03-15 00:00:00-05:00,70.94132178795215,73.01765315735562,70.16269752442585,71.67668914794922,700300,0.0,0.0
2000-03-16 00:00:00-05:00,71.89298958613955,72.67161402209051,68.6919780161189,71.50367736816406,2024800,0.0,0.0
2000-03-17 00:00:00-05:00,72.06602750622663,81.23649439177288,71.46043063642641,80.63089752197266,2099400,0.0,0.0
2000-03-20 00:00:00-05:00,81.409528201605,85.12962353919163,77.90571747666877,78.51131439208984,2254000,0.0,0.0
2000-03-21 00:00:00-05:00,76.82421997586465,82.92344014286742,73.7097245714377,81.8420181274414,2692800,0.0,0.0
2000-03-22 00:00:00-05:00,79.50621317214538,81.62580209784458,79.46295625529437,81.08509063720703,1258900,0.0,0.0
2000-03-23 00:00:00-05:00,80.6308389872062,82.36111450195312,79.6791874540954,82.36111450195312,1656900,0.0,0.0
2000-03-24 00:00:00-05:00,82.361149138854,88.59014361154044,81.45275411158723,83.96165466308594,1934400,0.0,0.0
2000-03-27 00:00:00-05:00,81.84207117557526,82.62069553136826,77.34335267543793,77.5163803100586,1315000,0.0,0.0
2000-03-28 00:00:00-05:00,75.7860937055373,79.93875637433386,75.09398326073787,78.38150787353516,1649400,0.0,0.0
2000-03-29 00:00:00-05:00,78.90061712656507,80.3713523142313,76.65125742778142,79.03038787841797,754300,0.0,0.0
2000-03-30 00:00:00-05:00,77.9489260935644,79.59268813105354,72.75809860675655,73.96929168701172,1241200,0.0,0.0
2000-03-31 00:00:00-05:00,74.74794684113346,77.42987548936857,71.50367831504259,72.84464263916016,1693300,0.0,0.0
2000-04-03 00:00:00-04:00,75.26700557690661,76.69448326888242,73.01764678955078,73.01764678955078,1789500,0.0,0.0
2000-04-04 00:00:00-04:00,73.3637112915971,73.53673891256784,63.0685678438376,67.9998550415039,3739600,0.0,0.0
2000-04-05 00:00:00-04:00,67.48077979831072,68.95151474263287,64.7123375501749,67.4375228881836,3238700,0.0,0.0
2000-04-06 00:00:00-04:00,69.90314166950729,73.36369323730469,69.21103135594781,73.36369323730469,1675700,0.0,0.0
2000-04-07 00:00:00-04:00,73.53673655812334,74.22884701984685,70.03292734564805,70.94132232666016,1373500,0.0,0.0
2000-04-10 00:00:00-04:00,71.9794944678561,75.52656090196919,71.67669611372449,74.09908294677734,1749900,0.0,0.0
2000-04-11 00:00:00-04:00,74.14235310108091,74.96423449485019,72.19579190531158,72.5418472290039,1147200,0.0,0.0
2000-04-12 00:00:00-04:00,73.70977297292173,74.22885588118173,66.7886675294549,66.83192443847656,2598500,0.0,0.0
2000-04-13 00:00:00-04:00,66.96168866495448,67.91334057104557,63.89044842256962,65.92352294921875,3377700,0.0,0.0
2000-04-14 00:00:00-04:00,64.19326219818024,64.19326219818024,54.97953925464088,57.27215576171875,4855800,0.0,0.0
2000-04-17 00:00:00-04:00,56.58000912257604,60.73267034258161,56.06092647007534,60.55964279174805,3489600,0.0,0.0
2000-04-18 00:00:00-04:00,60.55965576171875,65.70722650146485,60.12708679199219,64.88534545898438,2191500,0.0,0.0
2000-04-19 00:00:00-04:00,64.7519591642899,64.79527151155698,62.1099059809978,63.79908752441406,1390200,0.12,0.0
2000-04-20 00:00:00-04:00,63.62583711799981,63.62583711799981,60.98378397695285,61.546844482421875,1061100,0.0,0.0
2000-04-24 00:00:00-04:00,61.54684536062557,63.40927628990558,58.64491809872415,60.20416259765625,1764300,0.0,0.0
2000-04-25 00:00:00-04:00,61.41691623744239,67.82714444840254,60.63729388746076,67.26408386230469,1341500,0.0,0.0
2000-04-26 00:00:00-04:00,67.61052364773221,68.6933315216549,65.1417216951885,65.48822021484375,1626100,0.0,0.0
2000-04-27 00:00:00-04:00,63.40927787274807,66.70101634155193,62.629655603820844,65.96470642089844,1772400,0.0,0.0
2000-04-28 00:00:00-04:00,66.7010251574478,67.56727223741466,62.97616271359033,64.62203216552734,1145600,0.0,0.0
2000-05-01 00:00:00-04:00,64.62205261545083,70.42590988788407,64.62205261545083,67.22079467773438,2319300,0.0,0.0
2000-05-02 00:00:00-04:00,65.83477143318422,67.65389011752221,64.10227744810042,64.44877624511719,1666500,0.0,0.0
2000-05-03 00:00:00-04:00,63.928986255033514,66.35447624844943,62.15318108128259,63.14936447143555,1931000,0.0,0.0
2000-05-04 00:00:00-04:00,63.32261753412725,63.75574077307476,61.070376691600146,62.49968338012695,920700,0.0,0.0
2000-05-05 00:00:00-04:00,61.936666146438874,63.88572207412401,60.59398317403355,62.283164978027344,1378100,0.0,0.0
2000-05-08 00:00:00-04:00,59.59779160212174,60.897162058563346,59.42454220792953,60.50735092163086,2817000,0.0,0.0
2000-05-09 00:00:00-04:00,59.5977952497719,60.29079286895529,58.73154822579266,59.337921142578125,1739100,0.0,0.0
2000-05-10 00:00:00-04:00,57.518782527100925,57.995218225744075,55.82960141372973,56.43597412109375,2340600,0.0,0.0
2000-05-11 00:00:00-04:00,56.479308067923164,57.69205394668225,55.74299807010515,56.04618453979492,2276000,0.0,0.0
2000-05-12 00:00:00-04:00,55.613037576074255,58.81815033357386,55.613037576074255,58.060184478759766,1911200,0.0,0.0
2000-05-15 00:00:00-04:00,58.08188617101095,60.98381486113603,58.08188617101095,60.334129333496094,1668900,0.0,0.0
2000-05-16 00:00:00-04:00,60.983783208835895,61.85003012941595,58.211793062979716,59.25128936767578,2538400,0.0,0.0
2000-05-17 00:00:00-04:00,58.99139585600568,59.59776850063423,57.5187765761935,58.688209533691406,1231000,0.0,0.0
2000-05-18 00:00:00-04:00,58.12515443371188,60.63726990104071,58.12515443371188,59.078025817871094,1493000,0.0,0.0
2000-05-19 00:00:00-04:00,58.38505033167397,58.90479855421113,56.9124303678187,58.60161209106445,1537500,0.0,0.0
2000-05-22 00:00:00-04:00,57.865290455701874,58.12516451463467,55.872922670550466,56.8257942199707,1345600,0.0,0.0
2000-05-23 00:00:00-04:00,56.73918868730654,59.251305438347586,56.47931454064712,57.38887405395508,1203900,0.0,0.0
2000-05-24 00:00:00-04:00,57.25889112949371,57.95188829898834,55.093274974823,55.43977355957031,1530200,0.0,0.0
2000-05-25 00:00:00-04:00,55.786311476197966,57.77867974320503,49.85251902880734,50.588829040527344,4030100,0.0,0.0
2000-05-26 00:00:00-04:00,50.67546475648667,50.848714208645596,48.076722974102736,48.37990951538086,2378100,0.0,0.0
2000-05-30 00:00:00-04:00,49.54932186338636,50.89200453625784,48.94294904337988,49.89582061767578,2205300,0.0,0.0
2000-05-31 00:00:00-04:00,49.89578783785578,51.888154366103485,49.289415416215164,50.97859573364258,1363800,0.0,0.0
2000-06-01 00:00:00-04:00,51.67164541890695,53.83726341634647,51.02196001967509,52.927703857421875,1684900,0.0,0.0
2000-06-02 00:00:00-04:00,58.55829340433903,60.4640366808116,57.865295849258096,60.20416259765625,3567900,0.0,0.0
2000-06-05 00:00:00-04:00,60.20413017837254,60.89712736028186,58.55826187133789,58.55826187133789,1576600,0.0,0.0
2000-06-06 00:00:00-04:00,58.21177657277961,58.99139858045076,56.6525325574373,57.605403900146484,1033200,0.0,0.0
2000-06-07 00:00:00-04:00,57.43214034209083,60.983750830817414,57.085641757824824,60.07419204711914,1319900,0.0,0.0
2000-06-08 00:00:00-04:00,60.204162933999875,60.72391110321426,58.948104858398445,58.94810485839844,1255000,0.0,0.0
2000-06-09 00:00:00-04:00,58.9914175497519,59.98760154655388,57.69204711914063,57.692047119140625,1006800,0.0,0.0
2000-06-12 00:00:00-04:00,57.73533630371094,58.428333588676715,56.65252804595192,57.73533630371094,732800,0.0,0.0
2000-06-13 00:00:00-04:00,57.865322096232276,59.424567302418176,57.25894896049331,58.9914436340332,773200,0.0,0.0
2000-06-14 00:00:00-04:00,59.03472732586361,62.62965202729184,58.774853251061565,62.32646560668945,1953600,0.0,0.0
2000-06-15 00:00:00-04:00,62.3264718491615,62.93284475109914,60.29079139265657,62.543033599853516,2120900,0.0,0.0
2000-06-16 00:00:00-04:00,62.54302733569116,63.36596190589762,60.72390881207687,62.32646560668945,1792300,0.0,0.0
2000-06-19 00:00:00-04:00,62.499741526938074,64.44879791551203,62.02330552084222,63.49592590332031,2092900,0.0,0.0
2000-06-20 00:00:00-04:00,63.40927061873876,64.75195326162189,60.55065595969726,61.67677688598633,2362600,0.0,0.0
2000-06-21 00:00:00-04:00,60.98377046130952,61.24364448316169,58.385030242787806,60.03089904785156,2875200,0.0,0.0
2000-06-22 00:00:00-04:00,60.03088976013908,60.03088976013908,56.825777319843056,58.3850212097168,1480100,0.0,0.0
2000-06-23 00:00:00-04:00,59.078037816424704,60.290783460750134,58.211790927620825,59.59778594970703,1616700,0.0,0.0
2000-06-26 00:00:00-04:00,60.1175227912403,60.98376951733886,59.42452541036145,60.81052017211914,1175700,0.0,0.0
2000-06-27 00:00:00-04:00,60.810525396067625,61.93664623673554,60.723900716016246,61.20033645629883,1175700,0.0,0.0
2000-06-28 00:00:00-04:00,60.98379435957058,63.01947499515284,60.98379435957058,62.283164978027344,1180400,0.0,0.0
2000-06-29 00:00:00-04:00,62.45637266130744,64.53536426168382,61.20031523608004,64.1888656616211,1385400,0.0,0.0
2000-06-30 00:00:00-04:00,64.44878721755997,66.48446799660924,64.14560071855263,65.68318939208984,2540600,0.0,0.0
2000-07-03 00:00:00-04:00,65.40162423631719,65.79143524169922,64.75193922734717,65.79143524169922,453100,0.0,0.0
2000-07-05 00:00:00-04:00,65.40164264094946,67.2207611779825,65.0551438719908,66.48445129394531,1077000,0.0,0.0
2000-07-06 00:00:00-04:00,62.36976792394995,65.14175760945884,61.24364711421196,64.57869720458984,3343100,0.0,0.0
2000-07-07 00:00:00-04:00,64.57868989162182,66.0079969113559,63.019445870093726,65.79143524169922,1265600,0.0,0.0
2000-07-10 00:00:00-04:00,65.74811915655741,68.5201083700091,65.01180952173429,67.69717407226562,1498700,0.0,0.0
2000-07-11 00:00:00-04:00,67.61056874851285,68.73668968859057,67.2640699977197,68.26025390625,1249100,0.0,0.0
2000-07-12 00:00:00-04:00,69.38639766990151,72.24501330424204,69.38639766990151,70.6424560546875,2751000,0.0,0.0
2000-07-13 00:00:00-04:00,69.64621015589871,72.24494934082031,68.95321303991963,72.24494934082031,2207300,0.0,0.0
2000-07-14 00:00:00-04:00,72.24495722193453,72.93795441351183,71.29208608351571,72.20164489746094,1143000,0.0,0.0
2000-07-17 00:00:00-04:00,72.11509337425231,72.15840574264526,69.29978942871094,69.29978942871094,1225000,0.0,0.0
2000-07-18 00:00:00-04:00,70.68576721852436,72.24501208363887,70.07939421542427,71.98513793945312,2449700,0.0,0.0
2000-07-19 00:00:00-04:00,71.508669699392,71.76854372616145,69.51630216082627,69.81948852539062,874200,0.0,0.0
2000-07-20 00:00:00-04:00,70.0762054277803,72.80813670373955,70.0762054277803,71.94085693359375,1027700,0.12,0.0
2000-07-21 00:00:00-04:00,71.89749110745583,73.32850269162111,71.3337592712695,72.33113098144531,1155300,0.0,0.0
2000-07-24 00:00:00-04:00,72.67806197740005,74.19580193516198,71.2904140160177,73.11170196533203,1457700,0.0,0.0
2000-07-25 00:00:00-04:00,73.37190072041638,74.06572484070401,71.94088847232315,73.54535675048828,1092500,0.0,0.0
2000-07-26 00:00:00-04:00,73.28513320427729,73.501953125,71.29038993362832,73.501953125,1247400,0.0,0.0
2000-07-27 00:00:00-04:00,73.37189661026001,73.80553666114807,69.29568013191223,69.38240814208984,1299100,0.0,0.0
2000-07-28 00:00:00-04:00,69.46910796189671,70.11956777427402,66.56372079994472,68.34164428710938,1370800,0.0,0.0
2000-07-31 00:00:00-04:00,66.60708913869537,68.64519668395494,65.56635337090326,68.47174072265625,1734100,0.0,0.0
2000-08-01 00:00:00-04:00,68.68853850749709,70.9434652766826,67.30089126492139,69.81600189208984,1990600,0.0,0.0
2000-08-02 00:00:00-04:00,68.86202203570848,71.42049766549864,68.86202203570848,70.85676574707031,13171500,0.0,0.0
2000-08-03 00:00:00-04:00,70.50986773248255,73.28516387939453,69.72931569116355,73.28516387939453,2700200,0.0,0.0
2000-08-04 00:00:00-04:00,75.6267857240827,78.3587166303999,74.9329620018434,77.1878890991211,3709300,0.0,0.0
2000-08-07 00:00:00-04:00,77.36138099983947,79.78976515678511,76.14718892136666,79.1393051147461,2457700,0.0,0.0
2000-08-08 00:00:00-04:00,79.13927979173913,80.00655957027874,78.27200001319953,78.40209197998047,1984600,0.0,0.0
2000-08-09 00:00:00-04:00,78.40209237410363,81.00393172280175,77.62154056949419,79.74637603759766,1488800,0.0,0.0
2000-08-10 00:00:00-04:00,80.04990686689105,81.00391442435128,77.27461215427944,77.708251953125,1188900,0.0,0.0
2000-08-11 00:00:00-04:00,77.53480848008077,83.17212677001953,77.53480848008077,83.17212677001953,1489600,0.0,0.0
2000-08-14 00:00:00-04:00,81.87121266114292,84.4730520465606,80.91720488648977,83.77922821044922,2121700,0.0,0.0
2000-08-15 00:00:00-04:00,83.82259219616951,83.82259219616951,81.69775669818074,82.00130462646484,1548900,0.0,0.0
2000-08-16 00:00:00-04:00,81.17738727130721,82.13139502770078,77.4480842235869,78.40209197998047,2521000,0.0,0.0
2000-08-17 00:00:00-04:00,78.44547467086036,82.4783266025298,78.44547467086036,82.30487060546875,1780400,0.0,0.0
2000-08-18 00:00:00-04:00,82.47832628396841,82.56505428216397,80.48358232547075,81.17740631103516,853900,0.0,0.0
2000-08-21 00:00:00-04:00,81.13400839241494,82.39156384050689,80.65700460175937,81.74110412597656,1082000,0.0,0.0
2000-08-22 00:00:00-04:00,81.82784317780337,84.29959042800729,81.69775121726632,83.17212677001953,2178800,0.0,0.0
2000-08-23 00:00:00-04:00,83.08542384620475,83.08542384620475,81.914595848372,82.56505584716797,1650600,0.0,0.0
2000-08-24 00:00:00-04:00,82.60834052749215,83.86589531767443,81.82778927841348,82.04460906982422,1049600,0.0,0.0
2000-08-25 00:00:00-04:00,82.21811478699689,83.38894237098894,81.26410712596635,82.82521057128906,984200,0.0,0.0
2000-08-28 00:00:00-04:00,82.04467796804711,86.38107743781704,82.04467796804711,84.95006561279297,1422700,0.0,0.0
2000-08-29 00:00:00-04:00,84.29962430601321,88.41920471191406,84.21289629746792,88.41920471191406,2495500,0.0,0.0
2000-08-30 00:00:00-04:00,87.07490824062816,87.76873221067301,85.42707631177164,85.81735229492188,2136000,0.0,0.0
2000-08-31 00:00:00-04:00,86.38105526485958,89.85017395019531,85.94741542919262,89.85017395019531,1394100,0.0,0.0
2000-09-01 00:00:00-04:00,88.80944883076181,90.06700450268178,88.20235298914527,89.9369125366211,993800,0.0,0.0
2000-09-05 00:00:00-04:00,89.28647146729345,90.24047941886239,88.24573552012734,89.37319946289062,1184400,0.0,0.0
2000-09-06 00:00:00-04:00,89.28650108523486,92.19188990151011,88.46258485375381,88.89622497558594,2104200,0.0,0.0
2000-09-07 00:00:00-04:00,88.72275171562444,89.85021581367245,87.37846759872103,89.28648376464844,1046800,0.0,0.0
2000-09-08 00:00:00-04:00,88.46256202375385,89.63339005053884,86.03417796819983,86.20763397216797,1358800,0.0,0.0
2000-09-11 00:00:00-04:00,88.11562075759426,91.88828759121172,87.6386169050679,91.5847396850586,2718400,0.0,0.0
2000-09-12 00:00:00-04:00,91.80156614438854,92.7122099275875,89.98027857799066,91.10774230957031,1905100,0.0,0.0
2000-09-13 00:00:00-04:00,89.67675534853211,90.71749138739322,88.37583529995572,89.15638732910156,1437400,0.0,0.0
2000-09-14 00:00:00-04:00,89.76345694342325,91.41128852016242,89.28645306594612,89.5032730102539,1278100,0.0,0.0
2000-09-15 00:00:00-04:00,88.80948917667668,88.89621719345078,86.25101268184078,86.64128875732422,1441100,0.0,0.0
2000-09-18 00:00:00-04:00,86.03414905731088,86.12087703015091,81.69775041530933,82.26148223876953,2410400,0.0,0.0
2000-09-19 00:00:00-04:00,82.26149206275801,84.2562356762988,80.00656449962494,83.21549987792969,3284700,0.0,0.0
2000-09-20 00:00:00-04:00,84.29956791764599,85.29693934877041,79.74635051468672,81.87118530273438,2067500,0.0,0.0
2000-09-21 00:00:00-04:00,79.095944840387,79.31276486462052,77.18792862713205,78.57557678222656,2324000,0.0,0.0
2000-09-22 00:00:00-04:00,76.32062677460215,80.13665811333226,75.9737148347176,79.70301818847656,2382900,0.0,0.0
2000-09-25 00:00:00-04:00,80.57030613125649,82.34823000175247,80.52694213441512,80.83049011230469,1337900,0.0,0.0
2000-09-26 00:00:00-04:00,79.87648631271139,80.22339830538331,75.9737263951522,76.927734375,2032900,0.0,0.0
2000-09-27 00:00:00-04:00,77.01444790868543,77.53481579996033,73.3718726697611,74.28251647949219,2008800,0.0,0.0
2000-09-28 00:00:00-04:00,74.23914904299035,79.48619170315497,74.23914904299035,78.40209197998047,1891700,0.0,0.0
2000-09-29 00:00:00-04:00,77.36138099983947,81.35086925767872,77.31801699703688,79.1393051147461,2193700,0.0,0.0
2000-10-02 00:00:00-04:00,78.48887545832575,81.09071663373986,78.48887545832575,80.04998016357422,1258700,0.0,0.0
2000-10-03 00:00:00-04:00,80.223377449714,81.09065720592713,78.40208996166643,79.00918579101562,1502600,0.0,0.0
2000-10-04 00:00:00-04:00,78.74899495907474,78.79235894308303,75.36660420642724,75.93033599853516,1757900,0.0,0.0
2000-10-05 00:00:00-04:00,76.14717080465986,80.44020606073124,76.14717080465986,79.70301818847656,1853900,0.0,0.0
2000-10-06 00:00:00-04:00,78.66230065294303,78.83575666320311,73.15507232718572,75.54009246826172,3625100,0.0,0.0
2000-10-09 00:00:00-04:00,74.23917843780156,74.67281849877001,71.94088611466867,73.02498626708984,1612200,0.0,0.0
2000-10-10 00:00:00-04:00,73.06832748292352,73.3718754309238,69.38238811434874,71.24703979492188,2744500,0.0,0.0
2000-10-11 00:00:00-04:00,69.03548413056593,73.54533987778883,66.99737624480174,72.1576919555664,5509500,0.0,0.0
2000-10-12 00:00:00-04:00,72.1577080485835,72.1577080485835,65.26283089730659,65.43628692626953,3723100,0.0,0.0
2000-10-13 00:00:00-04:00,65.43625982406691,70.77003050555149,65.43625982406691,70.4231185913086,2798700,0.0,0.0
2000-10-16 00:00:00-04:00,69.2089168792467,73.58867916295843,68.34163721910576,71.8974838256836,3475400,0.0,0.0
2000-10-17 00:00:00-04:00,71.7240380544206,72.02758597847196,66.7805432912985,68.86201477050781,2111700,0.0,0.0
2000-10-18 00:00:00-04:00,66.26019843743772,70.37977883767108,63.74508619308472,67.99475860595703,4426400,0.0,0.0
2000-10-19 00:00:00-04:00,70.68314142979918,72.55007944053712,69.29379221250582,69.85821533203125,2322600,0.12,0.0
2000-10-20 00:00:00-04:00,69.85819188039028,73.85256953918203,69.29376895034362,72.89739227294922,1707400,0.0,0.0
2000-10-23 00:00:00-04:00,72.72373848822583,73.02765858937066,70.33579483637364,71.16072082519531,2019600,0.0,0.0
2000-10-24 00:00:00-04:00,71.98564092308393,73.98282999573885,68.77277154533472,70.24895477294922,1904000,0.0,0.0
2000-10-25 00:00:00-04:00,69.03324357715034,69.72791772635436,66.51504978628574,66.8189697265625,2166600,0.0,0.0
2000-10-26 00:00:00-04:00,66.81902557455139,68.07812352234994,63.12856607238318,64.56133270263672,2352000,0.0,0.0
2000-10-27 00:00:00-04:00,65.29944175802252,66.51512285458145,63.823257569343816,64.60476684570312,2097000,0.0,0.0
2000-10-30 00:00:00-05:00,64.43107241299485,68.38203440058416,64.34423808359729,67.03610229492188,1803800,0.0,0.0
2000-10-31 00:00:00-05:00,66.3413980635689,70.46602686987718,65.42963801164812,69.3371810913086,1863800,0.0,0.0
2000-11-01 00:00:00-05:00,67.2097684814611,67.9044430910886,65.69016777290092,67.16635131835938,2094600,0.0,0.0
2000-11-02 00:00:00-05:00,67.81762564632695,69.46747825488035,66.90586499423164,68.94647216796875,1505800,0.0,0.0
2000-11-03 00:00:00-05:00,68.94645150640994,70.59630362054318,68.94645150640994,69.77137756347656,1658600,0.0,0.0
2000-11-06 00:00:00-05:00,68.33864397434887,68.94648451795807,66.68879107026675,66.73220825195312,1927800,0.0,0.0
2000-11-07 00:00:00-05:00,66.73215151977539,67.38340869140625,64.60471142578125,65.12571716308594,1756700,0.0,0.0
2000-11-08 00:00:00-05:00,64.25739115520939,64.95206565418464,62.954876469630825,64.21397399902344,2051000,0.0,0.0
2000-11-09 00:00:00-05:00,63.91006125106292,64.60473582987882,61.999706159319196,63.82322692871094,1845200,0.0,0.0
2000-11-10 00:00:00-05:00,61.82605874396406,63.649580139502326,60.52354346143673,61.9563102722168,2604300,0.0,0.0
2000-11-13 00:00:00-05:00,60.00249862670898,61.08792732834988,57.87505837149281,60.002498626708984,3201700,0.0,0.0
2000-11-14 00:00:00-05:00,62.520721049248415,63.91007040589838,61.305040362179696,61.73921203613281,2167100,0.0,0.0
2000-11-15 00:00:00-05:00,60.61037141692713,64.08374513709488,60.48011990242084,62.564144134521484,1851400,0.0,0.0
2000-11-16 00:00:00-05:00,62.56412864627695,64.86523816623023,61.739202591954076,63.51930618286133,1223400,0.0,0.0
2000-11-17 00:00:00-05:00,63.345655718790546,63.43249006521795,60.08936772776293,61.17479705810547,1398800,0.0,0.0
2000-11-20 00:00:00-05:00,61.13137045251318,61.261621952056885,57.48432846528938,57.657997131347656,1663000,0.0,0.0
2000-11-21 00:00:00-05:00,56.96330966963623,58.87366456709354,55.31345771274128,58.48291015625,2066800,0.0,0.0
2000-11-22 00:00:00-05:00,57.57115067757136,57.744819307066294,55.05295554989478,55.53054428100586,2296900,0.0,0.0
2000-11-24 00:00:00-05:00,56.0949647470486,57.31064509760383,56.05154759167162,56.615970611572266,1086200,0.0,0.0
2000-11-27 00:00:00-05:00,57.31062698364258,58.005301250110975,56.312032725594264,57.31062698364258,1883700,0.0,0.0
2000-11-28 00:00:00-05:00,58.17897530075926,58.52631246673395,55.92128372192383,55.92128372192383,1701300,0.0,0.0
2000-11-29 00:00:00-05:00,56.70282359864018,57.5711669921875,55.66081152638339,57.5711669921875,2329300,0.0,0.0
2000-11-30 00:00:00-05:00,56.87649838637725,57.26725295544396,53.48995878779906,57.050167083740234,2514000,0.0,0.0
2000-12-01 00:00:00-05:00,57.050163658653815,59.307856588828855,56.74624345651487,56.96332931518555,1380900,0.0,0.0
2000-12-04 00:00:00-05:00,55.921284153556236,57.614552850752425,55.74761556922842,56.78962707519531,1601500,0.0,0.0
2000-12-05 00:00:00-05:00,58.352669729313384,62.433883237167144,57.918498079541706,61.652374267578125,3981000,0.0,0.0
2000-12-06 00:00:00-05:00,60.95770645141601,64.69158305741443,59.87227720548624,60.957706451416016,3785000,0.0,0.0
2000-12-07 00:00:00-05:00,60.9142796101355,61.60895421723612,58.78683862588986,59.655181884765625,1555400,0.0,0.0
2000-12-08 00:00:00-05:00,61.13136293579932,63.953478412238915,61.13136293579932,63.82322692871094,2063500,0.0,0.0
2000-12-11 00:00:00-05:00,63.649528473615646,66.94923117756844,63.47585991024971,66.68872833251953,3869700,0.0,0.0
2000-12-12 00:00:00-05:00,66.3414146521351,66.38483180832105,63.73638528097797,64.21397399902344,1789200,0.0,0.0
2000-12-13 00:00:00-05:00,64.69155432615565,66.25457174611647,63.779794164511856,65.34281158447266,2573500,0.0,0.0
2000-12-14 00:00:00-05:00,63.47589334374755,63.99689930826531,60.176188901801716,60.7406120300293,3131400,0.0,0.0
2000-12-15 00:00:00-05:00,60.436686476616,60.436686476616,58.26582848535825,60.219600677490234,2963100,0.0,0.0
2000-12-18 00:00:00-05:00,61.82601416015625,63.12852850341797,59.65515692138672,59.69857406616211,3077600,0.0,0.0
2000-12-19 00:00:00-05:00,60.61034557635967,65.99407254732571,60.089339740459735,62.08652877807617,6007800,0.0,0.0
2000-12-20 00:00:00-05:00,60.957695960998535,64.69157192442152,60.957695960998535,62.520713806152344,3840500,0.0,0.0
2000-12-21 00:00:00-05:00,62.52071210338941,65.95066783683924,61.60895171854831,65.16915893554688,3072000,0.0,0.0
2000-12-22 00:00:00-05:00,66.3414449094595,69.85823616447666,65.34284986173859,68.6425552368164,2642900,0.0,0.0
2000-12-26 00:00:00-05:00,68.42546749407708,71.2475838564597,67.64395834757113,70.72657775878906,2198000,0.0,0.0
2000-12-27 00:00:00-05:00,69.81481877426428,71.50808863259532,69.46748136742714,70.7699966430664,1782500,0.0,0.0
2000-12-28 00:00:00-05:00,70.16214042672476,74.677525701712,70.16214042672476,74.41702270507812,2483600,0.0,0.0
2000-12-29 00:00:00-05:00,74.46049588246349,75.2854226590039,73.8526550997495,74.28682708740234,2075000,0.0,0.0
2001-01-02 00:00:00-05:00,72.50667714715897,73.28818624215828,67.73078823327424,69.64114379882812,3202400,0.0,0.0
2001-01-03 00:00:00-05:00,69.5108510591251,80.2348861694336,68.68592528140907,80.2348861694336,7355200,0.0,0.0
2001-01-04 00:00:00-05:00,79.01924437799897,81.1032684055506,77.10888901940999,78.32456970214844,5867200,0.0,0.0
2001-01-05 00:00:00-05:00,75.71953539444978,77.10888466774243,73.46184282534921,74.93802642822266,4328600,0.0,0.0
2001-01-08 00:00:00-05:00,73.98285331681248,74.54727649352526,71.29098893556696,73.8960189819336,2169500,0.0,0.0
2001-01-09 00:00:00-05:00,74.76433998417455,75.37218014664752,71.76855632627209,72.76715087890625,2295200,0.0,0.0
2001-01-10 00:00:00-05:00,71.0304474720757,75.67608187275547,71.0304474720757,75.37216186523438,2716200,0.0,0.0
2001-01-11 00:00:00-05:00,75.372156617868,77.89035079058479,74.67748236332544,76.76150512695312,3674000,0.0,0.0
2001-01-12 00:00:00-05:00,76.71810814429973,77.02202821051937,75.54584503173828,75.54584503173828,1806000,0.0,0.0
2001-01-16 00:00:00-05:00,75.58924362009222,78.49819211092863,75.06823792024093,76.41416931152344,2267800,0.0,0.0
2001-01-17 00:00:00-05:00,76.24050074490634,79.80070636055687,75.93658075332642,76.41416931152344,3212700,0.0,0.0
2001-01-18 00:00:00-05:00,76.14995333649392,76.41074084792027,74.58522826793582,74.75908660888672,2583900,0.12,0.0
2001-01-19 00:00:00-05:00,75.10681475572183,77.19311516560299,74.97642098010427,77.14965057373047,2760600,0.0,0.0
2001-01-22 00:00:00-05:00,77.14962300674692,79.97482046896582,77.10615843040509,78.67088317871094,2783800,0.0,0.0
2001-01-23 00:00:00-05:00,79.45323434369317,80.8441005904099,79.27937606285357,80.67024230957031,3270900,0.0,0.0
2001-01-24 00:00:00-05:00,79.974819276391,83.45198533188626,79.27938606529194,81.97418975830078,5110600,0.0,0.0
2001-01-25 00:00:00-05:00,81.97419951233682,81.97419951233682,78.67089136655866,78.97514343261719,2724100,0.0,0.0
2001-01-26 00:00:00-05:00,78.58392603403867,79.97479198154377,77.58424113426936,79.7574691772461,2446000,0.0,0.0
2001-01-29 00:00:00-05:00,79.62711771475452,81.88727607783707,79.62711771475452,80.60768127441406,1630200,0.0,0.0
2001-01-30 00:00:00-05:00,81.29613323091702,82.54790967027911,79.32110040040303,82.49227905273438,1700000,0.0,0.0
2001-01-31 00:00:00-05:00,82.49229151986867,83.27812915843921,78.6395907951826,79.10552978515625,3500600,0.0,0.0
2001-02-01 00:00:00-05:00,79.90529137510762,82.40885032379745,79.62711697953425,82.2002182006836,2579800,0.0,0.0
2001-02-02 00:00:00-05:00,81.78295610585444,82.65224774240845,79.24462346596971,79.25157928466797,2158900,0.0,0.0
2001-02-05 00:00:00-05:00,79.10551158425912,79.27936985147727,77.3669289120776,77.95804595947266,2540100,0.0,0.0
2001-02-06 00:00:00-05:00,78.54914971239619,78.54914971239619,75.35015919815912,75.76741790771484,2246600,0.0,0.0
2001-02-07 00:00:00-05:00,76.08037547296887,76.46286046070367,72.38067192038197,73.15955352783203,3138200,0.0,0.0
2001-02-08 00:00:00-05:00,73.50730925019164,75.41975112601318,73.22914013102447,73.68116760253906,2716600,0.0,0.0
2001-02-09 00:00:00-05:00,73.09002344354796,75.80221380601073,71.6991571351808,74.93292236328125,2742100,0.0,0.0
2001-02-12 00:00:00-05:00,74.8981585247457,76.14994049072266,73.36820750476019,76.14994049072266,1952500,0.0,0.0
2001-02-13 00:00:00-05:00,76.42810246941481,76.94967731978971,73.02047905248541,73.64636993408203,2213400,0.0,0.0
2001-02-14 00:00:00-05:00,73.99405246065166,74.0635946808959,71.90079820519246,72.49887084960938,2401000,0.0,0.0
2001-02-15 00:00:00-05:00,73.6811464154744,75.28064491942804,72.11642169428538,74.5504379272461,3020000,0.0,0.0
2001-02-16 00:00:00-05:00,72.67274764488484,73.22909616063156,70.44736419336324,70.5864486694336,2620200,0.0,0.0
2001-02-20 00:00:00-05:00,71.00371439835908,71.01067021456765,65.61410818081579,66.7615737915039,3273600,0.0,0.0
2001-02-21 00:00:00-05:00,66.76157180718937,68.56969664915414,65.09948726686486,65.64888000488281,4273900,0.0,0.0
2001-02-22 00:00:00-05:00,65.65585345032562,67.80473957312124,63.46523772604712,67.59610748291016,4517900,0.0,0.0
2001-02-23 00:00:00-05:00,66.90068001897296,67.52657103778253,62.76285408783098,66.78941345214844,4350600,0.0,0.0
2001-02-26 00:00:00-05:00,66.86592396794175,68.5001914333777,64.4179953739328,68.3611068725586,3882100,0.0,0.0
2001-02-27 00:00:00-05:00,67.97860528471747,69.89104686561745,67.11626947566293,68.38890838623047,4132200,0.0,0.0
2001-02-28 00:00:00-05:00,67.5265746021571,67.53353042099295,63.4721970556904,63.806007385253906,4745600,0.0,0.0
2001-03-01 00:00:00-05:00,62.17171930138741,63.840759778379486,60.64176332008909,63.70862579345703,5330800,0.0,0.0
2001-03-02 00:00:00-05:00,62.797623679456564,65.0925501874736,61.963100608213004,63.562599182128906,4105500,0.0,0.0
2001-03-05 00:00:00-05:00,63.562592604565424,64.67528461201238,61.698831502441514,64.08416748046875,2837300,0.0,0.0
2001-03-06 00:00:00-05:00,65.33592495317642,67.8047141017378,64.91866623523529,66.30953216552734,3156800,0.0,0.0
2001-03-07 00:00:00-05:00,66.14264391533547,66.51817843368761,64.43187909110922,66.0313720703125,3780200,0.0,0.0
2001-03-08 00:00:00-05:00,65.961849625407,66.55296688880999,63.0410317911009,63.806007385253906,3078300,0.0,0.0
2001-03-09 00:00:00-05:00,63.708665006810094,63.71562082759619,60.43317377380224,60.502716064453125,2968600,0.0,0.0
2001-03-12 00:00:00-05:00,59.84203320608872,60.15497604588328,56.726489915663095,57.36628723144531,4860800,0.0,0.0
2001-03-13 00:00:00-05:00,58.937952638383365,61.02425184682171,58.06866130153405,60.85734939575195,4596400,0.0,0.0
2001-03-14 00:00:00-05:00,59.042302260465114,61.121646835942116,57.79747572098784,58.353824615478516,6390800,0.0,0.0
2001-03-15 00:00:00-05:00,59.80723412361545,62.526379524126725,59.70291811923011,61.163326263427734,4706900,0.0,0.0
2001-03-16 00:00:00-05:00,62.9367467661564,63.284463599118595,60.53750274101242,60.88521957397461,4385300,0.0,0.0
2001-03-19 00:00:00-05:00,61.89356025929538,63.66691719800728,61.37198531329008,63.24270248413086,3205100,0.0,0.0
2001-03-20 00:00:00-05:00,63.979876485479785,64.32759320550957,60.54443359374999,60.54443359375,7271300,0.0,0.0
2001-03-21 00:00:00-05:00,60.57220147324876,62.24124141019933,59.007477527182296,59.111793518066406,5204200,0.0,0.0
2001-03-22 00:00:00-05:00,58.93798083344493,61.545856091561966,56.3301055753279,59.744686126708984,5776900,0.0,0.0
2001-03-23 00:00:00-05:00,60.85041788372262,62.50554734009514,60.43315893652417,62.45686721801758,4026900,0.0,0.0
2001-03-26 00:00:00-05:00,62.456859699641896,64.32757687636816,61.59452393847253,62.060462951660156,3292600,0.0,0.0
2001-03-27 00:00:00-05:00,61.024276141814376,65.02301788330078,60.780875531740534,65.02301788330078,3700100,0.0,0.0
2001-03-28 00:00:00-05:00,63.979851752775794,63.979851752775794,60.15496931103376,60.676544189453125,4127400,0.0,0.0
2001-03-29 00:00:00-05:00,60.28015196010984,62.34558948059178,59.80725715641116,61.26766586303711,3472000,0.0,0.0
2001-03-30 00:00:00-05:00,61.12855746402405,62.220386985042964,59.181343078613274,59.18134307861328,2855900,0.0,0.0
2001-04-02 00:00:00-04:00,59.18136396674722,60.64177261839212,58.416388511669815,58.52766036987305,2939800,0.0,0.0
2001-04-03 00:00:00-04:00,58.48594847149962,59.0422973194315,56.316199637184134,56.54568862915039,3203600,0.0,0.0
2001-04-04 00:00:00-04:00,56.05192260318247,56.851671954825484,53.548363798428895,53.91694259643555,6130100,0.0,0.0
2001-04-05 00:00:00-04:00,55.634666265443315,59.80726623535156,55.565123993758554,59.80726623535156,5193500,0.0,0.0
2001-04-06 00:00:00-04:00,58.416385004270474,59.5012590279435,57.609679997935416,58.55546951293945,4452100,0.0,0.0
2001-04-09 00:00:00-04:00,59.63341705004374,60.676567202522634,57.44975648864679,58.41640853881836,2884500,0.0,0.0
2001-04-10 00:00:00-04:00,59.52906876610461,62.227352429644576,59.46648233757087,61.065975189208984,2955000,0.0,0.0
2001-04-11 00:00:00-04:00,63.632160892644144,63.94510382392006,62.2412939878869,63.49307632446289,3427000,0.0,0.0
2001-04-12 00:00:00-04:00,62.31076190427956,65.37066650390625,61.963045593088566,65.37066650390625,3024400,0.0,0.0
2001-04-16 00:00:00-04:00,65.37070154519763,65.54455979398806,63.826839447021484,63.826839447021484,2725300,0.0,0.0
2001-04-17 00:00:00-04:00,63.14534159880594,65.71844251685452,62.97148328526929,64.74483489990234,2838900,0.0,0.0
2001-04-18 00:00:00-04:00,66.23999012351351,71.28187913553947,66.1356741172906,69.29989624023438,5979300,0.0,0.0
2001-04-19 00:00:00-04:00,68.25676537557436,69.46681758234892,66.41386644959586,67.9368667602539,3918600,0.0,0.0
2001-04-20 00:00:00-04:00,66.49556301196937,67.15703507409519,65.79927439404298,66.60697174072266,2297300,0.12,0.0
2001-04-23 00:00:00-04:00,65.45112283661811,65.97333924222943,64.40669002539548,64.72698211669922,2063400,0.0,0.0
2001-04-24 00:00:00-04:00,64.54594955899253,65.27009032323025,63.466705442033295,63.640777587890625,2786500,0.0,0.0
2001-04-25 00:00:00-04:00,62.66598268977339,64.96373751330287,62.457093955903005,64.6295166015625,3109700,0.0,0.0
2001-04-26 00:00:00-04:00,64.62951867865469,66.91334482678548,63.710417782156654,64.39974212646484,4163200,0.0,0.0
2001-04-27 00:00:00-04:00,64.05854554553044,65.93156341412185,64.02372899369952,64.71305847167969,4054700,0.0,0.0
2001-04-30 00:00:00-04:00,66.20314335445462,66.20314335445462,63.362283647828825,63.43191146850586,2716800,0.0,0.0
2001-05-01 00:00:00-04:00,62.66595085681846,64.82444365721274,62.17158677086346,64.51111602783203,3781600,0.0,0.0
2001-05-02 00:00:00-04:00,65.72963711853454,68.58441897800991,65.4163040982842,68.23627471923828,4391200,0.0,0.0
2001-05-03 00:00:00-04:00,66.9481485739343,67.36592066287994,66.24489561498194,66.84370422363281,3092900,0.0,0.0
2001-05-04 00:00:00-04:00,65.4511237580452,68.09702237529574,65.31186817282573,67.67924499511719,3000400,0.0,0.0
2001-05-07 00:00:00-04:00,66.98293814880276,68.37551486966984,66.62783490980786,66.85064697265625,2135600,0.0,0.0
2001-05-08 00:00:00-04:00,66.91332396144949,67.22665697461962,66.16133110455281,66.32147979736328,1935100,0.0,0.0
2001-05-09 00:00:00-04:00,66.10562733604166,66.94813572553183,65.76444216971824,65.9106674194336,1931800,0.0,0.0
2001-05-10 00:00:00-04:00,66.78104135759736,67.99258201931907,65.79230752039467,65.80623626708984,1935600,0.0,0.0
2001-05-11 00:00:00-04:00,65.72963224264159,67.53998119150849,64.40668309499522,64.65038299560547,2591600,0.0,0.0
2001-05-14 00:00:00-04:00,64.3370785178343,65.62521158192376,64.25352195937427,65.52076721191406,1616200,0.0,0.0
2001-05-15 00:00:00-04:00,65.52772427371245,66.6348206603854,64.8940990620236,66.04297637939453,2560400,0.0,0.0
2001-05-16 00:00:00-04:00,65.86888271625652,69.59402465820312,64.40667811343043,69.59402465820312,3089700,0.0,0.0
2001-05-17 00:00:00-04:00,69.10660811518353,70.04659618074707,68.1318035125682,68.20143127441406,2270500,0.0,0.0
2001-05-18 00:00:00-04:00,68.1666311577105,68.1666311577105,67.36589848535533,67.71404266357422,1977200,0.0,0.0
2001-05-21 00:00:00-04:00,68.06219189955974,71.01445326280889,67.539975593425,70.95178985595703,2332600,0.0,0.0
2001-05-22 00:00:00-04:00,71.43919124548765,73.21472885172896,71.2372669650409,71.91963195800781,2288500,0.0,0.0
2001-05-23 00:00:00-04:00,71.22338150252028,71.23034587790602,69.071846362854,69.1414794921875,3134600,0.0,0.0
2001-05-24 00:00:00-04:00,68.93256226399784,69.80292289864428,68.27109030657044,69.52440643310547,1817000,0.0,0.0
2001-05-25 00:00:00-04:00,69.55922116947373,69.55922116947373,67.90205116447531,68.20841979980469,1234800,0.0,0.0
2001-05-29 00:00:00-04:00,67.88812163561056,67.95774941586193,66.29362050023641,67.4564208984375,2251400,0.0,0.0
2001-05-30 00:00:00-04:00,66.53039254442713,67.36593692400629,65.72965941517784,65.9803237915039,2355000,0.0,0.0
2001-05-31 00:00:00-04:00,65.83407790958223,66.73924974623586,65.79229698844533,66.21703338623047,1893200,0.0,0.0
2001-06-01 00:00:00-04:00,66.48856935650815,67.3310775756836,65.38147349146001,67.3310775756836,1920900,0.0,0.0
2001-06-04 00:00:00-04:00,66.9829613133716,67.4703665215885,66.32148926710778,67.19881439208984,1198400,0.0,0.0
2001-06-05 00:00:00-04:00,67.60958882408244,68.33372925024541,67.53996106069823,67.78366088867188,1376800,0.0,0.0
2001-06-06 00:00:00-04:00,67.05257237398635,67.05257237398635,65.93154766965962,66.52339172363281,1962000,0.0,0.0
2001-06-07 00:00:00-04:00,66.5233994515845,67.5887199349451,65.84103443010173,67.47035217285156,1536900,0.0,0.0
2001-06-08 00:00:00-04:00,67.47034845592071,67.47034845592071,66.32147150905999,66.39806365966797,924900,0.0,0.0
2001-06-11 00:00:00-04:00,66.28666267055317,66.59999568099673,63.98891382193198,64.06550598144531,2673700,0.0,0.0
2001-06-12 00:00:00-04:00,63.50149905355802,64.02371534614404,62.707730713807955,63.96105194091797,2592500,0.0,0.0
2001-06-13 00:00:00-04:00,63.752173355141004,64.74090706238181,62.018416477707945,62.081085205078125,2178300,0.0,0.0
2001-06-14 00:00:00-04:00,62.00449757957901,62.28300875011762,60.577103925398355,60.584068298339844,2714200,0.0,0.0
2001-06-15 00:00:00-04:00,60.40302322124842,62.66596069063237,59.915623429669445,62.17159652709961,3025300,0.0,0.0
2001-06-18 00:00:00-04:00,61.83043083490487,62.5824184981139,61.27339782072137,61.72598648071289,1799400,0.0,0.0
2001-06-19 00:00:00-04:00,63.014128461076375,63.71041717335346,61.099334502314385,61.398738861083984,4292900,0.0,0.0
2001-06-20 00:00:00-04:00,60.994858520874615,61.96966327529729,60.180202424669496,61.5518913269043,3849500,0.0,0.0
2001-06-21 00:00:00-04:00,61.09930764475176,65.10993035194234,61.09930764475176,64.75482177734375,3880900,0.0,0.0
2001-06-22 00:00:00-04:00,64.3370395534518,64.65036716145927,63.42489827419842,64.1281509399414,2606300,0.0,0.0
2001-06-25 00:00:00-04:00,64.65041096261469,64.65041096261469,63.08376123664376,63.32746124267578,1260700,0.0,0.0
2001-06-26 00:00:00-04:00,61.96967032736776,62.874847412109375,60.92523768140089,62.874847412109375,3260600,0.0,0.0
2001-06-27 00:00:00-04:00,61.97666765739011,63.710425284249446,60.925270080566406,60.925270080566406,3496800,0.0,0.0
2001-06-28 00:00:00-04:00,61.343001227688205,62.561505813474184,60.04790450010072,60.29856872558594,3007200,0.0,0.0
2001-06-29 00:00:00-04:00,60.577109923209875,60.74421770453059,58.83638837369235,59.7415657043457,4347900,0.0,0.0
2001-07-02 00:00:00-04:00,59.84599039350986,59.84599039350986,58.80155771430543,58.906002044677734,2441400,0.0,0.0
2001-07-03 00:00:00-04:00,58.906011363651835,59.28897219818187,58.314167147591,58.48823928833008,1789700,0.0,0.0
2001-07-05 00:00:00-04:00,58.314167147591,59.45607996585854,58.14009500685192,58.48823928833008,2055300,0.0,0.0
2001-07-06 00:00:00-04:00,58.314145466941454,58.314145466941454,56.88675231866827,57.86155700683594,2206600,0.0,0.0
2001-07-09 00:00:00-04:00,57.51341722655953,57.72230585856591,56.57342900704799,57.032981872558594,2765400,0.0,0.0
2001-07-10 00:00:00-04:00,57.269742624801616,57.68751476082822,56.496861782634966,56.81715393066406,2444600,0.0,0.0
2001-07-11 00:00:00-04:00,56.573453960670285,57.06085390065785,55.70309313050613,56.81715393066406,2863700,0.0,0.0
2001-07-12 00:00:00-04:00,58.140114795277476,60.47268121263562,57.847674774244105,60.263797760009766,3151600,0.0,0.0
2001-07-13 00:00:00-04:00,59.880819472233654,61.27339666926234,59.61623171721195,59.98526382446289,1880300,0.0,0.0
2001-07-16 00:00:00-04:00,59.81119428967224,60.67459070214325,57.095667574296264,58.070472717285156,2713000,0.0,0.0
2001-07-17 00:00:00-04:00,57.722307168518014,60.20805644696442,56.851946702503746,59.7763557434082,2687400,0.0,0.0
2001-07-18 00:00:00-04:00,58.3837949414346,59.25415564512999,57.304550856208415,58.48823928833008,2376100,0.0,0.0
2001-07-19 00:00:00-04:00,59.18453124632318,59.53267554777214,56.85196548906725,57.791954040527344,2470600,0.0,0.0
2001-07-20 00:00:00-04:00,57.68748283028178,58.34895988242953,57.130455394653026,57.757110595703125,2190000,0.0,0.0
2001-07-23 00:00:00-04:00,58.31418033475439,59.16365342362248,56.81019414877259,56.91463851928711,3210700,0.0,0.0
2001-07-24 00:00:00-04:00,56.60823651612633,57.48555588112784,56.22527585598126,56.99119186401367,2487700,0.0,0.0
2001-07-25 00:00:00-04:00,57.0608375395129,57.93119812011719,56.50380995528181,57.93119812011719,1863500,0.0,0.0
2001-07-26 00:00:00-04:00,57.65268496942034,59.184517412849225,56.95639652926917,58.93385314941406,2567400,0.0,0.0
2001-07-27 00:00:00-04:00,58.933873464580216,60.02162964068665,58.29237964264789,59.14305877685547,1770100,0.12,0.0
2001-07-30 00:00:00-04:00,58.466710282809416,59.094261021333146,57.21858306946903,57.65787124633789,2174700,0.0,0.0
2001-07-31 00:00:00-04:00,57.490486207436675,59.19881803996785,57.22552286401528,57.985557556152344,2308100,0.0,0.0
2001-08-01 00:00:00-04:00,58.222634630658185,59.896100642086566,58.15290798847405,59.512596130371094,2082200,0.0,0.0
2001-08-02 00:00:00-04:00,59.93095186285397,61.01173326576796,59.92398292359457,60.17500305175781,2010800,0.0,0.0
2001-08-03 00:00:00-04:00,60.035544981175825,60.3144568281564,59.16394878423715,59.61717987060547,1420400,0.0,0.0
2001-08-06 00:00:00-04:00,59.16396945985668,59.30342809198311,58.36209961448904,58.53641891479492,1228500,0.0,0.0
2001-08-07 00:00:00-04:00,58.348148612459475,58.69678716647278,57.71362389065022,58.25053024291992,1744000,0.0,0.0
2001-08-08 00:00:00-04:00,57.80425788354736,58.536395459586906,57.037254333496094,57.037254333496094,1921200,0.0,0.0
2001-08-09 00:00:00-04:00,56.20054642251371,56.312113338275346,55.05003787278775,55.817047119140625,3954300,0.0,0.0
2001-08-10 00:00:00-04:00,55.649669283341844,56.3399772644043,54.771104194390816,56.3399772644043,2591000,0.0,0.0
2001-08-13 00:00:00-04:00,55.886758738695335,57.588111187684845,55.747300131531006,57.3161735534668,2396800,0.0,0.0
2001-08-14 00:00:00-04:00,57.316189698885935,58.152925618166634,56.68864440917968,56.68864440917969,2258600,0.0,0.0
2001-08-15 00:00:00-04:00,56.828105170623,57.29527972778802,56.346982087086545,57.07215118408203,2309300,0.0,0.0
2001-08-16 00:00:00-04:00,56.6886224106898,57.07212157004544,55.75426846138067,56.549163818359375,2545200,0.0,0.0
2001-08-17 00:00:00-04:00,55.81701273213647,55.886739351629565,53.7251822285431,53.8646354675293,4275400,0.0,0.0
2001-08-20 00:00:00-04:00,53.87161872033268,54.42943708921616,53.87161872033268,54.27603530883789,2560400,0.0,0.0
2001-08-21 00:00:00-04:00,54.269087066358104,55.5660231153352,52.574703216552734,52.574703216552734,3768800,0.0,0.0
2001-08-22 00:00:00-04:00,52.58165705415811,54.038963317871094,52.3306369280007,54.038963317871094,4084400,0.0,0.0
2001-08-23 00:00:00-04:00,53.87859548992724,54.37366687848042,53.55087974398323,54.17842483520508,2108800,0.0,0.0
2001-08-24 00:00:00-04:00,54.38762728091204,56.82809773582476,54.3179006175895,56.68864440917969,2903600,0.0,0.0
2001-08-27 00:00:00-04:00,56.688637013145275,57.73455278593539,56.13081313973613,57.10700225830078,2368800,0.0,0.0
2001-08-28 00:00:00-04:00,57.10697795908562,57.197622039029085,56.1377635142884,56.5142936706543,3512900,0.0,0.0
2001-08-29 00:00:00-04:00,56.51429649440579,56.862934954408786,55.64270034439831,56.3399772644043,2578800,0.0,0.0
2001-08-30 00:00:00-04:00,55.81703081227807,55.991350077376005,54.73624924075018,55.51022720336914,3152600,0.0,0.0
2001-08-31 00:00:00-04:00,55.57297868038939,56.75835285563462,55.091861134018494,55.851890563964844,2008900,0.0,0.0
2001-09-04 00:00:00-04:00,55.747290191717305,56.7932056198531,55.25919845317433,55.51719284057617,2620700,0.0,0.0
2001-09-05 00:00:00-04:00,56.23541858899501,56.7583765944975,54.45735924236497,54.77113723754883,3372100,0.0,0.0
2001-09-06 00:00:00-04:00,54.38759818640086,54.9454218341816,53.44627543559634,53.760047912597656,2891400,0.0,0.0
2001-09-07 00:00:00-04:00,53.76005158992274,53.969236802099466,51.59849411656727,51.933189392089844,3726700,0.0,0.0
2001-09-10 00:00:00-04:00,51.93321022089701,53.523001447693325,51.24987619754967,53.13252258300781,2558900,0.0,0.0
2001-09-17 00:00:00-04:00,50.413145831961415,50.42011477399975,47.81927368647717,48.39104080200195,5765800,0.0,0.0
2001-09-18 00:00:00-04:00,48.739674118973525,48.80940077039931,46.21552890686112,47.06620788574219,3562500,0.0,0.0
2001-09-19 00:00:00-04:00,47.27538832998435,47.76348015990198,44.11672133695451,47.073177337646484,5888500,0.0,0.0
2001-09-20 00:00:00-04:00,45.845970153808594,46.954638209346214,44.69546185404916,45.845970153808594,3923900,0.0,0.0
2001-09-21 00:00:00-04:00,45.85295461176944,47.58917351873209,44.13067890944679,47.198699951171875,5421300,0.0,0.0
2001-09-24 00:00:00-04:00,48.635087793759,49.84834870939175,48.50260341499453,49.16501998901367,3071100,0.0,0.0
2001-09-25 00:00:00-04:00,49.158028044970614,50.36431958451721,48.530477686819246,48.83030700683594,3666700,0.0,0.0
2001-09-26 00:00:00-04:00,50.2039463358098,50.2039463358098,48.70479965209961,48.70479965209961,4862800,0.0,0.0
2001-09-27 00:00:00-04:00,48.70481544246104,48.70481544246104,46.66876712438561,48.04240417480469,4743900,0.0,0.0
2001-09-28 00:00:00-04:00,48.53048230818291,50.83149873392077,48.467729926292755,49.75071716308594,3247900,0.0,0.0
2001-10-01 00:00:00-04:00,49.75769022415981,51.94713971403991,49.506670063044744,51.24986267089844,3606900,0.0,0.0
2001-10-02 00:00:00-04:00,51.319599151611335,51.80769636728235,50.503786131458824,51.31959915161133,3034600,0.0,0.0
2001-10-03 00:00:00-04:00,51.1452811619483,53.65547799864584,50.81756002930504,53.47418975830078,3492500,0.0,0.0
2001-10-04 00:00:00-04:00,53.48114166414746,55.78215780137461,53.22315258898882,55.08488082885742,6241700,0.0,0.0
2001-10-05 00:00:00-04:00,55.09188347056615,55.09188347056615,52.909402017535825,53.167396545410156,5424500,0.0,0.0
2001-10-08 00:00:00-04:00,53.174344373771476,53.41141599520313,51.842542778713344,52.50495910644531,3023300,0.0,0.0
2001-10-09 00:00:00-04:00,52.57467743636264,54.492188842517905,52.29576562241634,54.33878707885742,2759300,0.0,0.0
2001-10-10 00:00:00-04:00,54.338807353965954,56.618901245148706,53.89952467395892,56.27723693847656,3811500,0.0,0.0
2001-10-11 00:00:00-04:00,57.17672835360574,59.51260582604252,57.17672835360574,58.46669006347656,6393700,0.0,0.0
2001-10-12 00:00:00-04:00,57.76940732489027,58.36209180263802,56.305126462277535,57.73454666137695,3623000,0.0,0.0
2001-10-15 00:00:00-04:00,57.560238811351226,59.331318335568405,56.8420387790105,58.85020065307617,3382300,0.0,0.0
2001-10-16 00:00:00-04:00,58.98961695557418,60.31444395614307,58.292340146832636,58.74557113647461,3315600,0.0,0.0
2001-10-17 00:00:00-04:00,59.68692785047799,60.01464898891032,57.21856589951855,57.22554016113281,3978900,0.0,0.0
2001-10-18 00:00:00-04:00,57.31616394077769,58.18776014011921,56.34694939269401,56.76531982421875,3086300,0.0,0.0
2001-10-19 00:00:00-04:00,56.51429597794904,56.5212649168289,55.18946877808447,55.60783386230469,3832200,0.0,0.0
2001-10-22 00:00:00-04:00,55.607846554267105,57.13488504599361,55.44050154634425,56.89780807495117,4297200,0.0,0.0
2001-10-23 00:00:00-04:00,56.90478233522351,57.87399704080464,56.75835478831577,56.89780807495117,2332100,0.0,0.0
2001-10-24 00:00:00-04:00,56.90478010051696,57.07212510186802,55.886756252612045,56.130802154541016,2523500,0.0,0.0
2001-10-25 00:00:00-04:00,55.65596112165199,56.91293607401675,54.92273017256032,56.84310531616211,3672800,0.12,0.0
2001-10-26 00:00:00-04:00,56.668535768875316,58.135003253874245,56.6475870705926,58.04422378540039,2734200,0.0,0.0
2001-10-29 00:00:00-05:00,58.04420381677777,58.04420381677777,56.45901870727539,56.45901870727539,2224900,0.0,0.0
2001-10-30 00:00:00-05:00,56.005111192807696,56.80817809778915,55.236962324986315,55.900367736816406,2467000,0.0,0.0
2001-10-31 00:00:00-05:00,56.66854080331137,56.912951184566914,54.46883671651803,54.580570220947266,3360800,0.0,0.0
2001-11-01 00:00:00-05:00,54.81798431294322,56.42411846849712,53.9869838649767,56.35428237915039,3166800,0.0,0.0
2001-11-02 00:00:00-05:00,56.21460042101272,57.5763184243373,56.07493894857972,57.4366569519043,2721800,0.0,0.0
2001-11-05 00:00:00-05:00,58.48415987585099,59.63638618074532,58.19086745722219,59.154544830322266,3141900,0.0,0.0
2001-11-06 00:00:00-05:00,58.93806601118907,60.474364151185604,58.65873762362265,60.40453338623047,3426500,0.0,0.0
2001-11-07 00:00:00-05:00,60.05533316476004,61.21454331572168,59.74109227348319,61.10280990600586,3268700,0.0,0.0
2001-11-08 00:00:00-05:00,61.24250383646148,62.01065811649464,60.46039086442052,60.544185638427734,2934000,0.0,0.0
2001-11-09 00:00:00-05:00,60.26483890105434,61.27739775856015,59.63635170464872,60.6558952331543,1373300,0.0,0.0
2001-11-12 00:00:00-05:00,60.655895882035935,61.52180862426758,59.706183070139424,61.52180862426758,2217300,0.0,0.0
2001-11-13 00:00:00-05:00,62.81370171483793,63.89609674155735,62.73688630892915,63.58185577392578,3791200,0.0,0.0
2001-11-14 00:00:00-05:00,64.76904302086335,64.76904302086335,63.26765713057146,63.89614486694336,3968800,0.0,0.0
2001-11-15 00:00:00-05:00,62.632149887852165,63.33744730803433,61.61260613709179,61.94081115722656,4265000,0.0,0.0
2001-11-16 00:00:00-05:00,61.87100868720788,62.04558828583304,61.10285951880648,61.27743911743164,2354900,0.0,0.0
2001-11-19 00:00:00-05:00,61.975751922935956,63.23272705078125,61.79418766497029,63.23272705078125,2483500,0.0,0.0
2001-11-20 00:00:00-05:00,62.88353162841913,63.714526340943266,62.289957126660894,62.674034118652344,1912900,0.0,0.0
2001-11-21 00:00:00-05:00,62.080455284118855,62.35978347775984,61.10280927024648,61.55671691894531,1806400,0.0,0.0
2001-11-23 00:00:00-05:00,62.0106070824082,63.127914214181004,61.89887370536059,62.95333480834961,837500,0.0,0.0
2001-11-26 00:00:00-05:00,62.88352185296439,64.20334210719288,56.42408201479366,63.854183197021484,1847400,0.0,0.0
2001-11-27 00:00:00-05:00,63.09302394911679,63.51201364182828,62.60420352891055,62.84861373901367,2477900,0.0,0.0
2001-11-28 00:00:00-05:00,62.56927520976718,62.70195729960347,60.404491047040175,60.620967864990234,3780000,0.0,0.0
2001-11-29 00:00:00-05:00,60.620956285805846,62.56926325843745,59.90168992559146,62.394683837890625,3860100,0.0,0.0
2001-11-30 00:00:00-05:00,61.975719580489596,62.394709295203405,61.137740151061976,62.150299072265625,2567900,0.0,0.0
2001-12-03 00:00:00-05:00,61.451983469556886,61.451983469556886,59.7411065154223,60.06233215332031,2880100,0.0,0.0
2001-12-04 00:00:00-05:00,60.753658906103915,61.22153063281446,59.89472552219005,60.872371673583984,2795000,0.0,0.0
2001-12-05 00:00:00-05:00,62.25504849206063,64.52458190917969,61.9757202367127,64.52458190917969,4415900,0.0,0.0
2001-12-06 00:00:00-05:00,64.52456764241467,66.4589056598739,64.28015747092951,65.5720443725586,4878900,0.0,0.0
2001-12-07 00:00:00-05:00,65.43235876882751,65.43934343678485,63.686564721337554,63.972877502441406,3220700,0.0,0.0
2001-12-10 00:00:00-05:00,63.89612683570042,64.38494753285327,63.47713690560569,63.791378021240234,1429700,0.0,0.0
2001-12-11 00:00:00-05:00,63.798349774883505,65.36258101670738,63.44919068256376,64.11957550048828,2705000,0.0,0.0
2001-12-12 00:00:00-05:00,64.14051966097215,64.80392508614578,63.40728881556285,64.75504302978516,2383700,0.0,0.0
2001-12-13 00:00:00-05:00,63.62378963208527,64.95757500108417,63.37239458272745,63.546974182128906,2442800,0.0,0.0
2001-12-14 00:00:00-05:00,63.61674953069481,64.07065715922408,61.80112434431968,62.611175537109375,3337900,0.0,0.0
2001-12-17 00:00:00-05:00,62.61116359557062,63.197747869307115,61.940773957384756,62.2480354309082,2026800,0.0,0.0
2001-12-18 00:00:00-05:00,62.24806197819255,63.44218503991278,61.94080037362951,63.40727233886719,2279700,0.0,0.0
2001-12-19 00:00:00-05:00,63.302530127714284,65.97708944617526,62.98828381934191,65.92820739746094,4382000,0.0,0.0
2001-12-20 00:00:00-05:00,65.64189004679295,66.1586438596485,64.25223875991091,64.46173095703125,3428700,0.0,0.0
2001-12-21 00:00:00-05:00,64.46173095703125,64.74804388582875,63.63073618462351,64.46173095703125,2180000,0.0,0.0
2001-12-24 00:00:00-05:00,64.46176047236752,64.77600690354821,64.2522681793262,64.57349395751953,758000,0.0,0.0
2001-12-26 00:00:00-05:00,64.53157331888025,65.43239891163017,64.31509110131594,64.80391693115234,1253200,0.0,0.0
2001-12-27 00:00:00-05:00,64.10563225471688,64.90869416509211,64.10563225471688,64.32909393310547,1705200,0.0,0.0
2001-12-28 00:00:00-05:00,64.73412267048731,65.49529260417083,64.48272758484389,65.13216400146484,1392600,0.0,0.0
2001-12-31 00:00:00-05:00,64.96450243079207,65.50221010666426,64.74802562317025,64.76897430419922,1228700,0.0,0.0
2002-01-02 00:00:00-05:00,64.80390222866988,64.81088157158497,62.33883560525793,63.59580993652344,3592600,0.0,0.0
2002-01-03 00:00:00-05:00,63.59583968711471,64.69918374651753,63.38634209131841,64.55951690673828,2645700,0.0,0.0
2002-01-04 00:00:00-05:00,65.8863216183324,67.5832350706773,65.8863216183324,67.56228637695312,5745900,0.0,0.0
2002-01-07 00:00:00-05:00,67.91143745043883,67.91143745043883,66.37513971119249,66.86396026611328,3136700,0.0,0.0
2002-01-08 00:00:00-05:00,65.11819070352091,65.32768835430915,64.38495425350864,64.59445190429688,5830800,0.0,0.0
2002-01-09 00:00:00-05:00,64.94359985351562,66.35420043085702,64.87376909126527,65.46733856201172,5142100,0.0,0.0
2002-01-10 00:00:00-05:00,65.46734225365424,65.7815833653734,64.66427512312688,64.943603515625,3104600,0.0,0.0
2002-01-11 00:00:00-05:00,64.97848511704545,64.97848511704545,63.344418400492096,63.65167999267578,3635000,0.0,0.0
2002-01-14 00:00:00-05:00,63.54693387722484,63.553918548539876,62.296944098992,62.827667236328125,3127400,0.0,0.0
2002-01-15 00:00:00-05:00,62.98829703417503,63.54695370332417,62.49947644447817,62.778804779052734,2779700,0.0,0.0
2002-01-16 00:00:00-05:00,62.15030923452887,62.674047795494005,61.47293984324157,61.891929626464844,3356600,0.0,0.0
2002-01-17 00:00:00-05:00,62.54928192893156,63.63314532952175,62.304540129273775,62.83598327636719,3029000,0.12,0.0
2002-01-18 00:00:00-05:00,62.234544703198075,62.79395847496568,61.682125070692976,62.38138961791992,2703600,0.0,0.0
2002-01-22 00:00:00-05:00,62.40938068142297,62.68209351474613,60.66821289905969,60.822052001953125,3138900,0.0,0.0
2002-01-23 00:00:00-05:00,60.90599249353476,61.80105101717815,59.9829627241563,61.01088333129883,3026600,0.0,0.0
2002-01-24 00:00:00-05:00,61.52829595863423,62.57719294895855,59.479450290802085,59.78712844848633,4284200,0.0,0.0
2002-01-25 00:00:00-05:00,59.710205093615706,62.01078631891708,59.682233868798484,61.04580307006836,4547500,0.0,0.0
2002-01-28 00:00:00-05:00,61.884947013267855,62.206608244553074,60.76612417945663,61.430423736572266,2791500,0.0,0.0
2002-01-29 00:00:00-05:00,62.094714308135615,62.094714308135615,58.4934996409523,59.073890686035156,5562400,0.0,0.0
2002-01-30 00:00:00-05:00,59.073865787609726,60.19967669547877,57.05998066504287,60.13674545288086,6734500,0.0,0.0
2002-01-31 00:00:00-05:00,60.48640256518865,60.97588576987975,59.19975795001957,60.822052001953125,4017700,0.0,0.0
2002-02-01 00:00:00-05:00,60.479393265190936,60.48638740492403,59.535387129910646,59.71719741821289,2869400,0.0,0.0
2002-02-04 00:00:00-05:00,58.87807487943421,59.087856385202116,56.990062667384294,57.689327239990234,4878400,0.0,0.0
2002-02-05 00:00:00-05:00,57.19985391435897,57.731291238868906,56.304790627622104,56.66841125488281,3495300,0.0,0.0
2002-02-06 00:00:00-05:00,56.71038798367958,57.549509148419006,56.018117157370014,57.26980209350586,4392100,0.0,0.0
2002-02-07 00:00:00-05:00,57.339722045855375,58.29771688355138,56.06006599297633,56.717376708984375,4107300,0.0,0.0
2002-02-08 00:00:00-05:00,57.2697659277875,59.087852634153066,57.08795565666146,58.59836959838867,3830700,0.0,0.0
2002-02-11 00:00:00-05:00,58.108894074372664,59.42351509243051,57.75926173296854,59.33260726928711,2537800,0.0,0.0
2002-02-12 00:00:00-05:00,59.22768003220006,59.234674168512235,58.37458212581508,58.38856506347656,2249600,0.0,0.0
2002-02-13 00:00:00-05:00,58.56340795250255,59.71020142471553,58.549425008435946,59.143798828125,2525500,0.0,0.0
2002-02-14 00:00:00-05:00,59.75217082486122,60.486400947224595,59.157796853644825,59.51442337036133,3575400,0.0,0.0
2002-02-15 00:00:00-05:00,59.514441646029255,59.514441646029255,57.76627923211691,57.87117004394531,3673000,0.0,0.0
2002-02-19 00:00:00-05:00,57.87119181639208,57.878180627499894,54.64757868554433,54.90630340576172,6216300,0.0,0.0
2002-02-20 00:00:00-05:00,54.892296824534235,56.36075210571288,54.20701484800126,56.36075210571289,5059900,0.0,0.0
2002-02-21 00:00:00-05:00,56.01108755744266,57.899104981717215,55.31182303029614,55.570552825927734,3944600,0.0,0.0
2002-02-22 00:00:00-05:00,55.57757376817598,55.59155671807784,54.367843205415745,55.24192428588867,4342500,0.0,0.0
2002-02-25 00:00:00-05:00,55.73140839362804,57.339719739829825,55.08808598913437,57.31174850463867,3690900,0.0,0.0
2002-02-26 00:00:00-05:00,57.31176418962651,57.864184232160035,56.465654099660696,56.9201774597168,2792900,0.0,0.0
2002-02-27 00:00:00-05:00,57.37467196861101,58.17882212245165,56.115993348307285,56.56352233886719,3410600,0.0,0.0
2002-02-28 00:00:00-05:00,56.7802890121458,57.68933521620576,56.39569664501739,56.59848403930664,2704600,0.0,0.0
2002-03-01 00:00:00-05:00,56.99006640872788,58.50048054549731,56.535543339701945,58.367618560791016,3703200,0.0,0.0
2002-03-04 00:00:00-05:00,59.052921392676915,62.584211434416105,58.94803592081714,62.30450439453125,4760300,0.0,0.0
2002-03-05 00:00:00-05:00,62.23461283932036,63.2974937673912,61.605272990804956,62.598228454589844,4597900,0.0,0.0
2002-03-06 00:00:00-05:00,63.003742352790695,63.98271390577383,62.09470153106517,63.542179107666016,5212700,0.0,0.0
2002-03-07 00:00:00-05:00,63.91281167371783,64.5071857600691,62.44435647950655,62.90586853027344,3274000,0.0,0.0
2002-03-08 00:00:00-05:00,63.0736905833423,64.05266249073784,62.3184885610362,63.136627197265625,3537500,0.0,0.0
2002-03-11 00:00:00-05:00,63.13663254629154,63.982742489840795,62.682109264889206,63.4233283996582,2281900,0.0,0.0
2002-03-12 00:00:00-05:00,62.444377600948364,63.36041320463963,62.2276017850979,62.794010162353516,2705200,0.0,0.0
2002-03-13 00:00:00-05:00,62.793976065385905,62.793976065385905,61.276567518259654,61.53529739379883,2817500,0.0,0.0
2002-03-14 00:00:00-05:00,61.54231241405233,61.9548761916717,60.97590415219346,61.815025329589844,1857100,0.0,0.0
2002-03-15 00:00:00-05:00,62.19960764791403,62.95481498299373,61.71012437608507,62.933837890625,1905900,0.0,0.0
2002-03-18 00:00:00-05:00,62.9338380081053,63.63310287486202,62.23457314134857,62.37442398071289,2595300,0.0,0.0
2002-03-19 00:00:00-05:00,63.59811431478671,63.9127865911036,63.14359658504944,63.66804504394531,3836000,0.0,0.0
2002-03-20 00:00:00-05:00,63.24850683944624,63.73799546089566,62.58420733136852,62.828948974609375,2511600,0.0,0.0
2002-03-21 00:00:00-05:00,62.58425627757317,63.633154427476626,62.02484179696924,63.17863082885742,2097700,0.0,0.0
2002-03-22 00:00:00-05:00,62.96880161653496,63.52821029324512,62.4093876048574,62.74503707885742,2064000,0.0,0.0
2002-03-25 00:00:00-05:00,62.82896718023355,63.066720084679744,61.50036244412749,61.556304931640625,2448400,0.0,0.0
2002-03-26 00:00:00-05:00,61.57027573687405,62.793989295136996,61.521327407942245,62.12968444824219,2990200,0.0,0.0
2002-03-27 00:00:00-05:00,62.74505061761538,62.84993609934001,62.01781437950275,62.444366455078125,2372600,0.0,0.0
2002-03-28 00:00:00-05:00,62.304468232323416,63.59810653910972,62.206571625429206,63.10862350463867,2696000,0.0,0.0
2002-04-01 00:00:00-05:00,62.514280625183716,62.54924066780394,61.535308737368425,61.86396408081055,2711500,0.0,0.0
2002-04-02 00:00:00-05:00,61.32553116531765,61.71012900414653,61.00386994328256,61.20665740966797,2226100,0.0,0.0
2002-04-03 00:00:00-05:00,61.36049505029126,61.465385852413526,60.1997127540824,60.45844268798828,2619200,0.0,0.0
2002-04-04 00:00:00-05:00,60.20671275588204,61.18568477934522,59.996936466190995,60.521385192871094,2075300,0.0,0.0
2002-04-05 00:00:00-05:00,61.010828072239335,61.44437398600475,60.1367474408319,60.24163818359375,2209900,0.0,0.0
2002-04-08 00:00:00-04:00,59.4724952182418,60.34657653929197,59.40256444458258,60.178749084472656,2538600,0.0,0.0
2002-04-09 00:00:00-04:00,60.031875862844494,60.731140591206035,59.094863687623956,59.15779495239258,2844800,0.0,0.0
2002-04-10 00:00:00-04:00,59.29766257634743,59.8500771239046,58.192822811298036,59.08088684082031,3825200,0.0,0.0
2002-04-11 00:00:00-04:00,58.66831638506937,58.80816720774071,56.1859242704012,56.80826950073242,5272100,0.0,0.0
2002-04-12 00:00:00-04:00,57.164908845740634,58.04598416394312,57.09498341873335,58.03899002075195,5215500,0.0,0.0
2002-04-15 00:00:00-04:00,57.71032936549316,58.34666296346858,56.955122018984184,57.06001281738281,2664100,0.0,0.0
2002-04-16 00:00:00-04:00,57.584488203690306,59.59837539584373,57.584488203690306,59.150840759277344,3260500,0.0,0.0
2002-04-17 00:00:00-04:00,59.178774079230436,60.46542399792056,58.70327383416597,59.472469329833984,2970700,0.0,0.0
2002-04-18 00:00:00-04:00,59.4794560100131,59.78713419728196,58.22078270157653,59.10185241699219,2494900,0.0,0.0
2002-04-19 00:00:00-04:00,59.43754472800072,60.836075192188964,59.1858088176492,60.353580474853516,3567900,0.0,0.0
2002-04-22 00:00:00-04:00,59.78713437758972,60.17173211283567,58.808162689208984,58.808162689208984,2826500,0.0,0.0
2002-04-23 00:00:00-04:00,58.87810042807775,58.98299122647638,57.06001281738281,57.06001281738281,3413800,0.0,0.0
2002-04-24 00:00:00-04:00,57.4795832411855,57.60545115978536,55.58457565307617,55.58457565307617,4664200,0.0,0.0
2002-04-25 00:00:00-04:00,55.24191900272616,55.661476814234476,53.00427378470381,53.990234375,5830000,0.0,0.0
2002-04-26 00:00:00-04:00,55.32789503225696,55.99322834153934,55.11778696444667,55.43294906616211,5930300,0.12,0.0
2002-04-29 00:00:00-04:00,55.43995011729859,56.518489114449295,54.25635175050717,54.97771453857422,4251500,0.0,0.0
2002-04-30 00:00:00-04:00,54.80262878660172,55.99322689130297,54.62754051571801,55.15280532836914,3802700,0.0,0.0
2002-05-01 00:00:00-04:00,55.012764173206406,55.85318615356861,53.92721421723866,55.47499465942383,4153900,0.0,0.0
2002-05-02 00:00:00-04:00,56.02828141245608,56.72863493011178,55.888212846234254,56.52553176879883,4576800,0.0,0.0
2002-05-03 00:00:00-04:00,56.24540556576773,56.25241059908748,54.94274721858659,55.012786865234375,3450400,0.0,0.0
2002-05-06 00:00:00-04:00,55.1878470588081,55.39094483169356,52.63155621904363,52.6385612487793,3258900,0.0,0.0
2002-05-07 00:00:00-04:00,53.22686293050911,53.29689720781573,51.826156011285185,52.42145538330078,4740400,0.0,0.0
2002-05-08 00:00:00-04:00,53.62607941181258,56.09832697112623,53.62607941181258,55.67811584472656,4604100,0.0,0.0
2002-05-09 00:00:00-04:00,55.257876128974466,55.74812129891834,54.83766521998376,55.075782775878906,3616700,0.0,0.0
2002-05-10 00:00:00-04:00,55.07580795236681,55.07580795236681,53.40196323705418,53.752140045166016,2895700,0.0,0.0
2002-05-13 00:00:00-04:00,53.68207105152388,54.97071830760827,53.20583068660778,54.704586029052734,2864100,0.0,0.0
2002-05-14 00:00:00-04:00,55.92317380081445,56.09826201267879,54.767590533856215,55.53798294067383,3574300,0.0,0.0
2002-05-15 00:00:00-04:00,55.46798825076756,56.37844982626469,55.06178733153996,55.650081634521484,3011500,0.0,0.0
2002-05-16 00:00:00-04:00,55.76915234353549,56.378461867420285,55.60807401614753,56.06330490112305,2797900,0.0,0.0
2002-05-17 00:00:00-04:00,56.51851702848831,56.62357110674464,55.83917872141179,56.378448486328125,3149600,0.0,0.0
2002-05-20 00:00:00-04:00,56.30840537370953,56.36443491908481,55.74812060649987,56.196346282958984,1968800,0.0,0.0
2002-05-21 00:00:00-04:00,56.43447428964419,57.499009031816634,55.1598314049237,55.46798324584961,3338600,0.0,0.0
2002-05-22 00:00:00-04:00,55.292900410830796,55.41196455320222,54.38944920047113,54.767635345458984,3699500,0.0,0.0
2002-05-23 00:00:00-04:00,55.15283616026643,55.64308145549295,54.522516964065936,55.446983337402344,3379600,0.0,0.0
2002-05-24 00:00:00-04:00,55.18782832099123,55.36991628611781,54.45946043067404,54.76061248779297,1150000,0.0,0.0
2002-05-28 00:00:00-04:00,54.83767356677472,54.90070280824472,53.093789746957405,53.857177734375,2628600,0.0,0.0
2002-05-29 00:00:00-04:00,53.71710031989718,53.78713993018264,53.10079128959845,53.3319091796875,2049300,0.0,0.0
2002-05-30 00:00:00-04:00,53.33190884860431,53.43696292010825,52.00123641052239,52.5825309753418,3467600,0.0,0.0
2002-05-31 00:00:00-04:00,52.7015795956714,53.88517824261692,52.66655979750208,52.84164810180664,2759000,0.0,0.0
2002-06-03 00:00:00-04:00,52.84163759108599,53.08676544297084,51.39891196043547,51.679054260253906,3018900,0.0,0.0
2002-06-04 00:00:00-04:00,51.686058044433594,52.24633728732944,51.223822459356455,51.686058044433594,4054500,0.0,0.0
2002-06-05 00:00:00-04:00,52.38644320756372,53.05177688598633,52.078285962008955,53.05177688598633,3781800,0.0,0.0
2002-06-06 00:00:00-04:00,52.911699743174864,53.22685662535823,51.35691439208953,51.79113006591797,2711600,0.0,0.0
2002-06-07 00:00:00-04:00,50.95070815124752,52.498488472450134,50.77561980708516,51.79113006591797,3165700,0.0,0.0
2002-06-10 00:00:00-04:00,52.001234494051396,52.94671041619796,51.265861363897486,52.34440612792969,2265700,0.0,0.0
2002-06-11 00:00:00-04:00,52.52648172421357,52.75759952618492,50.49545669555664,50.49545669555664,2176300,0.0,0.0
2002-06-12 00:00:00-04:00,50.49547708917827,50.95070784996296,49.09477034416211,50.77561950683594,4614700,0.0,0.0
2002-06-13 00:00:00-04:00,50.69157735139193,51.06276914308055,49.83014565851516,49.93519973754883,2234200,0.0,0.0
2002-06-14 00:00:00-04:00,49.1017701537932,51.26585927999934,49.02473086354589,51.02073669433594,3239700,0.0,0.0
2002-06-17 00:00:00-04:00,51.26586961675503,52.87668466436941,51.26586961675503,52.764625549316406,3078200,0.0,0.0
2002-06-18 00:00:00-04:00,52.52649825283037,53.941209588067046,51.74910565122674,53.07277297973633,2993400,0.0,0.0
2002-06-19 00:00:00-04:00,52.45648925154718,53.009769274108386,51.84717965481602,52.141326904296875,2671000,0.0,0.0
2002-06-20 00:00:00-04:00,51.721083375314045,51.931191475157156,50.60051931044963,50.91567611694336,3556400,0.0,0.0
2002-06-21 00:00:00-04:00,50.92268378359655,51.05575260994327,49.12978118691796,49.4099235534668,4400100,0.0,0.0
2002-06-24 00:00:00-04:00,49.44494954262608,50.47446990744461,48.5905175298305,50.04024887084961,5527100,0.0,0.0
2002-06-25 00:00:00-04:00,50.74059865426626,51.62304538154027,49.970211029052734,49.970211029052734,5773000,0.0,0.0
2002-06-26 00:00:00-04:00,48.56950261823959,49.900175020781475,48.34538976521047,49.585018157958984,5441300,0.0,0.0
2002-06-27 00:00:00-04:00,50.42544388444456,51.125797271728516,49.49397259697155,51.125797271728516,4063800,0.0,0.0
2002-06-28 00:00:00-04:00,50.77561144111725,52.10628370615942,50.77561144111725,51.37091064453125,3451600,0.0,0.0
2002-07-01 00:00:00-04:00,51.65102239946927,52.01520352840041,49.725052072709396,49.82310104370117,3114800,0.0,0.0
2002-07-02 00:00:00-04:00,49.38893171782267,50.005246283017,48.96172095323169,49.51499557495117,3978400,0.0,0.0
2002-07-03 00:00:00-04:00,48.96171238171546,49.6900752695313,48.39442245231334,49.16481018066406,3413900,0.0,0.0
2002-07-05 00:00:00-04:00,50.250354774598065,51.96621841008033,50.05425668405977,51.79113006591797,2084900,0.0,0.0
2002-07-08 00:00:00-04:00,51.651059319683974,52.51949597348521,51.160814114297466,51.54600524902344,3157000,0.0,0.0
2002-07-09 00:00:00-04:00,51.19583395567649,52.00124145768231,49.60603404262296,49.66206359863281,4185300,0.0,0.0
2002-07-10 00:00:00-04:00,51.37091177530023,52.10628485311532,49.718077614890554,50.11027908325195,11826900,0.0,0.0
2002-07-11 00:00:00-04:00,50.08226715757054,51.300880432128906,48.975707635147586,51.300880432128906,8892300,0.0,0.0
2002-07-12 00:00:00-04:00,50.95070780233078,51.66506589058143,50.50948710164116,51.23085021972656,4583400,0.0,0.0
2002-07-15 00:00:00-04:00,51.174799756504626,51.19580949415166,49.31886301081321,51.090755462646484,5979800,0.0,0.0
2002-07-16 00:00:00-04:00,50.09628228319065,51.23085681523729,50.0052382567066,50.880680084228516,6129200,0.0,0.0
2002-07-17 00:00:00-04:00,53.668062817281765,53.668062817281765,50.236336474252425,52.16230773925781,7505700,0.0,0.0
2002-07-18 00:00:00-04:00,52.169304808741344,53.233844592265385,51.9662017534207,52.94669723510742,8952500,0.0,0.0
2002-07-19 00:00:00-04:00,52.036248677328544,53.92720031738281,49.69706604090465,53.92720031738281,55185900,0.0,0.0
2002-07-22 00:00:00-04:00,52.1763211886088,52.31638971220915,50.32038386290999,50.425437927246094,18432400,0.0,0.0
2002-07-23 00:00:00-04:00,50.11028620692438,50.22233996862043,47.07775480544142,47.4349365234375,14447700,0.0,0.0
2002-07-24 00:00:00-04:00,47.43494519465183,49.92820195997431,45.90817434163147,49.62004470825195,12852000,0.0,0.0
2002-07-25 00:00:00-04:00,48.9546998996431,50.3203867855164,47.13378227072138,48.54148864746094,8214700,0.0,0.0
2002-07-26 00:00:00-04:00,48.75896346925819,49.03959166764635,47.84692316263109,48.81509017944336,5700700,0.12,0.0
2002-07-29 00:00:00-04:00,50.197180012642704,51.00397872924805,49.88147127991486,51.00397872924805,5980700,0.0,0.0
2002-07-30 00:00:00-04:00,50.65321346288166,52.72284251971708,50.547982532439946,51.845882415771484,5524200,0.0,0.0
2002-07-31 00:00:00-04:00,51.85289920099004,52.25980461819625,50.583057340406555,51.319705963134766,5047700,0.0,0.0
2002-08-01 00:00:00-04:00,51.31969213936794,52.042306208470045,50.32346702182015,50.5058708190918,3826900,0.0,0.0
2002-08-02 00:00:00-04:00,50.16211070361116,50.51289469454551,48.93436673534096,49.45352554321289,3932600,0.0,0.0
2002-08-05 00:00:00-04:00,49.453513405235334,49.453513405235334,47.53121910543811,47.74169158935547,4555300,0.0,0.0
2002-08-06 00:00:00-04:00,48.65373586197148,50.14807900881006,48.232796165940094,49.03960037231445,5498900,0.0,0.0
2002-08-07 00:00:00-04:00,49.70607034439215,50.11999806962786,48.3380154739876,49.77622604370117,5223800,0.0,0.0
2002-08-08 00:00:00-04:00,49.88148224596832,52.54744270769568,49.77624597859033,52.126502990722656,5175000,0.0,0.0
2002-08-09 00:00:00-04:00,51.705544919458525,53.23496294348991,51.30565148600955,52.93328857421875,4399600,0.0,0.0
2002-08-12 00:00:00-04:00,52.4422269276625,53.17887573455242,51.76872204688306,52.86316680908203,4323900,0.0,0.0
2002-08-13 00:00:00-04:00,52.7789675382907,54.6521529749237,52.06336511927031,52.47027587890625,7971500,0.0,0.0
2002-08-14 00:00:00-04:00,52.470243811031956,55.248450989935805,52.21066186042016,55.07305908203125,7010600,0.0,0.0
2002-08-15 00:00:00-04:00,55.423873606976194,56.055285895791364,54.5890059499573,55.80973815917969,7417400,0.0,0.0
2002-08-16 00:00:00-04:00,55.5291327455331,56.22368387295258,54.792483879832055,55.79572677612305,5253900,0.0,0.0
2002-08-19 00:00:00-04:00,55.795705511320406,57.50753324622848,55.58523831029131,57.17779541015625,4848700,0.0,0.0
2002-08-20 00:00:00-04:00,57.00239316455166,57.07254888563112,56.00616800862349,56.48323440551758,4701400,0.0,0.0
2002-08-21 00:00:00-04:00,56.09035786603694,56.12543840605629,55.002930708442946,56.0412483215332,5257300,0.0,0.0
2002-08-22 00:00:00-04:00,55.87988485185349,56.118415370967256,55.213392128814114,56.062294006347656,3525000,0.0,0.0
2002-08-23 00:00:00-04:00,55.494044016775845,55.494044016775845,54.378553138602406,54.93279266357422,2529800,0.0,0.0
2002-08-26 00:00:00-04:00,55.3186418285778,56.09036564315541,54.40660653954596,55.95005416870117,2462400,0.0,0.0
2002-08-27 00:00:00-04:00,56.1465000582046,56.64461281899077,55.199384094666385,55.494041442871094,3730600,0.0,0.0
2002-08-28 00:00:00-04:00,54.93279164574895,54.97488402451049,53.52965525993202,54.07687759399414,4212500,0.0,0.0
2002-08-29 00:00:00-04:00,53.14375055891874,54.61704158311414,52.9683586428827,54.28730392456055,3967100,0.0,0.0
2002-08-30 00:00:00-04:00,54.28734544818885,55.49404360990909,53.81027885756784,54.231224060058594,2988400,0.0,0.0
2002-09-03 00:00:00-04:00,53.36126299459108,53.38932635827756,51.56525053897146,51.74064254760742,5698000,0.0,0.0
2002-09-04 00:00:00-04:00,51.74063606767464,53.136754782857686,51.396869272512106,52.968379974365234,5099900,0.0,0.0
2002-09-05 00:00:00-04:00,51.42495174765602,51.9090301710741,50.5409743075481,51.137306213378906,7152200,0.0,0.0
2002-09-06 00:00:00-04:00,51.916039953814426,52.266824007556416,50.63918621229518,50.751434326171875,4495800,0.0,0.0
2002-09-09 00:00:00-04:00,50.30242196294135,52.54744270769568,50.01478187481636,52.126502990722656,4644100,0.0,0.0
2002-09-10 00:00:00-04:00,52.091431795960006,52.091431795960006,51.29164458446765,51.50211715698242,2995400,0.0,0.0
2002-09-11 00:00:00-04:00,52.442192248311784,52.79297614294932,51.53015198123921,51.69853210449219,2877900,0.0,0.0
2002-09-12 00:00:00-04:00,51.31969866221849,51.551217379572385,50.5549867828632,50.65320587158203,3514100,0.0,0.0
2002-09-13 00:00:00-04:00,50.54797860872309,51.42493864459588,50.40766179145988,51.2144660949707,3015400,0.0,0.0
2002-09-16 00:00:00-04:00,51.07414705768948,51.081158883108564,50.38660813638655,50.93383026123047,2142200,0.0,0.0
2002-09-17 00:00:00-04:00,51.530168514872166,51.69854869215052,49.593844649023715,49.72012710571289,4528400,0.0,0.0
2002-09-18 00:00:00-04:00,48.75897429020954,49.80430907484271,48.47834602954229,49.397403717041016,5394800,0.0,0.0
2002-09-19 00:00:00-04:00,48.674784112032846,48.68180129048413,47.07520998762617,47.11029052734375,6025500,0.0,0.0
2002-09-20 00:00:00-04:00,47.25062747108351,47.84695950020921,46.51398391247239,47.25764465332031,5547300,0.0,0.0
2002-09-23 00:00:00-04:00,46.373661723256,46.4438174799698,45.25115355821169,46.07198715209961,6611700,0.0,0.0
2002-09-24 00:00:00-04:00,46.0719436605232,48.0573812812781,46.0719436605232,46.52094650268555,7503500,0.0,0.0
2002-09-25 00:00:00-04:00,47.18045496926411,47.32076644897461,45.25114268427562,47.32076644897461,6753300,0.0,0.0
2002-09-26 00:00:00-04:00,47.32075989801515,48.05039126708918,46.66830143786023,47.73468780517578,4668600,0.0,0.0
2002-09-27 00:00:00-04:00,47.39090654214788,48.331004815232156,46.30347432235041,46.394676208496094,4589500,0.0,0.0
2002-09-30 00:00:00-04:00,46.26840102367561,46.82264030889311,45.24411252844497,46.324527740478516,6261500,0.0,0.0
2002-10-01 00:00:00-04:00,46.65427567115826,48.26788433914644,45.65805031737609,48.02233123779297,5385500,0.0,0.0
2002-10-02 00:00:00-04:00,48.02934148743114,48.02934148743114,45.88254526105288,45.9877815246582,6330000,0.0,0.0
2002-10-03 00:00:00-04:00,45.88255569011839,45.88957286996407,44.0233991189687,44.12863540649414,7632400,0.0,0.0
2002-10-04 00:00:00-04:00,44.374177388650644,44.83019767342921,42.91491461837494,43.53229522705078,6589200,0.0,0.0
2002-10-07 00:00:00-04:00,43.18149914703634,43.74275287247846,41.673129927177456,41.76433181762695,6671000,0.0,0.0
2002-10-08 00:00:00-04:00,42.4097817413051,43.84799545704224,41.25219359073149,43.216583251953125,6731400,0.0,0.0
2002-10-09 00:00:00-04:00,42.30456244895123,42.935974907283324,41.287288011091896,41.58896255493164,6286300,0.0,0.0
2002-10-10 00:00:00-04:00,41.58192593318383,43.24464095404137,41.09082791305706,42.85176467895508,6496500,0.0,0.0
2002-10-11 00:00:00-04:00,43.98831904632883,45.70014419398848,43.98831904632883,45.04066848754883,6291000,0.0,0.0
2002-10-14 00:00:00-04:00,44.61972064471093,46.17720235344079,44.48642369738344,45.8123893737793,4544900,0.0,0.0
2002-10-15 00:00:00-04:00,47.70662427629743,49.186933193073905,47.180448273250036,49.10976028442383,8429200,0.0,0.0
2002-10-16 00:00:00-04:00,48.4081755806418,48.65372322684775,47.35582393758437,47.706607818603516,6362800,0.0,0.0
2002-10-17 00:00:00-04:00,49.59383652495474,50.84964370727539,49.28514493638434,50.84964370727539,7545300,0.0,0.0
2002-10-18 00:00:00-04:00,49.70608789979982,50.79352035703231,49.12378522005497,49.49562072753906,6406100,0.0,0.0
2002-10-21 00:00:00-04:00,49.109774225064896,52.50536175940704,48.68883437364389,52.407142639160156,8094700,0.0,0.0
2002-10-22 00:00:00-04:00,51.02504096721974,51.82482802723053,50.61813025878229,50.863677978515625,4943700,0.0,0.0
2002-10-23 00:00:00-04:00,50.407652819173975,52.13350922027393,50.00775932809641,52.105445861816406,4837100,0.0,0.0
2002-10-24 00:00:00-04:00,52.18976233002433,52.6324687604387,50.55246801049738,50.945980072021484,4184700,0.12,0.0
2002-10-25 00:00:00-04:00,50.9459664537606,52.17569667850655,50.594614960976045,51.99299240112305,3831800,0.0,0.0
2002-10-28 00:00:00-05:00,52.63247453992734,52.94868885820367,51.45193286452185,51.70490646362305,3720600,0.0,0.0
2002-10-29 00:00:00-05:00,51.64167299171229,51.782216892860674,50.03248151167434,50.85464859008789,6480400,0.0,0.0
2002-10-30 00:00:00-05:00,50.84758377075195,51.255152751445465,50.243258830054074,50.84758377075195,4184800,0.0,0.0
2002-10-31 00:00:00-05:00,50.84761269581194,51.121666561886805,50.25031594567955,50.31355667114258,2815700,0.0,0.0
2002-11-01 00:00:00-05:00,50.313537265547254,52.16867288709489,49.89191650814075,51.6135368347168,3859700,0.0,0.0
2002-11-04 00:00:00-05:00,52.68869975530216,54.81086152196781,51.61355912203924,53.37734603881836,6394800,0.0,0.0
2002-11-05 00:00:00-05:00,53.377334107037896,54.09409436899113,52.98382203299294,53.92544174194336,3444500,0.0,0.0
2002-11-06 00:00:00-05:00,53.925444936529836,54.17841853088793,52.55517576809035,53.791934967041016,5795400,0.0,0.0
2002-11-07 00:00:00-05:00,53.79898020074183,55.16222675589915,51.71897840844967,52.03519821166992,4406900,0.0,0.0
2002-11-08 00:00:00-05:00,52.07030871374229,52.66760539208369,51.177877962978116,51.353553771972656,2810500,0.0,0.0
2002-11-11 00:00:00-05:00,51.36059182268503,51.36762035821694,50.10978055809409,50.4400520324707,3222000,0.0,0.0
2002-11-12 00:00:00-05:00,50.44004473437727,51.35356121808615,50.08869306544324,50.643829345703125,3742600,0.0,0.0
2002-11-13 00:00:00-05:00,50.64381175754482,51.33246314842128,49.99732619791329,50.93894577026367,4128900,0.0,0.0
2002-11-14 00:00:00-05:00,51.578417495165894,52.80814813195227,51.578417495165894,52.69571304321289,3404000,0.0,0.0
2002-11-15 00:00:00-05:00,52.69571362812059,53.152471799094016,51.55030929517508,52.87841796875,4074800,0.0,0.0
2002-11-18 00:00:00-05:00,53.19463891384276,53.82004443662314,52.667611426474956,52.99788284301758,4271100,0.0,0.0
2002-11-19 00:00:00-05:00,53.00491345142691,53.68653655288698,52.36545083502176,52.758968353271484,2429300,0.0,0.0
2002-11-20 00:00:00-05:00,52.76600117834139,54.74060158174714,52.372488949313414,54.396278381347656,3704200,0.0,0.0
2002-11-21 00:00:00-05:00,54.63519910287096,56.91898556054724,54.63519910287096,56.18114471435547,6904100,0.0,0.0
2002-11-22 00:00:00-05:00,55.520589201753786,56.41302003330496,55.51356066762168,55.590858459472656,3367500,0.0,0.0
2002-11-25 00:00:00-05:00,55.597868473185784,56.145976006491786,54.6562435775789,55.51354217529297,3859400,0.0,0.0
2002-11-26 00:00:00-05:00,55.52057088056198,55.52057088056198,53.83408244582855,53.988677978515625,3379000,0.0,0.0
2002-11-27 00:00:00-05:00,54.38923354786367,56.462206026162434,54.38923354786367,55.963287353515625,3681900,0.0,0.0
2002-11-29 00:00:00-05:00,55.97034151908686,56.216286701163874,55.38006772089914,55.42223358154297,1176800,0.0,0.0
2002-12-02 00:00:00-05:00,55.42924372640332,56.84870763417826,54.92330176844562,55.35897445678711,3595200,0.0,0.0
2002-12-03 00:00:00-05:00,55.365993155652184,55.43626241278419,54.564911829705856,55.162208557128906,3521300,0.0,0.0
2002-12-04 00:00:00-05:00,55.16923553539118,55.16923553539118,53.054097179802,53.65139389038086,5014400,0.0,0.0
2002-12-05 00:00:00-05:00,53.3000586947684,53.63033019317372,52.03519562829107,52.3162727355957,3153700,0.0,0.0
2002-12-06 00:00:00-05:00,51.36760898356813,52.843284807596106,51.304368261390074,52.35139465332031,4222000,0.0,0.0
2002-12-09 00:00:00-05:00,52.35840571270704,52.35840571270704,50.96705131594691,51.6135368347168,3096700,0.0,0.0
2002-12-10 00:00:00-05:00,51.655703702875854,52.604351766431876,50.99516110755291,52.00002670288086,3444100,0.0,0.0
2002-12-11 00:00:00-05:00,52.00705812760802,52.33030091147905,51.18489142300646,51.62759780883789,2576100,0.0,0.0
2002-12-12 00:00:00-05:00,51.747069146800484,52.4849097358011,51.402746040493795,52.16166687011719,2533100,0.0,0.0
2002-12-13 00:00:00-05:00,52.168692276565345,52.168692276565345,51.06544829339765,51.367610931396484,2396900,0.0,0.0
2002-12-16 00:00:00-05:00,51.36761624723288,52.548158145630524,51.325455759819114,52.37248229980469,3449100,0.0,0.0
2002-12-17 00:00:00-05:00,52.21087797933238,53.22979602274538,52.105471370413106,52.48493194580078,2768200,0.0,0.0
2002-12-18 00:00:00-05:00,52.07033574742597,52.59736344802988,51.086549634058066,51.78925323486328,3051500,0.0,0.0
2002-12-19 00:00:00-05:00,51.789238385683085,52.16869886466211,49.20328966172346,49.40005111694336,7784500,0.0,0.0
2002-12-20 00:00:00-05:00,49.54059212637148,50.8757297240034,49.54059212637148,50.49626922607422,6796800,0.0,0.0
2002-12-23 00:00:00-05:00,49.913006113843856,50.28543794216996,49.44219626902405,49.64598083496094,2713800,0.0,0.0
2002-12-24 00:00:00-05:00,49.653039816853266,49.653039816853266,48.52870974824797,48.746551513671875,2116300,0.0,0.0
2002-12-26 00:00:00-05:00,49.13369818216242,49.72498936748566,48.80285438397302,48.95771789550781,2056700,0.12,0.0
2002-12-27 00:00:00-05:00,48.96474812333943,49.20408408083469,47.52874848984264,47.81031799316406,2594400,0.0,0.0
2002-12-30 00:00:00-05:00,48.04260354602258,48.26081731609957,47.162702382176015,47.965171813964844,3156200,0.0,0.0
2002-12-31 00:00:00-05:00,48.00739509332434,48.183375288491206,47.32459644728797,47.93700408935547,2286100,0.0,0.0
2003-01-02 00:00:00-05:00,47.937030543798684,49.83762092275079,47.866639500983936,49.02811050415039,4025400,0.0,0.0
2003-01-03 00:00:00-05:00,49.03513547272252,49.69681750728323,49.00697799054049,49.541954040527344,2342800,0.0,0.0
2003-01-06 00:00:00-05:00,49.28854728803838,51.695961249740286,49.27447123070286,51.386234283447266,4337600,0.0,0.0
2003-01-07 00:00:00-05:00,50.75270113267544,51.73819157001193,50.33034962252861,51.175052642822266,4606900,0.0,0.0
2003-01-08 00:00:00-05:00,51.18210035336515,51.224333899006304,49.753141440596174,49.922080993652344,3265200,0.0,0.0
2003-01-09 00:00:00-05:00,51.03423300058742,51.94933174051684,50.47109448824826,51.89301681518555,3924000,0.0,0.0
2003-01-10 00:00:00-05:00,51.37920207686385,53.32202591081755,51.24546071331257,52.737770080566406,5156300,0.0,0.0
2003-01-13 00:00:00-05:00,52.934868491427714,53.31498655803301,52.23094733930505,52.38581085205078,3096400,0.0,0.0
2003-01-14 00:00:00-05:00,52.019763601779026,53.2164271680218,51.75227018143714,52.5828971862793,2850200,0.0,0.0
2003-01-15 00:00:00-05:00,52.322454319259215,52.477317813633725,51.47774581462325,51.7452392578125,3401000,0.0,0.0
2003-01-16 00:00:00-05:00,51.70298790436713,52.37171598098307,51.49181485687546,51.82265853881836,3552900,0.0,0.0
2003-01-17 00:00:00-05:00,51.82971305544991,51.82971305544991,50.65416600766641,51.090599060058594,4294400,0.0,0.0
2003-01-21 00:00:00-05:00,51.386219938036426,51.63259115131264,49.97837829589844,49.97837829589844,3094300,0.0,0.0
2003-01-22 00:00:00-05:00,49.98544779182304,50.372601244058394,49.28152656540303,49.45046615600586,3137900,0.0,0.0
2003-01-23 00:00:00-05:00,49.978397154549775,50.823100310373654,49.49268988618061,50.62600326538086,3456400,0.0,0.0
2003-01-24 00:00:00-05:00,50.343945648205086,50.71059385795751,48.36261868137047,48.757476806640625,4135700,0.12,0.0
2003-01-27 00:00:00-05:00,48.475439749813866,49.11002840061362,47.728038327463885,48.22865676879883,3978400,0.0,0.0
2003-01-28 00:00:00-05:00,48.235734379714046,49.03249281339127,47.78446691999882,48.68699645996094,3276600,0.0,0.0
2003-01-29 00:00:00-05:00,48.69404391224834,49.36388993390553,47.59409325620156,49.0113410949707,3779200,0.0,0.0
2003-01-30 00:00:00-05:00,49.01836635306144,49.194640693970626,47.424850184457895,47.523563385009766,3152200,0.0,0.0
2003-01-31 00:00:00-05:00,47.34023518686133,48.54595099806424,47.20626497023907,48.017127990722656,4561800,0.0,0.0
2003-02-03 00:00:00-05:00,48.01711345184048,49.18052479162113,48.01711345184048,48.82797622680664,3164500,0.0,0.0
2003-02-04 00:00:00-05:00,48.83505061426568,48.83505061426568,47.26973342349337,47.608177185058594,3723200,0.0,0.0
2003-02-05 00:00:00-05:00,47.61523264560136,48.63762723392358,47.53062438964844,47.53062438964844,3566500,0.0,0.0
2003-02-06 00:00:00-05:00,47.537642832080074,47.87609179025016,46.90305439767597,46.994720458984375,3651600,0.0,0.0
2003-02-07 00:00:00-05:00,47.001799885263274,47.770353544649375,46.17683175779488,46.32490158081055,3519900,0.0,0.0
2003-02-10 00:00:00-05:00,46.324918156781735,46.7127240554446,45.60572084772451,46.35312271118164,3764900,0.0,0.0
2003-02-11 00:00:00-05:00,46.74796424149712,47.213325772669265,45.71147010368026,45.86659240722656,3837700,0.0,0.0
2003-02-12 00:00:00-05:00,45.87362716846458,46.57167734664417,45.1544303121325,45.3377571105957,3376400,0.0,0.0
2003-02-13 00:00:00-05:00,45.40827314020391,46.04286186916981,44.949958759313745,45.77492141723633,3704700,0.0,0.0
2003-02-14 00:00:00-05:00,45.831338957657664,47.03000259399414,45.337772843746684,47.03000259399414,4641100,0.0,0.0
2003-02-18 00:00:00-05:00,47.41074543615746,48.57415716724063,47.38254089595027,47.94662094116211,3094400,0.0,0.0
2003-02-19 00:00:00-05:00,47.953676688736,48.228664250161806,47.50241477360308,48.10879898071289,3237300,0.0,0.0
2003-02-20 00:00:00-05:00,48.2286610651688,48.489543648568336,47.67163349870411,47.7632942199707,2627300,0.0,0.0
2003-02-21 00:00:00-05:00,47.7632846054005,48.51069132334733,47.18510509498781,48.29916000366211,3929700,0.0,0.0
2003-02-24 00:00:00-05:00,48.30622306572187,48.30622306572187,46.53642713363173,46.67744445800781,3699700,0.0,0.0
2003-02-25 00:00:00-05:00,46.67745076915216,47.12166562198361,45.725570252246925,46.95243835449219,4219700,0.0,0.0
2003-02-26 00:00:00-05:00,46.95242987424932,47.213317829911915,46.35309820366503,46.874874114990234,3781300,0.0,0.0
2003-02-27 00:00:00-05:00,47.029992334401115,47.94662106537858,46.75500479100107,47.72804260253906,3784900,0.0,0.0
2003-02-28 00:00:00-05:00,47.87612291002413,48.96902084350586,47.805614233584535,48.96902084350586,4339200,0.0,0.0
2003-03-03 00:00:00-05:00,48.96902897674968,49.74464068480781,47.763312657133966,47.96073913574219,4351200,0.0,0.0
2003-03-04 00:00:00-05:00,47.96072889810403,47.96072889810403,46.31785583496094,46.31785583496094,5546500,0.0,0.0
2003-03-05 00:00:00-05:00,46.39540286989278,47.312026100170115,46.23322812959728,46.74795150756836,5803600,0.0,0.0
2003-03-06 00:00:00-05:00,46.3813199456796,46.54349476301746,45.887753770247585,46.25440216064453,4216700,0.0,0.0
2003-03-07 00:00:00-05:00,45.23906006587889,47.22743488349527,45.23906006587889,47.01590347290039,4778400,0.0,0.0
2003-03-10 00:00:00-05:00,47.02296590382768,47.02296590382768,45.06279252844367,45.36598205566406,4335200,0.0,0.0
2003-03-11 00:00:00-05:00,45.365969528449995,45.96530669329184,44.364732392462,44.385887145996094,4190400,0.0,0.0
2003-03-12 00:00:00-05:00,44.39293361481636,44.407035886205804,43.02504556683882,44.315372467041016,8550000,0.0,0.0
2003-03-13 00:00:00-05:00,44.63266068014261,47.1639602154245,44.63266068014261,47.08639907836914,7046700,0.0,0.0
2003-03-14 00:00:00-05:00,47.08639981395205,47.6434273617489,46.53642474585196,46.97358703613281,4670000,0.0,0.0
2003-03-17 00:00:00-05:00,46.97359359525491,48.891454121707426,46.4729750561971,48.581214904785156,6144200,0.0,0.0
2003-03-18 00:00:00-05:00,48.581213922617906,49.15939359908386,48.094694975292555,49.0606803894043,5054000,0.0,0.0
2003-03-19 00:00:00-05:00,49.21580036270587,50.047815504659376,48.503650486927704,49.54719161987305,6370000,0.0,0.0
2003-03-20 00:00:00-05:00,49.342737463464616,49.68823381656308,48.0665070188491,49.413246154785156,6615800,0.0,0.0
2003-03-21 00:00:00-05:00,49.610663818394855,50.83753204345703,49.22991049762369,50.83753204345703,6861800,0.0,0.0
2003-03-24 00:00:00-05:00,50.8375238434863,50.8375238434863,49.08183274156417,49.300411224365234,5603800,0.0,0.0
2003-03-25 00:00:00-05:00,49.427327740314844,50.26639538601352,49.21580174338892,49.84333801269531,4289600,0.0,0.0
2003-03-26 00:00:00-05:00,49.843336292324345,50.40741097745714,49.730518127618076,50.097171783447266,3662500,0.0,0.0
2003-03-27 00:00:00-05:00,49.88563138750989,50.083057760555214,49.26514773230099,49.76576614379883,4050900,0.0,0.0
2003-03-28 00:00:00-05:00,49.76577237898581,50.01960785598022,49.26515390476514,49.43437576293945,2553300,0.0,0.0
2003-03-31 00:00:00-05:00,47.953672270317256,49.00426581536014,47.9466197905682,48.003028869628906,4591300,0.0,0.0
2003-04-01 00:00:00-05:00,48.28505683954607,49.37795423150086,47.98891193809106,49.0888671875,4231600,0.0,0.0
2003-04-02 00:00:00-05:00,50.41448328820153,51.380469030472156,50.09719148922394,51.049072265625,7036500,0.0,0.0
2003-04-03 00:00:00-05:00,50.94327385551434,51.68362808409322,50.55546823493211,51.0137825012207,4748300,0.0,0.0
2003-04-04 00:00:00-05:00,51.013805100634194,51.422762958152575,50.66125633645639,50.809326171875,3704800,0.0,0.0
2003-04-07 00:00:00-04:00,51.8246672809432,52.282981740953815,50.85163464819488,50.985599517822266,4627000,0.0,0.0
2003-04-08 00:00:00-04:00,50.98559060348356,51.472109524528136,50.336902295068235,51.26057815551758,3343200,0.0,0.0
2003-04-09 00:00:00-04:00,51.26057441015469,52.000928768131345,50.668295227345986,50.70355224609375,4197600,0.0,0.0
2003-04-10 00:00:00-04:00,50.710590483165,51.183004326808934,50.484959589225745,51.0137825012207,3458700,0.0,0.0
2003-04-11 00:00:00-04:00,51.19711106627284,51.78234306699614,50.63303112205145,51.063140869140625,2858600,0.0,0.0
2003-04-14 00:00:00-04:00,51.06313880557155,52.52974229770658,50.99263016025953,52.52268981933594,3678500,0.0,0.0
2003-04-15 00:00:00-04:00,52.52270310510738,54.010459029221764,51.972728001305136,53.96815490722656,6723400,0.0,0.0
2003-04-16 00:00:00-04:00,53.975197216237206,54.433506130064075,52.78358112957096,53.023311614990234,6181600,0.0,0.0
2003-04-17 00:00:00-04:00,53.02329429009956,53.93287010066218,52.76241183290962,53.65788269042969,4484200,0.0,0.0
2003-04-21 00:00:00-04:00,53.65793501346142,54.16560622876688,53.516917622307076,53.83420944213867,3176100,0.0,0.0
2003-04-22 00:00:00-04:00,53.83417914407654,55.27257831808312,52.82588976433267,55.23027420043945,5508800,0.0,0.0
2003-04-23 00:00:00-04:00,55.230272596153426,55.63217784049091,54.602736431827616,55.30078125,4008300,0.0,0.0
2003-04-24 00:00:00-04:00,55.30079798453503,55.30079798453503,54.01046824876164,54.53929138183594,3307100,0.0,0.0
2003-04-25 00:00:00-04:00,54.539291848987496,54.63815844537268,53.31757549676286,53.5788688659668,2820700,0.12,0.0
2003-04-28 00:00:00-04:00,53.931963789853405,54.51809991162705,53.32463735134797,54.03083038330078,3606000,0.0,0.0
2003-04-29 00:00:00-04:00,54.0308357906507,55.08306200497503,53.14809441236584,53.988460540771484,5327400,0.0,0.0
2003-04-30 00:00:00-04:00,53.84017791385611,54.28508315949676,53.40939955198398,53.600074768066406,3968900,0.0,0.0
2003-05-01 00:00:00-04:00,53.600043326361515,53.600043326361515,52.611372167791174,53.197513580322266,4106200,0.0,0.0
2003-05-02 00:00:00-04:00,53.19753174616572,54.362751531385214,52.27241504788205,54.09439468383789,4131500,0.0,0.0
2003-05-05 00:00:00-04:00,54.09439386574894,54.50398718320218,53.63536724362557,54.0167121887207,3548700,0.0,0.0
2003-05-06 00:00:00-04:00,54.01670810438699,55.026564441570294,53.67773843737238,54.518104553222656,3850100,0.0,0.0
2003-05-07 00:00:00-04:00,53.96727480345463,54.99831607134812,53.84722327087969,54.518104553222656,3728100,0.0,0.0
2003-05-08 00:00:00-04:00,54.525160564859725,54.525160564859725,52.25828169464455,52.30065155029297,7119900,0.0,0.0
2003-05-09 00:00:00-04:00,52.300673197566844,52.985681549141496,52.272424819500884,52.96449661254883,3849200,0.0,0.0
2003-05-12 00:00:00-04:00,52.96448703210076,53.67068019252877,52.427778721584126,53.31052017211914,3895100,0.0,0.0
2003-05-13 00:00:00-04:00,52.64667301601209,53.60709561163621,52.64667301601209,52.92914581298828,4053300,0.0,0.0
2003-05-14 00:00:00-04:00,52.964457606521925,53.21162399778771,52.50543122970075,52.92914581298828,3434300,0.0,0.0
2003-05-15 00:00:00-04:00,52.71727209722333,53.81186725810687,52.71727209722333,53.741249084472656,4318500,0.0,0.0
2003-05-16 00:00:00-04:00,53.105722636384144,54.3062542220795,53.105722636384144,54.16501235961914,4444000,0.0,0.0
2003-05-19 00:00:00-04:00,54.16499195530602,54.16499195530602,52.50543975830078,52.50543975830078,3981600,0.0,0.0
2003-05-20 00:00:00-04:00,52.54077008367385,52.83030646604335,51.707461972633816,52.57607650756836,4447500,0.0,0.0
2003-05-21 00:00:00-04:00,52.54075469312081,53.1339541639149,52.04641641296796,53.03508758544922,3241500,0.0,0.0
2003-05-22 00:00:00-04:00,53.21165245900991,53.93197248491592,53.162219154316446,53.691864013671875,3193500,0.0,0.0
2003-05-23 00:00:00-04:00,53.69185859017642,54.03789168807733,53.56474362125815,53.77660369873047,2052500,0.0,0.0
2003-05-27 00:00:00-04:00,53.776618855706566,55.605656847952524,53.119858895824855,55.42205047607422,4096000,0.0,0.0
2003-05-28 00:00:00-04:00,55.422038452618054,56.42483139038086,55.40084813323495,56.42483139038086,4746800,0.0,0.0
2003-05-29 00:00:00-04:00,56.43189670733345,57.25814139250292,56.01523995082099,56.205909729003906,5041500,0.0,0.0
2003-05-30 00:00:00-04:00,56.389524884749434,57.674796269128834,56.37540339165798,57.554744720458984,3850100,0.0,0.0
2003-06-02 00:00:00-04:00,57.55474563129495,59.65920373177001,57.55474563129495,58.99538040161133,7151600,0.0,0.0
2003-06-03 00:00:00-04:00,58.967117815132596,59.25665954265642,58.409224676689924,58.61402130126953,4236300,0.0,0.0
2003-06-04 00:00:00-04:00,58.30330352470431,60.44306786255392,58.29624547258626,60.202964782714844,4663300,0.0,0.0
2003-06-05 00:00:00-04:00,60.2029373430097,61.78480773645243,59.70860452875372,61.650634765625,5971400,0.0,0.0
2003-06-06 00:00:00-04:00,62.321539456615064,63.20428080869177,61.79189464536905,62.63932418823242,9050400,0.0,0.0
2003-06-09 00:00:00-04:00,62.3568644616429,62.63933744382321,61.50942935162164,61.82015609741211,4954800,0.0,0.0
2003-06-10 00:00:00-04:00,62.07437295559872,62.78056603726008,61.608282935545915,62.63932418823242,4662700,0.0,0.0
2003-06-11 00:00:00-04:00,62.63931129371452,63.479682612002414,62.335648115597216,63.37375259399414,5230300,0.0,0.0
2003-06-12 00:00:00-04:00,63.37380222892469,63.91051078945024,62.97127215548771,63.80458068847656,4612900,0.0,0.0
2003-06-13 00:00:00-04:00,63.80454138762693,64.05170787910242,62.71700343730928,62.97123336791992,4594100,0.0,0.0
2003-06-16 00:00:00-04:00,63.55734903304304,64.61663818359375,63.246622491444725,64.61663818359375,4889800,0.0,0.0
2003-06-17 00:00:00-04:00,64.61663818359375,64.9556130824122,64.05168181483741,64.61663818359375,3906200,0.0,0.0
2003-06-18 00:00:00-04:00,63.62798512876459,63.84690861184127,62.427459242265634,62.780555725097656,5603300,0.0,0.0
2003-06-19 00:00:00-04:00,62.78055920969881,63.027725683835115,60.34419011023368,60.67610168457031,5506700,0.0,0.0
2003-06-20 00:00:00-04:00,61.26225719728332,61.721283833099115,60.739675762635606,60.90916061401367,3792200,0.0,0.0
2003-06-23 00:00:00-04:00,60.90917526852284,60.90917526852284,59.74395518582036,60.22416687011719,3513300,0.0,0.0
2003-06-24 00:00:00-04:00,60.59136366289581,61.48116299461487,60.492497070482585,61.156314849853516,3866900,0.0,0.0
2003-06-25 00:00:00-04:00,60.64077418004864,61.015055480421864,59.75803323093323,59.87102127075195,7199400,0.0,0.0
2003-06-26 00:00:00-04:00,60.02641434148445,60.450129129859164,58.83294626164948,59.426151275634766,6423200,0.0,0.0
2003-06-27 00:00:00-04:00,59.433213851025386,59.7439351511411,57.943145979779814,58.176185607910156,5158400,0.0,0.0
2003-06-30 00:00:00-04:00,58.68462741874756,59.143653869628906,58.04905274735986,59.143653869628906,5715700,0.0,0.0
2003-07-01 00:00:00-04:00,59.14364793796169,60.626651763916016,58.16204036142021,60.626651763916016,6162300,0.0,0.0
2003-07-02 00:00:00-04:00,60.245338737620415,60.873850239672905,59.73687878363944,60.30889892578125,5484800,0.0,0.0
2003-07-03 00:00:00-04:00,58.80470347790453,60.18178340574469,58.80470347790453,59.81455993652344,2837600,0.0,0.0
2003-07-07 00:00:00-04:00,60.52078644550563,62.29333380459492,60.45016816647799,61.961421966552734,4436600,0.0,0.0
2003-07-08 00:00:00-04:00,61.96843313016583,62.427459638324606,61.50940662200705,62.18735122680664,3994900,0.0,0.0
2003-07-09 00:00:00-04:00,62.19444438136166,62.60403779282546,61.841347727581294,62.307437896728516,4381900,0.0,0.0
2003-07-10 00:00:00-04:00,62.30746101544941,62.30746101544941,60.73264698462186,61.121055603027344,3643900,0.0,0.0
2003-07-11 00:00:00-04:00,61.43170425085979,62.10964862707161,61.16335295230396,61.66474914550781,3028300,0.0,0.0
2003-07-14 00:00:00-04:00,61.671817103001274,63.80451693945815,61.671817103001274,63.16188430786133,5519000,0.0,0.0
2003-07-15 00:00:00-04:00,63.522083341504,63.74100692189079,62.039078531988466,62.15913009643555,5177400,0.0,0.0
2003-07-16 00:00:00-04:00,62.674632123912,62.674632123912,61.27636753799736,61.622406005859375,3544200,0.0,0.0
2003-07-17 00:00:00-04:00,61.4034818981648,61.43879370484941,60.633734080432575,61.04332733154297,3178300,0.0,0.0
2003-07-18 00:00:00-04:00,61.04331856086942,61.933117772963016,60.57016520327422,61.92605972290039,2949400,0.0,0.0
2003-07-21 00:00:00-04:00,61.85547219633378,61.92609584074645,60.16767054116118,60.52076721191406,2958400,0.0,0.0
2003-07-22 00:00:00-04:00,60.69729103037567,61.304617489784896,60.174709677334754,60.84559631347656,3244700,0.0,0.0
2003-07-23 00:00:00-04:00,60.94444156253901,61.02918125139902,60.224121880287626,60.803199768066406,2417900,0.0,0.0
2003-07-24 00:00:00-04:00,61.347003767188006,61.50942518214912,60.30889892578124,60.30889892578125,2893700,0.0,0.0
2003-07-25 00:00:00-04:00,60.464697630280575,61.46335033070364,60.02557056695707,61.2083740234375,3025400,0.25,0.0
2003-07-28 00:00:00-04:00,61.23674436431981,61.83169126177928,61.1092561294104,61.26507568359375,2211400,0.0,0.0
2003-07-29 00:00:00-04:00,61.26505386354183,62.214128404788276,60.89675765144559,61.498783111572266,3983000,0.0,0.0
2003-07-30 00:00:00-04:00,61.65459026846377,61.867066939340226,60.988818145034905,61.58375930786133,3306300,0.0,0.0
2003-07-31 00:00:00-04:00,62.29201670732971,63.10652400407993,61.64749720715467,61.71832275390625,4138500,0.0,0.0
2003-08-01 00:00:00-04:00,61.583783129086726,61.654614117087306,60.16017105152308,60.27349090576172,3897500,0.0,0.0
2003-08-04 00:00:00-04:00,60.27347160509292,60.592194738097405,59.09066797382033,59.95475387573242,4024700,0.0,0.0
2003-08-05 00:00:00-04:00,60.09639968344396,60.54261094945322,58.715282440185554,58.71528244018555,3488600,0.0,0.0
2003-08-06 00:00:00-04:00,58.786114674924264,60.29472025078815,58.757783368812305,59.5297966003418,4479100,0.0,0.0
2003-08-07 00:00:00-04:00,59.53683794606312,60.04679032820648,59.17562617841218,60.025543212890625,2808700,0.0,0.0
2003-08-08 00:00:00-04:00,60.351389001064774,60.98174576614507,60.34430482290526,60.78343200683594,2859900,0.0,0.0
2003-08-11 00:00:00-04:00,60.77635017887168,60.903838372449556,59.97601093252689,60.74094009399414,2574600,0.0,0.0
2003-08-12 00:00:00-04:00,60.747996917670086,62.10078811645508,60.747996917670086,62.10078811645508,3216100,0.0,0.0
2003-08-13 00:00:00-04:00,62.25663344247266,62.327459019720585,61.53419850506643,61.90250015258789,3118200,0.0,0.0
2003-08-14 00:00:00-04:00,61.73253107320969,62.36288803360637,61.22965693731693,62.292057037353516,2885400,0.0,0.0
2003-08-15 00:00:00-04:00,62.2991409612412,62.497454781181546,61.66878400343952,62.15748977661133,991200,0.0,0.0
2003-08-18 00:00:00-04:00,62.157464761282526,62.844484077903125,61.52710805716848,62.5186767578125,2899000,0.0,0.0
2003-08-19 00:00:00-04:00,62.55409631373509,63.10654331252728,62.25662568417691,63.05696487426758,2410300,0.0,0.0
2003-08-20 00:00:00-04:00,62.610730202067444,62.8090438641134,62.04411510738585,62.11494064331055,2535400,0.0,0.0
2003-08-21 00:00:00-04:00,62.504525980340404,62.73825524971964,61.89541628637068,62.398284912109375,2170400,0.0,0.0
2003-08-22 00:00:00-04:00,63.10652184126562,63.10652184126562,61.54125407603711,61.61207962036133,2836200,0.0,0.0
2003-08-25 00:00:00-04:00,61.619189030491626,61.619189030491626,60.92508544311913,61.42795944213867,2005800,0.0,0.0
2003-08-26 00:00:00-04:00,61.427979129867204,61.54129900278386,60.5568086281386,61.272159576416016,2586700,0.0,0.0
2003-08-27 00:00:00-04:00,61.27212820338773,61.27212820338773,60.73384422262177,60.88966369628906,1458500,0.0,0.0
2003-08-28 00:00:00-04:00,61.22963151210371,61.59084890914391,60.372629769042916,61.520023345947266,1741700,0.0,0.0
2003-08-29 00:00:00-04:00,61.5483434138853,62.752393979313744,61.44210238666676,62.67448425292969,2374700,0.0,0.0
2003-09-02 00:00:00-04:00,62.70991972033858,64.19019418622622,62.70991972033858,64.06270599365234,3802000,0.0,0.0
2003-09-03 00:00:00-04:00,64.23975127687368,64.7992823025576,63.7722983285619,64.32474517822266,3810600,0.0,0.0
2003-09-04 00:00:00-04:00,64.38140676027179,64.79928127709447,64.16892471208344,64.63638305664062,3691500,0.0,0.0
2003-09-05 00:00:00-04:00,64.6364170966129,65.31635244379504,63.9848076607066,64.42393493652344,2693200,0.0,0.0
2003-09-08 00:00:00-04:00,64.79225056853613,65.14638397578871,63.79359176633333,64.7001724243164,4167700,0.0,0.0
2003-09-09 00:00:00-04:00,64.59389975889053,65.23842483890644,64.3460075756707,65.01177978515625,3078700,0.0,0.0
2003-09-10 00:00:00-04:00,64.59388053831124,64.60096471390793,63.26234191919757,63.34733581542969,4240700,0.0,0.0
2003-09-11 00:00:00-04:00,63.3473397395514,64.06976898952665,62.90112851124508,63.63064193725586,3226500,0.0,0.0
2003-09-12 00:00:00-04:00,63.60232883659657,64.39558379559345,63.17736464725494,64.26101684570312,2838900,0.0,0.0
2003-09-15 00:00:00-04:00,63.69436276951932,64.26805651092283,63.17732620239258,63.17732620239258,2756500,0.0,0.0
2003-09-16 00:00:00-04:00,63.37568757031059,64.52307581975847,63.35443503666072,64.40267181396484,3992000,0.0,0.0
2003-09-17 00:00:00-04:00,64.23977312520607,65.15343761178896,64.02729640503358,64.45225524902344,3188300,0.0,0.0
2003-09-18 00:00:00-04:00,64.94802989656276,66.21582746303555,64.49473981067399,66.04584503173828,5804300,0.0,0.0
2003-09-19 00:00:00-04:00,66.04581783761006,66.39286673467537,65.72710023470299,66.38578796386719,3771500,0.0,0.0
2003-09-22 00:00:00-04:00,65.79793496073904,65.93958604767815,65.20298850758108,65.6279525756836,3700400,0.0,0.0
2003-09-23 00:00:00-04:00,64.3106003382158,64.7001436708883,63.02863429920081,63.07821273803711,10655700,0.0,0.0
2003-09-24 00:00:00-04:00,63.08529817701411,63.08529817701411,60.70552225801526,60.78343200683594,9448500,0.0,0.0
2003-09-25 00:00:00-04:00,60.78342018465263,61.23671023309419,60.36554561647578,60.57093811035156,5768300,0.0,0.0
2003-09-26 00:00:00-04:00,60.92507332725102,61.05964567236591,59.63602869588649,59.99016189575195,4020600,0.0,0.0
2003-09-29 00:00:00-04:00,60.30887774662936,60.90381885692477,59.89808198743883,60.20263671875,4695800,0.0,0.0
2003-09-30 00:00:00-04:00,60.025574987171424,60.10348472033122,59.23939888248159,59.42354965209961,5257900,0.0,0.0
2003-10-01 00:00:00-04:00,59.42354572936486,61.002976607573274,59.42354572936486,60.91090393066406,4332500,0.0,0.0
2003-10-02 00:00:00-04:00,60.91093400706793,61.20132593736328,60.48597508309663,60.88260269165039,2957500,0.0,0.0
2003-10-03 00:00:00-04:00,61.08088479263111,62.40534473181516,61.08088479263111,61.378360748291016,4120100,0.0,0.0
2003-10-06 00:00:00-04:00,61.37834316526981,62.327417150864584,61.229602528227964,61.42083740234375,3215900,0.0,0.0
2003-10-07 00:00:00-04:00,61.42085180743338,61.845810488763284,60.79757403141623,61.50584030151367,3785600,0.0,0.0
2003-10-08 00:00:00-04:00,61.512933004700514,61.70416795017747,60.592189968117985,61.09505844116211,2808000,0.0,0.0
2003-10-09 00:00:00-04:00,62.10081168907145,62.64617455820754,61.48461784159861,61.61919021606445,4164200,0.0,0.0
2003-10-10 00:00:00-04:00,61.62626911222716,61.85291417400054,61.215473249124,61.576690673828125,2729900,0.0,0.0
2003-10-13 00:00:00-04:00,62.114966984359846,62.80907049951068,62.05830977377872,62.447853088378906,1987100,0.0,0.0
2003-10-14 00:00:00-04:00,62.44786790634737,62.87282680658608,61.6758598680057,62.78075408935547,3297900,0.0,0.0
2003-10-15 00:00:00-04:00,63.35444227247958,63.48193047071715,62.71700668493679,62.85865783691406,4037000,0.0,0.0
2003-10-16 00:00:00-04:00,62.50450139924261,62.75947770126468,62.07954269708686,62.320350646972656,4122900,0.0,0.0
2003-10-17 00:00:00-04:00,62.34870316759174,62.71700479748079,61.427959900158925,61.739593505859375,3340500,0.0,0.0
2003-10-20 00:00:00-04:00,61.619182301839395,61.78208596598797,60.86842157997166,61.62626647949219,3232600,0.0,0.0
2003-10-21 00:00:00-04:00,61.63334345921758,62.971972007122595,61.63334345921758,62.05830764770508,3029500,0.0,0.0
2003-10-22 00:00:00-04:00,61.265063510054354,61.51295574988616,60.939261508611764,61.24381637573242,3431700,0.0,0.0
2003-10-23 00:00:00-04:00,61.24378760393988,62.45132936398906,61.10172036085037,61.79783630371094,3889600,0.25,0.0
2003-10-24 00:00:00-04:00,61.79786829453161,61.79786829453161,60.384332364742775,60.95969009399414,3396700,0.0,0.0
2003-10-27 00:00:00-05:00,62.15299351427949,62.87751745417769,61.65577173388963,62.64311599731445,4347800,0.0,0.0
2003-10-28 00:00:00-05:00,63.18297238557708,65.52703094482422,62.99829305663483,65.52703094482422,7022300,0.0,0.0
2003-10-29 00:00:00-05:00,65.81114959716797,66.17341431740074,65.34944050970448,65.81114959716797,5216600,0.0,0.0
2003-10-30 00:00:00-05:00,66.37943839832742,66.77011678126274,66.18054955585653,66.365234375,4359700,0.0,0.0
2003-10-31 00:00:00-05:00,66.36522999195081,67.40229704442407,66.36522999195081,66.69908142089844,3561200,0.0,0.0
2003-11-03 00:00:00-05:00,67.2317826192209,68.75897155623704,67.16075170991314,68.32567596435547,5128000,0.0,0.0
2003-11-04 00:00:00-05:00,68.33276948206502,68.33276948206502,67.27439439075901,68.15518951416016,3024200,0.0,0.0
2003-11-05 00:00:00-05:00,68.15519767573988,68.36829583046841,66.95476063408196,67.81424713134766,4089800,0.0,0.0
2003-11-06 00:00:00-05:00,67.81428475755199,68.68087645261296,67.23182228667211,68.56722259521484,3294500,0.0,0.0
2003-11-07 00:00:00-05:00,68.56718595229377,69.17806156106575,68.33277906116494,68.88683319091797,3537700,0.0,0.0
2003-11-10 00:00:00-05:00,68.8868400862835,68.8868400862835,67.89239094320789,68.24755096435547,3144100,0.0,0.0
2003-11-11 00:00:00-05:00,68.25466743614386,68.43935221101569,67.80006292823876,68.26177215576172,1801200,0.0,0.0
2003-11-12 00:00:00-05:00,68.15523278055153,68.79452215470562,67.96344867796229,68.68797302246094,2237700,0.0,0.0
2003-11-13 00:00:00-05:00,68.69506345066253,68.69506345066253,67.13946053375936,68.20494079589844,1991600,0.0,0.0
2003-11-14 00:00:00-05:00,68.2546571619065,68.68085356581209,66.37941249424651,66.6280288696289,3642800,0.0,0.0
2003-11-17 00:00:00-05:00,66.63510462079464,67.26728886538568,66.15919161316955,66.94764709472656,3130100,0.0,0.0
2003-11-18 00:00:00-05:00,67.4803968196667,67.51591498571734,66.3083677910418,66.57829284667969,2454400,0.0,0.0
2003-11-19 00:00:00-05:00,66.27287529632844,66.78430127628772,66.20183894251946,66.72037506103516,2768900,0.0,0.0
2003-11-20 00:00:00-05:00,66.5924901516708,66.72034794953444,65.13633219929665,65.178955078125,3723700,0.0,0.0
2003-11-21 00:00:00-05:00,65.59805179160779,66.27285905220066,65.41336707173576,66.0384521484375,3075500,0.0,0.0
2003-11-24 00:00:00-05:00,66.73455750319238,67.54432181711789,66.41491569165221,67.42356872558594,2544200,0.0,0.0
2003-11-25 00:00:00-05:00,68.15520321953944,68.64532576369533,67.89948758078957,68.36830139160156,3013900,0.0,0.0
2003-11-26 00:00:00-05:00,68.5387757882413,68.68794233902439,67.74322085073142,68.66663360595703,2038900,0.0,0.0
2003-11-28 00:00:00-05:00,68.66663718803994,68.97207502299933,68.02024876759349,68.24755096435547,1040000,0.0,0.0
2003-12-01 00:00:00-05:00,68.35409675512646,69.4479847984649,68.35409675512646,69.24199676513672,3381800,0.0,0.0
2003-12-02 00:00:00-05:00,69.46931745620914,70.14411947584651,69.08574389939075,69.18518829345703,3055100,0.0,0.0
2003-12-03 00:00:00-05:00,69.78892328182448,71.03198298404527,69.54031242524236,70.52765655517578,4459800,0.0,0.0
2003-12-04 00:00:00-05:00,70.59160942920137,70.67684979196319,69.83867185906492,70.1299057006836,2085400,0.0,0.0
2003-12-05 00:00:00-05:00,70.12991015233109,70.54189171688397,69.32724492181512,69.63268280029297,2558100,0.0,0.0
2003-12-08 00:00:00-05:00,69.46932903738664,70.17964935302734,69.22071259146125,70.17964935302734,1822500,0.0,0.0
2003-12-09 00:00:00-05:00,70.17960660458246,70.25063750901676,69.3272194934391,69.75341033935547,2408100,0.0,0.0
2003-12-10 00:00:00-05:00,69.75343863845174,70.6768570286619,69.07153192447265,69.3272476196289,2995400,0.0,0.0
2003-12-11 00:00:00-05:00,69.59004459064406,70.39980887941063,69.22067519126679,69.85285949707031,2323600,0.0,0.0
2003-12-12 00:00:00-05:00,69.96652877328187,70.57740448342606,69.59005999316533,70.42823791503906,1720300,0.0,0.0
2003-12-15 00:00:00-05:00,70.98229020119994,71.58606122267882,69.43379211425781,69.43379211425781,3164600,0.0,0.0
2003-12-16 00:00:00-05:00,69.44091993631763,69.89552453333818,68.83714871396042,69.27043914794922,3629200,0.0,0.0
2003-12-17 00:00:00-05:00,68.92230275861472,69.96647332919554,68.73761816440049,69.85992431640625,4086700,0.0,0.0
2003-12-18 00:00:00-05:00,68.90106246471846,69.41959861828069,67.9989581550906,69.14967346191406,5603100,0.0,0.0
2003-12-19 00:00:00-05:00,68.97207890936785,69.17807238355799,68.0770740882378,68.46064758300781,5135600,0.0,0.0
2003-12-22 00:00:00-05:00,68.46064130144116,69.91679950431218,68.43933256801668,69.71791076660156,3618000,0.0,0.0
2003-12-23 00:00:00-05:00,69.85288174015515,70.17963378184768,69.71792459526065,69.76764678955078,2257200,0.0,0.0
2003-12-24 00:00:00-05:00,69.48351684405476,69.57585651258603,69.22069643764824,69.29173278808594,985900,0.0,0.0
2003-12-26 00:00:00-05:00,69.29171648499893,69.91679611886693,69.29171648499893,69.56874084472656,887100,0.0,0.0
2003-12-29 00:00:00-05:00,69.95230702089766,70.85441092080615,69.75341289416203,70.73365783691406,2480400,0.0,0.0
2003-12-30 00:00:00-05:00,70.96097621677669,70.96097621677669,70.15831106773435,70.43534088134766,1768300,0.0,0.0
2003-12-31 00:00:00-05:00,70.72657198207952,70.73367670047108,69.61136964434566,70.1299057006836,2877800,0.0,0.0
2004-01-02 00:00:00-05:00,70.1795928887523,70.38558084556047,68.60268218967204,68.99335479736328,3042300,0.0,0.0
2004-01-05 00:00:00-05:00,69.11417105557614,69.56877563835397,68.29730158300798,69.0289306640625,4817700,0.0,0.0
2004-01-06 00:00:00-05:00,69.15678064261103,69.37697818806106,68.46066440637846,68.61693572998047,4077800,0.0,0.0
2004-01-07 00:00:00-05:00,68.73057331049155,70.22224441312639,68.51037039782871,70.05886840820312,4457800,0.0,0.0
2004-01-08 00:00:00-05:00,70.12988473189336,70.30746470339997,69.3982506970651,70.14408874511719,3687800,0.0,0.0
2004-01-09 00:00:00-05:00,70.1369902882319,70.14409500513321,69.1070285292987,69.25619506835938,3297300,0.0,0.0
2004-01-12 00:00:00-05:00,69.32723555845493,69.50481557034611,68.51036641989312,69.45509338378906,2844700,0.0,0.0
2004-01-13 00:00:00-05:00,69.50479565490956,69.57582655545093,68.92943831542095,69.37693786621094,3257500,0.0,0.0
2004-01-14 00:00:00-05:00,69.25622133842984,70.67686177614122,69.22780787935802,70.59162139892578,4243200,0.0,0.0
2004-01-15 00:00:00-05:00,71.31615378098266,72.45266509069958,70.99650641870035,71.84178924560547,8331000,0.0,0.0
2004-01-16 00:00:00-05:00,71.84890681855084,72.16144409756204,71.05334604977413,71.37299346923828,6035000,0.0,0.0
2004-01-20 00:00:00-05:00,71.86307562653388,72.13300070438555,70.74787340408865,71.31613159179688,3095900,0.0,0.0
2004-01-21 00:00:00-05:00,71.24511401089059,72.09749603271484,70.58451604721735,72.09749603271484,3296000,0.0,0.0
2004-01-22 00:00:00-05:00,71.79204666156771,72.36030486473989,71.31613353251532,71.51502227783203,3893900,0.0,0.0
2004-01-23 00:00:00-05:00,71.97790723060136,71.97790723060136,70.34722390580961,70.8528060913086,3742700,0.25,0.0
2004-01-26 00:00:00-05:00,70.79577979605584,72.98188949603191,70.74593385890198,72.83235168457031,4096200,0.0,0.0
2004-01-27 00:00:00-05:00,72.76831568463726,73.16708345205893,71.77851323849887,71.95653533935547,3231600,0.0,0.0
2004-01-28 00:00:00-05:00,72.1345483266102,72.27696381618111,69.57102605191237,69.99828338623047,4070300,0.0,0.0
2004-01-29 00:00:00-05:00,70.67475611458737,70.98807667112348,69.64934733523424,70.78157043457031,3872500,0.0,0.0
2004-01-30 00:00:00-05:00,70.78870528270072,71.51503300723026,70.36857033232155,70.88839721679688,2982100,0.0,0.0
2004-02-02 00:00:00-05:00,70.66050984569891,71.53637523193008,70.11932132798117,71.07351684570312,3416300,0.0,0.0
2004-02-03 00:00:00-05:00,71.04505504046477,72.17727838587051,70.63916488255778,72.02774047851562,3663000,0.0,0.0
2004-02-04 00:00:00-05:00,72.02775540506586,72.06335657164058,70.99522378392177,71.03083038330078,3228600,0.0,0.0
2004-02-05 00:00:00-05:00,71.04503950485577,71.32987588016142,70.09084389530406,70.38279724121094,2803100,0.0,0.0
2004-02-06 00:00:00-05:00,70.7032770636908,72.31971577965896,70.59646268816053,72.16305541992188,3196000,0.0,0.0
2004-02-09 00:00:00-05:00,72.16302443515114,72.967687676882,71.82834750363753,72.54043579101562,2518600,0.0,0.0
2004-02-10 00:00:00-05:00,72.38379393199862,72.94634447422428,72.2271335996315,72.76119995117188,2557900,0.0,0.0
2004-02-11 00:00:00-05:00,73.77237319477703,76.37861991323457,73.68692604519123,76.25756072998047,7277700,0.0,0.0
2004-02-12 00:00:00-05:00,76.42847127570623,76.76315378929267,75.83743642970482,76.47831726074219,4058900,0.0,0.0
2004-02-13 00:00:00-05:00,76.44266690301524,76.83431758469922,74.7906225023877,75.3745346069336,4110200,0.0,0.0
2004-02-17 00:00:00-05:00,75.94425883251596,76.77740128450544,75.88729043422467,76.13652038574219,2640300,0.0,0.0
2004-02-18 00:00:00-05:00,76.3073749850692,76.90552647210735,75.68073388496994,76.12223052978516,2413600,0.0,0.0
2004-02-19 00:00:00-05:00,76.26465224555625,76.53524926378414,75.16803566335423,75.31757354736328,2114600,0.0,0.0
2004-02-20 00:00:00-05:00,75.7306307973615,76.19348953060384,75.05414871764191,75.8516845703125,2800500,0.0,0.0
2004-02-23 00:00:00-05:00,75.88725020306633,76.50676898223765,75.42439171974081,75.95845794677734,2724600,0.0,0.0
2004-02-24 00:00:00-05:00,75.23212815839784,75.62377345422522,74.05718140531079,74.28504943847656,3547500,0.0,0.0
2004-02-25 00:00:00-05:00,74.46306960102079,75.48135603656198,74.37050008244516,75.35317993164062,2810400,0.0,0.0
2004-02-26 00:00:00-05:00,75.36027585871103,75.83025112310199,74.4060750944742,75.68783569335938,2160000,0.0,0.0
2004-02-27 00:00:00-05:00,76.04393699639803,76.76314795393414,75.2036722890918,75.3888168334961,3598000,0.0,0.0
2004-03-01 00:00:00-05:00,76.40707920243169,76.90553885522408,75.98694426696146,76.44268035888672,2849600,0.0,0.0
2004-03-02 00:00:00-05:00,76.12222602878593,76.82006938906795,75.76618194580078,75.76618194580078,2993100,0.0,0.0
2004-03-03 00:00:00-05:00,75.76618280568329,76.02253498296609,75.15378654137452,75.84451293945312,3033000,0.0,0.0
2004-03-04 00:00:00-05:00,76.21483795205337,77.51083891809884,76.07242241271831,77.27584838867188,3631900,0.0,0.0
2004-03-05 00:00:00-05:00,76.42130614208368,77.8169983755781,76.25040649362364,77.6532211303711,3893200,0.0,0.0
2004-03-08 00:00:00-05:00,77.66035073882476,77.8241334434867,76.31450424348256,76.44268035888672,2860100,0.0,0.0
2004-03-09 00:00:00-05:00,76.44270401563267,76.44270401563267,74.80490362617658,75.31048583984375,3070800,0.0,0.0
2004-03-10 00:00:00-05:00,75.31043890098725,75.41013080026231,73.55870282869574,73.73672485351562,3450200,0.0,0.0
2004-03-11 00:00:00-05:00,73.74386467338746,74.90457211186607,73.25252742694207,73.33797454833984,3427600,0.0,0.0
2004-03-12 00:00:00-05:00,74.16400098549454,74.85472753791117,73.64417411185225,74.71942901611328,3167300,0.0,0.0
2004-03-15 00:00:00-05:00,74.62685617276175,74.63397314415911,72.88223657434814,73.2169189453125,3343000,0.0,0.0
2004-03-16 00:00:00-05:00,73.7011303067452,74.58411817281055,72.81814244067985,73.38780975341797,4360800,0.0,0.0
2004-03-17 00:00:00-05:00,73.75099516228673,74.44172177758345,72.94633722836969,74.06431579589844,3272900,0.0,0.0
2004-03-18 00:00:00-05:00,73.95040416525828,74.11418694286559,72.91787781055042,73.84358978271484,3203800,0.0,0.0
2004-03-19 00:00:00-05:00,73.42341910331939,74.28504522462649,73.10298156738281,73.10298156738281,3018900,0.0,0.0
2004-03-22 00:00:00-05:00,72.7469484173552,72.7469484173552,71.09489823046367,72.13455200195312,4648000,0.0,0.0
2004-03-23 00:00:00-05:00,73.52312370996712,73.53736308683835,72.19863891601562,72.19863891601562,6971100,0.0,0.0
2004-03-24 00:00:00-05:00,72.27697735590426,72.34818511402915,70.05525944590359,70.66765594482422,6796300,0.0,0.0
2004-03-25 00:00:00-05:00,71.20884443473302,72.61878194497436,70.92400797043335,72.52620697021484,4840900,0.0,0.0
2004-03-26 00:00:00-05:00,72.52619670999674,74.21384804015867,72.28408928091514,73.87916564941406,4545500,0.0,0.0
2004-03-29 00:00:00-05:00,74.19249014653185,74.84048774811122,73.70114742520016,74.21385192871094,3612300,0.0,0.0
2004-03-30 00:00:00-05:00,73.84356687893478,74.52005413668296,73.57297523551759,74.24234008789062,3067700,0.0,0.0
2004-03-31 00:00:00-05:00,74.24943575272384,74.52715515462111,73.8364287171474,74.30640411376953,2480200,0.0,0.0
2004-04-01 00:00:00-05:00,74.22808443358934,75.50984557369615,74.22808443358934,75.48136138916016,3358700,0.0,0.0
2004-04-02 00:00:00-05:00,76.19342679575934,76.54947084620682,74.65531389008174,75.44573211669922,3951700,0.0,0.0
2004-04-05 00:00:00-04:00,75.44576808176673,75.6950033821315,74.86897818358187,75.26774597167969,2880900,0.0,0.0
2004-04-06 00:00:00-04:00,75.26773624834426,75.4742425213045,74.53428611878375,75.18228912353516,2920000,0.0,0.0
2004-04-07 00:00:00-04:00,75.03274869731453,75.31757968083032,74.61261376086401,74.94729614257812,2307100,0.0,0.0
2004-04-08 00:00:00-04:00,75.76621113960559,75.82317951870633,74.94730834664448,75.26774597167969,3014400,0.0,0.0
2004-04-12 00:00:00-04:00,75.33894055678373,75.58104795896722,75.2677273840923,75.35317993164062,1771200,0.0,0.0
2004-04-13 00:00:00-04:00,75.35317025696149,75.61664483680599,73.16705978294847,73.43053436279297,3977600,0.0,0.0
2004-04-14 00:00:00-04:00,72.63302786666156,73.02467871945642,71.55777269764641,72.21289825439453,5584300,0.0,0.0
2004-04-15 00:00:00-04:00,72.3837969970765,73.15285387973312,71.37263263254877,72.44076538085938,3763400,0.0,0.0
2004-04-16 00:00:00-04:00,72.81102960140105,73.84355547641722,72.50483141119308,73.60144805908203,3314300,0.0,0.0
2004-04-19 00:00:00-04:00,73.52312099923029,73.55872758930022,72.4549884907669,72.97481536865234,2497200,0.0,0.0
2004-04-20 00:00:00-04:00,73.0958888155687,73.39496469480508,71.14476776123047,71.14476776123047,2761100,0.0,0.0
2004-04-21 00:00:00-04:00,71.38688446044922,71.67172099622898,70.60358806165867,71.2088623046875,4035800,0.0,0.0
2004-04-22 00:00:00-04:00,71.21594671994981,72.88223060120698,71.20882431633358,72.49058532714844,3700200,0.0,0.0
2004-04-23 00:00:00-04:00,72.13368459401309,72.14795902746513,71.24851722699256,71.67682647705078,3034500,0.25,0.0
2004-04-26 00:00:00-04:00,72.0979550884742,73.00453093930899,72.06940078935352,72.20503234863281,2243900,0.0,0.0
2004-04-27 00:00:00-04:00,71.7767614490434,72.86179807899323,71.7767614490434,72.03374481201172,1888400,0.0,0.0
2004-04-28 00:00:00-04:00,71.56261007475489,71.56261007475489,70.24200439453125,70.24200439453125,3360600,0.0,0.0
2004-04-29 00:00:00-04:00,70.61318414986003,71.26991687654606,69.67091379751743,70.14205169677734,3899400,0.0,0.0
2004-04-30 00:00:00-04:00,70.3204791289694,70.67025969749272,68.75002564576477,69.06411743164062,3462600,0.0,0.0
2004-05-03 00:00:00-04:00,69.20693073087376,69.64237447832359,68.6786895497396,69.18551635742188,3267000,0.0,0.0
2004-05-04 00:00:00-04:00,69.77800983601855,70.31339098565553,69.08558267776615,69.50675201416016,3875200,0.0,0.0
2004-05-05 00:00:00-04:00,69.59954149839085,70.13492258684,68.34317901923362,68.63585662841797,4822000,0.0,0.0
2004-05-06 00:00:00-04:00,67.9219970703125,68.20039472639577,66.9797268236822,67.9219970703125,5482900,0.0,0.0
2004-05-07 00:00:00-04:00,67.45800200394606,68.17184329499311,66.30157715182618,66.4157943725586,5480900,0.0,0.0
2004-05-10 00:00:00-04:00,64.78110436274632,65.76620349325842,64.3028319516687,65.74478912353516,6861800,0.0,0.0
2004-05-11 00:00:00-04:00,65.85184780722304,66.46575164794922,65.4092643220417,66.46575164794922,5288200,0.0,0.0
2004-05-12 00:00:00-04:00,65.5663291078791,66.43721645548392,64.40990956763707,66.33013916015625,6639300,0.0,0.0
2004-05-13 00:00:00-04:00,66.47294010464324,67.5936713396108,66.13743363909973,66.70850372314453,4692400,0.0,0.0
2004-05-14 00:00:00-04:00,67.1867306644402,67.5436512376649,66.10168907197871,67.10820770263672,4569700,0.0,0.0
2004-05-17 00:00:00-04:00,66.24448403449827,66.5228817445352,65.28079378848678,66.15882110595703,4520600,0.0,0.0
2004-05-18 00:00:00-04:00,66.45863734629941,67.1082356744964,66.04460800170207,66.6085433959961,3325600,0.0,0.0
2004-05-19 00:00:00-04:00,67.63647258468295,67.68644126478759,66.10171248692954,66.15882110595703,4751400,0.0,0.0
2004-05-20 00:00:00-04:00,66.42292885957747,66.91547560658015,65.75905629553559,65.95893096923828,3904600,0.0,0.0
2004-05-21 00:00:00-04:00,66.11599984495162,66.56571801677319,65.28080117417115,65.4878158569336,4060800,0.0,0.0
2004-05-24 00:00:00-04:00,65.99459753616604,66.47287513992941,65.20937353415056,65.48063659667969,3687700,0.0,0.0
2004-05-25 00:00:00-04:00,65.48065279584661,66.5728289124807,64.81678029116253,66.46575164794922,3927500,0.0,0.0
2004-05-26 00:00:00-04:00,66.40862806864823,66.92259446553146,66.03029320599104,66.66561126708984,2978600,0.0,0.0
2004-05-27 00:00:00-04:00,67.24383856779538,67.31522704442446,65.7876073187915,66.59424591064453,4652200,0.0,0.0
2004-05-28 00:00:00-04:00,66.59425875811733,67.06539120693938,66.38010417926729,67.0368423461914,2425800,0.0,0.0
2004-06-01 00:00:00-04:00,66.95833582354345,67.02971888531528,65.49495854941748,66.38726043701172,4142600,0.0,0.0
2004-06-02 00:00:00-04:00,66.38725127046425,66.39439120950912,65.4235664541608,65.50922393798828,4320100,0.0,0.0
2004-06-03 00:00:00-04:00,65.51633478994268,65.53061466169264,64.43843321218498,64.63831329345703,4224700,0.0,0.0
2004-06-04 00:00:00-04:00,65.31646745515417,65.6662481056678,65.12373273439081,65.33074188232422,3165000,0.0,0.0
2004-06-07 00:00:00-04:00,65.92327246066965,66.88695755759916,65.71625773750742,66.80130004882812,3493300,0.0,0.0
2004-06-08 00:00:00-04:00,66.80123942957552,67.1724343384917,66.13022717349405,67.1010513305664,2949300,0.0,0.0
2004-06-09 00:00:00-04:00,67.10824188711786,67.15107063494526,65.93754224628849,66.38726043701172,1996500,0.0,0.0
2004-06-10 00:00:00-04:00,66.39439392089844,66.39439392089844,65.77334990689846,66.39439392089844,1702500,0.0,0.0
2004-06-14 00:00:00-04:00,65.78045881123604,65.78045881123604,64.70255721945699,65.33787536621094,3043300,0.0,0.0
2004-06-15 00:00:00-04:00,65.80190606108722,65.9660919933564,64.23145702611599,64.39563751220703,5510300,0.0,0.0
2004-06-16 00:00:00-04:00,64.59545443397349,64.94524035786894,63.8102306192984,64.23139953613281,4149900,0.0,0.0
2004-06-17 00:00:00-04:00,63.710357857815545,63.99589556490146,63.19639107429667,63.774600982666016,3500700,0.0,0.0
2004-06-18 00:00:00-04:00,63.53188202310873,64.42418373691643,63.3177274333239,63.66037368774414,3823000,0.0,0.0
2004-06-21 00:00:00-04:00,64.16718220396642,64.24570516819941,63.24632644301445,63.3819580078125,3217900,0.0,0.0
2004-06-22 00:00:00-04:00,63.06789086017831,65.0737890330514,62.58961839695988,64.67403411865234,8249500,0.0,0.0
2004-06-23 00:00:00-04:00,64.9595442459959,65.66624545517148,64.62403803619439,65.4735107421875,6149000,0.0,0.0
2004-06-24 00:00:00-04:00,65.85184525076548,67.22241893426835,65.49492468030063,66.52285766601562,5519100,0.0,0.0
2004-06-25 00:00:00-04:00,66.53000047305665,67.70783959206682,66.34440567446032,67.49369049072266,8047400,0.0,0.0
2004-06-28 00:00:00-04:00,67.9220051673537,67.9220051673537,66.25161358554861,66.57284545898438,4380100,0.0,0.0
2004-06-29 00:00:00-04:00,66.38721035896464,67.243817346417,66.23016447382435,67.1010513305664,3359300,0.0,0.0
2004-06-30 00:00:00-04:00,67.1011376029636,67.70790211971156,66.78704542885252,67.2153549194336,4135600,0.0,0.0
2004-07-01 00:00:00-04:00,67.22242949129607,67.35092113468957,66.15880754920221,66.85123443603516,4569500,0.0,0.0
2004-07-02 00:00:00-04:00,66.99399033268806,67.07965323066487,66.03030587669575,66.82266998291016,3330600,0.0,0.0
2004-07-06 00:00:00-04:00,66.10886263061985,66.35870606970964,65.59489587239028,65.8161849975586,2603700,0.0,0.0
2004-07-07 00:00:00-04:00,65.38782020013721,65.53059163659536,64.54548778664116,64.6525650024414,4501900,0.0,0.0
2004-07-08 00:00:00-04:00,64.17433686567044,65.12374714475138,64.12436819025444,64.24571990966797,3493200,0.0,0.0
2004-07-09 00:00:00-04:00,64.74540269793647,64.9452828335342,64.25285591219976,64.28141021728516,2518900,0.0,0.0
2004-07-12 00:00:00-04:00,64.28139910489996,64.81677997880138,63.389097648397616,64.71684265136719,3509600,0.0,0.0
2004-07-13 00:00:00-04:00,64.24571749997003,64.85248152045658,63.66750778524692,64.50270080566406,3744000,0.0,0.0
2004-07-14 00:00:00-04:00,63.931636831184065,65.30221651809086,63.917362398879305,64.16720581054688,3447500,0.0,0.0
2004-07-15 00:00:00-04:00,64.38845661995019,64.39559655494544,62.8965315302482,63.0535774230957,3899700,0.0,0.0
2004-07-16 00:00:00-04:00,63.910238511904396,63.945932770898445,62.21129743966579,62.28268051147461,3562400,0.0,0.0
2004-07-19 00:00:00-04:00,62.46112060546875,62.91083871320422,61.86863095435713,62.46112060546875,3308600,0.0,0.0
2004-07-20 00:00:00-04:00,62.282661209452144,64.13864773218884,62.25410690034203,64.03157043457031,4131100,0.0,0.0
2004-07-21 00:00:00-04:00,64.03154472712171,64.74538582974816,62.38971345878614,62.403987884521484,4535400,0.0,0.0
2004-07-22 00:00:00-04:00,62.11845543237055,63.17494274694187,61.19046519079895,62.64670181274414,4883400,0.0,0.0
2004-07-23 00:00:00-04:00,62.14560216520427,63.140675906804866,62.14560216520427,62.675357818603516,3096600,0.25,0.0
2004-07-26 00:00:00-04:00,62.79703697985837,63.133501681481135,62.01672441158126,62.303077697753906,3805400,0.0,0.0
2004-07-27 00:00:00-04:00,62.30307155561852,63.69904163993829,62.29591122219308,63.56302261352539,4131900,0.0,0.0
2004-07-28 00:00:00-04:00,63.190774812493615,63.9281363793036,62.51785079810927,63.50576400756836,4273500,0.0,0.0
2004-07-29 00:00:00-04:00,64.17870817073076,64.46506155344451,63.77065637542801,64.20734405517578,3588700,0.0,0.0
2004-07-30 00:00:00-04:00,63.74917218202977,63.97109342921171,62.789889299294614,63.133514404296875,3706400,0.0,0.0
2004-08-02 00:00:00-04:00,62.84002740681323,63.45568544595545,62.51788317175099,63.3125114440918,3020400,0.0,0.0
2004-08-03 00:00:00-04:00,63.2838369305401,63.756315217736756,62.62522818512184,62.768402099609375,2726800,0.0,0.0
2004-08-04 00:00:00-04:00,62.53217042958257,63.319638011238,62.10264315429195,62.7469367980957,3460200,0.0,0.0
2004-08-05 00:00:00-04:00,63.069076021266376,63.069076021266376,61.34380671785213,61.42255401611328,3203000,0.0,0.0
2004-08-06 00:00:00-04:00,60.84986173245632,61.673125660007436,60.277154966750366,60.52771759033203,5065600,0.0,0.0
2004-08-09 00:00:00-04:00,60.52771759033203,60.993035693014555,60.15545655410221,60.52771759033203,2916200,0.0,0.0
2004-08-10 00:00:00-04:00,60.635070767201476,61.229252840120104,60.327241961136885,61.07175827026367,5453300,0.0,0.0
2004-08-11 00:00:00-04:00,60.70668739984756,61.27938870030712,60.262839386058815,60.59930419921875,3995400,0.0,0.0
2004-08-12 00:00:00-04:00,60.59933347256787,60.99306478275561,59.70448213795151,60.03378677368164,4773500,0.0,0.0
2004-08-13 00:00:00-04:00,60.03372291950108,60.31291580200195,59.62567136340494,60.31291580200195,2533900,0.0,0.0
2004-08-16 00:00:00-04:00,60.31296825275752,61.77336600295096,60.31296825275752,61.4369010925293,2990100,0.0,0.0
2004-08-17 00:00:00-04:00,62.39617144506079,62.46059809366695,61.737556976133014,61.844940185546875,3122600,0.0,0.0
2004-08-18 00:00:00-04:00,61.78051498050836,62.63956975241813,61.60869965673677,62.59661865234375,2979700,0.0,0.0
2004-08-19 00:00:00-04:00,62.50354443541058,62.775582606784994,61.529946211172316,61.995269775390625,2669200,0.0,0.0
2004-08-20 00:00:00-04:00,61.99527327045352,63.04761887081313,61.83777862798653,62.861488342285156,2651200,0.0,0.0
2004-08-23 00:00:00-04:00,62.861462825696385,63.240878603953334,62.48204704743943,62.63954162597656,4164200,0.0,0.0
2004-08-24 00:00:00-04:00,63.10490465847292,63.262399335919326,62.61094507225248,62.66105651855469,2371300,0.0,0.0
2004-08-25 00:00:00-04:00,62.84000546318909,64.60823162360772,62.682510839093084,64.45073699951172,4104300,0.0,0.0
2004-08-26 00:00:00-04:00,64.37916389886854,65.55320803477348,64.25746546737851,65.23106384277344,3366000,0.0,0.0
2004-08-27 00:00:00-04:00,65.23102834488871,65.28829462977276,64.5509386426974,64.77286529541016,1642400,0.0,0.0
2004-08-30 00:00:00-04:00,64.59391120549942,64.67981338499997,63.72053596900562,63.82075881958008,1824400,0.0,0.0
2004-08-31 00:00:00-04:00,64.1142330988768,64.29320316041832,63.326765920440714,64.17866516113281,2403900,0.0,0.0
2004-09-01 00:00:00-04:00,64.32185107464416,64.78717441416448,63.677557640057074,63.84937286376953,1913900,0.0,0.0
2004-09-02 00:00:00-04:00,63.85660138907129,65.35995629102969,63.63467996297312,65.18814086914062,2361400,0.0,0.0
2004-09-03 00:00:00-04:00,65.18808357526835,65.66056737758653,64.42925191162014,64.57242584228516,1667700,0.0,0.0
2004-09-07 00:00:00-04:00,65.28832636417091,66.41941933186507,65.188103489741,66.02568817138672,3903300,0.0,0.0
2004-09-08 00:00:00-04:00,66.06864164868485,66.2547721914966,65.40287226645171,65.46014404296875,2901400,0.0,0.0
2004-09-09 00:00:00-04:00,65.93258614596108,65.97554268550276,64.86592584044666,65.76793670654297,3081200,0.0,0.0
2004-09-10 00:00:00-04:00,65.7679769538041,66.74157536595924,65.64627305598154,66.66998291015625,2846100,0.0,0.0
2004-09-13 00:00:00-04:00,66.86325762609643,67.00643157958984,66.41224929529336,67.00643157958984,2957800,0.0,0.0
2004-09-14 00:00:00-04:00,66.7773351766337,67.471740166817,66.50530254059422,67.3643569946289,2900100,0.0,0.0
2004-09-15 00:00:00-04:00,67.29278875700895,67.29994909360975,66.154541015625,66.154541015625,2768000,0.0,0.0
2004-09-16 00:00:00-04:00,66.32634373387998,67.0207488426448,66.1473735702493,66.69144439697266,2530000,0.0,0.0
2004-09-17 00:00:00-04:00,66.78448740313783,66.90618576803296,65.7249819408404,65.89679718017578,2890900,0.0,0.0
2004-09-20 00:00:00-04:00,65.14514365489107,65.94693200456095,65.12366810778374,65.63194274902344,3017600,0.0,0.0
2004-09-21 00:00:00-04:00,66.5769059437163,67.98003147808949,66.39793576644824,67.93708038330078,6120400,0.0,0.0
2004-09-22 00:00:00-04:00,66.63419591584908,67.42166381861898,66.21898368033368,66.85611724853516,6459600,0.0,0.0
2004-09-23 00:00:00-04:00,66.21896997681179,67.03507360228977,66.21896997681179,66.62702178955078,4313900,0.0,0.0
2004-09-24 00:00:00-04:00,67.05652291491812,67.12810987021263,66.46234080867788,66.9205093383789,2614100,0.0,0.0
2004-09-27 00:00:00-04:00,66.92052157708655,66.92767645071031,65.9469235141685,66.3979263305664,3414700,0.0,0.0
2004-09-28 00:00:00-04:00,66.39791370159278,66.74869360318344,65.6963484366769,66.61983489990234,2806600,0.0,0.0
2004-09-29 00:00:00-04:00,66.61985675020239,66.91337046128525,66.14737832436232,66.77735137939453,3005900,0.0,0.0
2004-09-30 00:00:00-04:00,66.82744266439188,66.98493724610535,66.18314913089803,66.74869537353516,2721700,0.0,0.0
2004-10-01 00:00:00-04:00,66.90619214017521,67.78672757499453,66.82028451232569,67.2354965209961,3184800,0.0,0.0
2004-10-04 00:00:00-04:00,67.86547695988342,68.33079493863751,67.60775953012745,67.91558837890625,3640600,0.0,0.0
2004-10-05 00:00:00-04:00,67.97287624223719,68.08025944900308,67.14245739750365,67.34290313720703,3938300,0.0,0.0
2004-10-06 00:00:00-04:00,67.3429142398283,68.48116768042826,67.1138325764369,68.38809967041016,3445200,0.0,0.0
2004-10-07 00:00:00-04:00,68.00867410290665,68.30934271970266,67.55051084062603,67.90129089355469,2758300,0.0,0.0
2004-10-08 00:00:00-04:00,67.90127194145857,68.36659541094824,67.22834791003244,67.46458435058594,3029400,0.0,0.0
2004-10-11 00:00:00-04:00,67.86545850012861,67.94420577456411,67.32138791177432,67.39297485351562,1624700,0.0,0.0
2004-10-12 00:00:00-04:00,66.75587146417597,67.8654886705269,66.74871112829855,67.71514892578125,2613100,0.0,0.0
2004-10-13 00:00:00-04:00,68.00866562922367,68.18763580193215,67.42880401740378,67.80821990966797,2924600,0.0,0.0
2004-10-14 00:00:00-04:00,67.29277885568277,67.40732237749582,66.14737094623106,66.52678680419922,3915000,0.0,0.0
2004-10-15 00:00:00-04:00,67.0780082417125,67.52185616806926,66.6413206504502,67.40731811523438,3188100,0.0,0.0
2004-10-18 00:00:00-04:00,67.40734458429151,67.61494522793244,66.64134681872055,67.47177124023438,2572100,0.0,0.0
2004-10-19 00:00:00-04:00,67.47173440835708,68.00864476173923,66.29053053856944,66.61983489990234,4144600,0.0,0.0
2004-10-20 00:00:00-04:00,65.93975118360156,66.35496317114203,64.9589929637355,66.10440063476562,3934700,0.0,0.0
2004-10-21 00:00:00-04:00,66.03982924261099,67.36780297445934,66.02547516768131,67.09503173828125,4023000,0.25,0.0
2004-10-22 00:00:00-04:00,66.77198556368683,67.28881971601541,66.04698727231268,66.54228210449219,3515900,0.0,0.0
2004-10-25 00:00:00-04:00,65.86036013929383,66.54947060726943,65.40095316064343,66.34130096435547,3019600,0.0,0.0
2004-10-26 00:00:00-04:00,66.61406652669713,68.0353549187169,66.61406652669713,67.30317687988281,3445400,0.0,0.0
2004-10-27 00:00:00-04:00,66.95862374951467,69.12645535809011,66.75763390004413,68.9828872680664,4620900,0.0,0.0
2004-10-28 00:00:00-04:00,68.98287680657674,70.44723824336721,68.7675329190428,69.93758392333984,5321900,0.0,0.0
2004-10-29 00:00:00-04:00,69.93759149552662,70.66976955491432,69.93759149552662,70.61952209472656,3862600,0.0,0.0
2004-11-01 00:00:00-05:00,70.49031331261982,70.999973162619,70.20318809915183,70.57645416259766,2519900,0.0,0.0
2004-11-02 00:00:00-05:00,70.95692877526375,71.58861764481854,70.7056913733111,70.74158477783203,4270100,0.0,0.0
2004-11-03 00:00:00-05:00,71.78958425770028,72.14131650623338,70.83487696369048,71.3301773071289,4333900,0.0,0.0
2004-11-04 00:00:00-05:00,71.33019003995287,72.17722278312431,70.66978763862862,71.78241729736328,4381500,0.0,0.0
2004-11-05 00:00:00-05:00,72.14130270570789,73.03140281759474,71.31580411674813,72.39253997802734,5101400,0.0,0.0
2004-11-08 00:00:00-05:00,72.06952428670012,72.3566549564802,71.62447147471289,71.93313598632812,2819200,0.0,0.0
2004-11-09 00:00:00-05:00,71.94034219086137,72.70123409026158,71.70345889051693,72.40692901611328,2826500,0.0,0.0
2004-11-10 00:00:00-05:00,72.43560181148396,72.73708649113122,72.05515059966896,72.32074737548828,2612000,0.0,0.0
2004-11-11 00:00:00-05:00,72.67966788949319,74.15120903491744,72.6509542770902,73.93585968017578,3966100,0.0,0.0
2004-11-12 00:00:00-05:00,74.25886224919635,75.29970993762404,74.12965375947982,75.12743377685547,4435100,0.0,0.0
2004-11-15 00:00:00-05:00,75.26384370302962,75.4432996992107,74.40245711198543,75.09874725341797,3208200,0.0,0.0
2004-11-16 00:00:00-05:00,75.10591467237509,75.10591467237509,74.23734838758446,74.45269775390625,3694200,0.0,0.0
2004-11-17 00:00:00-05:00,74.68957679522548,75.65863793649376,74.61061573041621,75.16333770751953,3666000,0.0,0.0
2004-11-18 00:00:00-05:00,75.29975919336583,75.35718644337365,74.73985719719967,75.24951171875,2086700,0.0,0.0
2004-11-19 00:00:00-05:00,75.2064322974226,75.2064322974226,73.15346030749095,73.964599609375,3579400,0.0,0.0
2004-11-22 00:00:00-05:00,73.75640215909951,74.58190069950147,73.31852916314442,74.23734283447266,2344000,0.0,0.0
2004-11-23 00:00:00-05:00,74.47425103170642,74.70395452666939,73.99331019484072,74.51731872558594,2628300,0.0,0.0
2004-11-24 00:00:00-05:00,74.72550098424212,75.52946609057088,74.72550098424212,75.37154388427734,2427600,0.0,0.0
2004-11-26 00:00:00-05:00,75.33563680903035,75.65866093870193,75.24950142236851,75.25667572021484,796200,0.0,0.0
2004-11-29 00:00:00-05:00,75.68018475413194,75.79503374664581,75.0197879866302,75.42894744873047,2881900,0.0,0.0
2004-11-30 00:00:00-05:00,75.04851448785307,75.5940568799344,75.04133471316258,75.19925689697266,2966500,0.0,0.0
2004-12-01 00:00:00-05:00,75.55097223677724,76.19701489991012,75.34280262995875,76.08934020996094,3123200,0.0,0.0
2004-12-02 00:00:00-05:00,76.10371833299692,77.13738692071213,75.99604908557988,76.52005767822266,3503400,0.0,0.0
2004-12-03 00:00:00-05:00,76.52003481092373,76.8645927293822,75.73760930517274,76.42671966552734,2728700,0.0,0.0
2004-12-06 00:00:00-05:00,76.84304859929907,77.33116905710882,76.34056859700459,76.92918395996094,2334600,0.0,0.0
2004-12-07 00:00:00-05:00,77.32401030048356,77.37425776671344,76.1539535522461,76.1539535522461,2280000,0.0,0.0
2004-12-08 00:00:00-05:00,76.469817026666,77.29531601542068,76.0821912716882,76.5774917602539,3038900,0.0,0.0
2004-12-09 00:00:00-05:00,76.58462636165193,77.39576531996468,76.22571444577812,77.15888214111328,2581600,0.0,0.0
2004-12-10 00:00:00-05:00,77.88389512246677,78.91038354452581,76.97943545212338,78.52993774414062,3898700,0.0,0.0
2004-12-13 00:00:00-05:00,78.92477166292392,79.59234841389919,78.55868524983998,79.28368377685547,4202500,0.0,0.0
2004-12-14 00:00:00-05:00,79.28365590695203,79.28365590695203,78.70940001246333,78.87449645996094,4179100,0.0,0.0
2004-12-15 00:00:00-05:00,78.70941008016247,79.25495790478558,77.99876578692432,78.42227935791016,4820700,0.0,0.0
2004-12-16 00:00:00-05:00,76.23291688010288,76.80717834809712,75.1561807350361,75.65866088867188,8113500,0.0,0.0
2004-12-17 00:00:00-05:00,74.65368387612952,75.79502122202462,73.93585999270519,74.47422790527344,7853300,0.0,0.0
2004-12-20 00:00:00-05:00,74.48141873223463,75.39305278980306,73.9861184266586,74.5029525756836,4836200,0.0,0.0
2004-12-21 00:00:00-05:00,74.65369647826546,75.50790879623793,74.42399301585637,75.37870025634766,5247400,0.0,0.0
2004-12-22 00:00:00-05:00,74.97669906384813,75.73041629819882,74.81878241690276,74.94081115722656,3505200,0.0,0.0
2004-12-23 00:00:00-05:00,75.12027949620011,75.66582724640462,74.9049301147461,74.9049301147461,2011800,0.0,0.0
2004-12-27 00:00:00-05:00,75.33562445432602,75.40023146029039,74.51013125919006,74.79725646972656,1716700,0.0,0.0
2004-12-28 00:00:00-05:00,74.7972812370599,75.52228522982573,74.7972812370599,75.47921752929688,1806500,0.0,0.0
2004-12-29 00:00:00-05:00,75.29971809690551,75.4863538192884,74.89055874789447,75.1202621459961,1588100,0.0,0.0
2004-12-30 00:00:00-05:00,75.29973284486525,75.79502764232059,75.21359199999549,75.3140869140625,1629000,0.0,0.0
2004-12-31 00:00:00-05:00,75.31410204954689,75.3715292910009,74.68241882324219,74.68241882324219,1487400,0.0,0.0
2005-01-03 00:00:00-05:00,75.29975203319394,75.55098938238324,74.8977667979276,75.33563995361328,4225300,0.0,0.0
2005-01-04 00:00:00-05:00,75.22791662930648,75.5150416924813,74.58905405359128,74.84746551513672,5154200,0.0,0.0
2005-01-05 00:00:00-05:00,74.47425369749995,75.35717978957753,74.3522249094311,74.51014709472656,3649300,0.0,0.0
2005-01-06 00:00:00-05:00,74.62500416891352,75.55099805643664,74.58911624437387,75.5366439819336,3590100,0.0,0.0
2005-01-07 00:00:00-05:00,75.53665490321471,75.70175142840823,74.94085940876096,75.21363067626953,3075000,0.0,0.0
2005-01-10 00:00:00-05:00,74.85468241268032,75.68018107015493,74.84750263957191,75.35716247558594,2686200,0.0,0.0
2005-01-11 00:00:00-05:00,74.68959856217685,75.14182576614586,74.22301180956957,74.7757339477539,3132600,0.0,0.0
2005-01-12 00:00:00-05:00,74.72547201101557,74.8403264716291,73.51235326101734,74.12967681884766,3975800,0.0,0.0
2005-01-13 00:00:00-05:00,73.79231208129661,74.62498510384567,73.77795253389803,73.89280700683594,3256300,0.0,0.0
2005-01-14 00:00:00-05:00,74.00764262529049,74.90492249581186,73.89279364967584,74.81160736083984,2794400,0.0,0.0
2005-01-18 00:00:00-05:00,74.36658887050747,75.50075246428439,74.337875244221,75.37154388427734,3224800,0.0,0.0
2005-01-19 00:00:00-05:00,74.89058527686834,75.17053622133098,74.51731369987618,74.69676971435547,3550400,0.0,0.0
2005-01-20 00:00:00-05:00,74.29476560087569,74.48857562319107,73.84971285953065,74.22298431396484,3252100,0.0,0.0
2005-01-21 00:00:00-05:00,74.25899224205732,75.22321072222705,73.96397389793938,74.3525390625,4581000,0.25,0.0
2005-01-24 00:00:00-05:00,74.3525214638847,75.22319291753115,74.14384732361373,74.28775787353516,3895400,0.0,0.0
2005-01-25 00:00:00-05:00,74.9066164041274,75.33835373556668,73.83446750825495,74.01435852050781,3365000,0.0,0.0
2005-01-26 00:00:00-05:00,74.24459574680004,74.48924481238853,73.24440246837872,74.30216217041016,3979900,0.0,0.0
2005-01-27 00:00:00-05:00,74.38133241950374,75.07930488581769,74.12228894114155,74.83465576171875,3479100,0.0,0.0
2005-01-28 00:00:00-05:00,75.30236287432791,76.78466274452042,74.83464524358811,76.36012268066406,5854200,0.0,0.0
2005-01-31 00:00:00-05:00,77.26675410763268,77.6912995781933,77.10125751813635,77.60494995117188,3826500,0.0,0.0
2005-02-01 00:00:00-05:00,77.46102915886563,78.38926693978759,77.20918297563139,78.00070190429688,3369200,0.0,0.0
2005-02-02 00:00:00-05:00,77.82081635490184,78.41085837766335,77.7056835261506,78.13742065429688,2858400,0.0,0.0
2005-02-03 00:00:00-05:00,78.00071989162764,78.38928501672328,77.85680383242388,78.24536895751953,2933200,0.0,0.0
2005-02-04 00:00:00-05:00,78.24536396334969,79.38947322919003,78.22377792830598,79.1664047241211,3726700,0.0,0.0
2005-02-07 00:00:00-05:00,79.16640728415561,79.30312616363487,78.66991199258703,78.85699462890625,2684800,0.0,0.0
2005-02-08 00:00:00-05:00,79.13042952722478,80.54077387300705,79.087257457302,80.26734161376953,4222400,0.0,0.0
2005-02-09 00:00:00-05:00,80.59115877396825,81.56256896479421,80.12344112954477,80.19539642333984,4589600,0.0,0.0
2005-02-10 00:00:00-05:00,80.4472077110721,81.29629292626353,80.41122733735882,81.14517974853516,3585900,0.0,0.0
2005-02-11 00:00:00-05:00,81.15237692124467,81.97987610814182,80.64148745555475,81.14517974853516,3942900,0.0,0.0
2005-02-14 00:00:00-05:00,81.15240977860307,81.58414698879491,80.36808782056885,80.56956481933594,2267900,0.0,0.0
2005-02-15 00:00:00-05:00,80.95090493717477,81.4474055775365,80.77101403731437,81.10201263427734,2459000,0.0,0.0
2005-02-16 00:00:00-05:00,80.84302787300585,81.03731325992928,80.31055196077463,80.78546142578125,2228800,0.0,0.0
2005-02-17 00:00:00-05:00,81.02290640086511,81.17401418413391,79.5406062975102,79.58377838134766,2349400,0.0,0.0
2005-02-18 00:00:00-05:00,79.6197538698875,79.72768956266553,78.14464554487495,78.4324722290039,3331900,0.0,0.0
2005-02-22 00:00:00-05:00,77.74887862153011,78.61955024849678,77.36750515763264,77.6121597290039,2515000,0.0,0.0
2005-02-23 00:00:00-05:00,78.15901959478116,78.72747563856026,77.83521260056382,78.51160430908203,2764100,0.0,0.0
2005-02-24 00:00:00-05:00,78.18062092755838,78.5835749656064,77.8064446152249,78.07268524169922,1995900,0.0,0.0
2005-02-25 00:00:00-05:00,78.23816213832478,79.33189652753057,78.09424610695872,79.22396087646484,2222200,0.0,0.0
2005-02-28 00:00:00-05:00,79.1520103524149,79.23116280195417,77.96472909916156,78.28853607177734,2650000,0.0,0.0
2005-03-01 00:00:00-05:00,77.99351773811313,79.69888587443378,77.99351773811313,79.1664047241211,2504400,0.0,0.0
2005-03-02 00:00:00-05:00,78.61235532883607,80.10185236810476,78.59076929041487,78.95774841308594,2217100,0.0,0.0
2005-03-03 00:00:00-05:00,79.4398523509285,79.77085107236877,78.43246183489826,78.72748565673828,2061300,0.0,0.0
2005-03-04 00:00:00-05:00,79.29593137025506,81.18838774472198,79.17360683748682,80.2529525756836,3103600,0.0,0.0
2005-03-07 00:00:00-05:00,80.55518295485585,81.3970769585429,80.25296740985914,81.16681671142578,2543300,0.0,0.0
2005-03-08 00:00:00-05:00,81.16679412249975,81.43302919954411,80.6630961978483,81.04446411132812,2702600,0.0,0.0
2005-03-09 00:00:00-05:00,80.95091726487142,80.95091726487142,79.74205001412258,79.77803039550781,2718500,0.0,0.0
2005-03-10 00:00:00-05:00,80.1953834492911,80.59114573589288,79.74206023086771,80.10903930664062,2430800,0.0,0.0
2005-03-11 00:00:00-05:00,80.11626969504555,80.2673829973569,78.36773408364618,78.82825469970703,2983800,0.0,0.0
2005-03-14 00:00:00-05:00,79.0152968112845,79.69168852025813,78.47562397706153,79.15201568603516,2701400,0.0,0.0
2005-03-15 00:00:00-05:00,80.3752564591047,80.51917248112568,79.46141305106985,79.54056549072266,3080300,0.0,0.0
2005-03-16 00:00:00-05:00,79.54059094510504,79.56937415872036,78.14463527886328,79.13043975830078,3160100,0.0,0.0
2005-03-17 00:00:00-05:00,79.13045501870371,80.04429889542045,78.03671464973877,79.18082427978516,5540200,0.0,0.0
2005-03-18 00:00:00-05:00,78.93615178880066,79.65571563551656,78.83541328944735,79.13763427734375,7553500,0.0,0.0
2005-03-21 00:00:00-05:00,79.22398636615756,79.75646212894372,78.86420440673828,78.86420440673828,3944600,0.0,0.0
2005-03-22 00:00:00-05:00,78.97213773180405,79.86439542733709,77.47544350779991,77.70570373535156,5687400,0.0,0.0
2005-03-23 00:00:00-05:00,77.4250590701817,78.37488300878489,77.3531037925279,77.75605773925781,4449100,0.0,0.0
2005-03-24 00:00:00-05:00,78.27413411897476,78.79222083296237,77.97911587285324,78.00070190429688,2915600,0.0,0.0
2005-03-28 00:00:00-05:00,78.39648412982942,79.14483123908064,78.10866296382551,78.92176818847656,2543200,0.0,0.0
2005-03-29 00:00:00-05:00,78.92177105522782,79.60535458407284,77.97914407570032,78.03670501708984,3836100,0.0,0.0
2005-03-30 00:00:00-05:00,77.84960433339819,79.08005769445406,77.84960433339819,79.00810241699219,4057300,0.0,0.0
2005-03-31 00:00:00-05:00,79.15200308200077,79.33909117189387,78.47561148073463,79.14480590820312,3790100,0.0,0.0
2005-04-01 00:00:00-05:00,79.68448343545217,79.91474360227046,77.93594340654474,78.6483154296875,5625700,0.0,0.0
2005-04-04 00:00:00-04:00,78.54039759760113,80.10904705557482,78.13024641082912,79.87158966064453,6114600,0.0,0.0
2005-04-05 00:00:00-04:00,79.83562735365804,80.51921647966635,79.47584533676037,79.57658386230469,4656300,0.0,0.0
2005-04-06 00:00:00-04:00,79.83559412093315,81.05165858859093,79.72046677816503,80.95092010498047,5276800,0.0,0.0
2005-04-07 00:00:00-04:00,80.95093535853786,81.97991191202208,80.7350640016471,81.69208526611328,4735900,0.0,0.0
2005-04-08 00:00:00-04:00,81.4906133214376,82.21017723597569,81.1524174032308,81.2603530883789,3801400,0.0,0.0
2005-04-11 00:00:00-04:00,81.63449847654711,81.89354184426715,80.53356690865459,80.65589141845703,3599100,0.0,0.0
2005-04-12 00:00:00-04:00,80.26737212742427,80.92936973713314,79.25278417985557,80.4184799194336,5921800,0.0,0.0
2005-04-13 00:00:00-04:00,80.4256539637891,80.59115607482812,78.957748452054,79.15922546386719,4684700,0.0,0.0
2005-04-14 00:00:00-04:00,79.25996950443943,79.4398604903824,78.02231864277785,78.06549072265625,4350600,0.0,0.0
2005-04-15 00:00:00-04:00,77.96473179763422,78.48281857988273,76.6263427734375,76.6263427734375,5600500,0.0,0.0
2005-04-18 00:00:00-04:00,76.77026893622907,77.70569864760719,76.48963947383199,77.24517822265625,4059600,0.0,0.0
2005-04-19 00:00:00-04:00,77.35310090651707,77.65531635528897,76.74867000897328,76.77025604248047,4613900,0.0,0.0
2005-04-20 00:00:00-04:00,76.77744498369088,76.914163844132,74.88499441942793,75.07208251953125,5484400,0.0,0.0
2005-04-21 00:00:00-04:00,75.91399129765614,76.93577071604479,74.43888310968163,75.63336181640625,7066500,0.0,0.0
2005-04-22 00:00:00-04:00,75.73433524755295,76.27529478503547,74.443244491077,75.15010070800781,7265000,0.25,0.0
2005-04-25 00:00:00-04:00,76.09496092695053,76.75132768630215,75.40974784015232,76.26806640625,3600400,0.0,0.0
2005-04-26 00:00:00-04:00,76.26810053834214,77.31395922136133,75.82091072477832,76.25367736816406,3703400,0.0,0.0
2005-04-27 00:00:00-04:00,76.21762778764588,78.01361827837863,75.88583977202634,77.72510528564453,3631200,0.0,0.0
2005-04-28 00:00:00-04:00,77.14083759526717,77.81884206222163,76.41234928814129,76.62152099609375,3574100,0.0,0.0
2005-04-29 00:00:00-04:00,77.27064582233686,77.37883881287321,75.37368333290587,77.0254135131836,4585000,0.0,0.0
2005-05-02 00:00:00-04:00,76.34741113891855,76.34741113891855,74.2917662793467,75.34483337402344,6286100,0.0,0.0
2005-05-03 00:00:00-04:00,74.68845097139798,75.66217662928577,74.32781143122304,75.27989959716797,5618200,0.0,0.0
2005-05-04 00:00:00-04:00,75.8785762574313,77.28507412186894,75.4818759645828,76.65034484863281,5198800,0.0,0.0
2005-05-05 00:00:00-04:00,77.03265629863338,77.38608172886049,75.41698618317156,75.95073699951172,4722400,0.0,0.0
2005-05-06 00:00:00-04:00,76.2753397314421,76.58549026914335,75.37373997102317,75.50357055664062,3804000,0.0,0.0
2005-05-09 00:00:00-04:00,75.35925308312731,76.12380727262774,75.17171895069234,76.09495544433594,3631100,0.0,0.0
2005-05-10 00:00:00-04:00,75.1717880326908,75.20784872400225,73.43350092537779,73.64988708496094,6365100,0.0,0.0
2005-05-11 00:00:00-04:00,73.96718504631959,75.04188952636176,73.54884178461171,74.83271789550781,5132100,0.0,0.0
2005-05-12 00:00:00-04:00,74.65242448330685,74.81832118122367,71.65189927329814,72.28662872314453,7465400,0.0,0.0
2005-05-13 00:00:00-04:00,71.76728369453626,72.27217695654437,69.54574233585292,70.55553436279297,9189000,0.0,0.0
2005-05-16 00:00:00-04:00,70.68537576357899,71.6158267783689,70.5411220958436,70.98831176757812,4893300,0.0,0.0
2005-05-17 00:00:00-04:00,70.3247416730413,71.1325765840821,70.14442182259761,70.93782806396484,5396100,0.0,0.0
2005-05-18 00:00:00-04:00,71.406653616454,72.10629544649728,71.04601395172442,71.82499694824219,5248400,0.0,0.0
2005-05-19 00:00:00-04:00,72.12792967179811,72.48856932015711,71.57254703461197,72.21448516845703,3734500,0.0,0.0
2005-05-20 00:00:00-04:00,72.09187970579796,72.99347902929681,71.80337232461878,72.90692901611328,3495500,0.0,0.0
2005-05-23 00:00:00-04:00,73.31806088627411,73.31806088627411,72.34433468031052,72.6256332397461,3706200,0.0,0.0
2005-05-24 00:00:00-04:00,72.48857261064269,72.48857261064269,71.19026761644642,71.82499694824219,4118500,0.0,0.0
2005-05-25 00:00:00-04:00,71.91158030235633,71.91158030235633,70.13002415466754,70.14444732666016,6690600,0.0,0.0
2005-05-26 00:00:00-04:00,70.72144897054399,70.80079014657231,69.27167580293818,69.67559051513672,7984100,0.0,0.0
2005-05-27 00:00:00-04:00,69.92803213685747,69.942460805775,68.63694691790404,68.8821792602539,6726800,0.0,0.0
2005-05-31 00:00:00-04:00,68.44941974072181,70.37523451874642,68.34122672447792,70.32474517822266,7687500,0.0,0.0
2005-06-01 00:00:00-04:00,70.25261067993027,71.96925357360878,69.75492616119405,71.1469955444336,6487000,0.0,0.0
2005-06-02 00:00:00-04:00,70.68535773323161,71.03157415157858,70.12997520089961,70.44733428955078,3975200,0.0,0.0
2005-06-03 00:00:00-04:00,70.36080843839201,70.77914631273053,69.71887020562626,70.18048858642578,3299100,0.0,0.0
2005-06-06 00:00:00-04:00,69.78377658292109,71.24797277184157,69.55296741278967,70.98831176757812,3379800,0.0,0.0
2005-06-07 00:00:00-04:00,71.55090472370746,71.74565321733823,70.88732908502537,70.97388458251953,3734200,0.0,0.0
2005-06-08 00:00:00-04:00,71.47878761529593,71.57255745939872,70.93782806396484,70.93782806396484,3018700,0.0,0.0
2005-06-09 00:00:00-04:00,71.55089090746058,72.38757737956952,71.12533884186688,72.09185028076172,4091100,0.0,0.0
2005-06-10 00:00:00-04:00,72.22171141067892,72.22171141067892,71.17585837947115,71.44273376464844,1879100,0.0,0.0
2005-06-13 00:00:00-04:00,71.24797598262113,71.9620410250625,70.98110613499173,71.59419250488281,4434400,0.0,0.0
2005-06-14 00:00:00-04:00,71.87548222586695,72.2505450347373,70.86569012101322,70.9017562866211,4687900,0.0,0.0
2005-06-15 00:00:00-04:00,71.1181738258358,71.86109099987267,70.54836223047569,71.54373168945312,6113000,0.0,0.0
2005-06-16 00:00:00-04:00,72.1279455018198,74.50816990455006,71.19028000912593,74.03933715820312,10327600,0.0,0.0
2005-06-17 00:00:00-04:00,74.11143669359397,75.18614114473117,73.78686325960895,74.86878204345703,6254200,0.0,0.0
2005-06-20 00:00:00-04:00,74.47208404541016,74.90485050344273,74.04653192083994,74.47208404541016,3718500,0.0,0.0
2005-06-21 00:00:00-04:00,74.291765471935,74.8687910942459,73.97440082937158,74.0321044921875,3704600,0.0,0.0
2005-06-22 00:00:00-04:00,74.05376144347504,74.5802978748709,73.81573789902517,73.90950775146484,3564400,0.0,0.0
2005-06-23 00:00:00-04:00,73.7868856472455,74.38554337372464,73.49837278343045,73.58492279052734,3857400,0.0,0.0
2005-06-24 00:00:00-04:00,73.68588910464804,74.79665428119601,73.5199924597266,74.77501678466797,5214000,0.0,0.0
2005-06-27 00:00:00-04:00,74.29176624185034,74.78945070867809,73.57048695794887,74.43601989746094,3099900,0.0,0.0
2005-06-28 00:00:00-04:00,74.65242687915857,75.70549426947,74.50817318297784,74.98421478271484,3477400,0.0,0.0
2005-06-29 00:00:00-04:00,75.1645431194508,75.33764867494801,74.01049691125877,74.14032745361328,3225900,0.0,0.0
2005-06-30 00:00:00-04:00,74.49373638552093,74.62356689909144,73.40460293850859,73.58492279052734,3062500,0.0,0.0
2005-07-01 00:00:00-04:00,73.69311952360468,74.75340118748403,73.69311952360468,74.08261108398438,2433500,0.0,0.0
2005-07-05 00:00:00-04:00,73.75081035512473,74.79666316632589,73.68589785782959,74.42160034179688,2487800,0.0,0.0
2005-07-06 00:00:00-04:00,74.3133702751614,75.06350105297153,74.3133702751614,74.68843841552734,4302800,0.0,0.0
2005-07-07 00:00:00-04:00,73.82292827547953,75.16450808688568,73.5849048082795,75.08516693115234,4250300,0.0,0.0
2005-07-08 00:00:00-04:00,75.08518548956094,76.34021012229475,74.78224945802609,76.20317077636719,3191900,0.0,0.0
2005-07-11 00:00:00-04:00,76.21039823664664,77.50869809664977,76.18154639492307,77.40050506591797,4440500,0.0,0.0
2005-07-12 00:00:00-04:00,77.17692341457956,78.38867346027135,77.17692341457956,77.35002899169922,4383200,0.0,0.0
2005-07-13 00:00:00-04:00,77.40769270749082,78.22995065280918,77.34998904394322,77.89816284179688,3890400,0.0,0.0
2005-07-14 00:00:00-04:00,78.58338343796952,78.76370327651733,78.05685259104776,78.29487609863281,3750300,0.0,0.0
2005-07-15 00:00:00-04:00,78.0784768838487,78.46796832957857,77.7322604311142,78.25879669189453,2968100,0.0,0.0
2005-07-18 00:00:00-04:00,77.86212496273806,78.38866145377692,77.53033703119114,78.07129669189453,2687900,0.0,0.0
2005-07-19 00:00:00-04:00,78.36698726378924,79.25415761041468,78.34534976795794,79.13875579833984,3630700,0.0,0.0
2005-07-20 00:00:00-04:00,77.71783040164401,79.32628536859771,77.70340723956106,79.05941009521484,4081500,0.0,0.0
2005-07-21 00:00:00-04:00,78.79976287559879,79.08106136004662,77.81160826168956,78.07848358154297,3921800,0.0,0.0
2005-07-22 00:00:00-04:00,78.0351183134022,78.97494872193,77.84715002543133,78.89542388916016,2310700,0.25,0.0
2005-07-25 00:00:00-04:00,78.85206446877882,79.32921356073713,78.30262156412923,78.30985260009766,1873000,0.0,0.0
2005-07-26 00:00:00-04:00,78.46167810767685,78.59904022474095,77.76764751708656,77.87609100341797,2000700,0.0,0.0
2005-07-27 00:00:00-04:00,78.04234705937307,78.93157680999576,77.55797252386434,78.9098892211914,2389200,0.0,0.0
2005-07-28 00:00:00-04:00,78.9460330755283,79.45210071365582,78.15079023351471,79.28582000732422,2342500,0.0,0.0
2005-07-29 00:00:00-04:00,79.10506219052269,79.16289942253549,77.67362655000922,77.70254516601562,2087800,0.0,0.0
2005-08-01 00:00:00-04:00,77.78931132049419,78.27368582688214,77.13143059843921,77.44229888916016,2459600,0.0,0.0
2005-08-02 00:00:00-04:00,77.53625402777637,79.29301972427692,77.53625402777637,79.1773452758789,2682200,0.0,0.0
2005-08-03 00:00:00-04:00,78.85925655531645,80.3196107067875,78.63513867630402,80.15333557128906,3367900,0.0,0.0
2005-08-04 00:00:00-04:00,79.52440484437571,79.57501106319557,78.62071842568963,78.98219299316406,2082300,0.0,0.0
2005-08-05 00:00:00-04:00,78.6206958425293,79.37979442244634,78.25922137888548,79.3074951171875,3261500,0.0,0.0
2005-08-08 00:00:00-04:00,79.54605513506002,80.2183977359131,79.27133657823998,79.45930480957031,2777500,0.0,0.0
2005-08-09 00:00:00-04:00,79.54610353836078,80.69559569151227,79.53887250161607,80.5943832397461,3613500,0.0,0.0
2005-08-10 00:00:00-04:00,80.95582211112459,82.28604547020588,80.84014763694577,80.9919662475586,4273100,0.0,0.0
2005-08-11 00:00:00-04:00,81.02809943079458,82.61858451785157,80.92688704429067,82.51737213134766,4167700,0.0,0.0
2005-08-12 00:00:00-04:00,81.82334489746741,82.66919366446585,81.62092011722794,82.16313171386719,3031100,0.0,0.0
2005-08-15 00:00:00-04:00,81.87397977555062,83.00900956152553,81.67878595926908,82.90056610107422,2315000,0.0,0.0
2005-08-16 00:00:00-04:00,82.8137989905923,83.04514241877405,80.97027708288661,81.02811431884766,2684000,0.0,0.0
2005-08-17 00:00:00-04:00,80.8618326798658,81.02088231903033,79.67619693511864,80.34130859375,4218100,0.0,0.0
2005-08-18 00:00:00-04:00,80.16781938059556,80.48591872628796,79.68344484286469,80.13890075683594,2042200,0.0,0.0
2005-08-19 00:00:00-04:00,80.33406698298006,80.85458544915946,80.21116150373457,80.4425048828125,1450300,0.0,0.0
2005-08-22 00:00:00-04:00,80.82571729638889,81.26671671979744,80.30519302510899,80.75341796875,1682400,0.0,0.0
2005-08-23 00:00:00-04:00,80.60879673259929,80.97027115740914,80.29792850663632,80.82568359375,1927000,0.0,0.0
2005-08-24 00:00:00-04:00,80.8184611528313,81.48357284143185,79.51715087890625,79.51715087890625,2245400,0.0,0.0
2005-08-25 00:00:00-04:00,79.69790358543955,80.06660915392017,78.8014482869282,79.88587188720703,1968300,0.0,0.0
2005-08-26 00:00:00-04:00,79.8858395100726,80.0304270585774,78.82310393001197,79.3436279296875,1660700,0.0,0.0
2005-08-29 00:00:00-04:00,79.16292500800515,79.82081132454007,79.0038753263961,79.63284301757812,1613800,0.0,0.0
2005-08-30 00:00:00-04:00,79.45209498441912,79.52438878017757,78.70022737407241,79.4087142944336,1804400,0.0,0.0
2005-08-31 00:00:00-04:00,79.40871737298588,80.60881538862185,79.40871737298588,80.37747192382812,2130100,0.0,0.0
2005-09-01 00:00:00-04:00,80.75339939953615,82.73428358925486,80.6811056041855,81.77999114990234,3080700,0.0,0.0
2005-09-02 00:00:00-04:00,81.91013817473342,82.26438170205576,81.49805739357687,81.8450698852539,1472900,0.0,0.0
2005-09-06 00:00:00-04:00,82.2643641636912,83.08129451619338,82.14868968068402,82.84272003173828,2199100,0.0,0.0
2005-09-07 00:00:00-04:00,82.84272481213966,83.17528621214413,82.65476203990109,83.0740737915039,2098200,0.0,0.0
2005-09-08 00:00:00-04:00,82.94393063810723,83.64518644568014,82.71258720818385,83.25479888916016,2281000,0.0,0.0
2005-09-09 00:00:00-04:00,83.50064876452669,84.0645483671832,83.42835493366458,83.98502349853516,2357100,0.0,0.0
2005-09-12 00:00:00-04:00,84.37539360324666,85.65501667187704,84.27418116473699,85.30799865722656,3124300,0.0,0.0
2005-09-13 00:00:00-04:00,85.12723838434417,85.22845079552265,84.39705840455998,84.7296142578125,2378500,0.0,0.0
2005-09-14 00:00:00-04:00,85.12722629053773,85.66943792296155,83.5150479432397,83.7897720336914,3492100,0.0,0.0
2005-09-15 00:00:00-04:00,83.1391284447918,83.97052083237226,83.03791603402507,83.825927734375,2979300,0.0,0.0
2005-09-16 00:00:00-04:00,84.2235561741551,85.66945413422643,84.07896858441316,85.59716033935547,6335500,0.0,0.0
2005-09-19 00:00:00-04:00,85.38028307182063,85.75621967262421,84.59949676153342,85.51041412353516,3313100,0.0,0.0
2005-09-20 00:00:00-04:00,87.03582169788568,87.04305273160914,85.34412384033203,85.34412384033203,6741600,0.0,0.0
2005-09-21 00:00:00-04:00,83.95604681768842,85.02601352795969,83.47167241856577,83.63072204589844,5870100,0.0,0.0
2005-09-22 00:00:00-04:00,83.63075541865861,86.05986493205374,83.10300012787839,85.66947174072266,4830800,0.0,0.0
2005-09-23 00:00:00-04:00,85.87911435767397,86.68881924203562,85.1778529289525,86.37071990966797,3835100,0.0,0.0
2005-09-26 00:00:00-04:00,86.71772607793488,86.85508814619,86.24781366358123,86.75387573242188,3848700,0.0,0.0
2005-09-27 00:00:00-04:00,86.53697689007362,87.45512503692586,86.42853897290865,86.51528930664062,4065000,0.0,0.0
2005-09-28 00:00:00-04:00,86.86230626532311,87.38283032483093,86.59481320261436,86.82615661621094,3630400,0.0,0.0
2005-09-29 00:00:00-04:00,86.10324062795549,87.81663205862128,86.05263440927747,87.63589477539062,4431100,0.0,0.0
2005-09-30 00:00:00-04:00,87.39729688938766,87.98288376560167,87.33223413232508,87.89613342285156,2643800,0.0,0.0
2005-10-03 00:00:00-04:00,87.6864923521113,88.4600476274741,87.67926131710877,87.9467544555664,3418100,0.0,0.0
2005-10-04 00:00:00-04:00,87.40454028500137,87.94675206652661,85.81404908312926,85.97309875488281,3963800,0.0,0.0
2005-10-05 00:00:00-04:00,85.97309203126177,86.16829134611662,84.29585060554076,85.12724304199219,4382500,0.0,0.0
2005-10-06 00:00:00-04:00,85.09112283026448,85.71285961418052,84.02839208701099,84.53445434570312,4138300,0.0,0.0
2005-10-07 00:00:00-04:00,84.76576501438826,85.34412638493066,84.72961536035581,84.99710845947266,3089500,0.0,0.0
2005-10-10 00:00:00-04:00,85.30800639630503,86.29844879518957,84.98268145953416,85.67671203613281,3388000,0.0,0.0
2005-10-11 00:00:00-04:00,86.17549663151017,86.60203930094863,84.58501144311795,84.98263549804688,5395400,0.0,0.0
2005-10-12 00:00:00-04:00,84.9826432855765,85.79234250339468,82.0763856911584,83.60903930664062,6656200,0.0,0.0
2005-10-13 00:00:00-04:00,83.28373427452892,84.02837648212427,79.69068187374955,81.82337951660156,9109200,0.0,0.0
2005-10-14 00:00:00-04:00,82.48847428879053,83.04514807039062,81.35344465520741,82.81380462646484,5705300,0.0,0.0
2005-10-17 00:00:00-04:00,83.85484046751158,85.09108241137693,83.81146529898861,84.62117004394531,4296800,0.0,0.0
2005-10-18 00:00:00-04:00,84.25968270214592,85.58990581277875,84.24522063774343,84.65007019042969,4139600,0.0,0.0
2005-10-19 00:00:00-04:00,84.0428189392296,87.71540108201054,83.87653824690973,87.62141418457031,6704500,0.0,0.0
2005-10-20 00:00:00-04:00,86.91869356446311,88.44002310897861,85.99864764768482,86.02762603759766,9035700,0.25,0.0
2005-10-21 00:00:00-04:00,86.78833385548326,86.91873390708372,85.49881977762746,86.04215240478516,5417800,0.0,0.0
2005-10-24 00:00:00-04:00,86.71588211394287,89.44703712141661,86.35366037490874,89.32388305664062,5516500,0.0,0.0
2005-10-25 00:00:00-04:00,88.75879310316407,90.43950138388828,88.61390665004076,89.50497436523438,5102600,0.0,0.0
2005-10-26 00:00:00-04:00,89.28763405322069,90.54816380992365,88.85296919164004,90.01207733154297,4170000,0.0,0.0
2005-10-27 00:00:00-04:00,89.68609293911418,90.4829795542273,88.39657907589259,88.693603515625,4132200,0.0,0.0
2005-10-28 00:00:00-04:00,89.61361935184345,90.37428690333797,88.80948697811365,90.23664093017578,3520700,0.0,0.0
2005-10-31 00:00:00-05:00,90.55536279650842,92.27953491441208,90.51913844056553,91.5478515625,3816000,0.0,0.0
2005-11-01 00:00:00-05:00,91.78694363584043,91.92458960111344,90.4105060913605,91.7145004272461,3914900,0.0,0.0
2005-11-02 00:00:00-05:00,91.27985230182836,93.77193892698305,91.27985230182836,93.54736328125,4266100,0.0,0.0
2005-11-03 00:00:00-05:00,94.17761738727245,94.17761738727245,92.79392820189994,93.59806060791016,5002600,0.0,0.0
2005-11-04 00:00:00-05:00,93.99652657500442,95.03247528060082,93.3807452933241,94.87310791015625,4093400,0.0,0.0
2005-11-07 00:00:00-05:00,94.53985441708586,95.40194374709755,93.21412179876471,93.56185150146484,3561400,0.0,0.0
2005-11-08 00:00:00-05:00,92.98232214466053,92.9895625997451,92.16369750077878,92.38102722167969,2944500,0.0,0.0
2005-11-09 00:00:00-05:00,92.61284854843991,93.9820462349567,92.36654042695918,93.23587036132812,2655400,0.0,0.0
2005-11-10 00:00:00-05:00,92.83739905116953,94.41669110107708,92.56935858314526,94.2428207397461,3174500,0.0,0.0
2005-11-11 00:00:00-05:00,93.7791815437287,94.6340303728357,93.64878705769884,94.17762756347656,2134000,0.0,0.0
2005-11-14 00:00:00-05:00,94.4094446730171,94.4094446730171,93.16340146432158,93.62704467773438,1799300,0.0,0.0
2005-11-15 00:00:00-05:00,93.96029215371281,94.00375698229125,92.04776231737073,92.7070083618164,2356400,0.0,0.0
2005-11-16 00:00:00-05:00,92.98233413758048,93.0692638263271,91.6855739917429,92.85916900634766,2538900,0.0,0.0
2005-11-17 00:00:00-05:00,92.72875908992518,94.47467041015625,92.62733745183576,94.47467041015625,2595400,0.0,0.0
2005-11-18 00:00:00-05:00,95.55410471289746,95.55410471289746,94.04002026891253,95.3222885131836,2616000,0.0,0.0
2005-11-21 00:00:00-05:00,95.0831813427688,95.9742434899111,94.53260842457459,95.92353820800781,2084400,0.0,0.0
2005-11-22 00:00:00-05:00,95.48166121626164,96.34375080143604,94.7644581289187,96.06121826171875,2392300,0.0,0.0
2005-11-23 00:00:00-05:00,96.06843679584267,97.79261557275176,96.06843679584267,97.13336944580078,3139800,0.0,0.0
2005-11-25 00:00:00-05:00,97.2202950511477,97.72016272972448,97.09714100853328,97.16233825683594,808200,0.0,0.0
2005-11-28 00:00:00-05:00,97.2927106457574,97.2927106457574,94.78613265323924,94.97449493408203,2759900,0.0,0.0
2005-11-29 00:00:00-05:00,95.62650554071266,95.93801082096313,93.48940024134777,94.50361633300781,3095500,0.0,0.0
2005-11-30 00:00:00-05:00,94.50361528214023,95.09766402502561,93.04748839799315,93.42420196533203,3016000,0.0,0.0
2005-12-01 00:00:00-05:00,94.53983339833661,95.38019012597861,93.89507942115665,94.38045501708984,2497400,0.0,0.0
2005-12-02 00:00:00-05:00,94.28629158127501,95.45264574272333,94.18486996089375,94.96002960205078,1891400,0.0,0.0
2005-12-05 00:00:00-05:00,94.72094733223504,96.83632012589386,93.75743656060133,96.38716888427734,2709600,0.0,0.0
2005-12-06 00:00:00-05:00,97.0391622533823,97.19130018578652,94.79339501621202,95.12663269042969,3019000,0.0,0.0
2005-12-07 00:00:00-05:00,94.67023619733837,94.97451208223468,93.34451481117203,94.09793090820312,2646300,0.0,0.0
2005-12-08 00:00:00-05:00,93.48939955567258,94.1921103619283,92.55486714058577,93.19237518310547,3191000,0.0,0.0
2005-12-09 00:00:00-05:00,93.56187743324013,94.21388324240787,93.04752871749871,93.93135070800781,1878800,0.0,0.0
2005-12-12 00:00:00-05:00,94.46740795121903,94.9165703428052,93.09821046865467,94.18487548828125,2006300,0.0,0.0
2005-12-13 00:00:00-05:00,93.30826139556896,95.54678763140599,93.09816673349317,95.36567687988281,3430800,0.0,0.0
2005-12-14 00:00:00-05:00,94.96002456957459,95.55406229914693,93.70674081539745,93.90958404541016,3471600,0.0,0.0
2005-12-15 00:00:00-05:00,92.90985106446999,93.88785391837845,92.43896182500731,92.94607543945312,5480900,0.0,0.0
2005-12-16 00:00:00-05:00,92.48244683839117,92.62733330716023,91.35955736070518,91.64208984375,5437100,0.0,0.0
2005-12-19 00:00:00-05:00,92.2216202010025,92.29406341451386,90.15695269001984,90.64957427978516,4217400,0.0,0.0
2005-12-20 00:00:00-05:00,90.33808693803668,91.44648994803424,90.07728688004482,91.1784439086914,4094300,0.0,0.0
2005-12-21 00:00:00-05:00,91.53340930592135,92.94607704876901,91.35954446253187,92.22887420654297,3694400,0.0,0.0
2005-12-22 00:00:00-05:00,92.4027148752086,92.90982280836711,91.77969339900703,92.72146606445312,2437100,0.0,0.0
2005-12-23 00:00:00-05:00,92.69248184998803,93.06919531412746,92.29404150672168,92.80839538574219,1670200,0.0,0.0
2005-12-27 00:00:00-05:00,93.23585583793611,93.74296396614804,92.60559366816759,92.91709899902344,2826500,0.0,0.0
2005-12-28 00:00:00-05:00,92.94604732845653,93.3155093116375,92.46791225319372,92.71422576904297,1809100,0.0,0.0
2005-12-29 00:00:00-05:00,92.33030234277017,93.26484045049381,92.33030234277017,92.74324035644531,1684500,0.0,0.0
2005-12-30 00:00:00-05:00,92.11294459944341,92.77943647609823,91.7869418764241,92.51863098144531,1962500,0.0,0.0
2006-01-03 00:00:00-05:00,91.78694558012562,93.77192380544501,89.99757562898571,93.3589859008789,6188700,0.0,0.0
2006-01-04 00:00:00-05:00,92.25783766997023,93.38797278675219,91.55512690254538,92.0694808959961,4861600,0.0,0.0
2006-01-05 00:00:00-05:00,91.27985014101228,92.23611501664512,90.99731771369326,92.03327178955078,3717400,0.0,0.0
2006-01-06 00:00:00-05:00,92.21437376374497,93.63428174435771,92.21437376374497,93.3372573852539,4319600,0.0,0.0
2006-01-09 00:00:00-05:00,93.0909544191801,94.62677051896986,92.7287328066541,94.46015167236328,4723500,0.0,0.0
2006-01-10 00:00:00-05:00,94.21382960009153,96.31471021826383,94.19209719090611,95.64822387695312,5536800,0.0,0.0
2006-01-11 00:00:00-05:00,95.22808369625986,96.93053012537939,95.20635127836721,95.60479736328125,4671400,0.0,0.0
2006-01-12 00:00:00-05:00,95.19183602022088,96.50308755226081,95.17735511458889,95.8076171875,3725500,0.0,0.0
2006-01-13 00:00:00-05:00,95.64095114736811,96.82903701641091,95.55401048584334,96.53925323486328,2894900,0.0,0.0
2006-01-17 00:00:00-05:00,94.90207756146614,96.44514541333616,94.6050531390082,96.05393981933594,3621600,0.0,0.0
2006-01-18 00:00:00-05:00,94.94555031087826,96.11914508249069,94.90932593002364,95.89456939697266,4302700,0.0,0.0
2006-01-19 00:00:00-05:00,96.14810770907458,97.66944293491422,96.14086725615925,96.94499969482422,5010700,0.0,0.0
2006-01-20 00:00:00-05:00,96.42240423956228,97.30061485189037,95.26112137760487,95.3990249633789,5679900,0.25,0.0
2006-01-23 00:00:00-05:00,95.54419795779158,97.38772289297036,95.54419795779158,96.43692779541016,3847900,0.0,0.0
2006-01-24 00:00:00-05:00,96.26273839391376,97.32239888040559,96.05225045254272,96.53128051757812,3758000,0.0,0.0
2006-01-25 00:00:00-05:00,97.00305577934135,97.28611701597168,96.13936405974783,96.93773651123047,3740500,0.0,0.0
2006-01-26 00:00:00-05:00,96.53852008497394,100.4215491279714,96.53852008497394,99.72477722167969,4808200,0.0,0.0
2006-01-27 00:00:00-05:00,100.10947268777649,101.43043247310548,99.50706913162784,100.84253692626953,3687900,0.0,0.0
2006-01-30 00:00:00-05:00,101.28528235944573,102.07640084342789,100.67561367866041,101.51753234863281,3168600,0.0,0.0
2006-01-31 00:00:00-05:00,101.4158789267376,102.96183415405963,100.48685720486863,102.51909637451172,4906200,0.0,0.0
2006-02-01 00:00:00-05:00,102.6280050244705,103.75299602765399,101.92397889682483,102.85301208496094,3635900,0.0,0.0
2006-02-02 00:00:00-05:00,103.25949861019605,104.34819786698854,102.62804551037775,103.44094848632812,3711000,0.0,0.0
2006-02-03 00:00:00-05:00,102.73685281983578,103.8763515148332,102.11991922697024,103.60055541992188,4178900,0.0,0.0
2006-02-06 00:00:00-05:00,103.50626101794637,104.58770619593916,102.77320755322557,103.65868377685547,3849300,0.0,0.0
2006-02-07 00:00:00-05:00,103.31751773077104,104.01427874186155,101.23446655273438,101.23446655273438,5207700,0.0,0.0
2006-02-08 00:00:00-05:00,101.68442878902383,103.01263101019235,101.11830654153202,102.43925476074219,4481400,0.0,0.0
2006-02-09 00:00:00-05:00,102.43934356452289,103.68046561367268,101.9675783075812,102.22886657714844,3059500,0.0,0.0
2006-02-10 00:00:00-05:00,102.09820236767757,102.95465143618848,100.01516159080249,102.19981384277344,4433100,0.0,0.0
2006-02-13 00:00:00-05:00,101.35785675048828,102.91833172003234,100.9949571401037,101.35785675048828,2155200,0.0,0.0
2006-02-14 00:00:00-05:00,102.48282853688912,103.29573104256563,100.7191420771134,102.90379333496094,3003100,0.0,0.0
2006-02-15 00:00:00-05:00,103.06350459083073,105.60380223919628,102.62802056404053,105.34251403808594,4330700,0.0,0.0
2006-02-16 00:00:00-05:00,106.03925743111797,106.2207072138031,104.667497517011,105.89408874511719,2847300,0.0,0.0
2006-02-17 00:00:00-05:00,106.10457330601355,106.12634639325508,104.55861766297203,105.63279724121094,2407200,0.0,0.0
2006-02-21 00:00:00-05:00,105.64730399597975,105.78520758229402,103.79651427271607,104.1158676147461,2539800,0.0,0.0
2006-02-22 00:00:00-05:00,104.1158932771669,105.62555694580078,103.95621656679488,105.62555694580078,2664200,0.0,0.0
2006-02-23 00:00:00-05:00,105.68362538513362,105.68362538513362,104.36266548234752,104.4860610961914,2457400,0.0,0.0
2006-02-24 00:00:00-05:00,103.82554252807687,105.5311634241594,103.82554252807687,104.63117980957031,2314700,0.0,0.0
2006-02-27 00:00:00-05:00,105.10295625744982,105.42230960412452,104.0360307923386,104.3844223022461,2282200,0.0,0.0
2006-02-28 00:00:00-05:00,104.22477758110963,104.63122339245817,102.41753344691588,102.54817199707031,3911700,0.0,0.0
2006-03-01 00:00:00-05:00,103.04894117520982,104.32635453105841,102.74410691751343,103.89812469482422,2989900,0.0,0.0
2006-03-02 00:00:00-05:00,103.84008780238219,105.13926338414117,103.23767318995021,104.51507568359375,2902300,0.0,0.0
2006-03-03 00:00:00-05:00,104.15219194595127,107.0408698481026,103.86187667707428,105.96669006347656,4042700,0.0,0.0
2006-03-06 00:00:00-05:00,106.35863153409466,106.75056938373316,104.74010208974825,105.25542449951172,2900600,0.0,0.0
2006-03-07 00:00:00-05:00,104.78362676503956,104.84895710977881,103.91266994162393,104.71830749511719,2775400,0.0,0.0
2006-03-08 00:00:00-05:00,104.18848145753901,105.00137304945038,102.5263950225135,103.41913604736328,3633100,0.0,0.0
2006-03-09 00:00:00-05:00,103.54251335553033,104.07959765918149,102.4828416830985,102.84574127197266,2262100,0.0,0.0
2006-03-10 00:00:00-05:00,102.79492014834517,103.3900695939578,101.72072961023035,102.72233581542969,3247000,0.0,0.0
2006-03-13 00:00:00-05:00,102.7368674170304,103.75298175279043,101.01671597567254,102.13445281982422,4945700,0.0,0.0
2006-03-14 00:00:00-05:00,105.9086462135161,108.50700937227883,105.69090418041378,108.44894409179688,11360100,0.0,0.0
2006-03-15 00:00:00-05:00,107.63602388920278,108.6085921620861,107.12070158277888,108.14408111572266,7557100,0.0,0.0
2006-03-16 00:00:00-05:00,108.21664718230612,108.64486598125127,107.01907205625393,107.19326782226562,6025800,0.0,0.0
2006-03-17 00:00:00-05:00,107.59969023470994,109.98756381624226,107.44001358581338,109.1311264038086,6670000,0.0,0.0
2006-03-20 00:00:00-05:00,108.9061806636927,110.80051716634007,108.72473084954953,110.4521255493164,4896800,0.0,0.0
2006-03-21 00:00:00-05:00,110.03840043888682,110.32146164089389,108.15131837562966,108.43437957763672,4460600,0.0,0.0
2006-03-22 00:00:00-05:00,107.63601044276872,110.58275306327896,107.63601044276872,110.19082641601562,3770800,0.0,0.0
2006-03-23 00:00:00-05:00,109.71905538367706,110.29244290993071,109.19647911346797,110.08195495605469,3852700,0.0,0.0
2006-03-24 00:00:00-05:00,110.08924719192969,110.73521928691594,109.50861653433917,110.44489288330078,2651700,0.0,0.0
2006-03-27 00:00:00-05:00,110.41584576117175,112.76017428686872,110.41584576117175,112.49888610839844,4314600,0.0,0.0
2006-03-28 00:00:00-05:00,112.50615161440456,114.54565706098367,111.88922882080078,111.88922882080078,6481600,0.0,0.0
2006-03-29 00:00:00-05:00,112.42625546081433,114.36414844685842,112.38270929480225,113.87785339355469,4458100,0.0,0.0
2006-03-30 00:00:00-05:00,114.48034863209668,115.85937428600977,113.01424165953567,113.81261444091797,4771000,0.0,0.0
2006-03-31 00:00:00-05:00,113.95046721776274,114.95207359457342,113.40611785207278,113.92144012451172,3298400,0.0,0.0
2006-04-03 00:00:00-04:00,114.66903557973147,116.04079581596139,113.8924250115603,114.76338195800781,3979800,0.0,0.0
2006-04-04 00:00:00-04:00,114.76340049097419,117.11499459347442,114.76340049097419,116.85370635986328,5088800,0.0,0.0
2006-04-05 00:00:00-04:00,116.49073043989357,117.52136361075806,116.12783096811819,116.67218017578125,4191500,0.0,0.0
2006-04-06 00:00:00-04:00,116.17868338294626,117.63028178448351,116.17868338294626,117.6084976196289,4180900,0.0,0.0
2006-04-07 00:00:00-04:00,117.60847878424777,118.42138128979515,116.04801518243532,116.86817169189453,4964100,0.0,0.0
2006-04-10 00:00:00-04:00,117.94235717004796,119.06734802263308,117.18026587798605,117.913330078125,4470700,0.0,0.0
2006-04-11 00:00:00-04:00,118.30520163174612,118.52294348161327,115.04636110906867,115.51087188720703,4962800,0.0,0.0
2006-04-12 00:00:00-04:00,115.8593106928727,116.3455947475307,114.96656985054011,115.77947235107422,3404000,0.0,0.0
2006-04-13 00:00:00-04:00,115.0029073442377,115.90290254514183,114.82145750271165,115.71418762207031,2217100,0.0,0.0
2006-04-17 00:00:00-04:00,116.3092941726578,118.4576641672676,116.12784441575818,117.53589630126953,3381700,0.0,0.0
2006-04-18 00:00:00-04:00,118.1238192987962,120.61330522832112,117.08593176311211,120.15605926513672,4828300,0.0,0.0
2006-04-19 00:00:00-04:00,119.43028315114186,121.62220025043368,118.74077599576613,121.24478149414062,4670400,0.0,0.0
2006-04-20 00:00:00-04:00,120.52614629323307,122.88499238026131,120.52614629323307,122.33338928222656,4893900,0.0,0.0
2006-04-21 00:00:00-04:00,122.63890230087966,122.6680008904536,120.23879026046164,120.65335083007812,3591500,0.35,0.0
2006-04-24 00:00:00-04:00,120.36971209383799,120.92974346898693,118.91509321657107,120.2606201171875,3431400,0.0,0.0
2006-04-25 00:00:00-04:00,120.26060882636455,120.44243616895182,117.64955975243755,118.40596771240234,3361400,0.0,0.0
2006-04-26 00:00:00-04:00,118.91509683541668,119.75149827615415,117.96959231684716,118.84236145019531,3032600,0.0,0.0
2006-04-27 00:00:00-04:00,118.80599919734983,120.58062487490174,117.89686241468833,119.25692749023438,4063900,0.0,0.0
2006-04-28 00:00:00-04:00,119.14061607585917,119.9261119883958,115.38769485969529,116.58048248291016,5349000,0.0,0.0
2006-05-01 00:00:00-04:00,116.5877365570766,117.58414720440244,113.51848901357518,113.78759002685547,5652300,0.0,0.0
2006-05-02 00:00:00-04:00,114.62395208179393,116.36948999253825,114.27483562135755,115.51853942871094,3710700,0.0,0.0
2006-05-03 00:00:00-04:00,116.00579093358482,116.2603535346501,114.73300012396868,115.75122833251953,2521000,0.0,0.0
2006-05-04 00:00:00-04:00,115.75858683047481,116.60953764421619,114.91490511676345,114.9439926147461,2554600,0.0,0.0
2006-05-05 00:00:00-04:00,116.18762607946952,119.71507957329374,116.14398931012009,119.56233978271484,3737500,0.0,0.0
2006-05-08 00:00:00-04:00,119.56233007696727,121.1333202331534,117.9695215378776,118.93684387207031,2395700,0.0,0.0
2006-05-09 00:00:00-04:00,119.09692525504042,120.92246802249814,119.06055756210775,120.55154418945312,2615300,0.0,0.0
2006-05-10 00:00:00-04:00,119.89698539062641,120.30427696851899,117.8605164033004,119.34422302246094,3215800,0.0,0.0
2006-05-11 00:00:00-04:00,119.5551936998953,119.63519822530618,115.35134376001584,115.84590911865234,3639600,0.0,0.0
2006-05-12 00:00:00-04:00,115.46038754206039,116.15132937392066,113.51120333446615,113.54029083251953,4579300,0.0,0.0
2006-05-15 00:00:00-04:00,112.44204944769034,114.18758775123969,109.90373538079237,111.38017272949219,6119200,0.0,0.0
2006-05-16 00:00:00-04:00,111.71480437563397,112.81303832248534,109.5474128968177,111.06021881103516,4016000,0.0,0.0
2006-05-17 00:00:00-04:00,109.71466800504889,109.93285202745157,106.91452134032308,107.79457092285156,7477600,0.0,0.0
2006-05-18 00:00:00-04:00,108.63091894975481,109.27822379152735,106.36898655248503,106.93628692626953,6076200,0.0,0.0
2006-05-19 00:00:00-04:00,107.86000622397056,109.42371728455205,106.73267422552533,108.66732025146484,6502500,0.0,0.0
2006-05-22 00:00:00-04:00,108.01274629120408,108.01274629120408,104.25255693558077,106.29629516601562,8472600,0.0,0.0
2006-05-23 00:00:00-04:00,107.67819815018018,108.28186650402732,104.51439666748047,104.51439666748047,5606600,0.0,0.0
2006-05-24 00:00:00-04:00,104.47800077738496,105.88898292283099,102.12879430003588,104.67437744140625,8759600,0.0,0.0
2006-05-25 00:00:00-04:00,105.60538113314244,107.14728546142578,105.22717692833331,107.14728546142578,5611300,0.0,0.0
2006-05-26 00:00:00-04:00,109.09642658601012,111.23471832275392,108.71095343323522,111.2347183227539,5749700,0.0,0.0
2006-05-30 00:00:00-04:00,109.82377519525659,110.51471725671307,108.55098309862281,108.97282409667969,5217200,0.0,0.0
2006-05-31 00:00:00-04:00,110.04191624895498,110.83468084450357,108.47819435452678,109.787353515625,5262200,0.0,0.0
2006-06-01 00:00:00-04:00,109.76556271725819,111.70747800366215,109.23462982044738,111.67839050292969,4206200,0.0,0.0
2006-06-02 00:00:00-04:00,113.09659950515139,114.1875634875162,111.71471623329978,112.07109069824219,4253400,0.0,0.0
2006-06-05 00:00:00-04:00,112.69655764368375,113.67114930234547,108.98728740467257,109.38729858398438,5400000,0.0,0.0
2006-06-06 00:00:00-04:00,110.10738159519092,110.59467761443634,107.27814816545377,108.54367065429688,6562400,0.0,0.0
2006-06-07 00:00:00-04:00,108.55096693864522,110.93654173965193,107.86002498004923,109.0600814819336,4319900,0.0,0.0
2006-06-08 00:00:00-04:00,108.2237171051771,109.58378308904787,105.09628226458126,108.92192840576172,7885500,0.0,0.0
2006-06-09 00:00:00-04:00,109.82370168716051,110.62374633727016,108.36181402416992,109.01638793945312,4407300,0.0,0.0
2006-06-12 00:00:00-04:00,109.31462747423653,109.62009615318465,105.45988464355469,105.45988464355469,5860300,0.0,0.0
2006-06-13 00:00:00-04:00,105.09623006002266,105.82353961061105,100.37598708147331,101.2778549194336,15679700,0.0,0.0
2006-06-14 00:00:00-04:00,101.64149767052825,103.10338569903874,99.48865677240818,100.73236083984375,10541300,0.0,0.0
2006-06-15 00:00:00-04:00,102.11425473666847,105.59807363987727,101.87425235515231,104.8198471069336,10870200,0.0,0.0
2006-06-16 00:00:00-04:00,104.2234372241243,105.16166144892243,103.72159197217115,104.73255157470703,6368000,0.0,0.0
2006-06-19 00:00:00-04:00,105.44533839650452,106.00536987304687,103.9689008565992,104.55075073242188,6517300,0.0,0.0
2006-06-20 00:00:00-04:00,105.20532752356496,106.17993080640332,104.43438113551437,105.64898681640625,5808700,0.0,0.0
2006-06-21 00:00:00-04:00,106.01994820814795,109.32920987896902,105.82357146297902,108.97282409667969,7645900,0.0,0.0
2006-06-22 00:00:00-04:00,108.88551139389462,109.46008102251483,106.87813004792622,107.86727142333984,4402000,0.0,0.0
2006-06-23 00:00:00-04:00,107.5326893934227,108.6600099820212,107.06721186391309,107.5835952758789,3488000,0.0,0.0
2006-06-26 00:00:00-04:00,108.31090633110088,109.06003406865975,107.71451843905804,109.02366638183594,3799600,0.0,0.0
2006-06-27 00:00:00-04:00,108.40549849415133,109.74374549953502,107.0308837890625,107.0308837890625,3666400,0.0,0.0
2006-06-28 00:00:00-04:00,107.21272558226298,108.0054904920842,105.51082354708751,106.5436019897461,4907100,0.0,0.0
2006-06-29 00:00:00-04:00,107.71450330170184,110.69646453857422,106.44171212675602,110.69646453857422,6656800,0.0,0.0
2006-06-30 00:00:00-04:00,110.69652080909869,111.07472491502168,108.732787074812,109.4091796875,5973300,0.0,0.0
2006-07-03 00:00:00-04:00,110.50009957432674,111.12558603295261,110.07098973934816,110.87830352783203,3250500,0.0,0.0
2006-07-05 00:00:00-04:00,110.33283557459417,110.33283557459417,109.09641179383621,109.787353515625,4478600,0.0,0.0
2006-07-06 00:00:00-04:00,110.76195778853996,110.76923798610059,109.24188361189526,109.51826477050781,3441000,0.0,0.0
2006-07-07 00:00:00-04:00,109.10369774593184,109.46008340807239,107.96182756365978,108.01273345947266,3618700,0.0,0.0
2006-07-10 00:00:00-04:00,108.5509443893276,109.39462608458422,107.75817968675516,108.26002502441406,2946100,0.0,0.0
2006-07-11 00:00:00-04:00,107.93265939732203,108.36904926976527,106.58714430335701,108.12903594970703,3817200,0.0,0.0
2006-07-12 00:00:00-04:00,108.15094739764432,108.53642064093229,105.5108208008805,105.65628051757812,4300100,0.0,0.0
2006-07-13 00:00:00-04:00,104.7543935416373,105.60534438293044,103.35069143787578,103.677978515625,6116700,0.0,0.0
2006-07-14 00:00:00-04:00,104.07795428096807,104.36887353111018,101.07416363778252,101.89602661132812,5659400,0.0,0.0
2006-07-17 00:00:00-04:00,101.89607247101156,103.47433286395858,101.24148721679997,102.45609283447266,4528700,0.0,0.0
2006-07-18 00:00:00-04:00,102.27424211948285,103.62703801886367,101.75057847469928,103.52521514892578,5874300,0.0,0.0
2006-07-19 00:00:00-04:00,103.78705525011209,107.53270553860378,103.78705525011209,106.89266967773438,6079400,0.0,0.0
2006-07-20 00:00:00-04:00,106.69628794379504,107.49633273181261,105.45986416965403,105.59077453613281,4264500,0.0,0.0
2006-07-21 00:00:00-04:00,105.75120887411228,105.75849554186661,103.3817402659784,103.55670928955078,4682400,0.35,0.0
2006-07-24 00:00:00-04:00,104.47528803899773,107.53736676604443,104.30030797971469,107.09992218017578,4610700,0.0,0.0
2006-07-25 00:00:00-04:00,107.09995301274793,109.11947200357055,105.96261011167793,108.2591781616211,4984000,0.0,0.0
2006-07-26 00:00:00-04:00,107.5373822460092,108.49975602358238,106.94683975735272,107.44989776611328,3326000,0.0,0.0
2006-07-27 00:00:00-04:00,108.41229832937545,109.09033665970854,107.60303323331019,108.09150695800781,4085900,0.0,0.0
2006-07-28 00:00:00-04:00,109.10489276198895,111.07338293451762,108.8715970626417,110.61406707763672,4752200,0.0,0.0
2006-07-31 00:00:00-04:00,110.52654487332528,112.07944978283165,109.84122021740026,111.3649673461914,4370000,0.0,0.0
2006-08-01 00:00:00-04:00,110.54845656568105,110.62865439793097,109.0611533357154,110.27869415283203,3468500,0.0,0.0
2006-08-02 00:00:00-04:00,109.5496197555035,109.72459986648812,107.566556329736,109.28715515136719,6139300,0.0,0.0
2006-08-03 00:00:00-04:00,108.44871905932028,111.65660949254756,108.24458118400653,110.89109802246094,3854000,0.0,0.0
2006-08-04 00:00:00-04:00,112.2763164233296,113.94587493502537,110.94212249710384,111.53996276855469,4892300,0.0,0.0
2006-08-07 00:00:00-04:00,110.90566387745568,112.89602471462388,110.64319932336092,111.29206848144531,3029800,0.0,0.0
2006-08-08 00:00:00-04:00,111.29213021093192,113.29706548978692,109.71735313757388,110.41725158691406,6199900,0.0,0.0
2006-08-09 00:00:00-04:00,111.91177238861953,112.09403911889416,109.06841584620673,109.36732482910156,4234300,0.0,0.0
2006-08-10 00:00:00-04:00,108.99555275698725,110.90570537249535,108.2664855144656,110.54846954345703,3782100,0.0,0.0
2006-08-11 00:00:00-04:00,111.07339704131766,111.45250399149039,109.35279793196665,110.16934967041016,2576500,0.0,0.0
2006-08-14 00:00:00-04:00,111.16817709000297,111.55458186312245,108.94451963405234,109.62984466552734,3110900,0.0,0.0
2006-08-15 00:00:00-04:00,111.09522840938357,112.26902667565747,110.24222138974538,111.29206848144531,4907000,0.0,0.0
2006-08-16 00:00:00-04:00,112.23980373228373,113.04178146278292,111.34305490612465,112.99803924560547,3563900,0.0,0.0
2006-08-17 00:00:00-04:00,112.20338873638046,114.36871826679112,112.16694429200759,112.60437774658203,3365700,0.0,0.0
2006-08-18 00:00:00-04:00,112.6044047888789,112.82312713103185,111.54725978060016,112.77208709716797,2742100,0.0,0.0
2006-08-21 00:00:00-04:00,111.66392351705167,112.45860401325093,110.55573837231823,112.15239715576172,3731200,0.0,0.0
2006-08-22 00:00:00-04:00,112.53877484791462,113.01266391554701,111.58369892335537,112.38566589355469,3696600,0.0,0.0
2006-08-23 00:00:00-04:00,111.84621015028821,112.82315760111047,110.92757829008758,111.32856750488281,2811300,0.0,0.0
2006-08-24 00:00:00-04:00,111.94822252497134,111.98467809419216,109.90683302006117,110.38072204589844,3100000,0.0,0.0
2006-08-25 00:00:00-04:00,109.86308202112399,110.39529769031465,109.17775742329324,109.41106414794922,2476200,0.0,0.0
2006-08-28 00:00:00-04:00,108.08417495799317,109.75373337277232,107.81442374733754,109.01737976074219,4151000,0.0,0.0
2006-08-29 00:00:00-04:00,109.06848399641557,109.20699745324302,106.19595675247277,107.23851776123047,4939600,0.0,0.0
2006-08-30 00:00:00-04:00,107.31862163273087,107.72689722615434,106.74995046693739,107.216552734375,2938000,0.0,0.0
2006-08-31 00:00:00-04:00,107.22390015540991,108.44872750265193,107.22390015540991,108.37581634521484,2834300,0.0,0.0
2006-09-01 00:00:00-04:00,108.4122562385305,108.94447201184046,107.26762688020533,108.73304748535156,3453100,0.0,0.0
2006-09-05 00:00:00-04:00,109.177779456332,110.46093332686083,108.66743479900119,110.29325103759766,3576000,0.0,0.0
2006-09-06 00:00:00-04:00,109.8339644308863,110.40993372354136,109.30174851305283,109.84854888916016,2962200,0.0,0.0
2006-09-07 00:00:00-04:00,109.43292270520236,109.8557716269341,108.15705590342466,108.31745147705078,3577600,0.0,0.0
2006-09-08 00:00:00-04:00,110.08909614900972,110.08909614900972,107.55194658445879,109.21421813964844,3277400,0.0,0.0
2006-09-11 00:00:00-04:00,108.81327430775625,110.25682417863659,108.7403631414293,110.08914184570312,3134200,0.0,0.0
2006-09-12 00:00:00-04:00,112.82315950549145,116.46849583846371,112.79400170968846,115.404052734375,10644400,0.0,0.0
2006-09-13 00:00:00-04:00,114.97390808684963,118.29845311109645,114.32503865119342,117.27776336669922,7605900,0.0,0.0
2006-09-14 00:00:00-04:00,116.46843480102312,118.9691288750589,116.30075253249483,118.48795318603516,5496800,0.0,0.0
2006-09-15 00:00:00-04:00,118.47343973472533,119.38477388653092,117.75895687462142,118.62654876708984,6845100,0.0,0.0
2006-09-18 00:00:00-04:00,118.12347361530263,120.15027958862319,118.10888915605116,118.99835205078125,5733300,0.0,0.0
2006-09-19 00:00:00-04:00,118.89624443411599,119.7273803463341,118.33485974460224,119.12225341796875,4851400,0.0,0.0
2006-09-20 00:00:00-04:00,120.02629219023126,121.87083063230305,119.73465874355917,121.46255493164062,6403800,0.0,0.0
2006-09-21 00:00:00-04:00,122.11872618638344,123.71538474453031,120.92305671527708,121.8635482788086,8052600,0.0,0.0
2006-09-22 00:00:00-04:00,121.71776528958335,122.7238815728722,120.8501735525076,122.13333892822266,5103900,0.0,0.0
2006-09-25 00:00:00-04:00,122.41035889907587,123.51854398117176,121.75420297364117,122.986328125,4780000,0.0,0.0
2006-09-26 00:00:00-04:00,122.43950909599015,123.88305858609228,121.76876881650149,122.97901153564453,6095300,0.0,0.0
2006-09-27 00:00:00-04:00,123.16130889739742,123.86850492624681,121.93648141939964,123.21234893798828,5185300,0.0,0.0
2006-09-28 00:00:00-04:00,123.17589873923949,123.94142150878906,122.33747592596475,123.94142150878906,4413800,0.0,0.0
2006-09-29 00:00:00-04:00,123.97783275874978,124.77979970103885,123.28522140528426,123.33625030517578,4394400,0.0,0.0
2006-10-02 00:00:00-04:00,122.8550483755195,124.99850665062175,122.8550483755195,124.44441986083984,4143700,0.0,0.0
2006-10-03 00:00:00-04:00,124.26222820023655,127.14932838102345,124.01434799652243,127.0035171508789,5823500,0.0,0.0
2006-10-04 00:00:00-04:00,126.35460742790428,128.79698647154655,126.35460742790428,128.7240753173828,8069400,0.0,0.0
2006-10-05 00:00:00-04:00,128.69497630117658,128.69497630117658,127.36078166839616,127.95132446289062,5749400,0.0,0.0
2006-10-06 00:00:00-04:00,127.0910494962589,128.3158775328592,126.71193128863584,128.06069946289062,4898200,0.0,0.0
2006-10-09 00:00:00-04:00,127.87835045228393,129.4021089740047,127.82003488058727,129.37294006347656,3985500,0.0,0.0
2006-10-10 00:00:00-04:00,129.08130008194001,131.1226896776727,128.89173556342902,130.40090942382812,6559900,0.0,0.0
2006-10-11 00:00:00-04:00,129.26356917851,130.48110961914062,128.86258014125357,130.48110961914062,5615300,0.0,0.0
2006-10-12 00:00:00-04:00,130.69985889240652,132.63188220964727,130.21867194840968,132.3329620361328,5754200,0.0,0.0
2006-10-13 00:00:00-04:00,132.11423453311156,134.1191687613837,131.7059476728054,134.03897094726562,5163300,0.0,0.0
2006-10-16 00:00:00-04:00,134.01713691654467,135.22738000360576,133.48490985525007,135.03782653808594,4699100,0.0,0.0
2006-10-17 00:00:00-04:00,134.3087136756838,134.6659604840911,132.79225309311474,133.4702911376953,5867200,0.0,0.0
2006-10-18 00:00:00-04:00,134.19936276194545,134.6222118156288,132.5808331955053,133.3973846435547,6127000,0.0,0.0
2006-10-19 00:00:00-04:00,132.39674289479012,133.4047878694841,131.41061097206705,131.5201873779297,5560400,0.35,0.0
2006-10-20 00:00:00-04:00,131.27904645608356,131.98759772722875,130.6435460742114,131.7757568359375,4206600,0.0,0.0
2006-10-23 00:00:00-04:00,131.65161654631868,135.04097145339315,131.63701528112725,134.9167938232422,4695800,0.0,0.0
2006-10-24 00:00:00-04:00,134.78531287089328,137.50994233925755,134.69764955147417,137.21044921875,5516100,0.0,0.0
2006-10-25 00:00:00-04:00,137.7948317459088,138.56182174971389,136.71374733687173,137.77291870117188,5224400,0.0,0.0
2006-10-26 00:00:00-04:00,138.1892429056293,141.4179052000513,137.53913006810123,141.2572021484375,5732100,0.0,0.0
2006-10-27 00:00:00-04:00,140.25645974787565,141.14762717144336,137.61218229374947,137.81671142578125,5703200,0.0,0.0
2006-10-30 00:00:00-05:00,137.32727838850462,139.18996444691038,136.37767263853308,138.6055908203125,5354900,0.0,0.0
2006-10-31 00:00:00-05:00,138.78825963209584,139.53333656784403,137.97014293151219,138.63485717773438,4548300,0.0,0.0
2006-11-01 00:00:00-05:00,139.5187435665646,140.40261066827065,134.95333965404612,135.13595581054688,7731800,0.0,0.0
2006-11-02 00:00:00-05:00,134.7780330731596,137.1739563137276,133.45589379573718,136.88177490234375,6191000,0.0,0.0
2006-11-03 00:00:00-05:00,137.98474771205963,138.0212731684099,135.35508204490492,136.69183349609375,4153100,0.0,0.0
2006-11-06 00:00:00-05:00,137.09358588141438,140.03005658941538,137.09358588141438,138.78826904296875,4639000,0.0,0.0
2006-11-07 00:00:00-05:00,138.93439094358192,139.82555881565577,137.73642921905753,137.82408142089844,3697900,0.0,0.0
2006-11-08 00:00:00-05:00,137.0715972803442,138.7297540700059,136.23156794178365,137.8897247314453,3989800,0.0,0.0
2006-11-09 00:00:00-05:00,137.61951301769318,138.0577961941716,134.97523498535156,134.97523498535156,4488400,0.0,0.0
2006-11-10 00:00:00-05:00,135.47190415120326,136.64795203469887,134.84370445295096,136.64064025878906,3319800,0.0,0.0
2006-11-13 00:00:00-05:00,137.07168844303771,138.6421941433677,136.764894624584,137.130126953125,3382300,0.0,0.0
2006-11-14 00:00:00-05:00,137.6194933177483,139.47487920044082,135.428100041058,139.05120849609375,4702800,0.0,0.0
2006-11-15 00:00:00-05:00,139.05850580896794,141.9438491378829,138.67136056433927,141.0599822998047,5090900,0.0,0.0
2006-11-16 00:00:00-05:00,141.71012644658703,143.75542946986243,141.71012644658703,143.69699096679688,4784000,0.0,0.0
2006-11-17 00:00:00-05:00,143.1564106614427,143.9014874738121,142.35290650528165,142.4697723388672,3397300,0.0,0.0
2006-11-20 00:00:00-05:00,142.69628591965773,144.7123645118204,142.46253186178015,144.23025512695312,3344800,0.0,0.0
2006-11-21 00:00:00-05:00,145.36243826228542,146.0125512337992,144.84380355318828,145.91758728027344,3447600,0.0,0.0
2006-11-22 00:00:00-05:00,146.09283640976952,147.89708383111008,146.08553578050862,147.76559448242188,3057200,0.0,0.0
2006-11-24 00:00:00-05:00,146.26083792674518,148.53989372092013,145.4719352840691,147.26158142089844,1978600,0.0,0.0
2006-11-27 00:00:00-05:00,147.0790130353559,147.62686134145332,141.0599822998047,141.0599822998047,6328200,0.0,0.0
2006-11-28 00:00:00-05:00,140.9796858076538,144.25947629315073,139.88398876769793,143.98919677734375,5864900,0.0,0.0
2006-11-29 00:00:00-05:00,144.62471277436725,145.69118501531577,141.02351593750367,143.331787109375,5915000,0.0,0.0
2006-11-30 00:00:00-05:00,143.15645278728937,143.49977204960376,141.111149626652,142.2945098876953,4082500,0.0,0.0
2006-12-01 00:00:00-05:00,142.95191844047233,143.48515447180787,139.89858179566855,142.0753631591797,4820900,0.0,0.0
2006-12-04 00:00:00-05:00,142.91527010788948,146.15123126454654,142.72535348979503,146.1293182373047,4259100,0.0,0.0
2006-12-05 00:00:00-05:00,145.87379174482967,147.73647887455058,144.7854065246367,147.26898193359375,3733000,0.0,0.0
2006-12-06 00:00:00-05:00,147.5538004061071,149.78171892856793,146.82333604766103,149.7451934814453,4133200,0.0,0.0
2006-12-07 00:00:00-05:00,150.9870179144589,150.9870179144589,146.09290773455226,146.23899841308594,5237500,0.0,0.0
2006-12-08 00:00:00-05:00,146.26821003879323,149.93513366694532,146.0928945527687,149.81826782226562,4968600,0.0,0.0
2006-12-11 00:00:00-05:00,150.11045107984262,150.11045107984262,147.4369484001681,147.9336700439453,5905800,0.0,0.0
2006-12-12 00:00:00-05:00,146.24631322714848,148.90520375726047,144.9533878459828,146.09291076660156,8926200,0.0,0.0
2006-12-13 00:00:00-05:00,146.61885126644444,147.39314193723496,144.6319867188286,144.85842895507812,5823000,0.0,0.0
2006-12-14 00:00:00-05:00,145.5085436073981,146.67729140585314,144.36172000089374,146.18788146972656,5081500,0.0,0.0
2006-12-15 00:00:00-05:00,146.5384586140493,147.51727820083727,145.94678425406553,145.9759979248047,5451400,0.0,0.0
2006-12-18 00:00:00-05:00,146.45805796402684,148.71518944913115,145.82985836682002,148.45953369140625,6018800,0.0,0.0
2006-12-19 00:00:00-05:00,147.53930094369179,148.0433235202238,146.40707809215047,146.99876403808594,4865700,0.0,0.0
2006-12-20 00:00:00-05:00,147.40037580016948,149.2411488272644,146.9986293802955,147.0935821533203,4336800,0.0,0.0
2006-12-21 00:00:00-05:00,147.8167917436629,148.0578463581564,144.4128246119713,144.70501708984375,4661800,0.0,0.0
2006-12-22 00:00:00-05:00,145.43545372494796,145.47196802493917,142.92265462628427,144.6976776123047,3500600,0.0,0.0
2006-12-26 00:00:00-05:00,145.28939548548283,146.53119414539663,144.84381166123256,145.9906463623047,2575600,0.0,0.0
2006-12-27 00:00:00-05:00,145.99059003503137,147.7656128681882,145.8883254826602,147.5172576904297,2887200,0.0,0.0
2006-12-28 00:00:00-05:00,147.794855675739,147.90442087161964,145.91755691563884,146.67724609375,2395600,0.0,0.0
2006-12-29 00:00:00-05:00,146.7722271327753,147.84601084309793,145.59618998394973,145.61810302734375,2762500,0.0,0.0
2007-01-03 00:00:00-05:00,146.53113752686866,148.51800123981607,144.50044774092984,146.61878967285156,6494900,0.0,0.0
2007-01-04 00:00:00-05:00,146.25358607546937,146.58229283304695,144.68309204148622,145.2528533935547,6460200,0.0,0.0
2007-01-05 00:00:00-05:00,144.94606074404638,146.0928953224089,144.55891546312225,145.39895629882812,5892900,0.0,0.0
2007-01-08 00:00:00-05:00,145.39890712102266,148.97817738741523,144.70496833215057,148.81747436523438,7851000,0.0,0.0
2007-01-09 00:00:00-05:00,148.678769776426,149.6722021450613,147.55385912103304,149.07322692871094,7147100,0.0,0.0
2007-01-10 00:00:00-05:00,148.576460155484,152.25800711334173,147.18858220107097,152.01695251464844,8025700,0.0,0.0
2007-01-11 00:00:00-05:00,152.1849925718907,155.71313793860728,151.64445589961875,154.77084350585938,9039400,0.0,0.0
2007-01-12 00:00:00-05:00,154.05495948246892,156.48010698657487,153.68972723035685,156.31210327148438,6618900,0.0,0.0
2007-01-16 00:00:00-05:00,154.01841696064926,157.1448035743503,154.01841696064926,156.01988220214844,5846600,0.0,0.0
2007-01-17 00:00:00-05:00,155.0045348329557,156.38511202635914,154.0184146353827,155.7569122314453,5306300,0.0,0.0
2007-01-18 00:00:00-05:00,156.13678364538364,156.91107421600722,152.74012824904335,153.16378784179688,6423200,0.0,0.0
2007-01-19 00:00:00-05:00,152.9808773200972,154.70765635532638,152.80526869859187,153.8662109375,5333700,0.35,0.0
2007-01-22 00:00:00-05:00,154.45154511208563,156.0319890404968,153.36134047002022,155.82711791992188,4980700,0.0,0.0
2007-01-23 00:00:00-05:00,155.71743317381217,156.15643811250797,154.129664593367,155.58572387695312,6293400,0.0,0.0
2007-01-24 00:00:00-05:00,156.22218971895666,161.09521853446574,155.87098375417222,161.04400634765625,6386800,0.0,0.0
2007-01-25 00:00:00-05:00,160.84642809914672,161.34396889031248,155.49048477042385,155.90023803710938,7853800,0.0,0.0
2007-01-26 00:00:00-05:00,156.99053588335508,157.23930642721777,154.09306576916734,156.21495056152344,7458200,0.0,0.0
2007-01-29 00:00:00-05:00,156.50756908944206,157.3709640338815,153.74912199799786,154.41494750976562,5890700,0.0,0.0
2007-01-30 00:00:00-05:00,154.44430915948112,155.3442799703632,152.4614348411657,152.7614288330078,6001000,0.0,0.0
2007-01-31 00:00:00-05:00,152.41012887310706,155.66612790541623,151.671119193382,155.23443603515625,7235100,0.0,0.0
2007-02-01 00:00:00-05:00,156.1709690899237,156.50753819829575,153.4564107259459,155.11734008789062,5734500,0.0,0.0
2007-02-02 00:00:00-05:00,154.3856900536113,156.5075742188246,154.3856900536113,156.16368103027344,3527000,0.0,0.0
2007-02-05 00:00:00-05:00,156.0685548992958,156.3758615394731,154.75151846665216,155.51979064941406,2995700,0.0,0.0
2007-02-06 00:00:00-05:00,156.0613485574679,157.94178749715172,155.62965636827244,157.0564422607422,3803100,0.0,0.0
2007-02-07 00:00:00-05:00,157.33440251819528,157.93439025548267,155.92225423082908,156.2515106201172,3621700,0.0,0.0
2007-02-08 00:00:00-05:00,155.18318875587653,157.46605530996004,153.5149465613361,156.50753784179688,5410500,0.0,0.0
2007-02-09 00:00:00-05:00,157.87574878065456,160.4293234693466,154.07830008349563,156.05384826660156,9109300,0.0,0.0
2007-02-12 00:00:00-05:00,156.39786373705826,156.58078521511328,153.55891882495894,154.48085021972656,5384400,0.0,0.0
2007-02-13 00:00:00-05:00,155.10277376962546,156.06860451549312,153.99793208122304,155.5052032470703,4022000,0.0,0.0
2007-02-14 00:00:00-05:00,156.36118634114553,160.31229466978112,155.695349868454,159.06842041015625,7696400,0.0,0.0
2007-02-15 00:00:00-05:00,159.46368046758747,160.1221935332205,158.34420155722455,158.64419555664062,3627200,0.0,0.0
2007-02-16 00:00:00-05:00,158.01490341075433,159.1416948665626,157.32711682820675,158.71731567382812,3118500,0.0,0.0
2007-02-20 00:00:00-05:00,159.74894544385833,162.3610576726515,158.0221666888146,161.6586456298828,6225500,0.0,0.0
2007-02-21 00:00:00-05:00,160.42208428202593,162.06837705116874,159.62454957559862,161.08059692382812,5225500,0.0,0.0
2007-02-22 00:00:00-05:00,161.7026068508945,162.98305735763236,159.5075488393439,160.21728515625,4273400,0.0,0.0
2007-02-23 00:00:00-05:00,160.35626002064717,160.82453847850735,157.71487387867242,158.40997314453125,5507400,0.0,0.0
2007-02-26 00:00:00-05:00,159.50019519834967,159.77822821673493,155.6003084556639,156.5807647705078,5552700,0.0,0.0
2007-02-27 00:00:00-05:00,153.47116063565625,153.94675213839545,142.42269597624247,143.4104766845703,18817600,0.0,0.0
2007-02-28 00:00:00-05:00,146.62986473285372,149.15419027502412,144.72016389400937,147.61764526367188,15940000,0.0,0.0
2007-03-01 00:00:00-05:00,144.22993605093313,148.31274513774676,142.00561559580356,146.0884246826172,14141300,0.0,0.0
2007-03-02 00:00:00-05:00,145.02014022662775,147.01032672772027,143.11043961950006,143.16897583007812,9842200,0.0,0.0
2007-03-05 00:00:00-05:00,141.61776532255922,144.50060868251603,138.91053054473167,139.02027893066406,13391800,0.0,0.0
2007-03-06 00:00:00-05:00,141.87383088116187,145.0200811388037,141.72749599666048,144.41278076171875,10796300,0.0,0.0
2007-03-07 00:00:00-05:00,144.49334443181522,145.60551024926616,143.04460931523386,143.11045837402344,8459500,0.0,0.0
2007-03-08 00:00:00-05:00,144.89572101528722,147.81515103271246,144.87377133704354,146.29324340820312,10789400,0.0,0.0
2007-03-09 00:00:00-05:00,148.49558536322797,148.5248590384536,145.5029940379696,147.5809783935547,7676900,0.0,0.0
2007-03-12 00:00:00-04:00,146.33714511830985,148.4517164186839,145.503023837721,148.23953247070312,9623200,0.0,0.0
2007-03-13 00:00:00-04:00,149.96639166827748,152.6004549944764,145.2543312816828,145.6274871826172,31973100,0.0,0.0
2007-03-14 00:00:00-04:00,146.33712052194744,147.91756410309716,144.53716902708751,146.44686889648438,20394300,0.0,0.0
2007-03-15 00:00:00-04:00,146.33709687428387,148.0711878995611,145.97125413209815,146.98829650878906,9741600,0.0,0.0
2007-03-16 00:00:00-04:00,146.91516597449532,147.10541140080673,145.07132605927643,145.60545349121094,10875200,0.0,0.0
2007-03-19 00:00:00-04:00,147.30301291123874,148.1663969268962,146.65912573709355,148.12249755859375,8186200,0.0,0.0
2007-03-20 00:00:00-04:00,148.15905923619022,149.57852028665937,147.80052918078852,149.26390075683594,6641900,0.0,0.0
2007-03-21 00:00:00-04:00,150.2443335016696,154.75883276694816,149.3809497660535,154.34909057617188,10934100,0.0,0.0
2007-03-22 00:00:00-04:00,154.8979284899326,154.93451502392938,153.13456249892997,153.7126007080078,8016100,0.0,0.0
2007-03-23 00:00:00-04:00,153.69789433996783,155.03688049316406,153.44181104710893,155.03688049316406,5106800,0.0,0.0
2007-03-26 00:00:00-04:00,155.12471673075885,155.2783756753571,153.14185428227074,154.9198455810547,6525100,0.0,0.0
2007-03-27 00:00:00-04:00,154.3930356527094,154.91985038675938,153.46380261081174,153.5589141845703,4806100,0.0,0.0
2007-03-28 00:00:00-04:00,152.34432444651895,152.68089370455345,150.8663158189603,151.2833709716797,7991200,0.0,0.0
2007-03-29 00:00:00-04:00,152.25645486883434,152.84180558577657,150.94674254829079,151.60525512695312,6380800,0.0,0.0
2007-03-30 00:00:00-04:00,151.78088078354943,152.94425834702506,149.77605798076493,151.18821716308594,5177000,0.0,0.0
2007-04-02 00:00:00-04:00,151.94918454873078,151.95649738725862,148.74439726057668,150.47117614746094,5797000,0.0,0.0
2007-04-03 00:00:00-04:00,151.4589337427369,153.4710693359375,151.07114123067285,153.4710693359375,5015300,0.0,0.0
2007-04-04 00:00:00-04:00,153.25156146230572,153.61740429757722,152.34427837620026,152.76864624023438,4141600,0.0,0.0
2007-04-05 00:00:00-04:00,152.55637870682253,152.55637870682253,151.758844442495,152.13931274414062,3010800,0.0,0.0
2007-04-09 00:00:00-04:00,152.60769782176595,153.55888033753854,151.7882022135188,152.87841796875,3610500,0.0,0.0
2007-04-10 00:00:00-04:00,152.4101133611426,153.51495460257257,152.34426433637526,152.95887756347656,3002700,0.0,0.0
2007-04-11 00:00:00-04:00,152.7028170336298,152.82720227401362,151.17359646318093,151.40773010253906,5550400,0.0,0.0
2007-04-12 00:00:00-04:00,150.91014797156123,151.83939176638108,150.28089793828227,151.49549865722656,3946200,0.0,0.0
2007-04-13 00:00:00-04:00,152.15402051589518,152.15402051589518,150.44187886632764,151.09307861328125,4320400,0.0,0.0
2007-04-16 00:00:00-04:00,152.36622707001283,157.4807027287398,152.2784171981609,156.96121215820312,10003000,0.0,0.0
2007-04-17 00:00:00-04:00,157.4221639671818,158.6806641850324,156.24414961784387,157.23924255371094,6064400,0.0,0.0
2007-04-18 00:00:00-04:00,156.65391755151114,159.9025927790083,156.55879483496363,158.59288024902344,6077200,0.0,0.0
2007-04-19 00:00:00-04:00,157.5612436008561,162.2220905111271,157.16613811582724,160.45140075683594,8880000,0.0,0.0
2007-04-20 00:00:00-04:00,162.1296042415345,162.833150377205,160.03363725675948,161.2281951904297,7393900,0.35,0.0
2007-04-23 00:00:00-04:00,161.96107074138493,164.14497707096402,161.57998273795565,163.00172424316406,5816300,0.0,0.0
2007-04-24 00:00:00-04:00,163.2435704757366,163.60267371370213,160.28283903364309,161.75587463378906,6724800,0.0,0.0
2007-04-25 00:00:00-04:00,162.62059488491943,165.66195124441197,161.30146422367784,165.33216857910156,7627000,0.0,0.0
2007-04-26 00:00:00-04:00,165.5520446342293,166.07237693330234,164.28420781421676,164.75323486328125,4730800,0.0,0.0
2007-04-27 00:00:00-04:00,164.19625351911856,165.41279615885873,163.41942858946078,164.36480712890625,3597400,0.0,0.0
2007-04-30 00:00:00-04:00,164.42342129595218,164.87778801942085,160.1142284031067,160.20950317382812,5484500,0.0,0.0
2007-05-01 00:00:00-04:00,160.55401938284425,161.16229092272545,157.82047090132173,160.18759155273438,6295500,0.0,0.0
2007-05-02 00:00:00-04:00,159.76251807762205,162.63531063877053,159.35944526799267,160.85447692871094,4859500,0.0,0.0
2007-05-03 00:00:00-04:00,161.51402038277973,162.64261291281576,160.165568970078,162.3714599609375,4414600,0.0,0.0
2007-05-04 00:00:00-04:00,163.13357328594478,166.6072998046875,162.2761228545639,166.6072998046875,5632300,0.0,0.0
2007-05-07 00:00:00-04:00,166.35819533694308,168.4834717735391,165.33220212944585,166.51942443847656,4637000,0.0,0.0
2007-05-08 00:00:00-04:00,165.5667056580771,165.61801090832842,163.3974597393211,164.8558349609375,4879700,0.0,0.0
2007-05-09 00:00:00-04:00,164.85585720027206,166.85654976271775,163.68329500512488,166.0430908203125,5195100,0.0,0.0
2007-05-10 00:00:00-04:00,165.2588480113852,166.34347057898998,163.39006501023658,163.5,4963100,0.0,0.0
2007-05-11 00:00:00-04:00,164.0936760980902,166.76126964493133,163.86649268449048,166.72462463378906,4956100,0.0,0.0
2007-05-14 00:00:00-04:00,167.11309657694008,167.82396755243835,165.14904852514493,165.75730895996094,4761900,0.0,0.0
2007-05-15 00:00:00-04:00,165.7645769341421,167.33288715844694,164.350160092989,164.4381103515625,5771800,0.0,0.0
2007-05-16 00:00:00-04:00,165.32483845676356,167.06171326907705,164.54068903418798,166.43878173828125,5161400,0.0,0.0
2007-05-17 00:00:00-04:00,166.17497046956646,167.03973451830848,165.07568731320768,166.6366729736328,4185200,0.0,0.0
2007-05-18 00:00:00-04:00,167.49405655193047,169.45077857482013,167.05433896325474,168.8058624267578,6726900,0.0,0.0
2007-05-21 00:00:00-04:00,169.0331156202605,169.79529159802678,167.5014503179534,167.99246215820312,7778600,0.0,0.0
2007-05-22 00:00:00-04:00,168.40280494750243,169.77325188512543,167.64064039887802,169.07704162597656,3568400,0.0,0.0
2007-05-23 00:00:00-04:00,169.80255000202334,170.32288212166569,167.40611033307758,167.48672485351562,4276600,0.0,0.0
2007-05-24 00:00:00-04:00,168.09503092358855,169.1063749022661,164.92910157238003,165.3907928466797,6211000,0.0,0.0
2007-05-25 00:00:00-04:00,166.21892249695176,166.32152180010453,164.2988450311704,165.28086853027344,4068800,0.0,0.0
2007-05-29 00:00:00-04:00,165.80860317757399,167.75066632190624,165.64737402795123,167.41355895996094,3734700,0.0,0.0
2007-05-30 00:00:00-04:00,165.808571947032,170.02249145507812,165.33222030172655,170.02249145507812,5393000,0.0,0.0
2007-05-31 00:00:00-04:00,170.17633750727998,171.4661588351581,168.62267663638704,169.1576690673828,4578100,0.0,0.0
2007-06-01 00:00:00-04:00,170.08104975182857,170.6746607220764,168.25623613228433,169.07704162597656,4093200,0.0,0.0
2007-06-04 00:00:00-04:00,168.5567003392724,169.03305175854229,167.04702037760492,168.34417724609375,3411600,0.0,0.0
2007-06-05 00:00:00-04:00,168.08775329589844,168.79862409049377,167.27428316922175,168.08775329589844,3676600,0.0,0.0
2007-06-06 00:00:00-04:00,166.92251356861826,167.04709767157357,164.7825766812612,166.61471557617188,4411400,0.0,0.0
2007-06-07 00:00:00-04:00,165.83781065770668,166.6659406738722,160.74446887428607,161.26480102539062,8363600,0.0,0.0
2007-06-08 00:00:00-04:00,161.30144557634512,164.94373707650334,160.31208651230426,164.9364013671875,5903000,0.0,0.0
2007-06-11 00:00:00-04:00,165.33222619053223,166.77595260278892,164.25492757463533,166.47547912597656,4285600,0.0,0.0
2007-06-12 00:00:00-04:00,166.28488803374492,169.37753875812982,165.3175247075672,166.98110961914062,7474500,0.0,0.0
2007-06-13 00:00:00-04:00,167.82387116210987,171.2243194580078,167.09101582952422,171.2243194580078,7359000,0.0,0.0
2007-06-14 00:00:00-04:00,166.87850967251953,168.04374708602225,164.89979112734306,165.44210815429688,14381600,0.0,0.0
2007-06-15 00:00:00-04:00,166.60010356816164,167.43555869882326,165.62540405197447,165.7646484375,7430400,0.0,0.0
2007-06-18 00:00:00-04:00,166.0284141930094,166.75393397436335,164.7459170801253,166.33621215820312,4370200,0.0,0.0
2007-06-19 00:00:00-04:00,165.74257025914585,168.2416097108586,165.25155851174677,168.16831970214844,4580200,0.0,0.0
2007-06-20 00:00:00-04:00,168.37356162320984,168.79861918161097,165.42015466866184,165.54473876953125,5831400,0.0,0.0
2007-06-21 00:00:00-04:00,165.6106711796254,166.28489685058594,162.8404784779126,166.28489685058594,8340800,0.0,0.0
2007-06-22 00:00:00-04:00,165.99181922368712,166.20434246045463,161.42613125649063,162.9871063232422,9778800,0.0,0.0
2007-06-25 00:00:00-04:00,162.04165527750442,163.5513355874891,157.60055341570921,158.83908081054688,11566700,0.0,0.0
2007-06-26 00:00:00-04:00,159.54266794830394,160.75921097434656,156.9556884765625,156.9556884765625,9711500,0.0,0.0
2007-06-27 00:00:00-04:00,156.83110650186646,161.08167143794768,155.7757925941509,160.7372283935547,9018600,0.0,0.0
2007-06-28 00:00:00-04:00,161.04501544729345,162.30552795312963,159.52067448250344,160.466064453125,5980200,0.0,0.0
2007-06-29 00:00:00-04:00,160.89841780396802,161.55065871333014,156.60388437909907,158.84642028808594,7853800,0.0,0.0
2007-07-02 00:00:00-04:00,159.39605132350053,160.9716859785315,158.29676821092465,160.6272430419922,5019900,0.0,0.0
2007-07-03 00:00:00-04:00,161.47737190890285,164.81919106979439,161.22087920336628,164.5626983642578,4676800,0.0,0.0
2007-07-05 00:00:00-04:00,164.37211134861448,164.37211134861448,162.10759114119438,162.19554138183594,5385600,0.0,0.0
2007-07-06 00:00:00-04:00,161.7851854486327,164.32087054459868,161.7412159053047,163.89581298828125,4122400,0.0,0.0
2007-07-09 00:00:00-04:00,163.44146879482471,165.45682181507067,163.06770525973116,163.64666748046875,3998900,0.0,0.0
2007-07-10 00:00:00-04:00,161.95373976214046,163.2069163955958,158.6778748069871,159.08827209472656,7960500,0.0,0.0
2007-07-11 00:00:00-04:00,159.01497076237752,160.49534188713594,157.30741623967077,158.82443237304688,8924700,0.0,0.0
2007-07-12 00:00:00-04:00,160.10689825605212,161.44068908691406,158.8244014812888,161.44068908691406,6072900,0.0,0.0
2007-07-13 00:00:00-04:00,161.27220115064264,163.29488975846695,160.6419448888913,162.8258514404297,5605300,0.0,0.0
2007-07-16 00:00:00-04:00,162.5986301603941,163.7565430780228,160.83245707838114,161.52133178710938,4654500,0.0,0.0
2007-07-17 00:00:00-04:00,162.5033575112016,162.78183495412352,160.23882586707086,160.78846740722656,5582200,0.0,0.0
2007-07-18 00:00:00-04:00,158.3187135870557,160.143527125592,155.6144760137668,157.55654907226562,11664000,0.0,0.0
2007-07-19 00:00:00-04:00,159.08825866985083,159.3960566096815,153.9216256329018,155.13816833496094,9461900,0.0,0.0
2007-07-20 00:00:00-04:00,154.757086299594,155.3433729046721,150.0814648817668,150.92425537109375,14540900,0.0,0.0
2007-07-23 00:00:00-04:00,151.81835555461737,152.3460124352513,149.55383463168138,150.2646942138672,7760400,0.0,0.0
2007-07-24 00:00:00-04:00,148.49847074115647,149.9128760808834,144.20393830168524,145.21527099609375,12344500,0.0,0.0
2007-07-25 00:00:00-04:00,146.4245523478293,149.3193297556746,144.94418089228344,148.88694763183594,13933200,0.0,0.0
2007-07-26 00:00:00-04:00,145.10534727040337,146.49044331977603,138.50964966720323,142.99472045898438,22690900,0.0,0.0
2007-07-27 00:00:00-04:00,142.9213246852923,144.51447728090267,139.86716513489074,141.43829345703125,17054700,0.35,0.0
2007-07-30 00:00:00-04:00,142.81121795815633,145.07247028771195,141.29147571745642,143.7069091796875,12195100,0.0,0.0
2007-07-31 00:00:00-04:00,145.76992193621538,146.092959561749,137.47377216328218,138.27401733398438,14744900,0.0,0.0
2007-08-01 00:00:00-04:00,137.31223990056398,138.83198188930484,134.24340516375378,138.75856018066406,16284300,0.0,0.0
2007-08-02 00:00:00-04:00,138.86867133271411,141.31346617667876,135.82186109195328,137.6279296875,13133400,0.0,0.0
2007-08-03 00:00:00-04:00,136.1228921062139,137.17275314323098,131.91607666015625,131.91607666015625,19828300,0.0,0.0
2007-08-06 00:00:00-04:00,131.56368604920166,137.92162144200063,128.48016434542765,137.87022399902344,18867300,0.0,0.0
2007-08-07 00:00:00-04:00,136.9819076804773,142.8993362936246,136.1082406048608,140.41049194335938,22763100,0.0,0.0
2007-08-08 00:00:00-04:00,140.9904326302514,145.73319024962606,138.58234856918435,141.91549682617188,20622000,0.0,0.0
2007-08-09 00:00:00-04:00,136.67356537348388,139.96999297206722,132.73105113981714,133.80294799804688,20868400,0.0,0.0
2007-08-10 00:00:00-04:00,131.15985861846562,135.3886976462358,128.89861810815694,132.51808166503906,20278700,0.0,0.0
2007-08-13 00:00:00-04:00,135.82922807861198,137.47377824380362,129.66218456366084,130.3155975341797,15296400,0.0,0.0
2007-08-14 00:00:00-04:00,131.12316094964348,131.25530656996636,124.07510326537187,124.625732421875,26255900,0.0,0.0
2007-08-15 00:00:00-04:00,124.07508976221271,127.39355092097706,120.2794212007786,121.06497955322266,22268000,0.0,0.0
2007-08-16 00:00:00-04:00,119.74349516360306,125.84446460094003,115.54402911286387,124.69915771484375,31328800,0.0,0.0
2007-08-17 00:00:00-04:00,130.7707622319992,132.78239830140956,125.17637307303292,128.4801483154297,26741100,0.0,0.0
2007-08-20 00:00:00-04:00,129.22902620764873,129.50066640498514,124.89740241918432,126.83561706542969,13174400,0.0,0.0
2007-08-21 00:00:00-04:00,126.64468976649826,130.16871815703806,124.80925948002726,128.83251953125,11796100,0.0,0.0
2007-08-22 00:00:00-04:00,130.3302885058438,132.187743794765,127.95890357122497,130.6019287109375,13427000,0.0,0.0
2007-08-23 00:00:00-04:00,131.99684735632985,132.79710376500873,129.1556038287206,130.3155975341797,10549400,0.0,0.0
2007-08-24 00:00:00-04:00,129.77963048283647,132.3418844402883,128.92065030316027,131.95277404785156,8935300,0.0,0.0
2007-08-27 00:00:00-04:00,131.6591577437708,132.18776284790482,130.13941526873958,130.64599609375,6664000,0.0,0.0
2007-08-28 00:00:00-04:00,128.48754442365558,129.3098253644885,124.99288683351693,125.50680541992188,11610600,0.0,0.0
2007-08-29 00:00:00-04:00,126.55658685633637,128.07631723805073,123.28217444726899,127.54037475585938,12797500,0.0,0.0
2007-08-30 00:00:00-04:00,124.77994057120152,127.32750838131277,124.65512141039319,125.82246398925781,9559600,0.0,0.0
2007-08-31 00:00:00-04:00,128.9573924038018,130.7561239526479,127.65056627777669,129.22169494628906,11023700,0.0,0.0
2007-09-04 00:00:00-04:00,129.34635486065824,134.86732876017135,129.34635486065824,132.7382354736328,10161800,0.0,0.0
2007-09-05 00:00:00-04:00,131.91612732591202,131.99688675997572,129.87512839512212,130.54322814941406,8987600,0.0,0.0
2007-09-06 00:00:00-04:00,131.04973375038534,131.93808701474654,128.7444335599663,131.54896545410156,9250600,0.0,0.0
2007-09-07 00:00:00-04:00,129.65482305890202,132.92188731142986,128.48014298486575,131.4021453857422,15144300,0.0,0.0
2007-09-10 00:00:00-04:00,132.51808504317063,136.60742966523102,131.04974061055933,134.80136108398438,12989300,0.0,0.0
2007-09-11 00:00:00-04:00,136.1889406874654,137.29019896795702,133.98642412648215,134.72059631347656,11334500,0.0,0.0
2007-09-12 00:00:00-04:00,134.45626824836515,135.27119966869208,133.39905870820306,134.0084228515625,7737700,0.0,0.0
2007-09-13 00:00:00-04:00,134.90416673750786,143.92713981764564,134.88214246363475,138.3694610595703,11292300,0.0,0.0
2007-09-14 00:00:00-04:00,137.25354639073976,140.22694725097605,136.25507134440957,139.92593383789062,9337600,0.0,0.0
2007-09-17 00:00:00-04:00,138.75858206233013,139.1256682582622,136.8056808113518,137.7380828857422,7751300,0.0,0.0
2007-09-18 00:00:00-04:00,140.0800984477522,147.39244939770288,137.59125441921748,147.20156860351562,22107700,0.0,0.0
2007-09-19 00:00:00-04:00,149.3967237318696,151.97366444385835,149.03697527586107,150.87240600585938,23115400,0.0,0.0
2007-09-20 00:00:00-04:00,154.86635326770957,154.91040182652648,149.36005936392309,149.42613220214844,27435100,0.0,0.0
2007-09-21 00:00:00-04:00,150.91642887169363,154.43311982543065,149.42606026873597,154.16146850585938,18187700,0.0,0.0
2007-09-24 00:00:00-04:00,154.9030282506289,157.7736336268574,152.4949438374176,154.49188232421875,13439800,0.0,0.0
2007-09-25 00:00:00-04:00,153.4419913494457,156.43007761085693,153.30249683762446,154.8369140625,11727900,0.0,0.0
2007-09-26 00:00:00-04:00,155.95289072626053,158.7794587816819,154.76353509277217,157.56072998046875,10681000,0.0,0.0
2007-09-27 00:00:00-04:00,158.17749495556248,160.3286266420558,157.2524414509344,159.15394592285156,8330100,0.0,0.0
2007-09-28 00:00:00-04:00,158.40506035297682,160.54150509463264,158.0306363972306,159.1245574951172,6156400,0.0,0.0
2007-10-01 00:00:00-04:00,158.1480853188852,164.17563467607135,158.14073642495654,163.7057647705078,9905600,0.0,0.0
2007-10-02 00:00:00-04:00,163.9039702428859,167.7583749182505,163.06701424719566,167.40597534179688,9419800,0.0,0.0
2007-10-03 00:00:00-04:00,166.10651411345665,169.32219297703193,165.68069275506588,166.9141082763672,10121400,0.0,0.0
2007-10-04 00:00:00-04:00,167.06092600741601,168.3090168031719,164.37385242893995,165.88624572753906,10039900,0.0,0.0
2007-10-05 00:00:00-04:00,166.73789315257238,168.6540835524993,165.89359937897015,167.75839233398438,7327700,0.0,0.0
2007-10-08 00:00:00-04:00,167.0315782636482,168.38246415190568,166.11386265611128,166.62779235839844,4142600,0.0,0.0
2007-10-09 00:00:00-04:00,167.2444538493902,175.98109982553802,166.06977367663634,175.614013671875,15123700,0.0,0.0
2007-10-10 00:00:00-04:00,174.0796531434778,175.4892630900248,172.45712688476056,173.22067260742188,9685200,0.0,0.0
2007-10-11 00:00:00-04:00,175.481885184235,175.481885184235,165.95966853137116,168.1328125,12887100,0.0,0.0
2007-10-12 00:00:00-04:00,169.35158462573102,171.9432128901184,168.6614606205814,171.4733428955078,6544800,0.0,0.0
2007-10-15 00:00:00-04:00,171.24567721972005,172.0238980118857,166.96545166022952,168.37506103515625,7024200,0.0,0.0
2007-10-16 00:00:00-04:00,167.21513074738314,167.39133618682573,163.86730581606002,165.0640106201172,7415500,0.0,0.0
2007-10-17 00:00:00-04:00,167.57483684719438,169.21203803103796,163.77916718821822,167.1123046875,9189000,0.0,0.0
2007-10-18 00:00:00-04:00,165.11534125961296,167.61887142255674,164.61610948654615,167.28115844726562,6499200,0.0,0.0
2007-10-19 00:00:00-04:00,166.03306732296326,167.00218017215101,159.7559028871761,159.8219757080078,13106800,0.0,0.0
2007-10-22 00:00:00-04:00,158.9630011942454,164.63815035285177,156.3787113719395,163.118408203125,12163500,0.0,0.0
2007-10-23 00:00:00-04:00,164.18294657132984,165.82748526891385,162.18599712205236,164.27838134765625,8176600,0.0,0.0
2007-10-24 00:00:00-04:00,163.5442235871065,165.79080031868435,158.43439046283464,165.27687072753906,12650800,0.0,0.0
2007-10-25 00:00:00-04:00,164.79150872345903,169.1225152968247,163.10028132648662,166.66656494140625,12088700,0.35,0.0
2007-10-26 00:00:00-04:00,171.22562831867685,174.2624859978198,168.65202315873285,173.47569274902344,9389300,0.0,0.0
2007-10-29 00:00:00-04:00,173.69622559114313,180.13758523119716,172.85061726737734,179.2772674560547,9892400,0.0,0.0
2007-10-30 00:00:00-04:00,177.39488805173906,181.18175889415974,176.0713177310785,176.71839904785156,10453400,0.0,0.0
2007-10-31 00:00:00-04:00,176.74048403646296,184.34364576492626,176.47576993276272,182.29946899414062,14384600,0.0,0.0
2007-11-01 00:00:00-04:00,179.08617065806558,179.71854271366655,175.55665246913065,176.63021850585938,12579000,0.0,0.0
2007-11-02 00:00:00-04:00,177.7992763350467,177.7992763350467,164.29888435476715,168.82843017578125,25177900,0.0,0.0
2007-11-05 00:00:00-05:00,161.7693990954841,165.37244031460145,156.4751300963638,160.58554077148438,21377900,0.0,0.0
2007-11-06 00:00:00-05:00,163.04888602592052,164.76217272917864,157.05605712293146,164.09303283691406,15570500,0.0,0.0
2007-11-07 00:00:00-05:00,160.96057381142353,163.0856353602715,156.73986961974651,157.48988342285156,13210300,0.0,0.0
2007-11-08 00:00:00-05:00,157.11482384546977,160.29874054302508,148.21751516202113,154.37210083007812,20301400,0.0,0.0
2007-11-09 00:00:00-05:00,148.9529394601802,160.7326914838201,148.9529394601802,155.39430236816406,16979700,0.0,0.0
2007-11-12 00:00:00-05:00,155.07806144578998,162.64446554056838,153.12213040267355,157.87962341308594,14406900,0.0,0.0
2007-11-13 00:00:00-05:00,162.46059980696464,171.35791015625,160.54877511966774,171.35791015625,17393800,0.0,0.0
2007-11-14 00:00:00-05:00,176.29190681497775,176.5125037286157,169.8873033031575,171.5564727783203,13943300,0.0,0.0
2007-11-15 00:00:00-05:00,169.20342682050733,171.83585729389586,164.51947132183642,166.93130493164062,10243100,0.0,0.0
2007-11-16 00:00:00-05:00,167.84316385339855,168.80643688086482,163.65922679040543,165.62986755371094,10083400,0.0,0.0
2007-11-19 00:00:00-05:00,164.35769069952104,167.9460219893882,159.2840080362731,162.16644287109375,11007900,0.0,0.0
2007-11-20 00:00:00-05:00,162.0635477382275,166.35043887355505,156.98987477450873,159.9164276123047,13433000,0.0,0.0
2007-11-21 00:00:00-05:00,156.92374775245528,158.29143559083963,151.79859572292034,154.0486602783203,14874300,0.0,0.0
2007-11-23 00:00:00-05:00,156.2692932420803,159.18113708496094,155.73986504882436,159.18113708496094,4737100,0.0,0.0
2007-11-26 00:00:00-05:00,157.83548389217728,159.89436974887522,151.0485242676575,152.5412139892578,9815200,0.0,0.0
2007-11-27 00:00:00-05:00,154.41628104839532,157.34283409046716,151.61473031600718,156.86488342285156,11946400,0.0,0.0
2007-11-28 00:00:00-05:00,159.98997224994778,167.54901584581222,159.62231444384534,167.29901123046875,15710600,0.0,0.0
2007-11-29 00:00:00-05:00,166.19602939885564,167.87989712875145,163.60771543331478,164.9901123046875,9774200,0.0,0.0
2007-11-30 00:00:00-05:00,171.0711276119413,172.22557820450228,165.27684974425355,166.65188598632812,11878600,0.0,0.0
2007-12-03 00:00:00-05:00,166.2474844713237,168.64462026532468,164.41655599360215,166.8357391357422,6800300,0.0,0.0
2007-12-04 00:00:00-05:00,162.54883245373728,164.31359627521778,158.2545928955078,158.2545928955078,10734100,0.0,0.0
2007-12-05 00:00:00-05:00,161.37236265048716,161.76942812817242,157.5266540761128,160.48997497558594,12954700,0.0,0.0
2007-12-06 00:00:00-05:00,157.72511919322005,164.2326635640253,157.57069805580244,163.614990234375,9987100,0.0,0.0
2007-12-07 00:00:00-05:00,163.9826760817671,164.74005001275867,159.5854933253264,160.21786499023438,7797700,0.0,0.0
2007-12-10 00:00:00-05:00,161.17379509085094,164.93860660000874,160.30611702646087,164.86508178710938,8412400,0.0,0.0
2007-12-11 00:00:00-05:00,164.7914846690517,167.24743466597818,154.9235563459356,155.2617950439453,12783500,0.0,0.0
2007-12-12 00:00:00-05:00,159.60021534162703,162.3944162024064,153.3132662098792,156.3133544921875,18041100,0.0,0.0
2007-12-13 00:00:00-05:00,154.30595856672392,157.5339930876897,150.69555685306287,153.29856872558594,17143300,0.0,0.0
2007-12-14 00:00:00-05:00,153.48978182960587,158.23991430525885,152.72504732514975,154.908935546875,10348500,0.0,0.0
2007-12-17 00:00:00-05:00,154.23980406998507,155.74720337074015,152.210336949863,153.40890502929688,13323900,0.0,0.0
2007-12-18 00:00:00-05:00,154.26921943274266,154.80599669412766,144.78364119579518,148.17344665527344,30016700,0.0,0.0
2007-12-19 00:00:00-05:00,149.03377974618613,151.54856929787763,147.53374066450155,150.12205505371094,11895100,0.0,0.0
2007-12-20 00:00:00-05:00,151.5191944828763,152.0045056758463,147.54113272055324,149.02647399902344,10108000,0.0,0.0
2007-12-21 00:00:00-05:00,151.36468327158084,154.600066622521,150.7543701282854,154.1221160888672,10853800,0.0,0.0
2007-12-24 00:00:00-05:00,155.15159647709373,158.05609094438958,154.93099954615428,157.5928497314453,3419400,0.0,0.0
2007-12-26 00:00:00-05:00,157.42374585553458,159.83558061227657,155.5560487917266,159.3355712890625,4290500,0.0,0.0
2007-12-27 00:00:00-05:00,158.0046085641469,160.1517286181689,155.85012817382812,155.85012817382812,5304600,0.0,0.0
2007-12-28 00:00:00-05:00,157.68838047844457,157.92368678488145,155.7471483304291,155.84274291992188,4209500,0.0,0.0
2007-12-31 00:00:00-05:00,155.58547151778222,159.40911153425688,154.04866414820376,158.12966918945312,5834300,0.0,0.0
2008-01-02 00:00:00-05:00,157.94582131387506,158.1296502466845,151.916234561731,152.65155029296875,9573500,0.0,0.0
2008-01-03 00:00:00-05:00,153.62217537755149,153.71040968302052,150.10736675600526,150.62208557128906,7751700,0.0,0.0
2008-01-04 00:00:00-05:00,147.79840485240652,150.00435119348722,145.80569505415338,147.01161193847656,10157900,0.0,0.0
2008-01-07 00:00:00-05:00,147.23220795751138,147.2469174079726,139.70258500470507,143.18797302246094,16044400,0.0,0.0
2008-01-08 00:00:00-05:00,143.98215563008486,146.6954721737663,138.9746578488312,139.34231567382812,13553700,0.0,0.0
2008-01-09 00:00:00-05:00,139.00411511289326,141.32771608837658,135.077530834343,140.996826171875,15901200,0.0,0.0
2008-01-10 00:00:00-05:00,139.23198676903056,146.62189816229755,137.53339863246455,144.7909698486328,14830500,0.0,0.0
2008-01-11 00:00:00-05:00,144.82772095320178,147.56308382118033,143.07031765870872,146.13658142089844,12400600,0.0,0.0
2008-01-14 00:00:00-05:00,147.18804279383656,148.6954412035371,146.34978391146947,148.27630615234375,9400200,0.0,0.0
2008-01-15 00:00:00-05:00,146.73223332471255,146.73223332471255,141.44531225378662,142.129150390625,11292700,0.0,0.0
2008-01-16 00:00:00-05:00,142.14384900860583,148.37197269503548,141.4747091566696,145.22482299804688,13026600,0.0,0.0
2008-01-17 00:00:00-05:00,145.80572784102256,146.69546466880766,139.45996173584408,140.43057250976562,12283800,0.0,0.0
2008-01-18 00:00:00-05:00,141.30559092989998,142.20267681775587,135.73925793134424,137.65843200683594,14975700,0.0,0.0
2008-01-22 00:00:00-05:00,131.0111481375559,141.79087497828098,128.98903071553823,140.21730041503906,19029400,0.0,0.0
2008-01-23 00:00:00-05:00,136.79809618077172,147.04104734182351,135.73189090692836,146.61456298828125,17635700,0.0,0.0
2008-01-24 00:00:00-05:00,147.13665956223574,147.79843913003148,142.79829068660234,146.47486877441406,11987200,0.0,0.0
2008-01-25 00:00:00-05:00,148.43423440079178,148.79517724339368,139.8895675999857,140.9650115966797,14019500,0.35,0.0
2008-01-28 00:00:00-05:00,140.41253060006602,144.71433958143444,140.41253060006602,144.5596466064453,10216000,0.0,0.0
2008-01-29 00:00:00-05:00,145.14159002405717,146.11392035499813,142.9538692589871,144.412353515625,7164500,0.0,0.0
2008-01-30 00:00:00-05:00,143.83778151897312,151.71950318446494,142.46031371535375,146.2538604736328,17597900,0.0,0.0
2008-01-31 00:00:00-05:00,144.70692369756173,149.68641075556764,143.63884224675743,146.99041748046875,14803500,0.0,0.0
2008-02-01 00:00:00-05:00,146.69586336332821,153.7894206004504,145.84876643800757,153.0528106689453,12207400,0.0,0.0
2008-02-04 00:00:00-05:00,153.09698309741853,153.2148433667849,146.7326746686969,147.9112548828125,9071300,0.0,0.0
2008-02-05 00:00:00-05:00,143.38848236809883,145.34049406003933,139.66860021499494,139.85275268554688,13276400,0.0,0.0
2008-02-06 00:00:00-05:00,141.0460950205928,142.05525847359468,137.1936274479832,137.87130737304688,9955500,0.0,0.0
2008-02-07 00:00:00-05:00,136.83999158888037,142.73286938149462,136.50851946100028,140.29469299316406,10839200,0.0,0.0
2008-02-08 00:00:00-05:00,139.21922817790147,140.4272675918649,136.78841400938063,137.79757690429688,7869300,0.0,0.0
2008-02-11 00:00:00-05:00,138.38691628030145,139.9558991676994,136.6411541874118,136.9136962890625,8875800,0.0,0.0
2008-02-12 00:00:00-05:00,137.14197763939953,137.19354570938717,131.4848209885939,133.0685272216797,18397200,0.0,0.0
2008-02-13 00:00:00-05:00,132.80334806725207,133.8640677553396,130.01160245576915,132.72232055664062,13933900,0.0,0.0
2008-02-14 00:00:00-05:00,131.4848259481692,133.40001558393914,130.01160660981438,130.05580139160156,10996700,0.0,0.0
2008-02-15 00:00:00-05:00,128.98037210263215,131.69845264676727,127.70602913872425,131.41854858398438,12449300,0.0,0.0
2008-02-19 00:00:00-05:00,132.8181069695839,133.59891153411755,127.19777077954807,128.0227813720703,10366600,0.0,0.0
2008-02-20 00:00:00-05:00,126.67483248605494,131.74271327832764,126.56434547334216,130.5641326904297,10793700,0.0,0.0
2008-02-21 00:00:00-05:00,131.48486416437157,132.00048883470825,128.70047970477862,129.03195190429688,8204800,0.0,0.0
2008-02-22 00:00:00-05:00,129.31178353355733,131.11647433117332,126.2474857055767,130.90286254882812,9631400,0.0,0.0
2008-02-25 00:00:00-05:00,129.1645143860319,131.1165255799368,126.74843548801033,130.6450958251953,12849200,0.0,0.0
2008-02-26 00:00:00-05:00,129.26026797866646,131.1165275837296,126.60110649212466,127.21249389648438,11517900,0.0,0.0
2008-02-27 00:00:00-05:00,126.57901824691444,133.53261616792534,126.33593567775254,133.17904663085938,15903400,0.0,0.0
2008-02-28 00:00:00-05:00,132.79598413079748,132.79598413079748,129.32655904337855,130.15892028808594,8828200,0.0,0.0
2008-02-29 00:00:00-05:00,128.45728279474287,129.30437891086163,124.4869595062352,124.9510269165039,11113300,0.0,0.0
2008-03-03 00:00:00-05:00,124.70061456659948,124.70061456659948,121.03230248442262,121.59949493408203,11920800,0.0,0.0
2008-03-04 00:00:00-05:00,120.51676146767683,122.6013690977359,118.00491869268,120.5093994140625,17887900,0.0,0.0
2008-03-05 00:00:00-05:00,120.73770439021008,123.97878272907455,119.82430427227396,121.51850891113281,13270000,0.0,0.0
2008-03-06 00:00:00-05:00,120.03055273533634,120.50198251090228,116.48009969680561,116.86312866210938,15129200,0.0,0.0
2008-03-07 00:00:00-05:00,115.64772898859027,120.30310793277599,115.64772898859027,117.90912628173828,15228600,0.0,0.0
2008-03-10 00:00:00-04:00,117.85020512779172,121.37856109972535,114.3439353107489,114.60175323486328,13725600,0.0,0.0
2008-03-11 00:00:00-04:00,119.25717481688824,121.4228103841202,116.0160947607532,120.1190185546875,20415300,0.0,0.0
2008-03-12 00:00:00-04:00,120.82610558631383,125.26786181758088,119.78012101050334,120.07476043701172,14444900,0.0,0.0
2008-03-13 00:00:00-04:00,118.1816743235789,123.23481783925669,115.47094450175403,121.8647232055664,18617600,0.0,0.0
2008-03-14 00:00:00-04:00,123.01384793954306,123.60313808181914,114.1745295247256,115.54462432861328,27102300,0.0,0.0
2008-03-17 00:00:00-04:00,104.62070860872453,113.52632006277022,103.32427916399318,111.24283599853516,38648800,0.0,0.0
2008-03-18 00:00:00-04:00,121.5111829442024,129.55496229223954,117.68080219199587,129.34133911132812,43276100,0.0,0.0
2008-03-19 00:00:00-04:00,131.07232374441298,131.45536391196003,121.83523238099716,122.63814544677734,24176100,0.0,0.0
2008-03-20 00:00:00-04:00,122.49820550286836,132.85493694421658,122.43191332192353,132.3172149658203,20801800,0.0,0.0
2008-03-24 00:00:00-04:00,131.85312955298437,135.91921803605598,129.75378751950035,131.76473999023438,15643700,0.0,0.0
2008-03-25 00:00:00-04:00,130.75559462944688,134.54176835141493,130.48305261460285,132.3172149658203,11666800,0.0,0.0
2008-03-26 00:00:00-04:00,131.47745607195486,131.88995566377784,128.4131573330257,129.26025390625,11610600,0.0,0.0
2008-03-27 00:00:00-04:00,130.09267084794848,130.5567386672627,123.29376482925765,123.85358428955078,15195800,0.0,0.0
2008-03-28 00:00:00-04:00,124.90694844765726,125.59199027223184,120.35469333680172,121.135498046875,11978700,0.0,0.0
2008-03-31 00:00:00-04:00,120.92923125010459,124.11139102679525,119.95691214485383,121.82789611816406,8977400,0.0,0.0
2008-04-01 00:00:00-04:00,126.32117427620057,130.3725267531051,125.37831496257526,130.27676391601562,14694100,0.0,0.0
2008-04-02 00:00:00-04:00,130.3799120240676,133.78304511407057,129.7169678147691,130.28414916992188,12058300,0.0,0.0
2008-04-03 00:00:00-04:00,128.75204709325374,131.9636668968637,127.34513064324105,130.03375244140625,10755800,0.0,0.0
2008-04-04 00:00:00-04:00,130.04850907448048,132.09628415364855,128.1701511629303,129.20140075683594,8496700,0.0,0.0
2008-04-07 00:00:00-04:00,131.5289983074145,133.87878454987168,130.32832115461508,131.6542205810547,10276200,0.0,0.0
2008-04-08 00:00:00-04:00,130.60088087788702,133.69463886820552,130.20310541012353,131.77944946289062,8629400,0.0,0.0
2008-04-09 00:00:00-04:00,131.30070607606316,131.77949798379683,127.5439913361819,128.2732391357422,11425400,0.0,0.0
2008-04-10 00:00:00-04:00,128.09644322137834,128.09644322137834,124.39129672540234,125.6288070678711,14744400,0.0,0.0
2008-04-11 00:00:00-04:00,123.750465082957,126.60114184260418,122.91809228656379,123.2348403930664,11355300,0.0,0.0
2008-04-14 00:00:00-04:00,122.60870345617785,123.41897876178733,120.32521973634256,120.50199890136719,9857900,0.0,0.0
2008-04-15 00:00:00-04:00,121.58478631959318,122.2403684546684,119.09504212042671,120.95130157470703,9134700,0.0,0.0
2008-04-16 00:00:00-04:00,122.38774248683441,124.61230775186455,122.21096328681625,124.52391815185547,9340800,0.0,0.0
2008-04-17 00:00:00-04:00,123.55896409205512,127.80183359923168,123.08753414681327,126.77058410644531,8730300,0.0,0.0
2008-04-18 00:00:00-04:00,130.31363929886453,134.82168757031906,130.31363929886453,132.53819274902344,16882100,0.0,0.0
2008-04-21 00:00:00-04:00,132.27299281234016,133.87879636400976,131.33012217273642,132.88436889648438,7820700,0.0,0.0
2008-04-22 00:00:00-04:00,132.4276534277795,133.59885982123433,131.48479417823194,132.4129180908203,6127000,0.0,0.0
2008-04-23 00:00:00-04:00,133.20850323777023,134.94690268098725,131.11653426501985,132.1109619140625,7435900,0.0,0.0
2008-04-24 00:00:00-04:00,132.8401947655303,139.50651500750072,132.1183203840328,139.06454467773438,13182700,0.0,0.0
2008-04-25 00:00:00-04:00,140.40770183968198,142.05340102347085,139.012923754742,141.69178771972656,12187400,0.35,0.0
2008-04-28 00:00:00-04:00,142.05339490172142,142.0607706281794,140.134647521444,140.3929443359375,6252600,0.0,0.0
2008-04-29 00:00:00-04:00,140.40036748040544,142.1936492919922,138.92441092344978,142.1936492919922,7127200,0.0,0.0
2008-04-30 00:00:00-04:00,142.7102417256814,143.8540990378191,140.0830408812217,141.22689819335938,10352600,0.0,0.0
2008-05-01 00:00:00-04:00,141.52209611683807,146.99789353383295,140.84315745911238,146.8945770263672,9483200,0.0,0.0
2008-05-02 00:00:00-04:00,150.09734865293822,150.09734865293822,146.11964758575212,147.79486083984375,9437100,0.0,0.0
2008-05-05 00:00:00-04:00,146.56980608044867,148.4221267440576,144.7543753070734,145.47021484375,6389900,0.0,0.0
2008-05-06 00:00:00-04:00,143.61046305631118,147.04205481241792,142.51087224378102,145.83177185058594,7508600,0.0,0.0
2008-05-07 00:00:00-04:00,145.82434093869344,146.444239261468,139.87623354624452,140.03858947753906,7075600,0.0,0.0
2008-05-08 00:00:00-04:00,140.76927511323385,141.24158048756527,136.71777265640355,138.533203125,9867500,0.0,0.0
2008-05-09 00:00:00-04:00,137.27869604528632,140.20108315859574,137.03516190906842,138.80630493164062,6467800,0.0,0.0
2008-05-12 00:00:00-04:00,139.80995316627673,142.2083820663022,138.2528188761418,141.75083923339844,5655000,0.0,0.0
2008-05-13 00:00:00-04:00,141.0865638061608,142.42968855411252,139.49254061670274,140.45928955078125,5776700,0.0,0.0
2008-05-14 00:00:00-04:00,140.65861815587246,142.05339619338739,139.72875862376173,140.311767578125,5031700,0.0,0.0
2008-05-15 00:00:00-04:00,140.053414055383,140.06817676310703,136.76203965365826,139.19735717773438,8015600,0.0,0.0
2008-05-16 00:00:00-04:00,139.88372366646334,139.9280005420733,137.26389967325773,138.10519409179688,6144400,0.0,0.0
2008-05-19 00:00:00-04:00,137.02038039897786,139.71400698295747,135.3968309742052,136.08314514160156,7009200,0.0,0.0
2008-05-20 00:00:00-04:00,135.2935051794,136.45212475892507,133.75850962115913,134.6293182373047,6889900,0.0,0.0
2008-05-21 00:00:00-04:00,134.71786687608952,135.537022789307,131.36744092951923,131.8028564453125,9068500,0.0,0.0
2008-05-22 00:00:00-04:00,130.03173627077575,132.77701564668587,129.14616482127454,130.76971435546875,8684100,0.0,0.0
2008-05-23 00:00:00-04:00,129.89150031879356,130.2531135831418,126.36396647218147,127.4045181274414,8145500,0.0,0.0
2008-05-27 00:00:00-04:00,126.75507098243826,128.92472765493054,126.0466185550826,128.34910583496094,8420000,0.0,0.0
2008-05-28 00:00:00-04:00,128.96904230720654,129.83247529011476,127.08720725403948,129.0207061767578,7238500,0.0,0.0
2008-05-29 00:00:00-04:00,128.76981747393287,132.4670841246348,128.40820410967385,130.061279296875,7755200,0.0,0.0
2008-05-30 00:00:00-04:00,131.21248017182103,131.99473498763604,129.77342543889247,130.1866912841797,5697400,0.0,0.0
2008-06-02 00:00:00-04:00,130.62211644384678,131.13869883301982,126.05403045690292,127.18313598632812,9847400,0.0,0.0
2008-06-03 00:00:00-04:00,127.92847937408649,128.1572507319421,123.68510625322406,125.88427734375,13187400,0.0,0.0
2008-06-04 00:00:00-04:00,125.4562612723081,129.55941719221593,125.12417342107038,127.00601959228516,10777500,0.0,0.0
2008-06-05 00:00:00-04:00,127.8252344447945,130.94687969977315,127.81047172487013,130.3269805908203,9721900,0.0,0.0
2008-06-06 00:00:00-04:00,129.19779553327672,129.19779553327672,125.04297637939453,125.04297637939453,10559000,0.0,0.0
2008-06-09 00:00:00-04:00,126.08354903519114,127.4340389004253,120.54871389335923,122.32723236083984,12998400,0.0,0.0
2008-06-10 00:00:00-04:00,120.84387705866115,125.03558598450057,120.4453739607562,123.39728546142578,11014600,0.0,0.0
2008-06-11 00:00:00-04:00,123.24232127719827,123.4268157701282,118.96943377562701,119.84761810302734,16468500,0.0,0.0
2008-06-12 00:00:00-04:00,120.46752463009368,125.2274801561852,120.46752463009368,123.05782318115234,11767100,0.0,0.0
2008-06-13 00:00:00-04:00,125.0651218726971,131.77333861685193,125.01345801200003,131.57408142089844,14343000,0.0,0.0
2008-06-16 00:00:00-04:00,131.16816068917274,136.34138032170077,130.33424228325708,134.37835693359375,16376300,0.0,0.0
2008-06-17 00:00:00-04:00,136.5553981429924,137.18268373584291,132.2013339146728,132.4227294921875,24422900,0.0,0.0
2008-06-18 00:00:00-04:00,130.37117326796238,136.78420276248505,129.55939310638408,134.88021850585938,16222400,0.0,0.0
2008-06-19 00:00:00-04:00,135.55922923578902,137.9871727718089,133.65524396170608,137.9502716064453,10588800,0.0,0.0
2008-06-20 00:00:00-04:00,136.5407283560398,137.7805263145686,134.93931702928,135.61825561523438,11331400,0.0,0.0
2008-06-23 00:00:00-04:00,136.2307098296014,136.2307098296014,130.6294496278506,131.7954559326172,9840000,0.0,0.0
2008-06-24 00:00:00-04:00,131.0796267042476,136.23072038531538,130.8729937998628,134.29721069335938,12663400,0.0,0.0
2008-06-25 00:00:00-04:00,135.13111425565478,138.00922314684328,135.1163515467994,135.5296173095703,10838800,0.0,0.0
2008-06-26 00:00:00-04:00,132.1054281219893,133.2050193158823,129.29373394810594,130.07598876953125,13603700,0.0,0.0
2008-06-27 00:00:00-04:00,130.6295319700538,131.5667675435238,127.14627356944003,128.8214874267578,12670600,0.0,0.0
2008-06-30 00:00:00-04:00,129.559471345181,131.55201054609498,127.88425741500774,129.07240295410156,9373300,0.0,0.0
2008-07-01 00:00:00-04:00,127.76614473898161,130.66639310076545,125.62600161516066,129.3896942138672,13940400,0.0,0.0
2008-07-02 00:00:00-04:00,130.45236214359576,134.78428899939988,129.286355660196,131.9430694580078,16256600,0.0,0.0
2008-07-03 00:00:00-04:00,133.05739708406657,134.57762952170737,131.55191609448147,132.016845703125,6185400,0.0,0.0
2008-07-07 00:00:00-04:00,133.3452341711632,134.24556814795042,123.53012543547688,125.32341766357422,17013300,0.0,0.0
2008-07-08 00:00:00-04:00,126.46734039967656,129.88418360590063,123.05050845410796,129.07240295410156,16790500,0.0,0.0
2008-07-09 00:00:00-04:00,129.77335931171942,130.96887936363373,123.6112421396068,124.73297119140625,12909300,0.0,0.0
2008-07-10 00:00:00-04:00,123.6187073595706,127.89160686047114,122.68885900828992,125.57435607910156,14106200,0.0,0.0
2008-07-11 00:00:00-04:00,122.76261325295101,123.89171840190681,116.96948293758743,119.90663146972656,24827400,0.0,0.0
2008-07-14 00:00:00-04:00,123.92127544019665,123.98031503673045,117.02118728234103,117.09497833251953,15944800,0.0,0.0
2008-07-15 00:00:00-04:00,115.89204098297145,120.74056104556125,112.35713190275258,116.45291137695312,25593100,0.0,0.0
2008-07-16 00:00:00-04:00,118.96937592244981,127.86938413173394,117.44913258103446,127.56681060791016,19366400,0.0,0.0
2008-07-17 00:00:00-04:00,129.6037001551754,136.12004761844702,129.03546517040547,133.7511444091797,24819100,0.0,0.0
2008-07-18 00:00:00-04:00,135.10898824744612,135.41893759802755,131.404336229385,134.93186950683594,11722200,0.0,0.0
2008-07-21 00:00:00-04:00,135.90605174979805,136.26765381770443,132.13498314868013,133.41168212890625,8841300,0.0,0.0
2008-07-22 00:00:00-04:00,131.69955930617192,138.76937866210938,130.84350212055105,138.76937866210938,11268100,0.0,0.0
2008-07-23 00:00:00-04:00,138.7250531243129,140.24528547481296,136.29711130193448,138.6438751220703,9871900,0.0,0.0
2008-07-24 00:00:00-04:00,139.10144337517346,139.10144337517346,132.66627588255503,133.0278778076172,8828100,0.0,0.0
2008-07-25 00:00:00-04:00,134.02607534171722,134.57324534605235,130.26246366045643,132.10360717773438,7233900,0.35,0.0
2008-07-28 00:00:00-04:00,132.31066886936313,134.78030753851556,127.3491987435292,127.8446044921875,9264500,0.0,0.0
2008-07-29 00:00:00-04:00,129.12375858298574,134.4845054394888,128.18470045728364,134.29965209960938,11149700,0.0,0.0
2008-07-30 00:00:00-04:00,136.05213543956043,138.1446777896303,133.80432251401533,137.6566619873047,9864200,0.0,0.0
2008-07-31 00:00:00-04:00,135.35704291778615,137.58268492839662,134.86902726603546,136.0816650390625,6062900,0.0,0.0
2008-08-01 00:00:00-04:00,136.79151346395304,137.53092705024466,132.10363403467747,134.57327270507812,7495400,0.0,0.0
2008-08-04 00:00:00-04:00,132.84307775101198,133.5307271266016,130.28470119785473,131.5121307373047,7551900,0.0,0.0
2008-08-05 00:00:00-04:00,132.27370188608555,133.7081661125285,129.76709016832444,133.66380310058594,8772200,0.0,0.0
2008-08-06 00:00:00-04:00,132.3550389993566,133.75992037515397,131.2459185608145,132.76171875,5832700,0.0,0.0
2008-08-07 00:00:00-04:00,131.03888122023665,131.98532974098487,126.55063517980413,127.42314910888672,9103100,0.0,0.0
2008-08-08 00:00:00-04:00,127.74104682007786,131.94831060443317,127.19388815961635,130.0997772216797,6634600,0.0,0.0
2008-08-11 00:00:00-04:00,130.41773922840824,135.46053275435227,129.44910947868098,131.61558532714844,8798500,0.0,0.0
2008-08-12 00:00:00-04:00,128.14040080731885,128.27348986219963,123.15674823877488,123.70391845703125,14023800,0.0,0.0
2008-08-13 00:00:00-04:00,123.48212556327512,125.2567144715193,120.08081699281914,121.92935180664062,12391300,0.0,0.0
2008-08-14 00:00:00-04:00,121.71488860572246,124.8869683882683,121.34518175876778,123.17892456054688,8660000,0.0,0.0
2008-08-15 00:00:00-04:00,123.77787435623591,123.99231069162653,120.03644206898161,120.65754699707031,8386200,0.0,0.0
2008-08-18 00:00:00-04:00,119.9771994370864,120.28775167290962,118.08430317156288,118.33570098876953,7421100,0.0,0.0
2008-08-19 00:00:00-04:00,117.18963290905857,119.60011651244345,116.01395703753445,116.82731628417969,8966300,0.0,0.0
2008-08-20 00:00:00-04:00,116.92347338239516,118.63151695234127,114.83093159052794,117.01219940185547,9443400,0.0,0.0
2008-08-21 00:00:00-04:00,115.19321590591895,116.82732458757516,112.82709513280794,115.65904998779297,14534400,0.0,0.0
2008-08-22 00:00:00-04:00,118.2987878781611,118.90510117323868,115.94005665002285,118.16568756103516,8321000,0.0,0.0
2008-08-25 00:00:00-04:00,117.26357437856502,117.31533873483048,114.69041877445038,115.13407135009766,6122500,0.0,0.0
2008-08-26 00:00:00-04:00,114.98622541828622,116.72385220176167,113.41128184103722,115.28199768066406,5995500,0.0,0.0
2008-08-27 00:00:00-04:00,114.39467944462724,115.2597919756792,113.433439538162,114.96401977539062,6660200,0.0,0.0
2008-08-28 00:00:00-04:00,116.26539611208253,119.6593017578125,115.8439249532052,119.6593017578125,8565800,0.0,0.0
2008-08-29 00:00:00-04:00,118.72020543961288,122.00320251242843,118.50578053285346,121.24160766601562,7586300,0.0,0.0
2008-09-02 00:00:00-04:00,123.85179994078128,124.89437600929077,120.3026117755189,122.23988342285156,8212100,0.0,0.0
2008-09-03 00:00:00-04:00,121.24161820906248,124.1622989333441,119.80715438290788,123.9330825805664,6673500,0.0,0.0
2008-09-04 00:00:00-04:00,122.85355499085198,123.85176778151614,118.30616623906019,118.97163391113281,7788700,0.0,0.0
2008-09-05 00:00:00-04:00,116.65726594987132,121.04938375290651,116.6202930199781,120.70185852050781,7539000,0.0,0.0
2008-09-08 00:00:00-04:00,126.43972216291294,127.51186959725689,120.1620968078412,125.50066375732422,14981500,0.0,0.0
2008-09-09 00:00:00-04:00,123.70393429935581,124.50250257858436,118.67591806859801,119.54103088378906,12437500,0.0,0.0
2008-09-10 00:00:00-04:00,118.23220554819373,119.04556485213043,115.14885283108538,116.52416229248047,12939000,0.0,0.0
2008-09-11 00:00:00-04:00,111.91766341464606,117.87733631533361,110.81593288744291,116.11013793945312,20752800,0.0,0.0
2008-09-12 00:00:00-04:00,114.15072342528363,119.61499178750526,112.64971408547255,114.0250244140625,15622500,0.0,0.0
2008-09-15 00:00:00-04:00,105.2037755114291,111.94722453592779,96.44171905501082,100.1905517578125,42202300,0.0,0.0
2008-09-16 00:00:00-04:00,87.25080879845147,100.03526556400134,85.86810327222598,98.34940338134766,48296400,0.0,0.0
2008-09-17 00:00:00-04:00,89.32117303341167,93.60976890780033,72.29986729743935,84.6628646850586,112060400,0.0,0.0
2008-09-18 00:00:00-04:00,78.37784689444082,88.7296379937066,63.81879032176437,79.85667419433594,114590700,0.0,0.0
2008-09-19 00:00:00-04:00,105.37384037774983,107.20019308559962,85.77198761475391,95.97589874267578,43208300,0.0,0.0
2008-09-22 00:00:00-04:00,98.1793200105277,100.29404299392475,89.04756475019161,89.30635833740234,21938700,0.0,0.0
2008-09-23 00:00:00-04:00,87.90887128848159,93.1291288363124,83.56112190349546,92.46366119384766,20037600,0.0,0.0
2008-09-24 00:00:00-04:00,94.97031570029885,98.85962844866894,93.18092991474707,98.342041015625,46611300,0.0,0.0
2008-09-25 00:00:00-04:00,99.26628467517585,102.03169584814528,95.20689958651512,100.1905517578125,19172100,0.0,0.0
2008-09-26 00:00:00-04:00,97.96491747453717,102.03169250488281,95.76145669829084,102.03169250488281,15806400,0.0,0.0
2008-09-29 00:00:00-04:00,99.44372617602913,99.5398422593746,77.63841788982447,89.24720764160156,24147600,0.0,0.0
2008-09-30 00:00:00-04:00,93.82418610563309,96.12376272678375,92.05698814988136,94.64493560791016,13129900,0.0,0.0
2008-10-01 00:00:00-04:00,94.14211472419574,100.07960911922426,92.41928013251726,99.45110321044922,13837100,0.0,0.0
2008-10-02 00:00:00-04:00,97.72833130371944,98.49732805823938,94.68194972423622,97.26249694824219,10894700,0.0,0.0
2008-10-03 00:00:00-04:00,98.22369452777093,104.99672544002533,93.86115904011604,94.64493560791016,16080700,0.0,0.0
2008-10-06 00:00:00-04:00,90.28240692154307,94.0312339588934,85.03257105427403,91.68729400634766,21368000,0.0,0.0
2008-10-07 00:00:00-04:00,94.2826108630048,94.2826108630048,82.82909242750611,85.03254699707031,17184000,0.0,0.0
2008-10-08 00:00:00-04:00,81.33550053149199,89.46905058464118,79.52393936707466,83.55374145507812,18223800,0.0,0.0
2008-10-09 00:00:00-04:00,87.06599610799248,87.9459005490284,73.94139796857111,74.93960571289062,28150500,0.0,0.0
2008-10-10 00:00:00-04:00,63.67089565847889,73.49770155321613,54.71659790188221,65.65991973876953,71312700,0.0,0.0
2008-10-13 00:00:00-04:00,73.15019752591772,85.51319548563805,67.28664666253167,82.07492065429688,45400500,0.0,0.0
2008-10-14 00:00:00-04:00,93.14393139404115,94.64494008814712,86.74800267389122,90.87393188476562,41605300,0.0,0.0
2008-10-15 00:00:00-04:00,84.62589969265535,89.254631252133,81.9196483567107,83.66466522216797,22250100,0.0,0.0
2008-10-16 00:00:00-04:00,85.0325742561018,87.61312645179414,76.89902367508337,83.11009979248047,27901700,0.0,0.0
2008-10-17 00:00:00-04:00,81.51296817453239,87.68707170381155,79.11726926422068,84.5149917602539,18413500,0.0,0.0
2008-10-20 00:00:00-04:00,86.91807127182578,91.53940628965408,85.51318429815036,89.83875274658203,16908300,0.0,0.0
2008-10-21 00:00:00-04:00,89.35070371503127,91.40627750249081,87.86448698967686,89.7278060913086,13588000,0.0,0.0
2008-10-22 00:00:00-04:00,86.65188176670262,88.87012257124636,82.07490976811839,85.0769271850586,15459100,0.0,0.0
2008-10-23 00:00:00-04:00,84.53548003234758,86.03364971874952,75.43519339765392,80.53046417236328,25529600,0.35,0.0
2008-10-24 00:00:00-04:00,71.20028322986917,77.8753097826694,71.20028322986917,74.46363067626953,24494800,0.0,0.0
2008-10-27 00:00:00-04:00,71.79364152658839,75.65032236410696,67.84053999011223,68.88629150390625,20595000,0.0,0.0
2008-10-28 00:00:00-04:00,71.93455004946823,72.12738577576559,60.98008993860743,69.39804077148438,50066600,0.0,0.0
2008-10-29 00:00:00-04:00,69.23486491485694,76.17689371457162,65.75643789216096,72.43146514892578,27769900,0.0,0.0
2008-10-30 00:00:00-04:00,75.02727308101403,75.094020605478,65.27432013734571,67.57349395751953,29700400,0.0,0.0
2008-10-31 00:00:00-04:00,65.993771588791,70.45862063846073,64.67359478580136,68.60444641113281,24881200,0.0,0.0
2008-11-03 00:00:00-05:00,68.2336014682967,70.6440276071224,64.75516932185917,66.0753402709961,19796200,0.0,0.0
2008-11-04 00:00:00-05:00,67.26203828564796,70.45863342285156,64.6587756137523,70.45863342285156,22105700,0.0,0.0
2008-11-05 00:00:00-05:00,68.81210871253917,70.24353135278848,64.15442425035724,64.84417724609375,15693100,0.0,0.0
2008-11-06 00:00:00-05:00,63.716823692882805,65.86024790116257,58.895972379307516,59.867557525634766,25933100,0.0,0.0
2008-11-07 00:00:00-05:00,60.40895146586677,60.705620264742805,55.62518759600501,57.68702697753906,31450400,0.0,0.0
2008-11-10 00:00:00-05:00,58.42130497915384,58.75505965469684,50.81177985901958,52.81428527832031,47450700,0.0,0.0
2008-11-11 00:00:00-05:00,51.44220753802475,55.93672382040462,49.45453264345091,55.38788986206055,47573900,0.0,0.0
2008-11-12 00:00:00-05:00,53.392776985900575,54.6165325923997,47.86734237822261,49.53609848022461,34436600,0.0,0.0
2008-11-13 00:00:00-05:00,50.27779085899915,52.21354927553369,45.25668652895324,51.909461975097656,39994000,0.0,0.0
2008-11-14 00:00:00-05:00,50.32227387520498,51.91686441390121,48.297519331816765,49.491607666015625,22186300,0.0,0.0
2008-11-17 00:00:00-05:00,48.05276690279022,49.194938595616726,45.79809097573532,46.346927642822266,20299400,0.0,0.0
2008-11-18 00:00:00-05:00,46.524937146930355,48.579362432038984,44.91551535263943,46.005767822265625,25737100,0.0,0.0
2008-11-19 00:00:00-05:00,45.48660055060495,47.05893940113997,40.4506629970136,40.925331115722656,30481500,0.0,0.0
2008-11-20 00:00:00-05:00,40.050165323110726,42.67567683997801,36.341816682081955,38.56682586669922,55618000,0.0,0.0
2008-11-21 00:00:00-05:00,40.45066742239455,40.45066742239455,35.1625614985544,39.538414001464844,39591500,0.0,0.0
2008-11-24 00:00:00-05:00,41.629910328071894,51.991031443848655,40.99207409771843,50.00335693359375,44615400,0.0,0.0
2008-11-25 00:00:00-05:00,52.962642530738364,55.2543994705553,49.335872044241455,53.237056732177734,38662400,0.0,0.0
2008-11-26 00:00:00-05:00,51.64245559586847,58.18398167029574,51.47187474544207,56.737728118896484,25006900,0.0,0.0
2008-11-28 00:00:00-05:00,56.32238772692547,60.21615288441949,55.06154609035743,58.584476470947266,11525000,0.0,0.0
2008-12-01 00:00:00-05:00,56.21854849020419,56.21854849020419,47.607765429434735,48.772186279296875,28592700,0.0,0.0
2008-12-02 00:00:00-05:00,47.20728119972896,49.69187375582182,44.66335370499426,48.208534240722656,35316700,0.0,0.0
2008-12-03 00:00:00-05:00,46.77710684433347,51.8204629697969,46.07252007716619,51.13812255859375,29036300,0.0,0.0
2008-12-04 00:00:00-05:00,50.574454168067646,52.39896078922601,48.9798633228001,50.0849494934082,23838500,0.0,0.0
2008-12-05 00:00:00-05:00,49.50645595157493,52.80688408495013,48.22336479073433,52.45088577270508,23811700,0.0,0.0
2008-12-08 00:00:00-05:00,54.78714972541965,58.243328023396266,54.52756077070003,57.219825744628906,22756000,0.0,0.0
2008-12-09 00:00:00-05:00,55.93672788567289,57.7538220610258,53.073882366953804,53.9713020324707,17049900,0.0,0.0
2008-12-10 00:00:00-05:00,54.73522135384171,54.80938718568085,51.43478808134264,53.05162811279297,14093300,0.0,0.0
2008-12-11 00:00:00-05:00,52.176434873923085,54.88352898956542,51.24192995810255,51.70176696777344,15387500,0.0,0.0
2008-12-12 00:00:00-05:00,48.727689325472255,52.324791328763546,48.579357672311524,50.24069595336914,15777100,0.0,0.0
2008-12-15 00:00:00-05:00,49.78087899039607,50.663462204220075,48.29012110869706,49.29137420654297,13821600,0.0,0.0
2008-12-16 00:00:00-05:00,51.59795067740235,57.850225247834864,50.83403194166749,56.366886138916016,44110400,0.0,0.0
2008-12-17 00:00:00-05:00,55.86997580954057,60.29032622213141,54.987387119794214,58.428733825683594,24790900,0.0,0.0
2008-12-18 00:00:00-05:00,59.08883217048586,60.21617344597336,58.03566240249768,59.370670318603516,19998100,0.0,0.0
2008-12-19 00:00:00-05:00,58.86630620842467,59.874977111816406,57.5906338506946,59.874977111816406,20379300,0.0,0.0
2008-12-22 00:00:00-05:00,59.33355554357752,59.42997053427986,55.543624230552396,57.10854721069336,13175500,0.0,0.0
2008-12-23 00:00:00-05:00,57.41263889113455,57.85022118143208,55.662298412965924,55.77354431152344,9468000,0.0,0.0
2008-12-24 00:00:00-05:00,56.02570324203194,56.91570419647648,55.81803672989408,56.693206787109375,3166000,0.0,0.0
2008-12-26 00:00:00-05:00,56.98245582570682,57.43487456844545,55.855115278444444,56.34461975097656,4657300,0.0,0.0
2008-12-29 00:00:00-05:00,56.685803928668825,57.1901394489713,55.6474654270473,56.78221893310547,6322300,0.0,0.0
2008-12-30 00:00:00-05:00,57.32365016922729,60.86141204833985,56.59681139406765,60.861412048339844,11031300,0.0,0.0
2008-12-31 00:00:00-05:00,60.99487983047614,63.89480942315611,60.1642138606553,62.58946990966797,14894100,0.0,0.0
2009-01-02 00:00:00-05:00,62.31508802314377,64.98510356929344,60.95783672209048,64.3472671508789,14088500,0.0,0.0
2009-01-05 00:00:00-05:00,63.642676147190116,67.45485801246497,63.38309287980581,65.8454360961914,15996700,0.0,0.0
2009-01-06 00:00:00-05:00,66.7873584016618,68.38194372159072,65.0592666515956,65.79351806640625,21551800,0.0,0.0
2009-01-07 00:00:00-05:00,64.45851192832099,65.15567755079849,62.04066728754142,62.671085357666016,12465500,0.0,0.0
2009-01-08 00:00:00-05:00,61.94423624839983,64.16924482376389,61.32123656337282,63.34599685668945,13448100,0.0,0.0
2009-01-09 00:00:00-05:00,63.71682829922072,64.4288303272189,59.63764612360319,62.240901947021484,12192900,0.0,0.0
2009-01-12 00:00:00-05:00,61.825590489654395,62.12225951980259,56.68581892266891,57.60548782348633,15776600,0.0,0.0
2009-01-13 00:00:00-05:00,55.002234470689814,58.50291113451732,54.668479669316945,57.79090881347656,25861100,0.0,0.0
2009-01-14 00:00:00-05:00,56.277887712198684,57.01955731880458,54.47563034180676,56.1369743347168,18336700,0.0,0.0
2009-01-15 00:00:00-05:00,55.64748208428514,56.51523435943239,51.17521426476634,54.75748062133789,25795400,0.0,0.0
2009-01-16 00:00:00-05:00,56.3520705788157,56.737736362392575,51.8797971947651,54.178977966308594,26049300,0.0,0.0
2009-01-20 00:00:00-05:00,51.62020348943393,52.10970814588195,43.85492463195199,43.90684127807617,33123100,0.0,0.0
2009-01-21 00:00:00-05:00,47.01444114168735,51.9910440767748,46.91060783788749,51.84271240234375,38168900,0.0,0.0
2009-01-22 00:00:00-05:00,49.89953621820395,54.65364168341795,48.60161425081046,52.6807975769043,24608200,0.0,0.0
2009-01-23 00:00:00-05:00,50.337106720674925,55.884790940067234,49.78085464298648,55.5584602355957,21924100,0.0,0.0
2009-01-26 00:00:00-05:00,56.41138917808359,58.40648225569331,53.971295462604694,55.031883239746094,18729300,0.0,0.0
2009-01-27 00:00:00-05:00,56.003461688230615,58.33230330582168,55.45462222176199,58.043052673339844,20655300,0.0,0.0
2009-01-28 00:00:00-05:00,62.50790979053119,66.08275685363378,61.83299343141214,65.04441833496094,34234400,0.0,0.0
2009-01-29 00:00:00-05:00,63.13832312778932,64.22115992957261,60.90590198463172,61.35090255737305,21624300,0.0,0.0
2009-01-30 00:00:00-05:00,61.99614653029941,62.87873498538939,58.85146965068985,59.874977111816406,20344900,0.0,0.0
2009-02-02 00:00:00-05:00,58.42872186990452,62.300237536456905,58.272971955082085,61.981319427490234,18485500,0.0,0.0
2009-02-03 00:00:00-05:00,62.522751573516736,62.671083234937086,59.185238265147305,61.417659759521484,19442500,0.0,0.0
2009-02-04 00:00:00-05:00,62.07776414444116,66.69095151403823,61.89234668205216,65.24469757080078,29780400,0.0,0.0
2009-02-05 00:00:00-05:00,64.35465451084055,70.23609336821114,63.97640717236406,68.86400604248047,33847500,0.0,0.0
2009-02-06 00:00:00-05:00,69.91718185917446,71.63044226625534,67.9072581764074,71.6230239868164,26559800,0.0,0.0
2009-02-09 00:00:00-05:00,71.95680362855646,73.17314734224347,70.18421320695502,72.60205841064453,18736400,0.0,0.0
2009-02-10 00:00:00-05:00,71.78620454302015,72.60204000859869,66.52776389634063,67.04693603515625,29857200,0.0,0.0
2009-02-11 00:00:00-05:00,68.04816666557917,70.41409383502241,67.06174501691285,70.2435073852539,19554400,0.0,0.0
2009-02-12 00:00:00-05:00,68.71567183432838,71.34859483960588,67.8405017058938,70.88876342773438,22915400,0.0,0.0
2009-02-13 00:00:00-05:00,70.45860849648004,72.66878628431563,70.08777371491962,71.53402709960938,22975200,0.0,0.0
2009-02-17 00:00:00-05:00,68.42643453930279,68.58960274630955,62.886162073427485,63.56849670410156,31078100,0.0,0.0
2009-02-18 00:00:00-05:00,65.03701334934098,65.03701334934098,60.12715823455961,62.671085357666016,32610600,0.0,0.0
2009-02-19 00:00:00-05:00,64.0876769864419,65.91218364112405,63.43500407490367,63.79100799560547,24476100,0.0,0.0
2009-02-20 00:00:00-05:00,61.1116259718591,64.98936540608011,59.1131002567476,63.080322265625,36146100,0.467,0.0
2009-02-23 00:00:00-05:00,64.51214871161382,65.45175050324033,59.500916398735775,59.709716796875,22298600,0.0,0.0
2009-02-24 00:00:00-05:00,60.79844653504564,69.4189531465322,60.78353466392389,69.33692932128906,33115800,0.0,0.0
2009-02-25 00:00:00-05:00,68.2705172276515,69.7246657345999,65.10121423971513,67.05499267578125,36249600,0.0,0.0
2009-02-26 00:00:00-05:00,68.8298230905452,70.09754232492445,67.12958005081812,68.71796417236328,27516400,0.0,0.0
2009-02-27 00:00:00-05:00,66.09303016364868,69.63519312208456,65.2503702869768,67.9200439453125,26041700,0.0,0.0
2009-03-02 00:00:00-05:00,65.51884074822472,67.27127842993322,63.803685585218766,64.33314514160156,24074100,0.0,0.0
2009-03-03 00:00:00-05:00,65.86932498635076,66.24963737416529,59.87374678848823,61.424842834472656,30943600,0.0,0.0
2009-03-04 00:00:00-05:00,63.3114939274868,65.62321985260014,60.77605020439672,63.73655319213867,28050800,0.0,0.0
2009-03-05 00:00:00-05:00,61.80515125485021,63.90807733415886,59.1727656888036,60.940120697021484,24826200,0.0,0.0
2009-03-06 00:00:00-05:00,61.395033522870236,62.99833016831945,54.623905083576915,56.413631439208984,33484400,0.0,0.0
2009-03-09 00:00:00-04:00,55.011655898591094,57.718617923947996,54.273396114121546,55.1458854675293,23648800,0.0,0.0
2009-03-10 00:00:00-04:00,57.92745386701492,63.72168816567391,57.494935468724364,63.59491729736328,35004400,0.0,0.0
2009-03-11 00:00:00-04:00,64.79547542038847,69.72467481140391,63.81858607518331,68.89692687988281,37989000,0.0,0.0
2009-03-12 00:00:00-04:00,68.62846700372151,72.70754777373875,67.24888902999326,72.5211181640625,30814100,0.0,0.0
2009-03-13 00:00:00-04:00,72.92383210508126,74.45255202119763,71.32053576771547,73.67700958251953,30959400,0.0,0.0
2009-03-16 00:00:00-04:00,74.81794255102682,75.62331994040352,69.49351262578251,70.0229721069336,28240800,0.0,0.0
2009-03-17 00:00:00-04:00,69.08338229776223,73.83361262892838,69.01627034334881,73.81869506835938,23327500,0.0,0.0
2009-03-18 00:00:00-04:00,72.76723874465733,79.63530791500051,72.11100258763256,78.48690032958984,34372900,0.0,0.0
2009-03-19 00:00:00-04:00,78.03948356453121,78.8746850864203,74.020059172289,74.04988861083984,28577100,0.0,0.0
2009-03-20 00:00:00-04:00,74.2064748928508,74.94473486717195,70.91785245285037,72.57334899902344,29137300,0.0,0.0
2009-03-23 00:00:00-04:00,76.43617182980528,83.46829986572266,75.5413116060874,83.46829986572266,33581800,0.0,0.0
2009-03-24 00:00:00-04:00,82.46901216869777,86.24235192129984,81.53686397605377,82.47647094726562,30914400,0.0,0.0
2009-03-25 00:00:00-04:00,82.87171225554283,84.94481489986556,79.14311897273349,84.22891998291016,32805900,0.0,0.0
2009-03-26 00:00:00-04:00,83.52050504562615,84.40791223233846,81.6189198424949,83.51304626464844,28844800,0.0,0.0
2009-03-27 00:00:00-04:00,81.73819247927078,83.14759976908516,80.40335588993837,80.59724426269531,21569500,0.0,0.0
2009-03-30 00:00:00-04:00,77.63672084604016,78.33769776190042,74.91484832763672,74.91484832763672,21354900,0.0,0.0
2009-03-31 00:00:00-04:00,76.66731758773078,80.91045769676185,76.42123480530127,79.06107330322266,25927400,0.0,0.0
2009-04-01 00:00:00-04:00,77.62930060685403,83.02830136379704,77.50998859627208,82.24530029296875,24883000,0.0,0.0
2009-04-02 00:00:00-04:00,85.91424713259019,86.4287948345618,83.893350223271,85.17598724365234,30053600,0.0,0.0
2009-04-03 00:00:00-04:00,84.11703258572568,89.30723164553044,83.93060299727273,89.03877258300781,23687100,0.0,0.0
2009-04-06 00:00:00-04:00,86.50334944477433,87.95749830192983,85.04920058761884,86.98806762695312,21098100,0.0,0.0
2009-04-07 00:00:00-04:00,85.01195267409354,89.30729503381198,84.69129332678258,86.56304931640625,22183000,0.0,0.0
2009-04-08 00:00:00-04:00,87.52499762678536,87.65922720772306,83.8933458515242,85.57121276855469,20406200,0.0,0.0
2009-04-09 00:00:00-04:00,89.3296315827734,93.1999129289723,87.58464710408377,92.71519470214844,25610700,0.0,0.0
2009-04-13 00:00:00-04:00,91.5816885619641,97.89047217489313,91.35051764403816,97.05525970458984,36460800,0.0,0.0
2009-04-14 00:00:00-04:00,92.29015169014593,92.64809349477227,85.83222475238192,85.83968353271484,79935800,0.0,0.0
2009-04-15 00:00:00-04:00,87.0403008483042,91.05226601796777,84.69128544719327,90.37366485595703,41345800,0.0,0.0
2009-04-16 00:00:00-04:00,91.79052605052844,92.22304432794097,89.17305711070885,90.37366485595703,23574500,0.0,0.0
2009-04-17 00:00:00-04:00,90.1126409308822,91.69356655207346,88.71069188600973,89.93367004394531,21841200,0.0,0.0
2009-04-20 00:00:00-04:00,87.22669859914703,88.66593560999553,85.75763216395057,85.76509094238281,21609500,0.0,0.0
2009-04-21 00:00:00-04:00,84.83294319367566,90.25431450747811,84.54956650563422,89.75468444824219,24772300,0.0,0.0
2009-04-22 00:00:00-04:00,88.44969728659947,93.06569795541586,87.87549068970132,89.85164642333984,28219000,0.0,0.0
2009-04-23 00:00:00-04:00,90.70918352700971,91.70099034047362,88.15136924929634,91.58167266845703,20133300,0.0,0.0
2009-04-24 00:00:00-04:00,91.90980678448766,92.24537783979433,89.67265124409444,90.45565795898438,22407200,0.0,0.0
2009-04-27 00:00:00-04:00,88.99403921309741,92.74500788507387,88.99403921309741,90.15736389160156,19129700,0.0,0.0
2009-04-28 00:00:00-04:00,89.61302622264652,91.16412268157637,89.33711390972329,89.98588562011719,14907300,0.0,0.0
2009-04-29 00:00:00-04:00,90.9925961621456,95.40725533036078,90.67939566364474,94.84050750732422,22999800,0.0,0.0
2009-04-30 00:00:00-04:00,95.83976954965061,96.68242393464668,93.34906615813105,95.8248519897461,24834600,0.0,0.0
2009-05-01 00:00:00-04:00,95.37742693769314,97.14478238028492,94.07987793735289,94.76593780517578,17536300,0.0,0.0
2009-05-04 00:00:00-04:00,95.08658602248855,100.2469519913543,94.07986698955654,100.04561614990234,23434000,0.0,0.0
2009-05-05 00:00:00-04:00,99.10598919013437,101.56686264231571,98.84499452898237,100.8211441040039,16811000,0.0,0.0
2009-05-06 00:00:00-04:00,102.01431664626143,104.66907329904379,101.45502764203717,103.81895446777344,20439300,0.0,0.0
2009-05-07 00:00:00-04:00,105.13142904069635,105.56394729288047,98.29318928315696,99.72496795654297,23188600,0.0,0.0
2009-05-08 00:00:00-04:00,100.59001799334776,104.09489440917969,99.29246306223455,104.09489440917969,19152000,0.0,0.0
2009-05-11 00:00:00-04:00,102.05160178532451,103.62506859168703,100.54524692654645,101.25367736816406,18391800,0.0,0.0
2009-05-12 00:00:00-04:00,102.1858439911719,103.20747508334658,98.5914853717139,100.977783203125,21101400,0.0,0.0
2009-05-13 00:00:00-04:00,99.32972739718657,99.47141576912412,95.49673377937236,96.39159393310547,18621300,0.0,0.0
2009-05-14 00:00:00-04:00,96.28720069978343,100.25442988443804,96.15297678750933,99.6280288696289,17411400,0.0,0.0
2009-05-15 00:00:00-04:00,99.94122873253798,101.4923250773711,98.58401516377212,100.22459411621094,14754700,0.0,0.0
2009-05-18 00:00:00-04:00,102.31255834635905,106.74958038330078,101.99935799562004,106.74958038330078,18622700,0.0,0.0
2009-05-19 00:00:00-04:00,106.33203846653127,108.02482328887274,105.2582015991211,105.2582015991211,15324300,0.0,0.0
2009-05-20 00:00:00-04:00,106.12323810931265,106.3618735815029,101.43267197438307,101.7458724975586,21426800,0.0,0.0
2009-05-21 00:00:00-04:00,100.22064241315343,104.25787363293799,100.12344604929147,102.54579162597656,16135500,0.35,0.0
2009-05-22 00:00:00-04:00,103.00936135617339,103.91400658724062,101.71595333888804,101.94024658203125,9058400,0.0,0.0
2009-05-26 00:00:00-04:00,100.6393568195583,106.21673052247057,100.6393568195583,106.20177459716797,13768700,0.0,0.0
2009-05-27 00:00:00-04:00,106.32880977344195,108.7735830772002,104.67652893066406,104.67652893066406,16696900,0.0,0.0
2009-05-28 00:00:00-04:00,105.90269019285046,108.6240861990219,104.13826785425405,108.14559936523438,14803100,0.0,0.0
2009-05-29 00:00:00-04:00,109.01287739840346,109.08016194619198,105.62608493004775,108.0858154296875,14130000,0.0,0.0
2009-06-01 00:00:00-04:00,109.00537546222986,110.1791585279554,107.14375695740027,107.9063491821289,18403800,0.0,0.0
2009-06-02 00:00:00-04:00,107.09891376678968,108.38484928102952,106.17184052851587,107.00920104980469,11988200,0.0,0.0
2009-06-03 00:00:00-04:00,106.09709432351175,107.14378081956251,105.22236102152065,106.27651977539062,11809700,0.0,0.0
2009-06-04 00:00:00-04:00,108.14560123071921,111.95855145275472,107.95869212979642,111.74921417236328,17166900,0.0,0.0
2009-06-05 00:00:00-04:00,112.93049644428139,113.020209174378,111.17354609303794,111.40531158447266,12817500,0.0,0.0
2009-06-08 00:00:00-04:00,110.31374624057513,111.72677849236969,109.29696034349371,110.91185760498047,10908900,0.0,0.0
2009-06-09 00:00:00-04:00,111.3978426559348,112.73610702132945,110.72497434404306,111.62960815429688,11566100,0.0,0.0
2009-06-10 00:00:00-04:00,112.09314900742982,112.13801678579217,108.04844370598143,109.663330078125,14346700,0.0,0.0
2009-06-11 00:00:00-04:00,109.24465573729198,110.61283207668927,108.40730640049198,108.51944732666016,12086500,0.0,0.0
2009-06-12 00:00:00-04:00,107.9437775700886,109.4764234965465,107.77181293574029,108.88579559326172,8209900,0.0,0.0
2009-06-15 00:00:00-04:00,107.78670189116453,108.85582751302177,106.83720079069397,106.91944122314453,8742100,0.0,0.0
2009-06-16 00:00:00-04:00,107.61476258322729,109.04275054449376,107.10636400609593,107.77924346923828,10129700,0.0,0.0
2009-06-17 00:00:00-04:00,107.72696627219518,107.72696627219518,103.94392650409245,104.46726989746094,14054600,0.0,0.0
2009-06-18 00:00:00-04:00,104.63916970931157,107.43532185330228,104.39244838930829,106.97926330566406,10526500,0.0,0.0
2009-06-19 00:00:00-04:00,107.05405740829718,107.95121880222528,105.81297825254984,107.00920104980469,9473700,0.0,0.0
2009-06-22 00:00:00-04:00,106.06719959403675,107.30080681492805,102.43368530273436,102.43368530273438,13939000,0.0,0.0
2009-06-23 00:00:00-04:00,103.42803862107476,105.58123555712838,102.8747948696927,105.55880737304688,11056800,0.0,0.0
2009-06-24 00:00:00-04:00,106.56060924801115,108.17550652004945,105.64849197813906,106.65032196044922,11531000,0.0,0.0
2009-06-25 00:00:00-04:00,105.84290310292808,108.1231852653567,105.30460391881951,107.98113250732422,10135900,0.0,0.0
2009-06-26 00:00:00-04:00,108.0259936638638,110.79224621900012,107.60730767339825,109.70817565917969,9837400,0.0,0.0
2009-06-29 00:00:00-04:00,110.27639532461552,111.77166848155946,109.2297086779663,111.66699981689453,7835800,0.0,0.0
2009-06-30 00:00:00-04:00,111.69689814276046,111.99595961329644,109.3343752696837,110.23153686523438,9614400,0.0,0.0
2009-07-01 00:00:00-04:00,110.34364589760763,111.30810317532085,109.61843772718075,110.14179229736328,7505000,0.0,0.0
2009-07-02 00:00:00-04:00,109.05028421938154,109.30447794710247,107.1213802581466,107.27838897705078,7685000,0.0,0.0
2009-07-06 00:00:00-04:00,106.65781208704405,109.49883270263672,106.35875068075597,109.49883270263672,11756800,0.0,0.0
2009-07-07 00:00:00-04:00,109.33437976236597,109.88015128248118,106.38868975270924,106.568115234375,9503000,0.0,0.0
2009-07-08 00:00:00-04:00,106.50080711426229,106.85966940622066,101.10287117994123,103.58502960205078,19399300,0.0,0.0
2009-07-09 00:00:00-04:00,105.9848958191781,108.32500060383514,105.34941194067629,107.06897735595703,15026500,0.0,0.0
2009-07-10 00:00:00-04:00,106.42605051951847,108.31008611192053,105.56626177902457,106.06717681884766,12685200,0.0,0.0
2009-07-13 00:00:00-04:00,109.69321935306812,112.0333250600607,108.44466786764535,111.72679138183594,23817800,0.0,0.0
2009-07-14 00:00:00-04:00,111.38292035030885,113.00529073655845,110.71005183532236,111.89131927490234,28813100,0.0,0.0
2009-07-15 00:00:00-04:00,113.64822240574338,116.61634027947471,112.61649177370536,116.07804107666016,21135600,0.0,0.0
2009-07-16 00:00:00-04:00,115.88365187661512,118.11908901002796,114.99396265950386,117.2593002319336,12643600,0.0,0.0
2009-07-17 00:00:00-04:00,116.53409194948293,118.08170490523653,116.27242603199716,117.2593002319336,9617200,0.0,0.0
2009-07-20 00:00:00-04:00,117.93961636678914,120.16756915842545,117.58822642281673,119.64422607421875,12433800,0.0,0.0
2009-07-21 00:00:00-04:00,119.53958220577996,119.62929492221053,117.39386941229155,119.47229766845703,10886500,0.0,0.0
2009-07-22 00:00:00-04:00,118.2686663361067,120.5564331017762,117.63317049762867,119.96580505371094,9499400,0.0,0.0
2009-07-23 00:00:00-04:00,119.7713726630472,124.42167290250434,119.09850433331107,123.69646453857422,12291900,0.0,0.0
2009-07-24 00:00:00-04:00,122.9338519607226,123.36001019908124,121.72268460206374,123.15067291259766,7294400,0.0,0.0
2009-07-27 00:00:00-04:00,123.13572979110926,123.71141309280078,121.1171135141457,122.51519012451172,7613000,0.0,0.0
2009-07-28 00:00:00-04:00,121.34142914952695,121.40871370930844,119.24804427254095,120.02558135986328,10244800,0.0,0.0
2009-07-29 00:00:00-04:00,119.03115662072648,120.35446439422581,118.05174368017373,119.20310974121094,9111300,0.0,0.0
2009-07-30 00:00:00-04:00,120.45176522050573,122.68720335784182,120.15271506392672,121.43116760253906,9415400,0.0,0.0
2009-07-31 00:00:00-04:00,121.39370444300945,122.51515891206387,120.59373952059019,122.0890121459961,7721200,0.0,0.0
2009-08-03 00:00:00-04:00,123.50953463787499,124.32445559996216,122.08902999922715,122.68714141845703,8361800,0.0,0.0
2009-08-04 00:00:00-04:00,121.85721169995762,123.71134602844805,121.83478352966301,123.48705291748047,8808900,0.0,0.0
2009-08-05 00:00:00-04:00,123.92076683287202,126.32068534581977,123.06846156255986,126.08143615722656,9593900,0.0,0.0
2009-08-06 00:00:00-04:00,126.64960505885827,127.80097153482643,123.96559304741491,124.66837310791016,8201800,0.0,0.0
2009-08-07 00:00:00-04:00,125.82716963579473,125.82716963579473,121.66283069492404,122.35065460205078,10771800,0.0,0.0
2009-08-10 00:00:00-04:00,122.01426839709384,122.5226671237625,119.17324755801872,119.89098358154297,8909700,0.0,0.0
2009-08-11 00:00:00-04:00,119.57702619085507,121.2816371048569,118.98638675716036,119.03872680664062,9785100,0.0,0.0
2009-08-12 00:00:00-04:00,119.52459512600868,122.90391392962601,119.30031339339806,122.43289947509766,9842700,0.0,0.0
2009-08-13 00:00:00-04:00,123.53942517832338,123.72633425159776,121.57313807690907,122.9712142944336,8922600,0.0,0.0
2009-08-14 00:00:00-04:00,122.58995327639492,122.9039592257995,120.21246336229277,121.66287994384766,6756800,0.0,0.0
2009-08-17 00:00:00-04:00,119.11345473264119,119.33026430188917,117.52845756754736,117.56584167480469,10146100,0.0,0.0
2009-08-18 00:00:00-04:00,119.3751063249258,120.29469593122629,119.24053724460076,119.9806900024414,8090000,0.0,0.0
2009-08-19 00:00:00-04:00,118.95640222513077,119.99561613911116,118.126525545044,119.5694580078125,8838900,0.0,0.0
2009-08-20 00:00:00-04:00,119.77133863346548,121.74509810233664,119.69658184475055,121.36380767822266,7619200,0.0,0.0
2009-08-21 00:00:00-04:00,122.6974829516868,123.55162963200122,121.39379200591422,122.51016998291016,10417200,0.35,0.0
2009-08-24 00:00:00-04:00,123.14706029666844,124.57063453653691,121.81339263916016,121.81339263916016,9148800,0.0,0.0
2009-08-25 00:00:00-04:00,122.37531560315173,123.85134277770297,122.15802614735944,123.58161163330078,9118900,0.0,0.0
2009-08-26 00:00:00-04:00,123.0945950652113,124.68301693768883,122.65253916850116,124.3383560180664,8325600,0.0,0.0
2009-08-27 00:00:00-04:00,124.14352256216016,124.3008590251768,122.31534648832877,123.64152526855469,7890600,0.0,0.0
2009-08-28 00:00:00-04:00,124.27838357141691,124.56310289362958,122.42773084238333,123.19197082519531,7029800,0.0,0.0
2009-08-31 00:00:00-04:00,122.09054729359987,124.0685710823289,120.81682184594452,123.97117614746094,9106500,0.0,0.0
2009-09-01 00:00:00-04:00,123.47669156844772,124.6605107138239,119.82782774566769,120.00765228271484,12446800,0.0,0.0
2009-09-02 00:00:00-04:00,119.97774225558244,120.95926067591488,118.48672646300341,118.78642272949219,10751500,0.0,0.0
2009-09-03 00:00:00-04:00,119.82032146198915,121.56607916334342,119.54310201233697,121.1240234375,8837800,0.0,0.0
2009-09-04 00:00:00-04:00,121.03414702775639,122.76492852209432,120.89928717329397,122.10558319091797,6220100,0.0,0.0
2009-09-08 00:00:00-04:00,123.81390475621251,125.31240889849647,123.66405662851997,125.28993225097656,10066300,0.0,0.0
2009-09-09 00:00:00-04:00,125.72445094887054,127.79238174555124,125.24493026706016,127.57510375976562,10196500,0.0,0.0
2009-09-10 00:00:00-04:00,128.12203663435798,131.38877440000292,127.47019133449827,131.02163696289062,13488900,0.0,0.0
2009-09-11 00:00:00-04:00,132.46775134609368,133.2244917243916,130.64706310350658,130.89431762695312,11094800,0.0,0.0
2009-09-14 00:00:00-04:00,129.83032999184712,133.29186908955424,129.7404234488438,133.14952087402344,8028100,0.0,0.0
2009-09-15 00:00:00-04:00,133.3668181374535,133.3668181374535,131.46372362811624,132.36282348632812,8398900,0.0,0.0
2009-09-16 00:00:00-04:00,133.23198698745273,134.7679443359375,132.24296892761768,134.7679443359375,8706100,0.0,0.0
2009-09-17 00:00:00-04:00,134.77546987431745,137.11313274128514,134.5282153122067,135.95928955078125,9674300,0.0,0.0
2009-09-18 00:00:00-04:00,136.13160759568171,137.82491312289255,135.35237905679102,137.24798583984375,8395300,0.0,0.0
2009-09-21 00:00:00-04:00,136.13154719929926,137.6600156818015,135.92175763175337,136.65602111816406,6368600,0.0,0.0
2009-09-22 00:00:00-04:00,137.7724328762073,139.21099504625965,136.79840319146092,139.00120544433594,7470700,0.0,0.0
2009-09-23 00:00:00-04:00,139.59315304673297,140.85939088981158,137.5926513671875,137.5926513671875,10069600,0.0,0.0
2009-09-24 00:00:00-04:00,138.55165952386793,139.06115675919688,135.7419649080383,137.15805053710938,10982400,0.0,0.0
2009-09-25 00:00:00-04:00,136.4987123591986,137.18803420181393,133.14206688346803,134.49072265625,12296200,0.0,0.0
2009-09-28 00:00:00-04:00,134.97021444831427,136.94823867930992,133.86132502117232,136.7384490966797,7892200,0.0,0.0
2009-09-29 00:00:00-04:00,137.10567340832142,138.4468299060777,136.4613160157084,137.5477294921875,7539300,0.0,0.0
2009-09-30 00:00:00-04:00,138.43919596115663,138.9711580973666,136.22890643277464,138.12451171875,10517900,0.0,0.0
2009-10-01 00:00:00-04:00,137.8699270913847,138.37942465760136,133.81648038198165,134.1086883544922,11044500,0.0,0.0
2009-10-02 00:00:00-04:00,132.20551159806186,135.659563735777,131.56865426496876,134.57315063476562,9232400,0.0,0.0
2009-10-05 00:00:00-04:00,135.44229363890472,139.84788783278626,135.27745727650424,139.71302795410156,9471200,0.0,0.0
2009-10-06 00:00:00-04:00,141.2039936247215,141.93825715827734,138.3118813348019,140.0950927734375,13918900,0.0,0.0
2009-10-07 00:00:00-04:00,139.7429827610202,142.79244380920375,139.3608683667464,142.71751403808594,10579400,0.0,0.0
2009-10-08 00:00:00-04:00,143.77389607971747,143.98368562333687,140.56709998990968,140.98667907714844,11978100,0.0,0.0
2009-10-09 00:00:00-04:00,141.40629499169594,142.1705350611581,140.79940283726378,141.8333740234375,6526300,0.0,0.0
2009-10-12 00:00:00-04:00,143.00221924499766,143.03218429086166,141.48872719363786,142.47024536132812,6189400,0.0,0.0
2009-10-13 00:00:00-04:00,139.66805952808718,140.70951928713166,138.68654129730078,140.28244018554688,11959300,0.0,0.0
2009-10-14 00:00:00-04:00,143.5417032411469,145.05519552140657,142.6575799133078,144.06617736816406,15806700,0.0,0.0
2009-10-15 00:00:00-04:00,141.32386002894378,143.00218804810902,140.25992392638634,141.33135986328125,17834200,0.0,0.0
2009-10-16 00:00:00-04:00,139.86291563406814,140.5971796352843,137.39788077078717,138.13963317871094,12750800,0.0,0.0
2009-10-19 00:00:00-04:00,138.49918176240547,139.95272046162287,137.12054994115053,138.98619079589844,7482000,0.0,0.0
2009-10-20 00:00:00-04:00,138.75394397716818,140.52217869911766,137.91478561172613,138.5816192626953,7387400,0.0,0.0
2009-10-21 00:00:00-04:00,138.76142462393983,138.98620244002737,134.19099571597496,134.3108673095703,11759300,0.0,0.0
2009-10-22 00:00:00-04:00,134.895304925141,137.81739414881335,134.5356672199438,137.6300811767578,10666200,0.0,0.0
2009-10-23 00:00:00-04:00,137.8848082849569,138.52916529234614,134.14603767511213,135.1350555419922,9221900,0.0,0.0
2009-10-26 00:00:00-04:00,135.25497245388516,136.70102330709145,133.2319943671525,134.39332580566406,9427400,0.0,0.0
2009-10-27 00:00:00-04:00,134.30338850452165,134.9402571234989,132.9172680668302,133.82386779785156,10505700,0.0,0.0
2009-10-28 00:00:00-04:00,133.29940939889366,133.66653551608186,128.62407338763498,128.9912109375,13586400,0.0,0.0
2009-10-29 00:00:00-04:00,130.79686608201015,133.80136108398438,129.9502080587064,133.80136108398438,9342900,0.0,0.0
2009-10-30 00:00:00-04:00,132.78245848980922,133.0821547576699,127.13309123592876,127.50022888183594,13323700,0.0,0.0
2009-11-02 00:00:00-05:00,128.5641232635615,129.8903022502059,123.85133411836597,127.8823013305664,15802400,0.0,0.0
2009-11-03 00:00:00-05:00,126.60856567453135,128.9911923380966,126.42875255985294,128.5791015625,11150300,0.0,0.0
2009-11-04 00:00:00-05:00,129.97277732555284,130.8194359522725,126.63860739194334,126.99824523925781,11143300,0.0,0.0
2009-11-05 00:00:00-05:00,128.10714481315608,129.99526365938863,126.78097657968924,129.9203338623047,9017500,0.0,0.0
2009-11-06 00:00:00-05:00,128.84139903597924,130.33240343150382,128.1221119734683,128.70652770996094,6274200,0.0,0.0
2009-11-09 00:00:00-05:00,130.13006124412948,132.4302700071865,129.99520139319299,132.29541015625,10329200,0.0,0.0
2009-11-10 00:00:00-05:00,132.16803959174953,133.17204589498837,131.35885754537415,132.25045776367188,7244700,0.0,0.0
2009-11-11 00:00:00-05:00,133.38934645380672,135.49474296252814,133.3294049156802,134.75299072265625,8187800,0.0,0.0
2009-11-12 00:00:00-05:00,134.6405284197699,135.93673066170368,133.20945492662915,133.7264404296875,7404200,0.0,0.0
2009-11-13 00:00:00-05:00,134.03370046213072,134.10863024114985,131.5986312688378,132.4377899169922,7630900,0.0,0.0
2009-11-16 00:00:00-05:00,133.3593669750193,134.4008267928645,132.1905242570102,132.80491638183594,8748500,0.0,0.0
2009-11-17 00:00:00-05:00,132.62507093397446,133.5541473793333,131.493704712892,132.31788635253906,7680500,0.0,0.0
2009-11-18 00:00:00-05:00,132.2204755060986,132.9547391214034,131.12656276957526,132.5426483154297,5959000,0.0,0.0
2009-11-19 00:00:00-05:00,131.51620321995867,132.01820069023043,128.44426543346657,129.49322509765625,8893100,0.0,0.0
2009-11-20 00:00:00-05:00,128.42176203952053,129.20099036292228,127.3803024291992,127.38030242919922,8825400,0.0,0.0
2009-11-23 00:00:00-05:00,128.62409859993846,130.092637654578,128.30941410951837,128.87135314941406,7930000,0.0,0.0
2009-11-24 00:00:00-05:00,128.60162738696383,128.8713585948183,127.58264409425577,128.21951293945312,6143700,0.0,0.0
2009-11-25 00:00:00-05:00,128.84884972423978,128.9462561293687,125.91178365803961,126.56362915039062,6984800,0.0,0.0
2009-11-27 00:00:00-05:00,123.07961054760182,124.60059096197837,122.29289378055411,122.9971923828125,6883200,0.0,0.0
2009-11-30 00:00:00-05:00,124.24360413301952,127.637461734786,123.71800950504992,127.38967895507812,10699200,0.35,0.0
2009-12-01 00:00:00-05:00,128.5835624169382,128.64363202532883,125.44500271399713,125.865478515625,13489100,0.0,0.0
2009-12-02 00:00:00-05:00,125.8804600040606,126.00059919476702,124.31869635329224,125.13712310791016,7500200,0.0,0.0
2009-12-03 00:00:00-05:00,126.10571253128995,127.01424936720838,123.09479723673985,123.36510467529297,8020400,0.0,0.0
2009-12-04 00:00:00-05:00,125.7678570890914,125.99311524395567,122.78697024629193,125.57263946533203,10410300,0.0,0.0
2009-12-07 00:00:00-05:00,125.0320048034335,125.66271837212979,122.95964385328296,123.02722930908203,6654600,0.0,0.0
2009-12-08 00:00:00-05:00,122.47906520815444,123.21490896178476,120.92480637569196,121.51797485351562,11693900,0.0,0.0
2009-12-09 00:00:00-05:00,121.73574312850397,125.42993677094758,120.67703814823295,124.97191619873047,10975800,0.0,0.0
2009-12-10 00:00:00-05:00,125.15964530890815,126.09821123574669,123.25998878955527,125.1896743774414,11930700,0.0,0.0
2009-12-11 00:00:00-05:00,125.79787167355751,126.10572406784308,124.20606742151213,124.64156341552734,6425000,0.0,0.0
2009-12-14 00:00:00-05:00,125.00193759599634,125.01695785597946,123.0347074509615,124.71662139892578,6652900,0.0,0.0
2009-12-15 00:00:00-05:00,123.74809229035381,124.64160927431307,121.72079129839814,122.19383239746094,7539800,0.0,0.0
2009-12-16 00:00:00-05:00,123.0272299068446,124.55896450356424,122.44156566776614,123.8832015991211,8637700,0.0,0.0
2009-12-17 00:00:00-05:00,121.87091255550479,122.85452786147921,120.7596536521318,120.83473205566406,8943800,0.0,0.0
2009-12-18 00:00:00-05:00,121.49547396215507,122.67431820452606,120.28660065280847,122.53165435791016,8687100,0.0,0.0
2009-12-21 00:00:00-05:00,122.98212821970735,125.20465670214078,122.70431645581573,124.22854614257812,9392900,0.0,0.0
2009-12-22 00:00:00-05:00,124.26613308648581,124.86681759222195,123.51528031859164,123.59037017822266,4190700,0.0,0.0
2009-12-23 00:00:00-05:00,123.93581314731321,124.49144857615907,122.68188982195214,122.86209869384766,4052600,0.0,0.0
2009-12-24 00:00:00-05:00,123.13981897159653,123.8155816879906,122.62172887571406,123.11729431152344,1858100,0.0,0.0
2009-12-28 00:00:00-05:00,123.2149085608317,124.42378162974684,122.73436338507604,122.95960998535156,3586000,0.0,0.0
2009-12-29 00:00:00-05:00,123.51528531017033,124.04087997751611,122.54669024156911,123.2299575805664,5214800,0.0,0.0
2009-12-30 00:00:00-05:00,123.18492410864478,125.60267134687933,122.90711220379556,125.16717529296875,5996200,0.0,0.0
2009-12-31 00:00:00-05:00,125.61011730302486,127.74254723976787,125.3398099283448,126.77394104003906,6401800,0.0,0.0
2010-01-04 00:00:00-05:00,127.68251290085456,130.83609217108992,127.27704599837782,129.9575958251953,9135000,0.0,0.0
2010-01-05 00:00:00-05:00,129.89757102496804,132.34534771856764,129.5747097293466,132.2552490234375,11659400,0.0,0.0
2010-01-06 00:00:00-05:00,131.6845602914346,131.6845602914346,130.46817103331716,130.84359741210938,7381100,0.0,0.0
2010-01-07 00:00:00-05:00,130.88864214415543,134.21491395277874,130.6108188671018,133.40399169921875,8727400,0.0,0.0
2010-01-08 00:00:00-05:00,132.39785971523253,133.22379082188382,130.6108265993474,130.88113403320312,7268100,0.0,0.0
2010-01-11 00:00:00-05:00,131.4443308447571,131.4443308447571,128.0354630973685,128.81634521484375,7704900,0.0,0.0
2010-01-12 00:00:00-05:00,127.65243697744799,128.005338589963,125.41489960262355,126.0080795288086,10360100,0.0,0.0
2010-01-13 00:00:00-05:00,126.15075705225502,127.39717527457151,124.73164591822811,126.94667053222656,11269500,0.0,0.0
2010-01-14 00:00:00-05:00,126.14323252373836,128.18555244307174,125.55006403097144,126.54118347167969,10521400,0.0,0.0
2010-01-15 00:00:00-05:00,125.8428999825112,125.99306821066092,123.5753219290156,124.0483627319336,10896300,0.0,0.0
2010-01-19 00:00:00-05:00,123.898195196598,125.69273262315457,123.06474827296947,125.28727722167969,7705300,0.0,0.0
2010-01-20 00:00:00-05:00,124.49139831289546,126.27842021163671,123.38013936098257,125.98558807373047,8893900,0.0,0.0
2010-01-21 00:00:00-05:00,127.11185937911803,128.39582264671088,117.71119102275439,120.78968048095703,51738300,0.0,0.0
2010-01-22 00:00:00-05:00,119.1527913768852,119.9486932359564,114.31729918731995,115.72138977050781,30175600,0.0,0.0
2010-01-25 00:00:00-05:00,117.23062146854802,118.85997025465745,116.00672805003245,116.36713409423828,17877000,0.0,0.0
2010-01-26 00:00:00-05:00,116.3146014156531,117.50845452986184,113.15350631976253,113.28866577148438,15985900,0.0,0.0
2010-01-27 00:00:00-05:00,113.19107176525759,114.82792554576896,111.32895982911559,113.75421142578125,19899000,0.0,0.0
2010-01-28 00:00:00-05:00,115.8040089389196,116.53233697590863,112.59036029321871,115.09820556640625,16160700,0.0,0.0
2010-01-29 00:00:00-05:00,115.96172684989685,116.29210396798189,110.98356832179222,111.6668472290039,18502800,0.0,0.0
2010-02-01 00:00:00-05:00,112.49273768450128,116.5698616455457,112.03471715791589,114.97805786132812,12980800,0.0,0.0
2010-02-02 00:00:00-05:00,115.36850220894395,118.2592894221028,115.36850220894395,117.83881378173828,17246600,0.0,0.0
2010-02-03 00:00:00-05:00,118.57470815643154,120.09143447266135,117.96651904022522,118.0566177368164,16785200,0.0,0.0
2010-02-04 00:00:00-05:00,116.5849431044797,117.17811190580916,112.96582631311831,113.13851928710938,18895000,0.0,0.0
2010-02-05 00:00:00-05:00,113.2436492181769,115.97675354132947,111.77947677672158,115.75149536132812,18759200,0.0,0.0
2010-02-08 00:00:00-05:00,115.83412941816647,116.08191235553588,113.24368810146585,113.45392608642578,10257300,0.0,0.0
2010-02-09 00:00:00-05:00,114.65521600111384,115.27842517677055,112.36511275493055,114.49754333496094,14017300,0.0,0.0
2010-02-10 00:00:00-05:00,114.70777419277128,116.64497560127387,113.9494056067419,115.35350799560547,10555300,0.0,0.0
2010-02-11 00:00:00-05:00,115.931691195044,116.62248599307296,114.31736193123868,115.66889953613281,11163400,0.0,0.0
2010-02-12 00:00:00-05:00,114.40742978357532,116.00674980640281,113.48388410961049,115.5787582397461,10293200,0.0,0.0
2010-02-16 00:00:00-05:00,116.6074354450287,118.43951800511189,116.08184080658773,118.18421936035156,11497100,0.0,0.0
2010-02-17 00:00:00-05:00,118.63474439780903,118.77740826534821,116.99037490498114,118.07910919189453,10070000,0.0,0.0
2010-02-18 00:00:00-05:00,116.8401991860619,117.57603168755946,116.2920798757599,116.9302978515625,10991100,0.0,0.0
2010-02-19 00:00:00-05:00,116.01422034926085,117.88384727454059,115.9992115477649,117.26814270019531,8693000,0.0,0.0
2010-02-22 00:00:00-05:00,118.03404820464327,118.61220802129618,117.15555187542193,117.6661376953125,7375500,0.0,0.0
2010-02-23 00:00:00-05:00,117.7412704451089,120.29417780879476,117.06550725134112,117.65867614746094,15696000,0.0,0.0
2010-02-24 00:00:00-05:00,118.13918178449602,119.57331344268172,117.78628003704497,118.88253021240234,8361500,0.0,0.0
2010-02-25 00:00:00-05:00,117.30574815812247,117.46343231201172,115.87162779230252,117.46343231201172,10519900,0.0,0.0
2010-02-26 00:00:00-05:00,117.5913816218328,118.1407416851834,116.83884491534592,117.65911865234375,7812700,0.35,0.0
2010-03-01 00:00:00-05:00,117.77948018314252,119.1189941970099,117.52362053617804,117.80205535888672,6522800,0.0,0.0
2010-03-02 00:00:00-05:00,118.28363864945439,120.21766226460615,118.08046213577201,119.46512603759766,11986400,0.0,0.0
2010-03-03 00:00:00-05:00,119.68342881360516,119.99197160899564,118.32133925687954,118.6900863647461,10006000,0.0,0.0
2010-03-04 00:00:00-05:00,119.08887930998303,123.30308753113147,118.983524678594,123.12247467041016,15439500,0.0,0.0
2010-03-05 00:00:00-05:00,124.25133700808368,126.61430182503085,124.16855751043144,125.80908203125,12226700,0.0,0.0
2010-03-08 00:00:00-05:00,126.33581842682551,128.45044393919747,126.01975450695303,127.81078338623047,9344500,0.0,0.0
2010-03-09 00:00:00-05:00,127.3441619211179,129.58671632198354,126.42606694491853,127.06572723388672,12958700,0.0,0.0
2010-03-10 00:00:00-05:00,128.12683102086788,129.6921079604248,127.08080598467276,129.39109802246094,13107200,0.0,0.0
2010-03-11 00:00:00-05:00,128.98477902289287,130.61779368112016,128.75902721097034,130.5726318359375,8910600,0.0,0.0
2010-03-12 00:00:00-05:00,131.70134442703696,132.7022188612881,130.94128706694707,131.66372680664062,10216900,0.0,0.0
2010-03-15 00:00:00-04:00,130.9037257044664,131.84439635696015,128.2171762919983,130.58766174316406,13958600,0.0,0.0
2010-03-16 00:00:00-04:00,131.1897131601214,132.76251197382928,130.610256735093,132.5894317626953,11687700,0.0,0.0
2010-03-17 00:00:00-04:00,133.09356793466367,133.8611581611814,132.12280117863818,132.92800903320312,10138600,0.0,0.0
2010-03-18 00:00:00-04:00,132.59691189384006,133.7633456148888,132.19054728870532,133.53758239746094,6883500,0.0,0.0
2010-03-19 00:00:00-04:00,133.8762664794922,134.10956248835066,132.40882229717832,133.8762664794922,10896600,0.0,0.0
2010-03-22 00:00:00-04:00,132.60450840726924,133.16137826435298,131.86701410998575,132.56687927246094,7320400,0.0,0.0
2010-03-23 00:00:00-04:00,132.63451809833055,133.05593657390685,130.4070056781229,131.56591796875,10804800,0.0,0.0
2010-03-24 00:00:00-04:00,130.67037610495262,132.41626547772108,130.67037610495262,131.2498321533203,8396100,0.0,0.0
2010-03-25 00:00:00-04:00,131.87450823710375,134.50085342931757,131.5283363740849,131.61863708496094,9534300,0.0,0.0
2010-03-26 00:00:00-04:00,131.97986222594872,132.0551089903657,129.3685595102356,130.0909881591797,11811500,0.0,0.0
2010-03-29 00:00:00-04:00,130.84346512555763,131.2648835593643,129.16531261850923,130.9789276123047,11785600,0.0,0.0
2010-03-30 00:00:00-04:00,131.13696210774998,131.52828417089225,128.45793490895895,128.96966552734375,8184600,0.0,0.0
2010-03-31 00:00:00-04:00,127.93117189070547,129.1803849132732,127.81829603803665,128.4052734375,8243200,0.0,0.0
2010-04-01 00:00:00-04:00,129.22554526798612,129.43625453115754,127.55491362227443,128.09674072265625,6480600,0.0,0.0
2010-04-05 00:00:00-04:00,128.44289054573605,130.46721503586906,127.75809123766726,130.30918884277344,6135000,0.0,0.0
2010-04-06 00:00:00-04:00,129.89535584261114,130.85860186733137,129.54918391991558,130.11358642578125,7743600,0.0,0.0
2010-04-07 00:00:00-04:00,130.10602849016522,133.87623203197282,130.0458241952539,132.7173309326172,13887200,0.0,0.0
2010-04-08 00:00:00-04:00,132.52164249108654,136.058560683571,131.90455723444938,135.08026123046875,10668800,0.0,0.0
2010-04-09 00:00:00-04:00,135.66728718763034,136.20911441775007,133.57523651464442,134.79434204101562,8462000,0.0,0.0
2010-04-12 00:00:00-04:00,134.9749284837121,135.74251882302966,133.83106994628906,133.83106994628906,6040800,0.0,0.0
2010-04-13 00:00:00-04:00,133.62034739961788,135.45653786120553,133.28170835152346,134.8921356201172,6466400,0.0,0.0
2010-04-14 00:00:00-04:00,138.39896948367306,139.9266174283927,137.76684167540162,139.15902709960938,12556400,0.0,0.0
2010-04-15 00:00:00-04:00,139.6256043571926,139.67076618860074,138.2108436751939,138.66989135742188,7838700,0.0,0.0
2010-04-16 00:00:00-04:00,138.18071808048535,140.2803008843186,117.05702913996899,120.93258666992188,102043700,0.0,0.0
2010-04-19 00:00:00-04:00,117.09471274963879,123.21282818884544,116.64318614563305,122.904296875,54299200,0.0,0.0
2010-04-20 00:00:00-04:00,125.25214427601496,125.45533229327856,118.900736032957,120.39075469970703,42196600,0.0,0.0
2010-04-21 00:00:00-04:00,121.66254724751602,122.76877657264292,118.1482039598926,119.60059356689453,30371000,0.0,0.0
2010-04-22 00:00:00-04:00,118.84803908095505,121.91086699181014,117.61388014602862,119.69088745117188,24823000,0.0,0.0
2010-04-23 00:00:00-04:00,120.54880939434202,120.94765277314814,118.1482164084144,118.44922637939453,14916000,0.0,0.0
2010-04-26 00:00:00-04:00,117.93751710129068,118.14070516441441,114.02432973380004,114.40811920166016,30940700,0.0,0.0
2010-04-27 00:00:00-04:00,113.06858060253276,117.53864812216926,112.99332237839897,115.16815185546875,34516800,0.0,0.0
2010-04-28 00:00:00-04:00,117.89234274922491,118.63734635768296,116.40984527891688,118.15572357177734,21226100,0.0,0.0
2010-04-29 00:00:00-04:00,120.06717387575087,121.19597837195136,119.1565998630535,120.58642578125,18464300,0.0,0.0
2010-04-30 00:00:00-04:00,114.3102555135454,114.76178187140225,107.83845044194824,109.26826477050781,73187900,0.0,0.0
2010-05-03 00:00:00-04:00,111.25499802799179,113.36962384363032,110.27669824077358,112.50421142578125,28282700,0.0,0.0
2010-05-04 00:00:00-04:00,112.15049646022379,114.64892276843388,111.24745509540824,112.46656036376953,30313400,0.0,0.0
2010-05-05 00:00:00-04:00,111.45063843675882,113.7985481828737,110.77334882959944,111.51836395263672,18355200,0.0,0.0
2010-05-06 00:00:00-04:00,110.98408536169701,111.8495092697055,104.64772909237647,107.10100555419922,22984700,0.0,0.0
2010-05-07 00:00:00-04:00,109.40376355458429,110.28422990989752,106.4839181664099,107.6052017211914,21268500,0.0,0.0
2010-05-10 00:00:00-04:00,112.19569711681073,112.80525002432694,106.25818284008766,108.23735809326172,23098200,0.0,0.0
2010-05-11 00:00:00-04:00,107.16113995470171,109.4940065428896,106.52149113604956,106.83755493164062,15497900,0.0,0.0
2010-05-12 00:00:00-04:00,108.54584483142247,111.11198500063716,107.07086856596429,110.77334594726562,15457000,0.0,0.0
2010-05-13 00:00:00-04:00,111.64629263987031,111.71401815507197,108.6812976023578,108.85437774658203,11517900,0.0,0.0
2010-05-14 00:00:00-04:00,107.92122910104433,108.47809859115802,106.78489198578433,107.7857666015625,10977400,0.0,0.0
2010-05-17 00:00:00-04:00,107.9663958216274,108.59100239764933,104.24886425118989,107.34178924560547,16330100,0.0,0.0
2010-05-18 00:00:00-04:00,108.13196535434474,108.17711570452204,102.79648462955427,103.368408203125,18025300,0.0,0.0
2010-05-19 00:00:00-04:00,103.81239866562693,105.45293406109165,102.42021315385362,105.43035888671875,18079900,0.0,0.0
2010-05-20 00:00:00-04:00,104.00051589682779,104.97129416850487,102.1568042312026,102.42019653320312,16279200,0.0,0.0
2010-05-21 00:00:00-04:00,103.15766683738276,107.95131890389241,102.53306039429356,105.82164001464844,25553400,0.0,0.0
2010-05-24 00:00:00-04:00,106.86016300748952,107.5750702521781,102.72873426163372,102.86419677734375,16556800,0.0,0.0
2010-05-25 00:00:00-04:00,101.38926044601403,107.75572560809955,100.99041693696451,107.28162384033203,21490900,0.0,0.0
2010-05-26 00:00:00-04:00,108.58344558887052,109.7197826243797,105.12178588384042,105.5808334350586,17073900,0.0,0.0
2010-05-27 00:00:00-04:00,107.82900752502972,109.4283822294199,106.4031573266673,109.35293579101562,12910200,0.35,0.0
2010-05-28 00:00:00-04:00,108.95313008484246,109.99423141028977,107.95730354392614,108.8324203491211,10683700,0.0,0.0
2010-06-01 00:00:00-04:00,108.83240453626289,110.44685960454267,106.90109509138753,107.02180480957031,9455200,0.0,0.0
2010-06-02 00:00:00-04:00,107.1273927130565,109.39064748868444,106.47859255024945,109.26239776611328,7668400,0.0,0.0
2010-06-03 00:00:00-04:00,109.32276413548149,109.57926360766986,107.50461317792052,108.66641235351562,7454900,0.0,0.0
2010-06-04 00:00:00-04:00,107.25563179722272,110.04697677466253,106.90860587915877,107.31598663330078,14900400,0.0,0.0
2010-06-07 00:00:00-04:00,107.33866828990418,108.085546784054,103.99659970379186,104.62275695800781,12238600,0.0,0.0
2010-06-08 00:00:00-04:00,104.96978860211736,105.3771695230644,101.88421973008133,103.94377899169922,14587000,0.0,0.0
2010-06-09 00:00:00-04:00,104.55484109844708,105.18100973868404,102.76687321166327,103.20443725585938,8950600,0.0,0.0
2010-06-10 00:00:00-04:00,103.80796447479989,103.93621420663042,99.055126800534,100.91854095458984,21931000,0.0,0.0
2010-06-11 00:00:00-04:00,100.58660295801785,102.63862185155142,100.33764351378281,102.32930755615234,9241800,0.0,0.0
2010-06-14 00:00:00-04:00,103.43828445849171,103.43828445849171,100.63938774706587,100.66957092285156,10951400,0.0,0.0
2010-06-15 00:00:00-04:00,101.5673852018017,103.6571165466179,100.56400702907256,103.2799072265625,10649300,0.0,0.0
2010-06-16 00:00:00-04:00,102.64618570076912,104.30590420247748,102.38214611612999,103.40060424804688,7077700,0.0,0.0
2010-06-17 00:00:00-04:00,103.31759047661971,104.39641470045734,102.01244995754593,103.59673309326172,8104300,0.0,0.0
2010-06-18 00:00:00-04:00,103.97400286799432,105.40739396031594,103.74767492933375,104.2455825805664,10154900,0.0,0.0
2010-06-21 00:00:00-04:00,105.35452753750043,105.73173674674534,103.58919120099698,103.9135971069336,8691000,0.0,0.0
2010-06-22 00:00:00-04:00,103.76270766566041,103.92114060387857,101.53717555938609,101.68805694580078,9002200,0.0,0.0
2010-06-23 00:00:00-04:00,101.01661995645254,102.8875858915773,100.13395180283437,101.89929962158203,8232200,0.0,0.0
2010-06-24 00:00:00-04:00,101.19767411832613,102.5858010799186,100.42062416093957,101.83138275146484,9967900,0.0,0.0
2010-06-25 00:00:00-04:00,103.34777258891195,106.29753955093894,102.17087030829475,105.36206817626953,14332300,0.0,0.0
2010-06-28 00:00:00-04:00,105.90524530312899,105.90524530312899,103.00073022527485,103.09880828857422,9908100,0.0,0.0
2010-06-29 00:00:00-04:00,101.83137140367809,102.48772310411786,100.46587622318516,100.91098022460938,10338100,0.0,0.0
2010-06-30 00:00:00-04:00,100.8506329478944,101.31838012232124,98.84388901606656,99.0324935913086,9139800,0.0,0.0
2010-07-01 00:00:00-04:00,99.34936542443894,100.90346555677999,97.69718721198511,98.93443298339844,11645300,0.0,0.0
2010-07-02 00:00:00-04:00,99.66621014727693,99.86990632800078,97.84051909476148,98.88916015625,6566400,0.0,0.0
2010-07-06 00:00:00-04:00,100.89588211235835,101.38624927894854,98.88158714130057,99.77933502197266,7820100,0.0,0.0
2010-07-07 00:00:00-04:00,99.91517080571458,102.69897643400067,99.63603969238328,102.47264862060547,9300400,0.0,0.0
2010-07-08 00:00:00-04:00,103.2949794122129,103.4835840367995,100.76013279730834,102.19353485107422,9895700,0.0,0.0
2010-07-09 00:00:00-04:00,102.11811635475654,104.48699062765945,101.5372107287646,104.15504455566406,6919900,0.0,0.0
2010-07-12 00:00:00-04:00,103.81550585156567,104.34359637517584,102.62352352026844,103.54391479492188,4728900,0.0,0.0
2010-07-13 00:00:00-04:00,104.48693502225552,106.52386213916,104.19271234438611,105.80716705322266,8983900,0.0,0.0
2010-07-14 00:00:00-04:00,105.08291391576829,105.30924169509106,103.84566843518073,104.9094009399414,6068500,0.0,0.0
2010-07-15 00:00:00-04:00,105.63368932822722,110.3337137041619,103.97397080899725,109.5566635131836,21621900,0.0,0.0
2010-07-16 00:00:00-04:00,114.27177403096127,114.67161492524008,110.18282703803493,110.27335357666016,29604600,0.0,0.0
2010-07-19 00:00:00-04:00,111.40497581684578,111.42760745037691,108.71170782302816,109.90367889404297,10875900,0.0,0.0
2010-07-20 00:00:00-04:00,107.26319507789958,112.95905590148354,106.7879193469972,112.34043884277344,20571400,0.0,0.0
2010-07-21 00:00:00-04:00,113.20047072188328,113.8945341918584,110.79387444979534,110.89195251464844,11337000,0.0,0.0
2010-07-22 00:00:00-04:00,112.31781672598626,113.07223513707105,108.75696090474517,110.56002044677734,13307300,0.0,0.0
2010-07-23 00:00:00-04:00,110.63540847289771,111.96319168081014,109.06622897328461,111.18614196777344,7306900,0.0,0.0
2010-07-26 00:00:00-04:00,111.19374006856235,112.40835429014454,109.54911329642047,111.80481719970703,6089000,0.0,0.0
2010-07-27 00:00:00-04:00,112.47622420745638,112.90624817401024,110.8994926864455,111.07300567626953,7151200,0.0,0.0
2010-07-28 00:00:00-04:00,110.89950314603688,112.14428888286756,110.73353017959131,111.05038452148438,4845600,0.0,0.0
2010-07-29 00:00:00-04:00,111.85767921107345,115.53923514408805,111.37485163732477,115.10922241210938,15657700,0.0,0.0
2010-07-30 00:00:00-04:00,114.18127409289764,115.73537476275568,113.76634150834434,113.78143310546875,8792400,0.0,0.0
2010-08-02 00:00:00-04:00,115.29025141240201,115.90886865391933,114.37739987748172,115.22989654541016,6523100,0.0,0.0
2010-08-03 00:00:00-04:00,114.76208013955132,116.15021822194598,114.22644972355437,115.5693130493164,5648500,0.0,0.0
2010-08-04 00:00:00-04:00,115.89380716391736,118.63235096852969,115.42607121262348,117.99864196777344,12283700,0.0,0.0
2010-08-05 00:00:00-04:00,117.41014522676505,117.85524934256301,116.482202259443,117.62892150878906,5680200,0.0,0.0
2010-08-06 00:00:00-04:00,116.5877676658927,117.73448639675694,116.00687401938494,117.07059478759766,8082600,0.0,0.0
2010-08-09 00:00:00-04:00,117.63647419511024,117.8401704185556,116.6255561419582,117.23663330078125,4209800,0.0,0.0
2010-08-10 00:00:00-04:00,116.1955414053951,116.76135528434997,115.5618211122159,116.1050033569336,5861700,0.0,0.0
2010-08-11 00:00:00-04:00,114.4603533381175,114.67158955585218,112.3404396098806,112.59693908691406,7734400,0.0,0.0
2010-08-12 00:00:00-04:00,111.51053746118295,113.60781885717202,111.51053746118295,112.72515106201172,4949300,0.0,0.0
2010-08-13 00:00:00-04:00,112.6949638359645,113.5021851050558,111.71421813964844,111.71421813964844,4218700,0.0,0.0
2010-08-16 00:00:00-04:00,111.33713341359456,112.54419664661835,110.89956910648613,111.4729232788086,3760100,0.0,0.0
2010-08-17 00:00:00-04:00,112.16690153356808,113.00430626384008,111.75952073764266,112.09900665283203,4391600,0.0,0.0
2010-08-18 00:00:00-04:00,112.06133085217067,113.1175237714941,111.45025364397276,112.55924987792969,4460600,0.0,0.0
2010-08-19 00:00:00-04:00,112.15942571725152,112.90630436753592,110.3563655012762,110.93727111816406,5290900,0.0,0.0
2010-08-20 00:00:00-04:00,111.23146958927786,112.38572901598009,111.08812822714266,111.83500671386719,5276800,0.0,0.0
2010-08-23 00:00:00-04:00,111.74438947895862,112.03107200008152,110.5976824174771,110.70330047607422,3729200,0.0,0.0
2010-08-24 00:00:00-04:00,109.23977856891145,109.76032906837715,108.50045181463935,108.59851837158203,6372300,0.0,0.0
2010-08-25 00:00:00-04:00,107.73848752214471,109.63962507207633,107.6932242609696,109.14924621582031,5638400,0.0,0.0
2010-08-26 00:00:00-04:00,109.34540306375004,109.51137603012987,106.87091167055571,106.98406982421875,6818100,0.0,0.0
2010-08-27 00:00:00-04:00,106.47105543789235,106.93125104871103,104.29832710989473,105.4299545288086,11252000,0.0,0.0
2010-08-30 00:00:00-04:00,104.9989014607755,105.96698086670145,103.35013364915933,103.35770416259766,6205800,0.35,0.0
2010-08-31 00:00:00-04:00,103.0475797913358,104.37868565831187,102.69967095792825,103.5618667602539,7064100,0.0,0.0
2010-09-01 00:00:00-04:00,105.13500965632505,106.1409067923327,104.21987787918184,105.68712615966797,6897700,0.0,0.0
2010-09-02 00:00:00-04:00,105.8308189853985,105.99720868441568,104.71147954325859,105.71737670898438,4992000,0.0,0.0
2010-09-03 00:00:00-04:00,107.10898677273241,111.92670588462805,106.88966119640487,111.39727783203125,13588500,0.0,0.0
2010-09-07 00:00:00-04:00,110.53512025874703,110.60319718710268,109.02249453346595,109.8241958618164,6211300,0.0,0.0
2010-09-08 00:00:00-04:00,109.95272313628546,113.18973995426539,109.93759365384244,111.58634948730469,8310300,0.0,0.0
2010-09-09 00:00:00-04:00,113.28800795807953,113.96112540554866,112.31237022381433,112.7964096069336,6729800,0.0,0.0
2010-09-10 00:00:00-04:00,113.03844871477224,114.01408656681708,112.54683876386963,113.74181365966797,4417200,0.0,0.0
2010-09-13 00:00:00-04:00,115.20155189520078,117.0015682095276,115.18642241042384,116.75198364257812,7653600,0.0,0.0
2010-09-14 00:00:00-04:00,116.12421539846704,116.28304610019042,115.13344787653473,115.36034393310547,5688200,0.0,0.0
2010-09-15 00:00:00-04:00,114.7099312553369,115.56456819072625,113.9536186513929,115.38304901123047,5698200,0.0,0.0
2010-09-16 00:00:00-04:00,115.17125603997425,115.32251621805317,114.32418981040281,115.13343811035156,4388600,0.0,0.0
2010-09-17 00:00:00-04:00,115.04272450168891,115.31499753351412,113.87043751631882,114.1880874633789,4835600,0.0,0.0
2010-09-20 00:00:00-04:00,114.18808956663523,115.26205222850069,113.36371148357468,114.88389587402344,5640500,0.0,0.0
2010-09-21 00:00:00-04:00,115.04266307405422,116.90319638815424,114.27122130572887,114.50567626953125,6876000,0.0,0.0
2010-09-22 00:00:00-04:00,113.4090807131426,113.86287292392517,111.6998182613035,111.98722076416016,8986100,0.0,0.0
2010-09-23 00:00:00-04:00,110.69389505077486,111.07961026108332,108.8938676551768,109.59724426269531,9152400,0.0,0.0
2010-09-24 00:00:00-04:00,110.6107009071147,111.631727377807,110.28549207803376,111.38970184326172,5623700,0.0,0.0
2010-09-27 00:00:00-04:00,111.18551773470602,112.24436236145803,110.25525641310895,110.42164611816406,5205900,0.0,0.0
2010-09-28 00:00:00-04:00,110.80735864813917,110.94350092179486,108.95439502306682,109.67288970947266,5504800,0.0,0.0
2010-09-29 00:00:00-04:00,109.68047683066344,109.68047683066344,107.8048129256017,109.2266845703125,6944900,0.0,0.0
2010-09-30 00:00:00-04:00,109.85439954006223,111.16281703992921,109.1359049148365,109.34767150878906,6854400,0.0,0.0
2010-10-01 00:00:00-04:00,109.81657797303649,112.31241165114461,109.52918705669653,111.70735931396484,7439800,0.0,0.0
2010-10-04 00:00:00-04:00,111.70731664254829,112.28968030441114,109.43837990015228,110.85269165039062,5866700,0.0,0.0
2010-10-05 00:00:00-04:00,111.60147044654512,113.6586413659627,110.47457220949946,113.12166595458984,8724700,0.0,0.0
2010-10-06 00:00:00-04:00,113.25780591677668,115.20909370740452,112.78889582227403,114.08218383789062,6330600,0.0,0.0
2010-10-07 00:00:00-04:00,115.04268941749869,115.2317675335921,113.46955810675193,114.286376953125,4471500,0.0,0.0
2010-10-08 00:00:00-04:00,114.3166851612438,116.01838911095716,113.91584026521146,115.45872497558594,5225100,0.0,0.0
2010-10-11 00:00:00-04:00,115.46619309363463,115.78384286278407,114.40736052980313,115.11072540283203,4454400,0.0,0.0
2010-10-12 00:00:00-04:00,114.43004623915705,117.56873747437452,114.21070922305793,117.3872299194336,6378000,0.0,0.0
2010-10-13 00:00:00-04:00,118.21167025264334,118.50663172639703,116.76711031228399,117.02425384521484,5626200,0.0,0.0
2010-10-14 00:00:00-04:00,116.64606316268818,116.69144006214486,113.86283895216737,114.64939880371094,6891100,0.0,0.0
2010-10-15 00:00:00-04:00,115.48138296329762,115.48138296329762,113.94606917261922,113.96875762939453,6901500,0.0,0.0
2010-10-18 00:00:00-04:00,114.15025770747874,116.75954546761628,114.08976285370323,116.24524688720703,6972300,0.0,0.0
2010-10-19 00:00:00-04:00,117.33429907312292,120.78308158838475,116.55529826552697,118.5292739868164,14491200,0.0,0.0
2010-10-20 00:00:00-04:00,118.14361230270465,121.1991105421784,117.12258553844502,120.70751190185547,10631200,0.0,0.0
2010-10-21 00:00:00-04:00,120.69237269545333,122.1444915820433,119.57303321753473,120.48060607910156,6350900,0.0,0.0
2010-10-22 00:00:00-04:00,120.92683719583032,120.99490256916113,119.1192503036331,119.31588745117188,4051700,0.0,0.0
2010-10-25 00:00:00-04:00,120.52593940067153,120.59400474407856,118.18893695374314,119.03600311279297,5728300,0.0,0.0
2010-10-26 00:00:00-04:00,118.52929309719653,120.04947703140287,118.38559187915666,119.7166976928711,4068500,0.0,0.0
2010-10-27 00:00:00-04:00,118.88477252967697,121.45623060403196,118.74107129756403,121.12345123291016,6570900,0.0,0.0
2010-10-28 00:00:00-04:00,121.6604068479111,123.87639652616807,121.34275704115127,123.46043395996094,9918800,0.0,0.0
2010-10-29 00:00:00-04:00,122.6360543833482,123.73271662554059,121.72848178671627,121.8646240234375,4536600,0.0,0.0
2010-11-01 00:00:00-04:00,122.34865549082836,123.24866905880504,121.13855108103587,122.19739532470703,4514400,0.0,0.0
2010-11-02 00:00:00-04:00,122.56797933861039,123.27891480419231,122.37134227936016,123.14278411865234,3332400,0.0,0.0
2010-11-03 00:00:00-04:00,123.41507766476873,123.41507766476873,121.44111296735026,122.99911499023438,4462800,0.0,0.0
2010-11-04 00:00:00-04:00,123.74786065341512,125.85040870269664,123.04449549337555,125.84284973144531,8162600,0.0,0.0
2010-11-05 00:00:00-04:00,125.5403015533025,129.4655532817288,125.48735414500975,129.3823699951172,11989300,0.0,0.0
2010-11-08 00:00:00-05:00,128.5353206777412,129.7908023303854,127.89246190891554,127.96808624267578,5516100,0.0,0.0
2010-11-09 00:00:00-05:00,128.80006287141163,129.21603718953506,125.54791575756016,125.9638900756836,7343900,0.0,0.0
2010-11-10 00:00:00-05:00,125.78237941611998,127.55214859130857,125.22271533223598,126.47062683105469,6328100,0.0,0.0
2010-11-11 00:00:00-05:00,125.38901097738386,127.73358372052172,125.38901097738386,126.84114074707031,3931500,0.0,0.0
2010-11-12 00:00:00-05:00,125.84285236003558,127.15126991952104,124.52686428872654,125.41931915283203,4735600,0.0,0.0
2010-11-15 00:00:00-05:00,125.30589866110095,128.08157678151522,124.79917047198717,126.47062683105469,5199000,0.0,0.0
2010-11-16 00:00:00-05:00,125.3966268810724,126.30419966036949,124.53443100967806,124.8672103881836,5914100,0.0,0.0
2010-11-17 00:00:00-05:00,124.88233795606585,125.34368912265998,124.03527150215464,124.70838928222656,3726300,0.0,0.0
2010-11-18 00:00:00-05:00,125.31338177799014,127.7638261452704,125.24531644343445,126.56886291503906,4987500,0.0,0.0
2010-11-19 00:00:00-05:00,126.68239801114815,126.87147621713494,125.32103261995971,126.05465698242188,4584500,0.0,0.0
2010-11-22 00:00:00-05:00,124.2621306149309,124.32263699226078,119.83769842362898,121.80411529541016,11364000,0.0,0.0
2010-11-23 00:00:00-05:00,120.32931637494875,121.69066956352286,119.24022459175967,119.33097839355469,7315000,0.0,0.0
2010-11-24 00:00:00-05:00,120.22345265970775,121.53942916156636,119.91336173255624,121.20664978027344,4258200,0.0,0.0
2010-11-26 00:00:00-05:00,119.84533759536069,120.51845556073275,119.55037604964525,119.663818359375,1876900,0.0,0.0
2010-11-29 00:00:00-05:00,119.11167489137587,121.01001535267173,118.74107756480913,120.46546936035156,4819900,0.0,0.0
2010-11-30 00:00:00-05:00,119.8135886820447,120.76863680369141,118.3506851196289,118.3506851196289,5416900,0.35,0.0
2010-12-01 00:00:00-05:00,120.10167694091797,120.67016074931534,119.0026105578496,120.10167694091797,6024000,0.0,0.0
2010-12-02 00:00:00-05:00,120.6397661791183,123.73989303588867,120.39720769783482,123.1714096069336,7208600,0.0,0.0
2010-12-03 00:00:00-05:00,122.26944954800024,123.1714453676869,121.99657696024484,123.02742767333984,4658000,0.0,0.0
2010-12-06 00:00:00-05:00,122.53478035959157,123.69448628637998,122.40592543059635,123.28517150878906,3686300,0.0,0.0
2010-12-07 00:00:00-05:00,124.70257926845018,124.89207382234943,122.36800497651187,122.48169708251953,5527700,0.0,0.0
2010-12-08 00:00:00-05:00,122.76214549094837,125.93048858642578,122.7090814691843,125.93048858642578,5259500,0.0,0.0
2010-12-09 00:00:00-05:00,126.58234896800806,127.15083257115779,125.63487629609183,126.16545867919922,5746400,0.0,0.0
2010-12-10 00:00:00-05:00,126.13510817121596,127.69654083251953,125.7485320307208,127.69654083251953,4543600,0.0,0.0
2010-12-13 00:00:00-05:00,127.52984813867168,129.55364879850006,127.26455110907908,128.462158203125,5325200,0.0,0.0
2010-12-14 00:00:00-05:00,128.60609327313,128.84865172324317,126.46101468896366,126.83242797851562,4892700,0.0,0.0
2010-12-15 00:00:00-05:00,126.30949692833654,126.8021781715683,125.14979111447562,125.22559356689453,4358100,0.0,0.0
2010-12-16 00:00:00-05:00,125.58938372857318,125.75613982321087,123.70960142136204,124.65707397460938,4164400,0.0,0.0
2010-12-17 00:00:00-05:00,124.24776855821955,125.06638629276245,123.64138376605875,124.3387222290039,5343000,0.0,0.0
2010-12-20 00:00:00-05:00,124.1112938304595,126.50649497903713,124.04306703585293,125.86222076416016,3719100,0.0,0.0
2010-12-21 00:00:00-05:00,126.23363342802027,128.0073104907128,126.20331940121112,127.51461791992188,4546900,0.0,0.0
2010-12-22 00:00:00-05:00,127.84819005789399,128.61374392680463,127.264543566878,128.55311584472656,3858500,0.0,0.0
2010-12-23 00:00:00-05:00,128.17406860526486,128.62884840963363,126.71116523160745,127.03710174560547,2494000,0.0,0.0
2010-12-27 00:00:00-05:00,126.42311222599402,128.8562260539755,126.13508852663325,128.7273712158203,2715000,0.0,0.0
2010-12-28 00:00:00-05:00,128.8563006108566,129.78861060625567,127.96946745925797,128.24234008789062,2862900,0.0,0.0
2010-12-29 00:00:00-05:00,128.4014884283393,128.68952381394254,126.25642053457555,127.05987548828125,3329800,0.0,0.0
2010-12-30 00:00:00-05:00,127.40851636800197,127.52979562106248,126.57474752631984,127.06742858886719,1745400,0.0,0.0
2010-12-31 00:00:00-05:00,127.02197256733585,127.94670678320308,126.58991949471991,127.46160125732422,1636300,0.0,0.0
2011-01-03 00:00:00-05:00,129.27316092212473,131.31969937849425,128.7425785913367,131.16810607910156,5717100,0.0,0.0
2011-01-04 00:00:00-05:00,131.78960858569948,131.88814940988564,130.37219366954213,131.19081115722656,3335500,0.0,0.0
2011-01-05 00:00:00-05:00,130.4101437647712,132.25961231185664,130.37224254388917,131.88819885253906,4140600,0.0,0.0
2011-01-06 00:00:00-05:00,132.27474281695214,132.33538244769392,130.35705931232292,130.53140258789062,5375200,0.0,0.0
2011-01-07 00:00:00-05:00,130.90274239153803,131.04676000057495,128.37109972834443,129.37921142578125,4916100,0.0,0.0
2011-01-10 00:00:00-05:00,128.85629637645994,129.834083183528,128.24991149211067,128.67437744140625,3650300,0.0,0.0
2011-01-11 00:00:00-05:00,129.23524924415568,129.94016323389076,127.58286275263062,128.37115478515625,4572300,0.0,0.0
2011-01-12 00:00:00-05:00,128.39392671969057,130.60722167379694,128.234746208869,130.1221160888672,5592900,0.0,0.0
2011-01-13 00:00:00-05:00,130.40253419683563,130.82701160569005,129.6142421406167,130.04629516601562,3183800,0.0,0.0
2011-01-14 00:00:00-05:00,129.75826930745905,132.6461639404297,129.75826930745905,132.6461639404297,5885100,0.0,0.0
2011-01-18 00:00:00-05:00,132.45665898369543,132.90386323965885,131.16809866297075,132.40359497070312,4981200,0.0,0.0
2011-01-19 00:00:00-05:00,128.44695824185243,129.98565267183454,125.71823278848063,126.19576263427734,13372700,0.0,0.0
2011-01-20 00:00:00-05:00,126.24125524630837,126.62781991476822,124.31598438967777,125.58939361572266,8914900,0.0,0.0
2011-01-21 00:00:00-05:00,125.73339756704961,128.24987857738608,125.15732687014025,125.97594451904297,5876500,0.0,0.0
2011-01-24 00:00:00-05:00,125.81683214778593,126.63545016453578,125.63491317767533,126.05180358886719,4624300,0.0,0.0
2011-01-25 00:00:00-05:00,123.58832478928322,124.90719920934598,121.36744306297068,122.77728271484375,11259800,0.0,0.0
2011-01-26 00:00:00-05:00,122.56502773617842,123.42912210506212,122.06475953160754,122.26941680908203,6738000,0.0,0.0
2011-01-27 00:00:00-05:00,122.13300689226608,124.4978947070988,122.11784409283513,124.33113861083984,6036000,0.0,0.0
2011-01-28 00:00:00-05:00,124.42973190282476,125.13464623480318,122.3528670068637,122.6181640625,4570000,0.0,0.0
2011-01-31 00:00:00-05:00,122.32255212594734,124.0962187225248,122.20884843180859,124.02041625976562,3792800,0.0,0.0
2011-02-01 00:00:00-05:00,124.20232220462152,126.01388984258242,124.01282763342968,125.3165512084961,4138400,0.0,0.0
2011-02-02 00:00:00-05:00,125.18012286752692,126.3095147997148,124.460045730986,125.10433197021484,2986200,0.0,0.0
2011-02-03 00:00:00-05:00,125.05882268216308,125.05882268216308,122.6711845023895,124.79352569580078,4710400,0.0,0.0
2011-02-04 00:00:00-05:00,124.97543936712104,125.05123024158925,123.36851784629238,124.93753814697266,3354500,0.0,0.0
2011-02-07 00:00:00-05:00,124.90721526883215,127.41613268110211,124.7632091344531,126.68089294433594,5036700,0.0,0.0
2011-02-08 00:00:00-05:00,126.59753446236849,127.88609521398917,126.02146357244987,127.75724029541016,4718700,0.0,0.0
2011-02-09 00:00:00-05:00,127.51462880331725,127.51462880331725,124.8086535039341,125.83191680908203,5663900,0.0,0.0
2011-02-10 00:00:00-05:00,125.18010185157502,126.3170692128639,124.82385115310475,125.3241195678711,4265800,0.0,0.0
2011-02-11 00:00:00-05:00,125.14981529852305,127.10540097735989,124.92241946315455,126.3246841430664,4257100,0.0,0.0
2011-02-14 00:00:00-05:00,125.93805597953347,127.18872677698793,125.45295046089814,126.97649383544922,3547200,0.0,0.0
2011-02-15 00:00:00-05:00,126.82487525620772,127.67380685319019,126.44588628386546,127.27207946777344,4025900,0.0,0.0
2011-02-16 00:00:00-05:00,127.76477490165686,128.78046268618075,127.34030905533804,127.95426940917969,4606300,0.0,0.0
2011-02-17 00:00:00-05:00,127.74963819987919,127.86334186711689,126.58235688404507,126.7036361694336,4448100,0.0,0.0
2011-02-18 00:00:00-05:00,126.61261237552317,127.56767184904204,126.46860630227205,127.37059020996094,3728100,0.0,0.0
2011-02-22 00:00:00-05:00,125.57422841831949,125.64244367042303,123.05774718104605,123.50495147705078,5448200,0.0,0.0
2011-02-23 00:00:00-05:00,123.26995083608104,124.91476150796797,122.61808937279555,123.61861419677734,4560400,0.0,0.0
2011-02-24 00:00:00-05:00,122.94407493529258,124.23263570056281,122.27706191239628,123.88397216796875,4619300,0.0,0.0
2011-02-25 00:00:00-05:00,124.34631044525393,125.73341176537957,123.94458297484807,125.15734100341797,4636200,0.0,0.0
2011-02-28 00:00:00-05:00,125.73463674174181,126.28154118568749,123.89643464585636,124.40535736083984,4235200,0.35,0.0
2011-03-01 00:00:00-05:00,124.23059471969107,124.94460915047591,122.5215220636004,122.52911376953125,7015500,0.0,0.0
2011-03-02 00:00:00-05:00,122.73421677730045,124.06349562942505,122.37720952978421,122.8177719116211,4658400,0.0,0.0
2011-03-03 00:00:00-05:00,123.59256777986887,125.46873946456448,123.57737277465716,124.94463348388672,4581200,0.0,0.0
2011-03-04 00:00:00-05:00,123.72173070815039,123.81287758394798,121.80756518362749,122.293701171875,7810800,0.0,0.0
2011-03-07 00:00:00-05:00,122.60509632531345,122.93171358717598,120.39469256343256,120.88842010498047,7004100,0.0,0.0
2011-03-08 00:00:00-05:00,121.10108536101974,122.88612144465995,120.80484656313804,122.52152252197266,4845900,0.0,0.0
2011-03-09 00:00:00-05:00,122.9393511140427,124.3597772964577,122.73425906089112,123.31914520263672,4125200,0.0,0.0
2011-03-10 00:00:00-05:00,122.14176991740698,122.29368522072023,121.52650540523172,121.73918914794922,4563400,0.0,0.0
2011-03-11 00:00:00-05:00,121.42020341399378,122.71150130187165,121.41260011257427,122.05065155029297,2883900,0.0,0.0
2011-03-14 00:00:00-04:00,121.48854603416413,121.91391359786141,120.03013799131772,120.34156036376953,4376100,0.0,0.0
2011-03-15 00:00:00-04:00,118.5413168843196,120.0529013739844,117.622221775082,119.44522857666016,5243600,0.0,0.0
2011-03-16 00:00:00-04:00,119.43003988463674,119.43764318388189,116.41447404469196,117.26522064208984,7223400,0.0,0.0
2011-03-17 00:00:00-04:00,118.44258273968751,118.76161998398243,116.9386013454801,118.30586242675781,5293900,0.0,0.0
2011-03-18 00:00:00-04:00,118.95152148621662,121.72401389030519,117.91848102952234,121.50373840332031,10170600,0.0,0.0
2011-03-21 00:00:00-04:00,122.76466000960541,123.16724089013759,121.45816717793181,121.69364929199219,4663300,0.0,0.0
2011-03-22 00:00:00-04:00,122.02024457096674,123.212803574996,121.62525547270532,122.1341781616211,3538900,0.0,0.0
2011-03-23 00:00:00-04:00,121.5492882094394,121.70879521614683,120.19722234979336,121.17708587646484,3603300,0.0,0.0
2011-03-24 00:00:00-04:00,121.79998761064856,121.9139212186191,120.6454101581578,121.46576690673828,2734400,0.0,0.0
2011-03-25 00:00:00-04:00,121.92146728057,121.92146728057,119.78702682749294,119.99211883544922,4020700,0.0,0.0
2011-03-28 00:00:00-04:00,120.16689086883709,120.99483950037586,118.80723263862204,118.8528060913086,3686800,0.0,0.0
2011-03-29 00:00:00-04:00,118.95147671884149,120.5466044477073,118.13871205501597,120.37190246582031,3769400,0.0,0.0
2011-03-30 00:00:00-04:00,120.79730010850889,121.86071886070548,119.61234447309124,120.82769012451172,2967200,0.0,0.0
2011-03-31 00:00:00-04:00,119.54396666355072,121.587260298087,119.49839323667373,120.47066497802734,3317700,0.0,0.0
2011-04-01 00:00:00-04:00,121.3594124398006,123.0532909151112,121.27585727247694,121.70881652832031,3787900,0.0,0.0
2011-04-04 00:00:00-04:00,122.11143575785518,122.20259425385596,120.470733505041,120.69860076904297,2816800,0.0,0.0
2011-04-05 00:00:00-04:00,120.3643567409657,120.88846288684763,119.72629381527196,120.70616912841797,3173700,0.0,0.0
2011-04-06 00:00:00-04:00,121.45059545576775,123.04573581918207,120.66062857633196,122.96977233886719,4198700,0.0,0.0
2011-04-07 00:00:00-04:00,123.04567152143791,124.87626990028629,122.72664593354243,123.35709381103516,4589200,0.0,0.0
2011-04-08 00:00:00-04:00,124.18510912553533,124.28384773402607,122.1570095302404,122.26335144042969,3280800,0.0,0.0
2011-04-11 00:00:00-04:00,121.94424247381825,123.74447376844928,121.94424247381825,122.65066528320312,3126900,0.0,0.0
2011-04-12 00:00:00-04:00,121.72403604106614,122.62794805396281,121.11636302824161,121.85316467285156,3328100,0.0,0.0
2011-04-13 00:00:00-04:00,123.43310361315211,124.55729109613273,121.40500416309455,121.66326141357422,5145000,0.0,0.0
2011-04-14 00:00:00-04:00,119.64268904840932,119.71106076987384,117.92602452258618,118.33619689941406,7982300,0.0,0.0
2011-04-15 00:00:00-04:00,118.6324580960447,119.21734414976689,117.45510587090747,117.83489990234375,5608300,0.0,0.0
2011-04-18 00:00:00-04:00,117.01460140128253,117.6450611967982,115.09284357693709,116.80950927734375,5992900,0.0,0.0
2011-04-19 00:00:00-04:00,118.56408227826734,118.5716855757431,113.59638210356923,115.35102844238281,13463800,0.0,0.0
2011-04-20 00:00:00-04:00,116.34612787897788,117.09052109958333,115.07761692484533,115.98912048339844,7181300,0.0,0.0
2011-04-21 00:00:00-04:00,116.28539014331893,117.22728397049092,115.98915111878576,116.60441589355469,3977500,0.0,0.0
2011-04-25 00:00:00-04:00,115.89798457981125,115.90557629029267,114.83455400213217,115.60174560546875,3711600,0.0,0.0
2011-04-26 00:00:00-04:00,115.3738380590364,116.93858771788328,115.2902829029623,116.42207336425781,4400000,0.0,0.0
2011-04-27 00:00:00-04:00,116.67273319931103,116.86263021845679,115.45738764062048,116.11063385009766,4207000,0.0,0.0
2011-04-28 00:00:00-04:00,115.87519198907523,115.91317372035392,114.09015493255035,114.39399719238281,5906700,0.0,0.0
2011-04-29 00:00:00-04:00,114.15090247374758,115.35864481054864,113.66476653746568,114.70539855957031,6075500,0.0,0.0
2011-05-02 00:00:00-04:00,115.60929137346614,116.27014081545671,114.75096481425376,114.92566680908203,4362700,0.0,0.0
2011-05-03 00:00:00-04:00,114.67500274679212,116.06505019533154,114.45471573336823,115.35862731933594,3557400,0.0,0.0
2011-05-04 00:00:00-04:00,115.647284747304,115.80680334328065,114.65981792891976,115.09278869628906,3768000,0.0,0.0
2011-05-05 00:00:00-04:00,114.5990760418559,114.86493656661263,113.90025623981747,114.24967193603516,4100200,0.0,0.0
2011-05-06 00:00:00-04:00,115.05477657932848,115.434570517574,113.58117424447329,114.01414489746094,5429300,0.0,0.0
2011-05-09 00:00:00-04:00,113.71037618114791,113.83950481264388,113.0267512872519,113.26981353759766,3152400,0.0,0.0
2011-05-10 00:00:00-04:00,113.1938188730706,114.50031129728072,112.81402483325124,114.2420425415039,4033800,0.0,0.0
2011-05-11 00:00:00-04:00,113.93820376364191,113.93820376364191,112.1531672685208,112.327880859375,5310500,0.0,0.0
2011-05-12 00:00:00-04:00,110.89225205993394,111.49232145725715,106.84364678361656,108.43118286132812,20659200,0.0,0.0
2011-05-13 00:00:00-04:00,108.15776646351593,108.25651664129965,105.77265991012783,107.45135498046875,14256700,0.0,0.0
2011-05-16 00:00:00-04:00,107.01841703181125,108.91738817056182,106.5398725959181,106.79814147949219,6458800,0.0,0.0
2011-05-17 00:00:00-04:00,106.53984286137218,107.82354884735796,105.64353429742754,106.9576187133789,7071400,0.0,0.0
2011-05-18 00:00:00-04:00,107.04873733944295,107.72478182450887,106.50184461163066,106.98037719726562,4768900,0.0,0.0
2011-05-19 00:00:00-04:00,107.27660900228315,107.32978572517989,105.14976030387984,105.84098815917969,7331500,0.0,0.0
2011-05-20 00:00:00-04:00,104.95988055918379,106.06888431099803,102.38487730333567,102.53680419921875,11284500,0.0,0.0
2011-05-23 00:00:00-04:00,101.51136526993271,104.20790566309495,101.51136526993271,103.18245697021484,8406500,0.0,0.0
2011-05-24 00:00:00-04:00,103.50906783417469,103.88125856447361,102.56717447039347,103.5622329711914,6605300,0.0,0.0
2011-05-25 00:00:00-04:00,103.05329639240621,104.5117038741459,102.93175953799647,103.48626708984375,6528800,0.0,0.0
2011-05-26 00:00:00-04:00,103.45590666670071,103.83570075254792,102.80266037542768,103.50148010253906,5332300,0.0,0.0
2011-05-27 00:00:00-04:00,103.76041661852213,105.82420689866784,103.74518247801059,105.59574127197266,5275700,0.35,0.0
2011-05-31 00:00:00-04:00,107.24067458884278,108.36775690637506,106.5248210830304,107.17212677001953,7023200,0.0,0.0
2011-06-01 00:00:00-04:00,106.5781222988097,106.61620183780053,103.64618372041647,103.6994857788086,6768100,0.0,0.0
2011-06-02 00:00:00-04:00,104.06503154922763,104.12595649210766,100.14308276581268,102.33633422851562,12423400,0.0,0.0
2011-06-03 00:00:00-04:00,101.27015031403931,104.4610225556567,101.20161412093722,103.05978393554688,5457600,0.0,0.0
2011-06-06 00:00:00-04:00,102.6181120922775,102.97603890451958,101.39202509337812,101.97079467773438,5287800,0.0,0.0
2011-06-07 00:00:00-04:00,102.33628617093869,103.38720898642858,101.27774047851562,101.27774047851562,6191500,0.0,0.0
2011-06-08 00:00:00-04:00,101.00362144423066,102.72470733151678,100.14307269046584,100.21160888671875,6795100,0.0,0.0
2011-06-09 00:00:00-04:00,100.51624503892764,102.88464848169816,100.39439515152426,101.68901824951172,4498100,0.0,0.0
2011-06-10 00:00:00-04:00,101.44533075929296,104.52196490478468,100.919863284139,103.50910949707031,7556800,0.0,0.0
2011-06-13 00:00:00-04:00,103.66902637378017,105.07026505767392,103.5090969623524,104.73518371582031,5272900,0.0,0.0
2011-06-14 00:00:00-04:00,105.24542187583309,105.81658011136066,103.98125552567348,104.40773010253906,5849900,0.0,0.0
2011-06-15 00:00:00-04:00,103.62332927789069,104.78086814453602,102.05453839818048,102.69424438476562,5715200,0.0,0.0
2011-06-16 00:00:00-04:00,102.52668665901814,104.24777215444807,102.16113712174383,103.63853454589844,5230700,0.0,0.0
2011-06-17 00:00:00-04:00,104.96366038944855,105.69473646671005,104.49150660537363,104.50672912597656,6758300,0.0,0.0
2011-06-20 00:00:00-04:00,103.88986050528675,104.12593735290113,102.32108128027535,102.91508483886719,4019900,0.0,0.0
2011-06-21 00:00:00-04:00,103.18922774549607,104.47623916111758,102.27537713010078,103.53954315185547,4213300,0.0,0.0
2011-06-22 00:00:00-04:00,103.25776302480868,104.92554648395821,102.37436906887473,102.44291687011719,4224400,0.0,0.0
2011-06-23 00:00:00-04:00,101.36153577234887,101.91745977428367,100.24967614823719,100.79798889160156,6706600,0.0,0.0
2011-06-24 00:00:00-04:00,101.14064676516304,101.6280344120892,99.62518179218728,99.69371795654297,5774800,0.0,0.0
2011-06-27 00:00:00-04:00,99.57189189304349,100.4172063157979,98.84842731614795,99.54143524169922,5831800,0.0,0.0
2011-06-28 00:00:00-04:00,100.0212468465224,100.0212468465224,97.70615679503638,98.4372329711914,8056000,0.0,0.0
2011-06-29 00:00:00-04:00,98.79514093572992,101.46054604374575,98.6199889965858,100.9274673461914,8170800,0.0,0.0
2011-06-30 00:00:00-04:00,101.3234862075618,101.89464451581159,100.14309004646313,101.35394287109375,4980900,0.0,0.0
2011-07-01 00:00:00-04:00,101.61282192292268,104.11830847580262,101.35389972227118,104.06499481201172,5103500,0.0,0.0
2011-07-05 00:00:00-04:00,103.49384576494575,103.60808436006315,101.28537236890828,102.42768859863281,4458300,0.0,0.0
2011-07-06 00:00:00-04:00,101.87939494586905,102.38201696987349,101.14831892935695,101.96316528320312,3029100,0.0,0.0
2011-07-07 00:00:00-04:00,102.87700311642116,103.72231764263333,102.59523548109787,102.81607818603516,3857500,0.0,0.0
2011-07-08 00:00:00-04:00,101.52907970449839,102.35153722588667,101.41484110079712,102.10784912109375,4141600,0.0,0.0
2011-07-11 00:00:00-04:00,101.09497113578577,101.61281550437825,99.81558272850565,100.53904724121094,4722900,0.0,0.0
2011-07-12 00:00:00-04:00,100.08212318384962,101.02644204128833,99.07689102485804,99.23680877685547,4330900,0.0,0.0
2011-07-13 00:00:00-04:00,99.56429114671175,100.34868072934822,98.77227868525378,98.9398193359375,4410500,0.0,0.0
2011-07-14 00:00:00-04:00,100.29534688184067,100.67611889856767,98.81033834065337,98.91695404052734,5357200,0.0,0.0
2011-07-15 00:00:00-04:00,99.99835253679552,100.15065903065317,98.37625990762206,99.1225814819336,5255100,0.0,0.0
2011-07-18 00:00:00-04:00,98.68087978767468,99.12257673286814,97.0968667629175,98.49049377441406,5836500,0.0,0.0
2011-07-19 00:00:00-04:00,95.7489587438155,98.94743638063834,95.57380101418869,97.85082244873047,15297700,0.0,0.0
2011-07-20 00:00:00-04:00,97.47768802966101,101.8946480925542,97.1578407602432,101.09502410888672,8578300,0.0,0.0
2011-07-21 00:00:00-04:00,101.68140362288207,103.55479619364782,101.47578339722675,103.25018310546875,7671000,0.0,0.0
2011-07-22 00:00:00-04:00,102.83130232621582,103.92792772606317,102.38199408107427,103.1816177368164,4925500,0.0,0.0
2011-07-25 00:00:00-04:00,102.17640134481589,104.43057767415152,101.66616803822936,104.21734619140625,5856700,0.0,0.0
2011-07-26 00:00:00-04:00,104.03455732730563,106.04503362200832,103.58524902218194,104.78849029541016,5464700,0.0,0.0
2011-07-27 00:00:00-04:00,104.17166694998404,104.52198253258292,102.38204434871454,102.59527587890625,5250000,0.0,0.0
2011-07-28 00:00:00-04:00,102.78561096779995,105.19209317964552,102.54191127130066,103.44815063476562,4429700,0.0,0.0
2011-07-29 00:00:00-04:00,102.12308948750635,104.0269501295535,101.38439062877259,102.78562927246094,5340300,0.0,0.0
2011-08-01 00:00:00-04:00,104.27065987135737,104.59050713111743,101.85656547107062,102.16117858886719,5880700,0.0,0.0
2011-08-02 00:00:00-04:00,100.58480223542468,102.62573598427977,99.89940519091944,99.93748474121094,7594500,0.0,0.0
2011-08-03 00:00:00-04:00,100.0288764791246,101.49104055036355,99.5414884553783,100.58480072021484,6499400,0.0,0.0
2011-08-04 00:00:00-04:00,99.64043585387013,100.44005955192387,96.11448845823276,96.12972259521484,8193300,0.0,0.0
2011-08-05 00:00:00-04:00,97.28727711614982,98.41435934296635,93.17493703884405,95.33010864257812,11167300,0.0,0.0
2011-08-08 00:00:00-04:00,92.9693183801349,95.52810738583558,85.37672169078839,89.6032943725586,17378000,0.0,0.0
2011-08-09 00:00:00-04:00,91.77371832236484,93.78419509659079,84.9883548517602,93.46434783935547,15913400,0.0,0.0
2011-08-10 00:00:00-04:00,91.06542534649658,91.13396151194351,83.80029549304605,84.02875518798828,18592000,0.0,0.0
2011-08-11 00:00:00-04:00,86.0088119572757,91.19492659146361,85.4833445502446,89.9383773803711,11842200,0.0,0.0
2011-08-12 00:00:00-04:00,91.24825525057956,92.05549050377522,87.7984598412081,88.69708251953125,9607900,0.0,0.0
2011-08-15 00:00:00-04:00,89.53474084945526,91.15682771336486,88.33911682823654,90.72274780273438,7257200,0.0,0.0
2011-08-16 00:00:00-04:00,89.55763322306223,91.21780048743562,87.95839091392467,89.001708984375,7413100,0.0,0.0
2011-08-17 00:00:00-04:00,89.37483936843616,90.43338547891645,88.7579903456716,89.29106903076172,4828600,0.0,0.0
2011-08-18 00:00:00-04:00,85.40717523400477,87.19680277522768,85.32340491500058,86.16110229492188,9284600,0.0,0.0
2011-08-19 00:00:00-04:00,85.19396168179466,87.80605882484775,84.61518639545831,85.11019134521484,6829000,0.0,0.0
2011-08-22 00:00:00-04:00,86.9455259939932,87.18921997867066,80.03831826096943,81.11209869384766,11286600,0.0,0.0
2011-08-23 00:00:00-04:00,80.73894644055086,82.85604506008193,78.56093448600188,81.37864685058594,24482500,0.0,0.0
2011-08-24 00:00:00-04:00,81.40908045986824,84.33340755411302,81.0206912704346,84.00594329833984,10169800,0.0,0.0
2011-08-25 00:00:00-04:00,87.2044419109833,89.93838323722466,82.33055708972778,83.64802551269531,11939500,0.0,0.0
2011-08-26 00:00:00-04:00,82.72655685479914,85.73466038541301,82.03355454934565,85.10257720947266,7355700,0.0,0.0
2011-08-29 00:00:00-04:00,86.54951257709601,88.75037518302585,85.54427431352293,88.39244842529297,5177900,0.0,0.0
2011-08-30 00:00:00-04:00,88.09453587409722,88.60631231381491,86.50573163396155,87.9799575805664,5298800,0.35,0.0
2011-08-31 00:00:00-04:00,88.14802106787333,89.98125661612988,87.59040971227755,88.77437591552734,6488100,0.0,0.0
2011-09-01 00:00:00-04:00,88.26256841145417,88.26256841145417,85.24536771866791,85.67312622070312,9855500,0.0,0.0
2011-09-02 00:00:00-04:00,82.93857079948621,83.44270716680614,80.81507548091038,81.77751922607422,8380900,0.0,0.0
2011-09-06 00:00:00-04:00,79.1880807527725,80.66230688104996,79.00475895714844,79.86790466308594,7749300,0.0,0.0
2011-09-07 00:00:00-04:00,80.96784091085142,83.09897629075282,80.20399335508868,82.75524139404297,6526400,0.0,0.0
2011-09-08 00:00:00-04:00,81.83098722895929,82.49553670594942,80.00539202177465,80.04358673095703,6508800,0.0,0.0
2011-09-09 00:00:00-04:00,79.73039414256317,80.83033632727917,78.0804866931827,78.10340118408203,8613700,0.0,0.0
2011-09-12 00:00:00-04:00,76.98818046897358,78.676282530747,76.21669295997624,78.61517333984375,8769600,0.0,0.0
2011-09-13 00:00:00-04:00,78.98948508762773,80.34149280923536,77.53053333786792,79.50889587402344,7119200,0.0,0.0
2011-09-14 00:00:00-04:00,80.135263988015,80.87619135235434,79.08115044565822,79.8526382446289,6602200,0.0,0.0
2011-09-15 00:00:00-04:00,80.33383527309752,82.6406578458069,80.28036618446882,82.47261047363281,6354500,0.0,0.0
2011-09-16 00:00:00-04:00,83.31287605365605,83.76354926842755,80.89912013048527,82.10599517822266,7999300,0.0,0.0
2011-09-19 00:00:00-04:00,80.44841699906053,80.66229336272718,78.86725293601761,80.05885314941406,5821600,0.0,0.0
2011-09-20 00:00:00-04:00,80.20398239372791,80.41021864141233,78.31727825641592,78.37838745117188,4978100,0.0,0.0
2011-09-21 00:00:00-04:00,78.5311731453078,78.54645336145002,74.6431914974913,74.75012969970703,8586100,0.0,0.0
2011-09-22 00:00:00-04:00,73.29879145180153,73.35226053351853,69.81564937951102,71.786376953125,12381300,0.0,0.0
2011-09-23 00:00:00-04:00,70.91560424897115,73.72656348606701,70.88505547512493,72.70301055908203,17489100,0.0,0.0
2011-09-26 00:00:00-04:00,73.47449633859168,76.17851731483569,72.5655159060641,75.72784423828125,7038600,0.0,0.0
2011-09-27 00:00:00-04:00,77.30135924948478,79.50124362497958,75.45284982772648,76.041015625,8583800,0.0,0.0
2011-09-28 00:00:00-04:00,76.369476171605,77.00346517218509,73.48976781207745,73.57379150390625,5676800,0.0,0.0
2011-09-29 00:00:00-04:00,75.35356642726491,76.36948512746353,74.24598391767798,76.28546142578125,5949200,0.0,0.0
2011-09-30 00:00:00-04:00,75.07095832168096,75.16262215256255,72.15306005712185,72.22180938720703,5780200,0.0,0.0
2011-10-03 00:00:00-04:00,71.60307523151411,73.11549610367163,68.65462291238389,68.8073959350586,7745200,0.0,0.0
2011-10-04 00:00:00-04:00,67.46303198732987,72.73358254509073,64.36944631733884,72.24472045898438,12000000,0.0,0.0
2011-10-05 00:00:00-04:00,71.7024015413139,72.97802608354644,69.37266321042486,72.0232162475586,8455400,0.0,0.0
2011-10-06 00:00:00-04:00,71.80168248677282,74.8570732308908,70.09066530182145,74.80360412597656,7604000,0.0,0.0
2011-10-07 00:00:00-04:00,74.9105631312797,74.9105631312797,70.46496859758085,70.80106353759766,7636900,0.0,0.0
2011-10-10 00:00:00-04:00,72.50441478443078,73.62727171969722,71.76348165965251,73.43630981445312,6123500,0.0,0.0
2011-10-11 00:00:00-04:00,72.22943353625513,75.4757861214365,71.80168070754075,73.86406707763672,7065300,0.0,0.0
2011-10-12 00:00:00-04:00,75.00985175819535,77.24792604916036,73.6272891026754,75.7049560546875,8237900,0.0,0.0
2011-10-13 00:00:00-04:00,74.75778115546932,74.87235365545249,72.19888653885653,73.44396209716797,6571500,0.0,0.0
2011-10-14 00:00:00-04:00,73.93283004121831,74.734866743061,72.29819619819075,73.88700103759766,5557400,0.0,0.0
2011-10-17 00:00:00-04:00,72.95508279189795,74.77303790428437,72.69537158858878,74.01683044433594,7227800,0.0,0.0
2011-10-18 00:00:00-04:00,75.00218242491097,79.24153224439907,73.74947308240377,78.10340118408203,16777200,0.0,0.0
2011-10-19 00:00:00-04:00,77.5687307988929,80.1581738531686,76.62919562992704,76.98820495605469,9959400,0.0,0.0
2011-10-20 00:00:00-04:00,77.67568206327843,78.04232573157354,75.0709583546204,77.04168701171875,7351200,0.0,0.0
2011-10-21 00:00:00-04:00,77.71386327213239,78.72214200180353,76.83543725265709,77.98120880126953,5854800,0.0,0.0
2011-10-24 00:00:00-04:00,78.4089622112371,79.99776671728821,78.35549310899955,79.42488098144531,5616600,0.0,0.0
2011-10-25 00:00:00-04:00,78.71450626624743,78.80616425871766,76.44587770948378,76.72086334228516,5150100,0.0,0.0
2011-10-26 00:00:00-04:00,77.83606486011165,81.53308412642718,77.42358649253447,81.21990966796875,11751700,0.0,0.0
2011-10-27 00:00:00-04:00,84.27530312513798,89.77500325423185,84.02323203040012,88.91185760498047,16477900,0.0,0.0
2011-10-28 00:00:00-04:00,87.33832289237814,90.18747671441271,87.07861753211938,88.49937438964844,8249500,0.0,0.0
2011-10-31 00:00:00-04:00,86.15436105731077,86.99459214989578,83.6260276727275,83.67949676513672,8071700,0.0,0.0
2011-11-01 00:00:00-04:00,79.05058855208702,81.80807892615525,78.45478834099326,79.08878326416016,10225400,0.0,0.0
2011-11-02 00:00:00-04:00,81.31155435083977,81.92263460907098,80.01301608671501,81.06712341308594,5602800,0.0,0.0
2011-11-03 00:00:00-04:00,82.51846705355098,83.03788372866998,77.98120979817897,82.2511215209961,8295100,0.0,0.0
2011-11-04 00:00:00-04:00,81.21992227636422,81.40324408118113,79.29502292885375,80.23455810546875,6074600,0.0,0.0
2011-11-07 00:00:00-05:00,80.16580143904419,81.08242203450939,79.24918667127355,80.63938903808594,4696900,0.0,0.0
2011-11-08 00:00:00-05:00,81.28102781254458,83.45799235787364,81.12061468442495,82.9385757446289,6138600,0.0,0.0
2011-11-09 00:00:00-05:00,80.19635147396114,80.2039915811042,75.49105366493737,76.13268280029297,10596500,0.0,0.0
2011-11-10 00:00:00-05:00,77.81319814642023,77.86666727351053,74.96404253167157,76.00287628173828,8536500,0.0,0.0
2011-11-11 00:00:00-05:00,77.06456706210393,78.06520533464018,76.58334527720271,77.6527328491211,4770400,0.0,0.0
2011-11-14 00:00:00-05:00,76.78196713815086,76.85071646056609,75.14733354982012,75.84243774414062,4826400,0.0,0.0
2011-11-15 00:00:00-05:00,75.08622513601514,77.16388581582184,74.9028975069803,76.19380187988281,5664100,0.0,0.0
2011-11-16 00:00:00-05:00,75.52161141901534,75.61326939778208,72.75648111489397,73.0238265991211,8889900,0.0,0.0
2011-11-17 00:00:00-05:00,73.3217413053135,73.6654762773104,70.13649769877684,70.54133605957031,8994900,0.0,0.0
2011-11-18 00:00:00-05:00,70.6329988253206,71.33573732135798,69.74693268255521,70.20524597167969,6228700,0.0,0.0
2011-11-21 00:00:00-05:00,68.883761847043,70.49548039936852,67.90603806372948,69.73927307128906,7802900,0.0,0.0
2011-11-22 00:00:00-05:00,69.28861765404677,70.1212145991783,67.68453880038085,68.28797912597656,7087400,0.0,0.0
2011-11-23 00:00:00-05:00,67.96716420196825,68.19631499273426,66.91305075028195,67.13456726074219,6608600,0.0,0.0
2011-11-25 00:00:00-05:00,67.26441668844978,69.84622526384995,67.0199856935646,67.79147338867188,3675000,0.0,0.0
2011-11-28 00:00:00-05:00,70.82395305634103,71.61071518136916,68.26506466606575,69.34208679199219,8730600,0.0,0.0
2011-11-29 00:00:00-05:00,69.28074000318438,70.00153763290518,67.97717554755123,68.09986114501953,5877300,0.35,0.0
2011-11-30 00:00:00-05:00,70.85268047554418,73.62084298136537,70.06287340633885,73.50582122802734,10871200,0.0,0.0
2011-12-01 00:00:00-05:00,72.52431588603712,73.32179266188031,71.46612273624056,72.40929412841797,6036600,0.0,0.0
2011-12-02 00:00:00-05:00,73.25278952618902,78.53606893134766,73.25278952618902,74.57169342041016,15122900,0.0,0.0
2011-12-05 00:00:00-05:00,76.34300298277381,78.35970121034356,75.95193716204938,76.54237365722656,8527400,0.0,0.0
2011-12-06 00:00:00-05:00,76.40431750667014,78.2906538401456,75.91356362398942,77.56986236572266,6401800,0.0,0.0
2011-12-07 00:00:00-05:00,76.88743718665498,81.35790606658286,75.95194118824809,80.61410522460938,10620400,0.0,0.0
2011-12-08 00:00:00-05:00,79.50223355452077,80.27670717999153,76.20497423835798,76.61904907226562,9218200,0.0,0.0
2011-12-09 00:00:00-05:00,77.53922596088005,79.42556318095029,77.28617922580646,77.79226684570312,7014600,0.0,0.0
2011-12-12 00:00:00-05:00,76.17429577165947,76.2586446677424,74.778712923173,75.16978454589844,6133300,0.0,0.0
2011-12-13 00:00:00-05:00,76.05929801548719,76.63440107131494,71.58115917864463,72.87705993652344,10105700,0.0,0.0
2011-12-14 00:00:00-05:00,71.91087599679449,73.39080790579244,70.89102530375312,71.50447082519531,8376300,0.0,0.0
2011-12-15 00:00:00-05:00,72.6470201942014,72.92307014353474,70.46929931640625,70.46929931640625,8163200,0.0,0.0
2011-12-16 00:00:00-05:00,71.09038597025592,71.76517126867068,68.93566897113384,69.08902740478516,10053500,0.0,0.0
2011-12-19 00:00:00-05:00,69.48777494742791,69.7178126186111,66.63526336285807,67.24870300292969,9545300,0.0,0.0
2011-12-20 00:00:00-05:00,68.87431402743107,70.16254458830831,67.59375314228332,69.76380920410156,8610800,0.0,0.0
2011-12-21 00:00:00-05:00,69.80985107301777,70.70701053158984,68.46027412021826,70.54598236083984,6422500,0.0,0.0
2011-12-22 00:00:00-05:00,70.63795870499852,72.8080087222807,70.384912080817,72.40160369873047,8280500,0.0,0.0
2011-12-23 00:00:00-05:00,72.693022269829,72.84638073126838,71.10573820790505,71.91854858398438,3919500,0.0,0.0
2011-12-27 00:00:00-05:00,71.6961847299705,71.95689532086803,70.41562326238316,70.46929931640625,3672000,0.0,0.0
2011-12-28 00:00:00-05:00,70.28525659426627,70.88336277096019,69.04303202326723,69.10437774658203,3917400,0.0,0.0
2011-12-29 00:00:00-05:00,69.46478777418368,70.10890632673659,69.20407716141932,69.78684997558594,4290500,0.0,0.0
2011-12-30 00:00:00-05:00,69.41877366069998,69.88652462583717,69.11972053220256,69.34209442138672,4182800,0.0,0.0
2012-01-03 00:00:00-05:00,71.28977526565589,73.94291664365667,71.18242316396372,73.1224365234375,8645200,0.0,0.0
2012-01-04 00:00:00-05:00,72.63930883229818,72.94602559729486,71.83416269856369,72.64697265625,7406200,0.0,0.0
2012-01-05 00:00:00-05:00,72.04122467511945,73.45981658233511,70.9293613508013,72.5243148803711,8131300,0.0,0.0
2012-01-06 00:00:00-05:00,71.92620825731522,72.04889383935132,70.86801512972531,71.63481903076172,5940900,0.0,0.0
2012-01-09 00:00:00-05:00,71.68851231238486,72.93073703693423,71.28210708312666,72.60868072509766,5018200,0.0,0.0
2012-01-10 00:00:00-05:00,74.65604802119036,76.28167482749356,74.41067094196073,75.39984893798828,7682700,0.0,0.0
2012-01-11 00:00:00-05:00,75.10074791610892,77.15578183807061,74.76335245347053,76.49633026123047,7223000,0.0,0.0
2012-01-12 00:00:00-05:00,77.1097992503103,77.7922542615955,75.34615376899724,77.60822296142578,6858700,0.0,0.0
2012-01-13 00:00:00-05:00,75.1467655445253,76.24329511250126,74.37996181447912,75.88289642333984,7615800,0.0,0.0
2012-01-17 00:00:00-05:00,75.6222028739812,78.09130652266566,74.34163591225337,74.90140533447266,8041500,0.0,0.0
2012-01-18 00:00:00-05:00,75.91360103626943,81.15087410778129,74.99343851532399,79.9853286743164,17960300,0.0,0.0
2012-01-19 00:00:00-05:00,81.47292801324772,83.04487861148586,80.42240438830439,82.5694580078125,11480900,0.0,0.0
2012-01-20 00:00:00-05:00,82.2934104653425,83.9113674799115,81.74131061294446,83.38227081298828,8439700,0.0,0.0
2012-01-23 00:00:00-05:00,83.19054789834176,85.03854798162726,82.44674722914384,82.96051025390625,7091800,0.0,0.0
2012-01-24 00:00:00-05:00,81.88699521891526,83.65831048639896,81.47292038036389,83.48194885253906,4543900,0.0,0.0
2012-01-25 00:00:00-05:00,81.4576207879786,83.54332350383082,81.22757716515,83.02189636230469,7927600,0.0,0.0
2012-01-26 00:00:00-05:00,83.28258997987935,84.57849072199957,82.83784221805398,83.24424743652344,6909600,0.0,0.0
2012-01-27 00:00:00-05:00,82.63843540953262,86.03537616750593,82.52341953022902,85.70565032958984,8403600,0.0,0.0
2012-01-30 00:00:00-05:00,84.63212658125988,84.6704632561592,83.40523597952239,84.14137268066406,6356900,0.0,0.0
2012-01-31 00:00:00-05:00,84.87751803158473,86.26543109535025,83.7043091047278,85.47562408447266,8028400,0.0,0.0
2012-02-01 00:00:00-05:00,86.34976889756426,89.44765668293797,85.5829651640633,86.99388122558594,11333000,0.0,0.0
2012-02-02 00:00:00-05:00,87.67636796578802,88.49685387525977,86.42647953172185,86.94790649414062,6624200,0.0,0.0
2012-02-03 00:00:00-05:00,88.65022737970504,90.15316279692844,88.48919921181519,90.12248992919922,7454500,0.0,0.0
2012-02-06 00:00:00-05:00,89.24834771443693,90.17618017076023,89.20234133073151,90.01515197753906,3421900,0.0,0.0
2012-02-07 00:00:00-05:00,89.53967640389645,89.70071034877007,88.42014356727861,88.93390655517578,5727300,0.0,0.0
2012-02-08 00:00:00-05:00,89.41701441434284,89.74674036653242,87.82973037711636,89.06428527832031,4958200,0.0,0.0
2012-02-09 00:00:00-05:00,89.86177134387503,90.01512981864252,88.2208110928095,88.85725402832031,4769800,0.0,0.0
2012-02-10 00:00:00-05:00,87.81438443661223,88.68854630847024,86.84821568657141,87.5076675415039,5849400,0.0,0.0
2012-02-13 00:00:00-05:00,88.84191805537006,89.00294620448226,87.40032854171044,87.82206726074219,3990000,0.0,0.0
2012-02-14 00:00:00-05:00,87.15494732281411,87.30063610777769,85.42196860746785,86.5491714477539,4870300,0.0,0.0
2012-02-15 00:00:00-05:00,86.86354659157642,88.37415124079966,86.57983288706721,86.7791976928711,6111800,0.0,0.0
2012-02-16 00:00:00-05:00,86.22711132105772,88.16713044213991,85.59066841874868,87.98309326171875,6372400,0.0,0.0
2012-02-17 00:00:00-05:00,88.5351913341224,89.4476899888374,88.05210690822938,88.88025665283203,5182300,0.0,0.0
2012-02-21 00:00:00-05:00,89.11794834953903,90.41384878579723,88.89557452111163,89.43233489990234,5320400,0.0,0.0
2012-02-22 00:00:00-05:00,89.11795967006222,89.82341792901458,87.63802775168925,87.69170379638672,4508500,0.0,0.0
2012-02-23 00:00:00-05:00,87.8910771075165,88.8112395728754,86.81755033109759,88.79590606689453,5609600,0.0,0.0
2012-02-24 00:00:00-05:00,89.19464596574895,89.69306976329084,88.26681377660202,88.8495864868164,4877500,0.0,0.0
2012-02-27 00:00:00-05:00,87.81440074299248,89.44769717895733,87.36965882240074,89.12564086914062,4370200,0.0,0.0
2012-02-28 00:00:00-05:00,89.21792393693694,91.26378604381667,88.64108391148261,90.07164764404297,6448200,0.35,0.0
2012-02-29 00:00:00-05:00,89.61019240902532,90.85616332560906,88.5564956665039,88.5564956665039,6650700,0.0,0.0
2012-03-01 00:00:00-05:00,89.19483470869818,93.2480939528637,89.09484536738812,93.16349029541016,10485800,0.0,0.0
2012-03-02 00:00:00-05:00,93.37887668272649,93.97109659385602,92.18673814832074,92.2636489868164,7044100,0.0,0.0
2012-03-05 00:00:00-05:00,91.98675476829828,92.25594560624985,90.3792967160159,91.24070739746094,5612700,0.0,0.0
2012-03-06 00:00:00-05:00,89.31021261179218,89.40250325229259,86.99515986988544,87.42586517333984,8161100,0.0,0.0
2012-03-07 00:00:00-05:00,88.18730650536803,89.77938475168861,87.90272997843181,89.52557373046875,5595000,0.0,0.0
2012-03-08 00:00:00-05:00,90.54847842065851,91.279139897893,89.27942955206098,90.11776733398438,4784100,0.0,0.0
2012-03-09 00:00:00-05:00,90.46387105650895,91.13300151275126,89.40248199970814,90.2100601196289,5000600,0.0,0.0
2012-03-12 00:00:00-04:00,90.52541404959413,90.65616889823117,89.4332651496246,89.97933959960938,4060000,0.0,0.0
2012-03-13 00:00:00-04:00,91.06383435804419,96.02465738283306,91.06383435804419,95.7862319946289,11884700,0.0,0.0
2012-03-14 00:00:00-04:00,95.77082290058387,96.04001960358414,92.15596113140431,92.5789794921875,14837200,0.0,0.0
2012-03-15 00:00:00-04:00,93.62499341619596,95.02479177934691,92.38670957172542,94.64791870117188,7245600,0.0,0.0
2012-03-16 00:00:00-04:00,94.6786768564719,94.98632604964996,93.10967125239202,94.54792785644531,7425700,0.0,0.0
2012-03-19 00:00:00-04:00,94.5479194202191,96.9091175252037,93.9864592526725,95.60161590576172,8020700,0.0,0.0
2012-03-20 00:00:00-04:00,94.97861938051169,98.33967561777297,94.80172508103024,96.92449188232422,8247000,0.0,0.0
2012-03-21 00:00:00-04:00,97.43213057740495,98.07050164298744,95.76314143594557,96.90143585205078,4820500,0.0,0.0
2012-03-22 00:00:00-04:00,95.97849894093096,96.57841168605026,95.44011134480593,95.9400405883789,5028400,0.0,0.0
2012-03-23 00:00:00-04:00,96.80142065056661,97.52439515638146,95.76311007105537,97.04753875732422,5160600,0.0,0.0
2012-03-26 00:00:00-04:00,97.87820666408454,98.60887413871033,97.24752853861528,98.5011978149414,4444000,0.0,0.0
2012-03-27 00:00:00-04:00,98.90114036659212,99.00112972447029,97.0629439917312,97.16293334960938,5447000,0.0,0.0
2012-03-28 00:00:00-04:00,96.98603940735602,97.86283581549789,95.44010642756042,97.1860122680664,5187900,0.0,0.0
2012-03-29 00:00:00-04:00,96.64761600901778,97.37058477389273,94.51715045541165,95.18628692626953,5538800,0.0,0.0
2012-03-30 00:00:00-04:00,95.90159765540456,96.50151046027428,94.54794448805666,95.65547943115234,4651400,0.0,0.0
2012-04-02 00:00:00-04:00,95.47855463076772,96.55532378518205,94.89402179815654,96.0630874633789,4084700,0.0,0.0
2012-04-03 00:00:00-04:00,95.61699919794374,95.70160286829105,93.60190266372959,94.37871551513672,5594800,0.0,0.0
2012-04-04 00:00:00-04:00,92.92509276013664,93.54807818024861,92.18673814832074,92.2636489868164,5633800,0.0,0.0
2012-04-05 00:00:00-04:00,91.8713553669523,92.74815144665318,90.47155760217386,90.75613403320312,6103700,0.0,0.0
2012-04-09 00:00:00-04:00,89.2640791664923,90.74848123142934,88.96412278940478,90.00243377685547,4043300,0.0,0.0
2012-04-10 00:00:00-04:00,90.20238153142651,90.92535611995598,88.0257707916889,88.1103744506836,5770400,0.0,0.0
2012-04-11 00:00:00-04:00,89.50251539610734,90.00243880724757,88.87952407448019,89.16410064697266,4177500,0.0,0.0
2012-04-12 00:00:00-04:00,89.65633683331677,92.60976129959029,89.2179385767513,92.59437561035156,5514600,0.0,0.0
2012-04-13 00:00:00-04:00,92.28669400770393,92.36360482316147,88.36418374017867,88.51800537109375,6368200,0.0,0.0
2012-04-16 00:00:00-04:00,90.07933639222773,91.07150189505393,88.4180343778434,90.54850006103516,7137600,0.0,0.0
2012-04-17 00:00:00-04:00,91.80985686408324,92.1175001709256,89.40250749939435,89.87936401367188,12894400,0.0,0.0
2012-04-18 00:00:00-04:00,88.26423083470961,89.82554381409889,87.85659809048535,88.70262908935547,6637400,0.0,0.0
2012-04-19 00:00:00-04:00,88.52572764347883,88.81799705446943,86.50294377166563,87.3720474243164,9240300,0.0,0.0
2012-04-20 00:00:00-04:00,87.61044259853216,87.81040952930894,86.38753901825942,86.4798355102539,5369600,0.0,0.0
2012-04-23 00:00:00-04:00,85.00316019437038,86.09531531579192,84.6570584585737,85.94918060302734,7047600,0.0,0.0
2012-04-24 00:00:00-04:00,85.80303137053954,87.87196619411357,85.40309152423247,87.76428985595703,4701900,0.0,0.0
2012-04-25 00:00:00-04:00,88.53339478214112,88.53339478214112,86.69519863609929,87.66429138183594,5080600,0.0,0.0
2012-04-26 00:00:00-04:00,87.2412710703699,88.87180738163582,86.97208027716826,88.1103744506836,4587600,0.0,0.0
2012-04-27 00:00:00-04:00,87.85659141174767,88.4411184615598,87.17206912576543,87.99503326416016,4008400,0.0,0.0
2012-04-30 00:00:00-04:00,87.82583902504767,88.67956293115289,87.37974789308032,88.56419372558594,4240300,0.0,0.0
2012-05-01 00:00:00-04:00,88.3257559876317,89.58711844323287,87.79506706964214,88.70262908935547,4308600,0.0,0.0
2012-05-02 00:00:00-04:00,87.75654219087849,88.04111854561465,86.73361174949581,87.50273132324219,3956400,0.0,0.0
2012-05-03 00:00:00-04:00,87.66431612517228,87.89504864638307,85.22620082213928,85.77996826171875,4854800,0.0,0.0
2012-05-04 00:00:00-04:00,85.20311097495168,85.29540748557629,83.68025669112433,83.82638549804688,5500100,0.0,0.0
2012-05-07 00:00:00-04:00,83.47262180761327,85.26467344165214,83.28803458617777,84.63399505615234,3267400,0.0,0.0
2012-05-08 00:00:00-04:00,83.82639820853792,84.74934585097002,82.88807074596295,84.11866760253906,4065900,0.0,0.0
2012-05-09 00:00:00-04:00,82.52659085443736,83.55720899403053,82.03435444927035,82.5188980102539,4777100,0.0,0.0
2012-05-10 00:00:00-04:00,83.49567744371424,84.11097588020789,81.61902836145806,81.7728500366211,4694200,0.0,0.0
2012-05-11 00:00:00-04:00,79.54240527018706,79.82698184087731,78.13491397384081,78.55023956298828,10631800,0.0,0.0
2012-05-14 00:00:00-04:00,77.57345906901266,77.7349735969255,76.38901332973074,76.73511505126953,10075600,0.0,0.0
2012-05-15 00:00:00-04:00,77.01965622386464,78.27331938413298,76.7427726267141,76.81199645996094,5656700,0.0,0.0
2012-05-16 00:00:00-04:00,77.33500911029208,78.55790694762787,75.52757263183594,75.52757263183594,5797200,0.0,0.0
2012-05-17 00:00:00-04:00,75.81213983398553,76.86583609165403,74.66615295410156,74.66615295410156,6375200,0.0,0.0
2012-05-18 00:00:00-04:00,75.01225775585854,75.29683421176308,73.06638548137933,73.44325256347656,7184700,0.0,0.0
2012-05-21 00:00:00-04:00,72.91259601792542,75.0276765305265,72.29729752163658,74.22779083251953,5314700,0.0,0.0
2012-05-22 00:00:00-04:00,74.51235408053928,76.87355258150042,74.2893085446798,75.01228332519531,5839700,0.0,0.0
2012-05-23 00:00:00-04:00,74.41237530737612,75.7660284288538,73.45866795420648,75.404541015625,5469700,0.0,0.0
2012-05-24 00:00:00-04:00,75.6198857386816,75.75832758726347,73.712465365767,74.4969711303711,5177300,0.0,0.0
2012-05-25 00:00:00-04:00,74.25083760220724,75.20454465769399,74.22776494352988,74.37389373779297,3096000,0.0,0.0
2012-05-29 00:00:00-04:00,74.96898630913046,75.64131545657082,73.70932430467259,75.62586212158203,4528000,0.46,0.0
2012-05-30 00:00:00-04:00,74.71392251552525,74.88393859025683,72.95967807236003,73.1142349243164,5713200,0.0,0.0
2012-05-31 00:00:00-04:00,73.33836293208876,74.69075632584605,72.41100392450339,73.95659637451172,4833000,0.0,0.0
2012-06-01 00:00:00-04:00,72.69694150190746,72.79740288978662,71.24408670442847,71.59184265136719,5384700,0.0,0.0
2012-06-04 00:00:00-04:00,71.68455491376949,71.88547761831177,69.97667654936846,70.32443237304688,5332600,0.0,0.0
2012-06-05 00:00:00-04:00,70.29354149521536,71.8700464473837,70.10034244562561,71.25953674316406,4682900,0.0,0.0
2012-06-06 00:00:00-04:00,71.90097511843351,73.46975080936663,71.79278409809112,73.3847427368164,6399600,0.0,0.0
2012-06-07 00:00:00-04:00,74.68299534157083,75.34760028757948,72.09413025447259,72.64281463623047,6068400,0.0,0.0
2012-06-08 00:00:00-04:00,72.35691036222863,73.29199311200807,71.78504279128242,73.0601577758789,3366700,0.0,0.0
2012-06-11 00:00:00-04:00,74.19615953723907,74.77575664602749,71.6072936305108,71.71548461914062,4941700,0.0,0.0
2012-06-12 00:00:00-04:00,71.80048675223455,72.67374420166016,71.4990908562026,72.67374420166016,3668500,0.0,0.0
2012-06-13 00:00:00-04:00,72.11734784853489,72.96742256832133,71.30590940475786,71.65367126464844,4694700,0.0,0.0
2012-06-14 00:00:00-04:00,71.82366476212556,72.86693822121315,71.4913622340938,72.50372314453125,4461000,0.0,0.0
2012-06-15 00:00:00-04:00,72.39556552083482,74.01070713404108,71.67686464755963,73.92570495605469,6186200,0.0,0.0
2012-06-18 00:00:00-04:00,73.60110537813802,73.62428831981975,72.1173381508381,72.35690307617188,4081400,0.0,0.0
2012-06-19 00:00:00-04:00,72.87468494526217,75.324447515388,72.75876433459439,74.47437286376953,5295200,0.0,0.0
2012-06-20 00:00:00-04:00,74.96896517849419,75.4249121317645,73.70157981174975,74.61347961425781,4941300,0.0,0.0
2012-06-21 00:00:00-04:00,74.80666939284595,74.86076488730079,72.5423764461502,72.56555938720703,5577700,0.0,0.0
2012-06-22 00:00:00-04:00,73.66293048660056,73.66293048660056,71.99369382987986,72.35690307617188,6720200,0.0,0.0
2012-06-25 00:00:00-04:00,71.37545586506205,71.40636841986843,70.06170471360957,70.49446868896484,4211300,0.0,0.0
2012-06-26 00:00:00-04:00,70.7031188871948,70.96587264697601,69.88395684593009,70.3476333618164,4248000,0.0,0.0
2012-06-27 00:00:00-04:00,70.47127816985981,72.48054684850393,70.33989835206681,72.07868957519531,3576100,0.0,0.0
2012-06-28 00:00:00-04:00,71.16680235498623,72.27190120538266,70.57948146227582,72.24871826171875,4413500,0.0,0.0
2012-06-29 00:00:00-04:00,74.19615894230668,74.32753287087998,73.04468845031727,74.08023834228516,6245300,0.0,0.0
2012-07-02 00:00:00-04:00,74.6212128640608,75.1930864019869,73.87159946929488,75.06170654296875,3515900,0.0,0.0
2012-07-03 00:00:00-04:00,75.06168168175617,76.32906679063132,74.67528363890482,76.19769287109375,2251100,0.0,0.0
2012-07-05 00:00:00-04:00,75.89631380091693,75.89631380091693,74.1034268596905,74.1266098022461,3736900,0.0,0.0
2012-07-06 00:00:00-04:00,73.13743210723536,74.1884354139436,73.02924111060072,73.77885437011719,3312800,0.0,0.0
2012-07-09 00:00:00-04:00,73.29198855898468,73.68611627067807,72.38781842271788,73.00605773925781,4121300,0.0,0.0
2012-07-10 00:00:00-04:00,73.30743512358586,73.64746727855179,71.9859545612856,72.83602905273438,3668600,0.0,0.0
2012-07-11 00:00:00-04:00,72.55009527433921,73.77884413126267,72.44963390453945,73.5160903930664,4516400,0.0,0.0
2012-07-12 00:00:00-04:00,72.90558156559224,73.21470118614933,72.04778331509671,72.65828704833984,3187000,0.0,0.0
2012-07-13 00:00:00-04:00,73.35382066260154,75.62584358711399,73.26108888345745,75.29354095458984,4592400,0.0,0.0
2012-07-16 00:00:00-04:00,75.52536701770569,75.84993997142296,74.1575145905213,75.48672485351562,4503000,0.0,0.0
2012-07-17 00:00:00-04:00,77.4650740859349,77.6582730976488,75.10032006926586,75.71855926513672,9502200,0.0,0.0
2012-07-18 00:00:00-04:00,75.23171130639619,75.5871968622943,74.3275411383966,74.58256530761719,4443200,0.0,0.0
2012-07-19 00:00:00-04:00,74.65213008815313,74.68304265126659,73.06790102637545,73.41565704345703,6164100,0.0,0.0
2012-07-20 00:00:00-04:00,73.00606734647144,73.64748968999517,72.72013059314972,72.7665023803711,5543900,0.0,0.0
2012-07-23 00:00:00-04:00,71.05087073679987,72.19460558926966,70.44036114967147,71.99368286132812,4761200,0.0,0.0
2012-07-24 00:00:00-04:00,72.16370681787134,73.10651912240954,72.03233287929591,73.00605773925781,5301700,0.0,0.0
2012-07-25 00:00:00-04:00,73.46200633595878,74.7216679402525,73.29971983827012,74.15752410888672,4578900,0.0,0.0
2012-07-26 00:00:00-04:00,75.30126562444383,75.88858650702267,74.76803434550281,75.7803955078125,5077400,0.0,0.0
2012-07-27 00:00:00-04:00,76.05086890746668,78.86384630919396,75.82675732542123,78.5469970703125,6397200,0.0,0.0
2012-07-30 00:00:00-04:00,78.16835222558466,78.96433152521324,77.5501127852684,77.9596939086914,3659600,0.0,0.0
2012-07-31 00:00:00-04:00,77.48056946231253,78.65521740741795,77.27964074550299,77.97515869140625,3664000,0.0,0.0
2012-08-01 00:00:00-04:00,78.26106659887438,78.6397409723859,77.140514495624,77.34916687011719,3092800,0.0,0.0
2012-08-02 00:00:00-04:00,76.12043531153141,76.53001640589342,74.74485884519564,75.58720397949219,3980200,0.0,0.0
2012-08-03 00:00:00-04:00,76.77731782460901,78.33064017198386,76.50684027555577,78.03697967529297,3283100,0.0,0.0
2012-08-06 00:00:00-04:00,78.24561722977887,79.48209000187082,77.85921912000218,78.84066772460938,2768700,0.0,0.0
2012-08-07 00:00:00-04:00,79.11889527916348,80.66448811764194,79.08025899578278,79.78350067138672,3845000,0.0,0.0
2012-08-08 00:00:00-04:00,79.21161651611328,79.83757959894564,78.95659233571212,79.21161651611328,2351100,0.0,0.0
2012-08-09 00:00:00-04:00,79.14204511959193,80.3707879905375,79.0570370836939,80.0616683959961,2850200,0.0,0.0
2012-08-10 00:00:00-04:00,79.8839554057987,79.89167912367789,78.91796003379461,79.61347198486328,3121600,0.0,0.0
2012-08-13 00:00:00-04:00,79.25026527464061,80.34763463816586,79.25026527464061,80.06942749023438,2008600,0.0,0.0
2012-08-14 00:00:00-04:00,80.48671536764286,81.63045029920852,79.52844985006719,79.7989273071289,3148200,0.0,0.0
2012-08-15 00:00:00-04:00,79.86850247034688,80.75721946179958,79.63666710038203,79.698486328125,2452500,0.0,0.0
2012-08-16 00:00:00-04:00,79.79892950454548,80.31670149317381,79.28888123206991,79.97666931152344,2417900,0.0,0.0
2012-08-17 00:00:00-04:00,79.94574781104734,80.06939800725024,79.44343510287918,80.0616683959961,2509700,0.0,0.0
2012-08-20 00:00:00-04:00,79.84531295052055,81.53000910918412,79.70620938160457,81.35999298095703,3860800,0.0,0.0
2012-08-21 00:00:00-04:00,81.67682107679524,82.9519299153599,80.9503908615906,81.39088439941406,4459800,0.0,0.0
2012-08-22 00:00:00-04:00,80.9658434930332,82.18686272631334,80.11576897597767,80.88856506347656,4202400,0.0,0.0
2012-08-23 00:00:00-04:00,80.82676194239431,81.13588164065264,80.10033743185026,80.4326400756836,3583100,0.0,0.0
2012-08-24 00:00:00-04:00,80.03077032854156,81.31361481443146,79.0029558924594,81.11268615722656,3527100,0.0,0.0
2012-08-27 00:00:00-04:00,81.23634338378906,81.80048134080592,80.81903270404058,81.23634338378906,2466800,0.0,0.0
2012-08-28 00:00:00-04:00,81.08110698042577,82.19106302812054,80.87929517487719,81.5235366821289,2611100,0.46,0.0
2012-08-29 00:00:00-04:00,81.77966974567501,82.5015292500416,81.53128829911236,81.91162109375,2266900,0.0,0.0
2012-08-30 00:00:00-04:00,81.29841919710594,81.65546711731294,80.68522627265912,81.28289794921875,2823700,0.0,0.0
2012-08-31 00:00:00-04:00,81.81850986411577,82.72665428495938,81.7408858238663,82.05912780761719,3264100,0.0,0.0
2012-09-04 00:00:00-04:00,81.92713178424317,83.2466568433107,81.91936820007088,82.59465789794922,3249200,0.0,0.0
2012-09-05 00:00:00-04:00,82.9750136201364,85.38121017711521,82.88963193620877,85.33464050292969,6371600,0.0,0.0
2012-09-06 00:00:00-04:00,85.85470634863296,88.31523668421488,85.38899174307248,88.12895202636719,6521500,0.0,0.0
2012-09-07 00:00:00-04:00,88.33072812333936,90.62049412871765,88.13667995604017,90.29449462890625,6137100,0.0,0.0
2012-09-10 00:00:00-04:00,90.08493791840246,90.23241645104491,88.90512742290692,89.0137939453125,4225100,0.0,0.0
2012-09-11 00:00:00-04:00,89.44068819193676,91.4044547922391,89.27768251228727,90.57392883300781,3898500,0.0,0.0
2012-09-12 00:00:00-04:00,91.12500913865216,91.9477713699841,90.57391312314876,91.77700805664062,4233700,0.0,0.0
2012-09-13 00:00:00-04:00,91.58299560839134,93.95814983135143,91.34237771228727,93.66319274902344,5261600,0.0,0.0
2012-09-14 00:00:00-04:00,94.12113526569736,95.16123071640048,93.51570586342173,94.1987533569336,6187700,0.0,0.0
2012-09-17 00:00:00-04:00,93.3914978383094,94.00469073210816,92.76278369739923,93.06549835205078,3598300,0.0,0.0
2012-09-18 00:00:00-04:00,92.70068821124227,93.42254761094223,92.17287697359198,93.04997253417969,3033300,0.0,0.0
2012-09-19 00:00:00-04:00,93.43034968023107,93.43034968023107,92.38248443603516,92.38248443603516,4818300,0.0,0.0
2012-09-20 00:00:00-04:00,91.31132193585661,91.45103687890094,90.22465081460984,91.30355834960938,4448100,0.0,0.0
2012-09-21 00:00:00-04:00,91.87018478454662,91.88570603567968,90.47303530731627,90.59722900390625,8188700,0.0,0.0
2012-09-24 00:00:00-04:00,90.30226232214592,91.14831550492315,89.18454878123136,90.50407409667969,3697500,0.0,0.0
2012-09-25 00:00:00-04:00,90.91547081193687,91.31909442982803,88.09789276123047,88.09789276123047,4547700,0.0,0.0
2012-09-26 00:00:00-04:00,87.88054761911356,88.20654716590732,86.8559733849896,87.77188110351562,5185100,0.0,0.0
2012-09-27 00:00:00-04:00,88.28414261720941,89.92967302290096,88.2686213711966,89.440673828125,3898900,0.0,0.0
2012-09-28 00:00:00-04:00,89.26991697573985,89.26991697573985,87.888295027272,88.23757934570312,3653700,0.0,0.0
2012-10-01 00:00:00-04:00,90.55839308673386,92.38244459022765,90.34882368141425,90.70587158203125,5338600,0.0,0.0
2012-10-02 00:00:00-04:00,91.24148146401663,91.77705055985676,90.8844275042804,91.00862121582031,3681300,0.0,0.0
2012-10-03 00:00:00-04:00,91.295785065224,91.72268748568321,90.20911412989841,91.52088165283203,3036400,0.0,0.0
2012-10-04 00:00:00-04:00,92.10302114038635,93.42254625441211,91.53639790980172,93.06549835205078,3743200,0.0,0.0
2012-10-05 00:00:00-04:00,93.78736782595263,94.2297974396996,92.04093420507554,92.60755157470703,3938300,0.0,0.0
2012-10-08 00:00:00-04:00,91.80807609699451,92.92579553464151,91.7071731729383,92.72398376464844,2140400,0.0,0.0
2012-10-09 00:00:00-04:00,92.66962670375692,93.71748544642385,92.38243333261687,92.85591125488281,3260600,0.0,0.0
2012-10-10 00:00:00-04:00,92.75499192267728,93.33713622344723,92.4134653712246,93.20518493652344,2829600,0.0,0.0
2012-10-11 00:00:00-04:00,93.88050303627283,95.4251307457149,93.72526686776982,94.687744140625,4707200,0.0,0.0
2012-10-12 00:00:00-04:00,94.40055317728796,94.91283725207883,93.05773727361304,93.29835510253906,4054900,0.0,0.0
2012-10-15 00:00:00-04:00,94.4626594234359,96.72138326688591,93.72527864754919,96.63600158691406,6412000,0.0,0.0
2012-10-16 00:00:00-04:00,96.42645072252616,97.77702476852379,94.96720421772028,95.64249420166016,10115900,0.0,0.0
2012-10-17 00:00:00-04:00,95.72010581977207,97.06292210913341,95.51053634759194,96.9620132446289,6712400,0.0,0.0
2012-10-18 00:00:00-04:00,96.09265922139011,98.17285590709463,95.61918119771957,97.14051818847656,5375100,0.0,0.0
2012-10-19 00:00:00-04:00,96.60494090772062,97.1560370036917,95.48722154581858,95.95294189453125,5876400,0.0,0.0
2012-10-22 00:00:00-04:00,94.71104538685086,96.52733966687163,94.63342728914836,95.2931900024414,3643000,0.0,0.0
2012-10-23 00:00:00-04:00,93.50795544848481,94.43162685337461,91.68390339904929,92.36695098876953,5818500,0.0,0.0
2012-10-24 00:00:00-04:00,93.01119046595794,94.19100099016364,92.96461486816406,92.96461486816406,3662000,0.0,0.0
2012-10-25 00:00:00-04:00,93.7873709306938,94.84299353911976,92.09527050735342,92.92579650878906,4128800,0.0,0.0
2012-10-26 00:00:00-04:00,92.55320062047187,93.43805967873763,91.88567453484971,92.70844268798828,3960900,0.0,0.0
2012-10-31 00:00:00-04:00,92.93353049527468,95.16119917702777,92.87919725722897,94.99819946289062,3679700,0.0,0.0
2012-11-01 00:00:00-04:00,95.33200614969496,96.93096153491054,94.97495814726243,96.90767669677734,3336200,0.0,0.0
2012-11-02 00:00:00-04:00,97.29577533137545,97.7149201929267,95.51829294367688,95.665771484375,3188800,0.0,0.0
2012-11-05 00:00:00-05:00,95.61917891220115,96.60494101809137,94.78088938981688,96.30998992919922,2568700,0.0,0.0
2012-11-06 00:00:00-05:00,96.50405777845587,98.36692178964219,96.48077294062178,97.99434661865234,3986000,0.0,0.0
2012-11-07 00:00:00-05:00,95.31647475358474,95.56485620370582,91.56746224423284,91.57522583007812,7075800,0.0,0.0
2012-11-08 00:00:00-05:00,92.52990277392374,93.01890189358062,89.46394491480862,89.4717025756836,6252100,0.0,0.0
2012-11-09 00:00:00-05:00,89.0370808197171,91.47432588694188,88.36179091056319,90.15480041503906,4823100,0.0,0.0
2012-11-12 00:00:00-05:00,90.65156245370167,91.4665613822085,90.27122962039849,91.00084686279297,2453600,0.0,0.0
2012-11-13 00:00:00-05:00,89.95299729658232,91.86243117492032,89.32428292448674,90.40319061279297,3156600,0.0,0.0
2012-11-14 00:00:00-05:00,90.54291496667365,91.163865815823,88.39285703252855,88.67228698730469,3885700,0.0,0.0
2012-11-15 00:00:00-05:00,88.88183162163449,90.317786995048,88.41611716564641,89.60369110107422,3702900,0.0,0.0
2012-11-16 00:00:00-05:00,89.6735438343593,90.48078497234697,88.66449685328506,89.9141616821289,4515900,0.0,0.0
2012-11-19 00:00:00-05:00,90.96978404303208,92.51441181326598,90.96202637961778,91.82360076904297,3868600,0.0,0.0
2012-11-20 00:00:00-05:00,91.53641861365739,92.1728964830228,91.10175253366575,91.66060638427734,3304000,0.0,0.0
2012-11-21 00:00:00-05:00,91.73046240577278,91.76927441328336,90.68260334367739,91.3578872680664,2075200,0.0,0.0
2012-11-23 00:00:00-05:00,92.1107726614079,93.38372802734375,91.80029444296221,93.38372802734375,1977500,0.0,0.0
2012-11-26 00:00:00-05:00,92.49113475343212,93.88051462207417,91.97884467476601,93.87275695800781,3371000,0.0,0.0
2012-11-27 00:00:00-05:00,93.53122123916157,94.18322027085729,91.88569056764129,91.90898132324219,3875200,0.0,0.0
2012-11-28 00:00:00-05:00,91.39452526855685,93.01585388183594,90.86447575833071,93.01585388183594,3811200,0.5,0.0
2012-11-29 00:00:00-05:00,93.53812213572405,93.88888771493556,92.38448267937292,92.54817962646484,2980800,0.0,0.0
2012-11-30 00:00:00-05:00,91.94795583346497,93.10159507009517,91.73749771542043,91.81544494628906,4264300,0.0,0.0
2012-12-03 00:00:00-05:00,92.30654166124077,93.25751358529818,92.03372330933759,92.29095458984375,3613900,0.0,0.0
2012-12-04 00:00:00-05:00,92.07268277818459,92.28314091135583,90.57606848177207,90.87227630615234,3591600,0.0,0.0
2012-12-05 00:00:00-05:00,91.21524350116105,91.90119344109134,90.42017218996065,91.30098724365234,3283000,0.0,0.0
2012-12-06 00:00:00-05:00,91.37116095021187,91.57382855633298,90.57608354381043,91.3555679321289,2330900,0.0,0.0
2012-12-07 00:00:00-05:00,91.79985008109676,91.97913406077323,90.52929299727623,90.86447143554688,3960500,0.0,0.0
2012-12-10 00:00:00-05:00,90.89566359049672,91.33217289013665,90.12397580806378,91.20745849609375,3331900,0.0,0.0
2012-12-11 00:00:00-05:00,91.63616608690889,93.38221508035892,91.23083689553222,92.64949798583984,5696500,0.0,0.0
2012-12-12 00:00:00-05:00,92.98468590629483,93.52253199394949,92.0415105860409,92.04930114746094,5372400,0.0,0.0
2012-12-13 00:00:00-05:00,91.83105795892969,92.88336668744141,91.6595704343724,92.36890411376953,3329100,0.0,0.0
2012-12-14 00:00:00-05:00,92.32990447368522,93.5926710645901,92.21298659702128,93.03923797607422,3717200,0.0,0.0
2012-12-17 00:00:00-05:00,93.6861975096206,96.25849151611328,93.56147719689784,96.25849151611328,5476700,0.0,0.0
2012-12-18 00:00:00-05:00,97.2952497906476,99.7740106044825,97.03801849227925,99.5947265625,8040300,0.0,0.0
2012-12-19 00:00:00-05:00,100.29622767687445,100.78730651470221,98.8463866311786,99.18936157226562,5525400,0.0,0.0
2012-12-20 00:00:00-05:00,99.26730547908757,101.11468505859375,98.69828537895168,101.11468505859375,4402500,0.0,0.0
2012-12-21 00:00:00-05:00,98.70608056483047,100.51448364273166,97.92659637699387,100.11695098876953,6393300,0.0,0.0
2012-12-24 00:00:00-05:00,99.67262881090875,100.1637016273868,99.30627035149229,99.41539764404297,1359300,0.0,0.0
2012-12-26 00:00:00-05:00,99.8987011440506,100.78731268491121,99.08024032889297,99.11921691894531,2210100,0.0,0.0
2012-12-27 00:00:00-05:00,99.4232164728494,100.00782964862783,97.10035083774628,98.73726654052734,3263500,0.0,0.0
2012-12-28 00:00:00-05:00,98.00456302416644,98.69830357093673,97.70055867789155,97.84086608886719,1859200,0.0,0.0
2012-12-31 00:00:00-05:00,97.76291159355532,99.52454763462688,97.27183866508086,99.4310073852539,3623000,0.0,0.0
2013-01-02 00:00:00-05:00,102.34626208648524,102.62687683105469,101.0367226471668,102.62687683105469,4449000,0.0,0.0
2013-01-03 00:00:00-05:00,102.65806992716553,102.72043009236691,101.38751872989168,102.06566619873047,4584600,0.0,0.0
2013-01-04 00:00:00-05:00,102.05787165325658,104.9497635819011,101.58239765797202,104.84842681884766,5234600,0.0,0.0
2013-01-07 00:00:00-05:00,104.54442187710666,104.84842025324434,103.5778690370717,104.65354919433594,3556900,0.0,0.0
2013-01-08 00:00:00-05:00,104.2248583418524,104.4119269749031,103.43757153113955,103.71039581298828,2760200,0.0,0.0
2013-01-09 00:00:00-05:00,103.98318149368372,104.78604922161637,103.8818566414681,104.7003173828125,3666500,0.0,0.0
2013-01-10 00:00:00-05:00,105.28492433556558,107.68572492512325,104.5522073699024,107.07772827148438,5960700,0.0,0.0
2013-01-11 00:00:00-05:00,106.80492703971133,106.92184491061258,106.11118658639933,106.89067077636719,3211700,0.0,0.0
2013-01-14 00:00:00-05:00,106.93744216700472,107.03877892179578,105.74483226056108,106.11119079589844,2855800,0.0,0.0
2013-01-15 00:00:00-05:00,105.65910295986704,106.99201449911358,105.32391851420549,105.69027709960938,4322800,0.0,0.0
2013-01-16 00:00:00-05:00,108.30153081016469,110.35936851142284,107.49086062525383,109.9774169921875,10650800,0.0,0.0
2013-01-17 00:00:00-05:00,109.8215505221541,110.64780203708608,108.83160205898682,109.91508483886719,6596000,0.0,0.0
2013-01-18 00:00:00-05:00,110.18011749517171,112.87712668223617,110.09437374101722,112.59651184082031,7349000,0.0,0.0
2013-01-22 00:00:00-05:00,112.25350777449117,114.02294011923532,111.73125482306128,113.76570892333984,5158400,0.0,0.0
2013-01-23 00:00:00-05:00,113.63324137453426,113.75796174021907,112.87714051180464,113.46175384521484,3948700,0.0,0.0
2013-01-24 00:00:00-05:00,113.02521557933238,114.38152244811921,112.29249848564244,112.9940414428711,4638200,0.0,0.0
2013-01-25 00:00:00-05:00,112.38607299036202,113.2357201611748,111.70013469697722,112.60433959960938,4639400,0.0,0.0
2013-01-28 00:00:00-05:00,112.58089500088946,113.22007774096662,112.00408431680344,112.36264038085938,3045600,0.0,0.0
2013-01-29 00:00:00-05:00,112.32367962880718,114.97392119017304,112.1210061216774,114.6621322631836,4519800,0.0,0.0
2013-01-30 00:00:00-05:00,114.43608903043092,114.91157493272411,113.73455791281188,114.70111083984375,4083100,0.0,0.0
2013-01-31 00:00:00-05:00,114.0072995811715,115.3636057139655,114.0072995811715,115.25447845458984,3680900,0.0,0.0
2013-02-01 00:00:00-05:00,115.7612208630822,117.23444586388248,115.17660757873308,116.8447036743164,4563800,0.0,0.0
2013-02-04 00:00:00-05:00,115.55855270514057,116.10418936103859,114.28798943255963,114.98953247070312,4679400,0.0,0.0
2013-02-05 00:00:00-05:00,115.636474569988,117.50723171026941,115.50395180218275,117.27338409423828,4219200,0.0,0.0
2013-02-06 00:00:00-05:00,116.72778737706739,117.8112702031718,116.27568500368734,117.7956771850586,3940600,0.0,0.0
2013-02-07 00:00:00-05:00,117.51501670179437,118.87132329532582,116.1431289901872,117.12527465820312,4890800,0.0,0.0
2013-02-08 00:00:00-05:00,117.5305639870067,118.45815159290072,117.19539166903351,118.16974639892578,3612300,0.0,0.0
2013-02-11 00:00:00-05:00,118.02949553384347,119.15974523927332,117.67093946430651,118.6686782836914,3751400,0.0,0.0
2013-02-12 00:00:00-05:00,118.85574163691278,120.29000153376288,118.31789566234204,120.12630462646484,4309000,0.0,0.0
2013-02-13 00:00:00-05:00,120.12630098284845,120.70312352680227,119.47932772103086,120.44589233398438,4369100,0.0,0.0
2013-02-14 00:00:00-05:00,119.91585602752102,122.160774508456,119.74436853833926,121.54497528076172,5035800,0.0,0.0
2013-02-15 00:00:00-05:00,121.91131180147535,122.02043910268702,120.10291482511263,120.81224822998047,4254400,0.0,0.0
2013-02-19 00:00:00-05:00,121.3579095810607,123.93800064747667,121.01493459447013,123.66517639160156,5103400,0.0,0.0
2013-02-20 00:00:00-05:00,123.3299808391791,123.54823544554526,120.47706604941351,120.96034240722656,5029700,0.0,0.0
2013-02-21 00:00:00-05:00,119.82234493930555,120.00162302401091,116.76676746707776,117.60861206054688,8318000,0.0,0.0
2013-02-22 00:00:00-05:00,118.77001153936102,120.14191143350946,118.52058276387042,120.11072540283203,4772700,0.0,0.0
2013-02-25 00:00:00-05:00,120.96817706495267,121.35791923636164,115.0518937575215,115.09085845947266,6294200,0.0,0.0
2013-02-26 00:00:00-05:00,115.84174191142193,116.89762644303926,114.74676026963013,115.75570678710938,5686600,0.5,0.0
2013-02-27 00:00:00-05:00,115.65395954973496,118.92328047044806,115.56792447460046,118.61042022705078,4695000,0.0,0.0
2013-02-28 00:00:00-05:00,118.37583319429588,119.19706328893825,117.13223266601562,117.13223266601562,4956000,0.0,0.0
2013-03-01 00:00:00-05:00,115.84950084458843,118.6495375636166,115.14558613281437,117.73444366455078,4538400,0.0,0.0
2013-03-04 00:00:00-05:00,117.32775168189681,119.2518038612818,117.09312136011893,119.02497863769531,3209200,0.0,0.0
2013-03-05 00:00:00-05:00,120.01830833875286,121.19933682522743,119.50992665456891,119.63507080078125,4589300,0.0,0.0
2013-03-06 00:00:00-05:00,120.49540823045709,121.2697241978699,119.50992494553371,120.55016326904297,3593200,0.0,0.0
2013-03-07 00:00:00-05:00,120.99597149255035,122.94348693928931,120.8395472810088,122.49766540527344,3886300,0.0,0.0
2013-03-08 00:00:00-05:00,121.92672888168984,122.19265127230543,118.89204862472317,119.65071868896484,6615000,0.0,0.0
2013-03-11 00:00:00-04:00,119.23609205397511,120.69868788077288,119.16570299629025,119.90090942382812,3586400,0.0,0.0
2013-03-12 00:00:00-04:00,119.90094334215105,120.29200968577555,117.67968937461934,118.76685333251953,3432200,0.0,0.0
2013-03-13 00:00:00-04:00,118.90765674986652,119.56464548247871,117.77356649929543,118.81380462646484,3356400,0.0,0.0
2013-03-14 00:00:00-04:00,119.09534859673957,120.71435706661337,119.00931352306719,120.46408081054688,3886600,0.0,0.0
2013-03-15 00:00:00-04:00,118.3758173506135,121.7233451558808,118.3367083193406,121.10545349121094,7301200,0.0,0.0
2013-03-18 00:00:00-04:00,119.29871597437024,119.75235443409203,118.01601864958428,118.84507751464844,3788100,0.0,0.0
2013-03-19 00:00:00-04:00,119.36124832577784,119.7366686062376,115.61483868146698,116.41260528564453,4726900,0.0,0.0
2013-03-20 00:00:00-04:00,117.33557288076844,118.4774801524913,116.73332724780768,117.4216079711914,2883800,0.0,0.0
2013-03-21 00:00:00-04:00,116.7646202593789,117.49201009260223,113.69866059564518,113.70648956298828,4704000,0.0,0.0
2013-03-22 00:00:00-04:00,114.59025115145204,115.5209909217359,113.88633653470481,114.66065216064453,3456800,0.0,0.0
2013-03-25 00:00:00-04:00,115.74785666021228,116.27188429142463,113.15898663582682,114.2774429321289,3775400,0.0,0.0
2013-03-26 00:00:00-04:00,115.98248689949995,116.02159593286706,113.30759371192903,114.61375427246094,3860400,0.0,0.0
2013-03-27 00:00:00-04:00,114.09754237108677,116.24840767831337,114.08189637267495,115.6305160522461,3964800,0.0,0.0
2013-03-28 00:00:00-04:00,115.84948997492204,116.58469661144628,115.07518625149996,115.0908203125,3701300,0.0,0.0
2013-04-01 00:00:00-04:00,114.71541900321982,115.80258314304662,113.09641027557544,114.22267150878906,2581100,0.0,0.0
2013-04-02 00:00:00-04:00,113.62043032403643,115.3567660203106,113.2293639408107,114.72322845458984,3374100,0.0,0.0
2013-04-03 00:00:00-04:00,114.78581012882647,114.87184521772313,111.2036403261107,112.1656723022461,4373300,0.0,0.0
2013-04-04 00:00:00-04:00,112.25166460314269,113.37010839807189,111.25053591453636,111.8371353149414,3423800,0.0,0.0
2013-04-05 00:00:00-04:00,109.97567353555192,112.47067862445654,109.76449437622844,112.3846435546875,3864300,0.0,0.0
2013-04-08 00:00:00-04:00,112.49416041529125,112.72097367284721,110.93771186960977,112.48634338378906,2908700,0.0,0.0
2013-04-09 00:00:00-04:00,112.87740150360133,115.41933288018838,112.68186832078695,114.59809112548828,3262800,0.0,0.0
2013-04-10 00:00:00-04:00,115.20814308217831,117.11654868004935,115.16121703213186,116.89755249023438,3127600,0.0,0.0
2013-04-11 00:00:00-04:00,116.89756822703221,117.78137013547854,115.92771930272066,116.59253692626953,2951800,0.0,0.0
2013-04-12 00:00:00-04:00,116.06854656625322,117.00711582811608,114.98138204118584,116.63168334960938,3131400,0.0,0.0
2013-04-15 00:00:00-04:00,116.34225688377535,118.45401310923957,113.82378825059813,114.55117797851562,5554900,0.0,0.0
2013-04-16 00:00:00-04:00,115.8573551776548,116.09198551002018,111.17237461286892,112.70536041259766,8274400,0.0,0.0
2013-04-17 00:00:00-04:00,111.83718498724487,112.31428652218734,107.97344664433388,109.96788787841797,6361500,0.0,0.0
2013-04-18 00:00:00-04:00,109.56899587959099,110.20252162361324,107.48070245379868,108.40362548828125,4819700,0.0,0.0
2013-04-19 00:00:00-04:00,108.95891488422772,109.37344429987763,107.81700771695031,108.4974594116211,3962600,0.0,0.0
2013-04-22 00:00:00-04:00,108.72429639350908,109.38129713748721,107.37902677328958,109.1231918334961,3187100,0.0,0.0
2013-04-23 00:00:00-04:00,109.8427406667422,112.1500302147372,109.43602823828468,111.7980728149414,3698200,0.0,0.0
2013-04-24 00:00:00-04:00,112.05616624471801,112.9790771925912,111.80587802769534,112.5723648071289,2785200,0.0,0.0
2013-04-25 00:00:00-04:00,112.71316080081257,114.23050037617918,112.4315925091528,113.22154235839844,2637400,0.0,0.0
2013-04-26 00:00:00-04:00,113.01821956689011,113.72996346786556,111.8997750948452,112.71318817138672,2235200,0.0,0.0
2013-04-29 00:00:00-04:00,113.04944843458676,114.1131493202412,112.55671297849487,113.49526977539062,2715300,0.0,0.0
2013-04-30 00:00:00-04:00,113.55786645268465,114.61373860283268,113.06511895530905,114.24614715576172,2586300,0.0,0.0
2013-05-01 00:00:00-04:00,114.05843922412855,114.05843922412855,111.37571724215464,111.53997039794922,3509000,0.0,0.0
2013-05-02 00:00:00-04:00,111.59474824302472,112.36906433105469,109.80366864278315,112.36906433105469,4331900,0.0,0.0
2013-05-03 00:00:00-04:00,113.65168997977337,114.84835194285655,113.4561568232644,113.69861602783203,4018800,0.0,0.0
2013-05-06 00:00:00-04:00,114.12881756635483,116.96013450375123,113.90982133552855,116.10761260986328,3740400,0.0,0.0
2013-05-07 00:00:00-04:00,116.85846739758757,117.2729968370707,115.4036998762922,116.78807830810547,3137600,0.0,0.0
2013-05-08 00:00:00-04:00,116.63949042512003,118.09425818666003,116.0685247799639,117.5232925415039,3519200,0.0,0.0
2013-05-09 00:00:00-04:00,117.3981154738439,117.99253199113225,115.95116529838515,116.177978515625,2819500,0.0,0.0
2013-05-10 00:00:00-04:00,116.20146031115188,116.67854979843509,115.36457259836801,116.6159896850586,2632400,0.0,0.0
2013-05-13 00:00:00-04:00,115.49750967467573,117.57798507596654,115.02040835234054,117.0304946899414,2975200,0.0,0.0
2013-05-14 00:00:00-04:00,116.92888310347881,121.1836885185546,116.92888310347881,120.85519409179688,5825300,0.0,0.0
2013-05-15 00:00:00-04:00,120.47971047706712,122.23169194321888,120.28417731079828,121.7076644897461,4177800,0.0,0.0
2013-05-16 00:00:00-04:00,121.01941317292744,123.17810748825364,120.41717946804027,120.8160629272461,3233800,0.0,0.0
2013-05-17 00:00:00-04:00,121.55125895744999,124.12447056846356,121.2305816514066,123.71775817871094,4177000,0.0,0.0
2013-05-20 00:00:00-04:00,123.2484748099091,125.52448387754924,123.20154875645642,124.2808837890625,4010100,0.0,0.0
2013-05-21 00:00:00-04:00,124.10101982214198,126.5021734377822,123.99152169880206,125.71221160888672,4077900,0.0,0.0
2013-05-22 00:00:00-04:00,125.6183578400627,128.63739112623,123.99152007573625,124.62504577636719,6176200,0.0,0.0
2013-05-23 00:00:00-04:00,122.29428248259077,124.27307746972419,120.9333671431713,123.11552429199219,5619800,0.0,0.0
2013-05-24 00:00:00-04:00,121.67643777623849,124.29657619224974,121.4574295543604,124.14015197753906,3317100,0.0,0.0
2013-05-28 00:00:00-04:00,126.25855908315152,127.63945874109255,125.46611282062347,126.08594512939453,4471200,0.5,0.0
2013-05-29 00:00:00-04:00,125.33270958363514,128.7771223772649,125.07378869825045,127.78851318359375,4969100,0.0,0.0
2013-05-30 00:00:00-04:00,127.62372399743025,129.81276448118527,126.32127813220173,128.94970703125,4336200,0.0,0.0
2013-05-31 00:00:00-04:00,128.63589234836536,130.1109524900024,127.16084417884164,127.16868591308594,4404800,0.0,0.0
2013-06-03 00:00:00-04:00,126.76071634840007,128.47116058959352,125.37196286419983,128.32992553710938,4557300,0.0,0.0
2013-06-04 00:00:00-04:00,128.25147323069018,130.0403707615759,125.92903834610875,126.85486602783203,3977300,0.0,0.0
2013-06-05 00:00:00-04:00,126.65876233126343,127.80429074459339,123.61450348263698,124.20295715332031,4138300,0.0,0.0
2013-06-06 00:00:00-04:00,124.20291355707654,125.3719667769963,122.66508323641546,125.28565979003906,3243900,0.0,0.0
2013-06-07 00:00:00-04:00,126.29782518544776,130.377767414146,125.99967155498798,130.25222778320312,5690300,0.0,0.0
2013-06-10 00:00:00-04:00,130.79357732611942,131.97048416223709,129.6872820268611,131.41342163085938,3914200,0.0,0.0
2013-06-11 00:00:00-04:00,129.73434297448168,130.5581680208911,128.03959458874044,128.1337432861328,3858100,0.0,0.0
2013-06-12 00:00:00-04:00,129.44403280112658,129.44403280112658,126.37623864281377,126.9960708618164,3243300,0.0,0.0
2013-06-13 00:00:00-04:00,126.47819360490813,130.55029128494027,126.3762032007821,130.1030731201172,3768500,0.0,0.0
2013-06-14 00:00:00-04:00,130.0403413791625,130.33064118459885,127.81990942539872,127.82775115966797,2970600,0.0,0.0
2013-06-17 00:00:00-04:00,128.7379069147273,129.98542518787357,127.81206738557022,128.76144409179688,2628300,0.0,0.0
2013-06-18 00:00:00-04:00,128.7928009033203,129.35771700028127,127.92974329060007,128.7928009033203,2060700,0.0,0.0
2013-06-19 00:00:00-04:00,128.80068057662365,129.40481743569435,126.72147142019571,126.76070404052734,3557100,0.0,0.0
2013-06-20 00:00:00-04:00,124.86980760100367,125.52888451261342,121.48816395323546,121.93539428710938,6488600,0.0,0.0
2013-06-21 00:00:00-04:00,123.18291583439905,123.38690870989572,119.49527679938473,121.02525329589844,5390200,0.0,0.0
2013-06-24 00:00:00-04:00,119.25207318693046,119.73068253491806,116.67857071739245,118.30269622802734,4013200,0.0,0.0
2013-06-25 00:00:00-04:00,119.61292075385697,121.0722852016217,118.90678168679166,120.0915298461914,3274600,0.0,0.0
2013-06-26 00:00:00-04:00,121.20566560876041,121.26843538770322,118.27909500170537,118.99308776855469,3580400,0.0,0.0
2013-06-27 00:00:00-04:00,120.0680342784945,121.6058644763898,119.73850180154166,120.44464111328125,2654900,0.0,0.0
2013-06-28 00:00:00-04:00,119.80126490846031,119.86403470610323,118.47528136702608,118.67143249511719,3011300,0.0,0.0
2013-07-01 00:00:00-04:00,119.87187766009724,120.90756137356396,119.02450334147399,119.06373596191406,2496100,0.0,0.0
2013-07-02 00:00:00-04:00,118.60080020469725,120.19354612826406,117.61219102999189,118.41249084472656,3091600,0.0,0.0
2013-07-03 00:00:00-04:00,117.39257865037418,118.80486983283872,117.12581586371986,118.02810668945312,1267700,0.0,0.0
2013-07-05 00:00:00-04:00,119.49526558313327,120.27201636193101,118.86757960006321,120.23279571533203,2243700,0.0,0.0
2013-07-08 00:00:00-04:00,121.28417971300298,121.45679368164558,119.9503542961324,120.6800308227539,2699100,0.0,0.0
2013-07-09 00:00:00-04:00,121.60583473604764,123.5281130342112,120.17784904636972,123.13581085205078,3127100,0.0,0.0
2013-07-10 00:00:00-04:00,122.84550408467568,123.6693290426889,121.35474869394665,122.264892578125,2430100,0.0,0.0
2013-07-11 00:00:00-04:00,124.35981490047635,125.3327288033499,122.48461059947363,123.73998260498047,2965700,0.0,0.0
2013-07-12 00:00:00-04:00,124.45396655804758,125.75641294948623,124.39905046651776,125.62303161621094,2844600,0.0,0.0
2013-07-15 00:00:00-04:00,127.73359208165287,128.19650578030823,126.44684141135397,127.89051055908203,4129900,0.0,0.0
2013-07-16 00:00:00-04:00,128.6123834051528,128.9105369814708,125.08950447379212,125.72504425048828,5972700,0.0,0.0
2013-07-17 00:00:00-04:00,125.41120694552896,127.09811416077181,125.14444423238558,126.71365356445312,3715000,0.0,0.0
2013-07-18 00:00:00-04:00,126.77639791628756,129.13021144171708,126.71362811895568,128.7222137451172,3462700,0.0,0.0
2013-07-19 00:00:00-04:00,128.47897140016843,129.34204103506062,127.56098568239027,128.95758056640625,3329700,0.0,0.0
2013-07-22 00:00:00-04:00,128.63592817602134,130.5032910480115,128.58101207678928,130.44052124023438,2741100,0.0,0.0
2013-07-23 00:00:00-04:00,130.63664312136135,131.35063605617285,129.83634321671425,130.44833374023438,2545400,0.0,0.0
2013-07-24 00:00:00-04:00,130.83281374337665,130.94265790571583,129.02037907872207,129.4911346435547,2548100,0.0,0.0
2013-07-25 00:00:00-04:00,128.894827395343,130.24434810455696,128.43191360972466,130.17373657226562,2236200,0.0,0.0
2013-07-26 00:00:00-04:00,129.49896657689334,129.96972206257075,128.88697606503308,129.66372680664062,2372200,0.0,0.0
2013-07-29 00:00:00-04:00,129.1694537169844,129.32637223598644,127.12163531790165,128.02392578125,2823600,0.0,0.0
2013-07-30 00:00:00-04:00,128.27505056824825,128.68303646819663,127.36490607368063,127.443359375,2553300,0.0,0.0
2013-07-31 00:00:00-04:00,127.5217778553699,130.22081945045798,127.44331261072287,128.6986846923828,3700300,0.0,0.0
2013-08-01 00:00:00-04:00,130.04036365538877,131.73510040059045,129.36560325713003,131.41342163085938,3251900,0.0,0.0
2013-08-02 00:00:00-04:00,130.8955942345272,131.7351149783589,130.6052943472373,131.5154266357422,1866700,0.0,0.0
2013-08-05 00:00:00-04:00,131.2486711686523,133.13957133885594,130.5896061044533,132.06466674804688,2618400,0.0,0.0
2013-08-06 00:00:00-04:00,131.8685111918315,132.03327146634462,129.04392962186506,129.2871551513672,3598500,0.0,0.0
2013-08-07 00:00:00-04:00,128.67515675850476,128.85561246761986,127.14518015488483,128.24362182617188,2131000,0.0,0.0
2013-08-08 00:00:00-04:00,129.26362779779612,130.58175798259253,127.75718816997822,127.76502990722656,2818400,0.0,0.0
2013-08-09 00:00:00-04:00,127.41978904010128,128.75362650886123,127.12164741725518,127.20795440673828,2012000,0.0,0.0
2013-08-12 00:00:00-04:00,126.89410322160956,127.40410341343058,125.96827550654808,126.86272430419922,1982000,0.0,0.0
2013-08-13 00:00:00-04:00,127.09808069039856,129.1066661909596,126.28208534822443,128.44760131835938,2309600,0.0,0.0
2013-08-14 00:00:00-04:00,128.55747414095063,129.30284614924017,127.83562734180822,128.15731811523438,1667400,0.0,0.0
2013-08-15 00:00:00-04:00,127.03532726899321,127.08240162708664,125.59165775092264,126.12518310546875,2206900,0.0,0.0
2013-08-16 00:00:00-04:00,125.75647277091947,127.3335243144291,125.56032154536312,126.05462646484375,2024300,0.0,0.0
2013-08-19 00:00:00-04:00,125.67012364539698,126.15657469070642,124.38337251577467,124.46183776855469,2228400,0.0,0.0
2013-08-20 00:00:00-04:00,124.53243286604356,125.56026289228842,123.79490268693549,125.19149780273438,2288700,0.0,0.0
2013-08-21 00:00:00-04:00,124.57949886551793,124.93256848848063,122.79844333673654,123.26921081542969,3053800,0.0,0.0
2013-08-22 00:00:00-04:00,123.8184574268392,125.26998081262781,123.3398481132872,125.0738296508789,2302700,0.0,0.0
2013-08-23 00:00:00-04:00,125.21502339700973,125.37194189521217,123.96750517394636,124.47749328613281,1495800,0.0,0.0
2013-08-26 00:00:00-04:00,124.28923994252298,126.08597953236625,123.7713979399571,123.88908386230469,1885200,0.0,0.0
2013-08-27 00:00:00-04:00,122.17864561120331,122.81417350666679,119.98959178003162,120.2249755859375,3672000,0.0,0.0
2013-08-28 00:00:00-04:00,120.43747073578345,121.3427148943074,119.21735016593732,120.41385650634766,2343200,0.5,0.0
2013-08-29 00:00:00-04:00,119.94158752347977,121.75995585866286,119.7211799683855,120.93343353271484,2133000,0.0,0.0
2013-08-30 00:00:00-04:00,121.04357995530314,121.20887953764328,119.12287616131628,119.75261688232422,2234000,0.0,0.0
2013-09-03 00:00:00-04:00,121.60249898367609,122.83048711663805,120.84681952245724,121.82290649414062,2464800,0.0,0.0
2013-09-04 00:00:00-04:00,121.82292195571839,123.78298757751988,121.5001900674187,122.5943603515625,2194200,0.0,0.0
2013-09-05 00:00:00-04:00,122.79113778674143,124.41271247197805,122.46052652180751,122.93282318115234,2443900,0.0,0.0
2013-09-06 00:00:00-04:00,123.57044692012306,124.1450920105315,120.76811221937875,123.31855773925781,2464000,0.0,0.0
2013-09-09 00:00:00-04:00,123.9089428642708,125.71156430286807,123.71214955383697,125.5462646484375,2150400,0.0,0.0
2013-09-10 00:00:00-04:00,128.2934775155305,130.30077146424392,127.9628662315897,129.9937744140625,5265900,0.0,0.0
2013-09-11 00:00:00-04:00,129.82848028275333,130.50544976824693,128.92323583635053,129.93081665039062,2233100,0.0,0.0
2013-09-12 00:00:00-04:00,129.75761229988797,130.12758462172337,128.36432454622704,128.58473205566406,2690000,0.0,0.0
2013-09-13 00:00:00-04:00,129.39551939530207,129.66315536942935,128.27773502279248,129.0963897705078,2231500,0.0,0.0
2013-09-16 00:00:00-04:00,130.91472562891565,132.69374410482675,130.03309580734904,131.4814910888672,3553100,0.0,0.0
2013-09-17 00:00:00-04:00,131.60749721735053,131.91449430353043,130.40312310915925,131.78854370117188,2653700,0.0,0.0
2013-09-18 00:00:00-04:00,131.0643395938616,133.10311532705174,130.38737015214363,132.29232788085938,3422400,0.0,0.0
2013-09-19 00:00:00-04:00,133.57540289110347,133.81942462596504,131.36344844115416,132.0718994140625,3534700,0.0,0.0
2013-09-20 00:00:00-04:00,132.24508195070877,133.6226348876953,129.12000375561175,133.6226348876953,20410100,0.0,0.0
2013-09-23 00:00:00-04:00,132.3867331067841,132.60715257010102,129.6631215877955,130.080322265625,4816200,0.0,0.0
2013-09-24 00:00:00-04:00,130.29292352104127,130.98562783364787,128.28562927246094,128.28562927246094,3422600,0.0,0.0
2013-09-25 00:00:00-04:00,128.51387189444188,128.8523625625562,126.86081564380362,127.76605987548828,3614600,0.0,0.0
2013-09-26 00:00:00-04:00,128.23051949271718,129.04130699115032,126.76637674588741,127.7503433227539,2711400,0.0,0.0
2013-09-27 00:00:00-04:00,126.4908121811366,126.69547280614532,125.49896666375174,125.82958984375,3679100,0.0,0.0
2013-09-30 00:00:00-04:00,124.15294661498552,125.27073101454145,123.24770232299497,124.53866577148438,2803600,0.0,0.0
2013-10-01 00:00:00-04:00,125.05031870777643,126.19171729651075,124.02699127910459,125.1605224609375,2465300,0.0,0.0
2013-10-02 00:00:00-04:00,124.1293532924802,125.617110273443,123.99553527963613,124.9007797241211,2431000,0.0,0.0
2013-10-03 00:00:00-04:00,124.86928404468674,125.2864848646971,122.3739465322685,123.4681167602539,2949500,0.0,0.0
2013-10-04 00:00:00-04:00,123.64918790278143,123.78300592729137,122.8698819833641,123.23198699951172,2984500,0.0,0.0
2013-10-07 00:00:00-04:00,122.14566089692443,122.95644831140427,121.39784877820053,121.42146301269531,2618000,0.0,0.0
2013-10-08 00:00:00-04:00,121.7126925952166,122.68092409046551,120.43747610362018,120.47683715820312,2917200,0.0,0.0
2013-10-09 00:00:00-04:00,120.87827548107485,122.26370755115171,120.30364259453938,121.57099151611328,3227500,0.0,0.0
2013-10-10 00:00:00-04:00,123.45235945837295,124.56227641877612,122.79900434007834,124.38121795654297,3639000,0.0,0.0
2013-10-11 00:00:00-04:00,124.75909607326321,126.3334426156216,123.99553703931451,125.94772338867188,3124900,0.0,0.0
2013-10-14 00:00:00-04:00,124.54659036907064,125.88478289787771,123.97982449618296,125.52268981933594,2428100,0.0,0.0
2013-10-15 00:00:00-04:00,125.79815471624252,125.97920119993591,123.98765384537694,124.08212280273438,3038000,0.0,0.0
2013-10-16 00:00:00-04:00,124.82989520915011,127.9156119136487,123.97974693169029,127.71881866455078,3649300,0.0,0.0
2013-10-17 00:00:00-04:00,123.17687429088086,125.3179866220504,122.7911670621533,124.62528228759766,7522100,0.0,0.0
2013-10-18 00:00:00-04:00,125.03455979611,125.71152907474782,123.33426318772104,124.91648864746094,4982100,0.0,0.0
2013-10-21 00:00:00-04:00,124.90075971643518,126.45935915841416,124.57014844154925,125.76665496826172,2695400,0.0,0.0
2013-10-22 00:00:00-04:00,126.45148518232239,126.50659306426174,124.5543951454296,125.35731506347656,3239400,0.0,0.0
2013-10-23 00:00:00-04:00,124.38909341449221,124.43632187746384,123.23981543318119,124.16868591308594,2735800,0.0,0.0
2013-10-24 00:00:00-04:00,125.51472520699781,126.2231880729118,125.0266818187704,125.91619110107422,2591000,0.0,0.0
2013-10-25 00:00:00-04:00,125.94772153674243,127.71099396232869,125.8768788260926,127.59291076660156,3721000,0.0,0.0
2013-10-28 00:00:00-04:00,127.52205133701301,127.67161615853873,126.14449831331072,127.08910369873047,3341500,0.0,0.0
2013-10-29 00:00:00-04:00,127.57712279886063,128.39577736280802,126.74270940180882,127.60860443115234,3702100,0.0,0.0
2013-10-30 00:00:00-04:00,127.96286297157351,128.2856068398086,126.85294596792147,127.56140899658203,2344200,0.0,0.0
2013-10-31 00:00:00-04:00,127.5929684135726,128.58481485603318,126.62474822998047,126.62474822998047,2785000,0.0,0.0
2013-11-01 00:00:00-04:00,126.75848903529025,127.99435662332314,126.5144672851204,127.56140899658203,2738400,0.0,0.0
2013-11-04 00:00:00-05:00,127.85265298934972,128.4981406943983,127.19929787740114,128.43516540527344,1711000,0.0,0.0
2013-11-05 00:00:00-05:00,127.26227376709106,128.01796522884726,126.56169018781976,127.48268127441406,2529400,0.0,0.0
2013-11-06 00:00:00-05:00,127.93921559193251,129.3325150438111,127.7817834078984,128.71852111816406,3593700,0.0,0.0
2013-11-07 00:00:00-05:00,129.12783193651165,129.26166189397296,125.64066189791951,125.66427612304688,3490300,0.0,0.0
2013-11-08 00:00:00-05:00,126.25468358817288,128.85235702620008,125.85322966126157,128.44302368164062,3856000,0.0,0.0
2013-11-11 00:00:00-05:00,127.9156346060105,129.6867741620937,127.64799862247204,128.97044372558594,2289000,0.0,0.0
2013-11-12 00:00:00-05:00,128.3879679252611,129.39554877180282,127.62440887590057,128.22265625,2239600,0.0,0.0
2013-11-13 00:00:00-05:00,127.34891513317464,128.86816608212075,126.89235310747681,128.2620391845703,3398300,0.0,0.0
2013-11-14 00:00:00-05:00,128.7421749612179,129.0570394261749,127.84479802365003,128.46665954589844,3648200,0.0,0.0
2013-11-15 00:00:00-05:00,128.45093301582395,130.2142055276029,128.45093301582395,129.41128540039062,2667200,0.0,0.0
2013-11-18 00:00:00-05:00,129.6788603311221,131.9695242083612,129.25378026350344,130.41879272460938,3555000,0.0,0.0
2013-11-19 00:00:00-05:00,130.56839090984954,132.2450733621669,130.3794770637119,131.14303588867188,2691900,0.0,0.0
2013-11-20 00:00:00-05:00,131.26896507697126,131.65468417080967,129.77334118239358,129.883544921875,2793100,0.0,0.0
2013-11-21 00:00:00-05:00,130.08033984528407,131.7097937406947,129.8914139988967,131.51300048828125,3158500,0.0,0.0
2013-11-22 00:00:00-05:00,131.27692562013976,132.43407160543626,130.30082617345082,132.32386779785156,2680500,0.0,0.0
2013-11-25 00:00:00-05:00,132.63868410137317,134.21303050020254,132.63868410137317,133.4101104736328,3101700,0.0,0.0
2013-11-26 00:00:00-05:00,133.3156398336373,134.36258152263093,132.24508391199265,132.2765655517578,2953400,0.0,0.0
2013-11-27 00:00:00-05:00,132.7188766984838,133.31908863191182,131.78695569445242,132.85313415527344,2285300,0.55,0.0
2013-11-29 00:00:00-05:00,132.59245891337008,134.55896050516637,132.43450973689139,133.4217071533203,2018700,0.0,0.0
2013-12-02 00:00:00-05:00,134.1640838902603,135.50666998998688,133.21636471327687,134.0377197265625,3121100,0.0,0.0
2013-12-03 00:00:00-05:00,133.54018461522546,134.85907910110862,132.60827590873072,132.71884155273438,3288200,0.0,0.0
2013-12-04 00:00:00-05:00,132.1343994176564,134.20356137054878,132.1343994176564,133.23216247558594,2328200,0.0,0.0
2013-12-05 00:00:00-05:00,132.2133454499711,132.6477146148351,130.5864464422501,130.75228881835938,3564100,0.0,0.0
2013-12-06 00:00:00-05:00,132.34759589503335,132.6477076751926,130.12837870153004,132.05538940429688,2708500,0.0,0.0
2013-12-09 00:00:00-05:00,132.679353293799,133.57178375255137,131.76323105744714,132.41873168945312,2589500,0.0,0.0
2013-12-10 00:00:00-05:00,132.57668848896768,135.99634251059112,132.3002803842143,134.04563903808594,4235400,0.0,0.0
2013-12-11 00:00:00-05:00,133.87183145968655,134.12455972328135,131.99221621487442,132.3634033203125,2977100,0.0,0.0
2013-12-12 00:00:00-05:00,131.5657886000455,133.43752334378846,131.51051180380063,132.93997192382812,2911900,0.0,0.0
2013-12-13 00:00:00-05:00,133.14531493220375,133.69814319099612,132.36346212718036,132.98736572265625,2490600,0.0,0.0
2013-12-16 00:00:00-05:00,133.7139372584412,135.43561612200128,133.54018951851995,135.00914001464844,2980000,0.0,0.0
2013-12-17 00:00:00-05:00,135.2618384428958,135.2618384428958,134.02981805124483,134.6458282470703,2856700,0.0,0.0
2013-12-18 00:00:00-05:00,135.048615791119,138.1444656543926,134.2509645624358,138.08128356933594,4509600,0.0,0.0
2013-12-19 00:00:00-05:00,137.8996215669397,138.83943535629905,137.41786878629114,138.02598571777344,3094400,0.0,0.0
2013-12-20 00:00:00-05:00,137.9391206752894,138.83153892698903,137.2204380786401,138.33399963378906,3754300,0.0,0.0
2013-12-23 00:00:00-05:00,138.90265220163857,139.54235430558433,138.602540280972,139.3686065673828,1585300,0.0,0.0
2013-12-24 00:00:00-05:00,139.5265515592312,139.53444480136514,138.5551525436949,139.123779296875,781300,0.0,0.0
2013-12-26 00:00:00-05:00,139.4712999373937,139.59765208810038,138.3498327128763,139.3528289794922,1320100,0.0,0.0
2013-12-27 00:00:00-05:00,139.30541924757054,139.35280280152855,138.65782392555894,139.27383422851562,1716900,0.0,0.0
2013-12-30 00:00:00-05:00,139.39231208995747,139.88195828185124,138.41300765541703,138.78419494628906,1241000,0.0,0.0
2013-12-31 00:00:00-05:00,139.17113452443581,140.13464010172726,139.17113452443581,139.9924774169922,1663900,0.0,0.0
2014-01-02 00:00:00-05:00,139.74770094325493,140.87706135372878,139.28174653123384,139.7003173828125,1982100,0.0,0.0
2014-01-03 00:00:00-05:00,139.273864184025,141.2482596952771,139.17119176119866,140.69541931152344,2147400,0.0,0.0
2014-01-06 00:00:00-05:00,141.48511156486907,143.0488407574147,141.27188562558868,141.6588592529297,2954000,0.0,0.0
2014-01-07 00:00:00-05:00,142.73293456713157,142.93037403199816,140.19781858666403,140.80592346191406,2734700,0.0,0.0
2014-01-08 00:00:00-05:00,140.9718067709208,141.28770515907064,139.99250248645467,140.92442321777344,2208600,0.0,0.0
2014-01-09 00:00:00-05:00,141.42990371586555,141.42990371586555,139.47919994520288,140.1031036376953,2149500,0.0,0.0
2014-01-10 00:00:00-05:00,140.10306868935876,141.1376618238141,139.78717029994183,140.8849334716797,2506500,0.0,0.0
2014-01-13 00:00:00-05:00,140.8138155439514,140.8138155439514,138.75254724207167,138.90260314941406,2823800,0.0,0.0
2014-01-14 00:00:00-05:00,139.20274082147094,140.18204508030217,138.7683835618227,139.4712677001953,2208800,0.0,0.0
2014-01-15 00:00:00-05:00,139.78712858186736,141.9510692608953,139.78712858186736,141.16920471191406,3540200,0.0,0.0
2014-01-16 00:00:00-05:00,141.1692542670733,141.20083928737574,137.81278248729674,138.3419189453125,4712200,0.0,0.0
2014-01-17 00:00:00-05:00,138.2155706613437,140.00832505120582,137.81279833971078,139.21856689453125,3451000,0.0,0.0
2014-01-21 00:00:00-05:00,138.28661908259866,138.67359275783173,135.31712153787302,136.78607177734375,5141200,0.0,0.0
2014-01-22 00:00:00-05:00,136.98350493178094,137.92331875806684,136.45436858646644,137.16514587402344,2476900,0.0,0.0
2014-01-23 00:00:00-05:00,136.1701062849817,136.1701062849817,133.48493324722932,134.85121154785156,3977700,0.0,0.0
2014-01-24 00:00:00-05:00,133.0979036102545,134.22726372190198,132.06332264516638,132.39501953125,4156200,0.0,0.0
2014-01-27 00:00:00-05:00,131.95281415536735,132.36349183295928,129.07018921849314,130.06529235839844,5589600,0.0,0.0
2014-01-28 00:00:00-05:00,130.33375082661055,131.53418625997224,129.9862554076835,131.29725646972656,3170400,0.0,0.0
2014-01-29 00:00:00-05:00,129.49669512634003,131.17888449557668,129.2202748461553,129.44140625,3473700,0.0,0.0
2014-01-30 00:00:00-05:00,130.57066229686112,131.2340559758704,129.97045068976908,130.9734344482422,2829400,0.0,0.0
2014-01-31 00:00:00-05:00,129.36239594634455,131.08406304298944,128.96751684519623,129.6151123046875,3415500,0.0,0.0
2014-02-03 00:00:00-05:00,130.42853107594675,130.72074973537784,126.17964115891145,126.21913146972656,5079700,0.0,0.0
2014-02-04 00:00:00-05:00,127.0720588508101,128.3909653307397,126.24282258181063,127.75125122070312,3346600,0.0,0.0
2014-02-05 00:00:00-05:00,126.82725059519281,128.45415035574538,126.61402458438411,126.6929931640625,3212900,0.0,0.0
2014-02-06 00:00:00-05:00,127.27745368671381,127.9408477830371,126.44031179600744,127.743408203125,3798000,0.0,0.0
2014-02-07 00:00:00-05:00,128.55681245824718,128.6515795665643,126.57452412118904,127.88551330566406,4879900,0.0,0.0
2014-02-10 00:00:00-05:00,127.16687580959739,127.75919449253453,126.5824503708278,127.15107727050781,4321700,0.0,0.0
2014-02-11 00:00:00-05:00,127.31691355179565,130.27850654190476,126.60612400371782,129.82833862304688,4996300,0.0,0.0
2014-02-12 00:00:00-05:00,129.91516985878667,130.49168973075888,128.9121739877949,129.1254119873047,3046600,0.0,0.0
2014-02-13 00:00:00-05:00,128.37518805286314,129.8362333812488,128.01979930005325,129.56771850585938,3119600,0.0,0.0
2014-02-14 00:00:00-05:00,128.99115872066068,129.91517401375677,128.67524833151512,129.29916381835938,3287900,0.0,0.0
2014-02-18 00:00:00-05:00,129.55183197456643,130.77595867012857,129.29911580783607,130.03358459472656,3399900,0.0,0.0
2014-02-19 00:00:00-05:00,129.44923248219382,131.24197440762617,128.71475129957696,128.93588256835938,3669700,0.0,0.0
2014-02-20 00:00:00-05:00,129.11754040466764,130.28637887630896,128.4699330570652,129.91519165039062,2631900,0.0,0.0
2014-02-21 00:00:00-05:00,129.75724245975005,130.8234085346371,129.63877152870649,129.91519165039062,2594500,0.0,0.0
2014-02-24 00:00:00-05:00,129.58349297857959,132.21338854219277,129.58349297857959,131.5262908935547,3242900,0.0,0.0
2014-02-25 00:00:00-05:00,131.18665528178624,131.33671117662627,128.8568724191688,129.10958862304688,3682300,0.0,0.0
2014-02-26 00:00:00-05:00,129.37114586451773,129.87829677213304,127.39801772136407,129.0066375732422,3978300,0.55,0.0
2014-02-27 00:00:00-05:00,128.89564713135601,131.37592519000523,128.6420657332661,131.05104064941406,3806600,0.0,0.0
2014-02-28 00:00:00-05:00,130.5993815809469,132.98458526862657,130.40920758265108,131.89895629882812,4291500,0.0,0.0
2014-03-03 00:00:00-05:00,130.13183577967436,130.99557480895496,129.68808039183946,130.5438995361328,3122900,0.0,0.0
2014-03-04 00:00:00-05:00,132.04955547770206,133.72949075053486,131.70088692867654,133.70571899414062,3400500,0.0,0.0
2014-03-05 00:00:00-05:00,133.76117471940216,137.01010589128882,133.32533909752826,136.21768188476562,4451200,0.0,0.0
2014-03-06 00:00:00-05:00,136.85956703407305,137.88178876850614,136.68523277061442,136.77239990234375,3403500,0.0,0.0
2014-03-07 00:00:00-05:00,137.86593655837433,139.1417397970023,137.17653148550548,138.0878143310547,4088900,0.0,0.0
2014-03-10 00:00:00-04:00,137.56484238028375,138.27009941629177,136.6693991883039,137.49351501464844,2179100,0.0,0.0
2014-03-11 00:00:00-04:00,137.85003295202733,137.85003295202733,134.59317104294664,134.62486267089844,3832300,0.0,0.0
2014-03-12 00:00:00-04:00,134.02266138802298,134.70414644251997,132.97665601028967,134.4901885986328,2550000,0.0,0.0
2014-03-13 00:00:00-04:00,135.09245372891715,135.69470376803793,131.99408476661182,132.0970916748047,3421400,0.0,0.0
2014-03-14 00:00:00-04:00,132.25556075923842,132.65177275922588,130.77373174854318,131.02731323242188,2762100,0.0,0.0
2014-03-17 00:00:00-04:00,131.84354521990136,133.7612103759046,131.80392159072665,132.2080535888672,3198000,0.0,0.0
2014-03-18 00:00:00-04:00,132.54876597031188,133.91965610579427,132.3427279916335,133.19854736328125,1941300,0.0,0.0
2014-03-19 00:00:00-04:00,133.51551326140586,134.83885978287884,132.17631487562065,133.2698516845703,3534100,0.0,0.0
2014-03-20 00:00:00-04:00,133.0321337137787,135.068656933624,132.5487546310915,134.09397888183594,3950500,0.0,0.0
2014-03-21 00:00:00-04:00,134.46641182711335,134.71206129838177,132.26347438025414,132.295166015625,4779100,0.0,0.0
2014-03-24 00:00:00-04:00,132.43786242271608,133.11141574806538,130.82924223964775,131.32054138183594,2723000,0.0,0.0
2014-03-25 00:00:00-04:00,132.00988237626544,132.66759560333927,129.00660139356796,129.36318969726562,4437500,0.0,0.0
2014-03-26 00:00:00-04:00,130.5438946639834,130.7499204888096,128.15077152155834,128.15869140625,2590300,0.0,0.0
2014-03-27 00:00:00-04:00,128.21422845428168,129.410784554483,127.398032556225,128.60250854492188,3890200,0.0,0.0
2014-03-28 00:00:00-04:00,128.53909734238357,130.1080934155333,127.81005665038452,128.61041259765625,2630500,0.0,0.0
2014-03-31 00:00:00-04:00,129.33945306645256,130.06848173391734,128.54702902467378,129.83868408203125,2494300,0.0,0.0
2014-04-01 00:00:00-04:00,130.55972844905983,131.77213577979754,130.13182495821036,131.47894287109375,3325500,0.0,0.0
2014-04-02 00:00:00-04:00,131.46312284383055,132.76269758257158,131.3284122290657,132.5487518310547,2407600,0.0,0.0
2014-04-03 00:00:00-04:00,132.58048218213682,132.865755358891,130.7499843360612,131.6137237548828,2337300,0.0,0.0
2014-04-04 00:00:00-04:00,132.34271513074683,132.36648688114104,129.0462407979769,129.35528564453125,3262500,0.0,0.0
2014-04-07 00:00:00-04:00,129.12542966306927,129.32353557298237,125.55160340115012,125.64669036865234,4650800,0.0,0.0
2014-04-08 00:00:00-04:00,125.75767639004705,125.80521989164073,123.20607034546215,124.0618896484375,6839900,0.0,0.0
2014-04-09 00:00:00-04:00,124.49774813217721,125.99542916500967,123.95097358041693,125.32979583740234,4010000,0.0,0.0
2014-04-10 00:00:00-04:00,125.52784508332904,125.90028520110873,123.46753856333187,123.60224914550781,4806600,0.0,0.0
2014-04-11 00:00:00-04:00,122.38987964432415,122.42158337429815,120.17109011192152,121.01898956298828,6460700,0.0,0.0
2014-04-14 00:00:00-04:00,122.66727160692335,122.92877305035182,121.57372231466499,122.6197280883789,3053700,0.0,0.0
2014-04-15 00:00:00-04:00,122.82572447484384,123.63400036989191,121.32012365656335,122.7623291015625,3639600,0.0,0.0
2014-04-16 00:00:00-04:00,123.88755533952074,124.64035566096483,122.92079716960572,124.58489227294922,3194200,0.0,0.0
2014-04-17 00:00:00-04:00,127.60403851644921,127.92893526542949,124.68792393717608,124.75923919677734,4525200,0.0,0.0
2014-04-21 00:00:00-04:00,124.80678788378681,125.41695778793057,123.80040595461516,125.04451751708984,4551700,0.0,0.0
2014-04-22 00:00:00-04:00,124.91775502521125,127.4297383811607,124.62456192962445,127.15239715576172,4547300,0.0,0.0
2014-04-23 00:00:00-04:00,126.99380098563783,127.5326553177949,126.21722924811314,127.14436340332031,2040600,0.0,0.0
2014-04-24 00:00:00-04:00,127.61193037827877,128.4598296943191,127.25534206715355,127.46138000488281,2934200,0.0,0.0
2014-04-25 00:00:00-04:00,127.16817195778317,127.39798163806547,125.13164901655894,125.39315032958984,3302100,0.0,0.0
2014-04-28 00:00:00-04:00,125.67844693695123,125.86070106511549,122.03329182508439,124.0460433959961,3897800,0.0,0.0
2014-04-29 00:00:00-04:00,124.43431218180984,125.50408918135193,124.12526737394205,125.39315032958984,2160500,0.0,0.0
2014-04-30 00:00:00-04:00,125.50409508247878,127.07309094300949,125.35353261413061,126.64518737792969,2745700,0.0,0.0
2014-05-01 00:00:00-04:00,126.62932600205444,127.58023214635041,126.55007878526825,127.08100128173828,2079500,0.0,0.0
2014-05-02 00:00:00-04:00,127.15236867205402,128.2459056413646,125.65468769780932,125.90033721923828,2561500,0.0,0.0
2014-05-05 00:00:00-04:00,124.01436658607372,124.33133137655811,122.44537031774216,123.8955078125,3015700,0.0,0.0
2014-05-06 00:00:00-04:00,123.4992978611218,123.4992978611218,122.17593900538424,122.46121215820312,3073100,0.0,0.0
2014-05-07 00:00:00-04:00,123.15064108665042,123.86381799106064,121.80352243863499,123.23780822753906,3260900,0.0,0.0
2014-05-08 00:00:00-04:00,123.42791882111622,125.37728656435452,122.98416345619741,124.72749328613281,2719600,0.0,0.0
2014-05-09 00:00:00-04:00,124.86225111241545,125.12374038280163,123.36455819707676,124.56904602050781,2637000,0.0,0.0
2014-05-12 00:00:00-04:00,125.13167665048597,126.74821628907496,125.13167665048597,126.4312515258789,2256100,0.0,0.0
2014-05-13 00:00:00-04:00,126.4392191626361,127.50106482092188,126.09848251809292,127.009765625,1901500,0.0,0.0
2014-05-14 00:00:00-04:00,126.94631534253332,127.49308980684354,126.21728675392967,126.35199737548828,2128700,0.0,0.0
2014-05-15 00:00:00-04:00,125.74977692885977,125.96373481221376,123.55475888112507,124.12530517578125,2769300,0.0,0.0
2014-05-16 00:00:00-04:00,123.30908859709605,124.38678562875322,122.69891878358399,123.95886993408203,2845600,0.0,0.0
2014-05-19 00:00:00-04:00,123.81621174499986,125.19503343190587,123.62602569084585,124.94145202636719,1618000,0.0,0.0
2014-05-20 00:00:00-04:00,124.79093878676264,125.13168742339346,123.30910964952903,123.8955078125,2034900,0.0,0.0
2014-05-21 00:00:00-04:00,124.53728794070679,126.58966203195929,124.51351620153582,126.27269744873047,4226300,0.0,0.0
2014-05-22 00:00:00-04:00,125.9557490734677,127.0255259422111,125.71801953692177,126.66893768310547,1645100,0.0,0.0
2014-05-23 00:00:00-04:00,126.71653631588991,127.16821174960077,126.3995594320797,126.91464233398438,1210200,0.0,0.0
2014-05-27 00:00:00-04:00,127.67534684942966,129.5058442951395,127.24744322360579,128.1904296875,3248800,0.0,0.0
2014-05-28 00:00:00-04:00,127.94396074385558,128.50054753167757,127.04546284393308,128.16659545898438,1855200,0.55,0.0
2014-05-29 00:00:00-04:00,128.1267694093329,128.81057914193664,126.9181729239384,127.80872344970703,1779200,0.0,0.0
2014-05-30 00:00:00-04:00,127.55434126845905,127.72927027422735,126.55248507125305,127.0693130493164,2206300,0.0,0.0
2014-06-02 00:00:00-04:00,127.04539701270474,127.37934891235376,125.55851333583686,127.24417877197266,2162500,0.0,0.0
2014-06-03 00:00:00-04:00,127.10108522812807,128.75493909425614,126.6478569095175,128.65158081054688,2408600,0.0,0.0
2014-06-04 00:00:00-04:00,128.3653134882292,129.39102204910617,127.90413834117044,129.1206817626953,2098400,0.0,0.0
2014-06-05 00:00:00-04:00,129.38310688029313,129.9476404325752,128.46075635994953,129.27178955078125,1859600,0.0,0.0
2014-06-06 00:00:00-04:00,129.5263110074349,132.19794084382474,129.5263110074349,132.1422882080078,3478100,0.0,0.0
2014-06-09 00:00:00-04:00,132.02291913539543,132.67492928375287,131.70487309838308,131.99111938476562,2377500,0.0,0.0
2014-06-10 00:00:00-04:00,131.8798258420649,132.992999305039,131.5776735595373,132.2773895263672,1684500,0.0,0.0
2014-06-11 00:00:00-04:00,131.2675929179307,132.11838514623312,130.94954677862435,131.53793334960938,2004100,0.0,0.0
2014-06-12 00:00:00-04:00,131.8003001570507,132.50796298633742,131.2119137053373,131.95933532714844,2309900,0.0,0.0
2014-06-13 00:00:00-04:00,132.1263212292498,132.84194318308786,131.5299756673922,131.9036865234375,1761100,0.0,0.0
2014-06-16 00:00:00-04:00,131.60947847458525,132.41255270655583,130.7586864115751,131.8718719482422,1756400,0.0,0.0
2014-06-17 00:00:00-04:00,131.70487219696156,134.17771833574525,131.55379608397718,133.7563018798828,2450000,0.0,0.0
2014-06-18 00:00:00-04:00,133.49391630731083,135.2511529049171,133.0168350942679,135.06031799316406,2873200,0.0,0.0
2014-06-19 00:00:00-04:00,135.17159687776024,135.2988201160756,134.32080512078642,134.9569091796875,2306900,0.0,0.0
2014-06-20 00:00:00-04:00,135.42601166665656,136.03030370824527,134.7103902180845,135.04434204101562,4688200,0.0,0.0
2014-06-23 00:00:00-04:00,135.31473945251213,135.66459735755262,134.5434772398086,135.36245727539062,1738500,0.0,0.0
2014-06-24 00:00:00-04:00,134.81384086422756,135.60896819208185,133.54163228658865,133.76426696777344,1608000,0.0,0.0
2014-06-25 00:00:00-04:00,133.43822993014192,134.39237998202256,133.10426588594135,133.8834991455078,1601200,0.0,0.0
2014-06-26 00:00:00-04:00,132.7862811302784,133.66887306501448,132.28534696571202,133.58935546875,2131200,0.0,0.0
2014-06-27 00:00:00-04:00,132.98503892098276,133.30308498311805,132.2853230250696,132.611328125,3111200,0.0,0.0
2014-06-30 00:00:00-04:00,132.68289525005864,133.50983447737826,132.28533158033815,133.13612365722656,1885200,0.0,0.0
2014-07-01 00:00:00-04:00,132.26944108009627,133.79608415411678,132.03884735158508,132.63519287109375,2947800,0.0,0.0
2014-07-02 00:00:00-04:00,132.78627125901147,133.43032248975737,132.44437231239064,132.6988067626953,1877600,0.0,0.0
2014-07-03 00:00:00-04:00,133.4462629933211,135.09217077228595,133.35879847435402,134.74232482910156,1801200,0.0,0.0
2014-07-07 00:00:00-04:00,134.35262099420527,134.35262099420527,132.7067021478017,133.4064178466797,1774000,0.0,0.0
2014-07-08 00:00:00-04:00,132.57955057910556,132.61135033757378,130.18620927636917,131.1244659423828,2422200,0.0,0.0
2014-07-09 00:00:00-04:00,131.38686800967642,131.4584265704045,130.1067122928061,130.9336395263672,1943800,0.0,0.0
2014-07-10 00:00:00-04:00,128.98556211300868,130.22595886110375,128.4369222899634,129.93971252441406,2204100,0.0,0.0
2014-07-11 00:00:00-04:00,129.62163143028533,131.3072971063505,129.11275053943487,131.03695678710938,2293300,0.0,0.0
2014-07-14 00:00:00-04:00,132.92937196858094,133.35874749124497,132.35689149282783,132.7862548828125,3007700,0.0,0.0
2014-07-15 00:00:00-04:00,134.9330894378336,135.29089426727288,132.90551256077254,134.5116729736328,4802300,0.0,0.0
2014-07-16 00:00:00-04:00,134.5355492180242,135.95883401140208,134.37652616980318,135.5453643798828,3295100,0.0,0.0
2014-07-17 00:00:00-04:00,135.33862371932779,136.44385018631198,134.31290270311635,135.282958984375,3815500,0.0,0.0
2014-07-18 00:00:00-04:00,135.49762125933722,136.59488848191472,134.8933168572304,136.3404541015625,2558600,0.0,0.0
2014-07-21 00:00:00-04:00,135.30682624434277,136.8414284131331,135.21141484018128,136.53927612304688,2227400,0.0,0.0
2014-07-22 00:00:00-04:00,137.06408707921236,139.44946966182206,137.06408707921236,139.16322326660156,3849500,0.0,0.0
2014-07-23 00:00:00-04:00,139.31423565064054,140.91243688145912,138.85306043990437,140.59439086914062,3436100,0.0,0.0
2014-07-24 00:00:00-04:00,140.57848434751895,140.9919538679657,139.63228108566852,140.14910888671875,2012800,0.0,0.0
2014-07-25 00:00:00-04:00,139.87083944061973,140.30816186085022,138.9246360584881,139.46531677246094,2114900,0.0,0.0
2014-07-28 00:00:00-04:00,139.1472804015659,140.30817162215243,138.88488693117276,139.90264892578125,2303400,0.0,0.0
2014-07-29 00:00:00-04:00,140.07759430680431,140.82501601312933,139.50510160122263,139.57666015625,3055600,0.0,0.0
2014-07-30 00:00:00-04:00,139.91059154728387,141.1191761911457,139.43351036024254,139.75155639648438,2345600,0.0,0.0
2014-07-31 00:00:00-04:00,138.70204559688463,139.36200288996662,137.3900779181013,137.4536895751953,3797600,0.0,0.0
2014-08-01 00:00:00-04:00,137.0640473889622,137.36618751170943,134.69455930751457,135.37042236328125,3140000,0.0,0.0
2014-08-04 00:00:00-04:00,135.62485750264133,136.67441913769616,135.21138794571493,136.51539611816406,2103900,0.0,0.0
2014-08-05 00:00:00-04:00,136.20527681409655,136.57898752763046,134.28901756089962,134.71043395996094,2746200,0.0,0.0
2014-08-06 00:00:00-04:00,133.70061299572075,135.84746580737317,133.59725472604566,134.96487426757812,1711700,0.0,0.0
2014-08-07 00:00:00-04:00,135.41015908583722,136.02241040211595,134.16976264545372,134.4560089111328,1920900,0.0,0.0
2014-08-08 00:00:00-04:00,134.65484664876317,137.15154650734996,134.12210054830518,136.96865844726562,2250900,0.0,0.0
2014-08-11 00:00:00-04:00,137.35822131595947,137.88300817031177,136.4597237137512,137.1276397705078,2098000,0.0,0.0
2014-08-12 00:00:00-04:00,136.58696954130897,137.64449032882249,136.26892346758643,137.0242919921875,1362900,0.0,0.0
2014-08-13 00:00:00-04:00,137.0799899417467,137.46960682372097,136.18150402655334,137.05613708496094,1708200,0.0,0.0
2014-08-14 00:00:00-04:00,137.39796513565466,137.63650569189332,136.51537357044526,137.34230041503906,1431400,0.0,0.0
2014-08-15 00:00:00-04:00,137.42982530738368,138.82925738186879,136.31665173239054,136.68240356445312,2446000,0.0,0.0
2014-08-18 00:00:00-04:00,137.75583684731308,138.85311665963752,137.31851430380095,138.7895050048828,1877700,0.0,0.0
2014-08-19 00:00:00-04:00,139.07571148547342,139.2267876055883,138.05794956674896,138.32034301757812,1916100,0.0,0.0
2014-08-20 00:00:00-04:00,137.7717146822363,138.49527132548107,137.23898083163627,138.37600708007812,1755100,0.0,0.0
2014-08-21 00:00:00-04:00,138.5429687319784,139.87877661428385,137.9068645406851,139.2665252685547,2075200,0.0,0.0
2014-08-22 00:00:00-04:00,139.4255999432332,140.72164940613743,139.01213028177162,139.52101135253906,2682000,0.0,0.0
2014-08-25 00:00:00-04:00,140.5068916754507,143.01153676840417,140.3081099337028,141.42922973632812,3063500,0.0,0.0
2014-08-26 00:00:00-04:00,141.90641456152164,142.44709547085208,141.38162746763018,141.45318603515625,3110600,0.0,0.0
2014-08-27 00:00:00-04:00,142.2587012078996,142.2587012078996,141.18194568955653,141.8200225830078,2073700,0.55,0.0
2014-08-28 00:00:00-04:00,141.21387996606268,141.7721927778212,140.28866892354483,141.6924285888672,1961800,0.0,0.0
2014-08-29 00:00:00-04:00,142.22685544577033,143.1680097797328,141.8519855885998,142.85694885253906,2560600,0.0,0.0
2014-09-02 00:00:00-04:00,142.97656619807762,143.74226109756395,142.27469239138168,143.3833465576172,1986300,0.0,0.0
2014-09-03 00:00:00-04:00,143.94961543015532,145.21779785086557,143.1121401471372,143.24774169921875,2397700,0.0,0.0
2014-09-04 00:00:00-04:00,143.5109689269359,144.84296056196592,143.2078917227699,143.630615234375,1678500,0.0,0.0
2014-09-05 00:00:00-04:00,143.23178122861515,143.49498843202713,141.8758752897734,143.36737060546875,2562800,0.0,0.0
2014-09-08 00:00:00-04:00,143.23180229321045,144.3005743646293,142.94466822637924,143.65452575683594,1746400,0.0,0.0
2014-09-09 00:00:00-04:00,141.91579606269258,142.48209276451914,140.87095059525765,141.49307250976562,2598500,0.0,0.0
2014-09-10 00:00:00-04:00,142.23475539750433,143.71029508564155,142.06725551934568,143.46304321289062,2457800,0.0,0.0
2014-09-11 00:00:00-04:00,142.58572018129277,144.71529227226603,142.37036663919523,144.36434936523438,1905300,0.0,0.0
2014-09-12 00:00:00-04:00,144.06930240754812,146.33446478467002,144.06930240754812,146.09518432617188,3358600,0.0,0.0
2014-09-15 00:00:00-04:00,145.88782278090466,147.07622924805082,145.56877809451848,146.74124145507812,2308000,0.0,0.0
2014-09-16 00:00:00-04:00,146.67741517433475,147.20382971689472,145.8000697737104,146.78907775878906,2137600,0.0,0.0
2014-09-17 00:00:00-04:00,146.61355504981117,148.16885900763234,146.326421075267,147.41114807128906,2820300,0.0,0.0
2014-09-18 00:00:00-04:00,148.21674693020714,150.2904819636063,147.9535397117925,149.8597869873047,3566600,0.0,0.0
2014-09-19 00:00:00-04:00,150.15491160315597,150.4101473031585,148.2566478081961,148.51187133789062,5442900,0.0,0.0
2014-09-22 00:00:00-04:00,148.35235311387106,149.11006431130505,147.63452401531418,147.7860565185547,1826100,0.0,0.0
2014-09-23 00:00:00-04:00,147.2118013838631,149.03828468792662,147.2118013838631,147.6265411376953,1977600,0.0,0.0
2014-09-24 00:00:00-04:00,147.76209461582351,150.04321138856793,147.13200141625197,149.79595947265625,2834200,0.0,0.0
2014-09-25 00:00:00-04:00,149.51681561894654,149.78799436610782,146.32644305383374,146.82891845703125,3074600,0.0,0.0
2014-09-26 00:00:00-04:00,147.3553460659161,148.0333051649239,146.1350294239474,147.65045166015625,1932500,0.0,0.0
2014-09-29 00:00:00-04:00,146.04726826797443,147.20377579122163,145.32145564975627,146.6215362548828,1745400,0.0,0.0
2014-09-30 00:00:00-04:00,147.08417524319202,147.54678079205655,145.70433014784692,146.41419982910156,2037700,0.0,0.0
2014-10-01 00:00:00-04:00,146.11105663273963,146.6374709084484,143.8299402749711,144.1250457763672,4196300,0.0,0.0
2014-10-02 00:00:00-04:00,144.04533433380453,146.30251234147596,144.0373506129445,145.8638458251953,2782600,0.0,0.0
2014-10-03 00:00:00-04:00,147.24367914404536,150.3782145358335,147.2117807714123,150.00335693359375,3271400,0.0,0.0
2014-10-06 00:00:00-04:00,150.80094298030372,151.14390219366666,149.26955341971265,149.5327606201172,1934800,0.0,0.0
2014-10-07 00:00:00-04:00,148.7990094559142,148.7990094559142,146.4540831222728,146.59765625,2927100,0.0,0.0
2014-10-08 00:00:00-04:00,146.7810441585939,149.1498964284345,145.28156536952204,148.86276245117188,3154500,0.0,0.0
2014-10-09 00:00:00-04:00,148.2088100609757,148.48796044621196,144.16500571857347,144.5797576904297,4892900,0.0,0.0
2014-10-10 00:00:00-04:00,144.81902631261673,145.91969682873193,143.61465259912188,143.86988830566406,4405600,0.0,0.0
2014-10-13 00:00:00-04:00,144.36435310699477,146.11108396752712,142.37037032927387,142.58572387695312,3436500,0.0,0.0
2014-10-14 00:00:00-04:00,143.15202896997928,144.9944673770449,141.788151367222,142.5299072265625,3557200,0.0,0.0
2014-10-15 00:00:00-04:00,140.76722260445672,141.93170181438882,136.80318358579265,141.36541748046875,6330500,0.0,0.0
2014-10-16 00:00:00-04:00,137.20198561967615,140.60769981976452,136.59580699890984,137.6486358642578,7797500,0.0,0.0
2014-10-17 00:00:00-04:00,140.21690483525725,141.6047093908454,139.6585919582788,141.10223388671875,4951000,0.0,0.0
2014-10-20 00:00:00-04:00,140.55186660773165,141.97158144859313,140.2328342141717,141.84396362304688,2307900,0.0,0.0
2014-10-21 00:00:00-04:00,142.94462936645664,143.85388496918708,142.25869884718247,143.71031188964844,2649500,0.0,0.0
2014-10-22 00:00:00-04:00,144.00543845634851,144.20483673386482,141.03839111328125,141.03839111328125,3088300,0.0,0.0
2014-10-23 00:00:00-04:00,142.60961555604294,144.44408169357402,142.53783511460568,143.6145782470703,3397000,0.0,0.0
2014-10-24 00:00:00-04:00,143.78215014571762,146.3504015908376,143.5747680950469,146.23873901367188,2900900,0.0,0.0
2014-10-27 00:00:00-04:00,145.84785815818043,146.88473150426552,145.4091795690325,146.68533325195312,2383700,0.0,0.0
2014-10-28 00:00:00-04:00,146.8847551064212,148.60755920410156,146.1190603395726,148.60755920410156,3027700,0.0,0.0
2014-10-29 00:00:00-04:00,148.42415502448318,149.39721996013353,147.86584207049768,148.4161834716797,3379000,0.0,0.0
2014-10-30 00:00:00-04:00,147.93757364972916,149.2296828250033,147.69032172115425,149.12599182128906,2794800,0.0,0.0
2014-10-31 00:00:00-04:00,150.93650373618988,151.54267003502076,150.04319130017717,151.53469848632812,3357000,0.0,0.0
2014-11-03 00:00:00-05:00,151.82184014468564,153.12190852504284,151.34327945220923,152.20468139648438,2298100,0.0,0.0
2014-11-04 00:00:00-05:00,151.9175575665527,152.31635411349689,150.6015338297587,151.75804138183594,2027300,0.0,0.0
2014-11-05 00:00:00-05:00,152.80288594069492,153.034182582312,151.23162657670562,151.41506958007812,3141100,0.0,0.0
2014-11-06 00:00:00-05:00,151.8457672046351,152.6912138817627,151.3672065113949,152.34027099609375,1915400,0.0,0.0
2014-11-07 00:00:00-05:00,152.53964256621921,152.72308552606532,150.98433884078088,152.10894775390625,1981400,0.0,0.0
2014-11-10 00:00:00-05:00,151.94947625184193,153.03420349137627,151.94947625184193,152.97837829589844,1553900,0.0,0.0
2014-11-11 00:00:00-05:00,152.9863684379771,153.68027071226618,151.96544999085677,153.04220581054688,1620100,0.0,0.0
2014-11-12 00:00:00-05:00,152.0691328216507,152.25257586249703,151.00833233274412,151.686279296875,2322200,0.0,0.0
2014-11-13 00:00:00-05:00,152.21267946492284,152.49184194588864,150.90462713726902,151.734130859375,1749600,0.0,0.0
2014-11-14 00:00:00-05:00,151.82982267027123,152.21266394974737,151.2395993962542,151.5267333984375,1691600,0.0,0.0
2014-11-17 00:00:00-05:00,151.159858238294,152.49183734754448,150.92057785758246,151.4868621826172,1593400,0.0,0.0
2014-11-18 00:00:00-05:00,151.23959892961756,152.06910256461214,151.2156721103682,151.25555419921875,1810300,0.0,0.0
2014-11-19 00:00:00-05:00,151.3114346749416,151.53475983177714,150.09908941618573,150.8966827392578,2260100,0.0,0.0
2014-11-20 00:00:00-05:00,149.80395848329064,151.43104323265123,149.5886049147423,151.3433074951172,2850000,0.0,0.0
2014-11-21 00:00:00-05:00,152.75505951164433,152.86672207753963,151.04022675716533,151.2156982421875,2367900,0.0,0.0
2014-11-24 00:00:00-05:00,151.65432066047026,152.2525153636388,151.2794510061938,151.59849548339844,2028800,0.0,0.0
2014-11-25 00:00:00-05:00,151.94152113143525,151.94152113143525,150.10705413778157,150.6334686279297,3677900,0.0,0.0
2014-11-26 00:00:00-05:00,151.478915159089,151.478915159089,149.73218391847013,150.36228942871094,2024000,0.0,0.0
2014-11-28 00:00:00-05:00,150.74633954269316,151.61850123898722,150.5223013663511,150.7543487548828,1195200,0.6,0.0
2014-12-01 00:00:00-05:00,150.42624771209373,150.92233036676572,148.49790830856438,150.58627319335938,2469000,0.0,0.0
2014-12-02 00:00:00-05:00,151.47444675569443,152.7786783917267,151.07437690014228,152.17857360839844,3116100,0.0,0.0
2014-12-03 00:00:00-05:00,151.8265017121888,153.48279668217424,151.49044451737197,152.7866668701172,3049600,0.0,0.0
2014-12-04 00:00:00-05:00,152.65069079929998,153.89890710335837,151.99458242295705,153.58685302734375,3123400,0.0,0.0
2014-12-05 00:00:00-05:00,154.20290562253265,157.57148652180126,154.05887414489652,156.3872833251953,3625500,0.0,0.0
2014-12-08 00:00:00-05:00,156.3873545467884,158.47572035488034,155.63522102223288,157.32351684570312,2715000,0.0,0.0
2014-12-09 00:00:00-05:00,154.97909042894608,157.80358313964354,154.34697310652453,157.53953552246094,4568400,0.0,0.0
2014-12-10 00:00:00-05:00,156.41131394898792,156.81939303284162,153.30678004032234,153.6268310546875,6506700,0.0,0.0
2014-12-11 00:00:00-05:00,154.42698443696494,155.97925763295828,154.02691452909716,154.8590545654297,3179500,0.0,0.0
2014-12-12 00:00:00-05:00,153.3948164037117,154.13894060569547,150.48230783070795,151.08241271972656,3838900,0.0,0.0
2014-12-15 00:00:00-05:00,152.21856701468488,152.67464025324753,148.353891151711,148.45790100097656,4729100,0.0,0.0
2014-12-16 00:00:00-05:00,147.19369734809416,149.57010090784198,145.9454692217593,146.67359924316406,4181900,0.0,0.0
2014-12-17 00:00:00-05:00,147.31373857421528,149.22607220145989,146.9296748900644,148.04986572265625,5074800,0.0,0.0
2014-12-18 00:00:00-05:00,150.4262836284048,153.354798250519,150.27425511169702,153.31478881835938,4209600,0.0,0.0
2014-12-19 00:00:00-05:00,153.83485506010592,156.02724224385673,153.6508263467942,154.6510009765625,4798200,0.0,0.0
2014-12-22 00:00:00-05:00,155.16313219605198,155.62721481587278,154.23496695641035,155.57920837402344,3056400,0.0,0.0
2014-12-23 00:00:00-05:00,156.29932758906415,156.90744173647528,155.81124175403653,156.42735290527344,2346100,0.0,0.0
2014-12-24 00:00:00-05:00,157.31548149698116,157.42750057700485,156.0352529745699,156.7393798828125,694200,0.0,0.0
2014-12-26 00:00:00-05:00,156.8993721839299,157.2194353513649,156.34727390312074,156.3872833251953,1016300,0.0,0.0
2014-12-29 00:00:00-05:00,156.48331795633433,157.59551158676598,155.88321321597564,156.97940063476562,1219900,0.0,0.0
2014-12-30 00:00:00-05:00,156.42731745725945,157.22745718849865,155.69119036961902,156.59535217285156,1136200,0.0,0.0
2014-12-31 00:00:00-05:00,157.34745183921223,157.4914833199881,155.04305802925361,155.091064453125,1566800,0.0,0.0
2015-01-02 00:00:00-05:00,156.26729968894043,156.61135393000743,154.18693140106345,155.55517578125,1877700,0.0,0.0
2015-01-05 00:00:00-05:00,154.47497910064928,155.25911264174897,150.01019780398448,150.6983184814453,3413200,0.0,0.0
2015-01-06 00:00:00-05:00,150.66632598075398,150.954376795589,147.16970677111337,147.64979553222656,3429200,0.0,0.0
2015-01-07 00:00:00-05:00,149.50611971224615,150.4182785543831,148.64196730245894,149.8501739501953,1896800,0.0,0.0
2015-01-08 00:00:00-05:00,151.5064723541848,152.68267880850792,151.4264534924518,152.2425994873047,1962500,0.0,0.0
2015-01-09 00:00:00-05:00,152.41058708474273,153.07470441564294,149.59410449266542,149.90615844726562,1980700,0.0,0.0
2015-01-12 00:00:00-05:00,149.91420887986754,150.05023119479839,147.31375426163325,148.08189392089844,2084200,0.0,0.0
2015-01-13 00:00:00-05:00,149.29007124479148,151.53046491496124,146.72161735741602,147.96983337402344,2745300,0.0,0.0
2015-01-14 00:00:00-05:00,144.96932839395336,146.0335158318884,142.5049084640842,144.20919799804688,5204700,0.0,0.0
2015-01-15 00:00:00-05:00,144.16915074979357,145.305359753299,142.024782430397,142.81692504882812,3146000,0.0,0.0
2015-01-16 00:00:00-05:00,141.40872216127912,144.10520194658835,139.27235007747288,141.8087921142578,5124100,0.0,0.0
2015-01-20 00:00:00-05:00,142.08083770112887,142.6889395861637,139.40836134806284,140.528564453125,3606600,0.0,0.0
2015-01-21 00:00:00-05:00,139.66442503424776,142.73695938708926,138.28018639561077,141.74478149414062,3737000,0.0,0.0
2015-01-22 00:00:00-05:00,143.07299211459966,146.09751950639898,141.82477601121124,145.65744018554688,6228200,0.0,0.0
2015-01-23 00:00:00-05:00,145.1693728197191,146.4095920777027,144.36123593481744,144.41725158691406,3123800,0.0,0.0
2015-01-26 00:00:00-05:00,143.00098609471985,144.8173068600732,142.47289089629146,144.36122131347656,2736500,0.0,0.0
2015-01-27 00:00:00-05:00,141.8167643187635,142.93695501111307,141.06463104997323,141.21665954589844,3335600,0.0,0.0
2015-01-28 00:00:00-05:00,142.20883583068937,142.40087376798925,138.40017497630367,138.4641876220703,3017300,0.0,0.0
2015-01-29 00:00:00-05:00,138.568246616844,141.0646918501847,138.48024293302305,140.816650390625,2421400,0.0,0.0
2015-01-30 00:00:00-05:00,139.3283132400427,140.57652906961053,137.88006250934765,137.9520721435547,3037400,0.0,0.0
2015-02-02 00:00:00-05:00,138.4162000147256,140.50456555637103,137.83208912110214,140.4165496826172,2975300,0.0,0.0
2015-02-03 00:00:00-05:00,140.8325191513152,144.40914293500964,140.75251254376792,144.2171173095703,3766900,0.0,0.0
2015-02-04 00:00:00-05:00,143.00100478963824,144.5932875957912,142.8489762542309,143.04901123046875,2980500,0.0,0.0
2015-02-05 00:00:00-05:00,143.57704824464824,145.30535266832078,143.40901356075184,144.6412353515625,2434400,0.0,0.0
2015-02-06 00:00:00-05:00,145.66545343668636,147.72180637963615,144.93732328646317,146.76963806152344,3250900,0.0,0.0
2015-02-09 00:00:00-05:00,145.37742522868837,146.38559714098264,144.94534283115772,145.80149841308594,2421900,0.0,0.0
2015-02-10 00:00:00-05:00,146.70560498168604,147.86580499495122,145.90546535748086,147.67376708984375,2556300,0.0,0.0
2015-02-11 00:00:00-05:00,147.28169040149083,150.57826138622738,147.0256398893138,150.14617919921875,4079600,0.0,0.0
2015-02-12 00:00:00-05:00,150.6262968925554,152.02654135237992,149.9461732712612,151.8505096435547,3086700,0.0,0.0
2015-02-13 00:00:00-05:00,151.9225429036413,153.09075240662355,150.69832996232435,151.22642517089844,2720400,0.0,0.0
2015-02-17 00:00:00-05:00,151.05039424934253,152.53065780007188,150.67432755719324,152.04257202148438,2123300,0.0,0.0
2015-02-18 00:00:00-05:00,151.65848953244443,152.05855942509103,150.28226033417116,150.96237182617188,1850700,0.0,0.0
2015-02-19 00:00:00-05:00,150.17026189176994,151.90657634972322,149.84221378700707,151.31446838378906,1470400,0.0,0.0
2015-02-20 00:00:00-05:00,150.7063241825403,153.33877854235493,149.66614008374697,153.23475646972656,2317100,0.0,0.0
2015-02-23 00:00:00-05:00,152.61867890995435,152.61867890995435,151.44247235737683,152.2746124267578,1691100,0.0,0.0
2015-02-24 00:00:00-05:00,152.05053343730557,154.6509872437868,151.77047968217363,153.80284118652344,2627300,0.0,0.0
2015-02-25 00:00:00-05:00,153.26677921447325,153.9869001417988,152.39462977358326,153.40280151367188,2775700,0.0,0.0
2015-02-26 00:00:00-05:00,152.91313974700546,154.4863421467981,152.50379187265438,154.26962280273438,2449300,0.6,0.0
2015-02-27 00:00:00-05:00,153.45900125265706,154.5104731623707,152.3352813720703,152.3352813720703,2572400,0.0,0.0
2015-03-02 00:00:00-05:00,152.50378048665027,154.04486985134295,152.3271961820771,153.94052124023438,1659400,0.0,0.0
2015-03-03 00:00:00-05:00,153.0656912270667,154.80744411121194,152.96135482448724,153.52320861816406,1487800,0.0,0.0
2015-03-04 00:00:00-05:00,152.7847315565364,153.16197877499627,151.68509057512546,152.23892211914062,1648500,0.0,0.0
2015-03-05 00:00:00-05:00,152.60818923834555,153.0817508565564,151.75738029783264,152.56805419921875,1330100,0.0,0.0
2015-03-06 00:00:00-05:00,150.56134979279926,153.62747174585738,149.75869839967046,150.02357482910156,4103600,0.0,0.0
2015-03-09 00:00:00-04:00,150.33666868042414,151.5326118974694,149.7507363577277,150.8423309326172,2233700,0.0,0.0
2015-03-10 00:00:00-04:00,148.9641558859575,149.40561685883577,146.65252685546875,146.65252685546875,2768500,0.0,0.0
2015-03-11 00:00:00-04:00,147.12604185823471,149.1647715489794,146.89326603385365,147.83236694335938,2098600,0.0,0.0
2015-03-12 00:00:00-04:00,149.2450701927758,152.50383437831337,149.2450701927758,152.4636993408203,3114800,0.0,0.0
2015-03-13 00:00:00-04:00,151.5968889088794,152.29520452134426,149.42170870990398,151.97413635253906,3095100,0.0,0.0
2015-03-16 00:00:00-04:00,152.53592173722345,154.50242817518296,152.42355099055374,154.0288543701172,2127700,0.0,0.0
2015-03-17 00:00:00-04:00,153.28243586912322,153.49915531360838,151.54068269825183,152.9613800048828,1883200,0.0,0.0
2015-03-18 00:00:00-04:00,152.2389326366447,154.94386470067278,151.8616853921225,154.365966796875,2790100,0.0,0.0
2015-03-19 00:00:00-04:00,153.91647740589943,153.91647740589943,151.77339895045228,152.479736328125,2097100,0.0,0.0
2015-03-20 00:00:00-04:00,152.88108710247917,155.6502333227091,152.4235697043354,155.01614379882812,3473800,0.0,0.0
2015-03-23 00:00:00-04:00,155.12854422775914,155.9151397014584,154.0770721435547,154.0770721435547,1590500,0.0,0.0
2015-03-24 00:00:00-04:00,154.06095724372028,154.51846230834707,153.4348899463413,153.5312042236328,1799100,0.0,0.0
2015-03-25 00:00:00-04:00,153.37068794170597,153.49108079742305,150.37680053710938,150.37680053710938,2542000,0.0,0.0
2015-03-26 00:00:00-04:00,149.71055736227757,150.87439955787303,148.50658014321542,150.28846740722656,2377200,0.0,0.0
2015-03-27 00:00:00-04:00,150.2484130657521,151.28382864125857,149.50997477789159,150.94671630859375,1539600,0.0,0.0
2015-03-30 00:00:00-04:00,151.89383626862144,154.10915090376488,151.85370122774128,153.3225555419922,2403800,0.0,0.0
2015-03-31 00:00:00-04:00,152.77673141512722,152.9452936718108,150.87445068359375,150.87445068359375,2146600,0.0,0.0
2015-04-01 00:00:00-04:00,150.85036131151108,154.37400175784046,150.06376608078529,154.29373168945312,4031400,0.0,0.0
2015-04-02 00:00:00-04:00,153.89244204114308,154.695093923845,153.18611671266248,153.7479705810547,2296300,0.0,0.0
2015-04-06 00:00:00-04:00,152.64824913628553,154.62277712133763,151.66099126750416,154.1492156982422,1997000,0.0,0.0
2015-04-07 00:00:00-04:00,154.52652882956312,155.4254949313928,154.30178730410572,154.42218017578125,1778000,0.0,0.0
2015-04-08 00:00:00-04:00,154.94389369135956,155.5940519188268,154.2696691378685,154.55862426757812,1997300,0.0,0.0
2015-04-09 00:00:00-04:00,154.79945058158646,156.58936094314333,154.43825966521797,156.4288330078125,1986500,0.0,0.0
2015-04-10 00:00:00-04:00,156.23613220953766,157.20734605413054,155.7866492640206,157.03076171875,1764800,0.0,0.0
2015-04-13 00:00:00-04:00,156.7739352073077,158.4273957421627,156.33247432482383,156.9826202392578,2196100,0.0,0.0
2015-04-14 00:00:00-04:00,158.10632022897133,159.318332071448,157.086961441084,158.70028686523438,3267400,0.0,0.0
2015-04-15 00:00:00-04:00,159.09356089681754,162.24797544658864,158.43538078101864,161.41322326660156,5066100,0.0,0.0
2015-04-16 00:00:00-04:00,162.69750860971237,162.83395793863207,159.48690158338357,160.69891357421875,5976900,0.0,0.0
2015-04-17 00:00:00-04:00,158.79665770313227,159.12574793965763,157.0388479857126,158.4033660888672,4578400,0.0,0.0
2015-04-20 00:00:00-04:00,159.7838372034782,160.20924151127676,158.8607806460459,159.00526428222656,2616600,0.0,0.0
2015-04-21 00:00:00-04:00,159.70364040570823,160.12904490862323,157.78530296412126,157.99398803710938,1868300,0.0,0.0
2015-04-22 00:00:00-04:00,158.85277941491938,159.85609390430548,157.77722922169542,159.18186950683594,1938100,0.0,0.0
2015-04-23 00:00:00-04:00,159.05344177792009,160.92362144954555,158.6039588477853,159.9764862060547,2053400,0.0,0.0
2015-04-24 00:00:00-04:00,159.72772722813266,159.8079973166929,158.4836143404244,158.91705322265625,1445700,0.0,0.0
2015-04-27 00:00:00-04:00,159.5350073226698,159.97646809603813,157.6166707324782,157.73707580566406,1767100,0.0,0.0
2015-04-28 00:00:00-04:00,157.48027365970714,158.61201558643484,156.03549803489452,158.5157012939453,1909400,0.0,0.0
2015-04-29 00:00:00-04:00,157.15111805252747,160.31356664555543,156.9022980688863,159.3744659423828,2480600,0.0,0.0
2015-04-30 00:00:00-04:00,159.24612285113992,160.32970775247014,156.83816729040194,157.65687561035156,2732800,0.0,0.0
2015-05-01 00:00:00-04:00,159.2862592869763,159.38258583854542,157.98596719199952,158.54782104492188,2029500,0.0,0.0
2015-05-04 00:00:00-04:00,159.1336804138447,160.30555698120028,158.84472538679057,159.96844482421875,1581600,0.0,0.0
2015-05-05 00:00:00-04:00,159.17387181543043,160.84338898001178,157.8976584303759,158.35516357421875,2287500,0.0,0.0
2015-05-06 00:00:00-04:00,158.72444008991215,159.39866486062905,155.722517066723,157.5204620361328,2433700,0.0,0.0
2015-05-07 00:00:00-04:00,157.52842442881555,158.8849078147677,156.36458186753788,158.4354248046875,1795300,0.0,0.0
2015-05-08 00:00:00-04:00,159.80794847237544,161.60588033063723,159.80794847237544,160.93165588378906,3192500,0.0,0.0
2015-05-11 00:00:00-04:00,160.76309445311483,162.09549913866974,160.76309445311483,161.91891479492188,1966700,0.0,0.0
2015-05-12 00:00:00-04:00,160.91562973093502,161.36511278016337,158.9812481974698,160.9557647705078,2247500,0.0,0.0
2015-05-13 00:00:00-04:00,160.90760749210523,161.93500081736752,160.4099672947891,161.6781463623047,2143300,0.0,0.0
2015-05-14 00:00:00-04:00,162.4005371524635,162.84199808377682,161.67814319736144,162.63330078125,1957000,0.0,0.0
2015-05-15 00:00:00-04:00,162.5771028465714,162.91421508789062,161.99117054005177,162.91421508789062,1742900,0.0,0.0
2015-05-18 00:00:00-04:00,162.6573683593378,164.6880762586086,162.64934625112687,164.2707061767578,2164600,0.0,0.0
2015-05-19 00:00:00-04:00,164.5356223365866,165.50682430618642,164.18245353036983,164.8647003173828,2370100,0.0,0.0
2015-05-20 00:00:00-04:00,164.68005431996878,165.3141560465957,163.86134612435262,164.60781860351562,1831200,0.0,0.0
2015-05-21 00:00:00-04:00,164.22255823086726,164.71217630401455,163.88543370722988,164.50347900390625,2225000,0.0,0.0
2015-05-22 00:00:00-04:00,164.27071998572012,167.16025911121324,164.24664141156975,166.79104614257812,3040400,0.0,0.0
2015-05-26 00:00:00-04:00,166.56629815947846,166.56629815947846,164.543612276826,165.65127563476562,3336300,0.0,0.0
2015-05-27 00:00:00-04:00,166.06063048577812,168.3000236198741,165.2419222201164,167.80238342285156,3011500,0.0,0.0
2015-05-28 00:00:00-04:00,167.53664654165294,167.9472711508325,166.89252011270656,167.85870361328125,3084900,0.65,0.0
2015-05-29 00:00:00-04:00,167.6574185958026,167.68963167509474,165.55596359967623,166.01490783691406,2255500,0.0,0.0
2015-06-01 00:00:00-04:00,166.92472633108815,168.1324587285941,166.57850332191134,167.31924438476562,2088200,0.0,0.0
2015-06-02 00:00:00-04:00,166.546336351774,167.34343203315714,165.58014040900738,166.20816040039062,2230700,0.0,0.0
2015-06-03 00:00:00-04:00,167.08577373122023,169.21942962685026,166.48190746426562,167.7057342529297,2417000,0.0,0.0
2015-06-04 00:00:00-04:00,167.1502217677771,169.13089664819168,166.6671237412065,168.17276000976562,3462500,0.0,0.0
2015-06-05 00:00:00-04:00,169.64614347141185,170.64454002027523,167.9150652639677,169.44485473632812,3225100,0.0,0.0
2015-06-08 00:00:00-04:00,170.00852480654086,170.45136264775,168.63976334928046,168.91351318359375,2180700,0.0,0.0
2015-06-09 00:00:00-04:00,169.0825206129066,169.43679071704375,167.1662481145401,168.29347229003906,2278800,0.0,0.0
2015-06-10 00:00:00-04:00,168.85712512537626,171.82008993606652,168.56726880383556,171.6027069091797,2677300,0.0,0.0
2015-06-11 00:00:00-04:00,171.6349099499952,172.79433525131108,171.39336096460576,172.2548828125,2024100,0.0,0.0
2015-06-12 00:00:00-04:00,171.8845198936497,172.31125114504027,170.70094082713092,171.54635620117188,2006200,0.0,0.0
2015-06-15 00:00:00-04:00,169.79918319936473,170.96665580672243,169.38855846159845,170.49966430664062,1903800,0.0,0.0
2015-06-16 00:00:00-04:00,170.5721204307994,171.9569882472088,169.99240775017722,171.9489288330078,1954200,0.0,0.0
2015-06-17 00:00:00-04:00,171.9731015640738,172.70579576741113,171.15185208024994,171.4416961669922,1778400,0.0,0.0
2015-06-18 00:00:00-04:00,171.86036486229048,173.11640493461346,170.70093947685618,172.7863006591797,2167200,0.0,0.0
2015-06-19 00:00:00-04:00,172.39980457467888,173.1083449879112,171.65101623535156,171.65101623535156,4163400,0.0,0.0
2015-06-22 00:00:00-04:00,173.1566850664463,174.5657067455418,173.1083777174455,174.32415771484375,2006100,0.0,0.0
2015-06-23 00:00:00-04:00,174.65421453903429,176.14375614713578,174.42877213039154,175.84584045410156,2735600,0.0,0.0
2015-06-24 00:00:00-04:00,174.07449597321988,174.71862238384662,172.06160861856728,172.6493682861328,3945200,0.0,0.0
2015-06-25 00:00:00-04:00,173.22911951862704,173.75247771914476,171.08741623204162,171.35311889648438,2434700,0.0,0.0
2015-06-26 00:00:00-04:00,171.99728143857172,172.79438965561883,171.1357716051229,171.6349639892578,2762600,0.0,0.0
2015-06-29 00:00:00-04:00,169.19528548834242,170.06485443601528,167.19044494628906,167.19044494628906,3292800,0.0,0.0
2015-06-30 00:00:00-04:00,168.99398229820125,169.71861688323747,167.59300817668225,168.10830688476562,4167300,0.0,0.0
2015-07-01 00:00:00-04:00,170.39501614921028,171.08745018270344,168.23719360630577,169.0343017578125,2820300,0.0,0.0
2015-07-02 00:00:00-04:00,169.03428056013132,169.58983960038802,167.87485513449872,168.43846130371094,1816600,0.0,0.0
2015-07-06 00:00:00-04:00,166.4335798108954,167.89895538459066,166.07125026640225,167.50442504882812,2816800,0.0,0.0
2015-07-07 00:00:00-04:00,167.45614765169393,168.25325559209628,163.60750740838196,167.64134216308594,3304200,0.0,0.0
2015-07-08 00:00:00-04:00,166.10347837433292,166.4979964601069,164.0100704674019,164.2999267578125,2185100,0.0,0.0
2015-07-09 00:00:00-04:00,166.77185141907583,167.11001523202634,164.605981304174,164.9038848876953,2256200,0.0,0.0
2015-07-10 00:00:00-04:00,167.2468301271348,167.45616604502064,166.00688430586928,166.82009887695312,1840600,0.0,0.0
2015-07-13 00:00:00-04:00,168.6316387664361,169.33211957535497,167.9955595360277,169.17913818359375,2041700,0.0,0.0
2015-07-14 00:00:00-04:00,169.09061029359702,171.30478671600656,168.84101418987237,170.8217010498047,2090700,0.0,0.0
2015-07-15 00:00:00-04:00,171.9327994177241,171.98916616686296,170.23392181579055,171.4658203125,2536700,0.0,0.0
2015-07-16 00:00:00-04:00,170.20171124302811,172.41588744469212,168.53504681797077,170.03262329101562,4405200,0.0,0.0
2015-07-17 00:00:00-04:00,169.69447426429497,171.33699744966142,168.91347288133278,171.06324768066406,2849000,0.0,0.0
2015-07-20 00:00:00-04:00,171.24038655383706,172.30319721886136,170.05681981970324,171.00689697265625,2175400,0.0,0.0
2015-07-21 00:00:00-04:00,170.6767847515647,171.33701786974194,169.6864473599914,170.29031372070312,1985300,0.0,0.0
2015-07-22 00:00:00-04:00,170.5318985854637,172.077795319709,170.49163836247757,171.69937133789062,2301300,0.0,0.0
2015-07-23 00:00:00-04:00,172.02944916912574,172.79434409057723,169.64618456276185,169.92799377441406,2192700,0.0,0.0
2015-07-24 00:00:00-04:00,170.2500732076138,170.2500732076138,166.5866144048868,166.94894409179688,2453900,0.0,0.0
2015-07-27 00:00:00-04:00,165.41908671776284,165.7330966657522,163.8490369778161,165.0728759765625,2910500,0.0,0.0
2015-07-28 00:00:00-04:00,166.77987168662295,166.81207249356132,164.73478258942137,166.05523681640625,2018100,0.0,0.0
2015-07-29 00:00:00-04:00,166.32093173988937,167.5769720083589,165.5962846179838,166.53831481933594,1987300,0.0,0.0
2015-07-30 00:00:00-04:00,165.88609505958772,166.94890562970895,165.13730675529504,166.828125,1342900,0.0,0.0
2015-07-31 00:00:00-04:00,166.9891442841891,167.04551103206254,164.9762567576888,165.11314392089844,1644000,0.0,0.0
2015-08-03 00:00:00-04:00,165.6606676706004,165.8216962391442,163.3176632983577,164.8072052001953,2075500,0.0,0.0
2015-08-04 00:00:00-04:00,165.06482154388175,166.78785274636567,164.89574587446577,165.1936492919922,1451500,0.0,0.0
2015-08-05 00:00:00-04:00,166.61877318290112,167.29510041613915,165.00040381360088,165.62037658691406,1535500,0.0,0.0
2015-08-06 00:00:00-04:00,165.8619359682899,166.42554203143237,164.4931748761752,165.12924194335938,1485800,0.0,0.0
2015-08-07 00:00:00-04:00,165.29835506446832,166.3772600189407,162.89899615292867,163.80076599121094,1691100,0.0,0.0
2015-08-10 00:00:00-04:00,164.72672655815424,166.32094296250054,164.52543772499192,165.8378448486328,1640300,0.0,0.0
2015-08-11 00:00:00-04:00,163.8490619021923,164.18722556795313,161.5624243799857,162.3997802734375,2554000,0.0,0.0
2015-08-12 00:00:00-04:00,160.95047693661888,162.2789900361669,158.2773687691749,161.94082641601562,2771900,0.0,0.0
2015-08-13 00:00:00-04:00,161.61078554257912,162.60112319967703,160.69290891962828,161.62689208984375,3353600,0.0,0.0
2015-08-14 00:00:00-04:00,161.69928846164495,163.08415611590522,161.62682745647447,162.6574249267578,3567100,0.0,0.0
2015-08-17 00:00:00-04:00,161.8442284375473,163.33377034397253,160.85389106654523,163.10028076171875,1600700,0.0,0.0
2015-08-18 00:00:00-04:00,162.73797276733373,163.52703374624522,161.9811248779297,161.9811248779297,1665400,0.0,0.0
2015-08-19 00:00:00-04:00,161.04711016776403,163.24517992728477,160.33856982038245,161.7958984375,2721400,0.0,0.0
2015-08-20 00:00:00-04:00,159.76693088099304,160.4030103309286,158.41427612304688,158.41427612304688,3140000,0.0,0.0
2015-08-21 00:00:00-04:00,155.92638442039546,156.68323239758828,151.03103853142278,151.1598663330078,5406200,0.0,0.0
2015-08-24 00:00:00-04:00,143.68797847895053,150.47542978795715,138.5671917679451,144.49313354492188,7183600,0.0,0.0
2015-08-25 00:00:00-04:00,149.67027355118222,150.8296988028219,143.08411106018906,143.49473571777344,7204800,0.0,0.0
2015-08-26 00:00:00-04:00,147.37553944148507,149.00195569065235,144.21128675442915,148.47055053710938,5561800,0.0,0.0
2015-08-27 00:00:00-04:00,150.41104960280063,152.86677556127216,149.29993143143128,152.3434295654297,3798500,0.0,0.0
2015-08-28 00:00:00-04:00,151.5597082393271,152.5777087520669,150.48515899145923,151.68898010253906,2413100,0.65,0.0
2015-08-31 00:00:00-04:00,151.6405277235133,153.70882851581177,151.22847514214226,152.37574768066406,2858000,0.0,0.0
2015-09-01 00:00:00-04:00,148.85306393095036,150.6547448183808,146.30000154974314,147.14024353027344,5494500,0.0,0.0
2015-09-02 00:00:00-04:00,149.36212931914608,150.1296732682408,147.45541256863635,149.07127380371094,3043800,0.0,0.0
2015-09-03 00:00:00-04:00,149.46715113968463,151.80206992652884,148.88544015981657,149.515625,2902200,0.0,0.0
2015-09-04 00:00:00-04:00,147.25342875382188,147.71395511964954,144.72461432392763,145.73452758789062,4295600,0.0,0.0
2015-09-08 00:00:00-04:00,148.58649187353328,150.5255200204289,148.37642206679206,150.17811584472656,3060100,0.0,0.0
2015-09-09 00:00:00-04:00,153.14327133258294,154.92071646131507,149.67724161991302,150.01657104492188,4756800,0.0,0.0
2015-09-10 00:00:00-04:00,149.83070860658782,151.74551227270297,149.28132178460783,150.20236206054688,3042600,0.0,0.0
2015-09-11 00:00:00-04:00,149.81454698652405,150.1296517170513,148.10982546315518,149.68528747558594,2536800,0.0,0.0
2015-09-14 00:00:00-04:00,149.95190057483785,150.16195805951983,148.0936580231288,148.61073303222656,2746000,0.0,0.0
2015-09-15 00:00:00-04:00,149.28942093397404,151.9071206151776,148.81274482065695,151.44659423828125,3092800,0.0,0.0
2015-09-16 00:00:00-04:00,151.85860274979456,152.94122652237021,150.7517297235277,152.40798950195312,2717800,0.0,0.0
2015-09-17 00:00:00-04:00,152.25453322485905,153.96735463877937,150.27510553689046,150.638671875,3712600,0.0,0.0
2015-09-18 00:00:00-04:00,148.01291557410124,148.15834952424345,145.87190395070564,146.18699645996094,6529900,0.0,0.0
2015-09-21 00:00:00-04:00,148.09369523891002,148.99049878155913,146.80100122729272,148.13409423828125,2947200,0.0,0.0
2015-09-22 00:00:00-04:00,146.14652522955257,146.23539806403903,143.81968180157213,145.2012481689453,4166900,0.0,0.0
2015-09-23 00:00:00-04:00,145.27395762153353,145.58097510660795,143.60962303451987,144.95079040527344,2732600,0.0,0.0
2015-09-24 00:00:00-04:00,143.53693235843346,143.79546370203386,141.24241274880146,142.9309844970703,3910000,0.0,0.0
2015-09-25 00:00:00-04:00,144.7812217316749,146.3243727831341,143.94097897987095,145.29022216796875,3026500,0.0,0.0
2015-09-28 00:00:00-04:00,144.1833068681386,144.1833068681386,139.57001750765653,139.7881622314453,3898500,0.0,0.0
2015-09-29 00:00:00-04:00,139.78006739878464,140.01437417436114,135.32029940346735,138.8509521484375,4419100,0.0,0.0
2015-09-30 00:00:00-04:00,141.04855651783512,141.45252190630595,139.09336551700184,140.38604736328125,2931500,0.0,0.0
2015-10-01 00:00:00-04:00,140.90307353503695,142.33311396444157,139.80428756763718,142.21192932128906,3613000,0.0,0.0
2015-10-02 00:00:00-04:00,139.077162018547,143.08450290273123,137.24315624938683,143.01177978515625,4469900,0.0,0.0
2015-10-05 00:00:00-04:00,143.99749777911026,146.28394333906607,143.6743304021177,145.9930877685547,3411900,0.0,0.0
2015-10-06 00:00:00-04:00,145.5891056094653,146.46167222046805,144.99931966678477,145.68606567382812,1859100,0.0,0.0
2015-10-07 00:00:00-04:00,146.8817675549416,148.48954136206777,145.8637672336831,147.2291717529297,2572200,0.0,0.0
2015-10-08 00:00:00-04:00,146.38083744598293,147.4230746617447,145.22550278495854,146.29197692871094,3253400,0.0,0.0
2015-10-09 00:00:00-04:00,146.2031733938103,147.27771058557693,143.981363535742,144.77313232421875,3334900,0.0,0.0
2015-10-12 00:00:00-04:00,146.0738686879421,146.397036027128,144.6276658741824,145.61334228515625,3059800,0.0,0.0
2015-10-13 00:00:00-04:00,145.08009902752303,147.96440476486626,145.02353796990738,146.21119689941406,2918800,0.0,0.0
2015-10-14 00:00:00-04:00,146.01729251995857,147.22111354079055,144.73268583670804,145.0316162109375,3252000,0.0,0.0
2015-10-15 00:00:00-04:00,142.78558202454647,150.07312002626068,142.00188829846195,149.4348602294922,5720100,0.0,0.0
2015-10-16 00:00:00-04:00,149.56412073708654,150.8002536681051,148.36031193636745,149.6125946044922,2977500,0.0,0.0
2015-10-19 00:00:00-04:00,148.23908685357642,150.67904045106997,147.97246830531682,150.0650177001953,2665700,0.0,0.0
2015-10-20 00:00:00-04:00,149.6287396618358,150.25084965493022,148.5784274512723,149.8791961669922,2736200,0.0,0.0
2015-10-21 00:00:00-04:00,150.4528303487393,150.4528303487393,145.063934975737,145.18511962890625,3613800,0.0,0.0
2015-10-22 00:00:00-04:00,145.61327110460877,148.81268044196528,145.58903418241982,148.30368041992188,2609600,0.0,0.0
2015-10-23 00:00:00-04:00,149.5964155952117,150.5659297377466,149.00661744906836,149.87110900878906,2935700,0.0,0.0
2015-10-26 00:00:00-04:00,151.16380282687265,151.89093535212913,150.77598730723076,151.09107971191406,2573700,0.0,0.0
2015-10-27 00:00:00-04:00,150.2750867075315,150.94567056306457,149.06319084698688,150.52554321289062,1932300,0.0,0.0
2015-10-28 00:00:00-04:00,150.84872741307282,154.70254749026583,150.4124379863444,154.5732879638672,3231900,0.0,0.0
2015-10-29 00:00:00-04:00,154.31475702252644,155.09037588530344,152.96551429127584,153.41795349121094,3068100,0.0,0.0
2015-10-30 00:00:00-04:00,153.3129029316964,153.57952150334665,151.27692673952754,151.4869842529297,2791600,0.0,0.0
2015-11-02 00:00:00-05:00,152.14945648840856,153.8541777710816,151.63236920550113,153.24822998046875,2531500,0.0,0.0
2015-11-03 00:00:00-05:00,152.90086326303947,155.0176374514829,152.73927961159322,154.0642852783203,2443200,0.0,0.0
2015-11-04 00:00:00-05:00,154.31473958465202,155.84172787590202,153.75726551628352,154.8398895263672,2174300,0.0,0.0
2015-11-05 00:00:00-05:00,155.5589547641448,156.1568278557121,154.31474704477185,155.1388397216797,2186300,0.0,0.0
2015-11-06 00:00:00-05:00,158.35434391305162,161.1578631308166,158.27354594922755,160.9154815673828,4270800,0.0,0.0
2015-11-09 00:00:00-05:00,160.8104641463745,161.5052847953985,158.6129047625263,158.9683837890625,2604400,0.0,0.0
2015-11-10 00:00:00-05:00,158.82297564348315,160.14798114094629,157.77266355119195,159.8167266845703,2149900,0.0,0.0
2015-11-11 00:00:00-05:00,160.20458024105648,160.721655419052,158.94421026519515,159.47744750976562,1637500,0.0,0.0
2015-11-12 00:00:00-05:00,158.50788707128243,158.50788707128243,155.33271378961555,155.74476623535156,3166900,0.0,0.0
2015-11-13 00:00:00-05:00,155.63166831348488,156.23761623580427,153.55528084887692,153.8218994140625,2484000,0.0,0.0
2015-11-16 00:00:00-05:00,153.4987300473389,155.25193786621094,151.89901867782646,155.25193786621094,4626600,0.0,0.0
2015-11-17 00:00:00-05:00,155.6640239727133,155.93064261302328,153.76539401129912,153.96737670898438,1783800,0.0,0.0
2015-11-18 00:00:00-05:00,154.35512234235915,156.77891380862584,154.322798219106,156.4638214111328,2509200,0.0,0.0
2015-11-19 00:00:00-05:00,156.59313666875528,156.90822915361824,154.85607823944864,155.95486450195312,1835800,0.0,0.0
2015-11-20 00:00:00-05:00,155.93057533930423,156.32646569406327,154.4035872967197,154.69444274902344,2932100,0.0,0.0
2015-11-23 00:00:00-05:00,154.5571204700276,154.710629250778,152.31107447220256,152.85238647460938,2671700,0.0,0.0
2015-11-24 00:00:00-05:00,151.90713147792206,153.34524711696523,150.72754724857228,152.43228149414062,2679400,0.0,0.0
2015-11-25 00:00:00-05:00,152.69077834066763,153.3209630978183,152.01210740154832,152.82003784179688,1495600,0.0,0.0
2015-11-27 00:00:00-05:00,152.82816373110535,154.4682619538274,152.57770720370098,153.8865509033203,1092700,0.0,0.0
2015-11-30 00:00:00-05:00,154.43780670450394,154.90801253480674,153.4163327512469,154.04867553710938,3415000,0.65,0.0
2015-12-01 00:00:00-05:00,155.0215066266866,156.58614615428894,154.0405576536992,156.52130126953125,4140900,0.0,0.0
2015-12-02 00:00:00-05:00,156.70776670049074,157.14553773291266,153.87032658257795,154.2432403564453,1817200,0.0,0.0
2015-12-03 00:00:00-05:00,154.56755668585643,155.37013912963621,149.76011506218654,150.14114379882812,3599000,0.0,0.0
2015-12-04 00:00:00-05:00,150.47349561997305,154.53508381027245,149.77629558953626,154.02435302734375,3517200,0.0,0.0
2015-12-07 00:00:00-05:00,154.03247607223037,154.129755782846,149.97898985980325,150.37623596191406,3499900,0.0,0.0
2015-12-08 00:00:00-05:00,149.10343712025568,149.54932308295773,147.41718535147413,148.29273986816406,2663800,0.0,0.0
2015-12-09 00:00:00-05:00,147.56309463195663,149.85736898753478,145.78766594324114,146.50108337402344,3907500,0.0,0.0
2015-12-10 00:00:00-05:00,146.7280857470864,149.1115250439192,146.17680523709106,147.6360626220703,2212300,0.0,0.0
2015-12-11 00:00:00-05:00,145.66607493524197,146.04710362972847,142.25304646368193,143.13670349121094,3750100,0.0,0.0
2015-12-14 00:00:00-05:00,143.22586496223477,144.81483682975565,140.16953322265903,143.00697326660156,5102400,0.0,0.0
2015-12-15 00:00:00-05:00,145.09859615821537,148.58459694701804,144.99321392326635,147.5550079345703,3398700,0.0,0.0
2015-12-16 00:00:00-05:00,149.17640176972935,151.50311137089759,147.28747562631432,150.95994567871094,3191700,0.0,0.0
2015-12-17 00:00:00-05:00,151.50306154037665,152.32186106909327,148.0413818359375,148.0413818359375,2807900,0.0,0.0
2015-12-18 00:00:00-05:00,146.89833069306312,147.46581626104793,142.18818192340294,142.26925659179688,6740800,0.0,0.0
2015-12-21 00:00:00-05:00,143.89875087389296,144.42569909800426,142.5448880543272,144.10142517089844,2472900,0.0,0.0
2015-12-22 00:00:00-05:00,145.03373989087913,146.48489496390204,143.53395733007127,145.96604919433594,2312800,0.0,0.0
2015-12-23 00:00:00-05:00,146.49297845784145,148.35758445233208,146.29841905093423,148.31704711914062,2367900,0.0,0.0
2015-12-24 00:00:00-05:00,147.76576527420184,148.49538772298027,147.5630909972905,147.9279022216797,1107600,0.0,0.0
2015-12-28 00:00:00-05:00,147.36042730465255,147.4901294497971,145.7957753419814,147.2388153076172,1723300,0.0,0.0
2015-12-29 00:00:00-05:00,148.21165865589617,149.3141949026284,147.95222963060147,148.78724670410156,1848900,0.0,0.0
2015-12-30 00:00:00-05:00,148.58459694701804,148.7872712676431,147.41719088097634,147.5550079345703,1514300,0.0,0.0
2015-12-31 00:00:00-05:00,146.8658932307094,148.2683957846629,145.94980152661086,146.1119384765625,1773900,0.0,0.0
2016-01-04 00:00:00-05:00,142.51247203865708,143.6474556737609,140.8667575195026,143.60691833496094,3745500,0.0,0.0
2016-01-05 00:00:00-05:00,143.25832797966132,143.89877341561106,140.18577822839967,141.13429260253906,4521600,0.0,0.0
2016-01-06 00:00:00-05:00,138.88052276265597,139.4561231653887,137.08888904041933,137.6887969970703,5539400,0.0,0.0
2016-01-07 00:00:00-05:00,135.11890196270963,137.41317654221112,132.63006797055579,133.45697021484375,5687900,0.0,0.0
2016-01-08 00:00:00-05:00,135.18374231150267,136.53760499295026,132.6543713013976,132.9056854248047,4929800,0.0,0.0
2016-01-11 00:00:00-05:00,133.76502136350217,134.948644571207,132.41926121001396,134.35682678222656,4386500,0.0,0.0
2016-01-12 00:00:00-05:00,135.29725395642166,136.34304789179401,132.38685400431802,134.34063720703125,4441300,0.0,0.0
2016-01-13 00:00:00-05:00,134.94865474884884,135.4675004366398,128.02529407241994,128.8927459716797,5252500,0.0,0.0
2016-01-14 00:00:00-05:00,129.9547676759949,131.7464016163753,127.0848925713898,130.8384246826172,4272500,0.0,0.0
2016-01-15 00:00:00-05:00,127.03622179396399,128.08202788726553,124.69330787821539,126.1525650024414,6237200,0.0,0.0
2016-01-19 00:00:00-05:00,127.73349894453646,128.70633349199028,125.88510959329547,127.13359069824219,5860600,0.0,0.0
2016-01-20 00:00:00-05:00,124.92841748819664,128.39008490572857,122.9421998650411,124.64466857910156,9369100,0.0,0.0
2016-01-21 00:00:00-05:00,124.82301500909242,125.78774639460167,122.8124899622207,122.94219207763672,5738800,0.0,0.0
2016-01-22 00:00:00-05:00,125.3175360158793,127.2713186342472,124.7338332222569,127.16592407226562,5583800,0.0,0.0
2016-01-25 00:00:00-05:00,126.7930224555204,126.89841703780333,122.51254272460938,122.51254272460938,5051700,0.0,0.0
2016-01-26 00:00:00-05:00,122.51256537367235,126.54984661531752,122.51256537367235,125.21218872070312,5237700,0.0,0.0
2016-01-27 00:00:00-05:00,124.51498199072896,128.43875353325728,124.1907080535932,124.62037658691406,5153100,0.0,0.0
2016-01-28 00:00:00-05:00,125.66618541312572,128.13071215979812,123.65565955050504,127.32811737060547,4292900,0.0,0.0
2016-01-29 00:00:00-05:00,128.60896269709133,131.00051620776142,127.91176283046427,130.9761962890625,4887900,0.0,0.0
2016-02-01 00:00:00-05:00,130.043933162838,130.52224151380958,128.45496130149598,129.42779541015625,2963500,0.0,0.0
2016-02-02 00:00:00-05:00,127.2794313329835,127.2794313329835,121.73426672020383,122.98273468017578,6316200,0.0,0.0
2016-02-03 00:00:00-05:00,123.63130976642499,124.71764092928159,119.18057816154145,123.77722930908203,5893200,0.0,0.0
2016-02-04 00:00:00-05:00,123.469137262031,128.04956968459368,123.23402823955809,126.86595916748047,4573100,0.0,0.0
2016-02-05 00:00:00-05:00,127.74157203586826,129.46834877221116,126.21745724242643,126.84980010986328,4596100,0.0,0.0
2016-02-08 00:00:00-05:00,124.70958532025676,124.70958532025676,117.75379998799744,120.99658966064453,8680000,0.0,0.0
2016-02-09 00:00:00-05:00,117.97267476969726,121.56405787736658,117.63218338752219,120.18587493896484,6919400,0.0,0.0
2016-02-10 00:00:00-05:00,121.60459028082578,124.3447510069698,119.3427503445162,119.35895538330078,7609600,0.0,0.0
2016-02-11 00:00:00-05:00,116.26211229170148,117.07280965815319,112.72747127916165,114.05701446533203,10252200,0.0,0.0
2016-02-12 00:00:00-05:00,116.5377376869836,118.77525779728037,116.49720034764934,118.46720123291016,9009300,0.0,0.0
2016-02-16 00:00:00-05:00,121.28031024674877,121.99371539555361,119.53730378453992,120.81010437011719,10198000,0.0,0.0
2016-02-17 00:00:00-05:00,122.25315631426461,123.12059599982683,121.85591018072127,122.36665344238281,5578800,0.0,0.0
2016-02-18 00:00:00-05:00,122.61793955627114,123.22596239704603,119.47243076818029,119.7642822265625,5895500,0.0,0.0
2016-02-19 00:00:00-05:00,119.1724470585156,119.76425234554344,117.89964695833234,119.0994873046875,5257300,0.0,0.0
2016-02-22 00:00:00-05:00,120.95600021733728,121.59645782917234,120.16962307080901,120.62361145019531,4287900,0.0,0.0
2016-02-23 00:00:00-05:00,119.98320890925406,120.0237462511808,116.78095682120096,117.47815704345703,4249600,0.0,0.0
2016-02-24 00:00:00-05:00,115.9945706049856,118.06995370366293,113.70839829236634,118.00509643554688,5714700,0.0,0.0
2016-02-25 00:00:00-05:00,118.36180601071749,120.85065266387271,117.73756562493361,120.18587493896484,4299600,0.0,0.0
2016-02-26 00:00:00-05:00,121.37759766687086,123.20166654560325,120.801997155557,121.80726623535156,5924500,0.0,0.0
2016-02-29 00:00:00-05:00,121.92935050754122,122.36902350023976,120.76502277339398,121.7502212524414,5506400,0.65,0.0
2016-03-01 00:00:00-05:00,122.90645707935681,126.01678219183697,122.68661428905956,125.9190673828125,6490400,0.0,0.0
2016-03-02 00:00:00-05:00,126.00047368299182,126.53786156058982,124.94198579729994,125.55265045166016,5047500,0.0,0.0
2016-03-03 00:00:00-05:00,125.38981141598673,126.74141885846556,124.86871139797137,126.47272491455078,3615800,0.0,0.0
2016-03-04 00:00:00-05:00,127.31951002253578,129.338783498839,126.44015139717882,127.70219421386719,5256700,0.0,0.0
2016-03-07 00:00:00-05:00,127.01827440045778,127.31953171662286,125.72366804698397,126.4890365600586,2771900,0.0,0.0
2016-03-08 00:00:00-05:00,125.38981383271577,125.5770808551732,123.35426490686,123.4356918334961,3830400,0.0,0.0
2016-03-09 00:00:00-05:00,123.8509037737877,124.16844881806732,121.46523465732722,122.05962371826172,3250900,0.0,0.0
2016-03-10 00:00:00-05:00,122.46678831459202,125.06415115085893,121.18845741939843,122.96346282958984,4631800,0.0,0.0
2016-03-11 00:00:00-05:00,124.80360015160866,125.52011749503669,124.06265721001895,125.34098815917969,4058700,0.0,0.0
2016-03-14 00:00:00-04:00,125.1129488803135,125.75617670322222,123.86719426298288,124.97453308105469,3317900,0.0,0.0
2016-03-15 00:00:00-04:00,124.2906016036517,124.36389080083444,122.86571747981814,123.7857894897461,3731400,0.0,0.0
2016-03-16 00:00:00-04:00,122.88200871225685,124.45345884946866,121.89681004853688,122.57260131835938,4310300,0.0,0.0
2016-03-17 00:00:00-04:00,122.45046750209386,125.37351246312582,121.11514804747178,124.50230407714844,4431700,0.0,0.0
2016-03-18 00:00:00-04:00,125.31657188438977,128.7932814708057,125.28399613507916,128.321044921875,7413200,0.0,0.0
2016-03-21 00:00:00-04:00,128.02789785266648,129.3794929831191,126.81470614308584,127.25437927246094,4410200,0.0,0.0
2016-03-22 00:00:00-04:00,126.61113833735203,126.68441511411426,124.86870902053771,125.55265045166016,3521500,0.0,0.0
2016-03-23 00:00:00-04:00,125.593394807694,126.65188295375964,125.05600679790581,125.4549789428711,3633400,0.0,0.0
2016-03-24 00:00:00-04:00,124.08707053686973,124.60817061946423,122.23880086404581,124.57560729980469,3693400,0.0,0.0
2016-03-28 00:00:00-04:00,124.68961590278664,125.91094556583758,124.0708133461503,125.25956726074219,2308600,0.0,0.0
2016-03-29 00:00:00-04:00,124.46975244372808,126.4890260970657,123.35427551213843,126.22846984863281,2919500,0.0,0.0
2016-03-30 00:00:00-04:00,127.12408914790153,128.66296344102338,126.11445253785216,127.42534637451172,3130600,0.0,0.0
2016-03-31 00:00:00-04:00,127.16479926431938,128.2232871300665,127.06709689714408,127.81617736816406,2927300,0.0,0.0
2016-04-01 00:00:00-04:00,127.39277751542438,130.28324655342715,126.27728844773065,130.12855529785156,3373400,0.0,0.0
2016-04-04 00:00:00-04:00,130.2507538894589,130.27517949169288,128.15006512927425,128.45947265625,2478100,0.0,0.0
2016-04-05 00:00:00-04:00,127.37653305968477,127.44980985161573,125.83765830910104,126.4890365600586,2822700,0.0,0.0
2016-04-06 00:00:00-04:00,126.41570777328671,127.23807737200387,125.32465668825915,126.35871887207031,2927400,0.0,0.0
2016-04-07 00:00:00-04:00,125.10479859162889,125.414205921382,121.61994075546724,122.46673583984375,4786800,0.0,0.0
2016-04-08 00:00:00-04:00,123.81838384751805,124.46974960573722,122.14108099048788,122.36092376708984,3122200,0.0,0.0
2016-04-11 00:00:00-04:00,123.0937476675815,125.30842659427509,122.46680734513419,123.92425537109375,3464300,0.0,0.0
2016-04-12 00:00:00-04:00,124.30693014220805,126.2773404843793,123.19145303884856,125.64225006103516,2732900,0.0,0.0
2016-04-13 00:00:00-04:00,127.44975512797075,130.26695957352416,127.32762719385775,130.15296936035156,5151100,0.0,0.0
2016-04-14 00:00:00-04:00,129.89245570614912,132.12342194998266,129.58304827314882,131.01608276367188,3067100,0.0,0.0
2016-04-15 00:00:00-04:00,131.2765805518966,131.72440367315926,128.80949694857816,129.07005310058594,3467900,0.0,0.0
2016-04-18 00:00:00-04:00,128.32918100635746,130.2751657985124,127.95463443812322,129.47723388671875,3031500,0.0,0.0
2016-04-19 00:00:00-04:00,128.44312960449105,133.28773327592938,127.83246496294831,132.43280029296875,5832200,0.0,0.0
2016-04-20 00:00:00-04:00,131.9035494276309,136.34104289579696,131.85469824901668,135.95835876464844,4802200,0.0,0.0
2016-04-21 00:00:00-04:00,135.60823682183675,137.52164486243458,134.35433205065212,134.60675048828125,4165100,0.0,0.0
2016-04-22 00:00:00-04:00,134.98944671134112,136.37362981359635,134.88360662366551,135.77110290527344,2680300,0.0,0.0
2016-04-25 00:00:00-04:00,135.16045270052567,136.29221744003374,133.5808646991968,134.4195098876953,2473000,0.0,0.0
2016-04-26 00:00:00-04:00,134.6556021590528,135.1604141881715,133.7111047167004,135.03013610839844,2251600,0.0,0.0
2016-04-27 00:00:00-04:00,135.02203428027445,137.3262771797903,134.28922920475082,135.90953063964844,3323600,0.0,0.0
2016-04-28 00:00:00-04:00,134.63117990569427,136.23519308361261,133.540116490581,133.76809692382812,2528000,0.0,0.0
2016-04-29 00:00:00-04:00,133.36913024756757,134.0856348177525,132.35949379430548,133.6215362548828,2890800,0.0,0.0
2016-05-02 00:00:00-04:00,134.41137273251528,136.12937658130397,133.52387635243144,135.3070068359375,1998400,0.0,0.0
2016-05-03 00:00:00-04:00,133.25513886439197,133.62153507901243,131.39056963656628,132.8317413330078,2777000,0.0,0.0
2016-05-04 00:00:00-04:00,131.25221313283117,132.3921281670409,129.5342090691637,130.3321533203125,3203900,0.0,0.0
2016-05-05 00:00:00-04:00,130.910215209722,130.94279094840664,129.05379567282816,129.89244079589844,2366200,0.0,0.0
2016-05-06 00:00:00-04:00,128.80141816094655,130.41356971113132,127.84063244081155,129.33880615234375,2307000,0.0,0.0
2016-05-09 00:00:00-04:00,128.80953995979246,130.15300977218288,127.66148732666029,128.2477264404297,2097900,0.0,0.0
2016-05-10 00:00:00-04:00,129.19223139405042,131.49647451261347,128.96425088417195,131.43133544921875,2379600,0.0,0.0
2016-05-11 00:00:00-04:00,131.38245952808734,132.335094855913,129.68888147061824,129.80287170410156,2096900,0.0,0.0
2016-05-12 00:00:00-04:00,130.5356835533459,131.4720310614656,128.08487476899057,128.7036895751953,2448100,0.0,0.0
2016-05-13 00:00:00-04:00,128.54895138049756,130.04711196109395,126.41568829447344,126.48082733154297,2550100,0.0,0.0
2016-05-16 00:00:00-04:00,126.48089013463716,127.75107092818898,125.87837548457175,126.51346588134766,3177700,0.0,0.0
2016-05-17 00:00:00-04:00,125.99235659558241,127.92205324372986,125.2025625193351,125.9190673828125,2701500,0.0,0.0
2016-05-18 00:00:00-04:00,126.04935199030089,130.2751542956057,125.91907385424363,130.22630310058594,3653300,0.0,0.0
2016-05-19 00:00:00-04:00,129.2003294438043,130.2343915686511,125.81318615542789,125.9597396850586,4712000,0.0,0.0
2016-05-20 00:00:00-04:00,126.82283580325493,127.35208597837764,125.32467477559354,125.80506134033203,3247800,0.0,0.0
2016-05-23 00:00:00-04:00,125.74807724542676,127.09153461832027,125.17812600916906,126.5704345703125,2767600,0.0,0.0
2016-05-24 00:00:00-04:00,127.56378565563956,129.09452250829492,127.37651862281642,128.3128662109375,3038800,0.0,0.0
2016-05-25 00:00:00-04:00,128.69559012887666,132.13973668592354,128.67116452679903,131.29295349121094,3259900,0.0,0.0
2016-05-26 00:00:00-04:00,131.21961772656957,131.35803355082078,129.5993164473871,129.64002990722656,2576100,0.0,0.0
2016-05-27 00:00:00-04:00,129.7463222822149,131.13616699656197,129.43565903602388,130.42489624023438,2157000,0.65,0.0
2016-05-31 00:00:00-04:00,131.13616906662122,132.1581155602044,129.62369574107777,130.38401794433594,2916100,0.0,0.0
2016-06-01 00:00:00-04:00,129.0921975466307,131.2587302799835,127.53884481133453,130.7845458984375,2581600,0.0,0.0
2016-06-02 00:00:00-04:00,130.92361976560966,131.07895764176814,129.5501295499777,130.22052001953125,2257100,0.0,0.0
2016-06-03 00:00:00-04:00,127.4245029484708,127.98043601905152,125.78938807038183,127.2691650390625,4329300,0.0,0.0
2016-06-06 00:00:00-04:00,127.74328313555004,129.10043076956532,127.35085926273804,128.40550231933594,2540400,0.0,0.0
2016-06-07 00:00:00-04:00,128.51999171105925,128.74073565210435,126.8603515625,126.8603515625,2489700,0.0,0.0
2016-06-08 00:00:00-04:00,126.88486246167106,128.01309527865038,125.83021926640073,126.42703247070312,2426800,0.0,0.0
2016-06-09 00:00:00-04:00,125.73209347718455,126.14087200298647,124.64475357649037,125.22521209716797,2711700,0.0,0.0
2016-06-10 00:00:00-04:00,123.73724824422571,123.99068890042618,122.28199788448912,122.54360961914062,4335700,0.0,0.0
2016-06-13 00:00:00-04:00,121.81598848573847,123.7127266434154,121.48078713417722,121.51349639892578,3385800,0.0,0.0
2016-06-14 00:00:00-04:00,121.17832444027046,121.85689838670972,118.9136875919048,119.51868438720703,5069600,0.0,0.0
2016-06-15 00:00:00-04:00,120.31170535114065,121.57073779115989,119.28157542528453,119.49414825439453,2981400,0.0,0.0
2016-06-16 00:00:00-04:00,118.54578817683752,120.17273141589524,117.34397815387776,119.87841033935547,3499200,0.0,0.0
2016-06-17 00:00:00-04:00,119.87838616010644,121.18646986705343,118.9218459730176,119.06900024414062,4296500,0.0,0.0
2016-06-20 00:00:00-04:00,121.40725057379244,123.04236505963476,120.65509940729699,120.79408264160156,3338900,0.0,0.0
2016-06-21 00:00:00-04:00,121.40722787773961,121.67702321445968,120.27899510144326,121.28459930419922,2424600,0.0,0.0
2016-06-22 00:00:00-04:00,121.00662099546689,122.73166696285406,120.99027883553691,121.11290740966797,2487600,0.0,0.0
2016-06-23 00:00:00-04:00,123.09139836819882,124.92273081358297,122.74802587373898,124.80827331542969,2940500,0.0,0.0
2016-06-24 00:00:00-04:00,116.93523174425133,119.70675077959086,115.21018516340996,115.97869110107422,9442200,0.0,0.0
2016-06-27 00:00:00-04:00,114.51525374779405,115.46361070791934,112.9864131572436,114.05741119384766,7381000,0.0,0.0
2016-06-28 00:00:00-04:00,116.26485098958493,116.60004006467867,114.31088917407241,116.42835998535156,5041500,0.0,0.0
2016-06-29 00:00:00-04:00,117.4012133392467,118.9954473086132,116.85343906329786,118.9545669555664,3804100,0.0,0.0
2016-06-30 00:00:00-04:00,119.91111139586309,121.71791827225564,118.8482845553341,121.47264862060547,4528600,0.0,0.0
2016-07-01 00:00:00-04:00,121.39909147863114,123.20588617791731,121.05571889969352,121.20287322998047,3096800,0.0,0.0
2016-07-05 00:00:00-04:00,119.95201963178125,120.13188325313646,117.18050061627122,118.09616088867188,3943000,0.0,0.0
2016-07-06 00:00:00-04:00,116.86164580818802,119.3143177785014,116.60002147671925,119.0199966430664,2941800,0.0,0.0
2016-07-07 00:00:00-04:00,119.36333584947651,121.07202718374921,118.84009980776374,120.18089294433594,2578300,0.0,0.0
2016-07-08 00:00:00-04:00,122.1103402023692,123.38572739985389,121.25190267331374,122.94425201416016,3281400,0.0,0.0
2016-07-11 00:00:00-04:00,123.85176934801794,125.06992183430152,123.76183753913688,124.42405700683594,3041600,0.0,0.0
2016-07-12 00:00:00-04:00,125.90378114003148,128.5608414562984,125.83837508140869,128.29104614257812,5110800,0.0,0.0
2016-07-13 00:00:00-04:00,128.35646104694504,129.39476202737552,127.66153254175032,129.10861206054688,4276400,0.0,0.0
2016-07-14 00:00:00-04:00,131.04620838699148,133.45801156011092,130.8172934208879,132.88571166992188,5087700,0.0,0.0
2016-07-15 00:00:00-04:00,133.1473689233291,133.37628394620398,131.38144233978014,132.1499481201172,3078400,0.0,0.0
2016-07-18 00:00:00-04:00,132.7386150816836,134.15298583868963,132.45246501223207,133.53164672851562,4734500,0.0,0.0
2016-07-19 00:00:00-04:00,132.46059383349885,134.1447593236319,131.40593827613148,131.96188354492188,5399700,0.0,0.0
2016-07-20 00:00:00-04:00,132.89398050373126,133.17194707309878,130.1715124009613,132.25628662109375,3547800,0.0,0.0
2016-07-21 00:00:00-04:00,132.207153777225,132.3624791351196,130.62109113143578,130.85000610351562,2855500,0.0,0.0
2016-07-22 00:00:00-04:00,131.04624804891642,131.4059752402185,130.6947044141927,131.1443634033203,1811700,0.0,0.0
2016-07-25 00:00:00-04:00,130.51481877166282,131.89649230716213,130.49029305593825,131.22608947753906,1956100,0.0,0.0
2016-07-26 00:00:00-04:00,131.3650861413717,132.03548903963366,130.33496855067614,131.7575225830078,2150100,0.0,0.0
2016-07-27 00:00:00-04:00,131.79021028924157,132.58324172396507,131.14434562871085,131.6185302734375,2317200,0.0,0.0
2016-07-28 00:00:00-04:00,130.95625123341617,131.59395705816252,129.8607280401304,131.24240112304688,2047400,0.0,0.0
2016-07-29 00:00:00-04:00,130.40856081003136,130.96450626260872,129.70546103099593,129.83627319335938,2388200,0.0,0.0
2016-08-01 00:00:00-04:00,129.8362319209303,130.743720737085,129.11677773156643,129.3211669921875,2316300,0.0,0.0
2016-08-02 00:00:00-04:00,128.88787979433712,129.55011156522613,127.02385048907622,127.58796691894531,3182800,0.0,0.0
2016-08-03 00:00:00-04:00,127.90684349184731,129.95073684414572,127.68609951681728,129.4520263671875,2284700,0.0,0.0
2016-08-04 00:00:00-04:00,129.35384217239476,129.90977482681748,128.69162313848003,129.21485900878906,2005700,0.0,0.0
2016-08-05 00:00:00-04:00,130.6047266804296,132.5505162717774,130.15506784945475,132.51780700683594,2676100,0.0,0.0
2016-08-08 00:00:00-04:00,132.52600483047797,134.0630036251324,132.45241521390048,133.12281799316406,2266600,0.0,0.0
2016-08-09 00:00:00-04:00,132.8530154033104,134.5535354974644,132.8530154033104,133.62152099609375,1957400,0.0,0.0
2016-08-10 00:00:00-04:00,133.62971161840076,133.7523526739748,132.45242734450844,132.59959411621094,1656100,0.0,0.0
2016-08-11 00:00:00-04:00,132.60772681823195,134.2837209599013,132.38698296203026,133.96487426757812,1827700,0.0,0.0
2016-08-12 00:00:00-04:00,132.99201714873433,133.56430464607607,132.50149035455507,133.46620178222656,1440800,0.0,0.0
2016-08-15 00:00:00-04:00,133.97311584919302,135.58370478938048,133.9158933229848,135.34661865234375,2222200,0.0,0.0
2016-08-16 00:00:00-04:00,134.8887816553525,136.33584907549056,134.66803769425536,135.42835998535156,2523800,0.0,0.0
2016-08-17 00:00:00-04:00,135.6654460892021,135.97612182250538,134.68437992737387,135.4447021484375,2061700,0.0,0.0
2016-08-18 00:00:00-04:00,135.17493799421447,136.1723590236936,134.59447922415092,135.76358032226562,1750500,0.0,0.0
2016-08-19 00:00:00-04:00,135.19125609918783,136.45028867035472,134.48815642375024,135.90252685546875,1840900,0.0,0.0
2016-08-22 00:00:00-04:00,135.71445689089083,136.45843672686613,134.806968156057,135.92701721191406,1448100,0.0,0.0
2016-08-23 00:00:00-04:00,136.53204304323535,137.2269716055839,135.6981312634035,135.77989196777344,1965500,0.0,0.0
2016-08-24 00:00:00-04:00,135.53460528325414,136.28675626411714,134.77428322295458,135.14218139648438,2035300,0.0,0.0
2016-08-25 00:00:00-04:00,134.96233059716837,135.74717844483988,134.57807775354092,135.63272094726562,1441400,0.0,0.0
2016-08-26 00:00:00-04:00,136.33582130306175,137.40683161284022,135.19124632114875,135.68995666503906,2402200,0.0,0.0
2016-08-29 00:00:00-04:00,136.2050497632325,137.23516745961695,135.83713900208483,136.42578125,2620900,0.0,0.0
2016-08-30 00:00:00-04:00,136.42575314481246,139.1260287350291,136.42575314481246,139.01112365722656,2934100,0.65,0.0
2016-08-31 00:00:00-04:00,138.91265806816318,139.72520929154578,137.45171649185468,139.08502197265625,3688200,0.0,0.0
2016-09-01 00:00:00-04:00,139.528241618962,139.58570043571902,136.78692505402287,138.30531311035156,2843300,0.0,0.0
2016-09-02 00:00:00-04:00,138.31350582008142,139.31482697876956,137.80462968329059,138.85519409179688,1747500,0.0,0.0
2016-09-06 00:00:00-04:00,138.47765667231752,139.35585719867274,137.45171387011254,138.9783172607422,2034900,0.0,0.0
2016-09-07 00:00:00-04:00,138.46125255427768,139.70059960406914,138.42021233315637,139.25738525390625,1584300,0.0,0.0
2016-09-08 00:00:00-04:00,138.99474560741146,141.07125298291447,138.4694633567648,140.89068603515625,3031600,0.0,0.0
2016-09-09 00:00:00-04:00,140.20943789984912,141.51443403875297,138.30528219320723,138.3545379638672,3411800,0.0,0.0
2016-09-12 00:00:00-04:00,137.07413677290168,140.89885385781878,136.4339495812803,140.398193359375,2647900,0.0,0.0
2016-09-13 00:00:00-04:00,138.32988901752674,139.50357388024926,136.55706969859403,137.06593322753906,2788200,0.0,0.0
2016-09-14 00:00:00-04:00,137.06592575464242,137.77177473552504,135.90865954347802,136.37649536132812,1995900,0.0,0.0
2016-09-15 00:00:00-04:00,136.0646550693766,138.5104995244464,136.04823647574437,137.952392578125,1645200,0.0,0.0
2016-09-16 00:00:00-04:00,137.76359371948953,137.92774205026637,135.92509985313026,136.2451934814453,4534900,0.0,0.0
2016-09-19 00:00:00-04:00,137.34496973807907,138.14110211060742,135.98251510842107,136.4175262451172,2030700,0.0,0.0
2016-09-20 00:00:00-04:00,137.62402574435137,138.11648315754238,136.5652585868166,136.63092041015625,1532900,0.0,0.0
2016-09-21 00:00:00-04:00,137.41068511069304,138.116534318413,136.18775667995826,137.09059143066406,2333600,0.0,0.0
2016-09-22 00:00:00-04:00,138.2560402371202,138.9783079289645,137.64047459712972,137.9031219482422,2467700,0.0,0.0
2016-09-23 00:00:00-04:00,137.68151515529536,137.96878413082817,135.46548135053433,135.53114318847656,3421200,0.0,0.0
2016-09-26 00:00:00-04:00,134.46413155577218,134.57903661673183,132.1413961943551,132.5353546142578,2772200,0.0,0.0
2016-09-27 00:00:00-04:00,131.91166744171363,134.15232377442427,131.17299338328334,133.6927032470703,2602700,0.0,0.0
2016-09-28 00:00:00-04:00,134.06195349877768,134.43129028892332,132.6994988719443,134.15223693847656,1678100,0.0,0.0
2016-09-29 00:00:00-04:00,134.09484086525984,134.57087985970486,129.49040876453438,130.45889282226562,3733800,0.0,0.0
2016-09-30 00:00:00-04:00,131.27965065703904,133.29871178971888,129.51503388285698,132.36305236816406,4497200,0.0,0.0
2016-10-03 00:00:00-04:00,131.73106236294373,132.73238358965597,131.52587379228495,132.1988983154297,2444700,0.0,0.0
2016-10-04 00:00:00-04:00,132.33840109918944,134.72678611154868,132.33018554267082,133.18377685546875,2469900,0.0,0.0
2016-10-05 00:00:00-04:00,134.0456045053124,136.71305610404661,133.79116014058755,136.57351684570312,2548200,0.0,0.0
2016-10-06 00:00:00-04:00,137.21367802002646,137.30396148091918,135.27671017490115,137.18905639648438,2858000,0.0,0.0
2016-10-07 00:00:00-04:00,137.47632834707056,139.51179525416603,136.44218256475844,139.38868713378906,3390200,0.0,0.0
2016-10-10 00:00:00-04:00,139.95499179000544,140.96451582024423,139.6102765729413,140.38177490234375,2532000,0.0,0.0
2016-10-11 00:00:00-04:00,139.3968859957306,140.24226179359476,137.81283645027938,138.7402801513672,2680000,0.0,0.0
2016-10-12 00:00:00-04:00,138.7403311725299,139.5200579440422,138.13298087520798,138.9537353515625,2404000,0.0,0.0
2016-10-13 00:00:00-04:00,137.5583867757881,137.5830083959256,135.84300125602638,137.41064453125,2713700,0.0,0.0
2016-10-14 00:00:00-04:00,140.8413717538258,141.9493819849659,138.79769007050328,139.9549560546875,5282300,0.0,0.0
2016-10-17 00:00:00-04:00,139.93857439029853,140.57055855547517,138.2560259764642,138.7074432373047,3061400,0.0,0.0
2016-10-18 00:00:00-04:00,141.1779067840097,142.37621326814937,140.4310300786949,141.68678283691406,4482500,0.0,0.0
2016-10-19 00:00:00-04:00,142.29418364220777,144.19012426672822,142.13823830534798,143.22984313964844,3676000,0.0,0.0
2016-10-20 00:00:00-04:00,142.81126291206536,144.28040774997768,142.64711453989852,143.22984313964844,2471100,0.0,0.0
2016-10-21 00:00:00-04:00,141.85911792486547,143.5498691559532,141.58826760283995,143.36109924316406,2004400,0.0,0.0
2016-10-24 00:00:00-04:00,144.04238993142957,144.28040318498304,143.09852742854542,143.73049926757812,1943200,0.0,0.0
2016-10-25 00:00:00-04:00,143.66481187737008,144.4199167739068,143.33651520178358,144.08340454101562,2423300,0.0,0.0
2016-10-26 00:00:00-04:00,143.45958670928215,146.01213216018954,142.75373776557976,145.33091735839844,2533800,0.0,0.0
2016-10-27 00:00:00-04:00,146.25018718239815,146.79188793890555,144.9205694379843,145.88905334472656,3021900,0.0,0.0
2016-10-28 00:00:00-04:00,146.51290333738416,146.51290333738416,144.0096117546021,145.3884735107422,2042800,0.0,0.0
2016-10-31 00:00:00-04:00,145.8315811774331,146.5046055448198,145.46224434046619,146.2912139892578,1828200,0.0,0.0
2016-11-01 00:00:00-04:00,146.9149739402571,147.06270365685958,144.9533722751877,146.14346313476562,2900600,0.0,0.0
2016-11-02 00:00:00-04:00,145.33099192547826,145.6839103165503,144.51023750115965,144.92881774902344,2104800,0.0,0.0
2016-11-03 00:00:00-04:00,145.08471186426664,146.06961432093777,144.62509155273438,144.62509155273438,1972700,0.0,0.0
2016-11-04 00:00:00-04:00,144.7235819119898,145.55253910148033,143.41037025216298,144.38706970214844,1846500,0.0,0.0
2016-11-07 00:00:00-05:00,146.91503314465,148.96691908242445,146.91503314465,148.95050048828125,3338800,0.0,0.0
2016-11-08 00:00:00-05:00,147.8260366613937,149.93536840308636,146.4717972665449,149.3115997314453,2646200,0.0,0.0
2016-11-09 00:00:00-05:00,151.83952448471982,158.84875972617445,150.5673529910508,158.1018829345703,7823800,0.0,0.0
2016-11-10 00:00:00-05:00,159.66131985306288,167.98376727001533,159.2263211117168,164.86489868164062,11345400,0.0,0.0
2016-11-11 00:00:00-05:00,162.71453448273797,168.25462582073789,162.71453448273797,167.38462829589844,6290200,0.0,0.0
2016-11-14 00:00:00-05:00,167.55698588761456,173.81114219034944,167.55698588761456,171.6853790283203,8248100,0.0,0.0
2016-11-15 00:00:00-05:00,169.53501686973533,173.34331656036863,168.3941688219127,173.33511352539062,4893800,0.0,0.0
2016-11-16 00:00:00-05:00,170.1834196019528,170.78256677123426,168.1151151318539,169.28878784179688,5276200,0.0,0.0
2016-11-17 00:00:00-05:00,169.28878268307605,172.10397653210651,168.80454063668319,172.0547332763672,3572400,0.0,0.0
2016-11-18 00:00:00-05:00,172.2516893458175,174.0573587033212,172.12858121858585,172.64566040039062,4278200,0.0,0.0
2016-11-21 00:00:00-05:00,173.55670264046282,173.74547261504762,171.68537139171463,173.24481201171875,2860200,0.0,0.0
2016-11-22 00:00:00-05:00,173.4745671635555,173.9588090212774,172.26805777315533,173.26937866210938,2945700,0.0,0.0
2016-11-23 00:00:00-05:00,173.5895093542106,175.15715284626881,171.84129894035956,174.2543182373047,3717400,0.0,0.0
2016-11-25 00:00:00-05:00,173.4746244986387,174.61547244279217,173.17915245795135,173.4910430908203,1974000,0.0,0.0
2016-11-28 00:00:00-05:00,172.3583914052289,173.80291436751594,172.03009471680053,172.64566040039062,3297400,0.0,0.0
2016-11-29 00:00:00-05:00,172.8843738787413,175.2966313003843,172.82673698128008,174.3333740234375,2577600,0.65,0.0
2016-11-30 00:00:00-05:00,177.17372976904298,181.75950572846398,176.9843747436856,180.541015625,6507900,0.0,0.0
2016-12-01 00:00:00-05:00,181.89125124152466,187.02040767622677,181.41374937745005,186.5840606689453,7606500,0.0,0.0
2016-12-02 00:00:00-05:00,186.06539828438363,186.27122284000794,182.13003378584938,183.8918914794922,5297400,0.0,0.0
2016-12-05 00:00:00-05:00,185.67024769885748,188.69997960156178,185.4397251655011,188.1648406982422,4599300,0.0,0.0
2016-12-06 00:00:00-05:00,189.50678303757388,191.55680017968083,187.62966405355016,190.4947509765625,5259300,0.0,0.0
2016-12-07 00:00:00-05:00,189.68788995388908,194.37245846749659,189.68788995388908,193.9361114501953,6595200,0.0,0.0
2016-12-08 00:00:00-05:00,195.02287327528495,199.58393958023504,194.29836687033415,198.78533935546875,7343700,0.0,0.0
2016-12-09 00:00:00-05:00,198.09382107605524,199.2382053065127,196.6695184151345,199.11471557617188,5456000,0.0,0.0
2016-12-12 00:00:00-05:00,198.0032116351018,199.92149789566102,194.60298614293745,195.26162719726562,5022000,0.0,0.0
2016-12-13 00:00:00-05:00,196.76826303682967,197.73974884942237,193.894947895077,196.3977813720703,4680500,0.0,0.0
2016-12-14 00:00:00-05:00,194.02665968262707,200.16022795073118,193.77966774271354,197.53390502929688,6172400,0.0,0.0
2016-12-15 00:00:00-05:00,199.64163052356503,202.17739106477487,198.92535238385722,200.06150817871094,4829700,0.0,0.0
2016-12-16 00:00:00-05:00,199.8968142622218,200.217900071839,196.2742944854149,196.68594360351562,6876400,0.0,0.0
2016-12-19 00:00:00-05:00,196.22497178791636,197.37759728601736,194.5125093104105,196.82598876953125,3743300,0.0,0.0
2016-12-20 00:00:00-05:00,198.0197043099072,200.5966193640916,197.78094077551228,200.1355743408203,4487700,0.0,0.0
2016-12-21 00:00:00-05:00,199.43577123494356,199.56748940651426,197.65744401212964,198.77713012695312,3277800,0.0,0.0
2016-12-22 00:00:00-05:00,198.60419953928172,199.94617947846697,197.2210647446261,197.69033813476562,2636500,0.0,0.0
2016-12-23 00:00:00-05:00,197.2128442838796,199.15582852836513,196.6941749630761,198.39016723632812,2187500,0.0,0.0
2016-12-27 00:00:00-05:00,199.19701661328241,199.7239270107211,197.92090176498303,198.8759307861328,1998200,0.0,0.0
2016-12-28 00:00:00-05:00,200.6295116718338,201.29638110844564,197.95379290454363,198.12667846679688,3053000,0.0,0.0
2016-12-29 00:00:00-05:00,198.20906811129524,198.47252960048397,194.82531155505583,196.0931854248047,2619000,0.0,0.0
2016-12-30 00:00:00-05:00,196.36489146059236,198.00325975404323,195.4510297592261,197.1387939453125,2355500,0.0,0.0
2017-01-03 00:00:00-05:00,199.81448904143744,201.68337964517482,195.9202917140763,198.88417053222656,4384200,0.0,0.0
2017-01-04 00:00:00-05:00,198.7771116352992,200.32491621070886,197.61625820374195,200.16848754882812,2728700,0.0,0.0
2017-01-05 00:00:00-05:00,199.83092658597096,200.25080411704477,194.94053359891004,198.67831420898438,3562600,0.0,0.0
2017-01-06 00:00:00-05:00,199.47693862543983,202.69603797805215,198.71950570056663,201.62574768066406,3591100,0.0,0.0
2017-01-09 00:00:00-05:00,200.2673046284156,201.4528561498905,198.80183470951877,199.97091674804688,3022800,0.0,0.0
2017-01-10 00:00:00-05:00,198.3078869049059,200.42376987965332,196.8094903092508,199.70750427246094,3432900,0.0,0.0
2017-01-11 00:00:00-05:00,199.8720869103694,202.3996055910836,199.23814384426498,202.333740234375,3532600,0.0,0.0
2017-01-12 00:00:00-05:00,201.7574613401774,202.09501662799047,198.8841585702255,200.75303649902344,4022300,0.0,0.0
2017-01-13 00:00:00-05:00,202.062062769446,203.98859002463007,199.9873604369909,201.13174438476562,4186100,0.0,0.0
2017-01-17 00:00:00-05:00,200.01206453103762,200.11085629394668,193.97728728351893,194.08432006835938,6277200,0.0,0.0
2017-01-18 00:00:00-05:00,194.298363553604,195.6897394382092,190.6099913561973,192.89051818847656,7590500,0.0,0.0
2017-01-19 00:00:00-05:00,192.7094159268055,193.2692526734366,189.8690270834949,190.51943969726562,4561800,0.0,0.0
2017-01-20 00:00:00-05:00,190.69234632310457,192.01785707537894,189.80318266047314,191.16986083984375,5211800,0.0,0.0
2017-01-23 00:00:00-05:00,190.88993887776923,192.44597211773853,189.97607728841996,191.5568084716797,3136200,0.0,0.0
2017-01-24 00:00:00-05:00,190.88990956356338,194.34775928109417,190.05014193304513,192.3883056640625,4448200,0.0,0.0
2017-01-25 00:00:00-05:00,193.91145576654222,195.3933952815067,193.05523102597144,195.32752990722656,3716800,0.0,0.0
2017-01-26 00:00:00-05:00,195.5086288317526,198.24197238297108,195.5086288317526,197.24578857421875,4195600,0.0,0.0
2017-01-27 00:00:00-05:00,195.03936845985308,195.92030369894064,194.3066334520061,195.08053588867188,3253100,0.0,0.0
2017-01-30 00:00:00-05:00,193.95262098565235,194.53715576160747,190.61003179487153,192.56947326660156,3803300,0.0,0.0
2017-01-31 00:00:00-05:00,191.70497801804856,192.93992523509624,187.84370770940757,188.79873657226562,5156400,0.0,0.0
2017-02-01 00:00:00-05:00,189.77848654219522,191.71324257151304,188.963429265511,189.91021728515625,4024500,0.0,0.0
2017-02-02 00:00:00-05:00,188.13186239669082,191.27686747108712,186.92985409013997,189.69613647460938,2775700,0.0,0.0
2017-02-03 00:00:00-05:00,193.07988664259284,198.50541846382194,192.8164252032302,198.37368774414062,7381000,0.0,0.0
2017-02-06 00:00:00-05:00,197.2622285087334,200.59657574213463,196.90820379550723,197.5750732421875,4639200,0.0,0.0
2017-02-07 00:00:00-05:00,198.53836232273093,198.77712584346776,197.08936196640414,197.27871704101562,2660200,0.0,0.0
2017-02-08 00:00:00-05:00,196.19201867977657,196.71892917327614,194.55365027907243,195.7227325439453,2744700,0.0,0.0
2017-02-09 00:00:00-05:00,195.72268575448481,200.3002219279324,195.46746531181574,198.86769104003906,3550800,0.0,0.0
2017-02-10 00:00:00-05:00,200.36610200141422,201.0165146893776,198.6042441529034,199.83096313476562,3072800,0.0,0.0
2017-02-13 00:00:00-05:00,201.28820738825533,203.74986128356176,201.28820738825533,202.75367736816406,2998200,0.0,0.0
2017-02-14 00:00:00-05:00,202.53958552706462,205.82454986542893,202.2761366357543,205.37997436523438,4141500,0.0,0.0
2017-02-15 00:00:00-05:00,206.30208874716948,207.43000339392472,204.5978552425493,206.26914978027344,4296600,0.0,0.0
2017-02-16 00:00:00-05:00,206.07156241536555,206.46674207305904,204.54022710895157,205.363525390625,2286300,0.0,0.0
2017-02-17 00:00:00-05:00,203.77448578957808,206.28554723082192,203.44517161082146,206.13735961914062,3262300,0.0,0.0
2017-02-21 00:00:00-05:00,206.64787264559564,208.00630981127978,206.40912166686715,207.27357482910156,2794900,0.0,0.0
2017-02-22 00:00:00-05:00,205.874009713191,207.75937021076544,205.82461381588115,207.24891662597656,2378800,0.0,0.0
2017-02-23 00:00:00-05:00,206.90303674388056,207.38877959200929,205.26468161840705,206.8042449951172,2594700,0.0,0.0
2017-02-24 00:00:00-05:00,203.93095382829583,204.90245219965902,202.61368429619404,203.64280700683594,3565400,0.0,0.0
2017-02-27 00:00:00-05:00,203.52754586189826,205.62694614257313,203.03356193554353,205.27293395996094,2372600,0.0,0.0
2017-02-28 00:00:00-05:00,204.71164443810184,205.53709461728772,202.73881901366235,204.76116943359375,3627100,0.65,0.0
2017-03-01 00:00:00-05:00,209.4249679915518,210.61360565521304,207.4026050005047,208.59951782226562,5218300,0.0,0.0
2017-03-02 00:00:00-05:00,209.2681775019417,209.86250276510233,207.16327657786218,207.23756408691406,3020000,0.0,0.0
2017-03-03 00:00:00-05:00,207.23754762799715,210.28346121094413,207.23754762799715,208.7481231689453,3163700,0.0,0.0
2017-03-06 00:00:00-05:00,208.15380358838533,208.61605374767433,206.77530307930132,208.021728515625,2467000,0.0,0.0
2017-03-07 00:00:00-05:00,208.41792890291816,208.8389039773929,206.61844088822377,207.10545349121094,2497300,0.0,0.0
2017-03-08 00:00:00-05:00,209.35069760729468,210.29997299388248,206.040646493148,206.56068420410156,3574400,0.0,0.0
2017-03-09 00:00:00-05:00,207.36959891309272,208.62428673569764,205.96633610122464,206.51112365722656,3061500,0.0,0.0
2017-03-10 00:00:00-05:00,207.8813648251146,207.93088981934906,203.7788765310945,205.0253143310547,3365900,0.0,0.0
2017-03-13 00:00:00-04:00,205.80124471313252,205.80124471313252,204.05954433129702,204.84371948242188,1801100,0.0,0.0
2017-03-14 00:00:00-04:00,203.72935185830625,204.57131454773028,202.5737266731124,204.4805145263672,2144200,0.0,0.0
2017-03-15 00:00:00-04:00,205.0006140665199,206.59372730974698,202.69760037252615,203.70465087890625,3427000,0.0,0.0
2017-03-16 00:00:00-04:00,204.58780649635705,206.5276066188889,204.14205640164568,204.89321899414062,2940600,0.0,0.0
2017-03-17 00:00:00-04:00,206.09842830264716,206.09842830264716,201.2943140259517,201.3603515625,5438100,0.0,0.0
2017-03-20 00:00:00-04:00,200.84854950821477,202.17751224394215,199.3627366232341,199.87451171875,2759100,0.0,0.0
2017-03-21 00:00:00-04:00,200.84023669441612,200.84023669441612,192.15649920188454,192.32984924316406,5660900,0.0,0.0
2017-03-22 00:00:00-04:00,190.86062891929353,192.26389198040164,189.16020323150832,190.73681640625,6291300,0.0,0.0
2017-03-23 00:00:00-04:00,190.47264278022382,193.67539374026487,189.81228006949553,191.42190551757812,4770700,0.0,0.0
2017-03-24 00:00:00-04:00,192.32982766206442,192.90764007588155,187.35236574779563,188.541015625,6387300,0.0,0.0
2017-03-27 00:00:00-04:00,184.32303737642093,187.4349882448722,182.30068684847092,186.1225128173828,9194800,0.0,0.0
2017-03-28 00:00:00-04:00,186.2050831758736,189.64720947070904,185.80887055221464,189.30052185058594,4471200,0.0,0.0
2017-03-29 00:00:00-04:00,189.3499912439488,189.82875379647462,187.80640364201406,188.57406616210938,2636000,0.0,0.0
2017-03-30 00:00:00-04:00,189.4242926809576,191.5044305393819,189.34175522501573,190.86058044433594,3156800,0.0,0.0
2017-03-31 00:00:00-04:00,190.29103391249288,190.5139089935645,188.80522103096607,189.62242126464844,2858400,0.0,0.0
2017-04-03 00:00:00-04:00,189.8535493511116,189.9360994107169,186.19681094634424,188.99508666992188,3735600,0.0,0.0
2017-04-04 00:00:00-04:00,187.97150339005995,190.42309126786262,187.6083033199604,189.24269104003906,3042700,0.0,0.0
2017-04-05 00:00:00-04:00,191.62827599689135,192.23911373374906,187.6330996951646,187.92201232910156,5286900,0.0,0.0
2017-04-06 00:00:00-04:00,187.4514762300899,189.95258923953074,186.3123635594441,188.73092651367188,2927200,0.0,0.0
2017-04-07 00:00:00-04:00,187.04698634512667,188.88773642969704,186.7415612618139,188.1035614013672,2853300,0.0,0.0
2017-04-10 00:00:00-04:00,188.2026058403917,189.68015584428207,187.3358807944216,188.937255859375,2653900,0.0,0.0
2017-04-11 00:00:00-04:00,188.02103431465054,189.3582595282366,186.04820895833603,187.98802185058594,3374700,0.0,0.0
2017-04-12 00:00:00-04:00,187.91374841983432,188.4090236186453,185.916160283274,186.34539794921875,2947500,0.0,0.0
2017-04-13 00:00:00-04:00,185.87487918943762,188.34297994392085,184.14144124086957,184.3395538330078,3653700,0.0,0.0
2017-04-17 00:00:00-04:00,184.81826424988031,187.27811450871226,184.09187675857422,186.76632690429688,4190900,0.0,0.0
2017-04-18 00:00:00-04:00,181.03777055493464,181.50827068859024,175.96949348942945,177.95883178710938,12464000,0.0,0.0
2017-04-19 00:00:00-04:00,178.18994253627852,179.27128035519016,176.32442949410336,176.72064208984375,6428800,0.0,0.0
2017-04-20 00:00:00-04:00,177.88448478669463,180.75704741803193,177.47175976398768,179.9976348876953,5168200,0.0,0.0
2017-04-21 00:00:00-04:00,180.4020771578133,180.92210202706383,178.61085239624842,179.00706481933594,3845700,0.0,0.0
2017-04-24 00:00:00-04:00,182.57309335864872,185.56948201181936,181.84670565134383,184.25701904296875,5353500,0.0,0.0
2017-04-25 00:00:00-04:00,186.71681198878025,188.18611217400652,185.85008685594318,187.07176208496094,3996900,0.0,0.0
2017-04-26 00:00:00-04:00,187.45972478909883,189.32523750107663,186.62601211798574,186.71681213378906,3765300,0.0,0.0
2017-04-27 00:00:00-04:00,187.1295475949767,187.1295475949767,184.5046221481972,186.3948974609375,2805800,0.0,0.0
2017-04-28 00:00:00-04:00,185.98217349803917,187.1873362733667,184.66971076678414,184.73574829101562,2936600,0.0,0.0
2017-05-01 00:00:00-04:00,185.64372519786988,186.8736503993956,182.36668724476684,185.6024627685547,3004800,0.0,0.0
2017-05-02 00:00:00-04:00,185.61075062053322,186.41968836890868,184.223987599375,185.8253631591797,2602400,0.0,0.0
2017-05-03 00:00:00-04:00,185.2722945729436,187.1213075523031,185.1649946119681,186.80763244628906,3042200,0.0,0.0
2017-05-04 00:00:00-04:00,188.4172115295587,188.93724905749258,185.56941156278083,187.03871154785156,2935400,0.0,0.0
2017-05-05 00:00:00-04:00,187.27812950569495,187.7651420594563,185.9739167889845,187.26986694335938,2435800,0.0,0.0
2017-05-08 00:00:00-04:00,187.17084354801327,187.65785617096026,185.39613055472526,185.75106811523438,2316800,0.0,0.0
2017-05-09 00:00:00-04:00,186.11422287449213,187.0222229632162,184.01757270429957,184.70269775390625,2145400,0.0,0.0
2017-05-10 00:00:00-04:00,184.4551052818416,186.01520563951595,184.12491764811375,185.6272430419922,2630400,0.0,0.0
2017-05-11 00:00:00-04:00,185.1897427418928,185.8005677804809,183.37374236941605,185.52816772460938,2440300,0.0,0.0
2017-05-12 00:00:00-04:00,184.47988427259094,185.30533453765094,183.6461714438426,183.9268341064453,2166100,0.0,0.0
2017-05-15 00:00:00-04:00,184.1827251616377,187.0222761424825,183.95160009067328,185.8253631591797,2468100,0.0,0.0
2017-05-16 00:00:00-04:00,186.08951306712706,187.22863848360933,185.2393002866827,186.22158813476562,1710700,0.0,0.0
2017-05-17 00:00:00-04:00,186.22155871300146,186.22155871300146,175.91993178147104,176.4152069091797,7525700,0.0,0.0
2017-05-18 00:00:00-04:00,176.64632615370303,179.62620159870878,176.53076364040788,177.60385131835938,4792400,0.0,0.0
2017-05-19 00:00:00-04:00,177.3644788039282,179.78305441716358,176.64634116708518,177.79371643066406,3747100,0.0,0.0
2017-05-22 00:00:00-04:00,179.42813211359015,179.65100722680089,177.8019939747836,178.31378173828125,2506100,0.0,0.0
2017-05-23 00:00:00-04:00,178.27250919366728,182.25117324395643,177.19117127410394,181.30191040039062,3308800,0.0,0.0
2017-05-24 00:00:00-04:00,181.59905263665235,185.23102865123695,181.1450524859865,184.76052856445312,4141600,0.0,0.0
2017-05-25 00:00:00-04:00,185.23931513937066,186.0977779571105,183.49761440577197,183.637939453125,2640000,0.0,0.0
2017-05-26 00:00:00-04:00,183.25816030291318,185.09066041391046,182.5730352528225,184.51284790039062,1787100,0.0,0.0
2017-05-30 00:00:00-04:00,183.72605863408864,184.23127887922772,180.56221747717166,180.90179443359375,3097800,0.75,0.0
2017-05-31 00:00:00-04:00,180.75266500397308,180.80235671189365,173.61332387218198,174.97161865234375,8312000,0.0,0.0
2017-06-01 00:00:00-04:00,176.0898002591817,178.83951446822778,174.58241713857637,178.07754516601562,4057900,0.0,0.0
2017-06-02 00:00:00-04:00,176.36311492664026,178.2431986112366,175.51003992426996,176.6695556640625,3692000,0.0,0.0
2017-06-05 00:00:00-04:00,176.47902043895635,178.74008186029343,176.1477212870761,177.2327117919922,2696600,0.0,0.0
2017-06-06 00:00:00-04:00,176.00692096406834,178.91401252385657,175.9820751078112,177.67994689941406,2891300,0.0,0.0
2017-06-07 00:00:00-04:00,178.37570926788703,179.916216003422,177.49778838464835,178.7152862548828,2679400,0.0,0.0
2017-06-08 00:00:00-04:00,178.71527617881077,183.03863314001765,177.7628177583046,181.1833953857422,3765600,0.0,0.0
2017-06-09 00:00:00-04:00,182.8978281495538,185.3990834946407,182.00333923201728,184.2312774658203,4455400,0.0,0.0
2017-06-12 00:00:00-04:00,185.21686760764524,186.5420265129382,183.7923126220703,183.7923126220703,3388200,0.0,0.0
2017-06-13 00:00:00-04:00,184.9849776794666,187.84236559540435,184.50460327678144,185.68896484375,2767800,0.0,0.0
2017-06-14 00:00:00-04:00,184.6868605222155,187.95836380699185,183.66812935993593,187.6022186279297,3652900,0.0,0.0
2017-06-15 00:00:00-04:00,186.19419317302678,187.46967314106763,184.52945713127227,184.88558959960938,3378900,0.0,0.0
2017-06-16 00:00:00-04:00,184.40518198389788,185.24997910333983,183.14628300180314,183.70947265625,3758300,0.0,0.0
2017-06-19 00:00:00-04:00,185.05126168191788,188.04116988366695,184.7862348843657,187.28749084472656,2900900,0.0,0.0
2017-06-20 00:00:00-04:00,186.7739209815483,187.62699585761396,185.68066525129123,186.43435668945312,2264200,0.0,0.0
2017-06-21 00:00:00-04:00,185.97053389849555,186.2935427026358,183.80885570531973,184.27267456054688,3015300,0.0,0.0
2017-06-22 00:00:00-04:00,183.403023049761,183.78400129446956,181.62232320188167,182.01988220214844,3344600,0.0,0.0
2017-06-23 00:00:00-04:00,182.62453905375978,182.7819046241947,179.27849863806685,179.8831024169922,4448700,0.0,0.0
2017-06-26 00:00:00-04:00,180.76926794174878,183.84200327852045,180.30546169569396,182.57481384277344,2589500,0.0,0.0
2017-06-27 00:00:00-04:00,183.7343572691452,184.20645396533573,181.84599575993167,182.44232177734375,2899400,0.0,0.0
2017-06-28 00:00:00-04:00,183.75920488319923,186.0451255176376,182.8315922418471,184.8773193359375,3482800,0.0,0.0
2017-06-29 00:00:00-04:00,189.14266448900068,189.4905191741753,184.7199243860732,185.86288452148438,5063400,0.0,0.0
2017-06-30 00:00:00-04:00,186.60826029820862,187.22115426290964,183.4858336583619,183.78399658203125,3154300,0.0,0.0
2017-07-03 00:00:00-04:00,185.90429931728568,189.7224357678123,185.04293402260245,188.23989868164062,2846600,0.0,0.0
2017-07-05 00:00:00-04:00,189.1509464590186,189.59818456642623,186.52546199842828,188.8693389892578,2772000,0.0,0.0
2017-07-06 00:00:00-04:00,188.81139877168408,190.54239464777214,186.55861449133286,187.7512664794922,3076600,0.0,0.0
2017-07-07 00:00:00-04:00,189.02672363064315,189.24207128444908,185.87117278709195,186.5834503173828,2697600,0.0,0.0
2017-07-10 00:00:00-04:00,185.74694335743578,188.28960011679612,185.49019435908508,187.04725646972656,2357500,0.0,0.0
2017-07-11 00:00:00-04:00,187.21290696943748,188.79482764067518,186.0782371055168,187.9665985107422,2742900,0.0,0.0
2017-07-12 00:00:00-04:00,187.51108796176788,189.68105708418364,187.237783443895,188.33103942871094,2567300,0.0,0.0
2017-07-13 00:00:00-04:00,188.33099457352952,191.02273886310638,187.96657178612793,190.82395935058594,2852600,0.0,0.0
2017-07-14 00:00:00-04:00,188.19023063376406,190.16969781947023,186.43438885970102,189.33319091796875,3703600,0.0,0.0
2017-07-17 00:00:00-04:00,189.44083086548792,190.19452234916193,188.18193178344794,189.87979125976562,2551800,0.0,0.0
2017-07-18 00:00:00-04:00,188.4220942156951,190.79082961991753,184.49628427452643,184.95181274414062,6400700,0.0,0.0
2017-07-19 00:00:00-04:00,184.6205233210178,185.6889331350854,183.59351484536455,184.58738708496094,4884600,0.0,0.0
2017-07-20 00:00:00-04:00,184.69509905960422,186.1527778030321,183.54386105528175,184.11534118652344,3497800,0.0,0.0
2017-07-21 00:00:00-04:00,183.77575916917704,184.1236138834945,181.45671510262048,182.35948181152344,3446600,0.0,0.0
2017-07-24 00:00:00-04:00,181.3324803899225,181.9867758154658,180.55394301725394,180.70301818847656,3123100,0.0,0.0
2017-07-25 00:00:00-04:00,182.49198860524496,184.58740712242923,182.35946892217441,183.5189971923828,3509500,0.0,0.0
2017-07-26 00:00:00-04:00,184.23954159063388,185.30796409557868,183.75916724610147,184.0738983154297,2792500,0.0,0.0
2017-07-27 00:00:00-04:00,183.73435074225486,184.4549186930657,182.56654461315958,183.43618774414062,2812500,0.0,0.0
2017-07-28 00:00:00-04:00,183.67639394070923,185.25002437175192,182.92270233269656,185.20033264160156,2483200,0.0,0.0
2017-07-31 00:00:00-04:00,185.4819328114223,186.76569064049735,184.7365315624239,186.62489318847656,1994900,0.0,0.0
2017-08-01 00:00:00-04:00,188.08256371707822,189.3497533667094,187.78440070317828,188.00802612304688,2986800,0.0,0.0
2017-08-02 00:00:00-04:00,187.51104252510854,188.61258862327404,186.82362356908803,187.40338134765625,1863300,0.0,0.0
2017-08-03 00:00:00-04:00,187.17979654358018,187.792690692481,185.49849230246292,185.5150604248047,2106400,0.0,0.0
2017-08-04 00:00:00-04:00,187.22115738929378,190.3187255859375,186.4012061760682,190.3187255859375,3400300,0.0,0.0
2017-08-07 00:00:00-04:00,190.32706189906327,193.0850664952616,189.90465694283108,192.9111328125,3809800,0.0,0.0
2017-08-08 00:00:00-04:00,192.48043962170388,195.32127203345559,191.90068177372598,192.19056701660156,3322500,0.0,0.0
2017-08-09 00:00:00-04:00,190.75775609848108,191.72678274944485,189.71417921453954,191.3292236328125,2571100,0.0,0.0
2017-08-10 00:00:00-04:00,189.68102538618496,190.03715782059757,186.740809656469,186.76565551757812,3325500,0.0,0.0
2017-08-11 00:00:00-04:00,186.40953440309542,187.74297115616864,184.40520880824457,185.64755249023438,2956600,0.0,0.0
2017-08-14 00:00:00-04:00,187.48621624863895,190.35189447883914,187.42824678361316,188.30616760253906,2266100,0.0,0.0
2017-08-15 00:00:00-04:00,190.13654565510942,190.99789829099853,188.42210548631215,188.49664306640625,1867000,0.0,0.0
2017-08-16 00:00:00-04:00,189.05156778335837,189.67273960167833,186.35154549599247,186.8567657470703,2393900,0.0,0.0
2017-08-17 00:00:00-04:00,185.8380072307766,187.16316590668788,183.12969515124152,183.38644409179688,3460300,0.0,0.0
2017-08-18 00:00:00-04:00,182.86466645886145,185.59782455353505,182.66589959669895,183.99105834960938,3149300,0.0,0.0
2017-08-21 00:00:00-04:00,184.1981343249042,184.1981343249042,181.55609429035303,182.86468505859375,2203300,0.0,0.0
2017-08-22 00:00:00-04:00,183.7508906331536,185.3410888328613,183.3119302641715,185.17544555664062,2021300,0.0,0.0
2017-08-23 00:00:00-04:00,183.78399914588815,186.19414842602345,183.31191521552552,184.47972106933594,2568000,0.0,0.0
2017-08-24 00:00:00-04:00,185.3328004234264,185.99538612793856,184.3554836657724,184.68678283691406,2263000,0.0,0.0
2017-08-25 00:00:00-04:00,185.22517592976652,186.31015414887003,183.9745543998748,184.2561492919922,2232500,0.0,0.0
2017-08-28 00:00:00-04:00,184.62055442204817,184.76962959610367,181.2662239902928,182.5002899169922,2641600,0.0,0.0
2017-08-29 00:00:00-04:00,180.5639065366488,182.94073201990645,179.3006953064241,182.79945373535156,2369100,0.75,0.0
2017-08-30 00:00:00-04:00,183.04047818830796,186.33977862801586,182.90750589852644,184.8438720703125,2411400,0.0,0.0
2017-08-31 00:00:00-04:00,185.53361886445668,186.56413490727206,184.97681176516448,185.9408416748047,2240600,0.0,0.0
2017-09-01 00:00:00-04:00,186.61400632872673,189.11548540382896,185.7663239365226,187.7193145751953,2346900,0.0,0.0
2017-09-05 00:00:00-04:00,186.03227358236114,186.1569271665722,180.58884304197318,180.9877471923828,5646200,0.0,0.0
2017-09-06 00:00:00-04:00,181.9850356792011,183.68040071288848,180.8464905374252,181.86038208007812,3613600,0.0,0.0
2017-09-07 00:00:00-04:00,181.7772754178143,181.8437615658581,178.37825194004358,179.37551879882812,3594600,0.0,0.0
2017-09-08 00:00:00-04:00,179.1012602121826,182.2343516390939,179.00984334781324,180.51406860351562,3120900,0.0,0.0
2017-09-11 00:00:00-04:00,182.89086880482057,184.4033871807296,181.99332499322162,183.71360778808594,2971500,0.0,0.0
2017-09-12 00:00:00-04:00,184.94358636301857,189.22354139004156,184.51144546268972,187.77749633789062,3745800,0.0,0.0
2017-09-13 00:00:00-04:00,187.1957858202367,188.7664846923566,186.75532616219346,188.2844696044922,2383500,0.0,0.0
2017-09-14 00:00:00-04:00,187.9021583608799,189.5642738256168,187.86060293807455,188.52545166015625,1986600,0.0,0.0
2017-09-15 00:00:00-04:00,188.77475746856615,188.82463158413233,186.00734639903519,187.1708221435547,4365800,0.0,0.0
2017-09-18 00:00:00-04:00,188.06836347411584,190.31221676882782,187.5364870436587,189.09056091308594,2466800,0.0,0.0
2017-09-19 00:00:00-04:00,189.4894823960012,191.25963954905967,188.92436918486518,190.23744201660156,1858000,0.0,0.0
2017-09-20 00:00:00-04:00,190.7277031195622,192.51447173654495,189.89664558962946,190.9687042236328,2682300,0.0,0.0
2017-09-21 00:00:00-04:00,191.0518563104411,192.8884994278619,190.64463346769085,192.21533203125,1800800,0.0,0.0
2017-09-22 00:00:00-04:00,191.67515556858487,192.3815597159867,190.21249851954582,191.999267578125,1861800,0.0,0.0
2017-09-25 00:00:00-04:00,191.78323790972405,192.6890879904113,189.78038529830786,191.35939025878906,2261800,0.0,0.0
2017-09-26 00:00:00-04:00,191.8579858878922,192.3400008875597,190.33714873745876,191.09341430664062,1770000,0.0,0.0
2017-09-27 00:00:00-04:00,194.5257170878738,195.79723458423567,193.5616869381937,195.09913635253906,3072100,0.0,0.0
2017-09-28 00:00:00-04:00,195.29856506340624,196.29583179562823,194.05197847789515,195.6891632080078,2121800,0.0,0.0
2017-09-29 00:00:00-04:00,195.30686368665002,197.45931274704455,194.9412089540519,197.1185760498047,1902300,0.0,0.0
2017-10-02 00:00:00-04:00,197.12685715612176,200.36798935490046,197.04375900595764,199.99400329589844,2501300,0.0,0.0
2017-10-03 00:00:00-04:00,200.3431297256081,201.7060641450208,199.19626579040505,200.80020141601562,2010800,0.0,0.0
2017-10-04 00:00:00-04:00,200.80015510312742,201.8472959088635,199.55356856748656,199.7114715576172,1840400,0.0,0.0
2017-10-05 00:00:00-04:00,200.28491637121857,204.7061496576311,199.553581498354,204.4900665283203,3521300,0.0,0.0
2017-10-06 00:00:00-04:00,204.6895127670242,205.33773675449856,203.2850232338518,204.45681762695312,2396100,0.0,0.0
2017-10-09 00:00:00-04:00,203.73377003054983,204.73104931714198,201.13256830860297,201.78079223632812,2165200,0.0,0.0
2017-10-10 00:00:00-04:00,201.7808025017695,202.55368003917178,200.86663400286338,201.61459350585938,2187100,0.0,0.0
2017-10-11 00:00:00-04:00,201.11594627848575,202.11321289739905,200.57576389184652,201.4483642578125,2175700,0.0,0.0
2017-10-12 00:00:00-04:00,201.3902184459488,202.29606831569012,198.41503029200473,199.2876434326172,2148200,0.0,0.0
2017-10-13 00:00:00-04:00,198.6228064171227,198.99677987628172,196.82771859603724,198.23220825195312,2491000,0.0,0.0
2017-10-16 00:00:00-04:00,198.29036782000549,201.74755813651984,198.08260339969152,201.45669555664062,2969200,0.0,0.0
2017-10-17 00:00:00-04:00,203.14372771483863,203.5177011095907,195.45644468998805,196.2043914794922,7088400,0.0,0.0
2017-10-18 00:00:00-04:00,196.85262383115565,201.65613609062336,196.85262383115565,201.14088439941406,4235900,0.0,0.0
2017-10-19 00:00:00-04:00,199.74473794184206,200.27661440167958,197.87485797946925,199.445556640625,2710900,0.0,0.0
2017-10-20 00:00:00-04:00,201.90549894850986,203.81693450966029,200.01068809476038,203.38478088378906,3022800,0.0,0.0
2017-10-23 00:00:00-04:00,203.1022002061124,203.8833965092571,200.60072097834745,201.22401428222656,1963300,0.0,0.0
2017-10-24 00:00:00-04:00,202.44567751295898,204.64797552747962,201.9470377794012,203.47618103027344,2285300,0.0,0.0
2017-10-25 00:00:00-04:00,204.5731738444498,204.8557304292037,200.11870390475588,200.87496948242188,2904300,0.0,0.0
2017-10-26 00:00:00-04:00,201.6229264317886,202.77809622682696,200.72538251694124,200.88328552246094,1948800,0.0,0.0
2017-10-27 00:00:00-04:00,200.1602593274396,201.48163807461341,199.17960461202924,200.87496948242188,2111500,0.0,0.0
2017-10-30 00:00:00-04:00,199.53699709243776,201.60632304631747,199.06328802578213,200.1935272216797,1764400,0.0,0.0
2017-10-31 00:00:00-04:00,200.0190465781858,202.927749770506,199.97750382019,201.51495361328125,2658700,0.0,0.0
2017-11-01 00:00:00-04:00,202.68671428964652,205.60372300482828,201.87228108398054,202.99420166015625,2969600,0.0,0.0
2017-11-02 00:00:00-04:00,203.35149057669923,205.88621884777746,202.2628071260721,205.1715087890625,2509100,0.0,0.0
2017-11-03 00:00:00-04:00,203.91664648235792,204.67291211693717,202.10494658160556,203.1105194091797,1954600,0.0,0.0
2017-11-06 00:00:00-05:00,202.36255405890736,203.2600979148438,200.84171691531515,202.354248046875,1744800,0.0,0.0
2017-11-07 00:00:00-05:00,202.70330136232974,203.59252657178263,198.48983243067403,199.29595947265625,2483900,0.0,0.0
2017-11-08 00:00:00-05:00,198.78900491199963,201.38191363218533,197.41776474068817,200.49267578125,2349800,0.0,0.0
2017-11-09 00:00:00-05:00,199.04662921688188,201.42345479454042,197.65876435132012,200.11038208007812,2122400,0.0,0.0
2017-11-10 00:00:00-05:00,200.85835781702818,202.2129860626662,199.45386813330646,199.57852172851562,1845600,0.0,0.0
2017-11-13 00:00:00-05:00,197.7668328867804,200.20182624265854,197.09367807320143,199.6782684326172,1953900,0.0,0.0
2017-11-14 00:00:00-05:00,199.16294966110914,200.18515964396644,195.822107224393,197.1601104736328,3000200,0.0,0.0
2017-11-15 00:00:00-05:00,195.27359884761222,197.9163558416235,194.09349861623622,197.46759033203125,2564100,0.0,0.0
2017-11-16 00:00:00-05:00,198.1075435648853,200.0272848712036,197.95794658103824,198.93028259277344,2304300,0.0,0.0
2017-11-17 00:00:00-05:00,198.50646563207107,198.68929936164037,197.06042050209624,197.80838012695312,2826400,0.0,0.0
2017-11-20 00:00:00-05:00,198.43997802319302,198.43997802319302,197.05211303601465,197.89979553222656,2000700,0.0,0.0
2017-11-21 00:00:00-05:00,198.96354995599435,199.11313427240435,197.4094632546552,197.80838012695312,2223800,0.0,0.0
2017-11-22 00:00:00-05:00,197.7418742565456,198.58123798152386,196.42880154831755,196.48696899414062,2177200,0.0,0.0
2017-11-24 00:00:00-05:00,197.30972963840395,198.25713496691137,195.75565570258138,196.08807373046875,1268500,0.0,0.0
2017-11-27 00:00:00-05:00,195.92186057279096,196.86095986906653,195.13235826255521,195.38998413085938,1999600,0.0,0.0
2017-11-28 00:00:00-05:00,196.20439873378731,199.45383720839817,194.7417418260618,198.96351623535156,3212900,0.0,0.0
2017-11-29 00:00:00-05:00,201.1227276267595,203.8071439105701,200.41410360172964,201.2144317626953,4500000,0.75,0.0
2017-11-30 00:00:00-05:00,203.4736518708823,209.07589730522344,203.41528891972467,206.44984436035156,6364600,0.0,0.0
2017-12-01 00:00:00-05:00,208.23392399833614,208.9842213061886,203.42364840776196,207.54197692871094,4765400,0.0,0.0
2017-12-04 00:00:00-05:00,212.49400684253857,212.50233895760414,208.42569583212983,208.95924377441406,3326100,0.0,0.0
2017-12-05 00:00:00-05:00,209.08428032625307,209.54280102344097,206.25814167367574,207.02511596679688,2526800,0.0,0.0
2017-12-06 00:00:00-05:00,205.2827716323356,206.81672037993673,204.35739802640916,205.04100036621094,2331400,0.0,0.0
2017-12-07 00:00:00-05:00,203.9321835188999,207.98381689374884,203.74877525215817,207.2168426513672,2667000,0.0,0.0
2017-12-08 00:00:00-05:00,208.83412121140458,208.98417555180885,206.08301048362497,208.70907592773438,1959100,0.0,0.0
2017-12-11 00:00:00-05:00,208.41732997733112,209.58446193689045,207.3835754411612,208.5257110595703,1494200,0.0,0.0
2017-12-12 00:00:00-05:00,209.09259645516292,215.2534248341134,208.99256020916434,214.8199005126953,3464200,0.0,0.0
2017-12-13 00:00:00-05:00,214.92830743221683,217.17088016870886,213.05255126953125,213.05255126953125,3482300,0.0,0.0
2017-12-14 00:00:00-05:00,214.36143260462353,216.3788984532172,212.98587036132812,212.98587036132812,3353200,0.0,0.0
2017-12-15 00:00:00-05:00,214.00291928475377,215.89533943500413,212.38558608817002,214.39474487304688,5283400,0.0,0.0
2017-12-18 00:00:00-05:00,216.7540572054972,218.42139610707792,216.05377791982198,216.77072143554688,2575600,0.0,0.0
2017-12-19 00:00:00-05:00,218.08790194442508,218.25462054558167,213.56940297888048,213.81951904296875,2195500,0.0,0.0
2017-12-20 00:00:00-05:00,215.81202132646052,215.9954296357655,212.21057566902692,212.73577880859375,2052400,0.0,0.0
2017-12-21 00:00:00-05:00,213.92785843086602,218.49637517380054,213.6527587669967,217.5960235595703,3337800,0.0,0.0
2017-12-22 00:00:00-05:00,218.13797409069156,218.53814462739345,214.85331407979209,215.89540100097656,2100600,0.0,0.0
2017-12-26 00:00:00-05:00,215.24512767995526,216.0871420062431,213.41938946134675,214.85330200195312,1289300,0.0,0.0
2017-12-27 00:00:00-05:00,215.07003079312037,215.07003079312037,213.01919856902708,213.37767028808594,1567900,0.0,0.0
2017-12-28 00:00:00-05:00,214.2363826498629,214.2530468797591,212.66908002616094,213.83621215820312,1301000,0.0,0.0
2017-12-29 00:00:00-05:00,213.31099369641186,213.9612548363224,210.8433392990042,212.3856201171875,2519300,0.0,0.0
2018-01-02 00:00:00-05:00,214.89492395260814,215.01164986528462,211.68530481516902,213.14422607421875,2258300,0.0,0.0
2018-01-03 00:00:00-05:00,212.98587922231445,213.53611686331095,211.10179074131494,211.16014099121094,2988200,0.0,0.0
2018-01-04 00:00:00-05:00,212.77743421983024,216.5206143493643,212.01880474496633,214.11129760742188,2583200,0.0,0.0
2018-01-05 00:00:00-05:00,214.40310772361954,214.6615432234332,211.49360942093315,213.01922607421875,2594700,0.0,0.0
2018-01-08 00:00:00-05:00,212.3772284946269,212.73570014430467,209.76783983049987,209.92623901367188,2940500,0.0,0.0
2018-01-09 00:00:00-05:00,210.75162849388062,213.08590537608848,210.6015613859117,211.70201110839844,2637300,0.0,0.0
2018-01-10 00:00:00-05:00,212.5856717733883,212.71071708023553,210.37645321386083,212.02711486816406,2927200,0.0,0.0
2018-01-11 00:00:00-05:00,213.21096278752646,213.32767600221507,210.8933627238626,212.694091796875,2422400,0.0,0.0
2018-01-12 00:00:00-05:00,213.21088910482206,214.50306613489238,211.82699523692136,214.27798461914062,2849200,0.0,0.0
2018-01-16 00:00:00-05:00,216.1287749652654,218.22961252920302,213.752812273669,215.4701690673828,4445500,0.0,0.0
2018-01-17 00:00:00-05:00,217.57106216883676,218.4213958486708,207.45030283626033,211.4602508544922,8608100,0.0,0.0
2018-01-18 00:00:00-05:00,212.16051760055493,212.20219089145453,208.9175443357529,209.2259979248047,4984500,0.0,0.0
2018-01-19 00:00:00-05:00,209.25098093068368,213.53605307085752,208.63406110861726,213.5193634033203,4643400,0.0,0.0
2018-01-22 00:00:00-05:00,212.96091765736637,219.1467451694126,212.74416811959722,218.0212860107422,5264700,0.0,0.0
2018-01-23 00:00:00-05:00,215.08667478075134,216.97077549958973,214.1279601946545,216.82904052734375,4003600,0.0,0.0
2018-01-24 00:00:00-05:00,217.37094433039397,221.57264509696282,217.00412777068564,221.48927307128906,4314000,0.0,0.0
2018-01-25 00:00:00-05:00,222.04784612534235,225.50756899011125,220.93073220070883,224.28207397460938,5055000,0.0,0.0
2018-01-26 00:00:00-05:00,222.99822513867528,224.25707410487922,221.79773913788105,223.54013061523438,3535400,0.0,0.0
2018-01-29 00:00:00-05:00,224.29037891100776,228.2503077914345,224.09862582730753,227.158203125,3881100,0.0,0.0
2018-01-30 00:00:00-05:00,225.4159079761693,226.7581036571846,222.68144759639216,224.2070770263672,3970400,0.0,0.0
2018-01-31 00:00:00-05:00,223.88191023833028,225.09074106139968,222.03116312749592,223.3317108154297,3710200,0.0,0.0
2018-02-01 00:00:00-05:00,221.8810900025859,227.2499225935582,221.75604468975888,226.94981384277344,3388200,0.0,0.0
2018-02-02 00:00:00-05:00,225.09075528890946,226.54967685096722,216.21218058527265,216.78741455078125,5913900,0.0,0.0
2018-02-05 00:00:00-05:00,214.67821510649185,219.505142609416,201.33115988541482,207.67538452148438,6528500,0.0,0.0
2018-02-06 00:00:00-05:00,203.59038486090577,215.71193085663205,201.8396742467992,215.67025756835938,6739900,0.0,0.0
2018-02-07 00:00:00-05:00,213.33601224082642,218.3797277982334,213.13593970937097,214.33642578125,4125000,0.0,0.0
2018-02-08 00:00:00-05:00,215.02834659582874,215.73697068851064,205.12436257315474,205.3744659423828,4166200,0.0,0.0
2018-02-09 00:00:00-05:00,208.10055360656062,209.8095784375469,199.488747093264,207.8337860107422,5978600,0.0,0.0
2018-02-12 00:00:00-05:00,209.37605896448437,213.5444058498676,207.43362051018676,211.05174255371094,3692500,0.0,0.0
2018-02-13 00:00:00-05:00,210.09300719724774,213.75281511546228,208.90086613906138,213.02752685546875,2700500,0.0,0.0
2018-02-14 00:00:00-05:00,212.58570415613454,219.01328832286225,212.15219249172156,218.9049072265625,3793800,0.0,0.0
2018-02-15 00:00:00-05:00,221.55593978137685,223.42335069062437,219.1799774189284,223.1565704345703,3523100,0.0,0.0
2018-02-16 00:00:00-05:00,221.74772789099194,224.49050749309478,221.67270069380993,223.1066131591797,2602500,0.0,0.0
2018-02-20 00:00:00-05:00,222.49805794073873,224.13204298476435,219.5135069790471,220.83071899414062,2618400,0.0,0.0
2018-02-21 00:00:00-05:00,220.02207118647695,225.0907706800913,219.3634651412165,219.5885467529297,3017900,0.0,0.0
2018-02-22 00:00:00-05:00,220.4221967860016,222.022853319169,217.3542993258009,217.94619750976562,2678900,0.0,0.0
2018-02-23 00:00:00-05:00,219.2550702572402,222.57308390146818,218.75486348773035,222.3979949951172,2507100,0.0,0.0
2018-02-26 00:00:00-05:00,223.0066444019383,226.5747496947061,222.3980563629193,226.14125061035156,2751400,0.0,0.0
2018-02-27 00:00:00-05:00,225.9244071721379,227.691782227704,223.3650360107422,223.3650360107422,3140600,0.0,0.0
2018-02-28 00:00:00-05:00,225.00361878964435,225.29620171688697,219.5110300144127,219.81198120117188,3104300,0.75,0.0
2018-03-01 00:00:00-05:00,219.54448791046457,220.33033904387386,214.18568835967068,214.67056274414062,3483500,0.0,0.0
2018-03-02 00:00:00-05:00,213.1823957363353,216.72706740716953,210.75797359330278,215.79074096679688,3122800,0.0,0.0
2018-03-05 00:00:00-05:00,214.40302836494354,221.1663433930066,214.21910522084954,219.97085571289062,2445800,0.0,0.0
2018-03-06 00:00:00-05:00,221.3501920383622,223.94182619180035,220.04601946026733,223.15597534179688,2217300,0.0,0.0
2018-03-07 00:00:00-05:00,219.61131021233126,222.73797718830656,218.1566620278691,221.83509826660156,2509400,0.0,0.0
2018-03-08 00:00:00-05:00,222.77984961190822,224.13418109532134,219.5612075172479,222.6627960205078,2565400,0.0,0.0
2018-03-09 00:00:00-05:00,224.63576692496193,226.63381639940866,223.24798806826107,226.3662872314453,4410600,0.0,0.0
2018-03-12 00:00:00-04:00,226.55860238916307,230.1618017366749,226.36631099581749,228.54830932617188,3065600,0.0,0.0
2018-03-13 00:00:00-04:00,229.3508659808341,229.92771463424918,223.58240495967095,224.49365234375,2288100,0.0,0.0
2018-03-14 00:00:00-04:00,226.0569565823363,226.37464426441485,220.63126326226347,221.06597900390625,2478700,0.0,0.0
2018-03-15 00:00:00-04:00,222.14442313813555,224.88653300330714,221.83510373615619,222.88845825195312,2255200,0.0,0.0
2018-03-16 00:00:00-04:00,222.38685840632732,225.59713129277887,221.81835265066846,223.7161102294922,4114400,0.0,0.0
2018-03-19 00:00:00-04:00,223.20618026610993,223.63255329823613,216.9193976720833,219.4775848388672,2426900,0.0,0.0
2018-03-20 00:00:00-04:00,220.11291817490616,221.24153594753258,218.94251013821207,220.02931213378906,1514800,0.0,0.0
2018-03-21 00:00:00-04:00,219.87889284897093,222.78818992586415,217.6216567259436,218.90911865234375,2817600,0.0,0.0
2018-03-22 00:00:00-04:00,216.041607278098,218.0480251711112,210.82489014067852,211.176025390625,4489300,0.0,0.0
2018-03-23 00:00:00-04:00,212.03712795207957,212.33809193114513,204.76383391741172,205.0397186279297,3634200,0.0,0.0
2018-03-26 00:00:00-04:00,209.54577813938786,213.48338853608567,207.7065597725441,213.0821075439453,3787200,0.0,0.0
2018-03-27 00:00:00-04:00,213.92651374315642,214.90464352534934,205.3323353642266,206.7117462158203,2981500,0.0,0.0
2018-03-28 00:00:00-04:00,207.9824349644016,210.03065561498056,204.29563013946418,208.47567749023438,2660200,0.0,0.0
2018-03-29 00:00:00-04:00,209.6628214803935,211.49368436649883,207.60624520902334,210.55735778808594,3073900,0.0,0.0
2018-04-02 00:00:00-04:00,210.0557132665841,211.17597553626425,203.7940111435325,206.78692626953125,3429900,0.0,0.0
2018-04-03 00:00:00-04:00,207.84034947787404,209.74645036655428,205.57475782381854,209.48728942871094,2488200,0.0,0.0
2018-04-04 00:00:00-04:00,205.41588764058534,211.69431401983366,204.41266609505863,211.1927032470703,2853200,0.0,0.0
2018-04-05 00:00:00-04:00,212.7644485779818,215.69048225194223,211.8448328921393,213.859619140625,1924800,0.0,0.0
2018-04-06 00:00:00-04:00,210.23966466962267,213.46666183731818,206.226816533948,208.977294921875,3621900,0.0,0.0
2018-04-09 00:00:00-04:00,210.23967955555167,215.27246065411856,208.3084995223731,210.833251953125,3256700,0.0,0.0
2018-04-10 00:00:00-04:00,215.65700454360774,217.2705222764615,213.97663003262926,214.49496459960938,3113900,0.0,0.0
2018-04-11 00:00:00-04:00,211.16767289410328,213.04033908880368,208.8268433398515,211.4602813720703,3322000,0.0,0.0
2018-04-12 00:00:00-04:00,214.24417161131583,217.97279280717905,213.27441016751746,217.0197296142578,3059100,0.0,0.0
2018-04-13 00:00:00-04:00,218.98431857434105,219.45248182786844,212.79784095653645,213.9515380859375,3026200,0.0,0.0
2018-04-16 00:00:00-04:00,214.9631417572037,217.91425447678918,214.57021624437562,215.59014892578125,3257400,0.0,0.0
2018-04-17 00:00:00-04:00,218.70009086898617,219.24349194279642,210.95863471478208,212.03709411621094,10134400,0.0,0.0
2018-04-18 00:00:00-04:00,213.09883907416793,214.87117532027636,210.88341876653237,212.346435546875,4524800,0.0,0.0
2018-04-19 00:00:00-04:00,212.34642056013328,214.15220420598254,211.36829094108822,212.48854064941406,3990000,0.0,0.0
2018-04-20 00:00:00-04:00,212.43002052550432,213.75090431894932,210.2396669459023,210.64096069335938,2930600,0.0,0.0
2018-04-23 00:00:00-04:00,210.39015204491903,211.30139933062247,205.81717909823345,206.2184600830078,3775900,0.0,0.0
2018-04-24 00:00:00-04:00,208.01589504336334,208.2917669594536,200.67571971636113,202.7239532470703,4705100,0.0,0.0
2018-04-25 00:00:00-04:00,202.47315961159072,202.69888576709963,198.56062819424199,199.99856567382812,5041400,0.0,0.0
2018-04-26 00:00:00-04:00,200.03199289428798,202.0300550516452,198.9786127798411,200.71751403808594,2891100,0.0,0.0
2018-04-27 00:00:00-04:00,200.64229701913388,202.25578936787912,199.82301121145733,200.47509765625,2136800,0.0,0.0
2018-04-30 00:00:00-04:00,201.45323488372438,203.2088601511257,199.1542084774339,199.2461700439453,2790500,0.0,0.0
2018-05-01 00:00:00-04:00,198.56059752927104,198.88664070065605,195.59277422205773,197.8583526611328,3269800,0.0,0.0
2018-05-02 00:00:00-04:00,197.79982575233714,198.89499600652752,195.14130927252836,195.66799926757812,3710900,0.0,0.0
2018-05-03 00:00:00-04:00,194.3303752222144,195.62619229512555,190.1085253585642,195.13294982910156,4511400,0.0,0.0
2018-05-04 00:00:00-04:00,194.21336973564425,197.9586888170032,194.18829047053976,196.41207885742188,2622300,0.0,0.0
2018-05-07 00:00:00-04:00,197.29824377897168,199.11238287955004,196.6963159130249,198.30145263671875,1979400,0.0,0.0
2018-05-08 00:00:00-04:00,199.17091851267975,201.19406007998327,197.29825254029865,198.13426208496094,3267000,0.0,0.0
2018-05-09 00:00:00-04:00,198.9535415771362,202.35610643945878,198.34325820064453,202.0885772705078,2434000,0.0,0.0
2018-05-10 00:00:00-04:00,202.40630930178932,205.1734993721868,200.77609293547462,203.51820373535156,2599000,0.0,0.0
2018-05-11 00:00:00-04:00,203.51814829790234,204.74708324463595,202.07185548036603,203.0834197998047,1540100,0.0,0.0
2018-05-14 00:00:00-04:00,203.6519261234916,205.55802682681303,203.56832006809432,203.9110870361328,1928500,0.0,0.0
2018-05-15 00:00:00-04:00,203.15032800459053,203.94453455454428,201.20242415179194,201.94647216796875,2165700,0.0,0.0
2018-05-16 00:00:00-04:00,201.70401564029376,202.1805344219258,201.13552254690782,201.44485473632812,1965200,0.0,0.0
2018-05-17 00:00:00-04:00,200.99343391624828,202.68217694236756,199.62237863192723,199.88990783691406,2462700,0.0,0.0
2018-05-18 00:00:00-04:00,199.05387768668675,199.58892328501088,198.02557676207698,198.13426208496094,2699000,0.0,0.0
2018-05-21 00:00:00-04:00,199.88988818509358,200.7008184678047,198.40179220901396,198.71946716308594,1951700,0.0,0.0
2018-05-22 00:00:00-04:00,199.55546471770137,201.22748371450908,198.95353685833118,198.9702606201172,2551500,0.0,0.0
2018-05-23 00:00:00-04:00,198.033949115275,198.86159041744327,195.943925210416,198.81143188476562,3114000,0.0,0.0
2018-05-24 00:00:00-04:00,197.7998712440499,198.27639007010097,195.3336327839213,197.38186645507812,2308700,0.0,0.0
2018-05-25 00:00:00-04:00,196.46224081046046,197.39856740798996,195.86031292447916,196.47059631347656,1985600,0.0,0.0
2018-05-29 00:00:00-04:00,193.5529118850652,194.34711831311026,188.11885044745244,189.79922485351562,5323600,0.0,0.0
2018-05-30 00:00:00-04:00,192.07284226178362,192.68528374309824,189.8411900456583,192.25741577148438,3348600,0.8,0.0
2018-05-31 00:00:00-04:00,190.7304982384065,191.37650554419486,188.00385915483093,189.505615234375,5334900,0.0,0.0
2018-06-01 00:00:00-04:00,191.619834177952,193.17192643827198,191.35975675956018,191.57789611816406,3330900,0.0,0.0
2018-06-04 00:00:00-04:00,193.25583357784265,193.92699617252825,192.08127343393107,192.86990356445312,2133600,0.0,0.0
2018-06-05 00:00:00-04:00,192.07287323330885,192.40845450418442,190.68857168733615,191.56948852539062,1986200,0.0,0.0
2018-06-06 00:00:00-04:00,192.836293183429,195.12666622030483,192.42519533512737,194.83302307128906,2566400,0.0,0.0
2018-06-07 00:00:00-04:00,196.22574496557905,197.9288448150221,195.09313581571493,195.85659790039062,2905000,0.0,0.0
2018-06-08 00:00:00-04:00,195.47904771923305,196.5445379586323,194.9337250243486,195.80624389648438,2253100,0.0,0.0
2018-06-11 00:00:00-04:00,196.83812919213136,197.29117784076465,195.97399554194646,196.3934783935547,1936800,0.0,0.0
2018-06-12 00:00:00-04:00,196.418660413472,197.3499129228284,194.52260239693084,195.16860961914062,2080000,0.0,0.0
2018-06-13 00:00:00-04:00,196.0243640129751,199.86682910847392,195.5629430408035,196.17538452148438,3637400,0.0,0.0
2018-06-14 00:00:00-04:00,197.88690432906796,197.90368723334825,195.13509690093068,196.02439880371094,2899600,0.0,0.0
2018-06-15 00:00:00-04:00,194.22058816079283,195.60487664907325,192.82790182125092,194.5729522705078,4738100,0.0,0.0
2018-06-18 00:00:00-04:00,193.1299397287615,194.36322057550032,192.24902300943333,194.12831115722656,2327500,0.0,0.0
2018-06-19 00:00:00-04:00,191.46877164106922,192.15671692493333,189.7405041797694,191.55267333984375,3326600,0.0,0.0
2018-06-20 00:00:00-04:00,192.8950452609086,192.9118281639727,190.411713274799,191.1332244873047,2678300,0.0,0.0
2018-06-21 00:00:00-04:00,189.93351045146804,191.64499544275404,188.4065990025841,190.42849731445312,3094600,0.0,0.0
2018-06-22 00:00:00-04:00,191.09965277648953,193.3816410617368,189.25393034619933,189.62307739257812,2731800,0.0,0.0
2018-06-25 00:00:00-04:00,188.34786214054907,188.88479985463164,184.89971145744855,185.86451721191406,3817700,0.0,0.0
2018-06-26 00:00:00-04:00,186.06586191382414,186.92161074219388,183.8342094798423,185.8980712890625,2692900,0.0,0.0
2018-06-27 00:00:00-04:00,185.81412295553358,189.16160076663166,184.689911969928,184.7234649658203,3104200,0.0,0.0
2018-06-28 00:00:00-04:00,184.7822669573727,188.4821101990294,184.22016125696408,187.44178771972656,3072600,0.0,0.0
2018-06-29 00:00:00-04:00,188.26391739457097,188.90992463470897,184.95000509778313,185.05068969726562,3393700,0.0,0.0
2018-07-02 00:00:00-04:00,184.36272984294845,187.37461391566612,183.64121876130562,187.3074951171875,1723200,0.0,0.0
2018-07-03 00:00:00-04:00,188.31426301754863,188.46527071190155,184.56408498856325,184.8912811279297,1204400,0.0,0.0
2018-07-05 00:00:00-04:00,185.8308770582239,186.36781452050425,184.38785522804565,185.19326782226562,2218200,0.0,0.0
2018-07-06 00:00:00-04:00,185.02552667504153,187.25717895364107,184.47181893204126,186.07423400878906,1846400,0.0,0.0
2018-07-09 00:00:00-04:00,187.39140211001043,191.45199352067596,187.08937390912445,191.27581787109375,2743900,0.0,0.0
2018-07-10 00:00:00-04:00,191.28423319491793,192.0141294619115,189.48046155516894,190.31942749023438,2524800,0.0,0.0
2018-07-11 00:00:00-04:00,189.40493382951942,190.65499760833396,188.93511498157943,189.321044921875,2527000,0.0,0.0
2018-07-12 00:00:00-04:00,190.9821706117422,191.11640820960463,189.41330869173083,190.6298065185547,2223100,0.0,0.0
2018-07-13 00:00:00-04:00,190.13481458048184,191.80434825244868,187.86959678368402,189.9502410888672,2541500,0.0,0.0
2018-07-16 00:00:00-04:00,190.61302279126338,194.1702423095703,190.22710570108592,194.1702423095703,3271200,0.0,0.0
2018-07-17 00:00:00-04:00,194.2038340372563,195.67202444609504,190.33620050533702,193.8179168701172,9280200,0.0,0.0
2018-07-18 00:00:00-04:00,194.92531136628716,196.0830882695717,193.08797421163203,194.00245666503906,6149900,0.0,0.0
2018-07-19 00:00:00-04:00,193.89338392237246,194.6316779128796,192.10638269607765,192.65171813964844,4638500,0.0,0.0
2018-07-20 00:00:00-04:00,192.13155460729965,194.6820178262221,191.95537895695176,194.37998962402344,2683500,0.0,0.0
2018-07-23 00:00:00-04:00,194.4722724064237,197.0395056719253,194.4051536071267,196.11663818359375,2788500,0.0,0.0
2018-07-24 00:00:00-04:00,196.94722818940255,199.23760131616604,196.60324912742195,197.895263671875,2887400,0.0,0.0
2018-07-25 00:00:00-04:00,197.1653598166097,198.70906670995856,196.2760580637909,198.5748291015625,2181500,0.0,0.0
2018-07-26 00:00:00-04:00,198.83486780338885,199.9590787514965,198.3566512170682,198.92715454101562,1885500,0.0,0.0
2018-07-27 00:00:00-04:00,199.64031664386326,200.34504487610698,197.9875529172137,199.37184143066406,1998200,0.0,0.0
2018-07-30 00:00:00-04:00,199.6738560394058,201.1252632572605,198.74260350967893,200.4708709716797,2454100,0.0,0.0
2018-07-31 00:00:00-04:00,200.9323289746952,200.9323289746952,198.45738218021276,199.19566345214844,2503700,0.0,0.0
2018-08-01 00:00:00-04:00,200.09338771566598,200.84845198263025,197.81139920899415,198.02952575683594,2510500,0.0,0.0
2018-08-02 00:00:00-04:00,196.25925213163572,197.3331400711823,195.28606158897392,196.30960083007812,2579700,0.0,0.0
2018-08-03 00:00:00-04:00,196.68712151032074,197.5932060059866,195.89010665258525,196.3934783935547,3053100,0.0,0.0
2018-08-06 00:00:00-04:00,196.43545167663086,198.81811147353778,196.3431649266717,197.93719482421875,2259600,0.0,0.0
2018-08-07 00:00:00-04:00,199.044678713088,200.89879916120373,198.407069177,199.53128051757812,2399500,0.0,0.0
2018-08-08 00:00:00-04:00,199.77457166563192,200.64710343890076,198.18892650244644,198.30638122558594,2522400,0.0,0.0
2018-08-09 00:00:00-04:00,198.28958651953894,198.70906945035955,195.8062419363756,196.13343811035156,2951900,0.0,0.0
2018-08-10 00:00:00-04:00,193.7759581441467,194.18705605050653,191.37651511849526,192.6349639892578,3863400,0.0,0.0
2018-08-13 00:00:00-04:00,192.53428897870367,192.8698702180258,190.0845100871617,190.3278045654297,2662700,0.0,0.0
2018-08-14 00:00:00-04:00,190.7388646989672,193.27253199787572,190.69691385195722,192.5929718017578,2359000,0.0,0.0
2018-08-15 00:00:00-04:00,192.41678743239902,194.25411155266585,191.54425593996126,192.3328857421875,3218500,0.0,0.0
2018-08-16 00:00:00-04:00,193.52421233099545,195.72229832132612,193.33963885682718,195.47900390625,2438300,0.0,0.0
2018-08-17 00:00:00-04:00,195.06792737572235,196.0830815942987,194.3380312493355,195.79783630371094,2107200,0.0,0.0
2018-08-20 00:00:00-04:00,196.42711259544822,197.979192005943,196.38516173535805,197.8114013671875,2604900,0.0,0.0
2018-08-21 00:00:00-04:00,197.40029685960764,200.9575171703716,197.40029685960764,200.21922302246094,2437300,0.0,0.0
2018-08-22 00:00:00-04:00,199.581628039506,201.07498654634477,199.3215506188866,200.79812622070312,1870900,0.0,0.0
2018-08-23 00:00:00-04:00,200.5548229535115,200.74778154722745,197.86173648641017,198.28121948242188,2064700,0.0,0.0
2018-08-24 00:00:00-04:00,199.13694079873935,199.50608783236046,196.90528849665048,197.249267578125,1948100,0.0,0.0
2018-08-27 00:00:00-04:00,198.82652775017183,204.41403076040652,198.46576576631634,203.5331268310547,4106900,0.0,0.0
2018-08-28 00:00:00-04:00,203.91905271264685,205.6137674409165,202.68577179672832,203.3401641845703,2951000,0.0,0.0
2018-08-29 00:00:00-04:00,203.74419345789897,204.36707596799428,202.2795538737333,203.19705200195312,1911700,0.8,0.0
2018-08-30 00:00:00-04:00,202.69206074494267,202.9614122829077,200.90755382442163,201.51361083984375,1963700,0.0,0.0
2018-08-31 00:00:00-04:00,201.12636121335444,201.47147941793148,199.59438060415724,200.17518615722656,1965500,0.0,0.0
2018-09-04 00:00:00-04:00,200.1331169175563,200.43614537443074,197.4647890708557,200.0489501953125,2083500,0.0,0.0
2018-09-05 00:00:00-04:00,199.50182076052684,201.55567899858792,198.7947585997515,199.96478271484375,2092000,0.0,0.0
2018-09-06 00:00:00-04:00,199.49339071016155,200.8654379715387,196.86715271468947,197.40586853027344,2651400,0.0,0.0
2018-09-07 00:00:00-04:00,197.8519829235737,198.34860893443832,195.85704037369783,196.89239501953125,1952900,0.0,0.0
2018-09-10 00:00:00-04:00,197.81830749593303,198.23076679378048,195.0658131027805,195.2089080810547,1948100,0.0,0.0
2018-09-11 00:00:00-04:00,194.16514927323038,194.99005506173864,192.4732479139026,193.7779541015625,2719400,0.0,0.0
2018-09-12 00:00:00-04:00,194.3671985471515,195.2762840220063,191.32850081097942,192.04397583007812,3577700,0.0,0.0
2018-09-13 00:00:00-04:00,193.1802889767229,193.47490457681337,191.5557288772441,192.19544982910156,3003600,0.0,0.0
2018-09-14 00:00:00-04:00,192.82681988082118,194.0641852481314,192.55745549207293,192.9615020751953,2228300,0.0,0.0
2018-09-17 00:00:00-04:00,193.09610228095568,193.73583605315392,191.3284472777678,191.8250732421875,1918800,0.0,0.0
2018-09-18 00:00:00-04:00,192.21227291338099,193.09609395486737,190.71396942309514,192.66680908203125,2498100,0.0,0.0
2018-09-19 00:00:00-04:00,193.51699696701002,198.88732936515984,193.19714288753252,198.29811096191406,3716500,0.0,0.0
2018-09-20 00:00:00-04:00,199.49332463312382,200.7643534278346,198.67683193938436,199.83001708984375,2503000,0.0,0.0
2018-09-21 00:00:00-04:00,200.3856299346549,200.7728379329653,197.66679965998915,198.09608459472656,3760300,0.0,0.0
2018-09-24 00:00:00-04:00,197.59104017478748,198.43278438349049,195.4866796530299,196.04222106933594,2057000,0.0,0.0
2018-09-25 00:00:00-04:00,197.50688344856363,197.50688344856363,195.4782765885184,195.70555114746094,2003200,0.0,0.0
2018-09-26 00:00:00-04:00,196.0927501586486,196.1264142779809,192.11971618953189,192.65843200683594,2372700,0.0,0.0
2018-09-27 00:00:00-04:00,192.5658174896157,193.47490273507313,191.51363727644693,191.69882202148438,2451500,0.0,0.0
2018-09-28 00:00:00-04:00,190.02379121358067,191.41266428418632,188.3823922635922,188.7527618408203,3097800,0.0,0.0
2018-10-01 00:00:00-04:00,190.41940953258324,191.57259519198413,189.3924803891753,189.67025756835938,2451300,0.0,0.0
2018-10-02 00:00:00-04:00,189.62815141916445,190.51198548685008,188.52546846130846,190.2931365966797,2272700,0.0,0.0
2018-10-03 00:00:00-04:00,191.70726212654384,193.40758918936453,190.72242284811762,191.73251342773438,2573900,0.0,0.0
2018-10-04 00:00:00-04:00,192.97826884428036,194.77960090149568,189.72072293114724,191.47996520996094,2903600,0.0,0.0
2018-10-05 00:00:00-04:00,191.91770110743343,192.26281935426525,188.72749585003334,189.9901123046875,1722400,0.0,0.0
2018-10-08 00:00:00-04:00,188.76954657073432,191.00858918855428,187.28808142688194,189.6870574951172,2522900,0.0,0.0
2018-10-09 00:00:00-04:00,189.38410037135426,189.49351842283318,187.31340324242166,187.63327026367188,1862900,0.0,0.0
2018-10-10 00:00:00-04:00,187.91098517909032,188.24767773107249,180.6046386363002,180.88241577148438,3955500,0.0,0.0
2018-10-11 00:00:00-04:00,180.30157695981995,181.8419701469321,177.5659087363465,179.2662353515625,6217400,0.0,0.0
2018-10-12 00:00:00-04:00,182.65849777657027,183.48340352504835,177.9952403971357,180.02383422851562,4161300,0.0,0.0
2018-10-15 00:00:00-04:00,180.51205534497606,182.7763494764348,179.33361850971787,181.1602020263672,3333800,0.0,0.0
2018-10-16 00:00:00-04:00,184.6366090080734,186.8672261647835,182.069286440163,186.6147003173828,5924200,0.0,0.0
2018-10-17 00:00:00-04:00,185.62987798167208,192.6752739863474,185.2258442954253,192.1533966064453,4953700,0.0,0.0
2018-10-18 00:00:00-04:00,191.49682278701937,192.53216465016374,188.432874136187,189.35037231445312,2995400,0.0,0.0
2018-10-19 00:00:00-04:00,189.6112914487643,192.17020097675163,188.71063184513505,191.04226684570312,2759100,0.0,0.0
2018-10-22 00:00:00-04:00,191.0170028065809,192.64998858966476,186.46317650166827,186.530517578125,2736800,0.0,0.0
2018-10-23 00:00:00-04:00,182.31339659676553,184.77971409821487,180.40264626518402,183.9716339111328,3318200,0.0,0.0
2018-10-24 00:00:00-04:00,183.61808366854027,184.28305595109543,175.41949034049466,176.0760498046875,4152700,0.0,0.0
2018-10-25 00:00:00-04:00,177.83530688873418,181.55581484029526,177.05247807674638,180.1416778564453,3179700,0.0,0.0
2018-10-26 00:00:00-04:00,177.38076039362832,180.80666562123997,176.37066987274946,178.7528076171875,3557900,0.0,0.0
2018-10-29 00:00:00-04:00,180.25949731235173,183.67698921243039,178.49184237506543,180.5457000732422,3278200,0.0,0.0
2018-10-30 00:00:00-04:00,181.80833446836886,185.47833969587546,181.00866720279052,184.57766723632812,3897400,0.0,0.0
2018-10-31 00:00:00-04:00,186.7746367167654,192.75943902740232,186.36217739806386,189.7039031982422,4369600,0.0,0.0
2018-11-01 00:00:00-04:00,190.03214316852802,192.65839349135445,189.78804303117337,191.0506591796875,2557600,0.0,0.0
2018-11-02 00:00:00-04:00,193.60117914319065,195.02372899280422,190.47830229782613,193.34024047851562,3699000,0.0,0.0
2018-11-05 00:00:00-05:00,192.18705011899726,194.52709806744002,191.03385178181665,192.52374267578125,2565200,0.0,0.0
2018-11-06 00:00:00-05:00,192.0776772668295,193.1971989800352,191.1180890617963,192.08609008789062,2275600,0.0,0.0
2018-11-07 00:00:00-05:00,193.64324714367567,195.95804359045206,190.99174532551564,194.6785888671875,3514300,0.0,0.0
2018-11-08 00:00:00-05:00,194.44296829004202,197.0187042565063,194.10627564705362,194.99009704589844,2404800,0.0,0.0
2018-11-09 00:00:00-05:00,195.0237117631659,195.0237117631659,187.11973440062854,187.41433715820312,3721700,0.0,0.0
2018-11-12 00:00:00-05:00,186.86719166379152,187.12813028179625,172.6669726956352,173.44137573242188,11019400,0.0,0.0
2018-11-13 00:00:00-05:00,172.0525137011078,176.42116826482106,170.31010984184502,172.5996551513672,6984800,0.0,0.0
2018-11-14 00:00:00-05:00,173.60128793852698,174.52719863615567,167.0356821411858,170.4447479248047,5742500,0.0,0.0
2018-11-15 00:00:00-05:00,169.86397774012747,172.1366844526095,167.7764557743807,171.49696350097656,4260000,0.0,0.0
2018-11-16 00:00:00-05:00,170.81515735652977,172.3387252635791,168.64346845777052,170.1333465576172,2829600,0.0,0.0
2018-11-19 00:00:00-05:00,169.88925284295723,170.28487368969027,166.11824199230904,166.85055541992188,3419100,0.0,0.0
2018-11-20 00:00:00-05:00,164.22430802528558,164.8892803302631,160.22602284478066,161.05934143066406,5513800,0.0,0.0
2018-11-21 00:00:00-05:00,161.69063633040045,164.3421382017776,160.9330717065766,162.11993408203125,4111700,0.0,0.0
2018-11-23 00:00:00-05:00,161.2866013737068,161.50545023467348,159.03914597486815,159.173828125,1862600,0.0,0.0
2018-11-26 00:00:00-05:00,160.91625165490817,164.33373135943594,160.51221799886503,163.58457946777344,3143300,0.0,0.0
2018-11-27 00:00:00-05:00,162.79333285833906,163.82026187114866,161.2445265204615,163.00376892089844,2345400,0.0,0.0
2018-11-28 00:00:00-05:00,164.00544567506662,167.04414291442205,161.80849268102853,166.95997619628906,3762900,0.0,0.0
2018-11-29 00:00:00-05:00,165.66691289842305,166.87547563131,163.24977453663638,164.67808532714844,2665700,0.8,0.0
2018-11-30 00:00:00-05:00,161.0607714620758,161.80449713913214,158.9901368344315,161.1621856689453,6220000,0.0,0.0
2018-12-03 00:00:00-05:00,163.95968886499392,165.36264599877848,161.9482205140501,161.95668029785156,4017000,0.0,0.0
2018-12-04 00:00:00-05:00,161.16223745570596,161.51720018981848,155.19545897541093,155.77015686035156,5797500,0.0,0.0
2018-12-06 00:00:00-05:00,153.25159561067613,156.2518913510994,152.2543083610204,155.58421325683594,5275500,0.0,0.0
2018-12-07 00:00:00-05:00,155.38137893861207,157.4097409114152,151.2823818692259,151.8486328125,3921200,0.0,0.0
2018-12-10 00:00:00-05:00,150.94433606567338,151.99231756768503,147.6313248450862,151.1387176513672,4528300,0.0,0.0
2018-12-11 00:00:00-05:00,153.94461064678364,155.87155841573863,148.28208824166106,149.4230499267578,4713900,0.0,0.0
2018-12-12 00:00:00-05:00,150.85980946288456,152.1275389541693,149.15259680373796,149.33853149414062,3677300,0.0,0.0
2018-12-13 00:00:00-05:00,150.2935512664801,151.02038332232112,148.00318108828006,148.67930603027344,4008600,0.0,0.0
2018-12-14 00:00:00-05:00,147.3439425749443,148.96663447520558,145.6789904536119,146.01705932617188,5078300,0.0,0.0
2018-12-17 00:00:00-05:00,143.168918079285,144.88457769797307,140.74333301065948,141.99415588378906,8395800,0.0,0.0
2018-12-18 00:00:00-05:00,143.49010685107157,146.22840781558344,143.10134360737794,144.9437713623047,5150800,0.0,0.0
2018-12-19 00:00:00-05:00,145.01984610304268,147.77505400907,141.64769281852202,143.0421905517578,5316100,0.0,0.0
2018-12-20 00:00:00-05:00,142.3153381991884,145.07053282149076,141.27580343713151,142.33224487304688,6488200,0.0,0.0
2018-12-21 00:00:00-05:00,142.1970068844261,143.36332227118288,134.73430357886903,135.26675415039062,8960000,0.0,0.0
2018-12-24 00:00:00-05:00,134.3793448021647,135.224497914128,130.41557464369473,132.1396942138672,3783500,0.0,0.0
2018-12-26 00:00:00-05:00,132.68899452882528,137.8528788444817,128.20968194323643,137.70074462890625,7054700,0.0,0.0
2018-12-27 00:00:00-05:00,135.32587181962916,139.79673767089844,134.39621141121302,139.79673767089844,4973000,0.0,0.0
2018-12-28 00:00:00-05:00,139.99114344128407,140.25313880986323,136.93169368534177,137.78529357910156,4110500,0.0,0.0
2018-12-31 00:00:00-05:00,138.41919146645705,141.24200008800767,138.41919146645705,141.18284606933594,4550000,0.0,0.0
2019-01-02 00:00:00-05:00,138.88400196422663,145.5776125587383,138.05575558783823,145.3916778564453,3999400,0.0,0.0
2019-01-03 00:00:00-05:00,144.23382032641197,145.17194071291235,142.23079886030948,143.2618865966797,4060200,0.0,0.0
2019-01-04 00:00:00-05:00,146.20301769765416,148.74692350827144,144.60567909172963,147.94403076171875,3788300,0.0,0.0
2019-01-07 00:00:00-05:00,148.09614641693952,150.29354922456096,145.59450093036574,148.76382446289062,3152100,0.0,0.0
2019-01-08 00:00:00-05:00,150.2512838963905,150.5217390187342,146.12693355271944,148.21446228027344,2692700,0.0,0.0
2019-01-09 00:00:00-05:00,148.83140161904177,150.17519137108928,147.82566780219872,149.14410400390625,3321400,0.0,0.0
2019-01-10 00:00:00-05:00,148.4595535901899,150.49637506558793,148.3243260383606,148.7469024658203,2808700,0.0,0.0
2019-01-11 00:00:00-05:00,147.98627947475535,149.62586528501802,145.72126297346853,149.53289794921875,3182700,0.0,0.0
2019-01-14 00:00:00-05:00,147.49610581335003,151.73876460670215,147.14114309932526,151.04574584960938,3361700,0.0,0.0
2019-01-15 00:00:00-05:00,150.70770806943366,152.1191122090953,149.0850027572346,152.05149841308594,2911800,0.0,0.0
2019-01-16 00:00:00-05:00,158.0436008976578,167.46705108689468,156.86039193169452,166.562744140625,15194200,0.0,0.0
2019-01-17 00:00:00-05:00,165.60769522671785,168.86153879569954,162.9708225116215,168.261474609375,8177000,0.0,0.0
2019-01-18 00:00:00-05:00,169.3517409037886,171.56603735774178,166.41905933205183,171.17726135253906,5650900,0.0,0.0
2019-01-22 00:00:00-05:00,169.45314618365074,170.27294547866384,165.58234458864277,167.06980895996094,4648500,0.0,0.0
2019-01-23 00:00:00-05:00,166.95998648889022,167.41636345858942,164.40762068409515,166.41062927246094,3410700,0.0,0.0
2019-01-24 00:00:00-05:00,165.83595164535362,168.7601743141339,165.44717552323132,167.17129516601562,2631800,0.0,0.0
2019-01-25 00:00:00-05:00,168.88694396798013,170.0363526892544,168.5404281051225,169.65603637695312,3275000,0.0,0.0
2019-01-28 00:00:00-05:00,167.33186459817566,169.0897845693937,166.57967886541525,168.79397583007812,2369600,0.0,0.0
2019-01-29 00:00:00-05:00,168.18544131918736,170.69554667608426,167.23041433472176,169.4531707763672,2694100,0.0,0.0
2019-01-30 00:00:00-05:00,169.79125867976347,171.81117414487477,168.73481726713175,171.12660217285156,2773300,0.0,0.0
2019-01-31 00:00:00-05:00,169.1151500213503,171.01674460376722,166.45290986835843,167.34877014160156,5604500,0.0,0.0
2019-02-01 00:00:00-05:00,167.34028273091496,168.72633304173465,166.10635375976562,166.10635375976562,3174200,0.0,0.0
2019-02-04 00:00:00-05:00,165.48094562360365,167.1374381381353,164.62733291420795,167.1036376953125,2400200,0.0,0.0
2019-02-05 00:00:00-05:00,167.44173750369362,168.464378486706,166.37684918010504,167.34877014160156,2601000,0.0,0.0
2019-02-06 00:00:00-05:00,166.647264335167,168.23615612081892,165.50631550918177,166.17398071289062,2063100,0.0,0.0
2019-02-07 00:00:00-05:00,165.04145621225655,165.5485531073788,161.4664630792748,163.17367553710938,2948800,0.0,0.0
2019-02-08 00:00:00-05:00,162.0327540087849,162.79338664340807,159.074718147008,161.99049377441406,2757500,0.0,0.0
2019-02-11 00:00:00-05:00,163.0131147288983,163.38498411217384,161.48338986261507,161.703125,2056500,0.0,0.0
2019-02-12 00:00:00-05:00,163.15677229859142,165.3541621329637,163.11451207377445,164.37379455566406,2392900,0.0,0.0
2019-02-13 00:00:00-05:00,165.58235059294154,167.99948834398876,164.4667554980018,164.54281616210938,2757300,0.0,0.0
2019-02-14 00:00:00-05:00,162.4468429369159,164.06953494094947,160.10576581675898,162.71728515625,2865000,0.0,0.0
2019-02-15 00:00:00-05:00,163.29202451120113,168.09248758768499,163.19905716097287,167.76287841796875,3065400,0.0,0.0
2019-02-19 00:00:00-05:00,166.20777197619068,168.23613377250433,165.3203588542998,167.90652465820312,2558200,0.0,0.0
2019-02-20 00:00:00-05:00,167.95728851270763,168.43903201729373,166.92620059736132,167.84742736816406,2266000,0.0,0.0
2019-02-21 00:00:00-05:00,168.16010413652128,168.56577399143836,164.84710571333875,165.95425415039062,2785900,0.0,0.0
2019-02-22 00:00:00-05:00,166.15707556743945,167.1289963041033,164.97385369670667,165.6499786376953,2626600,0.0,0.0
2019-02-25 00:00:00-05:00,167.34030411270658,170.29833979146653,167.09521540214038,167.8896484375,3032200,0.0,0.0
2019-02-26 00:00:00-05:00,167.7375272673629,169.5038940510552,166.11483495499365,168.10093688964844,2499800,0.0,0.0
2019-02-27 00:00:00-05:00,168.44037341436848,169.61987979340185,167.2693480351514,168.1009521484375,1804200,0.8,0.0
2019-02-28 00:00:00-05:00,168.0500394330166,168.35552377363703,166.32745113532397,166.9129638671875,2964300,0.0,0.0
2019-03-01 00:00:00-05:00,168.65244373513914,170.93508768682042,167.53233072393022,168.18572998046875,2580500,0.0,0.0
2019-03-04 00:00:00-05:00,168.70336848183234,170.41747506247057,164.74904865592003,166.3019256591797,2683600,0.0,0.0
2019-03-05 00:00:00-05:00,166.19167473287635,166.47169014964993,163.77325618510343,166.31895446777344,2338600,0.0,0.0
2019-03-06 00:00:00-05:00,166.2340519292534,167.64267440790266,165.0715208085342,165.24972534179688,2247500,0.0,0.0
2019-03-07 00:00:00-05:00,163.883502366942,164.1550366655305,161.29537431995504,163.57801818847656,3567800,0.0,0.0
2019-03-08 00:00:00-05:00,161.56694242764604,166.12375012230893,160.98144283214535,165.67401123046875,3162700,0.0,0.0
2019-03-11 00:00:00-04:00,167.36266073879634,168.83917017115647,166.08981179823763,166.29347229003906,2669000,0.0,0.0
2019-03-12 00:00:00-04:00,166.31896059890997,167.50694799537987,166.05590717169818,166.8535614013672,1977400,0.0,0.0
2019-03-13 00:00:00-04:00,167.80393695710427,168.80523868441978,166.76020433752666,167.37965393066406,1904500,0.0,0.0
2019-03-14 00:00:00-04:00,167.43905023460675,168.440351904903,166.91293050707938,167.5663299560547,1482300,0.0,0.0
2019-03-15 00:00:00-04:00,167.30326430937146,168.73734282370663,167.04021093892442,168.23667907714844,2985200,0.0,0.0
2019-03-18 00:00:00-04:00,169.01741397866815,172.98022963197593,168.79679142213658,171.8092041015625,3354900,0.0,0.0
2019-03-19 00:00:00-04:00,173.8542214627827,175.18646346655532,170.37509537858,170.66360473632812,3284900,0.0,0.0
2019-03-20 00:00:00-04:00,169.9932492069234,169.9932492069234,164.59636826632692,164.89337158203125,5033500,0.0,0.0
2019-03-21 00:00:00-04:00,163.68834007968363,165.93704725204077,162.71249457437835,165.1139373779297,4031500,0.0,0.0
2019-03-22 00:00:00-04:00,163.49321980129776,164.37573574693576,159.34373232199147,160.3450469970703,5703100,0.0,0.0
2019-03-25 00:00:00-04:00,160.65899558907418,162.45795129016275,158.25755235611948,159.96316528320312,3751000,0.0,0.0
2019-03-26 00:00:00-04:00,161.2529622483175,163.27255304968725,160.11588715346514,161.81301879882812,2910100,0.0,0.0
2019-03-27 00:00:00-04:00,161.73671015119461,162.59375728432903,160.15837662567472,161.25302124023438,2343800,0.0,0.0
2019-03-28 00:00:00-04:00,161.85549313253793,162.84831385784506,160.62506200084934,162.22885131835938,2343400,0.0,0.0
2019-03-29 00:00:00-04:00,163.50166779459673,163.86655785656316,162.19488203454702,162.91616821289062,2632800,0.0,0.0
2019-04-01 00:00:00-04:00,164.62179354286596,168.09242515486238,164.29085334181158,166.94686889648438,3562600,0.0,0.0
2019-04-02 00:00:00-04:00,166.5225931391108,167.81240411044416,165.80978787295473,167.59178161621094,2247000,0.0,0.0
2019-04-03 00:00:00-04:00,169.07678604216593,170.63814447197726,168.47429844744062,170.44297790527344,3227900,0.0,0.0
2019-04-04 00:00:00-04:00,170.3920560976191,173.35354316314712,170.1374837069434,171.60549926757812,2582300,0.0,0.0
2019-04-05 00:00:00-04:00,172.58135407043474,174.38030981418026,171.4612407558155,171.7327880859375,2447100,0.0,0.0
2019-04-08 00:00:00-04:00,172.0806870243138,172.79349227827458,170.7144952973485,171.86854553222656,1891500,0.0,0.0
2019-04-09 00:00:00-04:00,170.7569293570982,171.06241362930157,168.74583211814482,170.2393035888672,2400900,0.0,0.0
2019-04-10 00:00:00-04:00,171.2406264063345,172.40315771700372,169.94232142414614,172.24192810058594,1907100,0.0,0.0
2019-04-11 00:00:00-04:00,173.3026111109159,174.33786255061344,171.0454356447069,172.1146240234375,2802100,0.0,0.0
2019-04-12 00:00:00-04:00,175.65315921692104,178.17340123283705,175.11855850200268,176.36595153808594,5096600,0.0,0.0
2019-04-15 00:00:00-04:00,173.2008000331168,174.58396670264202,169.45862101130368,169.63682556152344,6617200,0.0,0.0
2019-04-16 00:00:00-04:00,169.39071882113518,172.20796379106267,169.06827258762976,171.2745361328125,4852600,0.0,0.0
2019-04-17 00:00:00-04:00,171.37639884225663,176.92601490766856,171.22365022587636,176.4168701171875,4195300,0.0,0.0
2019-04-18 00:00:00-04:00,175.7295427050616,176.38294219838974,174.08332247277775,174.72824096679688,2874300,0.0,0.0
2019-04-22 00:00:00-04:00,174.05785266056188,174.45667971385177,173.22626161135906,173.61660766601562,1591400,0.0,0.0
2019-04-23 00:00:00-04:00,173.31961536624493,174.11726952334587,172.03828529461728,173.2262725830078,2120900,0.0,0.0
2019-04-24 00:00:00-04:00,172.258895260287,172.70015319873403,169.4840808589543,170.17141723632812,4606100,0.0,0.0
2019-04-25 00:00:00-04:00,169.45863962813405,171.8855390781697,168.94950776088095,170.9011993408203,2075300,0.0,0.0
2019-04-26 00:00:00-04:00,171.1811978073046,172.3607039070956,169.98472971189668,172.32676696777344,1543100,0.0,0.0
2019-04-29 00:00:00-04:00,172.6831420835002,176.50168822293878,172.48797557294873,175.58523559570312,2997000,0.0,0.0
2019-04-30 00:00:00-04:00,175.60225054231415,176.49324743411702,173.23474414557828,174.73670959472656,1833000,0.0,0.0
2019-05-01 00:00:00-04:00,175.1440325007987,176.8496585963794,173.13293504873383,173.7269287109375,1981800,0.0,0.0
2019-05-02 00:00:00-04:00,173.47234768772842,174.99128813577298,172.36072825762426,173.9475555419922,1514700,0.0,0.0
2019-05-03 00:00:00-04:00,174.81309357721338,177.13816929902586,174.5245842173939,176.0944366455078,1897600,0.0,0.0
2019-05-06 00:00:00-04:00,172.08920847617142,175.6362085757119,171.1642745303783,175.16949462890625,1927800,0.0,0.0
2019-05-07 00:00:00-04:00,172.54742094566484,173.10747765739225,170.57026045590513,171.9449462890625,2839500,0.0,0.0
2019-05-08 00:00:00-04:00,170.90118499114254,172.42860636083333,170.39205316663856,170.5193328857422,1817600,0.0,0.0
2019-05-09 00:00:00-04:00,169.2973755084232,171.5969947600903,167.93967785763994,171.09634399414062,2333400,0.0,0.0
2019-05-10 00:00:00-04:00,170.54477179771277,171.49517441510034,168.85613393516027,171.45274353027344,2089400,0.0,0.0
2019-05-13 00:00:00-04:00,167.93119247408697,167.93119247408697,164.6217905242271,165.4449005126953,3605600,0.0,0.0
2019-05-14 00:00:00-04:00,165.4618742097036,168.12637069358502,165.38549343598362,166.5565185546875,2463300,0.0,0.0
2019-05-15 00:00:00-04:00,165.16491447181704,167.6681820179351,164.12966273576686,166.65838623046875,2271100,0.0,0.0
2019-05-16 00:00:00-04:00,166.85351793740557,169.7131808920484,166.84502399158455,168.98341369628906,2008100,0.0,0.0
2019-05-17 00:00:00-04:00,166.5735083751747,168.94100181781,166.5735083751747,167.53237915039062,1928300,0.0,0.0
2019-05-20 00:00:00-04:00,167.24387736935506,167.8293900074357,165.95406631385384,167.3711700439453,2483400,0.0,0.0
2019-05-21 00:00:00-04:00,168.5761404076749,169.1361971275095,168.0160836878403,168.95799255371094,2327600,0.0,0.0
2019-05-22 00:00:00-04:00,167.54085078406598,168.42335360929823,165.86069395344015,165.91160583496094,2427200,0.0,0.0
2019-05-23 00:00:00-04:00,163.77322229981752,163.77322229981752,160.85415346796083,162.89920043945312,3184100,0.0,0.0
2019-05-24 00:00:00-04:00,163.6798506068944,164.68116494696685,162.6530803296078,163.773193359375,1637200,0.0,0.0
2019-05-28 00:00:00-04:00,162.9246613409112,164.0362806564909,160.70990370788462,160.75233459472656,3040000,0.0,0.0
2019-05-29 00:00:00-04:00,160.02781422050464,160.80347977333568,157.62406651103217,160.29205322265625,2815800,0.85,0.0
2019-05-30 00:00:00-04:00,160.32615517342884,161.41721417128588,158.5531810502989,159.71243286132812,1919300,0.0,0.0
2019-05-31 00:00:00-04:00,157.49621441526781,157.59849712495202,155.3993278216035,155.55276489257812,2640100,0.0,0.0
2019-06-03 00:00:00-04:00,154.87934756538374,156.40513380770787,154.05252775953136,156.1494140625,2857800,0.0,0.0
2019-06-04 00:00:00-04:00,158.69808809749128,161.94570746333005,158.2974764500394,161.85194396972656,2420800,0.0,0.0
2019-06-05 00:00:00-04:00,162.03945266988256,162.0905940230857,159.4055559218892,160.62448120117188,1967800,0.0,0.0
2019-06-06 00:00:00-04:00,160.3005832114279,162.58499691184295,159.66129022530993,161.79226684570312,1653500,0.0,0.0
2019-06-07 00:00:00-04:00,161.8519404341697,162.4741819655188,160.69268863241783,161.79226684570312,1838600,0.0,0.0
2019-06-10 00:00:00-04:00,163.1475609057406,167.92095362246116,163.1475609057406,165.466064453125,2372000,0.0,0.0
2019-06-11 00:00:00-04:00,166.47187654565093,167.17083003132214,164.94609018185386,165.9860076904297,1632200,0.0,0.0
2019-06-12 00:00:00-04:00,165.03135799898175,165.40641197449554,161.80932230963055,162.14175415039062,2059400,0.0,0.0
2019-06-13 00:00:00-04:00,162.30372017936017,163.87211598321716,162.0139104559964,163.19020080566406,1411400,0.0,0.0
2019-06-14 00:00:00-04:00,163.05379303327604,163.80390092739756,161.36606327795104,163.3691864013672,1403900,0.0,0.0
2019-06-17 00:00:00-04:00,163.67604426794117,164.70742959529585,162.58498535636113,162.6616973876953,1155600,0.0,0.0
2019-06-18 00:00:00-04:00,162.5252807702637,168.031728638474,162.5252807702637,166.19908142089844,2363000,0.0,0.0
2019-06-19 00:00:00-04:00,166.51454640197406,168.4409449093656,166.03719663308604,166.76173400878906,2196800,0.0,0.0
2019-06-20 00:00:00-04:00,168.34711055682885,168.9352620367676,165.03131229194204,166.81280517578125,2749300,0.0,0.0
2019-06-21 00:00:00-04:00,166.50592509782106,169.06309610559268,165.33815449966755,167.01736450195312,3365500,0.0,0.0
2019-06-24 00:00:00-04:00,167.52029198478314,169.92403926655496,167.0940967651594,168.33859252929688,2069800,0.0,0.0
2019-06-25 00:00:00-04:00,168.34718053281708,168.36423199037355,165.37233200209192,167.11973571777344,1828300,0.0,0.0
2019-06-26 00:00:00-04:00,167.49474411728008,168.6625150159836,167.1708315442012,167.92945861816406,1649900,0.0,0.0
2019-06-27 00:00:00-04:00,168.40679987877422,170.14567080227445,167.71635263790142,169.8984832763672,2239200,0.0,0.0
2019-06-28 00:00:00-04:00,173.46147409444012,175.4560648273448,172.98413747526098,174.39910888671875,4854900,0.0,0.0
2019-07-01 00:00:00-04:00,177.297225144295,178.8741527820514,175.3708272841827,176.32550048828125,2465700,0.0,0.0
2019-07-02 00:00:00-04:00,175.08103605163677,175.85671467241215,174.02407995923448,175.57542419433594,1621400,0.0,0.0
2019-07-03 00:00:00-04:00,176.7005922464194,176.78582351136055,174.93613727893657,175.62657165527344,978800,0.0,0.0
2019-07-05 00:00:00-04:00,176.3255099062116,177.94504675058855,175.76292902098476,177.2119903564453,1511400,0.0,0.0
2019-07-08 00:00:00-04:00,175.89935340224466,176.65798063961876,174.4929138856192,175.37939453125,1853900,0.0,0.0
2019-07-09 00:00:00-04:00,173.67456751648652,177.2460858571209,173.49555978541196,177.10118103027344,1812100,0.0,0.0
2019-07-10 00:00:00-04:00,176.5982798830896,178.14111780864337,175.29412329365536,175.56689453125,1779800,0.0,0.0
2019-07-11 00:00:00-04:00,175.76292152408635,181.20969639258283,175.59244602244135,180.15274047851562,3691600,0.0,0.0
2019-07-12 00:00:00-04:00,180.70680330583792,182.5735407606422,179.6754049792269,182.36044311523438,2626000,0.0,0.0
2019-07-15 00:00:00-04:00,182.50536322948847,182.92303933176964,178.82302936552566,180.34881591796875,2600200,0.0,0.0
2019-07-16 00:00:00-04:00,183.09347691321898,185.25002377777392,181.17559834151578,183.7071990966797,5283700,0.0,0.0
2019-07-17 00:00:00-04:00,182.26669214622993,183.92885129325254,181.69559197809647,181.81492614746094,2583500,0.0,0.0
2019-07-18 00:00:00-04:00,181.3120030372561,183.97145744141434,180.49370237096625,182.85482788085938,2858100,0.0,0.0
2019-07-19 00:00:00-04:00,182.4286366988794,183.92032022308217,181.8575365675298,182.00244140625,1822300,0.0,0.0
2019-07-22 00:00:00-04:00,181.90015100749108,183.1446470211752,180.97104836395448,182.41159057617188,1907100,0.0,0.0
2019-07-23 00:00:00-04:00,183.2213482546296,187.52592318354132,183.2213482546296,187.04005432128906,3330600,0.0,0.0
2019-07-24 00:00:00-04:00,186.8866568269938,189.30744323971572,186.3581787667875,189.2563018798828,3180000,0.0,0.0
2019-07-25 00:00:00-04:00,189.03466707340726,189.03466707340726,186.01719706468515,187.50888061523438,2776700,0.0,0.0
2019-07-26 00:00:00-04:00,187.9095247931959,189.4353114101538,187.84133197730034,189.35006713867188,2304500,0.0,0.0
2019-07-29 00:00:00-04:00,188.37831012241105,189.34151559867482,187.6963950862893,187.79869079589844,1372800,0.0,0.0
2019-07-30 00:00:00-04:00,186.2388221013253,189.22218912483444,185.25004590912903,188.71926879882812,1644600,0.0,0.0
2019-07-31 00:00:00-04:00,188.58288802984134,189.21364870624456,186.68204775819785,187.63673400878906,1991100,0.0,0.0
2019-08-01 00:00:00-04:00,186.97187145771028,187.4832979814145,179.64982678306055,180.3658447265625,3070100,0.0,0.0
2019-08-02 00:00:00-04:00,180.348815921425,180.348815921425,175.0043228853415,178.46502685546875,2503000,0.0,0.0
2019-08-05 00:00:00-04:00,175.4390352157294,175.4390352157294,170.12011332036158,171.91012573242188,2794200,0.0,0.0
2019-08-06 00:00:00-04:00,173.5125981445359,175.6521065009181,171.23671720087702,175.6009521484375,2349400,0.0,0.0
2019-08-07 00:00:00-04:00,171.42429181983374,175.5583918600793,169.668369083218,175.37086486816406,2454200,0.0,0.0
2019-08-08 00:00:00-04:00,176.58975957799478,177.12676981969057,173.49557752852613,176.44485473632812,2342200,0.0,0.0
2019-08-09 00:00:00-04:00,175.26854499181502,177.55295848472923,173.76834226964826,176.35960388183594,1790100,0.0,0.0
2019-08-12 00:00:00-04:00,173.27396071332106,174.01553637576484,170.887264423962,171.7737579345703,1479300,0.0,0.0
2019-08-13 00:00:00-04:00,171.76519442839202,176.1038716919498,170.67413569588547,173.98141479492188,2115900,0.0,0.0
2019-08-14 00:00:00-04:00,170.30765296933905,170.4014164602701,166.26731664164924,166.69351196289062,3025100,0.0,0.0
2019-08-15 00:00:00-04:00,166.9918639993118,167.89539605400762,165.11660707361958,167.2220001220703,1981900,0.0,0.0
2019-08-16 00:00:00-04:00,167.94653616619212,171.04923774933167,167.9209654860757,169.98374938964844,1878700,0.0,0.0
2019-08-19 00:00:00-04:00,173.7257430750005,174.27127259203147,172.02949393943294,172.3533935546875,1646100,0.0,0.0
2019-08-20 00:00:00-04:00,170.65711876263154,172.1743729102224,170.2223912553958,170.4610595703125,1545600,0.0,0.0
2019-08-21 00:00:00-04:00,172.8136594027068,173.05232770875168,170.62300951439465,171.05772399902344,1160800,0.0,0.0
2019-08-22 00:00:00-04:00,172.42155939795614,173.41885478059262,171.25378850662455,172.5408935546875,1275900,0.0,0.0
2019-08-23 00:00:00-04:00,171.16858125315028,172.0806455818377,166.37814948902496,167.2390594482422,2200500,0.0,0.0
2019-08-26 00:00:00-04:00,169.00344340248807,170.23088762431405,168.77329435928448,170.1797332763672,1441900,0.0,0.0
2019-08-27 00:00:00-04:00,170.75942126689796,171.2111872729764,167.49476350148944,168.83302307128906,1513300,0.0,0.0
2019-08-28 00:00:00-04:00,167.55446953258328,171.7311793430691,167.28169822740864,170.83616638183594,1437800,0.0,0.0
2019-08-29 00:00:00-04:00,172.71463166795343,175.29642592200057,172.71463166795343,174.4987335205078,1816800,1.25,0.0
2019-08-30 00:00:00-04:00,175.70807225626666,176.0168592290334,174.12982045763897,174.90179443359375,1529600,0.0,0.0
2019-09-03 00:00:00-04:00,172.49154140424267,172.92898414875728,168.6145524413024,170.66455078125,2633600,0.0,0.0
2019-09-04 00:00:00-04:00,172.82610260289718,173.34932472408585,171.59095444218437,173.03195190429688,1720600,0.0,0.0
2019-09-05 00:00:00-04:00,176.0683769318539,179.20769687314777,175.87108721491342,177.59515380859375,2237900,0.0,0.0
2019-09-06 00:00:00-04:00,177.603691951033,178.6244049304422,176.3256673701571,177.73236083984375,1438800,0.0,0.0
2019-09-09 00:00:00-04:00,179.45643290461712,183.45350598388947,178.7873964942076,181.82379150390625,2734500,0.0,0.0
2019-09-10 00:00:00-04:00,183.12752283404882,186.2068068450147,182.88735663803385,184.9545135498047,2615800,0.0,0.0
2019-09-11 00:00:00-04:00,184.59432572528178,186.00101952239933,183.00750067713165,185.9581298828125,1886300,0.0,0.0
2019-09-12 00:00:00-04:00,185.5977881006043,189.35468045561933,184.54275846177248,187.62205505371094,2913800,0.0,0.0
2019-09-13 00:00:00-04:00,189.00307428156583,189.9894703597147,188.0166651153391,188.61708068847656,2722400,0.0,0.0
2019-09-16 00:00:00-04:00,186.83300881885316,188.1281920321756,185.5463982972993,186.318359375,2205500,0.0,0.0
2019-09-17 00:00:00-04:00,185.10035019658406,185.39197874301192,182.30410858060623,185.1947021484375,2429100,0.0,0.0
2019-09-18 00:00:00-04:00,184.26834185885417,186.89302496367318,182.95600030644465,186.19825744628906,2474900,0.0,0.0
2019-09-19 00:00:00-04:00,186.62712980941097,186.92733105153437,184.46562066096445,184.61143493652344,1596200,0.0,0.0
2019-09-20 00:00:00-04:00,184.12250867078941,185.855134396773,183.23903733967686,183.33338928222656,5458900,0.0,0.0
2019-09-23 00:00:00-04:00,182.57005479448497,183.65080301885624,181.4635623163161,183.09327697753906,1485500,0.0,0.0
2019-09-24 00:00:00-04:00,183.5907376509173,183.72797924723076,177.38070593064225,178.195556640625,2837600,0.0,0.0
2019-09-25 00:00:00-04:00,178.3756836745797,181.06040199086496,177.9382277326339,180.1511993408203,1593400,0.0,0.0
2019-09-26 00:00:00-04:00,179.31058925803336,180.0997086619161,178.5043113856967,178.59866333007812,1685500,0.0,0.0
2019-09-27 00:00:00-04:00,179.99680477781078,180.597220362148,178.4871734936736,179.2419891357422,1530900,0.0,0.0
2019-09-30 00:00:00-04:00,179.87667067837407,179.87667067837407,177.4063751594549,177.7494659423828,1794500,0.0,0.0
2019-10-01 00:00:00-04:00,177.56077718510127,179.59363016544978,173.78672589965151,173.8553466796875,3156200,0.0,0.0
2019-10-02 00:00:00-04:00,172.99765654151594,173.16062930517583,169.48950158512926,170.04702758789062,3386800,0.0,0.0
2019-10-03 00:00:00-04:00,169.49803900253036,170.1499168334271,166.39302371146783,169.18067932128906,2914500,0.0,0.0
2019-10-04 00:00:00-04:00,168.9662495480933,172.60305968081724,168.15138587394335,172.23423767089844,3021100,0.0,0.0
2019-10-07 00:00:00-04:00,172.2257078439678,173.7181810136119,171.09349719892293,171.8911895751953,2202200,0.0,0.0
2019-10-08 00:00:00-04:00,169.4894955111066,170.647437111055,168.04848494182653,169.29220581054688,2654900,0.0,0.0
2019-10-09 00:00:00-04:00,169.99556032235853,170.67316943317508,168.70036403073152,168.84619140625,2443500,0.0,0.0
2019-10-10 00:00:00-04:00,169.48092215285993,172.68030326182128,169.43803251533052,171.4365692138672,2108000,0.0,0.0
2019-10-11 00:00:00-04:00,174.73887816771847,177.80100463955674,174.73887816771847,175.5623016357422,3334300,0.0,0.0
2019-10-14 00:00:00-04:00,174.83317722011668,176.8402860400241,174.05263053857178,176.5400848388672,2286100,0.0,0.0
2019-10-15 00:00:00-04:00,173.26356796830996,178.6158729974558,170.35582841553332,177.08909606933594,8241900,0.0,0.0
2019-10-16 00:00:00-04:00,176.84031547340692,178.94177658357776,176.78028045841373,177.91249084472656,3405800,0.0,0.0
2019-10-17 00:00:00-04:00,178.65874954876583,179.2077029039541,175.3135670855999,177.08909606933594,2876500,0.0,0.0
2019-10-18 00:00:00-04:00,175.82819181288937,178.46144777308015,175.82819181288937,177.14053344726562,2207000,0.0,0.0
2019-10-21 00:00:00-04:00,178.98465630149283,180.86310954208363,178.13548874273772,179.48214721679688,1934900,0.0,0.0
2019-10-22 00:00:00-04:00,179.77374759650345,181.54069013965332,178.675841296137,179.78233337402344,1868000,0.0,0.0
2019-10-23 00:00:00-04:00,179.45644563234265,181.85812134449463,179.26774169929703,181.25770568847656,1574500,0.0,0.0
2019-10-24 00:00:00-04:00,181.50639440358108,182.8273084812025,179.9367283521249,181.02606201171875,1266500,0.0,0.0
2019-10-25 00:00:00-04:00,180.27984194893037,184.774405632622,180.27984194893037,183.75369262695312,2602100,0.0,0.0
2019-10-28 00:00:00-04:00,185.54640203787508,187.77651913401303,185.0060214197432,186.77296447753906,2707800,0.0,0.0
2019-10-29 00:00:00-04:00,186.31836998877813,188.08531311160814,185.65790621876116,186.67861938476562,2030800,0.0,0.0
2019-10-30 00:00:00-04:00,186.14677333068892,186.17250448846255,183.39342165622278,185.10890197753906,1584900,0.0,0.0
2019-10-31 00:00:00-04:00,184.54280319353012,184.7229343985775,181.25766966673325,183.0246124267578,1876200,0.0,0.0
2019-11-01 00:00:00-04:00,184.6371661379473,186.89302724025745,184.19972331117478,186.4641571044922,2112300,0.0,0.0
2019-11-04 00:00:00-05:00,188.4455553376078,189.29472300960617,187.47631762626185,188.59136962890625,2538100,0.0,0.0
2019-11-05 00:00:00-05:00,189.3890532918839,190.22963508764232,187.3905169021522,187.5363311767578,2525100,0.0,0.0
2019-11-06 00:00:00-05:00,186.9959338550742,187.90514944921813,185.74364050870562,187.3476104736328,1863000,0.0,0.0
2019-11-07 00:00:00-05:00,189.3632997415554,192.79426039883484,189.05451275887722,191.52479553222656,3748600,0.0,0.0
2019-11-08 00:00:00-05:00,191.27607653832015,191.4733531319715,189.64637529183457,191.19888305664062,1610800,0.0,0.0
2019-11-11 00:00:00-05:00,189.474835109333,189.9122910573455,187.4334220082304,187.87086486816406,2754500,0.0,0.0
2019-11-12 00:00:00-05:00,187.46767992551497,189.6549198653757,186.92729945771714,189.05450439453125,1891600,0.0,0.0
2019-11-13 00:00:00-05:00,187.32189314835145,188.56561389638554,186.13820741216907,188.11959838867188,1756000,0.0,0.0
2019-11-14 00:00:00-05:00,187.66502065397793,189.1060313647725,187.01314264676142,188.21397399902344,1483100,0.0,0.0
2019-11-15 00:00:00-05:00,188.70286229249433,189.63779605998658,187.87942586191818,188.91729736328125,1693100,0.0,0.0
2019-11-18 00:00:00-05:00,188.4712677001953,188.65997160848158,187.0216845356682,188.4712677001953,1603400,0.0,0.0
2019-11-19 00:00:00-05:00,189.18318067831544,189.28610531644873,187.25326518485372,188.73715209960938,1817100,0.0,0.0
2019-11-20 00:00:00-05:00,187.2961366937358,188.2482287685912,185.61496026776493,186.91015625,2177700,0.0,0.0
2019-11-21 00:00:00-05:00,187.50201939123136,188.1195934034757,185.97524282987092,187.1846466064453,1677700,0.0,0.0
2019-11-22 00:00:00-05:00,186.9873920340919,189.31187408831624,186.9873920340919,188.9430389404297,1529100,0.0,0.0
2019-11-25 00:00:00-05:00,189.46624807903896,192.09093121616493,189.46624807903896,191.0616455078125,2181800,0.0,0.0
2019-11-26 00:00:00-05:00,191.00159788737454,191.07021867984784,189.65495246331,190.8043212890625,1926300,0.0,0.0
2019-11-27 00:00:00-05:00,191.66207022953475,192.37399625954984,190.29826627366322,191.2332000732422,1614600,0.0,0.0
2019-11-29 00:00:00-05:00,190.52589294196875,191.4919743666138,190.12048095229684,190.93130493164062,770400,1.25,0.0
2019-12-02 00:00:00-05:00,190.60353681880414,191.3194769178726,187.2481146447805,187.7311553955078,2118500,0.0,0.0
2019-12-03 00:00:00-05:00,185.82481920663778,185.82481920663778,181.14103588223787,183.07321166992188,3207100,0.0,0.0
2019-12-04 00:00:00-05:00,184.1945639326937,187.17046312730074,183.19398528309964,186.26475524902344,1583600,0.0,0.0
2019-12-05 00:00:00-05:00,187.30847149012257,187.7225176640794,185.81621791186893,187.2998504638672,1329300,0.0,0.0
2019-12-06 00:00:00-05:00,189.72364705718883,194.42468507409032,188.74894482676797,193.74325561523438,4229400,0.0,0.0
2019-12-09 00:00:00-05:00,193.74329590281616,193.77779316940402,191.29358195704495,191.3280792236328,2134600,0.0,0.0
2019-12-10 00:00:00-05:00,191.20732665879726,192.25104999036606,190.24124521341773,191.3884735107422,1854100,0.0,0.0
2019-12-11 00:00:00-05:00,191.7076027938367,192.22515389289927,190.49136692434956,190.79327392578125,1778600,0.0,0.0
2019-12-12 00:00:00-05:00,191.41431659941517,195.6150591158198,190.28434371271766,194.98538208007812,2974300,0.0,0.0
2019-12-13 00:00:00-05:00,195.56334454253314,196.65882037955026,192.95835983507334,194.0797119140625,1908200,0.0,0.0
2019-12-16 00:00:00-05:00,197.09871049712245,198.99637597456726,196.55528314478445,196.70191955566406,3218400,0.0,0.0
2019-12-17 00:00:00-05:00,198.39257911235103,200.17811864206064,197.35749002761747,199.38453674316406,3590000,0.0,0.0
2019-12-18 00:00:00-05:00,200.09185103067898,200.29023991980372,198.34082197001578,198.78073120117188,2280800,0.0,0.0
2019-12-19 00:00:00-05:00,199.21203306751116,199.59156882012192,197.49551431621114,198.34083557128906,2418100,0.0,0.0
2019-12-20 00:00:00-05:00,199.220662047814,199.50530069295868,197.20222315822895,197.46961975097656,3715500,0.0,0.0
2019-12-23 00:00:00-05:00,198.09931039156473,198.8066162354119,197.0210898305576,197.60763549804688,1670400,0.0,0.0
2019-12-24 00:00:00-05:00,197.51275371473375,198.34945393214355,196.98658154875307,198.31495666503906,467700,0.0,0.0
2019-12-26 00:00:00-05:00,198.61685164505187,200.2902520892805,198.38396547657473,199.43630981445312,1704000,0.0,0.0
2019-12-27 00:00:00-05:00,199.95384117986958,200.29887965080016,198.79799191646381,198.96188354492188,1343900,0.0,0.0
2019-12-30 00:00:00-05:00,199.84171234516114,199.84171234516114,197.9613019385634,198.22007751464844,1494500,0.0,0.0
2019-12-31 00:00:00-05:00,198.14241389605377,198.36667900283408,197.24532714519216,198.33216857910156,1447200,0.0,0.0
2020-01-02 00:00:00-05:00,199.25515172961155,202.3949293516033,198.53059070035306,202.11891174316406,3736300,0.0,0.0
2020-01-03 00:00:00-05:00,199.77270260128674,200.64390004051688,198.6513506315312,199.7554473876953,2274500,0.0,0.0
2020-01-06 00:00:00-05:00,198.33218288189664,201.8601303172953,197.9526603265614,201.79974365234375,3329300,0.0,0.0
2020-01-07 00:00:00-05:00,202.7054456361348,205.0947858508718,202.49842257040316,203.12811279296875,5255200,0.0,0.0
2020-01-08 00:00:00-05:00,203.2920209609811,206.80271359497425,203.11950829525765,205.086181640625,3564700,0.0,0.0
2020-01-09 00:00:00-05:00,208.1741774574073,209.95108266927332,206.86307085482647,209.2610321044922,3980700,0.0,0.0
2020-01-10 00:00:00-05:00,209.39045789034935,209.9425063568706,208.21735325375752,208.83840942382812,2248100,0.0,0.0
2020-01-13 00:00:00-05:00,210.84820254394347,212.28870372483425,209.60609027346032,211.51239013671875,3359200,0.0,0.0
2020-01-14 00:00:00-05:00,211.60725512813278,214.3674970587512,210.98619904850966,211.90052795410156,4302800,0.0,0.0
2020-01-15 00:00:00-05:00,208.74351377027736,215.2128375441496,206.29379966008725,211.51239013671875,5411200,0.0,0.0
2020-01-16 00:00:00-05:00,213.06495468649794,215.4888050039699,212.3921462647245,215.4025421142578,3968400,0.0,0.0
2020-01-17 00:00:00-05:00,215.8425038653172,216.04090592763293,213.91896204515479,215.17832946777344,3108400,0.0,0.0
2020-01-21 00:00:00-05:00,213.23751156792014,214.65213629719457,211.8487630769597,211.9350128173828,2492400,0.0,0.0
2020-01-22 00:00:00-05:00,212.71998207263584,214.36750627585957,212.4870827422953,213.09951782226562,2030900,0.0,0.0
2020-01-23 00:00:00-05:00,210.8999435577658,213.05638469843825,209.50257391040913,211.83152770996094,2806800,0.0,0.0
2020-01-24 00:00:00-05:00,211.39157693605117,211.94362523316042,207.53585988088165,208.67445373535156,2877400,0.0,0.0
2020-01-27 00:00:00-05:00,203.88717653821422,206.1471356239427,202.71407212452857,205.4139404296875,2506200,0.0,0.0
2020-01-28 00:00:00-05:00,206.57843169224702,210.10636609338675,205.33631954077686,209.24378967285156,3123000,0.0,0.0
2020-01-29 00:00:00-05:00,210.91723211166396,212.62513007971782,206.64748061059214,207.12188720703125,3711600,0.0,0.0
2020-01-30 00:00:00-05:00,205.02575621370278,210.76188315820613,204.19767720129514,210.58074951171875,3261700,0.0,0.0
2020-01-31 00:00:00-05:00,208.7348584175574,209.51117187800997,204.32709268466436,205.07752990722656,3482800,0.0,0.0
2020-02-03 00:00:00-05:00,205.60374396762467,209.0799263601683,205.33634734694797,206.16441345214844,2733000,0.0,0.0
2020-02-04 00:00:00-05:00,209.50258120517327,210.24439750986912,208.355352898965,208.69175720214844,3052500,0.0,0.0
2020-02-05 00:00:00-05:00,211.32264271929273,211.44340291495882,209.60611057344127,210.7274627685547,3126600,0.0,0.0
2020-02-06 00:00:00-05:00,211.6331353652617,211.9954158915726,208.03618001872573,208.58824157714844,2225600,0.0,0.0
2020-02-07 00:00:00-05:00,206.8026756959803,207.46686315726186,204.04243406463323,205.2931671142578,3006500,0.0,0.0
2020-02-10 00:00:00-05:00,204.7756319082998,205.18104386887939,203.10224474979947,204.7411346435547,2591300,0.0,0.0
2020-02-11 00:00:00-05:00,206.15576683285536,206.63018650187436,203.75780540967398,203.96482849121094,2238800,0.0,0.0
2020-02-12 00:00:00-05:00,205.30181817012735,208.03618396442494,205.05167678836077,205.85386657714844,2119200,0.0,0.0
2020-02-13 00:00:00-05:00,205.16380456804902,206.12988593632033,204.05970781520423,205.5950927734375,1461300,0.0,0.0
2020-02-14 00:00:00-05:00,205.24141946125923,206.16436931444818,203.76640810696284,204.49960327148438,1718700,0.0,0.0
2020-02-18 00:00:00-05:00,204.04243986154142,204.49098325246305,199.427651087277,201.16143798828125,2736500,0.0,0.0
2020-02-19 00:00:00-05:00,202.7054662828856,205.1206829816093,201.22183373203555,204.71527099609375,2207100,0.0,0.0
2020-02-20 00:00:00-05:00,203.9217095672328,204.34436362043357,199.4708117547424,200.74742126464844,3183700,0.0,0.0
2020-02-21 00:00:00-05:00,199.17753797247013,199.9452305124892,196.98658634463646,198.92738342285156,3081600,0.0,0.0
2020-02-24 00:00:00-05:00,192.55294924925394,195.53746974349127,191.95776935575915,193.68292236328125,4139400,0.0,0.0
2020-02-25 00:00:00-05:00,193.88994853996562,194.830153785139,186.2216438262901,187.7052764892578,5343100,0.0,0.0
2020-02-26 00:00:00-05:00,188.6454301471371,189.7667819455529,185.24687749184943,186.126708984375,4171100,0.0,0.0
2020-02-27 00:00:00-05:00,181.56367792022252,184.14277246025426,177.14727861102966,177.42330932617188,5848200,0.0,0.0
2020-02-28 00:00:00-05:00,172.78034661191717,175.52275727080104,169.1006691002298,174.23834228515625,6727100,1.25,0.0
2020-03-02 00:00:00-05:00,174.79374805735947,181.9187922550622,171.51327468328623,181.7886199951172,5285500,0.0,0.0
2020-03-03 00:00:00-05:00,181.38073174083266,183.80202850538186,175.40991681248323,176.5467987060547,5677200,0.0,0.0
2020-03-04 00:00:00-05:00,178.63831632291837,181.3112970417284,175.9132667008759,181.15509033203125,3520400,0.0,0.0
2020-03-05 00:00:00-05:00,174.72435207577956,176.58155171516887,170.92316244543147,172.52000427246094,4151500,0.0,0.0
2020-03-06 00:00:00-05:00,165.4817579030237,170.3590876291222,164.26677227294942,167.36500549316406,5071900,0.0,0.0
2020-03-09 00:00:00-04:00,150.641484646978,155.5621951729918,147.67343765870046,149.97323608398438,6443000,0.0,0.0
2020-03-10 00:00:00-04:00,157.6189942148014,160.89946785065587,150.3897983899082,159.9882354736328,6803900,0.0,0.0
2020-03-11 00:00:00-04:00,154.89395148763657,156.881336522119,148.37639908590947,149.17481994628906,5314000,0.0,0.0
2020-03-12 00:00:00-04:00,138.85608899434976,144.7140802487989,130.1775834322029,130.76771545410156,8357700,0.0,0.0
2020-03-13 00:00:00-04:00,141.3033905847299,154.09549538518942,132.21699698836042,153.7570343017578,6368400,0.0,0.0
2020-03-16 00:00:00-04:00,130.37715671700568,147.13534515806592,130.17755484077327,134.22174072265625,6888000,0.0,0.0
2020-03-17 00:00:00-04:00,136.252504256103,144.70537138929922,130.1775518370411,137.70181274414062,6876300,0.0,0.0
2020-03-18 00:00:00-04:00,130.17757821164426,135.35864688385556,117.51564228242187,121.51643371582031,9543200,0.0,0.0
2020-03-19 00:00:00-04:00,119.22527244222178,132.33849034396818,113.55821132824705,129.7349395751953,6548200,0.0,0.0
2020-03-20 00:00:00-04:00,129.3010130875335,129.47458048849126,120.01500484933932,120.11915588378906,7561300,0.0,0.0
2020-03-23 00:00:00-04:00,118.05370083167551,123.18270039428488,115.64975127188667,117.13378143310547,5472600,0.0,0.0
2020-03-24 00:00:00-04:00,125.24819734549608,133.5621939355515,124.64937834906979,133.30184936523438,6647400,0.0,0.0
2020-03-25 00:00:00-04:00,134.16967901283178,140.77402117886422,126.11602824761735,134.629638671875,8587800,0.0,0.0
2020-03-26 00:00:00-04:00,135.70574196917403,145.50377889613517,133.91797253850962,143.88088989257812,6762200,0.0,0.0
2020-03-27 00:00:00-04:00,138.0576652153619,142.09316492132808,136.2525345067009,137.4154510498047,4186700,0.0,0.0
2020-03-30 00:00:00-04:00,137.5716784541691,139.2292630074798,132.93734626567587,138.52630615234375,4152800,0.0,0.0
2020-03-31 00:00:00-04:00,137.2331778288589,139.81069438540825,133.40595467006196,134.16098022460938,3588200,0.0,0.0
2020-04-01 00:00:00-04:00,126.79297405522651,129.80441660394538,125.83833312766332,126.09000396728516,4689100,0.0,0.0
2020-04-02 00:00:00-04:00,124.11996974221628,130.5680919527708,122.9483663880383,130.11680603027344,4446900,0.0,0.0
2020-04-03 00:00:00-04:00,129.48326861673624,130.97597226711684,126.03790169325434,127.51324462890625,2801600,0.0,0.0
2020-04-06 00:00:00-04:00,134.9246992727795,137.92745416373805,133.44935627924204,137.31996154785156,4689400,0.0,0.0
2020-04-07 00:00:00-04:00,144.0631599148074,146.78820951844185,140.98228848502762,144.0805206298828,4953500,0.0,0.0
2020-04-08 00:00:00-04:00,146.27621780928678,154.56419349119352,146.27621780928678,153.57484436035156,5194800,0.0,0.0
2020-04-09 00:00:00-04:00,156.71642734723662,162.57441756690406,156.0134706396519,159.9101104736328,6445800,0.0,0.0
2020-04-13 00:00:00-04:00,159.5543231605724,160.5263115039689,155.45806765290416,155.50144958496094,4774300,0.0,0.0
2020-04-14 00:00:00-04:00,158.25255527326323,159.14644029271062,151.4746312606578,154.677001953125,4149600,0.0,0.0
2020-04-15 00:00:00-04:00,148.08131109485126,157.67104697447402,146.79688302816527,154.92864990234375,6042700,0.0,0.0
2020-04-16 00:00:00-04:00,153.8004613035784,154.85923993602742,149.6087419457379,153.6442413330078,4662200,0.0,0.0
2020-04-17 00:00:00-04:00,159.2418975830078,160.7953441959638,154.72906425959658,159.2418975830078,5426700,0.0,0.0
2020-04-20 00:00:00-04:00,155.95274893251502,161.69792886366812,154.49476629242605,156.56024169921875,4674800,0.0,0.0
2020-04-21 00:00:00-04:00,152.25571094093885,155.51882442022375,150.71093793680964,150.8411102294922,3819000,0.0,0.0
2020-04-22 00:00:00-04:00,154.04347124887008,154.63360326127093,151.41388516524907,152.72433471679688,2314500,0.0,0.0
2020-04-23 00:00:00-04:00,153.6095267666003,155.40598352070563,151.39650551217147,151.91722106933594,2013300,0.0,0.0
2020-04-24 00:00:00-04:00,153.60952758789062,154.43398285585346,150.56337731652815,153.60952758789062,2024400,0.0,0.0
2020-04-27 00:00:00-04:00,155.43201825252734,159.90144269719266,155.10223084957647,159.28526306152344,2743100,0.0,0.0
2020-04-28 00:00:00-04:00,164.16259355779061,165.25608035260078,160.4395077284128,162.2967071533203,3344700,0.0,0.0
2020-04-29 00:00:00-04:00,167.15665805270325,168.1199724801726,164.51839878993212,164.9176025390625,3086300,0.0,0.0
2020-04-30 00:00:00-04:00,161.42017749011634,162.76534828433662,158.72983590167584,159.18112182617188,2695400,0.0,0.0
2020-05-01 00:00:00-04:00,155.3452147112298,155.8659302250772,153.30576106473072,153.69630432128906,2650200,0.0,0.0
2020-05-04 00:00:00-04:00,151.8738153699513,153.01069724051675,149.0272672041193,152.7677001953125,2990100,0.0,0.0
2020-05-05 00:00:00-04:00,155.43199958811425,158.46947574679163,154.59885744367375,154.7377166748047,3272600,0.0,0.0
2020-05-06 00:00:00-04:00,155.9353315798864,157.25446771017738,152.05605302055207,153.54006958007812,2408700,0.0,0.0
2020-05-07 00:00:00-04:00,155.50145331685084,159.14643617676003,155.50145331685084,158.2265167236328,2480100,0.0,0.0
2020-05-08 00:00:00-04:00,160.57836615799397,161.34207878419164,158.59099447326193,160.8907928466797,2277500,0.0,0.0
2020-05-11 00:00:00-04:00,158.41741383354525,160.42215947785184,157.30656632733078,158.9554901123047,2212200,0.0,0.0
2020-05-12 00:00:00-04:00,159.5890446744992,159.9448665950292,153.3925919834746,153.79180908203125,3549200,0.0,0.0
2020-05-13 00:00:00-04:00,152.44664468055953,153.50542350741264,148.19416865270787,149.09674072265625,3445300,0.0,0.0
2020-05-14 00:00:00-04:00,146.70145536272986,151.68292243018217,143.50777160324535,151.3965301513672,4176700,0.0,0.0
2020-05-15 00:00:00-04:00,150.5547106268638,151.08409999529522,148.03794931341187,149.157470703125,2867800,0.0,0.0
2020-05-18 00:00:00-04:00,154.22574515722724,158.90345964071145,152.08215298790415,157.8446807861328,4505800,0.0,0.0
2020-05-19 00:00:00-04:00,156.69906180347735,158.11366215419412,154.23436991330186,154.329833984375,2210500,0.0,0.0
2020-05-20 00:00:00-04:00,157.0375323364081,159.53694580720827,156.47343485500926,157.46278381347656,2599900,0.0,0.0
2020-05-21 00:00:00-04:00,156.38667335364966,157.22848948363722,154.19968616340932,156.29989624023438,2153500,0.0,0.0
2020-05-22 00:00:00-04:00,156.23908830048785,156.76847751267636,154.5294221517321,156.1522979736328,2176400,0.0,0.0
2020-05-26 00:00:00-04:00,161.09908301324913,171.05332871820744,160.74326115115528,170.1507568359375,5971200,0.0,0.0
2020-05-27 00:00:00-04:00,176.1736495433353,182.86478265065352,173.57877180991002,181.9535369873047,8182100,0.0,0.0
2020-05-28 00:00:00-04:00,182.97759316445914,183.3854839519869,174.62020199481293,174.62887573242188,4886100,0.0,0.0
2020-05-29 00:00:00-04:00,172.23607416698806,175.45846197787859,169.98302241851889,171.58985900878906,3822600,1.25,0.0
2020-06-01 00:00:00-04:00,172.30592585088954,176.2007390668588,170.3934510500617,174.59390258789062,2230800,0.0,0.0
2020-06-02 00:00:00-04:00,177.94729343701738,180.33133103148413,175.80777183556657,178.27040100097656,4128700,0.0,0.0
2020-06-03 00:00:00-04:00,182.06919045223302,185.07324659403068,180.2702319597387,183.88560485839844,3471900,0.0,0.0
2020-06-04 00:00:00-04:00,182.33115280902584,187.7454705899974,181.60634600121196,187.59701538085938,3522300,0.0,0.0
2020-06-05 00:00:00-04:00,193.86710275210666,194.72290875394197,190.07709141885616,190.30413818359375,4737600,0.0,0.0
2020-06-08 00:00:00-04:00,192.13806018102292,194.09418857889477,190.58363101123177,192.82794189453125,3260300,0.0,0.0
2020-06-09 00:00:00-04:00,188.40041923301993,192.13803647509374,187.89391795674143,190.4613494873047,2478400,0.0,0.0
2020-06-10 00:00:00-04:00,189.8413173705524,191.9895804765469,185.83298693236455,186.4617462158203,3091200,0.0,0.0
2020-06-11 00:00:00-04:00,178.7594271531938,180.68062988924459,169.4328546022148,169.52891540527344,4923400,0.0,0.0
2020-06-12 00:00:00-04:00,175.19647020399415,177.22247510850585,171.34533661458815,176.20947265625,3380800,0.0,0.0
2020-06-15 00:00:00-04:00,170.92618096517836,180.75926995961143,170.4196796618575,180.16543579101562,3467400,0.0,0.0
2020-06-16 00:00:00-04:00,187.7367389589937,187.7367389589937,177.91239085562214,183.02978515625,3099100,0.0,0.0
2020-06-17 00:00:00-04:00,183.38778414767316,184.07766566308,179.40565153820026,180.06060791015625,1798300,0.0,0.0
2020-06-18 00:00:00-04:00,178.13946794352097,180.99506913666957,176.98673792692338,178.0084686279297,2051700,0.0,0.0
2020-06-19 00:00:00-04:00,180.81164142094022,181.13474899626192,175.5021263535074,176.0784912109375,4962400,0.0,0.0
2020-06-22 00:00:00-04:00,175.51960998281257,178.65466515891544,174.65506262577043,177.64166259765625,1806900,0.0,0.0
2020-06-23 00:00:00-04:00,180.331349770224,181.2133530277457,177.833781874784,178.82931518554688,2451800,0.0,0.0
2020-06-24 00:00:00-04:00,176.69853759418643,176.9343256783592,172.36709916157713,172.92599487304688,2756700,0.0,0.0
2020-06-25 00:00:00-04:00,172.78627691851557,181.10859069104748,172.56795806126104,180.8553466796875,3466500,0.0,0.0
2020-06-26 00:00:00-04:00,173.78179488329312,174.8646611157916,164.62113165245063,165.2149658203125,9530700,0.0,0.0
2020-06-29 00:00:00-04:00,167.12741838553694,169.32806237900317,164.75210868534137,168.9525604248047,3736000,0.0,0.0
2020-06-30 00:00:00-04:00,169.27568059525504,173.26655510385723,169.08355896365228,172.57666015625,3102800,0.0,0.0
2020-07-01 00:00:00-04:00,173.67700861407278,174.4280259599349,170.74280285874224,172.53302001953125,2620100,0.0,0.0
2020-07-02 00:00:00-04:00,176.83824604774935,177.27488369231168,172.14876200918926,172.38453674316406,2699400,0.0,0.0
2020-07-06 00:00:00-04:00,175.82524590045008,181.45786892671967,175.64186554931436,181.08236694335938,3567700,0.0,0.0
2020-07-07 00:00:00-04:00,179.4581177775531,179.64151149819182,173.94775142696338,174.09620666503906,2853500,0.0,0.0
2020-07-08 00:00:00-04:00,174.25335209357593,177.49320940505734,173.7992585196916,176.61993408203125,2789700,0.0,0.0
2020-07-09 00:00:00-04:00,176.49764099072667,176.8382177660119,170.2886541450485,171.88674926757812,3160100,0.0,0.0
2020-07-10 00:00:00-04:00,171.92170308283443,180.174165281654,171.88677793408465,179.51046752929688,4414800,0.0,0.0
2020-07-13 00:00:00-04:00,182.51454829953042,185.99018046434313,180.76799759809953,182.40975952148438,4449600,0.0,0.0
2020-07-14 00:00:00-04:00,184.63658141392148,187.14289046561495,180.77670637234542,186.88963317871094,5202000,0.0,0.0
2020-07-15 00:00:00-04:00,195.93677389919054,196.69653246779342,187.48347542998235,189.4134063720703,12516700,0.0,0.0
2020-07-16 00:00:00-04:00,186.4530008915761,192.5222747690225,186.44427293578977,187.46600341796875,5769600,0.0,0.0
2020-07-17 00:00:00-04:00,187.66690952921326,187.9026976576989,184.47945911595886,184.6191864013672,3614300,0.0,0.0
2020-07-20 00:00:00-04:00,184.02529939026735,186.15609324447178,183.6061309792328,184.88111877441406,2268700,0.0,0.0
2020-07-21 00:00:00-04:00,185.35267453058282,186.71498180854059,183.72838200875867,185.15182495117188,3393500,0.0,0.0
2020-07-22 00:00:00-04:00,183.8244532612921,184.26109091749467,179.32709073245488,179.89471435546875,4978400,0.0,0.0
2020-07-23 00:00:00-04:00,179.10875723974638,179.91216886236464,176.44526508996037,177.29234313964844,4088600,0.0,0.0
2020-07-24 00:00:00-04:00,177.2748765520272,178.9602913960934,175.80778052144873,175.9387664794922,3191500,0.0,0.0
2020-07-27 00:00:00-04:00,174.74238103521938,178.30533229200546,174.29700213427913,177.29234313964844,2601200,0.0,0.0
2020-07-28 00:00:00-04:00,176.32303576550254,177.79887329467485,175.6069435554397,176.0697784423828,2139600,0.0,0.0
2020-07-29 00:00:00-04:00,176.1396402380376,178.05211543876212,174.32322586144025,176.9081268310547,2635000,0.0,0.0
2020-07-30 00:00:00-04:00,174.21844696834708,174.64635672285837,171.42396827849143,174.24464416503906,3057900,0.0,0.0
2020-07-31 00:00:00-04:00,174.51532940401856,174.51532940401856,171.60732111182512,172.8735809326172,2399700,0.0,0.0
2020-08-03 00:00:00-04:00,173.3364026055149,174.55025462404296,171.62477731727793,174.12234497070312,2294600,0.0,0.0
2020-08-04 00:00:00-04:00,174.08739462645104,176.15705232695967,173.32763623661137,176.08718872070312,1944700,0.0,0.0
2020-08-05 00:00:00-04:00,177.42336775969278,178.85553893387032,177.2836404926692,178.602294921875,2232400,0.0,0.0
2020-08-06 00:00:00-04:00,179.02145740597746,180.1479768114771,177.99972678467543,178.3665008544922,1882400,0.0,0.0
2020-08-07 00:00:00-04:00,177.6940337538468,182.33986420838565,176.79456136492522,181.8770294189453,3075000,0.0,0.0
2020-08-10 00:00:00-04:00,183.02973957645557,183.9466811694498,181.6761603987138,182.8463592529297,2432800,0.0,0.0
2020-08-11 00:00:00-04:00,185.7630859527667,189.45703600638393,183.85061129394217,184.31344604492188,4042700,0.0,0.0
2020-08-12 00:00:00-04:00,187.49225121768285,188.58384561616157,182.75037154675212,185.24794006347656,2439400,0.0,0.0
2020-08-13 00:00:00-04:00,183.74587731195814,185.30903439108238,181.37056719414505,181.9818572998047,2219900,0.0,0.0
2020-08-14 00:00:00-04:00,181.1697009191246,182.93370744386937,180.42741157867476,181.6150665283203,2287600,0.0,0.0
2020-08-17 00:00:00-04:00,180.7679636223629,181.51025286100588,176.864422472334,177.33599853515625,3922600,0.0,0.0
2020-08-18 00:00:00-04:00,177.66786570614508,177.7813957646712,175.6156766470429,175.79905700683594,3067900,0.0,0.0
2020-08-19 00:00:00-04:00,176.75090342920365,179.98203248065178,176.2007490885167,177.29234313964844,2458500,0.0,0.0
2020-08-20 00:00:00-04:00,175.31876482677006,177.5194225698195,174.95199075711602,176.27064514160156,1764200,0.0,0.0
2020-08-21 00:00:00-04:00,174.75112307503804,177.58053988065882,174.4978790978187,176.77711486816406,1780900,0.0,0.0
2020-08-24 00:00:00-04:00,177.37097477513245,181.14351773886403,175.80781760390383,181.06492614746094,3097400,0.0,0.0
2020-08-25 00:00:00-04:00,183.37908764901002,183.8157253052126,179.16989424715757,179.89471435546875,2627600,0.0,0.0
2020-08-26 00:00:00-04:00,179.7986557466104,181.0125079127587,179.04763843571206,180.96011352539062,2563200,0.0,0.0
2020-08-27 00:00:00-04:00,180.48856248704558,186.00766969276938,180.25278771110308,183.51882934570312,3692400,0.0,0.0
2020-08-28 00:00:00-04:00,185.03830005109864,185.13436086568484,180.846576007983,181.3880157470703,3697400,0.0,0.0
2020-08-31 00:00:00-04:00,180.5446028186344,181.34409795118447,178.9016951509682,179.99110412597656,3046200,1.25,0.0
2020-09-01 00:00:00-04:00,178.8753336331063,181.6076635942997,178.35697156022,180.50946044921875,2457000,0.0,0.0
2020-09-02 00:00:00-04:00,180.79934358330468,185.31515361287643,180.4303489979075,184.53323364257812,3565200,0.0,0.0
2020-09-03 00:00:00-04:00,186.0355790547314,189.09297230281035,180.83449151110594,182.35440063476562,3533500,0.0,0.0
2020-09-04 00:00:00-04:00,185.28004380351976,187.44131343707943,180.38645768348147,185.323974609375,3668900,0.0,0.0
2020-09-08 00:00:00-04:00,184.06763584464437,184.46299971854666,176.82828898009717,177.89134216308594,4574700,0.0,0.0
2020-09-09 00:00:00-04:00,179.39364114651892,179.95592049157906,177.49594332976704,177.66287231445312,4681400,0.0,0.0
2020-09-10 00:00:00-04:00,178.98952102903527,180.4128012888842,175.31713648756823,175.7212677001953,2510300,0.0,0.0
2020-09-11 00:00:00-04:00,175.9233815903671,177.3905795381848,174.7900283179069,176.5207977294922,2376400,0.0,0.0
2020-09-14 00:00:00-04:00,178.61175890612304,178.61175890612304,176.301135241591,176.8897705078125,2756900,0.0,0.0
2020-09-15 00:00:00-04:00,177.4696334684738,177.98798215081632,173.93780829631865,173.95538330078125,3717600,0.0,0.0
2020-09-16 00:00:00-04:00,174.3858805937798,179.05104546142894,174.016885941594,176.30992126464844,3571400,0.0,0.0
2020-09-17 00:00:00-04:00,174.13986388522304,175.6158423221293,170.8891721931723,171.17031860351562,4274800,0.0,0.0
2020-09-18 00:00:00-04:00,171.32846480100523,172.76930673535645,169.01785458912343,171.19668579101562,9066300,0.0,0.0
2020-09-21 00:00:00-04:00,166.83901984016555,170.59048561387715,164.70411931738238,170.44113159179688,4871300,0.0,0.0
2020-09-22 00:00:00-04:00,170.44112649076192,172.3212497209744,165.54752688817615,168.3501434326172,3355800,0.0,0.0
2020-09-23 00:00:00-04:00,168.68403451182039,169.49231056849322,163.2984409951018,163.51808166503906,3116100,0.0,0.0
2020-09-24 00:00:00-04:00,166.03075823093002,173.48097881351788,164.33513882895855,171.41635131835938,5114600,0.0,0.0
2020-09-25 00:00:00-04:00,169.52741093616694,171.662311187958,166.58422145861107,171.27574157714844,3106000,0.0,0.0
2020-09-28 00:00:00-04:00,173.76206330280655,177.35538015465798,173.2085647235569,174.89541625976562,3280100,0.0,0.0
2020-09-29 00:00:00-04:00,174.09597390289971,174.6318976432,171.69748827185967,172.892333984375,2400000,0.0,0.0
2020-09-30 00:00:00-04:00,174.5528119106879,178.41849541581604,174.2716788481303,176.56472778320312,3075800,0.0,0.0
2020-10-01 00:00:00-04:00,177.05668032733,178.46238553701536,173.84113870908865,174.43856811523438,2288700,0.0,0.0
2020-10-02 00:00:00-04:00,171.6184357710358,176.3275324113837,171.5745049545756,175.6246795654297,2541200,0.0,0.0
2020-10-05 00:00:00-04:00,177.40810353511114,178.20759855695292,175.3522706839169,177.2938995361328,2551600,0.0,0.0
2020-10-06 00:00:00-04:00,179.4463498075749,181.0629012224771,175.62459843956242,176.6700897216797,2833100,0.0,0.0
2020-10-07 00:00:00-04:00,179.13886316403108,180.1052871402737,176.74039163037185,178.87530517578125,2326600,0.0,0.0
2020-10-08 00:00:00-04:00,180.23710083593386,182.88158267743876,179.32340168722223,182.7234344482422,2330600,0.0,0.0
2020-10-09 00:00:00-04:00,183.40870033614576,184.33119363054743,181.04537850214103,182.33685302734375,3040900,0.0,0.0
2020-10-12 00:00:00-04:00,182.22265099504747,188.79429472889694,182.22265099504747,188.1177978515625,3474200,0.0,0.0
2020-10-13 00:00:00-04:00,188.02117544462496,188.10903706612527,183.77771651754392,185.20977783203125,3317300,0.0,0.0
2020-10-14 00:00:00-04:00,187.90696469754903,188.4077383859322,184.7353533184529,185.57876586914062,7550100,0.0,0.0
2020-10-15 00:00:00-04:00,184.12916085675838,185.13950253678541,181.77460599574792,183.26817321777344,4325700,0.0,0.0
2020-10-16 00:00:00-04:00,183.02211733622948,184.4980956667808,180.81691723212074,181.16835021972656,3244500,0.0,0.0
2020-10-19 00:00:00-04:00,182.2050400880958,182.6618962508258,179.74506289636153,180.71148681640625,3235300,0.0,0.0
2020-10-20 00:00:00-04:00,181.598874712639,185.71055437936394,181.396809081645,182.76736450195312,3335500,0.0,0.0
2020-10-21 00:00:00-04:00,182.2050754907527,182.69706834353488,177.4784049728955,178.2691192626953,3083600,0.0,0.0
2020-10-22 00:00:00-04:00,178.52393660638919,181.30897873559408,177.64537391304495,180.45677185058594,2136900,0.0,0.0
2020-10-23 00:00:00-04:00,181.65155501975008,182.92548121051584,179.2443026496757,180.1404266357422,2110200,0.0,0.0
2020-10-26 00:00:00-04:00,177.90014568275186,178.18127874370774,174.4034568829156,176.71408081054688,3249700,0.0,0.0
2020-10-27 00:00:00-04:00,175.7125109286558,176.23085961850316,171.67991202023532,171.9171142578125,3430400,0.0,0.0
2020-10-28 00:00:00-04:00,168.07777269478743,169.88760911642603,165.99558407068065,166.72479248046875,4214600,0.0,0.0
2020-10-29 00:00:00-04:00,166.75116255477081,168.9914995756447,164.20332330142026,166.87416076660156,3581200,0.0,0.0
2020-10-30 00:00:00-04:00,166.49636047114365,167.27828049379798,162.99090497225237,166.08343505859375,3658800,0.0,0.0
2020-11-02 00:00:00-05:00,168.6839692138282,169.29896017042745,165.3717854397042,167.10255432128906,2459600,0.0,0.0
2020-11-03 00:00:00-05:00,170.3883893048177,174.83391278136597,169.75582332178814,173.8938446044922,4545500,0.0,0.0
2020-11-04 00:00:00-05:00,172.41787392478244,176.43291059567406,171.2318093023435,173.8411407470703,3868500,0.0,0.0
2020-11-05 00:00:00-05:00,175.4049962063371,179.33217161895584,174.8866475533283,178.31304931640625,2892800,0.0,0.0
2020-11-06 00:00:00-05:00,179.52546270450577,179.56939351180898,176.08149922357745,176.81948852539062,2475100,0.0,0.0
2020-11-09 00:00:00-05:00,188.44288100533774,191.5266306451416,183.94463175681042,188.82943725585938,6960500,0.0,0.0
2020-11-10 00:00:00-05:00,189.11060974884148,191.86051512354774,185.53485334110508,191.06101989746094,4166500,0.0,0.0
2020-11-11 00:00:00-05:00,192.08889000041486,193.2134488432771,188.91727907798963,191.57054138183594,2680700,0.0,0.0
2020-11-12 00:00:00-05:00,189.08423453258288,190.5250765893933,186.60668168781092,188.46044921875,3005500,0.0,0.0
2020-11-13 00:00:00-05:00,189.63772593062848,194.1271809588876,189.25115627562374,192.47547912597656,2832100,0.0,0.0
2020-11-16 00:00:00-05:00,196.3850514769711,197.3251196762955,193.31008308828493,195.3747100830078,3004700,0.0,0.0
2020-11-17 00:00:00-05:00,193.30134393245885,197.54480283169116,191.816571017136,197.36907958984375,2722900,0.0,0.0
2020-11-18 00:00:00-05:00,197.67656027578747,200.06625132136318,196.3674973394288,197.0615692138672,2856200,0.0,0.0
2020-11-19 00:00:00-05:00,197.06155148522998,197.6238308920859,195.13749766004847,197.29876708984375,1505200,0.0,0.0
2020-11-20 00:00:00-05:00,195.91945696065153,197.5096530986775,195.5943930932189,196.22695922851562,1848100,0.0,0.0
2020-11-23 00:00:00-05:00,198.6078211814615,202.06935930757118,198.31789397028086,201.04144287109375,3371300,0.0,0.0
2020-11-24 00:00:00-05:00,203.03576050854633,209.2032584337263,202.622835139593,208.65855407714844,3915200,0.0,0.0
2020-11-25 00:00:00-05:00,206.46218992077416,208.614665389852,204.20427783451615,207.81517028808594,2272800,0.0,0.0
2020-11-27 00:00:00-05:00,208.21933466233025,208.4829061215441,205.39914283860435,206.81362915039062,1050400,0.0,0.0
2020-11-30 00:00:00-05:00,203.87045231713114,206.46220928443506,202.3856793905404,202.57896423339844,2705400,0.0,0.0
2020-12-01 00:00:00-05:00,204.9021198607571,207.4726612271663,204.36327516960492,205.00811767578125,2577600,1.25,0.0
2020-12-02 00:00:00-05:00,205.00814662251423,210.35242403942115,204.56647102572637,209.92840576171875,2136300,0.0,0.0
2020-12-03 00:00:00-05:00,209.6103775472184,210.98841659177185,207.26950251305666,208.002685546875,2142600,0.0,0.0
2020-12-04 00:00:00-05:00,209.97256578741994,211.7834383417993,209.31005242451545,211.63327026367188,2373000,0.0,0.0
2020-12-07 00:00:00-05:00,210.71458443079803,211.87178579821284,207.9850325210254,210.6350860595703,1788600,0.0,0.0
2020-12-08 00:00:00-05:00,209.36309495685217,211.2888078752539,208.98326035284038,210.97962951660156,1371800,0.0,0.0
2020-12-09 00:00:00-05:00,212.00428920136247,216.7390521993477,211.58911305670023,214.49534606933594,3552300,0.0,0.0
2020-12-10 00:00:00-05:00,212.00428195096237,216.58003456654671,211.57143502291956,215.89102172851562,2541700,0.0,0.0
2020-12-11 00:00:00-05:00,212.71980914470132,213.0643155878459,209.44258360484113,211.99546813964844,2077300,0.0,0.0
2020-12-14 00:00:00-05:00,214.9016968523305,215.09603521091285,209.69875838782096,210.05209350585938,1927800,0.0,0.0
2020-12-15 00:00:00-05:00,211.56263555920447,215.19320992778867,209.52209622045115,214.15084838867188,2348000,0.0,0.0
2020-12-16 00:00:00-05:00,215.14903924754725,215.44937545290978,212.99365993118832,215.3345489501953,2400900,0.0,0.0
2020-12-17 00:00:00-05:00,216.4210734851517,217.24258374321664,214.6543708444566,215.9175567626953,2983600,0.0,0.0
2020-12-18 00:00:00-05:00,216.76553838099716,216.76553838099716,212.49895070467014,213.8858184814453,4088100,0.0,0.0
2020-12-21 00:00:00-05:00,221.09395104934734,230.4221504163025,219.74242488254325,227.0035858154297,7408500,0.0,0.0
2020-12-22 00:00:00-05:00,226.8976065988553,227.63964542877952,220.6611619293461,220.91732788085938,3599800,0.0,0.0
2020-12-23 00:00:00-05:00,222.16281662655172,230.18363329385113,221.98614909041575,226.53541564941406,3376100,0.0,0.0
2020-12-24 00:00:00-05:00,227.0565738608157,227.56890563643847,224.15034119917067,226.2792205810547,968100,0.0,0.0
2020-12-28 00:00:00-05:00,227.73677895184872,232.01219567954735,227.0212666105902,229.30914306640625,2793400,0.0,0.0
2020-12-29 00:00:00-05:00,229.90100774386732,230.430996934112,226.57959837704826,227.91346740722656,1430900,0.0,0.0
2020-12-30 00:00:00-05:00,228.62012811679335,230.24549113395327,227.75443421252493,229.18548583984375,1566500,0.0,0.0
2020-12-31 00:00:00-05:00,228.61124462685885,233.14283989934322,227.90457455860837,232.94850158691406,2043100,0.0,0.0
2021-01-04 00:00:00-05:00,235.85476079976783,236.36709261350862,229.81264207263496,234.0880584716797,3572000,0.0,0.0
2021-01-05 00:00:00-05:00,233.0986798144916,241.59651261782997,231.9414920934893,239.3262939453125,4207100,0.0,0.0
2021-01-06 00:00:00-05:00,244.06112211258193,254.7408353895926,241.24322949499603,252.24093627929688,6383500,0.0,0.0
2021-01-07 00:00:00-05:00,254.20198726344097,261.37482227678714,253.23913760649322,257.62939453125,4009700,0.0,0.0
2021-01-08 00:00:00-05:00,257.938569484251,258.1859067602413,251.80810954605397,256.2425231933594,2800800,0.0,0.0
2021-01-11 00:00:00-05:00,253.3450664850745,260.5885557674673,251.04837535636221,259.5550231933594,2649700,0.0,0.0
2021-01-12 00:00:00-05:00,262.4789800962316,268.5210988756753,261.4896041394365,266.9575500488281,4814400,0.0,0.0
2021-01-13 00:00:00-05:00,265.07604874984344,268.291460451973,264.2103817206105,267.6024475097656,2413800,0.0,0.0
2021-01-14 00:00:00-05:00,268.58292828761216,273.31770485593785,268.1324374956191,271.95733642578125,3192200,0.0,0.0
2021-01-15 00:00:00-05:00,266.05654923586974,269.2984330331938,262.2493077326344,265.8975524902344,3863700,0.0,0.0
2021-01-19 00:00:00-05:00,269.4220777967928,270.83544490792957,259.5285349765705,259.88189697265625,6727800,0.0,0.0
2021-01-20 00:00:00-05:00,261.31290850587783,262.75277499989653,253.94576414098026,256.58697509765625,4792600,0.0,0.0
2021-01-21 00:00:00-05:00,256.569299032839,258.59215333679197,254.87325331555974,255.61526489257812,2516000,0.0,0.0
2021-01-22 00:00:00-05:00,253.2479065464085,256.69297013920084,252.19671667405555,255.63296508789062,2568800,0.0,0.0
2021-01-25 00:00:00-05:00,252.22326324526904,252.94761768817767,245.12995429479585,250.0237274169922,4575000,0.0,0.0
2021-01-26 00:00:00-05:00,250.809908219889,252.43527124787406,247.40900059343969,248.89305114746094,3296800,0.0,0.0
2021-01-27 00:00:00-05:00,243.8049248605227,245.01511165981685,239.67084782187544,241.4463653564453,3891800,0.0,0.0
2021-01-28 00:00:00-05:00,242.5771079798935,247.18820323248815,239.6797165502235,242.9392852783203,3778700,0.0,0.0
2021-01-29 00:00:00-05:00,242.27678952620028,245.04168384415405,239.05256216464824,239.53842163085938,3412000,0.0,0.0
2021-02-01 00:00:00-05:00,240.8545467159498,244.51160674623222,240.27153167621844,242.68309020996094,2324100,0.0,0.0
2021-02-02 00:00:00-05:00,245.85437683863827,254.62605008192222,245.5716979107524,253.495361328125,5195500,0.0,0.0
2021-02-03 00:00:00-05:00,253.17731794974216,256.00405305804213,251.91413198677586,254.89102172851562,2712800,0.0,0.0
2021-02-04 00:00:00-05:00,256.17183863863033,261.32176408502966,255.74782037333924,259.4844055175781,2994700,0.0,0.0
2021-02-05 00:00:00-05:00,260.58863781176797,262.5673361300305,258.106422774316,259.26361083984375,2938100,0.0,0.0
2021-02-08 00:00:00-05:00,260.58856477906403,265.7915155036877,260.1468892455402,265.1378173828125,2826200,0.0,0.0
2021-02-09 00:00:00-05:00,264.6520130706099,267.1695692695184,262.9736512572502,265.41168212890625,2071700,0.0,0.0
2021-02-10 00:00:00-05:00,265.00545049884926,269.5812048076031,263.0179096201079,268.78619384765625,3213700,0.0,0.0
2021-02-11 00:00:00-05:00,268.52108411691916,269.430934695444,264.27216737123416,267.0547180175781,2159900,0.0,0.0
2021-02-12 00:00:00-05:00,266.76323921905083,270.92384307629635,266.5689008629306,270.5881652832031,1977300,0.0,0.0
2021-02-16 00:00:00-05:00,273.8388905437668,276.41828808384315,273.1498776394179,275.57025146484375,2792200,0.0,0.0
2021-02-17 00:00:00-05:00,273.86543311851403,278.238033326101,272.7435865467163,276.2593078613281,2333100,0.0,0.0
2021-02-18 00:00:00-05:00,273.149876931145,277.8139704925837,271.7011679290832,273.75054931640625,2093300,0.0,0.0
2021-02-19 00:00:00-05:00,274.04200504795784,279.8279436233973,274.04200504795784,278.8032531738281,2749500,0.0,0.0
2021-02-22 00:00:00-05:00,276.48893625816174,283.1670694309729,275.79108123509366,279.9075012207031,3162300,0.0,0.0
2021-02-23 00:00:00-05:00,280.8880435422913,282.6724033838652,274.35122264784655,281.97454833984375,2942500,0.0,0.0
2021-02-24 00:00:00-05:00,282.8225406982253,292.36272203630887,282.76069964980525,292.07122802734375,3934400,0.0,0.0
2021-02-25 00:00:00-05:00,294.4474367430695,296.63815737258193,288.22866385019177,289.5271911621094,4244000,0.0,0.0
2021-02-26 00:00:00-05:00,287.7692715780003,290.33982645529255,281.8243360635596,282.2130126953125,3732200,0.0,0.0
2021-03-01 00:00:00-05:00,288.2168455507395,293.57325235048376,286.71811578878516,292.58001708984375,2957800,1.25,0.0
2021-03-02 00:00:00-05:00,292.6509745909396,298.1403995824482,292.21644089509147,293.4845886230469,2850300,0.0,0.0
2021-03-03 00:00:00-05:00,295.9143826357523,301.6077845528015,295.53305615533804,296.5794982910156,3606300,0.0,0.0
2021-03-04 00:00:00-05:00,295.4267216123383,301.30634991988785,287.2591067419561,292.0213317871094,3647600,0.0,0.0
2021-03-05 00:00:00-05:00,297.5993654931295,297.5993654931295,280.6433530883748,290.3185729980469,3740200,0.0,0.0
2021-03-08 00:00:00-05:00,293.8570110018128,299.3819159024709,291.8528138261865,296.3667297363281,2998000,0.0,0.0
2021-03-09 00:00:00-05:00,291.42709495455495,298.3177110259381,288.7223018946111,293.17413330078125,3324800,0.0,0.0
2021-03-10 00:00:00-05:00,294.48666342216467,303.6475126761358,294.0077724922222,303.3105163574219,3153100,0.0,0.0
2021-03-11 00:00:00-05:00,300.33080331932194,305.95324521564936,298.3797862924951,303.3814697265625,2756600,0.0,0.0
2021-03-12 00:00:00-05:00,306.14837730695365,310.38738102816444,304.7472118948816,309.3320617675781,2436700,0.0,0.0
2021-03-15 00:00:00-04:00,309.89079725892583,312.53353413490333,303.2928454730185,306.88446044921875,2276200,0.0,0.0
2021-03-16 00:00:00-04:00,306.2015716636698,307.6382174373144,299.5238102265817,303.0356140136719,2332600,0.0,0.0
2021-03-17 00:00:00-04:00,305.6162389529888,307.7534807425325,301.8738533696748,305.9089050292969,2710900,0.0,0.0
2021-03-18 00:00:00-04:00,311.05246625001405,316.46207977143575,307.7180106242926,308.61370849609375,3713000,0.0,0.0
2021-03-19 00:00:00-04:00,307.2125486722792,307.93972133799116,302.07784740511124,305.2438049316406,3513000,0.0,0.0
2021-03-22 00:00:00-04:00,302.45916734449065,304.07318805575716,297.9718552607143,300.9249572753906,2094500,0.0,0.0
2021-03-23 00:00:00-04:00,299.4085201549401,303.1952633791988,293.8304081431107,294.2206115722656,2457500,0.0,0.0
2021-03-24 00:00:00-04:00,295.68385815919993,298.80545821415905,291.2674800090867,291.4537048339844,3332200,0.0,0.0
2021-03-25 00:00:00-04:00,290.3008911241844,293.8836559290498,285.48545906924005,293.1387023925781,2804700,0.0,0.0
2021-03-26 00:00:00-04:00,296.6504952888918,297.4841091768927,286.1682647885113,290.3363342285156,3082600,0.0,0.0
2021-03-29 00:00:00-04:00,284.09309575282975,290.66444221701005,281.7607523322967,288.86419677734375,4533200,0.0,0.0
2021-03-30 00:00:00-04:00,292.127670931156,297.75011209356774,291.6310534007214,294.43341064453125,2717300,0.0,0.0
2021-03-31 00:00:00-04:00,292.85495102130136,295.00104299673825,288.60707023776837,289.9905090332031,2624500,0.0,0.0
2021-04-01 00:00:00-04:00,287.59603848776317,292.3494131045408,287.4718976212763,290.55804443359375,2659000,0.0,0.0
2021-04-05 00:00:00-04:00,295.1783903911056,295.1783903911056,286.48752790750706,286.9220886230469,3235000,0.0,0.0
2021-04-06 00:00:00-04:00,287.7645342160619,291.35617546163394,287.33000059157786,290.0436706542969,1801700,0.0,0.0
2021-04-07 00:00:00-04:00,290.61126599465626,291.9414975563096,286.75358905313544,289.5914001464844,2157300,0.0,0.0
2021-04-08 00:00:00-04:00,287.5871968549901,293.9722919763844,286.4165866104641,293.66192626953125,2402800,0.0,0.0
2021-04-09 00:00:00-04:00,296.19822394539034,296.99635745946324,291.57789395807055,293.3692626953125,2347100,0.0,0.0
2021-04-12 00:00:00-04:00,295.01876092914745,296.6239048118771,292.5977297991973,294.2826843261719,2318800,0.0,0.0
2021-04-13 00:00:00-04:00,292.2163727965058,292.69523661206165,287.4896020921944,290.5934753417969,3575900,0.0,0.0
2021-04-14 00:00:00-04:00,291.36504735359966,305.4832504842742,289.2366822302439,297.39544677734375,9876800,0.0,0.0
2021-04-15 00:00:00-04:00,300.543608070573,302.7163301767381,296.6770818023734,300.23321533203125,4354800,0.0,0.0
2021-04-16 00:00:00-04:00,301.7763496861909,304.8358661415202,300.295346590321,303.5677185058594,4231900,0.0,0.0
2021-04-19 00:00:00-04:00,301.5191561425688,305.4477668876257,298.50396999386925,304.2594299316406,3228200,0.0,0.0
2021-04-20 00:00:00-04:00,301.49255536186587,301.93596588967614,292.07452008135647,294.31817626953125,3662300,0.0,0.0
2021-04-21 00:00:00-04:00,292.65095606486256,297.5018684494527,290.48711046705,297.3244934082031,2733300,0.0,0.0
2021-04-22 00:00:00-04:00,296.7480294440196,298.832064141813,292.9081065416572,293.40472412109375,2165200,0.0,0.0
2021-04-23 00:00:00-04:00,293.7594628321805,302.1133287473599,293.2894487741942,300.9427185058594,2163800,0.0,0.0
2021-04-26 00:00:00-04:00,303.23964252103565,306.75144688627665,302.3084910888605,304.64080810546875,2171500,0.0,0.0
2021-04-27 00:00:00-04:00,305.0663690183769,308.21457217552967,304.7648531803542,307.3987121582031,2088600,0.0,0.0
2021-04-28 00:00:00-04:00,308.6137358650946,310.49379222466644,306.91990435452107,308.7112731933594,2140900,0.0,0.0
2021-04-29 00:00:00-04:00,310.8750606786431,313.78383219496675,308.1525410401313,313.02117919921875,2584400,0.0,0.0
2021-04-30 00:00:00-04:00,311.3805837687963,312.8881902873679,307.90426062029326,309.0127868652344,2101100,0.0,0.0
2021-05-03 00:00:00-04:00,310.68885712006585,313.98783222946446,309.7311023751049,310.52923583984375,1871700,0.0,0.0
2021-05-04 00:00:00-04:00,309.4118694180963,311.9659184588327,303.79830388935267,310.2454833984375,2831400,0.0,0.0
2021-05-05 00:00:00-04:00,312.1609981898695,318.4929132459676,309.10145485374983,317.1449279785156,2786800,0.0,0.0
2021-05-06 00:00:00-04:00,319.05156498063087,324.8425047295745,316.15167020302107,324.54986572265625,3048700,0.0,0.0
2021-05-07 00:00:00-04:00,321.29529879519,329.5870821404397,320.0803581234938,328.9131164550781,3378100,0.0,0.0
2021-05-10 00:00:00-04:00,331.2276700936171,334.31381716430434,326.7935647376116,326.95318603515625,3396300,0.0,0.0
2021-05-11 00:00:00-04:00,321.91599738474065,326.9088035476375,318.03171738363704,319.1846008300781,3734300,0.0,0.0
2021-05-12 00:00:00-04:00,321.97802412278764,326.46533506314654,313.28716432070195,314.2892761230469,3309800,0.0,0.0
2021-05-13 00:00:00-04:00,313.2695335125213,320.0448592731578,313.2695335125213,318.20025634765625,2673900,0.0,0.0
2021-05-14 00:00:00-04:00,321.0292207246777,327.689255483499,320.7631852346123,327.0329895019531,2732300,0.0,0.0
2021-05-17 00:00:00-04:00,326.1550511473496,328.74458057264377,323.2462791282742,327.45867919921875,1826100,0.0,0.0
2021-05-18 00:00:00-04:00,329.3476570248044,330.8552368057437,322.8029123292657,323.2995300292969,2018600,0.0,0.0
2021-05-19 00:00:00-04:00,319.2556156668821,319.2556156668821,313.87260476300446,317.8189697265625,3696000,0.0,0.0
2021-05-20 00:00:00-04:00,318.35100935433275,320.9848687823176,313.3582028407092,319.0604553222656,1919600,0.0,0.0
2021-05-21 00:00:00-04:00,320.5769445037472,325.5875052715775,319.7078771634827,324.8070983886719,2657500,0.0,0.0
2021-05-24 00:00:00-04:00,325.74720413745905,327.87556982987473,324.1420597607545,326.607421875,1834300,0.0,0.0
2021-05-25 00:00:00-04:00,328.0440477839929,331.46716477617383,322.8827416774591,323.2552185058594,2631000,0.0,0.0
2021-05-26 00:00:00-04:00,323.6896587355572,327.050717838326,320.9493851462259,325.8180236816406,2121200,0.0,0.0
2021-05-27 00:00:00-04:00,329.30317315276426,331.2719165153159,325.7292862225043,329.3386535644531,3897000,0.0,0.0
2021-05-28 00:00:00-04:00,331.0115713649262,331.96368105783387,327.68366801984575,331.02935791015625,2169700,1.25,0.0
2021-06-01 00:00:00-04:00,336.08361020940276,341.1199463137809,334.8467525811463,340.30133056640625,3644000,0.0,0.0
2021-06-02 00:00:00-04:00,341.0931766699013,342.2855540809199,337.56951269287606,341.1910705566406,2809700,0.0,0.0
2021-06-03 00:00:00-04:00,340.1322315460782,348.1405770893475,338.24582560735803,345.88934326171875,3003900,0.0,0.0
2021-06-04 00:00:00-04:00,346.74352013751246,348.8523798816309,343.7537511724412,348.3185119628906,2514100,0.0,0.0
2021-06-07 00:00:00-04:00,349.69779020376006,349.9291511209877,344.84828072441564,345.3910827636719,2188700,0.0,0.0
2021-06-08 00:00:00-04:00,343.28218272924397,343.8961580498279,340.10553253231564,342.3122863769531,2452600,0.0,0.0
2021-06-09 00:00:00-04:00,340.9419247307313,341.9296075226919,337.13351308099794,340.6037902832031,2025900,0.0,0.0
2021-06-10 00:00:00-04:00,346.70801024920087,346.70801024920087,331.3230799688489,332.7378845214844,3900800,0.0,0.0
2021-06-11 00:00:00-04:00,334.30394275804616,337.01787118877377,333.77892732629886,336.3949890136719,2117300,0.0,0.0
2021-06-14 00:00:00-04:00,335.84334461668044,337.01790859751634,329.85489856392724,331.8302917480469,2560500,0.0,0.0
2021-06-15 00:00:00-04:00,332.3462472500891,333.5385973283403,326.7048175567096,330.3886413574219,2302900,0.0,0.0
2021-06-16 00:00:00-04:00,330.11288880307796,332.86241748132505,325.00535272973565,330.1217956542969,3264200,0.0,0.0
2021-06-17 00:00:00-04:00,332.36409774331446,332.36409774331446,317.26391753792393,321.66851806640625,4146300,0.0,0.0
2021-06-18 00:00:00-04:00,317.23721907786296,318.8922911073425,309.77167628699533,310.39453125,6290100,0.0,0.0
2021-06-21 00:00:00-04:00,314.00728760837035,318.5275424708754,312.3611220199147,318.1449279785156,2717300,0.0,0.0
2021-06-22 00:00:00-04:00,317.6643238815307,320.22699840218655,313.7847390108375,318.13592529296875,1870800,0.0,0.0
2021-06-23 00:00:00-04:00,319.2571309726987,322.54055460398445,318.2516344196176,321.2680969238281,1713100,0.0,0.0
2021-06-24 00:00:00-04:00,323.00327736030187,330.0150332907802,322.80751671206394,328.1197204589844,2716600,0.0,0.0
2021-06-25 00:00:00-04:00,328.181988788594,330.2552484056209,324.3735768708326,328.1374816894531,2782400,0.0,0.0
2021-06-28 00:00:00-04:00,327.2743400445385,328.226449757695,323.7684625524737,328.0840759277344,1833400,0.0,0.0
2021-06-29 00:00:00-04:00,333.5564422663658,336.43055797671684,329.8993112168932,331.5632629394531,2365900,0.0,0.0
2021-06-30 00:00:00-04:00,330.0327667073849,338.227964904447,330.0327667073849,337.7118835449219,2238400,0.0,0.0
2021-07-01 00:00:00-04:00,338.75305041254944,339.5894798431018,332.92473779944356,333.67218017578125,2571000,0.0,0.0
2021-07-02 00:00:00-04:00,334.84672361840063,335.1047779133129,331.3853528081738,332.9336242675781,1598900,0.0,0.0
2021-07-06 00:00:00-04:00,332.1060638262349,332.4619848256339,325.14769559460376,329.10736083984375,2162900,0.0,0.0
2021-07-07 00:00:00-04:00,327.00744122729014,329.31206184019265,322.273612703744,327.1587219238281,2012800,0.0,0.0
2021-07-08 00:00:00-04:00,320.05795656029704,322.90537895457743,316.40970510357295,319.3905944824219,2940500,0.0,0.0
2021-07-09 00:00:00-04:00,325.67277549058304,331.14514046740874,324.7384792097979,330.7981262207031,2641800,0.0,0.0
2021-07-12 00:00:00-04:00,329.50778434635106,341.68936842969777,326.8561227009552,338.57501220703125,4135900,0.0,0.0
2021-07-13 00:00:00-04:00,339.07332394887567,342.8728289543001,331.0204990333272,334.5530700683594,6466800,0.0,0.0
2021-07-14 00:00:00-04:00,337.01786138286525,339.7050963367595,330.46882765879184,333.14715576171875,3295700,0.0,0.0
2021-07-15 00:00:00-04:00,330.3353035930387,337.0178308561932,329.73914204296193,332.21282958984375,2183900,0.0,0.0
2021-07-16 00:00:00-04:00,333.6187927089096,333.6187927089096,323.74182712158006,324.6049499511719,2583300,0.0,0.0
2021-07-19 00:00:00-04:00,314.9948599664558,316.053743165299,310.54578002342674,315.6355285644531,4394600,0.0,0.0
2021-07-20 00:00:00-04:00,313.4554846840725,326.8383254457875,312.8059363581347,324.5693054199219,2937900,0.0,0.0
2021-07-21 00:00:00-04:00,327.4879552435798,333.5920812179979,327.39006134293663,332.3463439941406,2398800,0.0,0.0
2021-07-22 00:00:00-04:00,331.2784522477954,332.51530939642424,327.8526827202111,331.6432800292969,1887100,0.0,0.0
2021-07-23 00:00:00-04:00,333.31623220689403,336.35050857192743,330.45992993592296,332.8357238769531,1706900,0.0,0.0
2021-07-26 00:00:00-04:00,332.0616322304872,335.17598920464695,331.99933857379494,334.48193359375,1559100,0.0,0.0
2021-07-27 00:00:00-04:00,331.4564993429407,333.8056268961895,328.53790360271284,333.5386657714844,1791800,0.0,0.0
2021-07-28 00:00:00-04:00,334.40177757978887,335.8521821294742,331.3141147077381,332.9958801269531,1668900,0.0,0.0
2021-07-29 00:00:00-04:00,335.4872871979423,337.69404040250987,333.5118948166433,335.9499816894531,1296600,0.0,0.0
2021-07-30 00:00:00-04:00,335.07800992780346,338.08559228341034,331.95474715005344,333.57421875,1474900,0.0,0.0
2021-08-02 00:00:00-04:00,334.7221429747281,344.29654599386123,334.3484082548116,336.5195617675781,2383200,0.0,0.0
2021-08-03 00:00:00-04:00,338.35257271634055,339.29577561186517,330.80692239711124,338.450439453125,1494600,0.0,0.0
2021-08-04 00:00:00-04:00,336.7775693257146,340.48808683746483,334.35726872044836,336.2258605957031,1460500,0.0,0.0
2021-08-05 00:00:00-04:00,338.2635978215653,341.96523619665146,338.0856508878314,341.9563293457031,1583800,0.0,0.0
2021-08-06 00:00:00-04:00,346.0316684113915,354.9120151737696,345.8181212499008,354.0489196777344,3655800,0.0,0.0
2021-08-09 00:00:00-04:00,352.8921387490238,360.0195738928585,350.2137837888501,355.81964111328125,3319100,0.0,0.0
2021-08-10 00:00:00-04:00,356.0332480546471,365.385224860619,355.48156636404417,363.018310546875,3152300,0.0,0.0
2021-08-11 00:00:00-04:00,363.7567926059417,368.9889153567926,362.20852135906864,368.2859802246094,3000500,0.0,0.0
2021-08-12 00:00:00-04:00,368.72203047520605,372.4948423628258,365.32292617379454,369.2737121582031,2312800,0.0,0.0
2021-08-13 00:00:00-04:00,370.1634254276551,370.9553746366609,363.2050583651499,365.5185852050781,1980000,0.0,0.0
2021-08-16 00:00:00-04:00,363.92585242062324,363.92585242062324,357.8395139838456,363.35638427734375,1590700,0.0,0.0
2021-08-17 00:00:00-04:00,359.3433498437978,363.35642935970577,356.1044331866501,360.3488464355469,2077400,0.0,0.0
2021-08-18 00:00:00-04:00,358.2399291737895,361.36316488705097,354.6717583028374,354.8586120605469,2187800,0.0,0.0
2021-08-19 00:00:00-04:00,351.121404427416,353.9065328950255,347.83798116455046,350.20489501953125,2241500,0.0,0.0
2021-08-20 00:00:00-04:00,348.3541266762437,352.7676344687296,347.9181254388343,352.25152587890625,1612100,0.0,0.0
2021-08-23 00:00:00-04:00,357.6082266018112,359.5747126956421,355.0366448863882,357.2167053222656,1857600,0.0,0.0
2021-08-24 00:00:00-04:00,359.1208264048173,364.5220158949843,358.32890430699155,363.543212890625,1958400,0.0,0.0
2021-08-25 00:00:00-04:00,364.73565137358855,370.76860406424777,363.88143543337213,367.6008605957031,1845300,0.0,0.0
2021-08-26 00:00:00-04:00,370.0567488538281,374.37236265953135,365.8568154936953,366.9690856933594,2076500,0.0,0.0
2021-08-27 00:00:00-04:00,367.29823724772774,373.589242711155,367.04908986081125,373.4468688964844,2174500,0.0,0.0
2021-08-30 00:00:00-04:00,373.6782299444255,374.3989787125084,367.24485066280295,368.02789306640625,2089400,0.0,0.0
2021-08-31 00:00:00-04:00,368.48399160088104,370.94287639601157,365.48864468003734,369.7358093261719,1958100,2.0,0.0
2021-09-01 00:00:00-04:00,369.4228031467487,372.0604991853048,366.87449925863297,369.869873046875,1680400,0.0,0.0
2021-09-02 00:00:00-04:00,371.16641445859676,373.37494118440003,368.95791501977874,370.6210021972656,1830400,0.0,0.0
2021-09-03 00:00:00-04:00,370.17394596717,371.175378363289,367.1338755398127,367.7687072753906,1373600,0.0,0.0
2021-09-07 00:00:00-04:00,367.49140075472843,370.82655151433,366.2753839132403,366.8833923339844,1557000,0.0,0.0
2021-09-08 00:00:00-04:00,365.89988846277794,367.4735832357963,361.8583864075948,362.1266174316406,1646200,0.0,0.0
2021-09-09 00:00:00-04:00,361.8315952341106,365.5959164676257,360.79438970463934,361.7510986328125,2424600,0.0,0.0
2021-09-10 00:00:00-04:00,364.8090189470226,366.4095367440317,360.48138582022585,360.76751708984375,1956000,0.0,0.0
2021-09-13 00:00:00-04:00,364.2814440730514,366.03395017552515,361.05358569422805,365.93560791015625,1802800,0.0,0.0
2021-09-14 00:00:00-04:00,366.86551160792044,372.8652087006268,360.1415908210187,360.95526123046875,3263200,0.0,0.0
2021-09-15 00:00:00-04:00,355.86761225222074,360.8837230357144,354.2670944964609,359.39947509765625,3199800,0.0,0.0
2021-09-16 00:00:00-04:00,361.69743085750827,363.0028946438415,353.0868872954416,354.6873779296875,2882900,0.0,0.0
2021-09-17 00:00:00-04:00,354.3655539065912,356.90490810716267,347.66842708108015,350.02001953125,3843700,0.0,0.0
2021-09-20 00:00:00-04:00,337.8238625815782,340.5420275793337,333.0670329050397,338.1010437011719,3834500,0.0,0.0
2021-09-21 00:00:00-04:00,340.5331773441007,341.11436280629533,334.4798329179185,336.05352783203125,2377300,0.0,0.0
2021-09-22 00:00:00-04:00,340.4884780118464,348.07974465257206,339.5138687523297,344.66412353515625,2991300,0.0,0.0
2021-09-23 00:00:00-04:00,349.0632347396719,352.0585811123995,347.08716621928244,350.3775939941406,2518000,0.0,0.0
2021-09-24 00:00:00-04:00,349.13477084793124,350.9409234312255,347.46273377802845,349.47454833984375,1789700,0.0,0.0
2021-09-27 00:00:00-04:00,354.5979416390071,358.5500514694556,353.34615140548743,357.48602294921875,2788500,0.0,0.0
2021-09-28 00:00:00-04:00,358.0582665151394,361.4202133515713,347.27494353255844,348.2674255371094,2609000,0.0,0.0
2021-09-29 00:00:00-04:00,349.32249606211485,350.8514946159391,343.61788033483316,344.14544677734375,1955000,0.0,0.0
2021-09-30 00:00:00-04:00,346.92620103175136,346.94407400230693,336.7508869551614,338.0116271972656,2665700,0.0,0.0
2021-10-01 00:00:00-04:00,339.2724466795151,342.2052244673018,336.0624877050004,339.7731628417969,2382300,0.0,0.0
2021-10-04 00:00:00-04:00,339.96087372999125,345.9158478624455,333.35319503022055,334.5423889160156,2895600,0.0,0.0
2021-10-05 00:00:00-04:00,338.07417858139155,347.12286670956416,335.74941023025855,344.9679870605469,2508100,0.0,0.0
2021-10-06 00:00:00-04:00,341.90127996690734,348.31224890623395,338.5750778574988,346.9710388183594,2111800,0.0,0.0
2021-10-07 00:00:00-04:00,351.316570288266,355.7336243178269,348.5000345884177,349.26898193359375,2348000,0.0,0.0
2021-10-08 00:00:00-04:00,349.4567048908823,352.5683217423222,347.08723947916127,351.22711181640625,1446700,0.0,0.0
2021-10-11 00:00:00-04:00,351.30751861825166,354.92880114596676,344.261692695409,344.4584045410156,1787400,0.0,0.0
2021-10-12 00:00:00-04:00,345.33469626901035,347.4538033617714,340.68515810310856,345.61187744140625,2088200,0.0,0.0
2021-10-13 00:00:00-04:00,346.9261983507505,347.2659757975259,338.5481138544336,345.41510009765625,2391600,0.0,0.0
2021-10-14 00:00:00-04:00,350.50283761980995,351.9871131147809,341.7402775941083,349.78753662109375,3380900,0.0,0.0
2021-10-15 00:00:00-04:00,359.72130876370386,364.15623364378376,354.3832941345261,363.0832824707031,6451400,0.0,0.0
2021-10-18 00:00:00-04:00,364.81802055467597,371.90854324222823,364.4514199300569,369.896728515625,3832300,0.0,0.0
2021-10-19 00:00:00-04:00,371.2289483255221,371.82803398602994,366.32012965174766,368.5286560058594,2568300,0.0,0.0
2021-10-20 00:00:00-04:00,367.49145501857737,370.4689285237701,363.19959492585355,364.710693359375,2453400,0.0,0.0
2021-10-21 00:00:00-04:00,363.7360352951667,368.97570836047845,361.78681721095984,364.4424133300781,2162100,0.0,0.0
2021-10-22 00:00:00-04:00,366.58838121698733,371.3899077518853,365.792610955245,370.46002197265625,2411000,0.0,0.0
2021-10-25 00:00:00-04:00,372.14982701581357,375.0826037472418,369.52105446720094,370.8443908691406,1824700,0.0,0.0
2021-10-26 00:00:00-04:00,372.2930391321375,375.368882681269,369.9593470073001,373.4017639160156,1843300,0.0,0.0
2021-10-27 00:00:00-04:00,372.4538976802368,373.80405741910056,367.0890592417056,367.48248291015625,2067200,0.0,0.0
2021-10-28 00:00:00-04:00,368.38565383994586,370.9965544608132,365.75688024366315,370.9071350097656,1444700,0.0,0.0
2021-10-29 00:00:00-04:00,370.19174025400537,371.9263736024872,367.65238656448093,369.5926818847656,2061700,0.0,0.0
2021-11-01 00:00:00-04:00,372.91896218714373,374.4032378052163,369.5033409679762,372.588134765625,1820800,0.0,0.0
2021-11-02 00:00:00-04:00,371.15741729032476,381.04660078520834,369.09195664183517,378.98114013671875,3000800,0.0,0.0
2021-11-03 00:00:00-04:00,378.32848330951555,379.1153308148602,368.8863678193495,373.66107177734375,3542400,0.0,0.0
2021-11-04 00:00:00-04:00,370.75507107847756,371.9532151633984,360.3651707311501,364.87164306640625,3802300,0.0,0.0
2021-11-05 00:00:00-04:00,367.8491101827731,370.57625295919746,363.11018013282836,363.9864196777344,2105600,0.0,0.0
2021-11-08 00:00:00-05:00,366.4990007839232,369.8609481066932,364.77329011379936,365.1130676269531,1728400,0.0,0.0
2021-11-09 00:00:00-05:00,363.1191028915549,364.43348949559055,357.7095679893636,362.4395751953125,2246900,0.0,0.0
2021-11-10 00:00:00-05:00,359.73926076362494,362.6183920674152,355.19704249705853,356.86907958984375,2243900,0.0,0.0
2021-11-11 00:00:00-05:00,357.78113864981833,361.01792059493835,356.32368630406927,359.74822998046875,1252400,0.0,0.0
2021-11-12 00:00:00-05:00,360.33839306649315,362.2160923835419,356.9406722352508,362.04620361328125,1360100,0.0,0.0
2021-11-15 00:00:00-05:00,363.02072399959775,364.2188679423018,361.1519752711801,361.9566955566406,1436500,0.0,0.0
2021-11-16 00:00:00-05:00,361.15196329731054,362.8776463397908,356.76173417129166,360.41876220703125,1311000,0.0,0.0
2021-11-17 00:00:00-05:00,359.310121128803,360.0254221277512,350.02894468208626,350.1004638671875,2927000,0.0,0.0
2021-11-18 00:00:00-05:00,350.7710576846872,352.219587185236,344.85185615172975,349.93951416015625,1847400,0.0,0.0
2021-11-19 00:00:00-05:00,341.9012098681091,348.9291361899062,340.7030657096978,346.380859375,2610400,0.0,0.0
2021-11-22 00:00:00-05:00,351.53996253143725,359.88227380288555,348.87541644150133,354.2223815917969,3058700,0.0,0.0
2021-11-23 00:00:00-05:00,357.87945988377425,363.87913038413177,355.42952552983314,363.32476806640625,2402300,0.0,0.0
2021-11-24 00:00:00-05:00,362.1265902678596,364.344066619232,356.13584316838984,356.931640625,2186300,0.0,0.0
2021-11-26 00:00:00-05:00,343.77892862378474,350.2435428260719,342.2052336219515,348.1691589355469,2687900,0.0,0.0
2021-11-29 00:00:00-05:00,352.2911257199607,354.4102329478409,341.96382063966433,345.620849609375,2883400,0.0,0.0
2021-11-30 00:00:00-05:00,342.9294787255385,345.88012951490384,337.3232313109506,340.6583557128906,4570400,0.0,0.0
2021-12-01 00:00:00-05:00,344.9998390707292,350.6985980581251,338.15951235487495,338.4022216796875,2476000,2.0,0.0
2021-12-02 00:00:00-05:00,339.7684506962841,349.7367863416613,337.9976986787495,348.34356689453125,3343700,0.0,0.0
2021-12-03 00:00:00-05:00,350.4468814639513,350.4468814639513,340.6942633372926,344.0200500488281,2807500,0.0,0.0
2021-12-06 00:00:00-05:00,349.3593098713472,353.79067524397317,344.7032024655051,349.9255676269531,1990200,0.0,0.0
2021-12-07 00:00:00-05:00,353.77269783130106,361.1163834613041,353.30530131093565,359.6422424316406,2441000,0.0,0.0
2021-12-08 00:00:00-05:00,360.6490004232463,361.0804349409481,355.17495553203224,357.13446044921875,1635200,0.0,0.0
2021-12-09 00:00:00-05:00,355.6782882966672,359.71415383056996,353.2513595866561,356.38836669921875,2111500,0.0,0.0
2021-12-10 00:00:00-05:00,357.74564793237283,358.5186529997273,349.35031365703446,351.507568359375,1893800,0.0,0.0
2021-12-13 00:00:00-05:00,351.6244195034604,351.6244195034604,343.95715845277766,345.7369079589844,2313300,0.0,0.0
2021-12-14 00:00:00-05:00,344.7661064101724,352.8019022508224,344.4964598776593,349.4941101074219,2788500,0.0,0.0
2021-12-15 00:00:00-05:00,350.10534172275175,351.81316717178845,342.10550756496207,350.473876953125,2802300,0.0,0.0
2021-12-16 00:00:00-05:00,355.16591780357425,359.39953311326434,352.1727040222854,357.1793518066406,3578200,0.0,0.0
2021-12-17 00:00:00-05:00,349.8446563206197,353.85358437607135,342.1324636238497,343.1841125488281,7058600,0.0,0.0
2021-12-20 00:00:00-05:00,337.5392893168591,337.63817800286705,329.566419867317,334.0247497558594,3735600,0.0,0.0
2021-12-21 00:00:00-05:00,338.3573089963357,343.4448515548008,336.85623061643884,341.8538818359375,2942800,0.0,0.0
2021-12-22 00:00:00-05:00,341.94372704391907,345.17062543128674,340.9100179317387,343.6605224609375,1487900,0.0,0.0
2021-12-23 00:00:00-05:00,344.97286258086433,348.4064807174477,344.7751126416072,346.096435546875,1624000,0.0,0.0
2021-12-27 00:00:00-05:00,347.8492424183804,349.7548180509639,346.06052277984895,348.7930603027344,1430400,0.0,0.0
2021-12-28 00:00:00-05:00,349.5929938218803,351.750248513538,347.1750625113904,348.406494140625,1528200,0.0,0.0
2021-12-29 00:00:00-05:00,348.7300378376521,350.0693278579538,345.5391020089282,347.1390686035156,1327800,0.0,0.0
2021-12-30 00:00:00-05:00,348.5323265521856,350.3570079124601,346.2402487232673,346.5278625488281,1160100,0.0,0.0
2021-12-31 00:00:00-05:00,346.06055188674503,347.8582690394034,342.3212969174971,343.85833740234375,1601300,0.0,0.0
2022-01-03 00:00:00-05:00,349.65585105278427,358.9140798383467,348.16374310104754,355.3456115722656,3334300,0.0,0.0
2022-01-04 00:00:00-05:00,361.5478087855283,368.783607626498,360.6039910469364,366.2668151855469,3916400,0.0,0.0
2022-01-05 00:00:00-05:00,368.35218427518475,370.9229337233079,357.6468042041067,358.31195068359375,3469600,0.0,0.0
2022-01-06 00:00:00-05:00,360.4422657816392,360.62204845766496,347.3458905886305,356.7839050292969,2960900,0.0,0.0
2022-01-07 00:00:00-05:00,357.44896587278413,360.0376545438756,354.6265378520369,357.3051452636719,2360700,0.0,0.0
2022-01-10 00:00:00-05:00,360.72987290839,363.4713801565968,354.3479725480104,358.7973327636719,3009400,0.0,0.0
2022-01-11 00:00:00-05:00,359.76808894384567,362.54555821886476,356.2265845121684,362.2848815917969,1748800,0.0,0.0
2022-01-12 00:00:00-05:00,362.45563656046,363.24663630676673,349.2604024099221,350.8334045410156,4158000,0.0,0.0
2022-01-13 00:00:00-05:00,354.1951238828221,356.7299110278401,350.3300439279779,351.2738342285156,2497800,0.0,0.0
2022-01-14 00:00:00-05:00,343.48074592668576,345.51217457709106,337.0718814975227,342.4111022949219,4685300,0.0,0.0
2022-01-18 00:00:00-05:00,323.62493259270514,325.0001846204394,312.110560583975,318.55535888671875,13123500,0.0,0.0
2022-01-19 00:00:00-05:00,322.09687574736733,323.3283072134188,311.3555356604469,312.19146728515625,7426100,0.0,0.0
2022-01-20 00:00:00-05:00,313.61171496437635,321.05426200508697,311.13088423812854,312.89263916015625,4599900,0.0,0.0
2022-01-21 00:00:00-05:00,310.5915167660671,313.6925615633242,306.25901300779964,309.1263732910156,4904100,0.0,0.0
2022-01-24 00:00:00-05:00,303.20291955586293,309.27021370552467,293.23458327428466,308.65899658203125,6569800,0.0,0.0
2022-01-25 00:00:00-05:00,303.68827633152597,308.245494860018,297.4412271060622,307.00506591796875,3959300,0.0,0.0
2022-01-26 00:00:00-05:00,311.54431938302235,315.03189427953754,304.18266707078567,308.0207824707031,3745900,0.0,0.0
2022-01-27 00:00:00-05:00,310.70840549001264,313.4948446775298,303.5624700009072,306.5376892089844,2573400,0.0,0.0
2022-01-28 00:00:00-05:00,303.5714374867312,312.03866770054935,299.7243248831515,311.912841796875,3714600,0.0,0.0
2022-01-31 00:00:00-05:00,309.74658791833366,319.2834616916985,308.70390895737273,318.80706787109375,3312400,0.0,0.0
2022-02-01 00:00:00-05:00,320.1103728757633,327.66977357565725,318.24073247172896,327.2383117675781,3303700,0.0,0.0
2022-02-02 00:00:00-05:00,326.73491625864204,331.25617136162595,321.6383788102344,326.33941650390625,2742400,0.0,0.0
2022-02-03 00:00:00-05:00,326.1237793342857,328.76642496597117,321.9350963087637,322.582275390625,2372900,0.0,0.0
2022-02-04 00:00:00-05:00,325.53949452106764,333.43146861758737,324.5057856203845,330.4202880859375,3762300,0.0,0.0
2022-02-07 00:00:00-05:00,328.5237368136577,333.8989197404334,326.6001941663173,330.9147033691406,2635600,0.0,0.0
2022-02-08 00:00:00-05:00,333.5483440949896,334.9595582864297,329.20687033872036,332.66748046875,3422300,0.0,0.0
2022-02-09 00:00:00-05:00,335.27416189512917,338.22241616254416,333.3865538888802,336.6494140625,2250400,0.0,0.0
2022-02-10 00:00:00-05:00,334.1146195267382,339.229125578552,331.5259031678121,333.0899353027344,2406200,0.0,0.0
2022-02-11 00:00:00-05:00,331.2741386483059,336.98189301549723,324.2810237937092,326.33941650390625,3142100,0.0,0.0
2022-02-14 00:00:00-05:00,326.33959737666197,327.4452033171303,321.0543044803545,323.8048095703125,2585600,0.0,0.0
2022-02-15 00:00:00-05:00,327.26534695354485,328.8833085093388,324.81145368096367,327.1305236816406,1846400,0.0,0.0
2022-02-16 00:00:00-05:00,324.8024739773571,326.3035520776942,320.4699700973191,323.6339416503906,2165300,0.0,0.0
2022-02-17 00:00:00-05:00,322.4924287825351,324.45193359086556,312.65891529176145,313.7555236816406,3102400,0.0,0.0
2022-02-18 00:00:00-05:00,310.61849006338446,314.6004260149383,308.64099069889846,311.04095458984375,2910900,0.0,0.0
2022-02-22 00:00:00-05:00,307.82308048345516,313.70162287356686,306.69053740351444,309.45001220703125,2590800,0.0,0.0
2022-02-23 00:00:00-05:00,312.4161777119222,313.9352503935171,305.4500260698191,306.68145751953125,2217300,0.0,0.0
2022-02-24 00:00:00-05:00,295.337864211609,306.51066576743915,293.8817182236056,305.7825927734375,4564000,0.0,0.0
2022-02-25 00:00:00-05:00,305.7825959480846,315.22960510916676,305.7825959480846,314.708251953125,2980500,0.0,0.0
2022-02-28 00:00:00-05:00,305.83657240008864,309.0634707833637,303.4096437334117,306.7713928222656,4245700,0.0,0.0
2022-03-01 00:00:00-05:00,305.0625197895739,305.74968783450686,295.67736714505315,296.7442932128906,5631500,2.0,0.0
2022-03-02 00:00:00-05:00,299.8183604470897,305.6049576774779,296.0208913560403,304.1402282714844,3469900,0.0,0.0
2022-03-03 00:00:00-05:00,306.39159652140324,308.76953321250903,298.4892752770406,301.4639587402344,2393700,0.0,0.0
2022-03-04 00:00:00-05:00,295.6592838945564,298.96850120890105,292.9468134001109,298.0733947753906,3293100,0.0,0.0
2022-03-07 00:00:00-05:00,295.49654916064816,296.37358241129317,290.09873164743647,291.0390625,3689900,0.0,0.0
2022-03-08 00:00:00-05:00,291.59048793939826,298.8779875390903,288.01905852291816,290.56878662109375,3596400,0.0,0.0
2022-03-09 00:00:00-05:00,299.89073291238896,305.12580872174874,298.3988796506779,301.61767578125,3202100,0.0,0.0
2022-03-10 00:00:00-05:00,296.2288548058901,300.0353466683385,293.6339295725707,298.2812805175781,2232600,0.0,0.0
2022-03-11 00:00:00-05:00,302.3229023882214,304.3482047744004,295.397058044378,295.6592712402344,2613500,0.0,0.0
2022-03-14 00:00:00-04:00,297.65745133314067,299.8364725244368,291.95222415304266,293.8328857421875,2342200,0.0,0.0
2022-03-15 00:00:00-04:00,295.7225593273207,300.0896243552403,293.7062798108951,297.61224365234375,2140700,0.0,0.0
2022-03-16 00:00:00-04:00,302.95577972912326,308.6157816771493,302.22341503942124,308.1004333496094,3468500,0.0,0.0
2022-03-17 00:00:00-04:00,305.0353238262863,310.6682296749401,302.8020558027124,310.3698425292969,2403500,0.0,0.0
2022-03-18 00:00:00-04:00,306.39154997145823,313.5343817641399,304.972017453191,312.2776184082031,5861900,0.0,0.0
2022-03-21 00:00:00-04:00,312.1692478346877,313.109551227429,304.836520376574,306.50921630859375,3401200,0.0,0.0
2022-03-22 00:00:00-04:00,309.40246187406365,313.0552354070495,307.5218003153831,310.13482666015625,2840200,0.0,0.0
2022-03-23 00:00:00-04:00,307.41329210127464,308.16373005592175,303.01005318512244,303.44403076171875,2196800,0.0,0.0
2022-03-24 00:00:00-04:00,304.19447332971504,305.1528771958646,302.2595648046424,304.0046081542969,1944100,0.0,0.0
2022-03-25 00:00:00-04:00,305.0897042008852,309.06798966898805,303.3266145237799,305.1439514160156,1580800,0.0,0.0
2022-03-28 00:00:00-04:00,305.74060966598574,306.05707005754925,299.7370229944364,303.16375732421875,2182600,0.0,0.0
2022-03-29 00:00:00-04:00,309.6465743470168,311.0299331202691,304.45672324611957,307.10589599609375,2378700,0.0,0.0
2022-03-30 00:00:00-04:00,306.5091422240648,307.2867037946627,301.65382482844075,303.42596435546875,2650200,0.0,0.0
2022-03-31 00:00:00-04:00,303.91416032553457,304.2486938504539,298.46209716796875,298.46209716796875,2632000,0.0,0.0
2022-04-01 00:00:00-04:00,301.92503120682056,302.1329971749822,296.17460801075316,298.57061767578125,2444800,0.0,0.0
2022-04-04 00:00:00-04:00,298.37174429800314,300.0625131008637,294.62852189778016,296.7532958984375,2569400,0.0,0.0
2022-04-05 00:00:00-04:00,295.9847722935964,298.136670005042,292.4766669038507,292.91064453125,2573900,0.0,0.0
2022-04-06 00:00:00-04:00,289.33017652448933,289.8907493266774,285.48751011752347,285.9486389160156,3151300,0.0,0.0
2022-04-07 00:00:00-04:00,284.8094324624077,285.5598705722439,278.66117638600537,284.0408935546875,3562600,0.0,0.0
2022-04-08 00:00:00-04:00,283.5254253604356,292.65741288918156,283.0010266530995,290.5869140625,3294200,0.0,0.0
2022-04-11 00:00:00-04:00,289.8817188982223,297.3771870261029,288.4531631940004,290.0173645019531,2747700,0.0,0.0
2022-04-12 00:00:00-04:00,290.8491484794509,295.76776360576946,287.5309085246617,289.1312561035156,2365200,0.0,0.0
2022-04-13 00:00:00-04:00,285.5326393212676,291.7080442663462,284.5561623474538,291.1112976074219,3022900,0.0,0.0
2022-04-14 00:00:00-04:00,296.98836669979784,301.11131924355806,288.4531248320585,290.81298828125,5460900,0.0,0.0
2022-04-18 00:00:00-04:00,289.9178082432025,300.7767378377982,289.9178082432025,298.26318359375,3653400,0.0,0.0
2022-04-19 00:00:00-04:00,298.7966760240633,304.8816607576013,298.7966760240633,303.75146484375,2774800,0.0,0.0
2022-04-20 00:00:00-04:00,305.69537755005877,311.84363190729454,305.15287802614455,308.3716735839844,3040100,0.0,0.0
2022-04-21 00:00:00-04:00,311.3282733792485,314.05884435157463,301.4096729895233,302.25958251953125,3097800,0.0,0.0
2022-04-22 00:00:00-04:00,300.4603891184812,300.632181143692,288.85101737430955,289.12225341796875,3125200,0.0,0.0
2022-04-25 00:00:00-04:00,286.0571169613764,291.28314187233235,282.76597314710506,290.61407470703125,3093600,0.0,0.0
2022-04-26 00:00:00-04:00,287.47668166300485,290.776848648903,282.8202518086348,283.1095886230469,2791700,0.0,0.0
2022-04-27 00:00:00-04:00,282.223517805753,288.6430090345693,282.223517805753,283.20904541015625,2469300,0.0,0.0
2022-04-28 00:00:00-04:00,286.72617770019053,288.7514799450104,282.2325176499913,287.8925476074219,2176000,0.0,0.0
2022-04-29 00:00:00-04:00,286.84373851182824,288.49833327877894,275.50560476243294,276.2108459472656,3129600,0.0,0.0
2022-05-02 00:00:00-04:00,276.5002484187503,281.5273591032669,273.24527771838797,280.6684265136719,2968100,0.0,0.0
2022-05-03 00:00:00-04:00,281.6628878166525,288.8961414825492,281.4820730306089,284.501953125,2606200,0.0,0.0
2022-05-04 00:00:00-04:00,285.55981726453194,293.6701045024429,282.25062780570806,293.0462341308594,2629400,0.0,0.0
2022-05-05 00:00:00-04:00,289.78223963165624,289.94498122512016,279.1041505752641,283.0643615722656,2622100,0.0,0.0
2022-05-06 00:00:00-04:00,282.3501152338362,283.64305297678703,276.7262582199859,282.9649353027344,2375600,0.0,0.0
2022-05-09 00:00:00-04:00,279.312188303143,283.6973276118395,275.7498075702859,279.2850646972656,3234000,0.0,0.0
2022-05-10 00:00:00-04:00,281.8438015495964,284.9450532217501,271.8347776331918,275.8221130371094,2798400,0.0,0.0
2022-05-11 00:00:00-04:00,275.8220671688453,281.1113898900655,272.1511928219172,272.6484680175781,2320600,0.0,0.0
2022-05-12 00:00:00-04:00,271.2469805781573,273.8600064022084,265.7316197878675,270.7135314941406,3408300,0.0,0.0
2022-05-13 00:00:00-04:00,274.52915432146347,279.9540955309613,274.47490711678273,277.5671081542969,2152500,0.0,0.0
2022-05-16 00:00:00-04:00,276.62680339665394,277.096955032262,271.74433426011024,274.35736083984375,1568800,0.0,0.0
2022-05-17 00:00:00-04:00,280.1710767715631,284.19458576351644,278.5978526930185,282.9739685058594,2096200,0.0,0.0
2022-05-18 00:00:00-04:00,279.38448804085675,282.87452050458324,275.65936594847403,277.3320617675781,2033200,0.0,0.0
2022-05-19 00:00:00-04:00,274.70092167029884,280.2795535946317,274.31214087410024,278.6611328125,2108800,0.0,0.0
2022-05-20 00:00:00-04:00,281.42788433066573,282.6304008617895,270.7136195925484,277.39532470703125,2201100,0.0,0.0
2022-05-23 00:00:00-04:00,282.7479200247413,290.98477535716455,281.2560667999288,286.26507568359375,2653000,0.0,0.0
2022-05-24 00:00:00-04:00,285.12586042381173,285.53271443965775,277.06076940003084,283.86004638671875,1870900,0.0,0.0
2022-05-25 00:00:00-04:00,281.4187969047868,287.16019795856806,280.2705277311006,284.7189636230469,1929500,0.0,0.0
2022-05-26 00:00:00-04:00,287.7930728837704,294.30301230359197,287.50376370385754,292.61224365234375,2440400,0.0,0.0
2022-05-27 00:00:00-04:00,295.433265132082,297.1692585094439,292.21446879666473,297.0878601074219,2106700,0.0,0.0
2022-05-31 00:00:00-04:00,294.7499684074417,299.9443134902015,293.52187592767876,297.33349609375,2722900,2.0,0.0
2022-06-01 00:00:00-04:00,297.4699529630117,299.5349484526861,287.3086582567598,292.7850341796875,2330200,0.0,0.0
2022-06-02 00:00:00-04:00,291.6387182018427,295.83242085733457,290.40154801801407,294.96820068359375,1957500,0.0,0.0
2022-06-03 00:00:00-04:00,291.9026135282282,293.3763133581154,288.82784338357095,289.9012756347656,1238900,0.0,0.0
2022-06-06 00:00:00-04:00,293.83113851672255,295.8415543227839,290.91102878336477,291.5660095214844,1099700,0.0,0.0
2022-06-07 00:00:00-04:00,289.5373865826475,292.7758947933711,288.06368683932067,292.4757080078125,2516800,0.0,0.0
2022-06-08 00:00:00-04:00,289.5919339607377,290.69265573488804,284.55222230923647,286.262451171875,1438100,0.0,0.0
2022-06-09 00:00:00-04:00,285.2436706380944,285.77130874572305,276.5651814288202,276.74713134765625,2896500,0.0,0.0
2022-06-10 00:00:00-04:00,270.16999138952707,271.68008664474,260.9457093753007,261.100341796875,3866900,0.0,0.0
2022-06-13 00:00:00-04:00,253.80461253598997,260.55455387304363,253.186027311603,257.7344970703125,4218100,0.0,0.0
2022-06-14 00:00:00-04:00,258.65332644281017,263.06534863950316,255.8969542682432,257.0249938964844,2487700,0.0,0.0
2022-06-15 00:00:00-04:00,261.2277261564257,267.88669274079746,258.5077500448682,263.87493896484375,2725800,0.0,0.0
2022-06-16 00:00:00-04:00,257.1522553227518,260.2907102644379,253.94103708692887,259.24456787109375,2777300,0.0,0.0
2022-06-17 00:00:00-04:00,256.65195009474894,260.4089904262618,253.0313582989067,254.5232696533203,5234400,0.0,0.0
2022-06-21 00:00:00-04:00,261.78259082439297,262.0555156380572,257.4251772445829,259.08990478515625,2506300,0.0,0.0
2022-06-22 00:00:00-04:00,256.7975184027739,260.18158107950813,255.66040094099034,258.8443298339844,2463100,0.0,0.0
2022-06-23 00:00:00-04:00,258.1347825303736,260.70920437719775,253.74094489224197,260.3271484375,2547000,0.0,0.0
2022-06-24 00:00:00-04:00,264.72091752925655,275.7555086708802,263.81122365458555,275.4098205566406,3984300,0.0,0.0
2022-06-27 00:00:00-04:00,275.6918378486133,276.8380610743467,271.88932391650957,273.61773681640625,2091700,0.0,0.0
2022-06-28 00:00:00-04:00,278.27535502566997,281.06812192702364,272.16221098259786,272.4442138671875,2276600,0.0,0.0
2022-06-29 00:00:00-04:00,275.9738674205311,279.67632870468236,272.82633391864,275.8919982910156,2475900,0.0,0.0
2022-06-30 00:00:00-04:00,269.79702857015343,273.20838099764285,265.83988196359144,270.1972961425781,2669500,0.0,0.0
2022-07-01 00:00:00-04:00,268.60532509079815,273.2083742991678,265.37592264328225,272.2077331542969,1749400,0.0,0.0
2022-07-05 00:00:00-04:00,266.5402976798632,270.4974714741986,262.31930489613126,270.36102294921875,2480900,0.0,0.0
2022-07-06 00:00:00-04:00,269.51503304684815,270.488412295645,264.3570835815876,267.2317199707031,1774500,0.0,0.0
2022-07-07 00:00:00-04:00,270.7794681005107,272.0621397290415,267.08611338076366,271.63458251953125,2046500,0.0,0.0
2022-07-08 00:00:00-04:00,273.3630258754516,273.7178198336301,268.42339449996706,269.69696044921875,1438900,0.0,0.0
2022-07-11 00:00:00-04:00,266.72225217209177,269.7606263480781,265.5214496081728,266.70404052734375,1519400,0.0,0.0
2022-07-12 00:00:00-04:00,263.5474491463328,272.0712777490176,263.36552699768123,266.11279296875,1772600,0.0,0.0
2022-07-13 00:00:00-04:00,264.2751665722603,264.89375172120225,259.99959441587595,263.9476623535156,1884100,0.0,0.0
2022-07-14 00:00:00-04:00,258.5713888829242,258.5713888829242,252.74935339350677,256.16070556640625,3171900,0.0,0.0
2022-07-15 00:00:00-04:00,260.627316623487,269.6605708824041,259.39922423889846,267.3317565917969,3457600,0.0,0.0
2022-07-18 00:00:00-04:00,278.14800471179825,283.1422151409161,271.73464631426486,274.05438232421875,6767900,0.0,0.0
2022-07-19 00:00:00-04:00,276.17398850902276,290.31974637329824,276.09211938327337,289.3281555175781,5641100,0.0,0.0
2022-07-20 00:00:00-04:00,288.62770644560794,293.0761233577806,287.74530216970606,292.421142578125,3489800,0.0,0.0
2022-07-21 00:00:00-04:00,291.56602950716035,297.6154889860161,290.965628142591,297.0514831542969,2518800,0.0,0.0
2022-07-22 00:00:00-04:00,297.57003627335797,299.3348451227094,293.0943566591572,294.6772155761719,1830300,0.0,0.0
2022-07-25 00:00:00-04:00,296.53291481422605,297.7337173971659,293.46725088421084,294.8499755859375,4024500,0.0,0.0
2022-07-26 00:00:00-04:00,292.71217423292524,295.0046204562748,289.06432084571935,289.782958984375,2054700,0.0,0.0
2022-07-27 00:00:00-04:00,291.3658868433908,296.91502556356306,289.62836804468446,295.2320861816406,2081900,0.0,0.0
2022-07-28 00:00:00-04:00,295.9234419208346,300.18083086524996,292.82140986533534,299.3893737792969,1820700,0.0,0.0
2022-07-29 00:00:00-04:00,299.7442051022086,304.91126091279557,299.7442051022086,303.2829284667969,2112200,0.0,0.0
2022-08-01 00:00:00-04:00,301.772785331309,304.56552467101454,299.29841666615386,302.0911560058594,1476500,0.0,0.0
2022-08-02 00:00:00-04:00,299.7442078218372,301.86378287294275,297.6701063713513,298.2705078125,1862900,0.0,0.0
2022-08-03 00:00:00-04:00,302.082125131488,305.2114750427641,299.85336349155017,303.0827941894531,1770600,0.0,0.0
2022-08-04 00:00:00-04:00,303.1827570746672,304.1106347825512,300.7629681672594,301.90008544921875,1533400,0.0,0.0
2022-08-05 00:00:00-04:00,301.01779242216554,306.48506321531653,299.8988863712294,304.4473571777344,1876400,0.0,0.0
2022-08-08 00:00:00-04:00,306.66694020430515,308.2407208656635,304.14709774298973,304.4563903808594,1460000,0.0,0.0
2022-08-09 00:00:00-04:00,305.79363411359424,307.63123377046526,304.35632980136336,306.22119140625,1587900,0.0,0.0
2022-08-10 00:00:00-04:00,310.5331259148553,318.119998192739,310.524047852917,316.49163818359375,2459500,0.0,0.0
2022-08-11 00:00:00-04:00,318.39289386793473,323.89653135727474,318.1927600813229,319.9211730957031,2360800,0.0,0.0
2022-08-12 00:00:00-04:00,321.52217080954546,322.5410233980662,318.52927050952746,321.86785888671875,2369000,0.0,0.0
2022-08-15 00:00:00-04:00,319.30263857625914,326.2345033821172,317.52872392394863,323.71466064453125,2045700,0.0,0.0
2022-08-16 00:00:00-04:00,321.11282813768577,324.2785727782861,320.2304239792274,322.9140319824219,1740900,0.0,0.0
2022-08-17 00:00:00-04:00,320.1212715687505,323.4780442147376,319.09331304008043,321.79510498046875,1576300,0.0,0.0
2022-08-18 00:00:00-04:00,320.8126822302903,323.03233776181463,319.17521640974473,322.50469970703125,1102200,0.0,0.0
2022-08-19 00:00:00-04:00,319.3025707829677,320.08489424048787,316.1186420144765,317.7287902832031,1812300,0.0,0.0
2022-08-22 00:00:00-04:00,311.51562040952257,313.41687756759376,309.9873411286316,311.4974365234375,1723900,0.0,0.0
2022-08-23 00:00:00-04:00,311.06983168806784,312.99837826137156,308.4135133577082,309.45965576171875,1538000,0.0,0.0
2022-08-24 00:00:00-04:00,308.4044418719417,313.2258366036528,307.92230517493624,311.0607604980469,1530800,0.0,0.0
2022-08-25 00:00:00-04:00,313.3441645560606,315.53650305167315,311.2154557911299,315.1999206542969,1763900,0.0,0.0
2022-08-26 00:00:00-04:00,316.88277414746295,317.24664616013035,305.6571545986607,306.0210266113281,1703900,0.0,0.0
2022-08-29 00:00:00-04:00,303.7649841308594,306.02100712271795,302.02746553724535,303.7649841308594,1835600,0.0,0.0
2022-08-30 00:00:00-04:00,304.7474970701735,305.66629691522024,301.2724592467544,303.501220703125,1830300,0.0,0.0
2022-08-31 00:00:00-04:00,303.88608587054966,307.17656769665604,302.17211959794645,304.91265869140625,2488000,2.5,0.0
2022-09-01 00:00:00-04:00,302.3463068132301,305.84758041668937,297.5343562440201,305.6734313964844,1575100,0.0,0.0
2022-09-02 00:00:00-04:00,306.7550034844351,311.92442726534733,302.43800373293277,303.822021484375,2215400,0.0,0.0
2022-09-06 00:00:00-04:00,304.5918937125316,305.44428966827263,296.4711397632464,299.2483215332031,1578100,0.0,0.0
2022-09-07 00:00:00-04:00,297.1952253274851,304.44523402664265,296.2786633372693,302.9787292480469,1496600,0.0,0.0
2022-09-08 00:00:00-04:00,302.7313086389231,307.7907214414575,300.0457603852058,307.3966064453125,1755600,0.0,0.0
2022-09-09 00:00:00-04:00,309.77967112802963,312.5751743670913,308.90892593749925,311.7227783203125,1445600,0.0,0.0
2022-09-12 00:00:00-04:00,313.15256722249984,315.6364423387339,311.7135582110047,313.99578857421875,1563200,0.0,0.0
2022-09-13 00:00:00-04:00,308.0382056051881,308.44149520268854,299.5600054275786,300.9898681640625,2242100,0.0,0.0
2022-09-14 00:00:00-04:00,301.0447819970753,303.3178377188734,296.507789181227,299.9540710449219,1953300,0.0,0.0
2022-09-15 00:00:00-04:00,301.30143722243685,307.3049071517247,300.2565431131395,303.9502868652344,1489400,0.0,0.0
2022-09-16 00:00:00-04:00,299.14746600801067,301.54885361918315,293.10732667352573,298.99163818359375,2946800,0.0,0.0
2022-09-19 00:00:00-04:00,293.82235038340673,301.81477386493935,293.7948546363304,301.2373352050781,1652700,0.0,0.0
2022-09-20 00:00:00-04:00,298.5242860679839,299.5324819972965,293.3090455003349,296.2878723144531,1569900,0.0,0.0
2022-09-21 00:00:00-04:00,297.80933821151444,302.2729906890664,293.87727938815397,293.9505920410156,1796700,0.0,0.0
2022-09-22 00:00:00-04:00,295.42628555336665,296.4070136562637,285.23412007126,286.81060791015625,2239900,0.0,0.0
2022-09-23 00:00:00-04:00,281.8886346595388,283.94175258000564,272.64052734593236,276.77423095703125,2918500,0.0,0.0
2022-09-26 00:00:00-04:00,274.052052349114,276.8934002921348,267.92025001035825,270.0375061035156,2308800,0.0,0.0
2022-09-27 00:00:00-04:00,272.67722671068316,274.1895485923064,264.5381507287583,267.06787109375,2007400,0.0,0.0
2022-09-28 00:00:00-04:00,269.4692839199995,277.1775752961668,268.0577703151329,275.6927490234375,2289700,0.0,0.0
2022-09-29 00:00:00-04:00,272.283118024198,274.37287855677437,267.2236771770348,271.4031982421875,1930800,0.0,0.0
2022-09-30 00:00:00-04:00,271.30234928606257,275.96764646284356,268.27770590482015,268.5984802246094,1970800,0.0,0.0
2022-10-03 00:00:00-04:00,272.3747090030145,276.09594803658825,266.81117162079374,274.1894836425781,1938800,0.0,0.0
2022-10-04 00:00:00-04:00,281.2012078863669,288.86368068261066,280.35798651784023,288.5978698730469,2399500,0.0,0.0
2022-10-05 00:00:00-04:00,280.99961962892667,284.32674480342337,278.26828224587473,283.21771240234375,1992800,0.0,0.0
2022-10-06 00:00:00-04:00,281.7420430008169,283.29100724735537,278.10329027192336,279.2489929199219,1367400,0.0,0.0
2022-10-07 00:00:00-04:00,278.63486964904683,279.68891043669197,274.1895380094081,275.95849609375,1790100,0.0,0.0
2022-10-10 00:00:00-04:00,278.29576617652197,279.2948155494584,273.529631874869,275.4635925292969,1309600,0.0,0.0
2022-10-11 00:00:00-04:00,273.1446343042377,277.27830965761353,269.39589930403616,269.66168212890625,2392800,0.0,0.0
2022-10-12 00:00:00-04:00,269.4600837035465,274.76698611173765,267.3703232276081,270.6699523925781,1763800,0.0,0.0
2022-10-13 00:00:00-04:00,266.1880059766484,282.9977533393828,263.74077259947506,281.4487609863281,2724900,0.0,0.0
2022-10-14 00:00:00-04:00,281.80616181360176,285.6190633218647,274.1162207113301,274.9594421386719,2397600,0.0,0.0
2022-10-17 00:00:00-04:00,279.0106623296948,285.6190670045481,278.7632006411166,281.1187438964844,3118600,0.0,0.0
2022-10-18 00:00:00-04:00,294.8304847867376,297.40602154138094,285.9673187228182,287.6629638671875,6428600,0.0,0.0
2022-10-19 00:00:00-04:00,286.52646140501895,288.52458801851037,282.35611508582116,285.7474060058594,2363800,0.0,0.0
2022-10-20 00:00:00-04:00,286.0589901790487,289.67939309866904,283.2176425398998,284.8766174316406,2382300,0.0,0.0
2022-10-21 00:00:00-04:00,285.05083312235746,298.5884462206058,283.6668153033404,297.974365234375,3545700,0.0,0.0
2022-10-24 00:00:00-04:00,301.0906327007675,303.60200376092547,298.66174886836063,301.2739562988281,2232600,0.0,0.0
2022-10-25 00:00:00-04:00,300.50399249626616,305.7650771971751,298.72588801725846,304.6651916503906,1837700,0.0,0.0
2022-10-26 00:00:00-04:00,306.60833516289154,310.41209014994865,306.26006507035504,307.68072509765625,2176700,0.0,0.0
2022-10-27 00:00:00-04:00,310.9986683695758,313.40005647615345,308.4506269777772,309.04638671875,1998800,0.0,0.0
2022-10-28 00:00:00-04:00,310.27455351613514,313.9957929426152,307.9648273804326,313.2992248535156,1677100,0.0,0.0
2022-10-31 00:00:00-04:00,312.6117951205489,317.2954133205894,312.15351413950765,315.7647705078125,2224000,0.0,0.0
2022-11-01 00:00:00-04:00,316.33302580505006,319.5959840632025,315.0864870256292,319.4951477050781,2316600,0.0,0.0
2022-11-02 00:00:00-04:00,318.61526575814446,327.6159109664217,317.8086867536449,320.6042175292969,3221200,0.0,0.0
2022-11-03 00:00:00-04:00,318.5053616359738,321.410876091201,314.0050379178901,319.76104736328125,2515600,0.0,0.0
2022-11-04 00:00:00-04:00,324.46302185497177,328.477568804172,321.92415460672026,328.0467834472656,3172700,0.0,0.0
2022-11-07 00:00:00-05:00,329.97152421640874,332.67536557657826,328.6058276932589,332.3087463378906,2526900,0.0,0.0
2022-11-08 00:00:00-05:00,332.0704237561635,336.5524256639538,331.30051498090745,333.64691162109375,3501300,0.0,0.0
2022-11-09 00:00:00-05:00,332.6661857536001,336.5157293322578,330.7688957195194,331.7954406738281,3047200,0.0,0.0
2022-11-10 00:00:00-05:00,339.12799958568826,348.6877362122587,338.8896844730149,346.74462890625,3790400,0.0,0.0
2022-11-11 00:00:00-05:00,348.29361843766515,354.70955351414847,347.147915745436,353.0322570800781,3409100,0.0,0.0
2022-11-14 00:00:00-05:00,351.959809634667,354.9844530602139,348.75184261976773,350.4566345214844,2609100,0.0,0.0
2022-11-15 00:00:00-05:00,353.7746365752455,357.0742376383687,348.8893450958219,350.93328857421875,3192400,0.0,0.0
2022-11-16 00:00:00-05:00,351.23574780918716,353.24302100759866,348.30276592788744,350.4291687011719,2303700,0.0,0.0
2022-11-17 00:00:00-05:00,345.6813866905021,349.8700821554032,343.7199583627207,348.0919494628906,2297600,0.0,0.0
2022-11-18 00:00:00-05:00,349.4668006535514,350.88746073746626,345.90138858589296,347.56036376953125,2384500,0.0,0.0
2022-11-21 00:00:00-05:00,347.2853594042911,348.9993259833831,344.0957413328273,348.4860534667969,1877500,0.0,0.0
2022-11-22 00:00:00-05:00,349.57666739105946,353.63702948059506,349.57666739105946,351.840576171875,2019400,0.0,0.0
2022-11-23 00:00:00-05:00,351.86813796517777,355.8093712556276,351.4190315464964,354.0220642089844,1865400,0.0,0.0
2022-11-25 00:00:00-05:00,353.57301692652743,356.94595885856967,353.0413952261609,356.4143371582031,1129300,0.0,0.0
2022-11-28 00:00:00-05:00,353.2704865876538,355.98353025955623,349.10931522762917,350.4566345214844,2232200,0.0,0.0
2022-11-29 00:00:00-05:00,349.32925225855894,352.81217639809915,347.6152859277918,351.6939697265625,1746900,0.0,0.0
2022-11-30 00:00:00-05:00,352.88407990824254,356.25146484375,346.05704713049744,356.25146484375,2964100,2.5,0.0
2022-12-01 00:00:00-05:00,356.5744665566112,356.5744665566112,350.99291113629596,354.0927429199219,1706300,0.0,0.0
2022-12-02 00:00:00-05:00,351.9799525885709,352.90252535729667,349.10153005489633,351.11273193359375,1932300,0.0,0.0
2022-12-05 00:00:00-05:00,349.2399834303611,349.5352135352657,340.71541827276116,342.77276611328125,2329600,0.0,0.0
2022-12-06 00:00:00-05:00,340.87225447813057,341.69332974097347,332.4306896902946,334.8109436035156,3081900,0.0,0.0
2022-12-07 00:00:00-05:00,334.4234200021573,337.0158474320431,330.41945725224576,332.05242919921875,2128200,0.0,0.0
2022-12-08 00:00:00-05:00,333.99909395702014,334.51573257210487,328.4913321545162,330.35491943359375,1967800,0.0,0.0
2022-12-09 00:00:00-05:00,329.0909816096463,333.6392875470349,328.6296951451612,331.3328552246094,1588800,0.0,0.0
2022-12-12 00:00:00-05:00,330.8069201466262,335.8257181957462,328.7495727633764,335.0599670410156,1750400,0.0,0.0
2022-12-13 00:00:00-05:00,345.6234873352295,349.2491920468164,337.2096270576241,340.1434020996094,3062600,0.0,0.0
2022-12-14 00:00:00-05:00,338.5934691124124,340.2725302940355,331.61882065124286,332.476806640625,2519700,0.0,0.0
2022-12-15 00:00:00-05:00,327.0337005278126,328.53747092926585,321.0000649781573,322.74371337890625,3163700,0.0,0.0
2022-12-16 00:00:00-05:00,318.3615476588676,320.8525065622414,316.8208661805754,319.5332336425781,5008800,0.0,0.0
2022-12-19 00:00:00-05:00,319.4593002835575,321.4243850181661,316.10114964855785,317.9278259277344,1646700,0.0,0.0
2022-12-20 00:00:00-05:00,319.2010287130922,320.5203295231957,316.89459617369374,317.8171691894531,1623000,0.0,0.0
2022-12-21 00:00:00-05:00,321.2952130103914,323.71234924670364,320.03129277649435,323.048095703125,1923100,0.0,0.0
2022-12-22 00:00:00-05:00,320.2804349623767,321.10151026348973,313.56410488125323,318.82275390625,1528900,0.0,0.0
2022-12-23 00:00:00-05:00,318.14004246625575,320.8339677816684,316.543981178405,318.7581787109375,1062000,0.0,0.0
2022-12-27 00:00:00-05:00,319.6807682115594,320.8247496825938,315.32622267558924,315.4922790527344,1035000,0.0,0.0
2022-12-28 00:00:00-05:00,314.1360390426611,316.30409075803396,313.02894041852113,314.4773864746094,1117200,0.0,0.0
2022-12-29 00:00:00-05:00,315.92589515302853,317.95556698137415,314.8187963094412,316.8392333984375,1273600,0.0,0.0
2022-12-30 00:00:00-05:00,315.2800577313695,317.07908617047036,313.12124049726305,316.7930908203125,1031400,0.0,0.0
2023-01-03 00:00:00-05:00,318.748954357349,321.60893613447496,316.2672308684432,319.4132080078125,1589700,0.0,0.0
2023-01-04 00:00:00-05:00,321.08306217325304,323.18652736986144,318.36146071302164,320.77862548828125,1881000,0.0,0.0
2023-01-05 00:00:00-05:00,317.595759041285,318.4168625353398,313.80399748027395,317.1437072753906,1397800,0.0,0.0
2023-01-06 00:00:00-05:00,320.4096055806555,321.97799101078084,314.55128929948745,321.12921142578125,3097800,0.0,0.0
2023-01-09 00:00:00-05:00,324.63490539264706,328.8971870141394,322.4391777319543,325.6681823730469,1989000,0.0,0.0
2023-01-10 00:00:00-05:00,325.336156295807,329.8198475624024,323.3618365611805,329.690673828125,1610100,0.0,0.0
2023-01-11 00:00:00-05:00,331.08375051700585,337.20041368866725,328.62970308806837,336.2593994140625,2127000,0.0,0.0
2023-01-12 00:00:00-05:00,337.88312998002414,341.44427643703216,334.49730280188544,341.2966613769531,2103100,0.0,0.0
2023-01-13 00:00:00-05:00,335.34601659409424,345.3651729937429,334.30350470555857,345.0422668457031,3310200,0.0,0.0
2023-01-17 00:00:00-05:00,336.554614093265,338.3905534809365,317.3651072427877,322.8267517089844,14448300,0.0,0.0
2023-01-18 00:00:00-05:00,321.35060311531544,327.31965097564836,320.87084718259524,322.06097412109375,5585200,0.0,0.0
2023-01-19 00:00:00-05:00,319.23795283703413,324.8933301643573,318.76743156986254,323.5924987792969,3100400,0.0,0.0
2023-01-20 00:00:00-05:00,322.78054242535603,324.9762702035895,312.0233401523326,315.3722839355469,11247200,0.0,0.0
2023-01-23 00:00:00-05:00,315.2154959912252,322.49458155164933,310.1321102888527,322.10711669921875,4915700,0.0,0.0
2023-01-24 00:00:00-05:00,313.6747824637945,323.17727196479217,313.6747824637945,321.35980224609375,2372000,0.0,0.0
2023-01-25 00:00:00-05:00,318.05701324275907,322.8636102586327,317.272820632107,322.5591735839844,1985200,0.0,0.0
2023-01-26 00:00:00-05:00,324.49662069513136,327.5134243556185,322.45771403550935,327.4857482910156,1919200,0.0,0.0
2023-01-27 00:00:00-05:00,324.6995234034191,328.4266974183106,324.5887910123042,326.31402587890625,2427400,0.0,0.0
2023-01-30 00:00:00-05:00,325.9357847578593,334.2758234265766,325.11468137008103,329.78289794921875,3184500,0.0,0.0
2023-01-31 00:00:00-05:00,331.35122510114485,337.58782576574123,329.22929092923255,337.486328125,2311500,0.0,0.0
2023-02-01 00:00:00-05:00,331.2959410375799,340.3740551872859,330.9822696234994,337.3941345214844,2889400,0.0,0.0
2023-02-02 00:00:00-05:00,339.50688411043285,344.0182798619149,336.3239958100194,340.8630676269531,2619600,0.0,0.0
2023-02-03 00:00:00-05:00,337.31109084323083,345.56812935570696,337.1450344824673,341.30584716796875,2243100,0.0,0.0
2023-02-06 00:00:00-05:00,340.4294068643484,342.51443066927885,337.4587209411331,342.09002685546875,1816200,0.0,0.0
2023-02-07 00:00:00-05:00,339.6636742977974,347.17340300403316,338.89792303021994,345.4112854003906,2205500,0.0,0.0
2023-02-08 00:00:00-05:00,344.04589623560867,349.0554602960636,343.1786754623263,346.0570983886719,1893200,0.0,0.0
2023-02-09 00:00:00-05:00,347.84689066675134,350.2824684582779,339.32229800968264,339.4975891113281,2052500,0.0,0.0
2023-02-10 00:00:00-05:00,338.58428668572014,343.4093535499283,336.3332063420282,342.53289794921875,1933400,0.0,0.0
2023-02-13 00:00:00-05:00,340.5124821388047,346.02024434911476,339.506880897319,345.0607604980469,1570600,0.0,0.0
2023-02-14 00:00:00-05:00,344.9869627933554,347.85615141656376,340.7800320081665,342.99420166015625,2155500,0.0,0.0
2023-02-15 00:00:00-05:00,340.1895127847574,345.38360257372346,339.73746108568525,345.3559265136719,1687200,0.0,0.0
2023-02-16 00:00:00-05:00,342.04390285683104,345.2729080085476,340.2448744389984,341.5364990234375,1947800,0.0,0.0
2023-02-17 00:00:00-05:00,339.55290958919187,342.32986274150323,338.4550456989612,339.96807861328125,1857300,0.0,0.0
2023-02-21 00:00:00-05:00,338.32592916243823,338.32592916243823,332.20926643648266,333.1595153808594,2403000,0.0,0.0
2023-02-22 00:00:00-05:00,333.63011329459835,334.8940339316827,330.3180792576943,332.9474182128906,2203800,0.0,0.0
2023-02-23 00:00:00-05:00,335.07850996898907,339.3961446599611,331.76644827006646,335.3921813964844,1931400,0.0,0.0
2023-02-24 00:00:00-05:00,332.28310004224664,336.90517121315037,331.6926398608692,335.67816162109375,2428600,0.0,0.0
2023-02-27 00:00:00-05:00,339.7098426022591,341.62878211868053,336.28710454055096,337.2281188964844,2842400,0.0,0.0
2023-02-28 00:00:00-05:00,337.6617187371858,337.67095347670795,324.12756040957277,324.42279052734375,4945600,0.0,0.0
2023-03-01 00:00:00-05:00,324.64574162353864,327.5726486951754,321.45863730828063,321.70953369140625,2717400,2.5,0.0
2023-03-02 00:00:00-05:00,319.628194025494,325.0081470100115,316.37606835077014,324.3763122558594,3259800,0.0,0.0
2023-03-03 00:00:00-05:00,325.8072295017957,332.4322497428111,324.80370063698723,331.8004150390625,2396200,0.0,0.0
2023-03-06 00:00:00-05:00,332.70175479703676,333.44508648544564,328.67842311892986,331.7632751464844,1614200,0.0,0.0
2023-03-07 00:00:00-05:00,330.3694835513383,330.97347240618996,321.152046500617,321.5701599121094,2048500,0.0,0.0
2023-03-08 00:00:00-05:00,321.6724268698869,324.92455282992285,320.72467465551154,324.5528869628906,1584600,0.0,0.0
2023-03-09 00:00:00-05:00,324.4692382599659,329.1987548028297,316.89640858932097,317.8627624511719,3177800,0.0,0.0
2023-03-10 00:00:00-05:00,314.87080497648356,315.85573220331605,302.94015298291123,304.4640197753906,4559700,0.0,0.0
2023-03-13 00:00:00-04:00,297.0306404292861,303.01452663859965,292.26394799101763,293.1652526855469,5660700,0.0,0.0
2023-03-14 00:00:00-04:00,301.76943575392755,303.2654286006218,296.3616358449065,299.3349914550781,3785900,0.0,0.0
2023-03-15 00:00:00-04:00,288.76087593641074,290.3776662773192,282.8513125744893,290.080322265625,6596700,0.0,0.0
2023-03-16 00:00:00-04:00,287.1162675284306,295.77622130275853,283.3252302591911,292.77496337890625,4399100,0.0,0.0
2023-03-17 00:00:00-04:00,288.1290167964156,288.4170599220299,280.4911668246101,282.04290771484375,6369800,0.0,0.0
2023-03-20 00:00:00-04:00,285.0534619951644,290.0896234065459,284.5702992429106,287.60870361328125,3963700,0.0,0.0
2023-03-21 00:00:00-04:00,295.1257623561349,297.6345564283625,293.01653671386134,294.8098449707031,3242400,0.0,0.0
2023-03-22 00:00:00-04:00,294.80988872051967,299.4000348867869,291.2882926486681,291.45556640625,2505900,0.0,0.0
2023-03-23 00:00:00-04:00,292.8864316635939,298.6008754183087,290.4984637794526,292.55194091796875,2585900,0.0,0.0
2023-03-24 00:00:00-04:00,288.18481585895813,290.6006865502982,283.7340412091225,290.4334411621094,2456700,0.0,0.0
2023-03-27 00:00:00-04:00,296.0549361633915,298.1734626319174,294.7076439560985,295.9713134765625,2300600,0.0,0.0
2023-03-28 00:00:00-04:00,296.4916252731507,297.9039666759934,293.7319634250963,295.8876647949219,1224300,0.0,0.0
2023-03-29 00:00:00-04:00,299.66013202715715,299.85525161522935,296.11066257252116,298.0061950683594,1475900,0.0,0.0
2023-03-30 00:00:00-04:00,301.57432158006014,301.8623647897213,297.2257708442487,298.39654541015625,1456300,0.0,0.0
2023-03-31 00:00:00-04:00,300.5614382761169,304.1480544835308,299.5858119737207,303.9436340332031,2281100,0.0,0.0
2023-04-03 00:00:00-04:00,303.04241314026365,305.68127775327844,300.26414901039885,303.3954772949219,1808800,0.0,0.0
2023-04-04 00:00:00-04:00,303.6742180488222,303.7206656456693,297.4487088318502,299.7995300292969,1536800,0.0,0.0
2023-04-05 00:00:00-04:00,296.98408490010473,299.3813817718882,296.7517902303116,298.7588195800781,1329300,0.0,0.0
2023-04-06 00:00:00-04:00,297.6903296410371,300.3384950805279,297.3186637658762,299.5672607421875,1311000,0.0,0.0
2023-04-10 00:00:00-04:00,299.5672274870466,301.97379708019804,298.554426038242,301.9459228515625,1114400,0.0,0.0
2023-04-11 00:00:00-04:00,302.95871894835244,305.8856546848027,300.7472973510017,304.18524169921875,1559600,0.0,0.0
2023-04-12 00:00:00-04:00,308.2272151964385,308.5524334714638,304.00873519637884,306.8520202636719,1862400,0.0,0.0
2023-04-13 00:00:00-04:00,306.703320774484,309.3607868439729,303.8414625943975,308.608154296875,1765500,0.0,0.0
2023-04-14 00:00:00-04:00,312.6964751408508,315.5769344906878,310.642998361363,313.0588684082031,2275700,0.0,0.0
2023-04-17 00:00:00-04:00,312.2041026593813,316.33896000437977,310.0484008593191,315.62347412109375,3012100,0.0,0.0
2023-04-18 00:00:00-04:00,304.77060507717226,312.71507139749394,303.033045493768,310.2620544433594,7549500,0.0,0.0
2023-04-19 00:00:00-04:00,309.3978838082964,313.12387051178,308.18066217621595,313.0309753417969,2625400,0.0,0.0
2023-04-20 00:00:00-04:00,311.2284445115755,315.2796503918766,310.64305734164986,314.7221374511719,2217900,0.0,0.0
2023-04-21 00:00:00-04:00,314.9915467935151,318.1135732923122,312.2040109811831,317.4631652832031,2278900,0.0,0.0
2023-04-24 00:00:00-04:00,317.7698583711327,320.6224441791172,317.342444049936,319.600341796875,1966300,0.0,0.0
2023-04-25 00:00:00-04:00,316.84993295176474,319.1450054478661,314.36901337534846,315.4375915527344,2138200,0.0,0.0
2023-04-26 00:00:00-04:00,313.67217847245377,316.47831670065636,310.9404187868197,312.72442626953125,2041900,0.0,0.0
2023-04-27 00:00:00-04:00,316.05090803779933,319.04283671643367,314.76863668621996,317.4075012207031,1768200,0.0,0.0
2023-04-28 00:00:00-04:00,315.9671971450416,319.7303877932021,315.6420072937625,319.11712646484375,1714100,0.0,0.0
2023-05-01 00:00:00-04:00,319.68396361832214,322.852466816503,316.2645923454824,316.450439453125,1375000,0.0,0.0
2023-05-02 00:00:00-04:00,315.00092772938217,315.8186096458659,306.62901730412705,309.7603454589844,2397600,0.0,0.0
2023-05-03 00:00:00-04:00,308.82178691405664,311.11685919795565,305.00287646634575,305.3745422363281,1825400,0.0,0.0
2023-05-04 00:00:00-04:00,302.86584652251975,303.8228995690794,295.99920145888575,298.50799560546875,2965100,0.0,0.0
2023-05-05 00:00:00-04:00,302.03883351132913,304.64982345516046,299.58581642721543,303.8600158691406,2413400,0.0,0.0
2023-05-08 00:00:00-04:00,306.29450352229924,306.90773655730516,302.6056626691187,303.38616943359375,1607300,0.0,0.0
2023-05-09 00:00:00-04:00,302.02027507781395,304.0087028986155,300.4034847371462,301.7693786621094,1253300,0.0,0.0
2023-05-10 00:00:00-04:00,306.5546442136467,306.5546442136467,296.48232231531944,299.7065734863281,1752200,0.0,0.0
2023-05-11 00:00:00-04:00,297.0212679106643,299.1397942214422,295.6460732205411,298.0061950683594,1515200,0.0,0.0
2023-05-12 00:00:00-04:00,299.23274166524664,300.3291658179919,294.84701669797977,296.87261962890625,1099100,0.0,0.0
2023-05-15 00:00:00-04:00,297.7274504215778,300.3570136560166,295.53457395247995,299.2605895996094,1178200,0.0,0.0
2023-05-16 00:00:00-04:00,299.6601274868245,300.189766145565,297.80177010706126,298.0898132324219,1618900,0.0,0.0
2023-05-17 00:00:00-04:00,299.8088499329212,306.9914126226768,299.8088499329212,306.7962646484375,2098100,0.0,0.0
2023-05-18 00:00:00-04:00,306.6290065897341,307.1865195457001,302.5963739664296,306.2387390136719,1645400,0.0,0.0
2023-05-19 00:00:00-04:00,306.62904126334075,308.44095148604924,301.78802706679284,303.05169677734375,1546100,0.0,0.0
2023-05-22 00:00:00-04:00,303.0516240821222,304.1573489917609,299.5950782209582,301.90875244140625,1498900,0.0,0.0
2023-05-23 00:00:00-04:00,300.6822321368257,303.9715326652381,299.94817302615223,300.65435791015625,1550900,0.0,0.0
2023-05-24 00:00:00-04:00,297.6995840690158,299.102624655626,296.222164948913,297.16064453125,1439100,0.0,0.0
2023-05-25 00:00:00-04:00,296.33372479291006,302.15036498354016,296.222199514084,300.94244384765625,1618500,0.0,0.0
2023-05-26 00:00:00-04:00,301.7229221005191,309.2957231731494,301.05391227232917,308.49664306640625,2718700,0.0,0.0
2023-05-30 00:00:00-04:00,308.56168101043403,308.97982280967364,304.51977594712145,307.40020751953125,1998600,0.0,0.0
2023-05-31 00:00:00-04:00,305.28433871503347,306.38911154179726,301.3052593443608,303.2526550292969,2938000,2.5,0.0
2023-06-01 00:00:00-04:00,303.8237464835896,303.98289363790747,294.00242415257475,296.230712890625,3339700,0.0,0.0
2023-06-02 00:00:00-04:00,297.953387891963,304.53525069187464,296.83924363009453,303.0185241699219,3987700,0.0,0.0
2023-06-05 00:00:00-04:00,302.3444064780041,302.86870627462326,299.90079798721047,301.2958068847656,1462900,0.0,0.0
2023-06-06 00:00:00-04:00,301.8762579992156,307.1567423083881,300.9119178810475,305.9676818847656,1495600,0.0,0.0
2023-06-07 00:00:00-04:00,306.754224022444,316.3039961146858,305.51836208757277,314.34722900390625,3382700,0.0,0.0
2023-06-08 00:00:00-04:00,313.98204971827846,314.8902170155376,310.2183198593495,314.0850524902344,2009500,0.0,0.0
2023-06-09 00:00:00-04:00,313.8416123322922,314.7685229762341,311.34183081389017,314.5999755859375,1702100,0.0,0.0
2023-06-12 00:00:00-04:00,316.8657607872621,318.41057395217274,314.9089936354153,317.84881591796875,2290800,0.0,0.0
2023-06-13 00:00:00-04:00,318.51352849733763,323.2696848459351,317.81133820397685,320.6669006347656,1772400,0.0,0.0
2023-06-14 00:00:00-04:00,322.8015134981457,325.56347303361537,315.73281028133607,316.8469543457031,1819400,0.0,0.0
2023-06-15 00:00:00-04:00,315.81713704075287,322.0713055350951,314.30041046414516,318.0828552246094,3322700,0.0,0.0
2023-06-16 00:00:00-04:00,319.61832455771054,319.6370393475869,315.62050257374483,316.7440185546875,4544900,0.0,0.0
2023-06-20 00:00:00-04:00,313.94465189808784,314.00082484403805,308.2428693065377,309.63787841796875,3208100,0.0,0.0
2023-06-21 00:00:00-04:00,307.51256480201636,308.9637467289855,304.2075901086821,304.3480224609375,2158700,0.0,0.0
2023-06-22 00:00:00-04:00,303.05593345630575,303.5896048715955,298.6742734166686,299.2079162597656,2409100,0.0,0.0
2023-06-23 00:00:00-04:00,296.380543512556,297.45722982385496,294.0492803564511,294.6484680175781,2612000,0.0,0.0
2023-06-26 00:00:00-04:00,295.0417144558249,296.4554670759878,292.270410739425,292.4482727050781,2481000,0.0,0.0
2023-06-27 00:00:00-04:00,292.49506851400514,295.55660831549136,290.762993178209,293.4687805175781,2156800,0.0,0.0
2023-06-28 00:00:00-04:00,291.8490097419251,294.82628970400316,290.8846695565151,293.66534423828125,2423500,0.0,0.0
2023-06-29 00:00:00-04:00,297.5883615519188,304.75069946546773,296.09034932704816,302.49432373046875,3553600,0.0,0.0
2023-06-30 00:00:00-04:00,305.05022040751425,305.2468257055785,301.89504966857515,301.97930908203125,2361800,0.0,0.0
2023-07-03 00:00:00-04:00,301.857576808768,308.40198141811345,301.857576808768,305.7898254394531,1106800,0.0,0.0
2023-07-05 00:00:00-04:00,303.2994228462774,303.91732519629323,299.25479966753255,299.64801025390625,2561000,0.0,0.0
2023-07-06 00:00:00-04:00,297.72875508561305,298.3279713262289,292.89768129140856,293.0474853515625,2896900,0.0,0.0
2023-07-07 00:00:00-04:00,293.23474121949516,297.1389040927108,292.76661425622785,295.07916259765625,2903100,0.0,0.0
2023-07-10 00:00:00-04:00,296.4835268521183,299.6761274189299,295.85622418476834,296.2962646484375,1775800,0.0,0.0
2023-07-11 00:00:00-04:00,298.50580284234775,300.57494442573346,294.5267239742676,300.4251403808594,2041700,0.0,0.0
2023-07-12 00:00:00-04:00,303.88924244682715,312.10020646756186,303.58029126803626,305.5932312011719,2741300,0.0,0.0
2023-07-13 00:00:00-04:00,306.4826698439168,308.2896327185886,304.9284851949846,307.7278747558594,2787800,0.0,0.0
2023-07-14 00:00:00-04:00,310.8268666499154,311.2856504066651,304.3011770095507,305.3966064453125,1815200,0.0,0.0
2023-07-17 00:00:00-04:00,305.11579484244527,306.6137782131799,303.683298957133,306.34228515625,1777400,0.0,0.0
2023-07-18 00:00:00-04:00,306.4358727091,316.6878637631278,306.4358727091,315.77032470703125,3887400,0.0,0.0
2023-07-19 00:00:00-04:00,316.4537813032579,323.8314657466134,310.18086947576376,318.8412170410156,6037400,0.0,0.0
2023-07-20 00:00:00-04:00,317.5398064378015,329.2616924063059,317.5398064378015,328.49395751953125,3915000,0.0,0.0
2023-07-21 00:00:00-04:00,329.35537642891126,332.4450026883221,324.6741072042282,329.5238952636719,3217400,0.0,0.0
2023-07-24 00:00:00-04:00,330.33843680482914,338.5681162332693,329.5613586729083,336.0495910644531,3517500,0.0,0.0
2023-07-25 00:00:00-04:00,334.6358448704971,337.81910206752207,331.4151295213571,332.0892333984375,2893000,0.0,0.0
2023-07-26 00:00:00-04:00,331.8926309679661,337.29483417741915,331.69602565208515,334.7669372558594,2281600,0.0,0.0
2023-07-27 00:00:00-04:00,335.3005498178992,337.5569247151459,331.59299308135496,331.91131591796875,2010800,0.0,0.0
2023-07-28 00:00:00-04:00,333.4093386980886,333.7744914075521,329.19619645030747,330.71295166015625,1827400,0.0,0.0
2023-07-31 00:00:00-04:00,332.25777967225406,334.4298955191946,331.45258648235335,333.1846618652344,1385500,0.0,0.0
2023-08-01 00:00:00-04:00,331.43385217709033,335.05714988781347,330.86275106172326,334.9167175292969,2024300,0.0,0.0
2023-08-02 00:00:00-04:00,332.3607319577108,332.3607319577108,326.6308631932899,328.7187194824219,2106600,0.0,0.0
2023-08-03 00:00:00-04:00,327.67946274449184,332.56670878938627,326.39679959272013,330.64739990234375,1840400,0.0,0.0
2023-08-04 00:00:00-04:00,330.8158981250614,335.8623195755358,330.03882008073714,330.70355224609375,1725300,0.0,0.0
2023-08-07 00:00:00-04:00,332.7445746345267,334.86988891789684,331.35893738073133,332.8943786621094,1260300,0.0,0.0
2023-08-08 00:00:00-04:00,329.28046873511636,329.561333442694,320.226882031557,326.05975341796875,1917300,0.0,0.0
2023-08-09 00:00:00-04:00,324.7115817795004,326.2470233053026,320.657586425475,320.8448486328125,1326000,0.0,0.0
2023-08-10 00:00:00-04:00,322.1368698743708,325.12352194950466,318.1390476381445,318.7008056640625,1345900,0.0,0.0
2023-08-11 00:00:00-04:00,318.2607150002999,320.00216174868734,316.0324266114299,319.0097351074219,1256800,0.0,0.0
2023-08-14 00:00:00-04:00,315.9014064755786,316.87511845365157,313.51394207885926,316.2103576660156,1347000,0.0,0.0
2023-08-15 00:00:00-04:00,312.0533500290207,312.73682552312476,309.4131362824095,311.0328369140625,1657800,0.0,0.0
2023-08-16 00:00:00-04:00,309.46932724427023,311.6976157748006,307.9994019770283,308.1304626464844,3340300,0.0,0.0
2023-08-17 00:00:00-04:00,308.9637962481976,312.69944027791195,303.34627268004857,306.6418762207031,3135200,0.0,0.0
2023-08-18 00:00:00-04:00,303.6457874219125,306.73541300543985,302.5971879165261,304.2168884277344,1730500,0.0,0.0
2023-08-21 00:00:00-04:00,304.647617658345,305.58387139676256,299.0300952278396,301.5298767089844,1983500,0.0,0.0
2023-08-22 00:00:00-04:00,301.9231011664146,302.0729051859391,298.01891069533286,298.46832275390625,1810300,0.0,0.0
2023-08-23 00:00:00-04:00,300.1816072107176,301.89496719954667,297.7286274928615,301.7825927734375,1429000,0.0,0.0
2023-08-24 00:00:00-04:00,301.61414928311916,306.6137410358522,299.14245416334234,299.5637512207031,1185600,0.0,0.0
2023-08-25 00:00:00-04:00,300.35022799803943,302.1478479878241,297.9066191288295,299.7416687011719,1159600,0.0,0.0
2023-08-28 00:00:00-04:00,300.85575368897634,305.7804571821091,300.85575368897634,305.19061279296875,1440100,0.0,0.0
2023-08-29 00:00:00-04:00,304.80679123295283,311.49165721976624,303.9828833001266,311.3511962890625,1831700,0.0,0.0
2023-08-30 00:00:00-04:00,311.54004180772773,313.3432012645352,309.3214933236742,310.199462890625,1131500,2.75,0.0
2023-08-31 00:00:00-04:00,310.9829967734833,312.00256951561164,307.7259762728303,309.3780822753906,1271100,0.0,0.0
2023-09-01 00:00:00-04:00,311.22848532025216,313.06938629059096,307.9620147470629,309.08544921875,1201400,0.0,0.0
2023-09-05 00:00:00-04:00,309.0287611459386,310.10500394680673,304.58224425018983,305.63958740234375,1846000,0.0,0.0
2023-09-06 00:00:00-04:00,304.2801527443779,306.0077996800621,301.4479711020223,303.1661682128906,2120800,0.0,0.0
2023-09-07 00:00:00-04:00,302.68473021412234,306.08335441974475,302.2221497008728,303.94976806640625,1471100,0.0,0.0
2023-09-08 00:00:00-04:00,303.9119824882659,307.7354161608378,303.6665175278988,307.3105773925781,2026400,0.0,0.0
2023-09-11 00:00:00-04:00,309.89736230326287,311.68162197402364,306.14944032057895,306.4892883300781,1283100,0.0,0.0
2023-09-12 00:00:00-04:00,305.88508585037454,316.5246384971383,305.87563602498255,312.3896484375,2054700,0.0,0.0
2023-09-13 00:00:00-04:00,314.8442045255258,318.1578663921976,312.3141290768284,316.2414245605469,2165000,0.0,0.0
2023-09-14 00:00:00-04:00,320.03655821030617,325.81420474000697,318.0068335884654,325.29498291015625,2822700,0.0,0.0
2023-09-15 00:00:00-04:00,325.8424937329827,326.8243247739028,322.73652645024333,323.3785095214844,3063900,0.0,0.0
2023-09-18 00:00:00-04:00,323.37850210287576,325.0022873673441,320.2914057302367,324.1148681640625,1356600,0.0,0.0
2023-09-19 00:00:00-04:00,324.24707648289245,325.67261734396993,319.0641925147359,322.7649230957031,1660200,0.0,0.0
2023-09-20 00:00:00-04:00,323.44457644509856,324.5680108226294,317.4781355683998,317.8652038574219,1224400,0.0,0.0
2023-09-21 00:00:00-04:00,315.7883094311,315.96768327193547,311.61554839072033,311.7666015625,1685100,0.0,0.0
2023-09-22 00:00:00-04:00,311.6344311876635,312.99388084970246,308.5473343753294,309.5480651855469,1669100,0.0,0.0
2023-09-25 00:00:00-04:00,308.77393871156124,310.8697546088027,307.0840619990353,310.4449157714844,833300,0.0,0.0
2023-09-26 00:00:00-04:00,307.39553608582145,309.1137331690721,304.3840094934624,305.7056884765625,1481800,0.0,0.0
2023-09-27 00:00:00-04:00,306.8007483407034,306.8196191762804,301.13638614052593,303.94024658203125,1493000,0.0,0.0
2023-09-28 00:00:00-04:00,302.2976324842542,308.5567587854847,302.2976324842542,307.0085144042969,1389600,0.0,0.0
2023-09-29 00:00:00-04:00,308.8966097814949,309.6140761765677,304.24236958052177,305.46966552734375,1403900,0.0,0.0
2023-10-02 00:00:00-04:00,304.01585205678583,305.47913455016607,299.361639934801,300.6833190917969,1303800,0.0,0.0
2023-10-03 00:00:00-04:00,297.6339676053795,298.0210358990288,287.3626127330034,288.9958190917969,3118600,0.0,0.0
2023-10-04 00:00:00-04:00,287.7969001832365,291.77138752557227,286.5035416787304,291.3371276855469,1872000,0.0,0.0
2023-10-05 00:00:00-04:00,290.166434408458,293.17798984277505,287.1926494627507,293.13079833984375,1584600,0.0,0.0
2023-10-06 00:00:00-04:00,290.874552272625,297.681251220662,289.987161647552,295.0001220703125,1595100,0.0,0.0
2023-10-09 00:00:00-04:00,291.6203455908135,295.9441597473125,291.1199945703047,295.122802734375,1094400,0.0,0.0
2023-10-10 00:00:00-04:00,296.87875011975785,299.1256190488943,294.82070484248527,297.1619567871094,1193800,0.0,0.0
2023-10-11 00:00:00-04:00,297.78504682371147,298.9179311389551,294.1693071754891,295.5098571777344,1672500,0.0,0.0
2023-10-12 00:00:00-04:00,296.57663043460474,296.6710422562816,290.7895343721701,292.5171813964844,1727700,0.0,0.0
2023-10-13 00:00:00-04:00,294.5469306695456,298.49309737747046,290.9311909600379,291.9979553222656,1785200,0.0,0.0
2023-10-16 00:00:00-04:00,295.6609189991954,298.2287652198975,292.8948281011756,296.8032531738281,2273900,0.0,0.0
2023-10-17 00:00:00-04:00,295.8497073769689,298.4930654607709,288.7975737346932,292.0545654296875,4123000,0.0,0.0
2023-10-18 00:00:00-04:00,289.8266471948154,290.0343417100439,284.61544228151007,285.0685729980469,3460300,0.0,0.0
2023-10-19 00:00:00-04:00,285.06859028282594,288.25952038733874,281.9248805044472,282.45355224609375,3211800,0.0,0.0
2023-10-20 00:00:00-04:00,281.802098405234,286.28638640330723,281.42447991485346,283.265380859375,2329000,0.0,0.0
2023-10-23 00:00:00-04:00,281.6038725100097,286.56961216987236,281.5094606785105,282.4818420410156,2959800,0.0,0.0
2023-10-24 00:00:00-04:00,283.21816733360333,286.1447608248056,282.34961894385253,282.44403076171875,1697100,0.0,0.0
2023-10-25 00:00:00-04:00,281.8964918187765,283.21817085400676,278.5261886711077,280.159423828125,1809300,0.0,0.0
2023-10-26 00:00:00-04:00,280.34826624458736,283.3504012611852,278.2902207682033,280.3765869140625,2011200,0.0,0.0
2023-10-27 00:00:00-04:00,280.9052353496678,281.58496017121405,273.1733763084962,273.692626953125,2601700,0.0,0.0
2023-10-30 00:00:00-04:00,277.03459642859167,284.9269292678389,276.88354327433825,284.0017395019531,3065200,0.0,0.0
2023-10-31 00:00:00-04:00,284.80422101012874,287.26823438350993,283.87905997597477,286.6262512207031,2611000,0.0,0.0
2023-11-01 00:00:00-04:00,286.3619229908871,291.00671436884517,285.89934246151716,289.9776916503906,2345400,0.0,0.0
2023-11-02 00:00:00-04:00,292.36613198722546,296.94483169797115,290.7706672549198,296.2084655761719,2597000,0.0,0.0
2023-11-03 00:00:00-04:00,300.6455230034028,310.9074568561274,300.14517205047827,309.2931213378906,3742000,0.0,0.0
2023-11-06 00:00:00-05:00,308.3868774222295,310.50156420999343,304.08196285545466,305.79071044921875,2087600,0.0,0.0
2023-11-07 00:00:00-05:00,304.1102633868542,308.1319709962589,303.3172558939544,305.8284606933594,1505000,0.0,0.0
2023-11-08 00:00:00-05:00,305.828433755221,308.3868298378453,305.56409794753773,306.404296875,1484400,0.0,0.0
2023-11-09 00:00:00-05:00,307.7637518183969,308.37738543876833,301.7784111451941,302.83575439453125,1787900,0.0,0.0
2023-11-10 00:00:00-05:00,305.23371325274286,307.82043035830037,303.6571192029408,307.30120849609375,1781400,0.0,0.0
2023-11-13 00:00:00-05:00,306.0267272999199,310.3316418902056,305.4319644350014,308.6228942871094,1403300,0.0,0.0
2023-11-14 00:00:00-05:00,314.87250978690696,322.6610092179909,313.8718079224151,319.7721862792969,3592700,0.0,0.0
2023-11-15 00:00:00-05:00,320.8861714656701,322.00015598725935,316.5812577123748,318.71484375,2534500,0.0,0.0
2023-11-16 00:00:00-05:00,318.86593672135626,320.74460820940675,316.2697699146576,317.8369140625,1620400,0.0,0.0
2023-11-17 00:00:00-05:00,320.5085988869753,321.40546805163245,319.205790546924,320.2159423828125,1465200,0.0,0.0
2023-11-20 00:00:00-05:00,320.9806476576939,322.2268147336958,318.62049583668147,320.46142578125,3146000,0.0,0.0
2023-11-21 00:00:00-05:00,319.43234522613983,320.12151986705175,315.83547648238766,316.23199462890625,1900900,0.0,0.0
2023-11-22 00:00:00-05:00,318.09180165951824,319.95160231549374,316.6096195061355,319.69671630859375,1235200,0.0,0.0
2023-11-24 00:00:00-05:00,319.8477956058026,321.23556616932177,318.75271040329966,320.17822265625,460100,0.0,0.0
2023-11-27 00:00:00-05:00,320.21588446763525,320.99944200889917,316.95886420658115,318.81866455078125,1250500,0.0,0.0
2023-11-28 00:00:00-05:00,318.5072294405778,319.47016106101364,316.1376276718076,318.7621154785156,1419000,0.0,0.0
2023-11-29 00:00:00-05:00,320.7609115630639,326.9762479457137,320.29453258907245,323.86383056640625,2038100,2.75,0.0
2023-11-30 00:00:00-05:00,325.2153614783798,328.1469609068064,323.70198274722577,325.0821228027344,1903600,0.0,0.0
2023-12-01 00:00:00-05:00,325.00597023800526,332.0779609756561,324.01610590173925,331.6401062011719,3623300,0.0,0.0
2023-12-04 00:00:00-05:00,329.6127366296568,333.600834290297,328.651425524769,332.5538635253906,2178100,0.0,0.0
2023-12-05 00:00:00-05:00,329.89831066621304,330.11720901240693,324.13032762519606,325.2820129394531,2429700,0.0,0.0
2023-12-06 00:00:00-05:00,326.95719375152623,330.279010818895,325.1392279873131,325.49139404296875,1869300,0.0,0.0
2023-12-07 00:00:00-05:00,327.1475493120008,328.08033625578094,325.5199576568819,328.0137023925781,2162400,0.0,0.0
2023-12-08 00:00:00-05:00,327.7186300975936,335.3141059395582,327.21417052588157,333.9244384765625,2238800,0.0,0.0
2023-12-11 00:00:00-05:00,334.50510530410133,336.0184842272304,332.2302586841944,334.8096923828125,1636000,0.0,0.0
2023-12-12 00:00:00-05:00,334.4765249792408,336.94171653832797,332.7346913647029,335.6186828613281,1597600,0.0,0.0
2023-12-13 00:00:00-05:00,335.93281265078934,345.36528100394725,334.65738698179314,345.2510681152344,2876500,0.0,0.0
2023-12-14 00:00:00-05:00,348.83937457547603,367.59009746068756,347.4116554435164,364.99163818359375,5376300,0.0,0.0
2023-12-15 00:00:00-05:00,361.8696683395105,367.304510657304,361.04159594809573,362.17425537109375,4522300,0.0,0.0
2023-12-18 00:00:00-05:00,362.88812346354536,364.3158425299377,357.79591965067556,358.2622985839844,2740900,0.0,0.0
2023-12-19 00:00:00-05:00,357.89110629601674,365.27715317186653,356.5014388258977,364.0207824707031,2091800,0.0,0.0
2023-12-20 00:00:00-05:00,362.3837092389168,366.57167988169823,359.0713901334417,359.328369140625,1836500,0.0,0.0
2023-12-21 00:00:00-05:00,361.7364230585647,363.1070357386884,358.84293322009904,362.23138427734375,1301600,0.0,0.0
2023-12-22 00:00:00-05:00,363.5924480597867,365.0106396747123,361.12725667507584,362.3074951171875,1538200,0.0,0.0
2023-12-26 00:00:00-05:00,362.307520327386,364.17306519889155,361.73642686349075,363.22125244140625,837300,0.0,0.0
2023-12-27 00:00:00-05:00,362.83099753228754,367.16173351554346,361.9838703225026,365.95294189453125,1367200,0.0,0.0
2023-12-28 00:00:00-05:00,365.99103793927077,369.0749310835357,365.14393967361696,367.78997802734375,1024700,0.0,0.0
2023-12-29 00:00:00-05:00,366.9904105134022,368.00885702041273,365.08678521297884,367.1807556152344,881300,0.0,0.0
2024-01-02 00:00:00-05:00,364.5443014963909,370.38844601647514,363.77333545406367,369.5888977050781,2263100,0.0,0.0
2024-01-03 00:00:00-05:00,365.38186317830053,366.8286080224231,358.60496141564545,363.392578125,2265300,0.0,0.0
2024-01-04 00:00:00-05:00,365.0677990791339,368.4372246282061,363.54492178978865,364.4967346191406,1618300,0.0,0.0
2024-01-05 00:00:00-05:00,363.5163590612235,370.702534116111,362.7168107440955,367.81854248046875,2913900,0.0,0.0
2024-01-08 00:00:00-05:00,367.3711634997694,370.3312871711877,363.62101898979836,370.12188720703125,1902600,0.0,0.0
2024-01-09 00:00:00-05:00,366.06723138977463,367.3521845588608,363.3735847324056,365.2486572265625,1708800,0.0,0.0
2024-01-10 00:00:00-05:00,362.97382097015975,364.5918853192465,360.2897018741772,363.5544128417969,1547300,0.0,0.0
2024-01-11 00:00:00-05:00,362.53597771059026,362.6216373737286,356.62519953085985,361.4508972167969,2209900,0.0,0.0
2024-01-12 00:00:00-05:00,364.86787062633874,367.25692975709444,358.4336075904963,359.5472412109375,2223800,0.0,0.0
2024-01-16 00:00:00-05:00,360.1278428580017,366.45742061439194,356.2825404251106,362.1171569824219,3926600,0.0,0.0
2024-01-17 00:00:00-05:00,357.1201595479123,361.8792233529377,356.101712922352,359.0047302246094,2415100,0.0,0.0
2024-01-18 00:00:00-05:00,362.00289419450326,363.24979549546117,356.510945633611,358.7477111816406,1771200,0.0,0.0
2024-01-19 00:00:00-05:00,358.5763900398525,364.82977707372027,354.1409396058485,363.7828063964844,2603300,0.0,0.0
2024-01-22 00:00:00-05:00,367.74235258354645,373.80542407583533,366.02910128759333,367.36163330078125,2922700,0.0,0.0
2024-01-23 00:00:00-05:00,361.66978081569056,364.88688316974293,360.3848279301665,362.42169189453125,3313300,0.0,0.0
2024-01-24 00:00:00-05:00,363.41167035887884,366.07673478184773,360.90839785782754,361.1177978515625,2235800,0.0,0.0
2024-01-25 00:00:00-05:00,364.24926163895924,368.0755388363911,363.60203587269126,364.2587890625,2376300,0.0,0.0
2024-01-26 00:00:00-05:00,360.40390271282666,362.5454814641142,358.5954642433658,359.5853576660156,3464700,0.0,0.0
2024-01-29 00:00:00-05:00,357.77691345572873,362.4883692047496,356.2063991590348,362.22186279296875,1632300,0.0,0.0
2024-01-30 00:00:00-05:00,365.49608533783663,369.2272039896821,363.2022131916105,368.227783203125,3897900,0.0,0.0
2024-01-31 00:00:00-05:00,367.39971326939644,374.9285554388753,365.2105556122466,365.505615234375,3421100,0.0,0.0
2024-02-01 00:00:00-05:00,365.9053405741158,370.76911845971375,360.54663055323346,365.3533020019531,2138500,0.0,0.0
2024-02-02 00:00:00-05:00,363.4021216375631,370.0077049063202,362.25996368623817,369.17010498046875,2180900,0.0,0.0
2024-02-05 00:00:00-05:00,366.06717380404694,366.7619784917399,362.64064224118323,364.56329345703125,2231100,0.0,0.0
2024-02-06 00:00:00-05:00,364.56334307296146,368.1802492887412,364.54431727311294,366.43841552734375,1487800,0.0,0.0
2024-02-07 00:00:00-05:00,366.74294014343,368.41813974950384,364.0683488456067,368.02789306640625,1963200,0.0,0.0
2024-02-08 00:00:00-05:00,367.39972454605066,369.4080355226316,362.96427360863464,366.4859924316406,1913700,0.0,0.0
2024-02-09 00:00:00-05:00,366.2289655205475,367.52344590900935,364.1540207865771,365.7435607910156,2028200,0.0,0.0
2024-02-12 00:00:00-05:00,366.44786409605206,377.25094330153377,365.8006384762053,373.7197265625,2797200,0.0,0.0
2024-02-13 00:00:00-05:00,368.91304336357433,370.4073961217805,357.1201003151758,360.4990234375,3030800,0.0,0.0
2024-02-14 00:00:00-05:00,362.52641722330924,363.09751063916485,357.6721667590629,359.8232727050781,2041300,0.0,0.0
2024-02-15 00:00:00-05:00,361.1368402496449,368.5514413535608,360.8703338165352,366.84771728515625,2218900,0.0,0.0
2024-02-16 00:00:00-05:00,364.7726995853277,368.90356332789963,362.59306935802704,365.9148864746094,2376800,0.0,0.0
2024-02-20 00:00:00-05:00,362.5930481591872,366.9999164206243,362.4978610828089,365.9909973144531,2358900,0.0,0.0
2024-02-21 00:00:00-05:00,363.4402141325902,369.9315847225546,362.8881754618384,369.56036376953125,1772500,0.0,0.0
2024-02-22 00:00:00-05:00,370.47408887210463,376.5371314704378,370.25516148165354,371.6543273925781,2326800,0.0,0.0
2024-02-23 00:00:00-05:00,371.206998542055,377.66981570112,370.45505828363696,372.2063903808594,2247400,0.0,0.0
2024-02-26 00:00:00-05:00,372.20637365767647,376.97496495051155,370.0838497617281,371.4163818359375,1797800,0.0,0.0
2024-02-27 00:00:00-05:00,373.358045256452,376.82262825249626,370.5692120723546,371.9779052734375,1724900,0.0,0.0
2024-02-28 00:00:00-05:00,371.14399042690144,376.96244319176066,370.9618621078598,376.8857421875,2572900,2.75,0.0
2024-02-29 00:00:00-05:00,378.841194054863,379.56970730372046,369.6869792693687,372.9268798828125,3139100,0.0,0.0
2024-03-01 00:00:00-05:00,373.4828886835465,374.8344587222487,369.284400744783,372.01629638671875,1697700,0.0,0.0
2024-03-04 00:00:00-05:00,372.6968823242541,380.1353007409985,370.1950603300994,375.99432373046875,1955100,0.0,0.0
2024-03-05 00:00:00-05:00,374.5276800394144,381.0171053855988,374.13466785703895,374.7098083496094,2697800,0.0,0.0
2024-03-06 00:00:00-05:00,378.63034656881905,378.90833653305117,368.5846498807217,373.4253845214844,2692400,0.0,0.0
2024-03-07 00:00:00-05:00,375.6588079259657,378.1606590750836,371.01939153664495,372.3326110839844,2033100,0.0,0.0
2024-03-08 00:00:00-05:00,372.62011964799274,379.22456653569105,370.683814505213,370.95220947265625,1657200,0.0,0.0
2024-03-11 00:00:00-04:00,369.68702377187424,370.3963472293424,365.6131528554752,370.1567077636719,1654200,0.0,0.0
2024-03-12 00:00:00-04:00,371.5561665198723,373.0035981461835,367.87530811027034,372.09295654296875,1703900,0.0,0.0
2024-03-13 00:00:00-04:00,372.79269783266267,378.86995045356696,372.09294014456475,376.0517883300781,2370600,0.0,0.0
2024-03-14 00:00:00-04:00,378.08394028499276,379.9531396677188,369.47611009369666,372.505126953125,3029500,0.0,0.0
2024-03-15 00:00:00-04:00,372.75435638566574,374.92070631286185,370.38671751700593,371.16314697265625,3763900,0.0,0.0
2024-03-18 00:00:00-04:00,372.54348314779156,372.9077397922773,367.5206496363252,368.44085693359375,2069000,0.0,0.0
2024-03-19 00:00:00-04:00,368.15332352823464,374.5852385643591,367.8082274878788,372.5531005859375,1858200,0.0,0.0
2024-03-20 00:00:00-04:00,370.3483639794122,380.06815375618993,370.0032972254459,380.0393981933594,2157400,0.0,0.0
2024-03-21 00:00:00-04:00,383.2026727505566,396.8621225260841,382.5508604135348,396.5649719238281,4613800,0.0,0.0
2024-03-22 00:00:00-04:00,397.22633477516325,399.48854632805273,388.9635714628754,389.9604797363281,2190300,0.0,0.0
2024-03-25 00:00:00-04:00,390.0083957082957,393.44961459674215,387.1231274559155,388.15838623046875,1683900,0.0,0.0
2024-03-26 00:00:00-04:00,389.2607486858356,392.3664667181464,387.75580586040553,389.3470153808594,1407000,0.0,0.0
2024-03-27 00:00:00-04:00,392.6444524483893,398.2711822128956,391.4462551645383,398.0411376953125,2353600,0.0,0.0
2024-03-28 00:00:00-04:00,398.9613592347284,401.8274671317754,397.78235178723986,400.3800354003906,2409700,0.0,0.0
2024-04-01 00:00:00-04:00,399.4118724594209,400.6292596341185,394.9258288034093,396.3732604980469,1863900,0.0,0.0
2024-04-02 00:00:00-04:00,393.7180419590627,396.0473597668044,390.7273461474376,393.1524963378906,1976000,0.0,0.0
2024-04-03 00:00:00-04:00,393.9672829448313,399.3639684111276,393.9672829448313,396.84295654296875,1549200,0.0,0.0
2024-04-04 00:00:00-04:00,400.6771467848557,401.63570455228364,388.8868979466374,389.4140930175781,1704700,0.0,0.0
2024-04-05 00:00:00-04:00,389.71122935180466,392.1843246830461,384.83217400413815,391.1586608886719,1694900,0.0,0.0
2024-04-08 00:00:00-04:00,392.1460110651877,395.4338573759259,390.6602288884816,393.5263366699219,1181900,0.0,0.0
2024-04-09 00:00:00-04:00,394.45616439639906,396.095290188029,390.18097516962996,393.6893005371094,1247200,0.0,0.0
2024-04-10 00:00:00-04:00,387.26698553015837,388.6473112427886,380.82547528883936,384.15167236328125,1903300,0.0,0.0
2024-04-11 00:00:00-04:00,383.88324178567325,384.8322046554356,378.4769617028584,381.007568359375,2176200,0.0,0.0
2024-04-12 00:00:00-04:00,376.55986854915915,377.7580658815957,371.07691638581485,373.34869384765625,2815800,0.0,0.0
2024-04-15 00:00:00-04:00,390.1330007774035,395.75973003936184,382.16738828603474,384.2666320800781,6177000,0.0,0.0
2024-04-16 00:00:00-04:00,387.6887491487673,388.1871887190407,378.80289881328673,380.41326904296875,3459700,0.0,0.0
2024-04-17 00:00:00-04:00,385.7236499151387,390.2480438666005,384.5542082379811,387.17108154296875,4373800,0.0,0.0
2024-04-18 00:00:00-04:00,388.6856081735909,390.95738556804645,385.73326290530053,386.40423583984375,2776300,0.0,0.0
2024-04-19 00:00:00-04:00,387.3148963867346,391.09161679107365,386.3084223093742,387.25738525390625,2805500,0.0,0.0
2024-04-22 00:00:00-04:00,390.0755173582628,400.6580037664898,387.80374003008876,400.0541076660156,4165600,0.0,0.0
2024-04-23 00:00:00-04:00,400.399160708303,407.7225561635503,398.9517583574546,406.4284973144531,2662300,0.0,0.0
2024-04-24 00:00:00-04:00,404.03211357525066,406.98445873438675,402.22042528795197,405.50830078125,1575900,0.0,0.0
2024-04-25 00:00:00-04:00,403.54325863043323,406.0546755090081,397.65772866159307,402.6422119140625,1970100,0.0,0.0
2024-04-26 00:00:00-04:00,402.8147448524526,410.7707626943386,402.24919927479743,409.8505554199219,2322700,0.0,0.0
2024-04-29 00:00:00-04:00,409.8505808015957,415.37185404288516,409.4959190828703,412.956298828125,2453000,0.0,0.0
2024-04-30 00:00:00-04:00,410.74201070729254,413.51225674620207,408.3456162457564,409.02618408203125,1829900,0.0,0.0
2024-05-01 00:00:00-04:00,409.0070217196589,415.46769179959557,407.569185048846,409.2562561035156,2310100,0.0,0.0
2024-05-02 00:00:00-04:00,413.33012160167414,415.6785705834829,410.425692732367,414.6433410644531,2087500,0.0,0.0
2024-05-03 00:00:00-04:00,416.9726367681036,423.97009690237746,416.895965016509,420.0208435058594,2406300,0.0,0.0
2024-05-06 00:00:00-04:00,423.4429118495515,425.96392356603513,421.45869016552865,425.2833557128906,1914300,0.0,0.0
2024-05-07 00:00:00-04:00,426.72114657799983,428.87790141511863,424.516446303896,425.40789794921875,2058200,0.0,0.0
2024-05-08 00:00:00-04:00,424.4493908453296,429.45306383408143,423.7304724805829,428.42742919921875,2006700,0.0,0.0
2024-05-09 00:00:00-04:00,427.84266875795623,437.5145130837628,427.84266875795623,436.6805725097656,2710200,0.0,0.0
2024-05-10 00:00:00-04:00,437.60083784594246,439.73843247379483,435.49202803756936,435.8850402832031,1823900,0.0,0.0
2024-05-13 00:00:00-04:00,437.36117230839574,438.25265332602953,434.5334442503295,434.76348876953125,1579600,0.0,0.0
2024-05-14 00:00:00-04:00,435.9904316828201,442.63323029903523,435.19484157015063,439.4700012207031,2412900,0.0,0.0
2024-05-15 00:00:00-04:00,442.46066012667455,446.8700315456738,441.8471983895113,446.774169921875,2217700,0.0,0.0
2024-05-16 00:00:00-04:00,445.1255092807822,448.84471846232714,443.12212686141686,445.269287109375,2070300,0.0,0.0
2024-05-17 00:00:00-04:00,447.0521450782809,449.2376554654954,445.0104124955819,448.33660888671875,1655900,0.0,0.0
2024-05-20 00:00:00-04:00,448.7967533857406,451.94082165758573,443.4288240976764,443.7547302246094,2591500,0.0,0.0
2024-05-21 00:00:00-04:00,443.07422562023874,451.7779184215003,443.0454700535499,450.91522216796875,2762600,0.0,0.0
2024-05-22 00:00:00-04:00,447.9915556252705,450.83847343760925,440.69694486956473,443.21795654296875,2729500,0.0,0.0
2024-05-23 00:00:00-04:00,444.99125525323365,445.06792699860455,438.4538846649075,439.1632080078125,2254500,0.0,0.0
2024-05-24 00:00:00-04:00,440.7831935921344,445.9689945457719,440.0738702158896,442.0676574707031,1932200,0.0,0.0
2024-05-28 00:00:00-04:00,440.8790422334953,444.47363370107746,439.89172894718047,440.7544250488281,1930800,0.0,0.0
2024-05-29 00:00:00-04:00,435.99048164884283,439.7288516933554,432.93267953801774,438.22393798828125,2315700,0.0,0.0
2024-05-30 00:00:00-04:00,436.8544598345423,439.61251139280176,431.64692911322106,434.1831970214844,2135000,2.75,0.0
2024-05-31 00:00:00-04:00,433.7299485675768,440.4900825783786,432.1483862817534,440.2489929199219,2638300,0.0,0.0
2024-06-03 00:00:00-04:00,442.5152866975926,442.5152866975926,434.15431297088116,438.7639465332031,1930700,0.0,0.0
2024-06-04 00:00:00-04:00,434.44353932866693,441.3965564347126,433.199508522851,439.07244873046875,1835000,0.0,0.0
2024-06-05 00:00:00-04:00,441.24226144987404,446.517304118761,441.19405529228936,445.2250671386719,1678900,0.0,0.0
2024-06-06 00:00:00-04:00,445.36012044653387,447.9638711531898,440.72155767734023,441.772705078125,1598000,0.0,0.0
2024-06-07 00:00:00-04:00,439.20752005657886,444.72365288944053,438.30102054199074,438.6964111328125,1736100,0.0,0.0
2024-06-10 00:00:00-04:00,436.2083080033285,439.13031335341617,434.2506612431033,437.38482666015625,1698600,0.0,0.0
2024-06-11 00:00:00-04:00,434.9643658047035,435.755117589286,427.57737446950074,428.4356384277344,1938200,0.0,0.0
2024-06-12 00:00:00-04:00,439.36180187838823,441.3291017426041,430.28718355248935,432.7077331542969,1733000,0.0,0.0
2024-06-13 00:00:00-04:00,430.8079282621847,432.34125490562815,426.3911493904796,430.44146728515625,1849100,0.0,0.0
2024-06-14 00:00:00-04:00,426.23692255070836,432.25454127676744,423.4981471805334,430.547607421875,1559100,0.0,0.0
2024-06-17 00:00:00-04:00,429.2360501507709,434.71360033635915,427.5870050644884,434.1349792480469,1531600,0.0,0.0
2024-06-18 00:00:00-04:00,433.5467117711253,441.3772990551996,432.52449398851786,441.1265563964844,1798400,0.0,0.0
2024-06-20 00:00:00-04:00,441.67625062777404,444.0003584475986,439.01461140293276,441.7244567871094,2080600,0.0,0.0
2024-06-21 00:00:00-04:00,442.33202794777895,442.44774627946316,433.86495999748666,434.1349792480469,3780800,0.0,0.0
2024-06-24 00:00:00-04:00,435.16683920269537,446.9995091996624,433.96139089465464,445.6204833984375,1882200,0.0,0.0
2024-06-25 00:00:00-04:00,443.08422220664255,447.5395545123231,440.4708184753248,441.078369140625,1555900,0.0,0.0
2024-06-26 00:00:00-04:00,439.1785440902566,441.6087171151096,436.3240509361595,439.61248779296875,2131700,0.0,0.0
2024-06-27 00:00:00-04:00,433.749256480444,433.749256480444,427.01802213529305,430.0653991699219,2835200,0.0,0.0
2024-06-28 00:00:00-04:00,434.0578226283021,441.039769649783,433.5081311493474,436.1986999511719,3839700,0.0,0.0
2024-07-01 00:00:00-04:00,438.3106759086711,447.481707002658,437.8284965655421,447.1345520019531,1850500,0.0,0.0
2024-07-02 00:00:00-04:00,445.06116774717754,449.65149488583256,443.21923920332756,449.0150146484375,1491800,0.0,0.0
2024-07-03 00:00:00-04:00,452.32275267268153,453.14246334453554,449.21751689487184,451.24267578125,993900,0.0,0.0
2024-07-05 00:00:00-04:00,450.8087562668514,450.9148215959976,443.73036704091794,448.1856994628906,1593800,0.0,0.0
2024-07-08 00:00:00-04:00,450.9823264344357,457.9353442093131,447.5010057598069,448.2532043457031,2214300,0.0,0.0
2024-07-09 00:00:00-04:00,449.00542743395937,462.2171242846306,445.12868653133904,455.97772216796875,4525100,0.0,0.0
2024-07-10 00:00:00-04:00,455.66913367990907,462.75714650205833,453.1039360348899,461.8217468261719,1946000,0.0,0.0
2024-07-11 00:00:00-04:00,462.89214271881985,465.93951952330553,459.295074431682,462.14959716796875,2251400,0.0,0.0
2024-07-12 00:00:00-04:00,463.7889624369282,466.2095118778748,461.05984061867986,462.7763977050781,2727800,0.0,0.0
2024-07-15 00:00:00-04:00,463.1332518216898,475.4288248789028,459.33367630295186,474.686279296875,3568200,0.0,0.0
2024-07-16 00:00:00-04:00,476.39320039563285,488.5344729631977,474.4548299805062,485.0917053222656,3981700,0.0,0.0
2024-07-17 00:00:00-04:00,485.07236679385056,491.32142100058684,481.62959959259774,484.2815856933594,3908900,0.0,0.0
2024-07-18 00:00:00-04:00,481.7164092710342,485.73779768231,466.96173409562726,468.88079833984375,3320200,0.0,0.0
2024-07-19 00:00:00-04:00,471.6871499160905,475.04312898095066,465.9685095575167,467.646484375,2032700,0.0,0.0
2024-07-22 00:00:00-04:00,467.2895934938549,472.0245976767848,465.18729884217515,469.68121337890625,1792500,0.0,0.0
2024-07-23 00:00:00-04:00,469.7198251610308,478.13868725185404,468.9483499688583,474.609130859375,2020500,0.0,0.0
2024-07-24 00:00:00-04:00,471.8221188073099,478.3122336356576,468.5047227229985,469.3533630371094,1598600,0.0,0.0
2024-07-25 00:00:00-04:00,468.72648027424043,478.42792532234853,466.0070114207721,474.18475341796875,1489700,0.0,0.0
2024-07-26 00:00:00-04:00,478.05190201876366,486.03679097908145,477.98438984573124,481.2439270019531,2249700,0.0,0.0
2024-07-29 00:00:00-04:00,482.5843561445621,484.10802982314084,473.55794410965575,475.1587829589844,1599500,0.0,0.0
2024-07-30 00:00:00-04:00,480.5495524077528,491.31179838108375,480.5398994037706,487.6472473144531,2642500,0.0,0.0
2024-07-31 00:00:00-04:00,486.8660629083111,498.8241329507161,486.8660629083111,490.887451171875,2658900,0.0,0.0
2024-08-01 00:00:00-04:00,491.8229121282661,495.69965274134825,477.0489305282198,482.2950439453125,4006800,0.0,0.0
2024-08-02 00:00:00-04:00,473.59655406165433,476.8367851030325,450.5580110493018,453.86578369140625,6115500,0.0,0.0
2024-08-05 00:00:00-04:00,431.6372696673612,446.6716169683927,421.7815234286288,442.6598815917969,4177200,0.0,0.0
2024-08-06 00:00:00-04:00,444.5789889841831,458.31144669103776,441.1265685494121,453.4607238769531,2209300,0.0,0.0
2024-08-07 00:00:00-04:00,462.3038882767116,471.1373872479669,455.72695549188046,456.1512756347656,2587600,0.0,0.0
2024-08-08 00:00:00-04:00,460.83805462902063,470.34664604127653,460.15336824087194,468.45648193359375,1936400,0.0,0.0
2024-08-09 00:00:00-04:00,467.7332093028546,474.4644430943601,465.0137403493958,472.7864685058594,1622700,0.0,0.0
2024-08-12 00:00:00-04:00,472.7864931828422,475.30345519696556,466.5085087942169,468.1961364746094,1839300,0.0,0.0
2024-08-13 00:00:00-04:00,472.81539984353765,475.68916971912523,469.1315428223309,474.4065856933594,1243700,0.0,0.0
2024-08-14 00:00:00-04:00,475.3323614837251,481.5524864014197,470.9927476611167,480.9256591796875,1545600,0.0,0.0
2024-08-15 00:00:00-04:00,487.00109748801464,488.84302596257584,480.50132988167974,481.2342224121094,1732300,0.0,0.0
2024-08-16 00:00:00-04:00,479.3344589926329,486.9143333449834,479.28625283170874,486.2875061035156,1587000,0.0,0.0
2024-08-19 00:00:00-04:00,487.00110670667146,489.6820225129304,483.9730064910987,486.6925048828125,1027900,0.0,0.0
2024-08-20 00:00:00-04:00,485.9114275765127,486.1910998480073,478.80410845981953,479.6141662597656,2122700,0.0,0.0
2024-08-21 00:00:00-04:00,481.6971615627513,482.93153949826905,476.4221183960697,478.7655029296875,917100,0.0,0.0
2024-08-22 00:00:00-04:00,479.2862524916813,481.8900326373348,477.1550281002466,480.009521484375,943800,0.0,0.0
2024-08-23 00:00:00-04:00,484.83129538854615,494.175932755001,482.0346612812336,491.2635803222656,1751800,0.0,0.0
2024-08-26 00:00:00-04:00,494.0794816029553,495.1981116140457,487.3096657989267,489.7687683105469,1084200,0.0,0.0
2024-08-27 00:00:00-04:00,489.73988757108884,493.25016714248517,488.53443927265164,489.1805725097656,977900,0.0,0.0
2024-08-28 00:00:00-04:00,488.5440658959807,490.2509699996371,480.70382587752357,485.3905944824219,1568100,0.0,0.0
2024-08-29 00:00:00-04:00,487.9654657801393,494.9474128294683,483.2786969742898,491.9193420410156,1566300,0.0,0.0
2024-08-30 00:00:00-04:00,492.6274692815222,495.8868989294896,490.04712571537726,494.97503662109375,1838900,3.0,0.0
2024-09-03 00:00:00-04:00,492.27826464653714,494.4415175203063,470.8689500463276,472.8672790527344,2373600,0.0,0.0
2024-09-04 00:00:00-04:00,472.1300641725514,481.3456702895517,472.1300641725514,475.9521179199219,1509400,0.0,0.0
2024-09-05 00:00:00-04:00,478.8040649928531,480.92850702821926,468.6087148492982,473.27471923828125,1828300,0.0,0.0
2024-09-06 00:00:00-04:00,472.03308593042084,480.57934627250927,462.77866830449074,465.2523193359375,1995600,0.0,0.0
2024-09-09 00:00:00-04:00,470.995089469105,479.48314796850985,468.91916827018696,473.944091796875,1714200,0.0,0.0
2024-09-10 00:00:00-04:00,474.4873079955064,474.55521956600285,447.7523522181096,453.1459045410156,3583100,0.0,0.0
2024-09-11 00:00:00-04:00,450.09018080829827,457.76338847710457,443.78476655341535,457.06494140625,2426500,0.0,0.0
2024-09-12 00:00:00-04:00,457.1910228424541,460.14002486261364,451.46765277208857,459.868408203125,1480500,0.0,0.0
2024-09-13 00:00:00-04:00,461.7406569993196,467.66776218971256,461.26533521233796,464.6508483886719,1794500,0.0,0.0
2024-09-16 00:00:00-04:00,467.01782070472103,472.7897123117435,465.1358945137254,470.63616943359375,1500300,0.0,0.0
2024-09-17 00:00:00-04:00,473.39110508096064,475.0693260084608,467.3766980518582,470.8592529296875,1444900,0.0,0.0
2024-09-18 00:00:00-04:00,470.86894572057065,478.23172614616686,467.3476095161558,470.073486328125,1699500,0.0,0.0
2024-09-19 00:00:00-04:00,479.92937662991017,491.2500347133248,478.6876960939503,488.74725341796875,3060700,0.0,0.0
2024-09-20 00:00:00-04:00,485.2162023337385,487.02050674661467,480.64721023932924,483.5088806152344,4452600,0.0,0.0
2024-09-23 00:00:00-04:00,483.29544833123714,486.3899540347346,480.39496721762504,482.5194091796875,953200,0.0,0.0
2024-09-24 00:00:00-04:00,482.69399421480205,484.6050208930464,479.30848136607267,483.1111145019531,1035400,0.0,0.0
2024-09-25 00:00:00-04:00,483.5767889200702,486.97201211208676,475.7192664691754,476.4371337890625,1763900,0.0,0.0
2024-09-26 00:00:00-04:00,479.2114986880549,483.4797733223719,477.7370124264536,482.0440979003906,1378100,0.0,0.0
2024-09-27 00:00:00-04:00,484.03273839556186,490.27024156230067,481.0158245652494,483.5865173339844,1420100,0.0,0.0
2024-09-30 00:00:00-04:00,480.0748529249041,481.6560319353902,474.26415105904846,480.2882385253906,1602500,0.0,0.0
2024-10-01 00:00:00-04:00,479.7741406040969,479.7741406040969,470.1026033455109,475.4961853027344,1528600,0.0,0.0
2024-10-02 00:00:00-04:00,476.4662584008875,480.0457666527881,473.3426517235014,477.2616882324219,1445100,0.0,0.0
2024-10-03 00:00:00-04:00,475.2633661188636,475.8260197196772,469.7049193079217,471.54803466796875,1290600,0.0,0.0
2024-10-04 00:00:00-04:00,480.80246381810514,481.45239002341293,471.4510340359497,480.3368225097656,1721600,0.0,0.0
2024-10-07 00:00:00-04:00,479.82263735687167,484.07152131813683,476.0975961096794,479.81292724609375,1173300,0.0,0.0
2024-10-08 00:00:00-04:00,482.1216796301484,483.42156149156096,478.02800945596994,481.7045593261719,1296700,0.0,0.0
2024-10-09 00:00:00-04:00,483.28576725224946,491.1141591373232,480.42406737680636,490.0567932128906,1695900,0.0,0.0
2024-10-10 00:00:00-04:00,491.1529644362109,491.62828619031114,484.6341349908544,488.6405029296875,1309000,0.0,0.0
2024-10-11 00:00:00-04:00,492.79241532657477,502.46392308942546,492.5983907230359,500.84393310546875,2409700,0.0,0.0
2024-10-14 00:00:00-04:00,502.15352858982834,507.41125758600145,500.0775779354008,507.100830078125,2174900,0.0,0.0
2024-10-15 00:00:00-04:00,522.6703432391066,524.3291735873695,500.0775795320287,506.7419128417969,4525400,0.0,0.0
2024-10-16 00:00:00-04:00,514.1337479291519,520.1675155699202,510.2340730077369,513.9979248046875,2649000,0.0,0.0
2024-10-17 00:00:00-04:00,515.3366907931062,519.2654373960496,512.4167892412901,513.1637573242188,2123500,0.0,0.0
2024-10-18 00:00:00-04:00,513.5420819170203,514.8807746784352,511.09750222956785,512.6787109375,1779200,0.0,0.0
2024-10-21 00:00:00-04:00,512.1936735844954,513.9882678863949,501.52297205148506,502.29901123046875,1752100,0.0,0.0
2024-10-22 00:00:00-04:00,500.1745836169091,504.07425905435014,497.5845298392634,502.7840576171875,1588000,0.0,0.0
2024-10-23 00:00:00-04:00,500.35889749133923,504.4331773034664,498.0307798901207,501.7170104980469,1263200,0.0,0.0
2024-10-24 00:00:00-04:00,503.4630204338023,509.2834021729214,502.68698137685004,508.7983703613281,2058200,0.0,0.0
2024-10-25 00:00:00-04:00,512.2421349718926,512.9696827611363,495.45033436446846,497.254638671875,1633200,0.0,0.0
2024-10-28 00:00:00-04:00,499.970951398194,508.88584089437745,499.5634819356039,507.90606689453125,1687100,0.0,0.0
2024-10-29 00:00:00-04:00,505.57784967035224,511.4564339938824,505.4032452894152,508.5850830078125,1281600,0.0,0.0
2024-10-30 00:00:00-04:00,507.7314132571741,514.9001396938545,507.4112756270451,508.70147705078125,1441600,0.0,0.0
2024-10-31 00:00:00-04:00,506.800126930542,509.2834878553837,499.1269484317053,502.289306640625,2061700,0.0,0.0
2024-11-01 00:00:00-04:00,504.4331469039362,510.87438437431996,501.56173690668277,503.8025817871094,1625000,0.0,0.0
2024-11-04 00:00:00-05:00,502.4930543228641,502.54154567183656,495.2272858485021,496.1585388183594,1797800,0.0,0.0
2024-11-05 00:00:00-05:00,497.6427032031294,511.669846327592,497.25465402035877,511.184814453125,2169900,0.0,0.0
2024-11-06 00:00:00-05:00,550.3172459574388,580.6899447026176,549.1531574203353,578.138671875,8042800,0.0,0.0
2024-11-07 00:00:00-05:00,572.3376202379613,577.1879390535373,564.1114984733024,564.7420043945312,4475600,0.0,0.0
2024-11-08 00:00:00-05:00,568.8647439898581,577.333440435868,563.8980225334809,571.6197509765625,2714000,0.0,0.0
2024-11-11 00:00:00-05:00,580.9712058575358,588.9742318267097,578.3228915481194,584.3082275390625,2510800,0.0,0.0
2024-11-12 00:00:00-05:00,580.1466693802981,584.0657651985679,573.7636327160457,574.8501586914062,2392900,0.0,0.0
2024-11-13 00:00:00-05:00,576.8289726454694,585.4819241208909,574.9082654993975,576.4312133789062,1763100,0.0,0.0
2024-11-14 00:00:00-05:00,582.0382990663625,583.5225251488206,568.6902112678276,570.9892578125,1670500,0.0,0.0
2024-11-15 00:00:00-05:00,575.5970020784299,577.3237439420323,569.5147427373835,575.7716064453125,2007700,0.0,0.0
2024-11-18 00:00:00-05:00,576.9066770566202,577.2558858227179,567.2156897374331,570.3878173828125,1848900,0.0,0.0
2024-11-19 00:00:00-05:00,562.3071674504388,567.2545284537242,558.2814381250952,563.9757080078125,2217400,0.0,0.0
2024-11-20 00:00:00-05:00,566.3523611996445,570.2034860404254,559.3581799328618,564.5092163085938,1528600,0.0,0.0
2024-11-21 00:00:00-05:00,568.9521208068704,582.7173283035319,567.0119932341654,578.2647094726562,2281900,0.0,0.0
2024-11-22 00:00:00-05:00,578.3713714478021,585.8602942673859,576.6446887882968,584.7350463867188,1733700,0.0,0.0
2024-11-25 00:00:00-05:00,590.5650562171672,592.9999255675878,580.9032596973972,584.9775390625,2940800,0.0,0.0
2024-11-26 00:00:00-05:00,582.1644191237199,589.013067490362,575.2478591830744,587.3736572265625,2846500,0.0,0.0
2024-11-27 00:00:00-05:00,589.4883074071092,593.9215056608966,585.2200626135563,587.3056640625,1424500,0.0,0.0
2024-11-29 00:00:00-05:00,591.069583358458,594.3871850421637,588.8869397650733,590.3517456054688,1170200,0.0,0.0
2024-12-02 00:00:00-05:00,592.7206528188045,596.5323663627692,586.189015303598,586.5887451171875,1804100,3.0,0.0
2024-12-03 00:00:00-05:00,593.6565082800404,596.0546489920215,585.7015404270331,586.9494018554688,1718100,0.0,0.0
2024-12-04 00:00:00-05:00,587.8462921533876,589.0941536393175,581.7631161627563,583.6641235351562,1617300,0.0,0.0
2024-12-05 00:00:00-05:00,585.4384278338542,591.3168601633115,581.3634208343582,581.8021240234375,1672800,0.0,0.0
2024-12-06 00:00:00-05:00,582.1529902241502,584.9216455268858,579.4331259929206,584.6096801757812,1405700,0.0,0.0
2024-12-09 00:00:00-05:00,583.9370012169326,587.8462369563703,578.7994205367802,579.1893920898438,1633200,0.0,0.0
2024-12-10 00:00:00-05:00,575.1730148317206,581.2854657416237,569.0898385679478,570.3279418945312,2600800,0.0,0.0
2024-12-11 00:00:00-05:00,575.2899562936232,578.7897638071195,572.1509052185961,577.6686401367188,2195300,0.0,0.0
2024-12-12 00:00:00-05:00,577.6979051838252,581.3341491392082,573.8178843681659,576.7424926757812,1218400,0.0,0.0
2024-12-13 00:00:00-05:00,579.0725091175359,580.0473786615048,570.3766894457013,570.7666015625,1215000,0.0,0.0
2024-12-16 00:00:00-05:00,573.2232913555513,573.4865251726148,564.1570165047825,571.5952758789062,1713300,0.0,0.0
2024-12-17 00:00:00-05:00,566.2432052893641,566.9938143152748,557.9080237764297,560.2379760742188,2314100,0.0,0.0
2024-12-18 00:00:00-05:00,562.9773073244073,564.90752965155,530.8066178650706,536.421875,3271600,0.0,0.0
2024-12-19 00:00:00-05:00,547.3307834899255,552.7510560154208,539.6877797446881,540.0679931640625,2753300,0.0,0.0
2024-12-20 00:00:00-05:00,540.9940788300122,558.5027563449113,539.4732848009719,551.8735961914062,4515900,0.0,0.0
2024-12-23 00:00:00-05:00,550.801260952601,557.2744086359693,547.6816666894213,556.43603515625,1519500,0.0,0.0
2024-12-24 00:00:00-05:00,559.7700093584822,568.1441040039062,557.0013541413679,568.1441040039062,913400,0.0,0.0
2024-12-26 00:00:00-05:00,563.6208576939148,567.9492809033138,562.987168681885,566.6234130859375,1092000,0.0,0.0
2024-12-27 00:00:00-05:00,562.4997175357593,567.3350918140786,556.9916809032111,561.7003173828125,1486000,0.0,0.0
2024-12-30 00:00:00-05:00,553.0142034279968,561.5443109841716,550.8986939131235,559.1363525390625,1265900,0.0,0.0
2024-12-31 00:00:00-05:00,560.6181783664647,562.421663037551,556.0655547228214,558.229736328125,1055800,0.0,0.0
2025-01-02 00:00:00-05:00,564.751650751671,569.6259982783124,555.4221424455219,560.5206909179688,2219000,0.0,0.0
2025-01-03 00:00:00-05:00,566.399157061921,567.5105225282089,557.3620981145069,565.551025390625,1422600,0.0,0.0
2025-01-06 00:00:00-05:00,570.2791963462249,578.7313585714302,565.2488954192198,568.7291870117188,2257000,0.0,0.0
2025-01-07 00:00:00-05:00,572.3555876911765,573.4962277869889,554.1158183885826,565.541259765625,2021900,0.0,0.0
2025-01-08 00:00:00-05:00,566.4381741226831,566.5941865692744,558.2785208614881,565.44384765625,1513400,0.0,0.0
2025-01-10 00:00:00-05:00,561.7685708999634,561.7685708999634,543.9869600588456,545.9269409179688,2817900,0.0,0.0
2025-01-13 00:00:00-05:00,543.8601999186441,551.9613630612263,542.7683508417633,548.8027954101562,1871200,0.0,0.0
2025-01-14 00:00:00-05:00,555.3441754830778,559.1754652710143,550.9962952627938,557.167236328125,2221900,0.0,0.0
2025-01-15 00:00:00-05:00,582.9720423075827,594.095278673372,578.0976941277534,590.6929931640625,5119800,0.0,0.0
2025-01-16 00:00:00-05:00,594.6606575113457,601.3385495198871,590.7709375909817,597.5852661132812,3224500,0.0,0.0
2025-01-17 00:00:00-05:00,602.2743865752332,611.2431981938103,597.595024709419,610.2098388671875,3425200,0.0,0.0
2025-01-21 00:00:00-05:00,601.3091735597453,619.4612364639121,593.6954461622488,618.78857421875,5076700,0.0,0.0
2025-01-22 00:00:00-05:00,617.5213413663863,619.6270333157192,613.8850971546925,616.8291625976562,2835700,0.0,0.0
2025-01-23 00:00:00-05:00,618.9640973515873,629.3172061976171,618.544910626336,623.4290161132812,2582700,0.0,0.0
2025-01-24 00:00:00-05:00,614.1678461940954,624.5014401231831,613.1540032335512,620.8944702148438,3183500,0.0,0.0
2025-01-27 00:00:00-05:00,609.2933485677056,619.734220809231,608.7669405350124,617.3652954101562,3351700,0.0,0.0
2025-01-28 00:00:00-05:00,616.3125438496991,623.0196511403518,615.9323304433784,621.7717895507812,2338000,0.0,0.0
2025-01-29 00:00:00-05:00,620.9919105292682,632.6903452645134,620.4167113075397,621.3623657226562,1918900,0.0,0.0
2025-01-30 00:00:00-05:00,628.2935921305473,633.1972139452262,624.8913073253813,629.4732055664062,1812800,0.0,0.0
2025-01-31 00:00:00-05:00,633.6651810077358,633.6651810077358,621.4208223517003,624.3064575195312,1995100,0.0,0.0
2025-02-03 00:00:00-05:00,610.268357020486,622.434710337278,606.8367970587991,616.478271484375,2102600,0.0,0.0
2025-02-04 00:00:00-05:00,616.1175284312786,621.6450218756664,613.2806843464527,618.2427368164062,1743400,0.0,0.0
2025-02-05 00:00:00-05:00,621.9667632871437,630.1653898953505,619.5588640964907,629.2295532226562,1908200,0.0,0.0
2025-02-06 00:00:00-05:00,633.6651899487736,642.2927614267813,632.6318306344481,641.6785888671875,2439200,0.0,0.0
2025-02-07 00:00:00-05:00,642.8289130537759,647.1865507578773,636.7456779514463,639.4168701171875,2616700,0.0,0.0
2025-02-10 00:00:00-05:00,642.4585173052437,645.8412859115874,628.0596757414232,634.181884765625,2351600,0.0,0.0
2025-02-11 00:00:00-05:00,630.5262074263476,632.7293628075513,627.4260696438788,630.974609375,2711400,0.0,0.0
2025-02-12 00:00:00-05:00,627.5819403979416,634.1232760529534,623.0487738445585,632.6902465820312,2295800,0.0,0.0
2025-02-13 00:00:00-05:00,635.4491692992306,635.6148804451151,624.4136400016522,632.6415405273438,2031800,0.0,0.0
2025-02-14 00:00:00-05:00,633.9771166359636,646.5919298735565,633.9771166359636,643.9500122070312,2246000,0.0,0.0
2025-02-18 00:00:00-05:00,645.9387626123774,655.2974853515625,644.4082104652057,655.2974853515625,2350100,0.0,0.0
2025-02-19 00:00:00-05:00,652.2657524246944,654.1764587123846,646.6115207854212,651.359130859375,1953600,0.0,0.0
2025-02-20 00:00:00-05:00,651.2420323261689,653.4354884710613,615.7859775895289,626.11962890625,3929000,0.0,0.0
2025-02-21 00:00:00-05:00,628.5471323182921,631.2280235379513,607.762906704267,609.8783569335938,3000800,0.0,0.0
2025-02-24 00:00:00-05:00,617.5896301545653,621.2843644004647,599.3497990987757,610.4048461914062,3274100,0.0,0.0
2025-02-25 00:00:00-05:00,612.7348097592505,615.4546744850925,590.7709694149246,599.45703125,2885900,0.0,0.0
2025-02-26 00:00:00-05:00,601.1727860217127,607.47046470673,599.7397563503192,602.2451782226562,2001200,0.0,0.0
2025-02-27 00:00:00-05:00,602.0208754811105,609.517624140227,592.0479797705775,592.7206420898438,2396300,0.0,0.0
2025-02-28 00:00:00-05:00,595.4540268671313,610.9921713392113,591.7507783697217,609.6597290039062,3337200,3.0,0.0
2025-03-03 00:00:00-05:00,609.7674739063403,616.0179869338183,586.1761972088201,592.975341796875,3152300,0.0,0.0
2025-03-04 00:00:00-05:00,583.8837388007107,587.822166450767,556.0503855296666,569.344970703125,4061000,0.0,0.0
2025-03-05 00:00:00-05:00,570.2756503253182,585.0005631899545,565.0734270071978,581.0327758789062,2600600,0.0,0.0
2025-03-06 00:00:00-05:00,568.8060663331685,574.8018468109,553.1601707578232,556.1482543945312,4332300,0.0,0.0
2025-03-07 00:00:00-05:00,556.6382110803121,556.6382110803121,533.8502944090869,548.3107299804688,4069600,0.0,0.0
2025-03-10 00:00:00-04:00,531.2933248119698,535.3786726537843,512.51242090973,520.8692626953125,5272100,0.0,0.0
2025-03-11 00:00:00-04:00,521.6626688925106,529.0300579935627,513.560561998096,520.643798828125,4190500,0.0,0.0
2025-03-12 00:00:00-04:00,532.958757435423,533.9384610336499,517.8615512971461,524.8370361328125,3078100,0.0,0.0
2025-03-13 00:00:00-04:00,524.7977067274418,527.2176052342644,509.5045509115353,514.1581420898438,2529100,0.0,0.0
2025-03-14 00:00:00-04:00,523.151881160697,532.5374577702953,516.009863916233,530.4212646484375,2808100,0.0,0.0
2025-03-17 00:00:00-04:00,530.2448720454913,545.8515406205388,529.0398559528758,540.1497192382812,2695600,0.0,0.0
2025-03-18 00:00:00-04:00,539.1210630148173,542.5108589377596,535.554987418908,540.5808715820312,2641000,0.0,0.0
2025-03-19 00:00:00-04:00,537.8572610357228,551.5731110439198,533.5465414003166,546.0280151367188,2769800,0.0,0.0
2025-03-20 00:00:00-04:00,541.8739458365798,556.9026228358981,540.7962959769058,551.259521484375,2531300,0.0,0.0
2025-03-21 00:00:00-04:00,544.0587883157228,555.491911983406,540.0224144797285,553.669677734375,3565600,0.0,0.0
2025-03-24 00:00:00-04:00,563.329524729603,570.892807211547,561.4190909038572,568.3259887695312,1877700,0.0,0.0
2025-03-25 00:00:00-04:00,572.8227950413855,574.9781545246923,566.4743360145101,574.0474243164062,1875500,0.0,0.0
2025-03-26 00:00:00-04:00,576.4477642645851,580.6115041941084,559.410705825363,562.2714233398438,1944200,0.0,0.0
2025-03-27 00:00:00-04:00,553.53248075725,554.5121842630151,541.3351601512039,547.5758666992188,2100900,0.0,0.0
2025-03-28 00:00:00-04:00,544.666170205659,549.1238091502839,526.7963880176768,532.0965576171875,2773100,0.0,0.0
2025-03-31 00:00:00-04:00,522.9853353933047,536.2799192125203,517.8615051658468,535.2022094726562,2455100,0.0,0.0
2025-04-01 00:00:00-04:00,532.2239500245109,540.7571894153758,522.4171079863243,537.3184204101562,1869600,0.0,0.0
2025-04-02 00:00:00-04:00,528.8439407691011,555.8054003987199,528.1385829467794,551.6710205078125,2560700,0.0,0.0
2025-04-03 00:00:00-04:00,514.7656236419192,519.2330693906881,499.21773325201116,500.8538513183594,5193900,0.0,0.0
2025-04-04 00:00:00-04:00,477.1156137915263,482.01413138692186,450.66361877639036,461.25421142578125,8105200,0.0,0.0
2025-04-07 00:00:00-04:00,437.8294999241922,480.0351445802109,430.4621401697546,456.0617980957031,6353800,0.0,0.0
2025-04-08 00:00:00-04:00,478.34024343020695,481.93576850222865,443.63913161182774,452.83856201171875,4240900,0.0,0.0
2025-04-09 00:00:00-04:00,442.1990021806893,511.40527877881976,438.0352618841185,506.37939453125,7024100,0.0,0.0
2025-04-10 00:00:00-04:00,492.8889018925114,492.8889018925114,464.3795202995483,479.85882568359375,5374500,0.0,0.0
2025-04-11 00:00:00-04:00,477.1156056020901,488.40177918481595,468.8664889578371,484.40460205078125,3770200,0.0,0.0
2025-04-14 00:00:00-04:00,499.6487808198134,501.6081878034205,487.0595849705021,493.7509765625,4392600,0.0,0.0
2025-04-15 00:00:00-04:00,497.1113660691094,508.1232539513384,496.7096840386143,497.5816345214844,2501200,0.0,0.0
2025-04-16 00:00:00-04:00,491.53684201224866,499.1099608428617,482.6901205888435,488.9210205078125,2765600,0.0,0.0
2025-04-17 00:00:00-04:00,493.0259923728081,504.3807825383983,488.9896186333593,499.1491394042969,2593500,0.0,0.0
2025-04-21 00:00:00-04:00,495.14215366377556,498.93360150733247,484.6397307199707,491.18414306640625,2859300,0.0,0.0
2025-04-22 00:00:00-04:00,499.87417886338756,510.42557587778464,498.6005462437857,509.4360656738281,2514600,0.0,0.0
2025-04-23 00:00:00-04:00,522.799159598251,540.5905480348376,517.5381568273726,518.5668334960938,3048100,0.0,0.0
2025-04-24 00:00:00-04:00,516.4016419046594,535.7410373875305,512.7963405425069,534.3008422851562,2223600,0.0,0.0
2025-04-25 00:00:00-04:00,533.5465370371918,537.9454562685053,530.2351342071547,533.80126953125,1612700,0.0,0.0
2025-04-28 00:00:00-04:00,533.8012768149285,543.2456336519061,531.4597709138866,535.31005859375,1459700,0.0,0.0
2025-04-29 00:00:00-04:00,532.7529855056073,539.699110162535,530.3135331713527,537.7788696289062,1695600,0.0,0.0
2025-04-30 00:00:00-04:00,524.8859626394012,538.3666925186566,520.6634428986956,536.4366455078125,2438300,0.0,0.0
2025-05-01 00:00:00-04:00,536.97555180365,547.0175143125946,534.4283462077324,542.5892944335938,2583000,0.0,0.0
2025-05-02 00:00:00-04:00,550.1819489709897,558.2155302245202,548.3401014710362,554.6101684570312,2883000,0.0,0.0
2025-05-05 00:00:00-04:00,547.0272856198259,555.0608670678902,546.1847548782258,548.2029418945312,2197200,0.0,0.0
2025-05-06 00:00:00-04:00,538.4450802365252,546.1259828507382,535.956654593358,538.2099609375,2902500,0.0,0.0
2025-05-07 00:00:00-04:00,539.0427017732138,544.107752289779,536.6228029554949,540.7179565429688,1954900,0.0,0.0
2025-05-08 00:00:00-04:00,547.4779573934482,560.54716956066,546.8803525655314,554.2183227539062,1994600,0.0,0.0
2025-05-09 00:00:00-04:00,558.6759337647446,560.4883613630184,554.2966877209578,555.58984375,1522500,0.0,0.0
2025-05-12 00:00:00-04:00,584.1580150739368,591.1236925672272,576.1440476661913,579.337890625,3527700,0.0,0.0
2025-05-13 00:00:00-04:00,581.2580555205577,595.375615978342,581.0229362556886,591.5547485351562,2765800,0.0,0.0
2025-05-14 00:00:00-04:00,591.5450905680168,602.517784124352,590.2714876990603,599.186767578125,2874400,0.0,0.0
2025-05-15 00:00:00-04:00,597.3546003691034,606.6422302797974,597.3546003691034,603.3994140625,2428100,0.0,0.0
2025-05-16 00:00:00-04:00,604.428142171412,608.1901704733003,601.106932648198,606.4659423828125,2021800,0.0,0.0
2025-05-19 00:00:00-04:00,596.8255730127611,606.8087539936057,586.1958140372361,599.8724365234375,2842100,0.0,0.0
2025-05-20 00:00:00-04:00,595.4147939857247,599.1376552755623,590.771009026622,594.2097778320312,1601600,0.0,0.0
2025-05-21 00:00:00-04:00,589.585549595308,597.4917639522357,579.9844673318559,581.4148559570312,2635900,0.0,0.0
2025-05-22 00:00:00-04:00,580.5233039241739,589.9774667310387,580.4841373103926,586.0880126953125,1939600,0.0,0.0
2025-05-23 00:00:00-04:00,573.1266191463827,589.7424141102064,570.6773600902017,586.3917846679688,1530600,0.0,0.0
2025-05-27 00:00:00-04:00,593.6024663161386,605.1335376318665,592.671735888013,603.23291015625,2364700,0.0,0.0
2025-05-28 00:00:00-04:00,604.7514258590072,606.0740017106843,594.9837505359403,596.0908203125,2001900,0.0,0.0
2025-05-29 00:00:00-04:00,596.1692447009442,597.6191868719618,586.1566429677683,592.58349609375,1736100,0.0,0.0
2025-05-30 00:00:00-04:00,590.7521143250611,594.2966029732465,584.6772302425206,591.1951904296875,2129500,3.0,0.0
2025-06-02 00:00:00-04:00,589.3737366952739,589.9349584799718,583.0428496842296,589.4918823242188,1221200,0.0,0.0
2025-06-03 00:00:00-04:00,590.7522082701457,596.9748054085885,584.5788284635075,594.523193359375,1730300,0.0,0.0
2025-06-04 00:00:00-04:00,596.1476845183231,596.984619478631,589.4918671517792,589.974365234375,1294900,0.0,0.0
2025-06-05 00:00:00-04:00,590.7521886847421,600.3223452961132,583.7616451564074,596.5415649414062,2086700,0.0,0.0
2025-06-06 00:00:00-04:00,603.5517900199766,611.8026333273136,600.5980292205313,604.536376953125,1675900,0.0,0.0
2025-06-09 00:00:00-04:00,605.274804410345,609.5577334416066,601.5924589729998,604.0637817382812,1610700,0.0,0.0
2025-06-10 00:00:00-04:00,603.5517716345892,607.0470431219096,599.9186435581671,605.3929443359375,1376400,0.0,0.0
2025-06-11 00:00:00-04:00,607.6673683961782,620.1322728731088,605.1173218409715,614.5496215820312,2063600,0.0,0.0
2025-06-12 00:00:00-04:00,611.428520586514,616.3613110198796,606.3086562213338,615.4751586914062,1634700,0.0,0.0
2025-06-13 00:00:00-04:00,606.5547578338828,610.5620337949908,600.1943648143176,604.0834350585938,1674800,0.0,0.0
2025-06-16 00:00:00-04:00,609.4592816700876,622.5247688611436,608.4746947853217,618.1728515625,1870400,0.0,0.0
2025-06-17 00:00:00-04:00,615.0715239893535,621.9340666798624,613.3977140349002,615.012451171875,1479300,0.0,0.0
2025-06-18 00:00:00-04:00,614.884376371027,630.0174722616828,614.0376460571571,625.448974609375,2423100,0.0,0.0
2025-06-20 00:00:00-04:00,628.9836714445967,632.7349451613767,626.8766410382121,630.9232788085938,4115400,0.0,0.0
2025-06-23 00:00:00-04:00,629.4070592303253,637.4412622491891,620.2996300013093,636.9096069335938,2020800,0.0,0.0
2025-06-24 00:00:00-04:00,644.3629366520652,653.5392941691196,643.1715648174388,651.9048461914062,2307800,0.0,0.0
2025-06-25 00:00:00-04:00,654.3564348170102,659.7913737777053,650.605161102465,659.5452270507812,1566400,0.0,0.0
2025-06-26 00:00:00-04:00,660.2837390309516,678.7053837111075,660.1754488819894,676.5687866210938,2849500,0.0,0.0
2025-06-27 00:00:00-04:00,680.3494884492108,683.500178272778,674.8259708455305,680.1624145507812,3650500,0.0,0.0
2025-06-30 00:00:00-04:00,703.2608953656261,703.2904017231556,692.1153645877839,696.8413696289062,3976400,0.0,0.0
2025-07-01 00:00:00-04:00,697.0875312677084,702.0203212947517,689.8114195907149,695.5712890625,3301000,0.0,0.0
2025-07-02 00:00:00-04:00,697.8752092036066,707.6521502805656,694.2125746418338,704.85595703125,2906500,0.0,0.0
2025-07-03 00:00:00-04:00,704.8756190515423,714.8101278484457,702.4043562789261,712.52587890625,1502000,0.0,0.0
2025-07-07 00:00:00-04:00,710.5763711184853,712.8113424964284,695.4531308982602,699.9723510742188,2863700,0.0,0.0
2025-07-08 00:00:00-04:00,699.7656282086818,700.2284153374733,683.0769270059292,686.5328369140625,3100700,0.0,0.0
2025-07-09 00:00:00-04:00,693.4839675097055,693.4839675097055,684.002390801527,685.8238525390625,1763400,0.0,0.0
2025-07-10 00:00:00-04:00,686.0010561469354,699.4308356713462,685.7155475844797,698.1902465820312,1733500,0.0,0.0
2025-07-11 00:00:00-04:00,692.7455099560763,695.1183378974417,689.437252364583,694.0845336914062,1681800,0.0,0.0
2025-07-14 00:00:00-04:00,693.87778542673,702.43384827679,691.3080279547069,702.3058471679688,1909300,0.0,0.0
2025-07-15 00:00:00-04:00,702.3058615298904,703.6744518171699,689.2502289184891,691.6821899414062,1981200,0.0,0.0
2025-07-16 00:00:00-04:00,697.5798224398959,698.8401225240623,680.6449156490067,697.8948974609375,3323200,0.0,0.0
2025-07-17 00:00:00-04:00,695.394097124897,706.3919164862083,693.4249232327309,694.9608764648438,2046100,0.0,0.0
2025-07-18 00:00:00-04:00,696.1620505287476,699.3422471656058,687.6256984488332,697.3435668945312,1925200,0.0,0.0
2025-07-21 00:00:00-04:00,698.210025744423,701.7742258061262,693.4938156476018,695.118408203125,2006500,0.0,0.0
2025-07-22 00:00:00-04:00,692.8144094605602,695.600807285779,681.2160067288611,689.614501953125,1978900,0.0,0.0
2025-07-23 00:00:00-04:00,691.1800074311951,707.9278403032882,690.6877139786087,706.4608154296875,2395700,0.0,0.0
2025-07-24 00:00:00-04:00,707.8491291273662,714.583730691047,703.7138516826093,708.0952758789062,1974700,0.0,0.0
2025-07-25 00:00:00-04:00,709.6508047885574,718.6400872473862,707.2779169035326,717.7440795898438,1851400,0.0,0.0
2025-07-28 00:00:00-04:00,716.7792668899069,721.2296189310298,711.039108406921,712.496337890625,1464800,0.0,0.0
2025-07-29 00:00:00-04:00,715.6469405391961,722.8147617792594,711.2852279278994,720.6978759765625,2136000,0.0,0.0
2025-07-30 00:00:00-04:00,719.8708196874762,726.5069252178761,712.0334869914376,719.48681640625,1816200,0.0,0.0
2025-07-31 00:00:00-04:00,715.3910165363516,722.726140808645,709.3357831107836,712.437255859375,2358100,0.0,0.0
2025-08-01 00:00:00-04:00,699.5588148272263,703.5070177244826,683.3524935862071,698.63330078125,2999100,0.0,0.0
2025-08-04 00:00:00-04:00,704.1765676196106,715.5878962142385,704.1765676196106,714.8396606445312,1753700,0.0,0.0
2025-08-05 00:00:00-04:00,716.7792705836714,718.1577162956371,703.5365646233728,709.7985229492188,1977300,0.0,0.0
2025-08-06 00:00:00-04:00,713.3331667809205,717.074584760337,710.8716996767765,713.5694580078125,1477100,0.0,0.0
2025-08-07 00:00:00-04:00,719.3588553816224,721.6431041352571,706.5493705659179,708.6465454101562,1400400,0.0,0.0
2025-08-08 00:00:00-04:00,714.6722353710325,716.7792657672387,707.5734022570327,710.1530151367188,1275400,0.0,0.0
2025-08-11 00:00:00-04:00,711.0686958339593,712.6834328285618,704.708242605611,708.154296875,1273500,0.0,0.0
2025-08-12 00:00:00-04:00,714.1012417090595,736.6088846408902,713.1855229755927,731.9222412109375,2418100,0.0,0.0
2025-08-13 00:00:00-04:00,734.2852623175571,737.3669640914466,721.3280647926376,733.2120361328125,1862600,0.0,0.0
2025-08-14 00:00:00-04:00,731.2723593977347,736.6285145805427,725.6405511298079,735.683349609375,1371200,0.0,0.0
2025-08-15 00:00:00-04:00,737.4556144461012,737.5048317739765,717.9410941796019,719.4573364257812,1645900,0.0,0.0
2025-08-18 00:00:00-04:00,718.2560851245681,720.3335488919205,712.7128565209204,719.693603515625,1157800,0.0,0.0
2025-08-19 00:00:00-04:00,717.9214079091541,718.7484874046986,706.6675860642712,710.2613525390625,1856400,0.0,0.0
2025-08-20 00:00:00-04:00,710.0840869396483,711.11789116961,694.6752778595776,709.5720825195312,1872700,0.0,0.0
2025-08-21 00:00:00-04:00,705.4959117102832,708.1345975256684,701.9809290865,704.9150390625,1162000,0.0,0.0
2025-08-22 00:00:00-04:00,709.0404348115559,733.3597436110731,707.5044816291872,730.4552001953125,1948600,0.0,0.0
2025-08-25 00:00:00-04:00,730.4552096316493,734.9941409420675,726.9500825756083,727.4029541015625,1381200,0.0,0.0
2025-08-26 00:00:00-04:00,726.3396249099626,737.6130968592502,722.548929281649,737.4063720703125,1511600,0.0,0.0
2025-08-27 00:00:00-04:00,734.4722508760722,741.3939255334765,733.53694140943,738.115234375,1534800,0.0,0.0
2025-08-28 00:00:00-04:00,739.4149216604194,741.7188814954629,735.4765739792225,739.641357421875,1411200,0.0,0.0
2025-08-29 00:00:00-04:00,739.1365589995496,741.3241055367608,731.4057738870052,737.6913452148438,1467000,4.0,0.0
2025-09-02 00:00:00-04:00,728.9212275115252,728.9212275115252,713.8456556987015,723.4373779296875,2296400,0.0,0.0
2025-09-03 00:00:00-04:00,721.1706144890813,724.5955433631999,714.9740965571174,723.1503295898438,1485600,0.0,0.0
2025-09-04 00:00:00-04:00,726.3079556866361,741.3141691147367,723.7541063671663,741.3043212890625,1778200,0.0,0.0
2025-09-05 00:00:00-04:00,744.5609678123635,749.6686062892219,719.7749560154416,730.7227783203125,1822800,0.0,0.0
2025-09-08 00:00:00-04:00,731.9204590466531,735.9986673547024,726.1298164954208,734.3258056640625,1400100,0.0,0.0
2025-09-09 00:00:00-04:00,732.623306634614,757.8547670650672,731.0494064754442,756.1719970703125,2611300,0.0,0.0
2025-09-10 00:00:00-04:00,754.1328653961489,766.6149547152107,753.9052174907355,761.7745971679688,1996200,0.0,0.0
2025-09-11 00:00:00-04:00,764.1700671446625,785.1253356186334,763.5266355382638,776.7709350585938,2075700,0.0,0.0
2025-09-12 00:00:00-04:00,775.5534279832335,779.0476543036837,768.3868686407516,772.1483154296875,1099400,0.0,0.0
2025-09-15 00:00:00-04:00,775.0090403693513,784.343390532711,773.5143456874947,778.7803955078125,1292000,0.0,0.0
2025-09-16 00:00:00-04:00,781.522296594048,781.9974089068652,771.7820712685065,777.5628662109375,1529500,0.0,0.0
2025-09-17 00:00:00-04:00,780.8590506236679,790.4705896545446,777.2658627079581,786.1646728515625,1945300,0.0,0.0
2025-09-18 00:00:00-04:00,787.500998210878,799.092252164196,784.3631666145668,796.15234375,1501600,0.0,0.0
2025-09-19 00:00:00-04:00,795.934583361706,801.4480367448667,789.2827092143505,796.8353271484375,3789800,0.0,0.0
2025-09-22 00:00:00-04:00,793.0144949672299,797.8549129040555,789.4509715247103,797.3896484375,1151000,0.0,0.0
2025-09-23 00:00:00-04:00,798.9140252661877,816.8799644335024,793.8657757960242,798.1419677734375,1758800,0.0,0.0
2025-09-24 00:00:00-04:00,801.3391789296372,804.5958489818199,784.3037689178786,784.392822265625,1402500,0.0,0.0
2025-09-25 00:00:00-04:00,778.0280566958198,790.084514751936,774.0785346242089,786.69921875,1413100,0.0,0.0
2025-09-26 00:00:00-04:00,789.0748918658308,801.2897617597498,787.0655122675448,794.3706665039062,1376200,0.0,0.0
2025-09-29 00:00:00-04:00,799.6069018644333,800.6363923635056,789.8964018970389,795.9642333984375,1059000,0.0,0.0
2025-09-30 00:00:00-04:00,797.330230709602,801.4084388502719,778.4734570758554,788.2730102539062,2463900,0.0,0.0
2025-10-01 00:00:00-04:00,785.5707601811681,788.2038151514331,775.286125524929,777.5430297851562,1788900,0.0,0.0
2025-10-02 00:00:00-04:00,780.8788669095619,782.977360184479,764.6056055783373,771.4752197265625,1553700,0.0,0.0
2025-10-03 00:00:00-04:00,775.0584649717315,786.857550101789,769.9705826430595,781.9676513671875,1470500,0.0,0.0
2025-10-06 00:00:00-04:00,786.9368159226084,794.3607481482934,772.13843226952,788.6987915039062,1632600,0.0,0.0
2025-10-07 00:00:00-04:00,789.9063387672514,797.1521034103881,773.4648190729778,781.6410522460938,1547200,0.0,0.0
2025-10-08 00:00:00-04:00,783.7197586096584,786.9367958252964,766.4863642929768,768.6343383789062,1939300,0.0,0.0
2025-10-09 00:00:00-04:00,770.9505286095654,774.9693478457046,763.526596984965,772.04931640625,1575000,0.0,0.0
2025-10-10 00:00:00-04:00,775.1772822691092,783.630644460281,756.2512097076212,756.6075439453125,2457900,0.0,0.0
2025-10-13 00:00:00-04:00,769.99041432535,783.0268216555226,769.99041432535,778.8001708984375,2766000,0.0,0.0
2025-10-14 00:00:00-04:00,756.6966281306313,778.5922726491231,734.9296699289606,762.942626953125,4710800,0.0,0.0
2025-10-15 00:00:00-04:00,770.7228759469515,774.5536198083014,754.924727797557,760.1412963867188,3217400,0.0,0.0
2025-10-16 00:00:00-04:00,762.8436411056194,773.5143351686562,744.77873967656,750.4011840820312,3160900,0.0,0.0
2025-10-17 00:00:00-04:00,750.4605492897394,751.242515029021,732.5045182684236,743.1553955078125,2884700,0.0,0.0
2025-10-20 00:00:00-04:00,749.3221570680545,758.6465981694845,745.243948840418,755.5780639648438,1925400,0.0,0.0
2025-10-21 00:00:00-04:00,751.3019209774118,757.5380117955826,750.5793442600891,751.2821044921875,1782200,0.0,0.0
2025-10-22 00:00:00-04:00,752.8955417479746,752.8955417479746,735.5730345046603,737.0479125976562,2141400,0.0,0.0
2025-10-23 00:00:00-04:00,741.7399468271728,747.3425144584327,737.107359928984,743.1653442382812,1615400,0.0,0.0
2025-10-24 00:00:00-04:00,752.1432587584587,776.6521421306636,748.3323312380431,775.9295654296875,2505600,0.0,0.0
2025-10-27 00:00:00-04:00,780.9975897761265,788.6294130686049,779.0277829615194,781.9775390625,1645300,0.0,0.0
2025-10-28 00:00:00-04:00,784.0167024787808,790.2627015379095,779.3643596608299,784.0563354492188,1242000,0.0,0.0
2025-10-29 00:00:00-04:00,780.0078190722977,792.3711313095428,770.920933201567,775.117919921875,2251500,0.0,0.0
2025-10-30 00:00:00-04:00,775.6128378679194,798.9536975710848,772.6828375494797,782.1458740234375,1829500,0.0,0.0
2025-10-31 00:00:00-04:00,777.0184022225524,783.6900328032232,775.0585035008789,781.3638916015625,1328100,0.0,0.0
2025-11-03 00:00:00-05:00,781.5618898012393,787.9266670603483,773.5143425016176,777.552978515625,1569100,0.0,0.0
2025-11-04 00:00:00-05:00,769.1193348686215,797.8252045097928,765.1599045732876,782.80908203125,2046000,0.0,0.0
2025-11-05 00:00:00-05:00,782.4230567632435,789.2728545525642,767.7137870826665,785.0462036132812,1832700,0.0,0.0
2025-11-06 00:00:00-05:00,785.9469096913283,790.1043235638498,769.1193310203553,779.592041015625,1572500,0.0,0.0
2025-11-07 00:00:00-05:00,775.0584731741906,779.0772924703011,755.0633382836648,778.3646240234375,2098400,0.0,0.0
2025-11-10 00:00:00-05:00,788.0058662587494,798.1815711141496,780.7996738291941,789.114501953125,1698200,0.0,0.0
2025-11-11 00:00:00-05:00,790.3814596337019,803.764353422864,787.5405732178239,802.0914916992188,1521500,0.0,0.0
2025-11-12 00:00:00-05:00,805.8727860713855,831.4803977743123,805.8727860713855,830.4608154296875,2954100,0.0,0.0
2025-11-13 00:00:00-05:00,824.6107330528209,832.7473935782169,796.8551489368201,797.3302612304688,2557400,0.0,0.0
2025-11-14 00:00:00-05:00,787.4811983739766,792.4898753928338,770.1092096482948,782.8882446289062,2552000,0.0,0.0
2025-11-17 00:00:00-05:00,781.9875161085326,788.6492385265285,762.6852926096511,767.6939697265625,1850600,0.0,0.0
2025-11-18 00:00:00-05:00,764.2294660255532,779.7108535876644,758.7654326704283,768.4264526367188,1673500,0.0,0.0
2025-11-19 00:00:00-05:00,768.4264656308959,779.8791256531501,767.1396627958807,778.0181884765625,1521100,0.0,0.0
2025-11-20 00:00:00-05:00,787.1842008958291,807.7237446475908,764.3580886659374,765.852783203125,2599000,0.0,0.0
2025-11-21 00:00:00-05:00,768.9510323254757,772.4551061880343,746.3525682818118,766.179443359375,2284700,0.0,0.0
2025-11-24 00:00:00-05:00,770.7427193951918,785.9370090581717,767.4959575380956,782.6903076171875,2319500,0.0,0.0
2025-11-25 00:00:00-05:00,788.916506475248,797.0927399103148,770.0993038499565,794.1825561523438,2252900,0.0,0.0
2025-11-26 00:00:00-05:00,797.6668085409577,811.2674411657797,796.8353016431121,807.733642578125,1862500,0.0,0.0
2025-11-28 00:00:00-05:00,811.6832082899759,822.1460100662814,810.6438699235587,817.6619262695312,868300,0.0,0.0
2025-12-01 00:00:00-05:00,810.2875656835731,816.3652454787048,801.3986032833234,802.6359252929688,2133200,0.0,0.0
2025-12-02 00:00:00-05:00,806.8736458634792,815.4087451244128,804.0684017507073,810.9422607421875,2254200,4.0,0.0
2025-12-03 00:00:00-05:00,808.6940890182235,833.5233805726734,808.6940890182235,832.1904296875,2347900,0.0,0.0
2025-12-04 00:00:00-05:00,831.1657364333125,839.5715109068564,830.131202927193,833.4437866210938,1670800,0.0,0.0
2025-12-05 00:00:00-05:00,832.8767632178467,851.7176104394313,832.1406470006258,850.086181640625,2277500,0.0,0.0
2025-12-08 00:00:00-05:00,856.5919479945819,866.002444893174,851.8170890809796,862.1527099609375,2238100,0.0,0.0
2025-12-09 00:00:00-05:00,861.4663379540585,879.0935414994099,859.7851829721512,871.990966796875,2274800,0.0,0.0
2025-12-10 00:00:00-05:00,866.7882986217422,892.5030055591475,864.7192315185519,884.5846557617188,2394300,0.0,0.0
2025-12-11 00:00:00-05:00,885.3207721527939,914.2883187583428,883.3511572446945,906.2606201171875,2683000,0.0,0.0
2025-12-12 00:00:00-05:00,908.9663645061288,910.1998631823126,882.3464479088005,883.3114013671875,2715200,0.0,0.0
2025-12-15 00:00:00-05:00,887.3302178250863,899.7349059644096,884.932861328125,884.932861328125,1976600,0.0,0.0
2025-12-16 00:00:00-05:00,885.5694354583045,891.5479815329278,869.7427544378107,874.5474853515625,2161600,0.0,0.0
2025-12-17 00:00:00-05:00,881.6898906109421,891.2793770131915,863.8935340007946,867.76318359375,2213300,0.0,0.0
2025-12-18 00:00:00-05:00,875.890426743916,888.1160645622505,870.1208029130325,871.71240234375,2066300,0.0,0.0
2025-12-19 00:00:00-05:00,878.5464065961062,895.0396238900029,877.3328226902636,888.8024291992188,4808300,0.0,0.0
2025-12-22 00:00:00-05:00,891.8265817606277,900.7396357488446,890.155384137837,894.2935791015625,1442300,0.0,0.0
2025-12-23 00:00:00-05:00,895.6364536256929,901.1773007871378,889.0213042072145,896.9893798828125,1210200,0.0,0.0
2025-12-24 00:00:00-05:00,896.4422087460688,907.1061188349288,893.9951262280264,906.0119018554688,771800,0.0,0.0
2025-12-26 00:00:00-05:00,906.230733339062,908.5385949623098,900.5705191950701,902.2914428710938,995300,0.0,0.0
2025-12-29 00:00:00-05:00,901.7045908744618,901.7344022471889,886.8925280073729,887.50927734375,1578000,0.0,0.0
2025-12-30 00:00:00-05:00,890.0558358451997,890.3343991290716,876.5668277615088,879.7898559570312,1833300,0.0,0.0
2025-12-31 00:00:00-05:00,879.4715305603999,881.3616079562624,872.1998023409884,874.3982543945312,1221500,0.0,0.0
